# Fake Entries for Testing!!!!
# Just the points and its neighbours and its neighbours have p = 1
# counter    z          M1450      p         
        1    3.940      -32.300    0.000000
        2    3.940      -32.250    0.000000
        3    3.940      -32.200    0.000000
        4    3.940      -32.150    0.000000
        5    3.940      -32.100    0.000000
        6    3.940      -32.050    0.000000
        7    3.940      -32.000    0.000000
        8    3.940      -31.950    0.000000
        9    3.940      -31.900    0.000000
       10    3.940      -31.850    0.000000
       11    3.940      -31.800    0.000000
       12    3.940      -31.750    0.000000
       13    3.940      -31.700    0.000000
       14    3.940      -31.650    0.000000
       15    3.940      -31.600    0.000000
       16    3.940      -31.550    0.000000
       17    3.940      -31.500    0.000000
       18    3.940      -31.450    0.000000
       19    3.940      -31.400    0.000000
       20    3.940      -31.350    0.000000
       21    3.940      -31.300    0.000000
       22    3.940      -31.250    0.000000
       23    3.940      -31.200    0.000000
       24    3.940      -31.150    0.000000
       25    3.940      -31.100    0.000000
       26    3.940      -31.050    0.000000
       27    3.940      -31.000    0.000000
       28    3.940      -30.950    0.000000
       29    3.940      -30.900    0.000000
       30    3.940      -30.850    0.000000
       31    3.940      -30.800    0.000000
       32    3.940      -30.750    0.000000
       33    3.940      -30.700    0.000000
       34    3.940      -30.650    0.000000
       35    3.940      -30.600    0.000000
       36    3.940      -30.550    0.000000
       37    3.940      -30.500    0.000000
       38    3.940      -30.450    0.000000
       39    3.940      -30.400    0.000000
       40    3.940      -30.350    0.000000
       41    3.940      -30.300    0.000000
       42    3.940      -30.250    0.000000
       43    3.940      -30.200    0.000000
       44    3.940      -30.150    0.000000
       45    3.940      -30.100    0.000000
       46    3.940      -30.050    0.000000
       47    3.940      -30.000    0.000000
       48    3.940      -29.950    0.000000
       49    3.940      -29.900    0.000000
       50    3.940      -29.850    0.000000
       51    3.940      -29.800    0.000000
       52    3.940      -29.750    0.000000
       53    3.940      -29.700    0.000000
       54    3.940      -29.650    0.000000
       55    3.940      -29.600    0.000000
       56    3.940      -29.550    0.000000
       57    3.940      -29.500    0.000000
       58    3.940      -29.450    0.000000
       59    3.940      -29.400    0.000000
       60    3.940      -29.350    0.000000
       61    3.940      -29.300    0.000000
       62    3.940      -29.250    0.000000
       63    3.940      -29.200    0.000000
       64    3.940      -29.150    0.000000
       65    3.940      -29.100    0.000000
       66    3.940      -29.050    0.000000
       67    3.940      -29.000    0.000000
       68    3.940      -28.950    0.000000
       69    3.940      -28.900    0.000000
       70    3.940      -28.850    0.000000
       71    3.990      -32.300    0.000000
       72    3.990      -32.250    0.000000
       73    3.990      -32.200    0.000000
       74    3.990      -32.150    0.000000
       75    3.990      -32.100    0.000000
       76    3.990      -32.050    0.000000
       77    3.990      -32.000    0.000000
       78    3.990      -31.950    0.000000
       79    3.990      -31.900    0.000000
       80    3.990      -31.850    0.000000
       81    3.990      -31.800    0.000000
       82    3.990      -31.750    0.000000
       83    3.990      -31.700    0.000000
       84    3.990      -31.650    0.000000
       85    3.990      -31.600    0.000000
       86    3.990      -31.550    0.000000
       87    3.990      -31.500    0.000000
       88    3.990      -31.450    0.000000
       89    3.990      -31.400    0.000000
       90    3.990      -31.350    0.000000
       91    3.990      -31.300    0.000000
       92    3.990      -31.250    0.000000
       93    3.990      -31.200    0.000000
       94    3.990      -31.150    0.000000
       95    3.990      -31.100    0.000000
       96    3.990      -31.050    0.000000
       97    3.990      -31.000    0.000000
       98    3.990      -30.950    0.000000
       99    3.990      -30.900    0.000000
      100    3.990      -30.850    0.000000
      101    3.990      -30.800    0.000000
      102    3.990      -30.750    0.000000
      103    3.990      -30.700    0.000000
      104    3.990      -30.650    0.000000
      105    3.990      -30.600    0.000000
      106    3.990      -30.550    0.000000
      107    3.990      -30.500    0.000000
      108    3.990      -30.450    0.000000
      109    3.990      -30.400    0.000000
      110    3.990      -30.350    0.000000
      111    3.990      -30.300    0.000000
      112    3.990      -30.250    0.000000
      113    3.990      -30.200    0.000000
      114    3.990      -30.150    0.000000
      115    3.990      -30.100    0.000000
      116    3.990      -30.050    0.000000
      117    3.990      -30.000    0.000000
      118    3.990      -29.950    0.000000
      119    3.990      -29.900    0.000000
      120    3.990      -29.850    0.000000
      121    3.990      -29.800    0.000000
      122    3.990      -29.750    0.000000
      123    3.990      -29.700    0.000000
      124    3.990      -29.650    0.000000
      125    3.990      -29.600    0.000000
      126    3.990      -29.550    0.000000
      127    3.990      -29.500    0.000000
      128    3.990      -29.450    0.000000
      129    3.990      -29.400    0.000000
      130    3.990      -29.350    0.000000
      131    3.990      -29.300    0.000000
      132    3.990      -29.250    0.000000
      133    3.990      -29.200    0.000000
      134    3.990      -29.150    0.000000
      135    3.990      -29.100    0.000000
      136    3.990      -29.050    0.000000
      137    3.990      -29.000    0.000000
      138    3.990      -28.950    0.000000
      139    3.990      -28.900    0.000000
      140    3.990      -28.850    0.000000
      141    4.040      -32.300    0.000000
      142    4.040      -32.250    0.000000
      143    4.040      -32.200    0.000000
      144    4.040      -32.150    0.000000
      145    4.040      -32.100    0.000000
      146    4.040      -32.050    0.000000
      147    4.040      -32.000    0.000000
      148    4.040      -31.950    0.000000
      149    4.040      -31.900    0.000000
      150    4.040      -31.850    0.000000
      151    4.040      -31.800    0.000000
      152    4.040      -31.750    0.000000
      153    4.040      -31.700    0.000000
      154    4.040      -31.650    0.000000
      155    4.040      -31.600    0.000000
      156    4.040      -31.550    0.000000
      157    4.040      -31.500    0.000000
      158    4.040      -31.450    0.000000
      159    4.040      -31.400    0.000000
      160    4.040      -31.350    0.000000
      161    4.040      -31.300    0.000000
      162    4.040      -31.250    0.000000
      163    4.040      -31.200    0.000000
      164    4.040      -31.150    0.000000
      165    4.040      -31.100    0.000000
      166    4.040      -31.050    0.000000
      167    4.040      -31.000    0.000000
      168    4.040      -30.950    0.000000
      169    4.040      -30.900    0.000000
      170    4.040      -30.850    0.000000
      171    4.040      -30.800    0.000000
      172    4.040      -30.750    0.000000
      173    4.040      -30.700    0.000000
      174    4.040      -30.650    0.000000
      175    4.040      -30.600    0.000000
      176    4.040      -30.550    0.000000
      177    4.040      -30.500    0.000000
      178    4.040      -30.450    0.000000
      179    4.040      -30.400    0.000000
      180    4.040      -30.350    0.000000
      181    4.040      -30.300    0.000000
      182    4.040      -30.250    0.000000
      183    4.040      -30.200    0.000000
      184    4.040      -30.150    0.000000
      185    4.040      -30.100    0.000000
      186    4.040      -30.050    0.000000
      187    4.040      -30.000    0.000000
      188    4.040      -29.950    0.000000
      189    4.040      -29.900    0.000000
      190    4.040      -29.850    0.000000
      191    4.040      -29.800    0.000000
      192    4.040      -29.750    0.000000
      193    4.040      -29.700    0.000000
      194    4.040      -29.650    0.000000
      195    4.040      -29.600    0.000000
      196    4.040      -29.550    0.000000
      197    4.040      -29.500    0.000000
      198    4.040      -29.450    0.000000
      199    4.040      -29.400    0.000000
      200    4.040      -29.350    0.000000
      201    4.040      -29.300    0.000000
      202    4.040      -29.250    0.000000
      203    4.040      -29.200    0.000000
      204    4.040      -29.150    0.000000
      205    4.040      -29.100    0.000000
      206    4.040      -29.050    0.000000
      207    4.040      -29.000    0.000000
      208    4.040      -28.950    0.000000
      209    4.040      -28.900    0.000000
      210    4.040      -28.850    0.000000
      211    4.090      -32.300    0.000000
      212    4.090      -32.250    0.000000
      213    4.090      -32.200    0.000000
      214    4.090      -32.150    0.000000
      215    4.090      -32.100    0.000000
      216    4.090      -32.050    0.000000
      217    4.090      -32.000    0.000000
      218    4.090      -31.950    0.000000
      219    4.090      -31.900    0.000000
      220    4.090      -31.850    0.000000
      221    4.090      -31.800    0.000000
      222    4.090      -31.750    0.000000
      223    4.090      -31.700    0.000000
      224    4.090      -31.650    0.000000
      225    4.090      -31.600    0.000000
      226    4.090      -31.550    0.000000
      227    4.090      -31.500    0.000000
      228    4.090      -31.450    0.000000
      229    4.090      -31.400    0.000000
      230    4.090      -31.350    0.000000
      231    4.090      -31.300    0.000000
      232    4.090      -31.250    0.000000
      233    4.090      -31.200    0.000000
      234    4.090      -31.150    0.000000
      235    4.090      -31.100    0.000000
      236    4.090      -31.050    0.000000
      237    4.090      -31.000    0.000000
      238    4.090      -30.950    0.000000
      239    4.090      -30.900    0.000000
      240    4.090      -30.850    0.000000
      241    4.090      -30.800    0.000000
      242    4.090      -30.750    0.000000
      243    4.090      -30.700    0.000000
      244    4.090      -30.650    0.000000
      245    4.090      -30.600    0.000000
      246    4.090      -30.550    0.000000
      247    4.090      -30.500    0.000000
      248    4.090      -30.450    0.000000
      249    4.090      -30.400    0.000000
      250    4.090      -30.350    0.000000
      251    4.090      -30.300    0.000000
      252    4.090      -30.250    0.000000
      253    4.090      -30.200    0.000000
      254    4.090      -30.150    0.000000
      255    4.090      -30.100    0.000000
      256    4.090      -30.050    0.000000
      257    4.090      -30.000    0.000000
      258    4.090      -29.950    0.000000
      259    4.090      -29.900    0.000000
      260    4.090      -29.850    0.000000
      261    4.090      -29.800    0.000000
      262    4.090      -29.750    0.000000
      263    4.090      -29.700    0.000000
      264    4.090      -29.650    0.000000
      265    4.090      -29.600    0.000000
      266    4.090      -29.550    0.000000
      267    4.090      -29.500    0.000000
      268    4.090      -29.450    0.000000
      269    4.090      -29.400    0.000000
      270    4.090      -29.350    0.000000
      271    4.090      -29.300    0.000000
      272    4.090      -29.250    0.000000
      273    4.090      -29.200    0.000000
      274    4.090      -29.150    0.000000
      275    4.090      -29.100    0.000000
      276    4.090      -29.050    0.000000
      277    4.090      -29.000    0.000000
      278    4.090      -28.950    0.000000
      279    4.090      -28.900    0.000000
      280    4.090      -28.850    0.000000
      281    4.140      -32.300    0.000000
      282    4.140      -32.250    0.000000
      283    4.140      -32.200    0.000000
      284    4.140      -32.150    0.000000
      285    4.140      -32.100    0.000000
      286    4.140      -32.050    0.000000
      287    4.140      -32.000    0.000000
      288    4.140      -31.950    0.000000
      289    4.140      -31.900    0.000000
      290    4.140      -31.850    0.000000
      291    4.140      -31.800    0.000000
      292    4.140      -31.750    0.000000
      293    4.140      -31.700    0.000000
      294    4.140      -31.650    0.000000
      295    4.140      -31.600    0.000000
      296    4.140      -31.550    0.000000
      297    4.140      -31.500    0.000000
      298    4.140      -31.450    0.000000
      299    4.140      -31.400    0.000000
      300    4.140      -31.350    0.000000
      301    4.140      -31.300    0.000000
      302    4.140      -31.250    0.000000
      303    4.140      -31.200    0.000000
      304    4.140      -31.150    0.000000
      305    4.140      -31.100    0.000000
      306    4.140      -31.050    0.000000
      307    4.140      -31.000    0.000000
      308    4.140      -30.950    0.000000
      309    4.140      -30.900    0.000000
      310    4.140      -30.850    0.000000
      311    4.140      -30.800    0.000000
      312    4.140      -30.750    0.000000
      313    4.140      -30.700    0.000000
      314    4.140      -30.650    0.000000
      315    4.140      -30.600    0.000000
      316    4.140      -30.550    0.000000
      317    4.140      -30.500    0.000000
      318    4.140      -30.450    0.000000
      319    4.140      -30.400    0.000000
      320    4.140      -30.350    0.000000
      321    4.140      -30.300    0.000000
      322    4.140      -30.250    0.000000
      323    4.140      -30.200    0.000000
      324    4.140      -30.150    0.000000
      325    4.140      -30.100    0.000000
      326    4.140      -30.050    0.000000
      327    4.140      -30.000    0.000000
      328    4.140      -29.950    0.000000
      329    4.140      -29.900    0.000000
      330    4.140      -29.850    0.000000
      331    4.140      -29.800    0.000000
      332    4.140      -29.750    0.000000
      333    4.140      -29.700    0.000000
      334    4.140      -29.650    0.000000
      335    4.140      -29.600    0.000000
      336    4.140      -29.550    0.000000
      337    4.140      -29.500    0.000000
      338    4.140      -29.450    0.000000
      339    4.140      -29.400    0.000000
      340    4.140      -29.350    0.000000
      341    4.140      -29.300    0.000000
      342    4.140      -29.250    0.000000
      343    4.140      -29.200    0.000000
      344    4.140      -29.150    0.000000
      345    4.140      -29.100    0.000000
      346    4.140      -29.050    0.000000
      347    4.140      -29.000    0.000000
      348    4.140      -28.950    0.000000
      349    4.140      -28.900    0.000000
      350    4.140      -28.850    0.000000
      351    4.190      -32.300    0.000000
      352    4.190      -32.250    0.000000
      353    4.190      -32.200    0.000000
      354    4.190      -32.150    0.000000
      355    4.190      -32.100    0.000000
      356    4.190      -32.050    0.000000
      357    4.190      -32.000    0.000000
      358    4.190      -31.950    0.000000
      359    4.190      -31.900    0.000000
      360    4.190      -31.850    0.000000
      361    4.190      -31.800    0.000000
      362    4.190      -31.750    0.000000
      363    4.190      -31.700    0.000000
      364    4.190      -31.650    0.000000
      365    4.190      -31.600    0.000000
      366    4.190      -31.550    0.000000
      367    4.190      -31.500    0.000000
      368    4.190      -31.450    0.000000
      369    4.190      -31.400    0.000000
      370    4.190      -31.350    0.000000
      371    4.190      -31.300    0.000000
      372    4.190      -31.250    0.000000
      373    4.190      -31.200    0.000000
      374    4.190      -31.150    0.000000
      375    4.190      -31.100    0.000000
      376    4.190      -31.050    0.000000
      377    4.190      -31.000    0.000000
      378    4.190      -30.950    0.000000
      379    4.190      -30.900    0.000000
      380    4.190      -30.850    0.000000
      381    4.190      -30.800    0.000000
      382    4.190      -30.750    0.000000
      383    4.190      -30.700    0.000000
      384    4.190      -30.650    0.000000
      385    4.190      -30.600    0.000000
      386    4.190      -30.550    0.000000
      387    4.190      -30.500    0.000000
      388    4.190      -30.450    0.000000
      389    4.190      -30.400    0.000000
      390    4.190      -30.350    0.000000
      391    4.190      -30.300    0.000000
      392    4.190      -30.250    0.000000
      393    4.190      -30.200    0.000000
      394    4.190      -30.150    0.000000
      395    4.190      -30.100    0.000000
      396    4.190      -30.050    0.000000
      397    4.190      -30.000    0.000000
      398    4.190      -29.950    0.000000
      399    4.190      -29.900    0.000000
      400    4.190      -29.850    0.000000
      401    4.190      -29.800    0.000000
      402    4.190      -29.750    0.000000
      403    4.190      -29.700    0.000000
      404    4.190      -29.650    0.000000
      405    4.190      -29.600    0.000000
      406    4.190      -29.550    0.000000
      407    4.190      -29.500    0.000000
      408    4.190      -29.450    0.000000
      409    4.190      -29.400    0.000000
      410    4.190      -29.350    0.000000
      411    4.190      -29.300    0.000000
      412    4.190      -29.250    0.000000
      413    4.190      -29.200    0.000000
      414    4.190      -29.150    0.000000
      415    4.190      -29.100    0.000000
      416    4.190      -29.050    0.000000
      417    4.190      -29.000    0.000000
      418    4.190      -28.950    0.000000
      419    4.190      -28.900    0.000000
      420    4.190      -28.850    0.000000
      421    4.240      -32.300    0.000000
      422    4.240      -32.250    0.000000
      423    4.240      -32.200    0.000000
      424    4.240      -32.150    0.000000
      425    4.240      -32.100    0.000000
      426    4.240      -32.050    0.000000
      427    4.240      -32.000    0.000000
      428    4.240      -31.950    0.000000
      429    4.240      -31.900    0.000000
      430    4.240      -31.850    0.000000
      431    4.240      -31.800    0.000000
      432    4.240      -31.750    0.000000
      433    4.240      -31.700    0.000000
      434    4.240      -31.650    0.000000
      435    4.240      -31.600    0.000000
      436    4.240      -31.550    0.000000
      437    4.240      -31.500    0.000000
      438    4.240      -31.450    0.000000
      439    4.240      -31.400    0.000000
      440    4.240      -31.350    0.000000
      441    4.240      -31.300    0.000000
      442    4.240      -31.250    0.000000
      443    4.240      -31.200    0.000000
      444    4.240      -31.150    0.000000
      445    4.240      -31.100    0.000000
      446    4.240      -31.050    0.000000
      447    4.240      -31.000    0.000000
      448    4.240      -30.950    0.000000
      449    4.240      -30.900    0.000000
      450    4.240      -30.850    0.000000
      451    4.240      -30.800    0.000000
      452    4.240      -30.750    0.000000
      453    4.240      -30.700    0.000000
      454    4.240      -30.650    0.000000
      455    4.240      -30.600    0.000000
      456    4.240      -30.550    0.000000
      457    4.240      -30.500    0.000000
      458    4.240      -30.450    0.000000
      459    4.240      -30.400    0.000000
      460    4.240      -30.350    0.000000
      461    4.240      -30.300    0.000000
      462    4.240      -30.250    0.000000
      463    4.240      -30.200    0.000000
      464    4.240      -30.150    0.000000
      465    4.240      -30.100    0.000000
      466    4.240      -30.050    0.000000
      467    4.240      -30.000    0.000000
      468    4.240      -29.950    0.000000
      469    4.240      -29.900    0.000000
      470    4.240      -29.850    0.000000
      471    4.240      -29.800    0.000000
      472    4.240      -29.750    0.000000
      473    4.240      -29.700    0.000000
      474    4.240      -29.650    0.000000
      475    4.240      -29.600    0.000000
      476    4.240      -29.550    0.000000
      477    4.240      -29.500    0.000000
      478    4.240      -29.450    0.000000
      479    4.240      -29.400    0.000000
      480    4.240      -29.350    0.000000
      481    4.240      -29.300    0.000000
      482    4.240      -29.250    0.000000
      483    4.240      -29.200    0.000000
      484    4.240      -29.150    0.000000
      485    4.240      -29.100    0.000000
      486    4.240      -29.050    0.000000
      487    4.240      -29.000    0.000000
      488    4.240      -28.950    0.000000
      489    4.240      -28.900    0.000000
      490    4.240      -28.850    0.000000
      491    4.290      -32.300    0.000000
      492    4.290      -32.250    0.000000
      493    4.290      -32.200    0.000000
      494    4.290      -32.150    0.000000
      495    4.290      -32.100    0.000000
      496    4.290      -32.050    0.000000
      497    4.290      -32.000    0.000000
      498    4.290      -31.950    0.000000
      499    4.290      -31.900    0.000000
      500    4.290      -31.850    0.000000
      501    4.290      -31.800    0.000000
      502    4.290      -31.750    0.000000
      503    4.290      -31.700    0.000000
      504    4.290      -31.650    0.000000
      505    4.290      -31.600    0.000000
      506    4.290      -31.550    0.000000
      507    4.290      -31.500    0.000000
      508    4.290      -31.450    0.000000
      509    4.290      -31.400    0.000000
      510    4.290      -31.350    0.000000
      511    4.290      -31.300    0.000000
      512    4.290      -31.250    0.000000
      513    4.290      -31.200    0.000000
      514    4.290      -31.150    0.000000
      515    4.290      -31.100    0.000000
      516    4.290      -31.050    0.000000
      517    4.290      -31.000    0.000000
      518    4.290      -30.950    0.000000
      519    4.290      -30.900    0.000000
      520    4.290      -30.850    0.000000
      521    4.290      -30.800    0.000000
      522    4.290      -30.750    0.000000
      523    4.290      -30.700    0.000000
      524    4.290      -30.650    0.000000
      525    4.290      -30.600    0.000000
      526    4.290      -30.550    0.000000
      527    4.290      -30.500    0.000000
      528    4.290      -30.450    0.000000
      529    4.290      -30.400    0.000000
      530    4.290      -30.350    0.000000
      531    4.290      -30.300    0.000000
      532    4.290      -30.250    0.000000
      533    4.290      -30.200    0.000000
      534    4.290      -30.150    0.000000
      535    4.290      -30.100    0.000000
      536    4.290      -30.050    0.000000
      537    4.290      -30.000    0.000000
      538    4.290      -29.950    0.000000
      539    4.290      -29.900    0.000000
      540    4.290      -29.850    0.000000
      541    4.290      -29.800    0.000000
      542    4.290      -29.750    0.000000
      543    4.290      -29.700    0.000000
      544    4.290      -29.650    0.000000
      545    4.290      -29.600    0.000000
      546    4.290      -29.550    0.000000
      547    4.290      -29.500    0.000000
      548    4.290      -29.450    0.000000
      549    4.290      -29.400    0.000000
      550    4.290      -29.350    0.000000
      551    4.290      -29.300    0.000000
      552    4.290      -29.250    0.000000
      553    4.290      -29.200    0.000000
      554    4.290      -29.150    0.000000
      555    4.290      -29.100    0.000000
      556    4.290      -29.050    0.000000
      557    4.290      -29.000    0.000000
      558    4.290      -28.950    0.000000
      559    4.290      -28.900    0.000000
      560    4.290      -28.850    0.000000
      561    4.340      -32.300    0.000000
      562    4.340      -32.250    0.000000
      563    4.340      -32.200    0.000000
      564    4.340      -32.150    0.000000
      565    4.340      -32.100    0.000000
      566    4.340      -32.050    0.000000
      567    4.340      -32.000    0.000000
      568    4.340      -31.950    0.000000
      569    4.340      -31.900    0.000000
      570    4.340      -31.850    0.000000
      571    4.340      -31.800    0.000000
      572    4.340      -31.750    0.000000
      573    4.340      -31.700    0.000000
      574    4.340      -31.650    0.000000
      575    4.340      -31.600    0.000000
      576    4.340      -31.550    0.000000
      577    4.340      -31.500    0.000000
      578    4.340      -31.450    0.000000
      579    4.340      -31.400    0.000000
      580    4.340      -31.350    0.000000
      581    4.340      -31.300    0.000000
      582    4.340      -31.250    0.000000
      583    4.340      -31.200    0.000000
      584    4.340      -31.150    0.000000
      585    4.340      -31.100    0.000000
      586    4.340      -31.050    0.000000
      587    4.340      -31.000    0.000000
      588    4.340      -30.950    0.000000
      589    4.340      -30.900    0.000000
      590    4.340      -30.850    0.000000
      591    4.340      -30.800    0.000000
      592    4.340      -30.750    0.000000
      593    4.340      -30.700    0.000000
      594    4.340      -30.650    0.000000
      595    4.340      -30.600    0.000000
      596    4.340      -30.550    0.000000
      597    4.340      -30.500    0.000000
      598    4.340      -30.450    0.000000
      599    4.340      -30.400    1.000000
      600    4.340      -30.350    1.000000
      601    4.340      -30.300    1.000000
      602    4.340      -30.250    1.000000
      603    4.340      -30.200    1.000000
      604    4.340      -30.150    0.000000
      605    4.340      -30.100    0.000000
      606    4.340      -30.050    0.000000
      607    4.340      -30.000    0.000000
      608    4.340      -29.950    0.000000
      609    4.340      -29.900    0.000000
      610    4.340      -29.850    0.000000
      611    4.340      -29.800    0.000000
      612    4.340      -29.750    0.000000
      613    4.340      -29.700    0.000000
      614    4.340      -29.650    0.000000
      615    4.340      -29.600    0.000000
      616    4.340      -29.550    0.000000
      617    4.340      -29.500    0.000000
      618    4.340      -29.450    0.000000
      619    4.340      -29.400    0.000000
      620    4.340      -29.350    0.000000
      621    4.340      -29.300    0.000000
      622    4.340      -29.250    0.000000
      623    4.340      -29.200    0.000000
      624    4.340      -29.150    0.000000
      625    4.340      -29.100    0.000000
      626    4.340      -29.050    0.000000
      627    4.340      -29.000    0.000000
      628    4.340      -28.950    0.000000
      629    4.340      -28.900    0.000000
      630    4.340      -28.850    0.000000
      631    4.390      -32.300    0.000000
      632    4.390      -32.250    0.000000
      633    4.390      -32.200    0.000000
      634    4.390      -32.150    0.000000
      635    4.390      -32.100    0.000000
      636    4.390      -32.050    0.000000
      637    4.390      -32.000    0.000000
      638    4.390      -31.950    0.000000
      639    4.390      -31.900    0.000000
      640    4.390      -31.850    0.000000
      641    4.390      -31.800    0.000000
      642    4.390      -31.750    0.000000
      643    4.390      -31.700    0.000000
      644    4.390      -31.650    0.000000
      645    4.390      -31.600    0.000000
      646    4.390      -31.550    0.000000
      647    4.390      -31.500    0.000000
      648    4.390      -31.450    0.000000
      649    4.390      -31.400    0.000000
      650    4.390      -31.350    0.000000
      651    4.390      -31.300    0.000000
      652    4.390      -31.250    0.000000
      653    4.390      -31.200    0.000000
      654    4.390      -31.150    0.000000
      655    4.390      -31.100    0.000000
      656    4.390      -31.050    0.000000
      657    4.390      -31.000    0.000000
      658    4.390      -30.950    0.000000
      659    4.390      -30.900    0.000000
      660    4.390      -30.850    0.000000
      661    4.390      -30.800    0.000000
      662    4.390      -30.750    0.000000
      663    4.390      -30.700    0.000000
      664    4.390      -30.650    0.000000
      665    4.390      -30.600    0.000000
      666    4.390      -30.550    0.000000
      667    4.390      -30.500    0.000000
      668    4.390      -30.450    0.000000
      669    4.390      -30.400    1.000000
      670    4.390      -30.350    1.000000
      671    4.390      -30.300    1.000000
      672    4.390      -30.250    1.000000
      673    4.390      -30.200    1.000000
      674    4.390      -30.150    0.000000
      675    4.390      -30.100    0.000000
      676    4.390      -30.050    0.000000
      677    4.390      -30.000    0.000000
      678    4.390      -29.950    0.000000
      679    4.390      -29.900    0.000000
      680    4.390      -29.850    0.000000
      681    4.390      -29.800    0.000000
      682    4.390      -29.750    0.000000
      683    4.390      -29.700    0.000000
      684    4.390      -29.650    0.000000
      685    4.390      -29.600    0.000000
      686    4.390      -29.550    0.000000
      687    4.390      -29.500    0.000000
      688    4.390      -29.450    0.000000
      689    4.390      -29.400    0.000000
      690    4.390      -29.350    0.000000
      691    4.390      -29.300    0.000000
      692    4.390      -29.250    0.000000
      693    4.390      -29.200    0.000000
      694    4.390      -29.150    0.000000
      695    4.390      -29.100    0.000000
      696    4.390      -29.050    0.000000
      697    4.390      -29.000    0.000000
      698    4.390      -28.950    0.000000
      699    4.390      -28.900    0.000000
      700    4.390      -28.850    0.000000
      701    4.440      -32.300    0.000000
      702    4.440      -32.250    0.000000
      703    4.440      -32.200    0.000000
      704    4.440      -32.150    0.000000
      705    4.440      -32.100    0.000000
      706    4.440      -32.050    0.000000
      707    4.440      -32.000    0.000000
      708    4.440      -31.950    0.000000
      709    4.440      -31.900    0.000000
      710    4.440      -31.850    0.000000
      711    4.440      -31.800    0.000000
      712    4.440      -31.750    0.000000
      713    4.440      -31.700    0.000000
      714    4.440      -31.650    0.000000
      715    4.440      -31.600    0.000000
      716    4.440      -31.550    0.000000
      717    4.440      -31.500    0.000000
      718    4.440      -31.450    0.000000
      719    4.440      -31.400    0.000000
      720    4.440      -31.350    0.000000
      721    4.440      -31.300    0.000000
      722    4.440      -31.250    0.000000
      723    4.440      -31.200    0.000000
      724    4.440      -31.150    0.000000
      725    4.440      -31.100    0.000000
      726    4.440      -31.050    0.000000
      727    4.440      -31.000    0.000000
      728    4.440      -30.950    0.000000
      729    4.440      -30.900    0.000000
      730    4.440      -30.850    0.000000
      731    4.440      -30.800    0.000000
      732    4.440      -30.750    0.000000
      733    4.440      -30.700    0.000000
      734    4.440      -30.650    0.000000
      735    4.440      -30.600    0.000000
      736    4.440      -30.550    0.000000
      737    4.440      -30.500    0.000000
      738    4.440      -30.450    0.000000
      739    4.440      -30.400    1.000000
      740    4.440      -30.350    1.000000
      741    4.440      -30.300    1.000000
      742    4.440      -30.250    1.000000
      743    4.440      -30.200    1.000000
      744    4.440      -30.150    0.000000
      745    4.440      -30.100    0.000000
      746    4.440      -30.050    0.000000
      747    4.440      -30.000    0.000000
      748    4.440      -29.950    0.000000
      749    4.440      -29.900    0.000000
      750    4.440      -29.850    0.000000
      751    4.440      -29.800    0.000000
      752    4.440      -29.750    0.000000
      753    4.440      -29.700    0.000000
      754    4.440      -29.650    0.000000
      755    4.440      -29.600    0.000000
      756    4.440      -29.550    0.000000
      757    4.440      -29.500    0.000000
      758    4.440      -29.450    0.000000
      759    4.440      -29.400    0.000000
      760    4.440      -29.350    0.000000
      761    4.440      -29.300    0.000000
      762    4.440      -29.250    0.000000
      763    4.440      -29.200    0.000000
      764    4.440      -29.150    0.000000
      765    4.440      -29.100    0.000000
      766    4.440      -29.050    0.000000
      767    4.440      -29.000    0.000000
      768    4.440      -28.950    0.000000
      769    4.440      -28.900    0.000000
      770    4.440      -28.850    0.000000
      771    4.490      -32.300    0.000000
      772    4.490      -32.250    0.000000
      773    4.490      -32.200    0.000000
      774    4.490      -32.150    0.000000
      775    4.490      -32.100    0.000000
      776    4.490      -32.050    0.000000
      777    4.490      -32.000    0.000000
      778    4.490      -31.950    0.000000
      779    4.490      -31.900    0.000000
      780    4.490      -31.850    0.000000
      781    4.490      -31.800    0.000000
      782    4.490      -31.750    0.000000
      783    4.490      -31.700    0.000000
      784    4.490      -31.650    0.000000
      785    4.490      -31.600    0.000000
      786    4.490      -31.550    0.000000
      787    4.490      -31.500    0.000000
      788    4.490      -31.450    0.000000
      789    4.490      -31.400    0.000000
      790    4.490      -31.350    0.000000
      791    4.490      -31.300    0.000000
      792    4.490      -31.250    0.000000
      793    4.490      -31.200    0.000000
      794    4.490      -31.150    0.000000
      795    4.490      -31.100    0.000000
      796    4.490      -31.050    0.000000
      797    4.490      -31.000    0.000000
      798    4.490      -30.950    0.000000
      799    4.490      -30.900    0.000000
      800    4.490      -30.850    0.000000
      801    4.490      -30.800    0.000000
      802    4.490      -30.750    0.000000
      803    4.490      -30.700    0.000000
      804    4.490      -30.650    0.000000
      805    4.490      -30.600    0.000000
      806    4.490      -30.550    0.000000
      807    4.490      -30.500    0.000000
      808    4.490      -30.450    0.000000
      809    4.490      -30.400    1.000000
      810    4.490      -30.350    1.000000
      811    4.490      -30.300    1.000000
      812    4.490      -30.250    1.000000
      813    4.490      -30.200    1.000000
      814    4.490      -30.150    0.000000
      815    4.490      -30.100    0.000000
      816    4.490      -30.050    0.000000
      817    4.490      -30.000    0.000000
      818    4.490      -29.950    0.000000
      819    4.490      -29.900    0.000000
      820    4.490      -29.850    0.000000
      821    4.490      -29.800    1.000000
      822    4.490      -29.750    1.000000
      823    4.490      -29.700    1.000000
      824    4.490      -29.650    1.000000
      825    4.490      -29.600    1.000000
      826    4.490      -29.550    0.000000
      827    4.490      -29.500    0.000000
      828    4.490      -29.450    0.000000
      829    4.490      -29.400    0.000000
      830    4.490      -29.350    0.000000
      831    4.490      -29.300    0.000000
      832    4.490      -29.250    0.000000
      833    4.490      -29.200    0.000000
      834    4.490      -29.150    0.000000
      835    4.490      -29.100    0.000000
      836    4.490      -29.050    0.000000
      837    4.490      -29.000    0.000000
      838    4.490      -28.950    0.000000
      839    4.490      -28.900    0.000000
      840    4.490      -28.850    0.000000
      841    4.540      -32.300    0.000000
      842    4.540      -32.250    0.000000
      843    4.540      -32.200    0.000000
      844    4.540      -32.150    0.000000
      845    4.540      -32.100    0.000000
      846    4.540      -32.050    0.000000
      847    4.540      -32.000    0.000000
      848    4.540      -31.950    0.000000
      849    4.540      -31.900    0.000000
      850    4.540      -31.850    0.000000
      851    4.540      -31.800    0.000000
      852    4.540      -31.750    0.000000
      853    4.540      -31.700    0.000000
      854    4.540      -31.650    0.000000
      855    4.540      -31.600    0.000000
      856    4.540      -31.550    0.000000
      857    4.540      -31.500    0.000000
      858    4.540      -31.450    0.000000
      859    4.540      -31.400    0.000000
      860    4.540      -31.350    0.000000
      861    4.540      -31.300    0.000000
      862    4.540      -31.250    0.000000
      863    4.540      -31.200    0.000000
      864    4.540      -31.150    0.000000
      865    4.540      -31.100    0.000000
      866    4.540      -31.050    0.000000
      867    4.540      -31.000    0.000000
      868    4.540      -30.950    0.000000
      869    4.540      -30.900    0.000000
      870    4.540      -30.850    0.000000
      871    4.540      -30.800    0.000000
      872    4.540      -30.750    0.000000
      873    4.540      -30.700    0.000000
      874    4.540      -30.650    0.000000
      875    4.540      -30.600    0.000000
      876    4.540      -30.550    0.000000
      877    4.540      -30.500    0.000000
      878    4.540      -30.450    0.000000
      879    4.540      -30.400    1.000000
      880    4.540      -30.350    1.000000
      881    4.540      -30.300    1.000000
      882    4.540      -30.250    1.000000
      883    4.540      -30.200    2.000000
      884    4.540      -30.150    1.000000
      885    4.540      -30.100    1.000000
      886    4.540      -30.050    1.000000
      887    4.540      -30.000    1.000000
      888    4.540      -29.950    0.000000
      889    4.540      -29.900    0.000000
      890    4.540      -29.850    2.000000
      891    4.540      -29.800    3.000000
      892    4.540      -29.750    3.000000
      893    4.540      -29.700    3.000000
      894    4.540      -29.650    3.000000
      895    4.540      -29.600    1.000000
      896    4.540      -29.550    0.000000
      897    4.540      -29.500    0.000000
      898    4.540      -29.450    2.000000
      899    4.540      -29.400    2.000000
      900    4.540      -29.350    2.000000
      901    4.540      -29.300    2.000000
      902    4.540      -29.250    2.000000
      903    4.540      -29.200    0.000000
      904    4.540      -29.150    0.000000
      905    4.540      -29.100    0.000000
      906    4.540      -29.050    0.000000
      907    4.540      -29.000    0.000000
      908    4.540      -28.950    0.000000
      909    4.540      -28.900    0.000000
      910    4.540      -28.850    0.000000
      911    4.590      -32.300    0.000000
      912    4.590      -32.250    0.000000
      913    4.590      -32.200    0.000000
      914    4.590      -32.150    0.000000
      915    4.590      -32.100    0.000000
      916    4.590      -32.050    0.000000
      917    4.590      -32.000    0.000000
      918    4.590      -31.950    0.000000
      919    4.590      -31.900    0.000000
      920    4.590      -31.850    0.000000
      921    4.590      -31.800    0.000000
      922    4.590      -31.750    0.000000
      923    4.590      -31.700    0.000000
      924    4.590      -31.650    0.000000
      925    4.590      -31.600    0.000000
      926    4.590      -31.550    0.000000
      927    4.590      -31.500    0.000000
      928    4.590      -31.450    0.000000
      929    4.590      -31.400    0.000000
      930    4.590      -31.350    0.000000
      931    4.590      -31.300    0.000000
      932    4.590      -31.250    0.000000
      933    4.590      -31.200    1.000000
      934    4.590      -31.150    1.000000
      935    4.590      -31.100    1.000000
      936    4.590      -31.050    1.000000
      937    4.590      -31.000    1.000000
      938    4.590      -30.950    0.000000
      939    4.590      -30.900    0.000000
      940    4.590      -30.850    0.000000
      941    4.590      -30.800    0.000000
      942    4.590      -30.750    0.000000
      943    4.590      -30.700    0.000000
      944    4.590      -30.650    0.000000
      945    4.590      -30.600    0.000000
      946    4.590      -30.550    0.000000
      947    4.590      -30.500    0.000000
      948    4.590      -30.450    0.000000
      949    4.590      -30.400    1.000000
      950    4.590      -30.350    1.000000
      951    4.590      -30.300    1.000000
      952    4.590      -30.250    1.000000
      953    4.590      -30.200    3.000000
      954    4.590      -30.150    2.000000
      955    4.590      -30.100    2.000000
      956    4.590      -30.050    2.000000
      957    4.590      -30.000    2.000000
      958    4.590      -29.950    0.000000
      959    4.590      -29.900    0.000000
      960    4.590      -29.850    2.000000
      961    4.590      -29.800    3.000000
      962    4.590      -29.750    3.000000
      963    4.590      -29.700    4.000000
      964    4.590      -29.650    4.000000
      965    4.590      -29.600    2.000000
      966    4.590      -29.550    2.000000
      967    4.590      -29.500    2.000000
      968    4.590      -29.450    4.000000
      969    4.590      -29.400    4.000000
      970    4.590      -29.350    4.000000
      971    4.590      -29.300    3.000000
      972    4.590      -29.250    3.000000
      973    4.590      -29.200    0.000000
      974    4.590      -29.150    0.000000
      975    4.590      -29.100    0.000000
      976    4.590      -29.050    0.000000
      977    4.590      -29.000    0.000000
      978    4.590      -28.950    0.000000
      979    4.590      -28.900    0.000000
      980    4.590      -28.850    0.000000
      981    4.640      -32.300    0.000000
      982    4.640      -32.250    0.000000
      983    4.640      -32.200    0.000000
      984    4.640      -32.150    0.000000
      985    4.640      -32.100    0.000000
      986    4.640      -32.050    0.000000
      987    4.640      -32.000    0.000000
      988    4.640      -31.950    0.000000
      989    4.640      -31.900    0.000000
      990    4.640      -31.850    0.000000
      991    4.640      -31.800    1.000000
      992    4.640      -31.750    1.000000
      993    4.640      -31.700    1.000000
      994    4.640      -31.650    1.000000
      995    4.640      -31.600    1.000000
      996    4.640      -31.550    0.000000
      997    4.640      -31.500    0.000000
      998    4.640      -31.450    0.000000
      999    4.640      -31.400    1.000000
     1000    4.640      -31.350    1.000000
     1001    4.640      -31.300    1.000000
     1002    4.640      -31.250    1.000000
     1003    4.640      -31.200    2.000000
     1004    4.640      -31.150    1.000000
     1005    4.640      -31.100    1.000000
     1006    4.640      -31.050    1.000000
     1007    4.640      -31.000    1.000000
     1008    4.640      -30.950    0.000000
     1009    4.640      -30.900    0.000000
     1010    4.640      -30.850    0.000000
     1011    4.640      -30.800    0.000000
     1012    4.640      -30.750    0.000000
     1013    4.640      -30.700    0.000000
     1014    4.640      -30.650    0.000000
     1015    4.640      -30.600    0.000000
     1016    4.640      -30.550    0.000000
     1017    4.640      -30.500    0.000000
     1018    4.640      -30.450    0.000000
     1019    4.640      -30.400    1.000000
     1020    4.640      -30.350    1.000000
     1021    4.640      -30.300    2.000000
     1022    4.640      -30.250    2.000000
     1023    4.640      -30.200    4.000000
     1024    4.640      -30.150    3.000000
     1025    4.640      -30.100    3.000000
     1026    4.640      -30.050    2.000000
     1027    4.640      -30.000    5.000000
     1028    4.640      -29.950    3.000000
     1029    4.640      -29.900    3.000000
     1030    4.640      -29.850    6.000000
     1031    4.640      -29.800    7.000000
     1032    4.640      -29.750    4.000000
     1033    4.640      -29.700    6.000000
     1034    4.640      -29.650    6.000000
     1035    4.640      -29.600    3.000000
     1036    4.640      -29.550    4.000000
     1037    4.640      -29.500    6.000000
     1038    4.640      -29.450    7.000000
     1039    4.640      -29.400    7.000000
     1040    4.640      -29.350    7.000000
     1041    4.640      -29.300    5.000000
     1042    4.640      -29.250    3.000000
     1043    4.640      -29.200    0.000000
     1044    4.640      -29.150    0.000000
     1045    4.640      -29.100    0.000000
     1046    4.640      -29.050    0.000000
     1047    4.640      -29.000    0.000000
     1048    4.640      -28.950    0.000000
     1049    4.640      -28.900    0.000000
     1050    4.640      -28.850    0.000000
     1051    4.690      -32.300    0.000000
     1052    4.690      -32.250    0.000000
     1053    4.690      -32.200    0.000000
     1054    4.690      -32.150    0.000000
     1055    4.690      -32.100    0.000000
     1056    4.690      -32.050    0.000000
     1057    4.690      -32.000    0.000000
     1058    4.690      -31.950    0.000000
     1059    4.690      -31.900    0.000000
     1060    4.690      -31.850    0.000000
     1061    4.690      -31.800    1.000000
     1062    4.690      -31.750    1.000000
     1063    4.690      -31.700    1.000000
     1064    4.690      -31.650    1.000000
     1065    4.690      -31.600    1.000000
     1066    4.690      -31.550    0.000000
     1067    4.690      -31.500    0.000000
     1068    4.690      -31.450    0.000000
     1069    4.690      -31.400    1.000000
     1070    4.690      -31.350    1.000000
     1071    4.690      -31.300    1.000000
     1072    4.690      -31.250    1.000000
     1073    4.690      -31.200    2.000000
     1074    4.690      -31.150    1.000000
     1075    4.690      -31.100    1.000000
     1076    4.690      -31.050    1.000000
     1077    4.690      -31.000    1.000000
     1078    4.690      -30.950    0.000000
     1079    4.690      -30.900    0.000000
     1080    4.690      -30.850    0.000000
     1081    4.690      -30.800    1.000000
     1082    4.690      -30.750    1.000000
     1083    4.690      -30.700    1.000000
     1084    4.690      -30.650    2.000000
     1085    4.690      -30.600    3.000000
     1086    4.690      -30.550    2.000000
     1087    4.690      -30.500    2.000000
     1088    4.690      -30.450    2.000000
     1089    4.690      -30.400    3.000000
     1090    4.690      -30.350    3.000000
     1091    4.690      -30.300    4.000000
     1092    4.690      -30.250    4.000000
     1093    4.690      -30.200    7.000000
     1094    4.690      -30.150    5.000000
     1095    4.690      -30.100    4.000000
     1096    4.690      -30.050    4.000000
     1097    4.690      -30.000    7.000000
     1098    4.690      -29.950    7.000000
     1099    4.690      -29.900    8.000000
     1100    4.690      -29.850    11.000000
     1101    4.690      -29.800    13.000000
     1102    4.690      -29.750    10.000000
     1103    4.690      -29.700    13.000000
     1104    4.690      -29.650    14.000000
     1105    4.690      -29.600    11.000000
     1106    4.690      -29.550    10.000000
     1107    4.690      -29.500    14.000000
     1108    4.690      -29.450    12.000000
     1109    4.690      -29.400    10.000000
     1110    4.690      -29.350    10.000000
     1111    4.690      -29.300    8.000000
     1112    4.690      -29.250    4.000000
     1113    4.690      -29.200    0.000000
     1114    4.690      -29.150    0.000000
     1115    4.690      -29.100    0.000000
     1116    4.690      -29.050    0.000000
     1117    4.690      -29.000    0.000000
     1118    4.690      -28.950    0.000000
     1119    4.690      -28.900    0.000000
     1120    4.690      -28.850    0.000000
     1121    4.740      -32.300    0.000000
     1122    4.740      -32.250    0.000000
     1123    4.740      -32.200    0.000000
     1124    4.740      -32.150    0.000000
     1125    4.740      -32.100    0.000000
     1126    4.740      -32.050    0.000000
     1127    4.740      -32.000    0.000000
     1128    4.740      -31.950    0.000000
     1129    4.740      -31.900    0.000000
     1130    4.740      -31.850    0.000000
     1131    4.740      -31.800    1.000000
     1132    4.740      -31.750    1.000000
     1133    4.740      -31.700    1.000000
     1134    4.740      -31.650    1.000000
     1135    4.740      -31.600    1.000000
     1136    4.740      -31.550    0.000000
     1137    4.740      -31.500    0.000000
     1138    4.740      -31.450    0.000000
     1139    4.740      -31.400    1.000000
     1140    4.740      -31.350    1.000000
     1141    4.740      -31.300    1.000000
     1142    4.740      -31.250    1.000000
     1143    4.740      -31.200    2.000000
     1144    4.740      -31.150    1.000000
     1145    4.740      -31.100    2.000000
     1146    4.740      -31.050    2.000000
     1147    4.740      -31.000    2.000000
     1148    4.740      -30.950    3.000000
     1149    4.740      -30.900    3.000000
     1150    4.740      -30.850    4.000000
     1151    4.740      -30.800    5.000000
     1152    4.740      -30.750    6.000000
     1153    4.740      -30.700    4.000000
     1154    4.740      -30.650    5.000000
     1155    4.740      -30.600    5.000000
     1156    4.740      -30.550    6.000000
     1157    4.740      -30.500    6.000000
     1158    4.740      -30.450    6.000000
     1159    4.740      -30.400    7.000000
     1160    4.740      -30.350    7.000000
     1161    4.740      -30.300    6.000000
     1162    4.740      -30.250    5.000000
     1163    4.740      -30.200    8.000000
     1164    4.740      -30.150    7.000000
     1165    4.740      -30.100    5.000000
     1166    4.740      -30.050    6.000000
     1167    4.740      -30.000    9.000000
     1168    4.740      -29.950    11.000000
     1169    4.740      -29.900    13.000000
     1170    4.740      -29.850    19.000000
     1171    4.740      -29.800    19.000000
     1172    4.740      -29.750    17.000000
     1173    4.740      -29.700    21.000000
     1174    4.740      -29.650    20.000000
     1175    4.740      -29.600    16.000000
     1176    4.740      -29.550    17.000000
     1177    4.740      -29.500    21.000000
     1178    4.740      -29.450    16.000000
     1179    4.740      -29.400    14.000000
     1180    4.740      -29.350    12.000000
     1181    4.740      -29.300    9.000000
     1182    4.740      -29.250    4.000000
     1183    4.740      -29.200    0.000000
     1184    4.740      -29.150    0.000000
     1185    4.740      -29.100    0.000000
     1186    4.740      -29.050    0.000000
     1187    4.740      -29.000    0.000000
     1188    4.740      -28.950    0.000000
     1189    4.740      -28.900    0.000000
     1190    4.740      -28.850    0.000000
     1191    4.790      -32.300    0.000000
     1192    4.790      -32.250    0.000000
     1193    4.790      -32.200    0.000000
     1194    4.790      -32.150    0.000000
     1195    4.790      -32.100    0.000000
     1196    4.790      -32.050    0.000000
     1197    4.790      -32.000    0.000000
     1198    4.790      -31.950    0.000000
     1199    4.790      -31.900    0.000000
     1200    4.790      -31.850    0.000000
     1201    4.790      -31.800    1.000000
     1202    4.790      -31.750    1.000000
     1203    4.790      -31.700    1.000000
     1204    4.790      -31.650    1.000000
     1205    4.790      -31.600    1.000000
     1206    4.790      -31.550    0.000000
     1207    4.790      -31.500    0.000000
     1208    4.790      -31.450    0.000000
     1209    4.790      -31.400    2.000000
     1210    4.790      -31.350    2.000000
     1211    4.790      -31.300    2.000000
     1212    4.790      -31.250    2.000000
     1213    4.790      -31.200    3.000000
     1214    4.790      -31.150    1.000000
     1215    4.790      -31.100    6.000000
     1216    4.790      -31.050    7.000000
     1217    4.790      -31.000    7.000000
     1218    4.790      -30.950    8.000000
     1219    4.790      -30.900    8.000000
     1220    4.790      -30.850    5.000000
     1221    4.790      -30.800    5.000000
     1222    4.790      -30.750    6.000000
     1223    4.790      -30.700    6.000000
     1224    4.790      -30.650    7.000000
     1225    4.790      -30.600    9.000000
     1226    4.790      -30.550    11.000000
     1227    4.790      -30.500    12.000000
     1228    4.790      -30.450    11.000000
     1229    4.790      -30.400    12.000000
     1230    4.790      -30.350    10.000000
     1231    4.790      -30.300    8.000000
     1232    4.790      -30.250    7.000000
     1233    4.790      -30.200    9.000000
     1234    4.790      -30.150    9.000000
     1235    4.790      -30.100    11.000000
     1236    4.790      -30.050    16.000000
     1237    4.790      -30.000    20.000000
     1238    4.790      -29.950    27.000000
     1239    4.790      -29.900    32.000000
     1240    4.790      -29.850    38.000000
     1241    4.790      -29.800    36.000000
     1242    4.790      -29.750    32.000000
     1243    4.790      -29.700    35.000000
     1244    4.790      -29.650    31.000000
     1245    4.790      -29.600    24.000000
     1246    4.790      -29.550    28.000000
     1247    4.790      -29.500    33.000000
     1248    4.790      -29.450    22.000000
     1249    4.790      -29.400    19.000000
     1250    4.790      -29.350    16.000000
     1251    4.790      -29.300    8.000000
     1252    4.790      -29.250    2.000000
     1253    4.790      -29.200    0.000000
     1254    4.790      -29.150    0.000000
     1255    4.790      -29.100    0.000000
     1256    4.790      -29.050    0.000000
     1257    4.790      -29.000    0.000000
     1258    4.790      -28.950    0.000000
     1259    4.790      -28.900    0.000000
     1260    4.790      -28.850    0.000000
     1261    4.840      -32.300    0.000000
     1262    4.840      -32.250    0.000000
     1263    4.840      -32.200    0.000000
     1264    4.840      -32.150    0.000000
     1265    4.840      -32.100    0.000000
     1266    4.840      -32.050    0.000000
     1267    4.840      -32.000    0.000000
     1268    4.840      -31.950    0.000000
     1269    4.840      -31.900    0.000000
     1270    4.840      -31.850    0.000000
     1271    4.840      -31.800    1.000000
     1272    4.840      -31.750    1.000000
     1273    4.840      -31.700    1.000000
     1274    4.840      -31.650    1.000000
     1275    4.840      -31.600    1.000000
     1276    4.840      -31.550    0.000000
     1277    4.840      -31.500    0.000000
     1278    4.840      -31.450    1.000000
     1279    4.840      -31.400    3.000000
     1280    4.840      -31.350    3.000000
     1281    4.840      -31.300    4.000000
     1282    4.840      -31.250    4.000000
     1283    4.840      -31.200    4.000000
     1284    4.840      -31.150    2.000000
     1285    4.840      -31.100    9.000000
     1286    4.840      -31.050    9.000000
     1287    4.840      -31.000    11.000000
     1288    4.840      -30.950    13.000000
     1289    4.840      -30.900    14.000000
     1290    4.840      -30.850    9.000000
     1291    4.840      -30.800    10.000000
     1292    4.840      -30.750    10.000000
     1293    4.840      -30.700    10.000000
     1294    4.840      -30.650    12.000000
     1295    4.840      -30.600    14.000000
     1296    4.840      -30.550    15.000000
     1297    4.840      -30.500    15.000000
     1298    4.840      -30.450    16.000000
     1299    4.840      -30.400    14.000000
     1300    4.840      -30.350    14.000000
     1301    4.840      -30.300    12.000000
     1302    4.840      -30.250    14.000000
     1303    4.840      -30.200    13.000000
     1304    4.840      -30.150    15.000000
     1305    4.840      -30.100    16.000000
     1306    4.840      -30.050    23.000000
     1307    4.840      -30.000    28.000000
     1308    4.840      -29.950    38.000000
     1309    4.840      -29.900    45.000000
     1310    4.840      -29.850    51.000000
     1311    4.840      -29.800    47.000000
     1312    4.840      -29.750    42.000000
     1313    4.840      -29.700    43.000000
     1314    4.840      -29.650    38.000000
     1315    4.840      -29.600    31.000000
     1316    4.840      -29.550    35.000000
     1317    4.840      -29.500    37.000000
     1318    4.840      -29.450    24.000000
     1319    4.840      -29.400    19.000000
     1320    4.840      -29.350    15.000000
     1321    4.840      -29.300    7.000000
     1322    4.840      -29.250    1.000000
     1323    4.840      -29.200    0.000000
     1324    4.840      -29.150    0.000000
     1325    4.840      -29.100    0.000000
     1326    4.840      -29.050    0.000000
     1327    4.840      -29.000    0.000000
     1328    4.840      -28.950    0.000000
     1329    4.840      -28.900    0.000000
     1330    4.840      -28.850    0.000000
     1331    4.890      -32.300    0.000000
     1332    4.890      -32.250    0.000000
     1333    4.890      -32.200    0.000000
     1334    4.890      -32.150    0.000000
     1335    4.890      -32.100    0.000000
     1336    4.890      -32.050    0.000000
     1337    4.890      -32.000    0.000000
     1338    4.890      -31.950    0.000000
     1339    4.890      -31.900    0.000000
     1340    4.890      -31.850    0.000000
     1341    4.890      -31.800    0.000000
     1342    4.890      -31.750    0.000000
     1343    4.890      -31.700    0.000000
     1344    4.890      -31.650    0.000000
     1345    4.890      -31.600    0.000000
     1346    4.890      -31.550    0.000000
     1347    4.890      -31.500    0.000000
     1348    4.890      -31.450    1.000000
     1349    4.890      -31.400    2.000000
     1350    4.890      -31.350    2.000000
     1351    4.890      -31.300    4.000000
     1352    4.890      -31.250    4.000000
     1353    4.890      -31.200    4.000000
     1354    4.890      -31.150    3.000000
     1355    4.890      -31.100    10.000000
     1356    4.890      -31.050    9.000000
     1357    4.890      -31.000    11.000000
     1358    4.890      -30.950    13.000000
     1359    4.890      -30.900    14.000000
     1360    4.890      -30.850    11.000000
     1361    4.890      -30.800    14.000000
     1362    4.890      -30.750    14.000000
     1363    4.890      -30.700    15.000000
     1364    4.890      -30.650    17.000000
     1365    4.890      -30.600    17.000000
     1366    4.890      -30.550    17.000000
     1367    4.890      -30.500    17.000000
     1368    4.890      -30.450    21.000000
     1369    4.890      -30.400    21.000000
     1370    4.890      -30.350    22.000000
     1371    4.890      -30.300    18.000000
     1372    4.890      -30.250    21.000000
     1373    4.890      -30.200    16.000000
     1374    4.890      -30.150    19.000000
     1375    4.890      -30.100    19.000000
     1376    4.890      -30.050    30.000000
     1377    4.890      -30.000    32.000000
     1378    4.890      -29.950    43.000000
     1379    4.890      -29.900    48.000000
     1380    4.890      -29.850    55.000000
     1381    4.890      -29.800    49.000000
     1382    4.890      -29.750    46.000000
     1383    4.890      -29.700    46.000000
     1384    4.890      -29.650    42.000000
     1385    4.890      -29.600    35.000000
     1386    4.890      -29.550    40.000000
     1387    4.890      -29.500    40.000000
     1388    4.890      -29.450    27.000000
     1389    4.890      -29.400    20.000000
     1390    4.890      -29.350    15.000000
     1391    4.890      -29.300    5.000000
     1392    4.890      -29.250    1.000000
     1393    4.890      -29.200    0.000000
     1394    4.890      -29.150    0.000000
     1395    4.890      -29.100    0.000000
     1396    4.890      -29.050    0.000000
     1397    4.890      -29.000    0.000000
     1398    4.890      -28.950    0.000000
     1399    4.890      -28.900    0.000000
     1400    4.890      -28.850    0.000000
     1401    4.940      -32.300    0.000000
     1402    4.940      -32.250    0.000000
     1403    4.940      -32.200    0.000000
     1404    4.940      -32.150    0.000000
     1405    4.940      -32.100    0.000000
     1406    4.940      -32.050    0.000000
     1407    4.940      -32.000    0.000000
     1408    4.940      -31.950    0.000000
     1409    4.940      -31.900    0.000000
     1410    4.940      -31.850    0.000000
     1411    4.940      -31.800    0.000000
     1412    4.940      -31.750    0.000000
     1413    4.940      -31.700    0.000000
     1414    4.940      -31.650    1.000000
     1415    4.940      -31.600    2.000000
     1416    4.940      -31.550    2.000000
     1417    4.940      -31.500    3.000000
     1418    4.940      -31.450    4.000000
     1419    4.940      -31.400    4.000000
     1420    4.940      -31.350    3.000000
     1421    4.940      -31.300    5.000000
     1422    4.940      -31.250    4.000000
     1423    4.940      -31.200    4.000000
     1424    4.940      -31.150    4.000000
     1425    4.940      -31.100    11.000000
     1426    4.940      -31.050    11.000000
     1427    4.940      -31.000    15.000000
     1428    4.940      -30.950    17.000000
     1429    4.940      -30.900    18.000000
     1430    4.940      -30.850    15.000000
     1431    4.940      -30.800    16.000000
     1432    4.940      -30.750    15.000000
     1433    4.940      -30.700    18.000000
     1434    4.940      -30.650    19.000000
     1435    4.940      -30.600    18.000000
     1436    4.940      -30.550    19.000000
     1437    4.940      -30.500    20.000000
     1438    4.940      -30.450    25.000000
     1439    4.940      -30.400    24.000000
     1440    4.940      -30.350    27.000000
     1441    4.940      -30.300    24.000000
     1442    4.940      -30.250    27.000000
     1443    4.940      -30.200    19.000000
     1444    4.940      -30.150    24.000000
     1445    4.940      -30.100    24.000000
     1446    4.940      -30.050    33.000000
     1447    4.940      -30.000    35.000000
     1448    4.940      -29.950    45.000000
     1449    4.940      -29.900    49.000000
     1450    4.940      -29.850    55.000000
     1451    4.940      -29.800    48.000000
     1452    4.940      -29.750    43.000000
     1453    4.940      -29.700    42.000000
     1454    4.940      -29.650    37.000000
     1455    4.940      -29.600    30.000000
     1456    4.940      -29.550    38.000000
     1457    4.940      -29.500    36.000000
     1458    4.940      -29.450    24.000000
     1459    4.940      -29.400    18.000000
     1460    4.940      -29.350    13.000000
     1461    4.940      -29.300    2.000000
     1462    4.940      -29.250    0.000000
     1463    4.940      -29.200    0.000000
     1464    4.940      -29.150    0.000000
     1465    4.940      -29.100    0.000000
     1466    4.940      -29.050    0.000000
     1467    4.940      -29.000    0.000000
     1468    4.940      -28.950    0.000000
     1469    4.940      -28.900    0.000000
     1470    4.940      -28.850    0.000000
     1471    4.990      -32.300    0.000000
     1472    4.990      -32.250    0.000000
     1473    4.990      -32.200    0.000000
     1474    4.990      -32.150    0.000000
     1475    4.990      -32.100    0.000000
     1476    4.990      -32.050    0.000000
     1477    4.990      -32.000    0.000000
     1478    4.990      -31.950    0.000000
     1479    4.990      -31.900    1.000000
     1480    4.990      -31.850    1.000000
     1481    4.990      -31.800    1.000000
     1482    4.990      -31.750    1.000000
     1483    4.990      -31.700    1.000000
     1484    4.990      -31.650    1.000000
     1485    4.990      -31.600    2.000000
     1486    4.990      -31.550    2.000000
     1487    4.990      -31.500    3.000000
     1488    4.990      -31.450    4.000000
     1489    4.990      -31.400    4.000000
     1490    4.990      -31.350    3.000000
     1491    4.990      -31.300    5.000000
     1492    4.990      -31.250    4.000000
     1493    4.990      -31.200    4.000000
     1494    4.990      -31.150    4.000000
     1495    4.990      -31.100    10.000000
     1496    4.990      -31.050    10.000000
     1497    4.990      -31.000    14.000000
     1498    4.990      -30.950    15.000000
     1499    4.990      -30.900    17.000000
     1500    4.990      -30.850    13.000000
     1501    4.990      -30.800    14.000000
     1502    4.990      -30.750    12.000000
     1503    4.990      -30.700    16.000000
     1504    4.990      -30.650    16.000000
     1505    4.990      -30.600    16.000000
     1506    4.990      -30.550    16.000000
     1507    4.990      -30.500    17.000000
     1508    4.990      -30.450    22.000000
     1509    4.990      -30.400    22.000000
     1510    4.990      -30.350    25.000000
     1511    4.990      -30.300    24.000000
     1512    4.990      -30.250    28.000000
     1513    4.990      -30.200    21.000000
     1514    4.990      -30.150    24.000000
     1515    4.990      -30.100    26.000000
     1516    4.990      -30.050    35.000000
     1517    4.990      -30.000    37.000000
     1518    4.990      -29.950    45.000000
     1519    4.990      -29.900    51.000000
     1520    4.990      -29.850    53.000000
     1521    4.990      -29.800    47.000000
     1522    4.990      -29.750    42.000000
     1523    4.990      -29.700    41.000000
     1524    4.990      -29.650    36.000000
     1525    4.990      -29.600    31.000000
     1526    4.990      -29.550    36.000000
     1527    4.990      -29.500    33.000000
     1528    4.990      -29.450    22.000000
     1529    4.990      -29.400    15.000000
     1530    4.990      -29.350    11.000000
     1531    4.990      -29.300    1.000000
     1532    4.990      -29.250    0.000000
     1533    4.990      -29.200    0.000000
     1534    4.990      -29.150    0.000000
     1535    4.990      -29.100    0.000000
     1536    4.990      -29.050    0.000000
     1537    4.990      -29.000    0.000000
     1538    4.990      -28.950    0.000000
     1539    4.990      -28.900    0.000000
     1540    4.990      -28.850    0.000000
     1541    5.040      -32.300    0.000000
     1542    5.040      -32.250    0.000000
     1543    5.040      -32.200    0.000000
     1544    5.040      -32.150    0.000000
     1545    5.040      -32.100    0.000000
     1546    5.040      -32.050    0.000000
     1547    5.040      -32.000    0.000000
     1548    5.040      -31.950    0.000000
     1549    5.040      -31.900    1.000000
     1550    5.040      -31.850    1.000000
     1551    5.040      -31.800    2.000000
     1552    5.040      -31.750    2.000000
     1553    5.040      -31.700    2.000000
     1554    5.040      -31.650    2.000000
     1555    5.040      -31.600    3.000000
     1556    5.040      -31.550    2.000000
     1557    5.040      -31.500    3.000000
     1558    5.040      -31.450    4.000000
     1559    5.040      -31.400    4.000000
     1560    5.040      -31.350    4.000000
     1561    5.040      -31.300    6.000000
     1562    5.040      -31.250    5.000000
     1563    5.040      -31.200    5.000000
     1564    5.040      -31.150    5.000000
     1565    5.040      -31.100    7.000000
     1566    5.040      -31.050    7.000000
     1567    5.040      -31.000    12.000000
     1568    5.040      -30.950    14.000000
     1569    5.040      -30.900    18.000000
     1570    5.040      -30.850    18.000000
     1571    5.040      -30.800    20.000000
     1572    5.040      -30.750    18.000000
     1573    5.040      -30.700    20.000000
     1574    5.040      -30.650    18.000000
     1575    5.040      -30.600    15.000000
     1576    5.040      -30.550    13.000000
     1577    5.040      -30.500    14.000000
     1578    5.040      -30.450    19.000000
     1579    5.040      -30.400    20.000000
     1580    5.040      -30.350    26.000000
     1581    5.040      -30.300    26.000000
     1582    5.040      -30.250    28.000000
     1583    5.040      -30.200    24.000000
     1584    5.040      -30.150    26.000000
     1585    5.040      -30.100    23.000000
     1586    5.040      -30.050    28.000000
     1587    5.040      -30.000    30.000000
     1588    5.040      -29.950    31.000000
     1589    5.040      -29.900    33.000000
     1590    5.040      -29.850    34.000000
     1591    5.040      -29.800    32.000000
     1592    5.040      -29.750    28.000000
     1593    5.040      -29.700    29.000000
     1594    5.040      -29.650    28.000000
     1595    5.040      -29.600    27.000000
     1596    5.040      -29.550    27.000000
     1597    5.040      -29.500    23.000000
     1598    5.040      -29.450    15.000000
     1599    5.040      -29.400    8.000000
     1600    5.040      -29.350    5.000000
     1601    5.040      -29.300    0.000000
     1602    5.040      -29.250    0.000000
     1603    5.040      -29.200    0.000000
     1604    5.040      -29.150    0.000000
     1605    5.040      -29.100    0.000000
     1606    5.040      -29.050    0.000000
     1607    5.040      -29.000    0.000000
     1608    5.040      -28.950    0.000000
     1609    5.040      -28.900    0.000000
     1610    5.040      -28.850    0.000000
     1611    5.090      -32.300    0.000000
     1612    5.090      -32.250    0.000000
     1613    5.090      -32.200    0.000000
     1614    5.090      -32.150    0.000000
     1615    5.090      -32.100    0.000000
     1616    5.090      -32.050    0.000000
     1617    5.090      -32.000    0.000000
     1618    5.090      -31.950    0.000000
     1619    5.090      -31.900    1.000000
     1620    5.090      -31.850    1.000000
     1621    5.090      -31.800    3.000000
     1622    5.090      -31.750    3.000000
     1623    5.090      -31.700    3.000000
     1624    5.090      -31.650    3.000000
     1625    5.090      -31.600    4.000000
     1626    5.090      -31.550    2.000000
     1627    5.090      -31.500    4.000000
     1628    5.090      -31.450    4.000000
     1629    5.090      -31.400    4.000000
     1630    5.090      -31.350    4.000000
     1631    5.090      -31.300    5.000000
     1632    5.090      -31.250    3.000000
     1633    5.090      -31.200    3.000000
     1634    5.090      -31.150    3.000000
     1635    5.090      -31.100    3.000000
     1636    5.090      -31.050    4.000000
     1637    5.090      -31.000    8.000000
     1638    5.090      -30.950    10.000000
     1639    5.090      -30.900    15.000000
     1640    5.090      -30.850    17.000000
     1641    5.090      -30.800    18.000000
     1642    5.090      -30.750    16.000000
     1643    5.090      -30.700    18.000000
     1644    5.090      -30.650    14.000000
     1645    5.090      -30.600    11.000000
     1646    5.090      -30.550    11.000000
     1647    5.090      -30.500    13.000000
     1648    5.090      -30.450    18.000000
     1649    5.090      -30.400    20.000000
     1650    5.090      -30.350    25.000000
     1651    5.090      -30.300    26.000000
     1652    5.090      -30.250    25.000000
     1653    5.090      -30.200    22.000000
     1654    5.090      -30.150    24.000000
     1655    5.090      -30.100    21.000000
     1656    5.090      -30.050    22.000000
     1657    5.090      -30.000    23.000000
     1658    5.090      -29.950    22.000000
     1659    5.090      -29.900    22.000000
     1660    5.090      -29.850    23.000000
     1661    5.090      -29.800    24.000000
     1662    5.090      -29.750    21.000000
     1663    5.090      -29.700    22.000000
     1664    5.090      -29.650    21.000000
     1665    5.090      -29.600    20.000000
     1666    5.090      -29.550    18.000000
     1667    5.090      -29.500    17.000000
     1668    5.090      -29.450    11.000000
     1669    5.090      -29.400    6.000000
     1670    5.090      -29.350    4.000000
     1671    5.090      -29.300    0.000000
     1672    5.090      -29.250    0.000000
     1673    5.090      -29.200    0.000000
     1674    5.090      -29.150    0.000000
     1675    5.090      -29.100    0.000000
     1676    5.090      -29.050    0.000000
     1677    5.090      -29.000    0.000000
     1678    5.090      -28.950    0.000000
     1679    5.090      -28.900    0.000000
     1680    5.090      -28.850    0.000000
     1681    5.140      -32.300    0.000000
     1682    5.140      -32.250    0.000000
     1683    5.140      -32.200    0.000000
     1684    5.140      -32.150    0.000000
     1685    5.140      -32.100    0.000000
     1686    5.140      -32.050    0.000000
     1687    5.140      -32.000    0.000000
     1688    5.140      -31.950    0.000000
     1689    5.140      -31.900    1.000000
     1690    5.140      -31.850    1.000000
     1691    5.140      -31.800    3.000000
     1692    5.140      -31.750    3.000000
     1693    5.140      -31.700    3.000000
     1694    5.140      -31.650    3.000000
     1695    5.140      -31.600    4.000000
     1696    5.140      -31.550    2.000000
     1697    5.140      -31.500    5.000000
     1698    5.140      -31.450    5.000000
     1699    5.140      -31.400    5.000000
     1700    5.140      -31.350    5.000000
     1701    5.140      -31.300    6.000000
     1702    5.140      -31.250    3.000000
     1703    5.140      -31.200    3.000000
     1704    5.140      -31.150    3.000000
     1705    5.140      -31.100    3.000000
     1706    5.140      -31.050    5.000000
     1707    5.140      -31.000    9.000000
     1708    5.140      -30.950    12.000000
     1709    5.140      -30.900    17.000000
     1710    5.140      -30.850    17.000000
     1711    5.140      -30.800    16.000000
     1712    5.140      -30.750    14.000000
     1713    5.140      -30.700    14.000000
     1714    5.140      -30.650    11.000000
     1715    5.140      -30.600    10.000000
     1716    5.140      -30.550    11.000000
     1717    5.140      -30.500    13.000000
     1718    5.140      -30.450    15.000000
     1719    5.140      -30.400    15.000000
     1720    5.140      -30.350    19.000000
     1721    5.140      -30.300    20.000000
     1722    5.140      -30.250    18.000000
     1723    5.140      -30.200    19.000000
     1724    5.140      -30.150    20.000000
     1725    5.140      -30.100    20.000000
     1726    5.140      -30.050    18.000000
     1727    5.140      -30.000    20.000000
     1728    5.140      -29.950    18.000000
     1729    5.140      -29.900    19.000000
     1730    5.140      -29.850    16.000000
     1731    5.140      -29.800    20.000000
     1732    5.140      -29.750    17.000000
     1733    5.140      -29.700    19.000000
     1734    5.140      -29.650    17.000000
     1735    5.140      -29.600    17.000000
     1736    5.140      -29.550    12.000000
     1737    5.140      -29.500    11.000000
     1738    5.140      -29.450    5.000000
     1739    5.140      -29.400    2.000000
     1740    5.140      -29.350    1.000000
     1741    5.140      -29.300    0.000000
     1742    5.140      -29.250    0.000000
     1743    5.140      -29.200    0.000000
     1744    5.140      -29.150    0.000000
     1745    5.140      -29.100    0.000000
     1746    5.140      -29.050    0.000000
     1747    5.140      -29.000    0.000000
     1748    5.140      -28.950    0.000000
     1749    5.140      -28.900    0.000000
     1750    5.140      -28.850    0.000000
     1751    5.190      -32.300    0.000000
     1752    5.190      -32.250    0.000000
     1753    5.190      -32.200    0.000000
     1754    5.190      -32.150    0.000000
     1755    5.190      -32.100    0.000000
     1756    5.190      -32.050    0.000000
     1757    5.190      -32.000    0.000000
     1758    5.190      -31.950    0.000000
     1759    5.190      -31.900    1.000000
     1760    5.190      -31.850    1.000000
     1761    5.190      -31.800    3.000000
     1762    5.190      -31.750    3.000000
     1763    5.190      -31.700    3.000000
     1764    5.190      -31.650    2.000000
     1765    5.190      -31.600    2.000000
     1766    5.190      -31.550    0.000000
     1767    5.190      -31.500    2.000000
     1768    5.190      -31.450    2.000000
     1769    5.190      -31.400    3.000000
     1770    5.190      -31.350    4.000000
     1771    5.190      -31.300    5.000000
     1772    5.190      -31.250    3.000000
     1773    5.190      -31.200    3.000000
     1774    5.190      -31.150    2.000000
     1775    5.190      -31.100    2.000000
     1776    5.190      -31.050    3.000000
     1777    5.190      -31.000    5.000000
     1778    5.190      -30.950    8.000000
     1779    5.190      -30.900    13.000000
     1780    5.190      -30.850    13.000000
     1781    5.190      -30.800    14.000000
     1782    5.190      -30.750    13.000000
     1783    5.190      -30.700    11.000000
     1784    5.190      -30.650    8.000000
     1785    5.190      -30.600    7.000000
     1786    5.190      -30.550    8.000000
     1787    5.190      -30.500    9.000000
     1788    5.190      -30.450    10.000000
     1789    5.190      -30.400    11.000000
     1790    5.190      -30.350    14.000000
     1791    5.190      -30.300    15.000000
     1792    5.190      -30.250    13.000000
     1793    5.190      -30.200    18.000000
     1794    5.190      -30.150    18.000000
     1795    5.190      -30.100    19.000000
     1796    5.190      -30.050    17.000000
     1797    5.190      -30.000    19.000000
     1798    5.190      -29.950    14.000000
     1799    5.190      -29.900    15.000000
     1800    5.190      -29.850    12.000000
     1801    5.190      -29.800    16.000000
     1802    5.190      -29.750    15.000000
     1803    5.190      -29.700    17.000000
     1804    5.190      -29.650    15.000000
     1805    5.190      -29.600    15.000000
     1806    5.190      -29.550    8.000000
     1807    5.190      -29.500    7.000000
     1808    5.190      -29.450    3.000000
     1809    5.190      -29.400    1.000000
     1810    5.190      -29.350    0.000000
     1811    5.190      -29.300    0.000000
     1812    5.190      -29.250    0.000000
     1813    5.190      -29.200    0.000000
     1814    5.190      -29.150    0.000000
     1815    5.190      -29.100    0.000000
     1816    5.190      -29.050    0.000000
     1817    5.190      -29.000    0.000000
     1818    5.190      -28.950    0.000000
     1819    5.190      -28.900    0.000000
     1820    5.190      -28.850    0.000000
     1821    5.240      -32.300    0.000000
     1822    5.240      -32.250    0.000000
     1823    5.240      -32.200    0.000000
     1824    5.240      -32.150    0.000000
     1825    5.240      -32.100    0.000000
     1826    5.240      -32.050    0.000000
     1827    5.240      -32.000    0.000000
     1828    5.240      -31.950    0.000000
     1829    5.240      -31.900    0.000000
     1830    5.240      -31.850    0.000000
     1831    5.240      -31.800    2.000000
     1832    5.240      -31.750    2.000000
     1833    5.240      -31.700    2.000000
     1834    5.240      -31.650    2.000000
     1835    5.240      -31.600    2.000000
     1836    5.240      -31.550    0.000000
     1837    5.240      -31.500    2.000000
     1838    5.240      -31.450    2.000000
     1839    5.240      -31.400    3.000000
     1840    5.240      -31.350    5.000000
     1841    5.240      -31.300    6.000000
     1842    5.240      -31.250    4.000000
     1843    5.240      -31.200    4.000000
     1844    5.240      -31.150    4.000000
     1845    5.240      -31.100    3.000000
     1846    5.240      -31.050    4.000000
     1847    5.240      -31.000    6.000000
     1848    5.240      -30.950    8.000000
     1849    5.240      -30.900    11.000000
     1850    5.240      -30.850    12.000000
     1851    5.240      -30.800    13.000000
     1852    5.240      -30.750    12.000000
     1853    5.240      -30.700    12.000000
     1854    5.240      -30.650    10.000000
     1855    5.240      -30.600    8.000000
     1856    5.240      -30.550    9.000000
     1857    5.240      -30.500    11.000000
     1858    5.240      -30.450    11.000000
     1859    5.240      -30.400    12.000000
     1860    5.240      -30.350    15.000000
     1861    5.240      -30.300    15.000000
     1862    5.240      -30.250    13.000000
     1863    5.240      -30.200    17.000000
     1864    5.240      -30.150    18.000000
     1865    5.240      -30.100    18.000000
     1866    5.240      -30.050    16.000000
     1867    5.240      -30.000    17.000000
     1868    5.240      -29.950    12.000000
     1869    5.240      -29.900    9.000000
     1870    5.240      -29.850    9.000000
     1871    5.240      -29.800    12.000000
     1872    5.240      -29.750    11.000000
     1873    5.240      -29.700    12.000000
     1874    5.240      -29.650    12.000000
     1875    5.240      -29.600    9.000000
     1876    5.240      -29.550    4.000000
     1877    5.240      -29.500    3.000000
     1878    5.240      -29.450    1.000000
     1879    5.240      -29.400    0.000000
     1880    5.240      -29.350    0.000000
     1881    5.240      -29.300    0.000000
     1882    5.240      -29.250    0.000000
     1883    5.240      -29.200    0.000000
     1884    5.240      -29.150    0.000000
     1885    5.240      -29.100    0.000000
     1886    5.240      -29.050    0.000000
     1887    5.240      -29.000    0.000000
     1888    5.240      -28.950    0.000000
     1889    5.240      -28.900    0.000000
     1890    5.240      -28.850    0.000000
     1891    5.290      -32.300    0.000000
     1892    5.290      -32.250    0.000000
     1893    5.290      -32.200    0.000000
     1894    5.290      -32.150    0.000000
     1895    5.290      -32.100    0.000000
     1896    5.290      -32.050    0.000000
     1897    5.290      -32.000    0.000000
     1898    5.290      -31.950    0.000000
     1899    5.290      -31.900    0.000000
     1900    5.290      -31.850    0.000000
     1901    5.290      -31.800    1.000000
     1902    5.290      -31.750    1.000000
     1903    5.290      -31.700    1.000000
     1904    5.290      -31.650    1.000000
     1905    5.290      -31.600    1.000000
     1906    5.290      -31.550    0.000000
     1907    5.290      -31.500    3.000000
     1908    5.290      -31.450    3.000000
     1909    5.290      -31.400    3.000000
     1910    5.290      -31.350    4.000000
     1911    5.290      -31.300    5.000000
     1912    5.290      -31.250    2.000000
     1913    5.290      -31.200    2.000000
     1914    5.290      -31.150    3.000000
     1915    5.290      -31.100    2.000000
     1916    5.290      -31.050    3.000000
     1917    5.290      -31.000    4.000000
     1918    5.290      -30.950    5.000000
     1919    5.290      -30.900    6.000000
     1920    5.290      -30.850    7.000000
     1921    5.290      -30.800    7.000000
     1922    5.290      -30.750    7.000000
     1923    5.290      -30.700    8.000000
     1924    5.290      -30.650    8.000000
     1925    5.290      -30.600    7.000000
     1926    5.290      -30.550    11.000000
     1927    5.290      -30.500    11.000000
     1928    5.290      -30.450    11.000000
     1929    5.290      -30.400    11.000000
     1930    5.290      -30.350    13.000000
     1931    5.290      -30.300    11.000000
     1932    5.290      -30.250    11.000000
     1933    5.290      -30.200    12.000000
     1934    5.290      -30.150    13.000000
     1935    5.290      -30.100    14.000000
     1936    5.290      -30.050    12.000000
     1937    5.290      -30.000    12.000000
     1938    5.290      -29.950    10.000000
     1939    5.290      -29.900    8.000000
     1940    5.290      -29.850    7.000000
     1941    5.290      -29.800    8.000000
     1942    5.290      -29.750    8.000000
     1943    5.290      -29.700    8.000000
     1944    5.290      -29.650    7.000000
     1945    5.290      -29.600    5.000000
     1946    5.290      -29.550    2.000000
     1947    5.290      -29.500    1.000000
     1948    5.290      -29.450    0.000000
     1949    5.290      -29.400    0.000000
     1950    5.290      -29.350    0.000000
     1951    5.290      -29.300    0.000000
     1952    5.290      -29.250    0.000000
     1953    5.290      -29.200    0.000000
     1954    5.290      -29.150    0.000000
     1955    5.290      -29.100    0.000000
     1956    5.290      -29.050    0.000000
     1957    5.290      -29.000    0.000000
     1958    5.290      -28.950    0.000000
     1959    5.290      -28.900    0.000000
     1960    5.290      -28.850    0.000000
     1961    5.340      -32.300    0.000000
     1962    5.340      -32.250    0.000000
     1963    5.340      -32.200    0.000000
     1964    5.340      -32.150    0.000000
     1965    5.340      -32.100    0.000000
     1966    5.340      -32.050    0.000000
     1967    5.340      -32.000    0.000000
     1968    5.340      -31.950    0.000000
     1969    5.340      -31.900    0.000000
     1970    5.340      -31.850    0.000000
     1971    5.340      -31.800    0.000000
     1972    5.340      -31.750    0.000000
     1973    5.340      -31.700    0.000000
     1974    5.340      -31.650    0.000000
     1975    5.340      -31.600    0.000000
     1976    5.340      -31.550    0.000000
     1977    5.340      -31.500    2.000000
     1978    5.340      -31.450    2.000000
     1979    5.340      -31.400    2.000000
     1980    5.340      -31.350    3.000000
     1981    5.340      -31.300    5.000000
     1982    5.340      -31.250    3.000000
     1983    5.340      -31.200    3.000000
     1984    5.340      -31.150    4.000000
     1985    5.340      -31.100    3.000000
     1986    5.340      -31.050    3.000000
     1987    5.340      -31.000    4.000000
     1988    5.340      -30.950    5.000000
     1989    5.340      -30.900    4.000000
     1990    5.340      -30.850    5.000000
     1991    5.340      -30.800    5.000000
     1992    5.340      -30.750    5.000000
     1993    5.340      -30.700    6.000000
     1994    5.340      -30.650    7.000000
     1995    5.340      -30.600    7.000000
     1996    5.340      -30.550    10.000000
     1997    5.340      -30.500    10.000000
     1998    5.340      -30.450    8.000000
     1999    5.340      -30.400    9.000000
     2000    5.340      -30.350    9.000000
     2001    5.340      -30.300    7.000000
     2002    5.340      -30.250    7.000000
     2003    5.340      -30.200    9.000000
     2004    5.340      -30.150    10.000000
     2005    5.340      -30.100    12.000000
     2006    5.340      -30.050    12.000000
     2007    5.340      -30.000    12.000000
     2008    5.340      -29.950    10.000000
     2009    5.340      -29.900    7.000000
     2010    5.340      -29.850    6.000000
     2011    5.340      -29.800    6.000000
     2012    5.340      -29.750    6.000000
     2013    5.340      -29.700    7.000000
     2014    5.340      -29.650    7.000000
     2015    5.340      -29.600    5.000000
     2016    5.340      -29.550    2.000000
     2017    5.340      -29.500    1.000000
     2018    5.340      -29.450    0.000000
     2019    5.340      -29.400    0.000000
     2020    5.340      -29.350    0.000000
     2021    5.340      -29.300    0.000000
     2022    5.340      -29.250    0.000000
     2023    5.340      -29.200    0.000000
     2024    5.340      -29.150    0.000000
     2025    5.340      -29.100    0.000000
     2026    5.340      -29.050    0.000000
     2027    5.340      -29.000    0.000000
     2028    5.340      -28.950    0.000000
     2029    5.340      -28.900    0.000000
     2030    5.340      -28.850    0.000000
     2031    5.390      -32.300    0.000000
     2032    5.390      -32.250    0.000000
     2033    5.390      -32.200    0.000000
     2034    5.390      -32.150    0.000000
     2035    5.390      -32.100    0.000000
     2036    5.390      -32.050    0.000000
     2037    5.390      -32.000    0.000000
     2038    5.390      -31.950    0.000000
     2039    5.390      -31.900    0.000000
     2040    5.390      -31.850    0.000000
     2041    5.390      -31.800    0.000000
     2042    5.390      -31.750    0.000000
     2043    5.390      -31.700    0.000000
     2044    5.390      -31.650    0.000000
     2045    5.390      -31.600    0.000000
     2046    5.390      -31.550    0.000000
     2047    5.390      -31.500    1.000000
     2048    5.390      -31.450    1.000000
     2049    5.390      -31.400    1.000000
     2050    5.390      -31.350    2.000000
     2051    5.390      -31.300    3.000000
     2052    5.390      -31.250    2.000000
     2053    5.390      -31.200    2.000000
     2054    5.390      -31.150    3.000000
     2055    5.390      -31.100    2.000000
     2056    5.390      -31.050    2.000000
     2057    5.390      -31.000    3.000000
     2058    5.390      -30.950    3.000000
     2059    5.390      -30.900    2.000000
     2060    5.390      -30.850    3.000000
     2061    5.390      -30.800    3.000000
     2062    5.390      -30.750    3.000000
     2063    5.390      -30.700    5.000000
     2064    5.390      -30.650    5.000000
     2065    5.390      -30.600    6.000000
     2066    5.390      -30.550    9.000000
     2067    5.390      -30.500    10.000000
     2068    5.390      -30.450    8.000000
     2069    5.390      -30.400    9.000000
     2070    5.390      -30.350    8.000000
     2071    5.390      -30.300    7.000000
     2072    5.390      -30.250    7.000000
     2073    5.390      -30.200    9.000000
     2074    5.390      -30.150    10.000000
     2075    5.390      -30.100    10.000000
     2076    5.390      -30.050    10.000000
     2077    5.390      -30.000    8.000000
     2078    5.390      -29.950    6.000000
     2079    5.390      -29.900    4.000000
     2080    5.390      -29.850    6.000000
     2081    5.390      -29.800    5.000000
     2082    5.390      -29.750    6.000000
     2083    5.390      -29.700    6.000000
     2084    5.390      -29.650    6.000000
     2085    5.390      -29.600    3.000000
     2086    5.390      -29.550    1.000000
     2087    5.390      -29.500    0.000000
     2088    5.390      -29.450    0.000000
     2089    5.390      -29.400    0.000000
     2090    5.390      -29.350    0.000000
     2091    5.390      -29.300    0.000000
     2092    5.390      -29.250    0.000000
     2093    5.390      -29.200    0.000000
     2094    5.390      -29.150    0.000000
     2095    5.390      -29.100    0.000000
     2096    5.390      -29.050    0.000000
     2097    5.390      -29.000    0.000000
     2098    5.390      -28.950    0.000000
     2099    5.390      -28.900    0.000000
     2100    5.390      -28.850    0.000000
     2101    5.440      -32.300    0.000000
     2102    5.440      -32.250    0.000000
     2103    5.440      -32.200    0.000000
     2104    5.440      -32.150    0.000000
     2105    5.440      -32.100    0.000000
     2106    5.440      -32.050    0.000000
     2107    5.440      -32.000    0.000000
     2108    5.440      -31.950    0.000000
     2109    5.440      -31.900    0.000000
     2110    5.440      -31.850    0.000000
     2111    5.440      -31.800    0.000000
     2112    5.440      -31.750    0.000000
     2113    5.440      -31.700    0.000000
     2114    5.440      -31.650    0.000000
     2115    5.440      -31.600    0.000000
     2116    5.440      -31.550    0.000000
     2117    5.440      -31.500    1.000000
     2118    5.440      -31.450    1.000000
     2119    5.440      -31.400    1.000000
     2120    5.440      -31.350    2.000000
     2121    5.440      -31.300    3.000000
     2122    5.440      -31.250    2.000000
     2123    5.440      -31.200    2.000000
     2124    5.440      -31.150    4.000000
     2125    5.440      -31.100    3.000000
     2126    5.440      -31.050    3.000000
     2127    5.440      -31.000    4.000000
     2128    5.440      -30.950    4.000000
     2129    5.440      -30.900    2.000000
     2130    5.440      -30.850    3.000000
     2131    5.440      -30.800    2.000000
     2132    5.440      -30.750    2.000000
     2133    5.440      -30.700    5.000000
     2134    5.440      -30.650    5.000000
     2135    5.440      -30.600    6.000000
     2136    5.440      -30.550    10.000000
     2137    5.440      -30.500    11.000000
     2138    5.440      -30.450    8.000000
     2139    5.440      -30.400    9.000000
     2140    5.440      -30.350    7.000000
     2141    5.440      -30.300    4.000000
     2142    5.440      -30.250    4.000000
     2143    5.440      -30.200    4.000000
     2144    5.440      -30.150    5.000000
     2145    5.440      -30.100    5.000000
     2146    5.440      -30.050    7.000000
     2147    5.440      -30.000    5.000000
     2148    5.440      -29.950    5.000000
     2149    5.440      -29.900    3.000000
     2150    5.440      -29.850    6.000000
     2151    5.440      -29.800    4.000000
     2152    5.440      -29.750    5.000000
     2153    5.440      -29.700    5.000000
     2154    5.440      -29.650    5.000000
     2155    5.440      -29.600    2.000000
     2156    5.440      -29.550    1.000000
     2157    5.440      -29.500    0.000000
     2158    5.440      -29.450    0.000000
     2159    5.440      -29.400    0.000000
     2160    5.440      -29.350    0.000000
     2161    5.440      -29.300    0.000000
     2162    5.440      -29.250    0.000000
     2163    5.440      -29.200    0.000000
     2164    5.440      -29.150    0.000000
     2165    5.440      -29.100    0.000000
     2166    5.440      -29.050    0.000000
     2167    5.440      -29.000    0.000000
     2168    5.440      -28.950    0.000000
     2169    5.440      -28.900    0.000000
     2170    5.440      -28.850    0.000000
     2171    5.490      -32.300    0.000000
     2172    5.490      -32.250    0.000000
     2173    5.490      -32.200    0.000000
     2174    5.490      -32.150    0.000000
     2175    5.490      -32.100    0.000000
     2176    5.490      -32.050    0.000000
     2177    5.490      -32.000    0.000000
     2178    5.490      -31.950    0.000000
     2179    5.490      -31.900    0.000000
     2180    5.490      -31.850    0.000000
     2181    5.490      -31.800    0.000000
     2182    5.490      -31.750    0.000000
     2183    5.490      -31.700    0.000000
     2184    5.490      -31.650    0.000000
     2185    5.490      -31.600    0.000000
     2186    5.490      -31.550    0.000000
     2187    5.490      -31.500    1.000000
     2188    5.490      -31.450    1.000000
     2189    5.490      -31.400    1.000000
     2190    5.490      -31.350    1.000000
     2191    5.490      -31.300    2.000000
     2192    5.490      -31.250    1.000000
     2193    5.490      -31.200    1.000000
     2194    5.490      -31.150    2.000000
     2195    5.490      -31.100    2.000000
     2196    5.490      -31.050    2.000000
     2197    5.490      -31.000    3.000000
     2198    5.490      -30.950    3.000000
     2199    5.490      -30.900    2.000000
     2200    5.490      -30.850    2.000000
     2201    5.490      -30.800    1.000000
     2202    5.490      -30.750    1.000000
     2203    5.490      -30.700    3.000000
     2204    5.490      -30.650    3.000000
     2205    5.490      -30.600    5.000000
     2206    5.490      -30.550    8.000000
     2207    5.490      -30.500    8.000000
     2208    5.490      -30.450    6.000000
     2209    5.490      -30.400    6.000000
     2210    5.490      -30.350    4.000000
     2211    5.490      -30.300    2.000000
     2212    5.490      -30.250    3.000000
     2213    5.490      -30.200    3.000000
     2214    5.490      -30.150    4.000000
     2215    5.490      -30.100    4.000000
     2216    5.490      -30.050    5.000000
     2217    5.490      -30.000    3.000000
     2218    5.490      -29.950    3.000000
     2219    5.490      -29.900    3.000000
     2220    5.490      -29.850    4.000000
     2221    5.490      -29.800    3.000000
     2222    5.490      -29.750    3.000000
     2223    5.490      -29.700    3.000000
     2224    5.490      -29.650    2.000000
     2225    5.490      -29.600    1.000000
     2226    5.490      -29.550    0.000000
     2227    5.490      -29.500    0.000000
     2228    5.490      -29.450    0.000000
     2229    5.490      -29.400    0.000000
     2230    5.490      -29.350    0.000000
     2231    5.490      -29.300    0.000000
     2232    5.490      -29.250    0.000000
     2233    5.490      -29.200    0.000000
     2234    5.490      -29.150    0.000000
     2235    5.490      -29.100    0.000000
     2236    5.490      -29.050    0.000000
     2237    5.490      -29.000    0.000000
     2238    5.490      -28.950    0.000000
     2239    5.490      -28.900    0.000000
     2240    5.490      -28.850    0.000000
     2241    5.540      -32.300    0.000000
     2242    5.540      -32.250    0.000000
     2243    5.540      -32.200    0.000000
     2244    5.540      -32.150    0.000000
     2245    5.540      -32.100    0.000000
     2246    5.540      -32.050    0.000000
     2247    5.540      -32.000    0.000000
     2248    5.540      -31.950    0.000000
     2249    5.540      -31.900    0.000000
     2250    5.540      -31.850    0.000000
     2251    5.540      -31.800    0.000000
     2252    5.540      -31.750    0.000000
     2253    5.540      -31.700    0.000000
     2254    5.540      -31.650    0.000000
     2255    5.540      -31.600    0.000000
     2256    5.540      -31.550    0.000000
     2257    5.540      -31.500    0.000000
     2258    5.540      -31.450    0.000000
     2259    5.540      -31.400    0.000000
     2260    5.540      -31.350    0.000000
     2261    5.540      -31.300    1.000000
     2262    5.540      -31.250    1.000000
     2263    5.540      -31.200    1.000000
     2264    5.540      -31.150    2.000000
     2265    5.540      -31.100    2.000000
     2266    5.540      -31.050    1.000000
     2267    5.540      -31.000    2.000000
     2268    5.540      -30.950    2.000000
     2269    5.540      -30.900    1.000000
     2270    5.540      -30.850    1.000000
     2271    5.540      -30.800    1.000000
     2272    5.540      -30.750    0.000000
     2273    5.540      -30.700    1.000000
     2274    5.540      -30.650    1.000000
     2275    5.540      -30.600    3.000000
     2276    5.540      -30.550    4.000000
     2277    5.540      -30.500    5.000000
     2278    5.540      -30.450    4.000000
     2279    5.540      -30.400    4.000000
     2280    5.540      -30.350    2.000000
     2281    5.540      -30.300    2.000000
     2282    5.540      -30.250    3.000000
     2283    5.540      -30.200    3.000000
     2284    5.540      -30.150    4.000000
     2285    5.540      -30.100    4.000000
     2286    5.540      -30.050    5.000000
     2287    5.540      -30.000    3.000000
     2288    5.540      -29.950    3.000000
     2289    5.540      -29.900    3.000000
     2290    5.540      -29.850    4.000000
     2291    5.540      -29.800    3.000000
     2292    5.540      -29.750    3.000000
     2293    5.540      -29.700    3.000000
     2294    5.540      -29.650    2.000000
     2295    5.540      -29.600    1.000000
     2296    5.540      -29.550    0.000000
     2297    5.540      -29.500    0.000000
     2298    5.540      -29.450    0.000000
     2299    5.540      -29.400    0.000000
     2300    5.540      -29.350    0.000000
     2301    5.540      -29.300    0.000000
     2302    5.540      -29.250    0.000000
     2303    5.540      -29.200    0.000000
     2304    5.540      -29.150    0.000000
     2305    5.540      -29.100    0.000000
     2306    5.540      -29.050    0.000000
     2307    5.540      -29.000    0.000000
     2308    5.540      -28.950    0.000000
     2309    5.540      -28.900    0.000000
     2310    5.540      -28.850    0.000000
     2311    5.590      -32.300    0.000000
     2312    5.590      -32.250    0.000000
     2313    5.590      -32.200    0.000000
     2314    5.590      -32.150    0.000000
     2315    5.590      -32.100    0.000000
     2316    5.590      -32.050    0.000000
     2317    5.590      -32.000    0.000000
     2318    5.590      -31.950    0.000000
     2319    5.590      -31.900    0.000000
     2320    5.590      -31.850    0.000000
     2321    5.590      -31.800    0.000000
     2322    5.590      -31.750    0.000000
     2323    5.590      -31.700    0.000000
     2324    5.590      -31.650    0.000000
     2325    5.590      -31.600    0.000000
     2326    5.590      -31.550    0.000000
     2327    5.590      -31.500    0.000000
     2328    5.590      -31.450    0.000000
     2329    5.590      -31.400    0.000000
     2330    5.590      -31.350    0.000000
     2331    5.590      -31.300    0.000000
     2332    5.590      -31.250    0.000000
     2333    5.590      -31.200    0.000000
     2334    5.590      -31.150    1.000000
     2335    5.590      -31.100    1.000000
     2336    5.590      -31.050    1.000000
     2337    5.590      -31.000    1.000000
     2338    5.590      -30.950    1.000000
     2339    5.590      -30.900    0.000000
     2340    5.590      -30.850    0.000000
     2341    5.590      -30.800    0.000000
     2342    5.590      -30.750    0.000000
     2343    5.590      -30.700    1.000000
     2344    5.590      -30.650    1.000000
     2345    5.590      -30.600    2.000000
     2346    5.590      -30.550    3.000000
     2347    5.590      -30.500    4.000000
     2348    5.590      -30.450    3.000000
     2349    5.590      -30.400    3.000000
     2350    5.590      -30.350    2.000000
     2351    5.590      -30.300    1.000000
     2352    5.590      -30.250    2.000000
     2353    5.590      -30.200    2.000000
     2354    5.590      -30.150    2.000000
     2355    5.590      -30.100    2.000000
     2356    5.590      -30.050    3.000000
     2357    5.590      -30.000    1.000000
     2358    5.590      -29.950    1.000000
     2359    5.590      -29.900    2.000000
     2360    5.590      -29.850    3.000000
     2361    5.590      -29.800    2.000000
     2362    5.590      -29.750    2.000000
     2363    5.590      -29.700    2.000000
     2364    5.590      -29.650    1.000000
     2365    5.590      -29.600    0.000000
     2366    5.590      -29.550    0.000000
     2367    5.590      -29.500    0.000000
     2368    5.590      -29.450    0.000000
     2369    5.590      -29.400    0.000000
     2370    5.590      -29.350    0.000000
     2371    5.590      -29.300    0.000000
     2372    5.590      -29.250    0.000000
     2373    5.590      -29.200    0.000000
     2374    5.590      -29.150    0.000000
     2375    5.590      -29.100    0.000000
     2376    5.590      -29.050    0.000000
     2377    5.590      -29.000    0.000000
     2378    5.590      -28.950    0.000000
     2379    5.590      -28.900    0.000000
     2380    5.590      -28.850    0.000000
     2381    5.640      -32.300    0.000000
     2382    5.640      -32.250    0.000000
     2383    5.640      -32.200    0.000000
     2384    5.640      -32.150    0.000000
     2385    5.640      -32.100    0.000000
     2386    5.640      -32.050    0.000000
     2387    5.640      -32.000    0.000000
     2388    5.640      -31.950    0.000000
     2389    5.640      -31.900    0.000000
     2390    5.640      -31.850    0.000000
     2391    5.640      -31.800    0.000000
     2392    5.640      -31.750    0.000000
     2393    5.640      -31.700    0.000000
     2394    5.640      -31.650    0.000000
     2395    5.640      -31.600    0.000000
     2396    5.640      -31.550    0.000000
     2397    5.640      -31.500    0.000000
     2398    5.640      -31.450    0.000000
     2399    5.640      -31.400    0.000000
     2400    5.640      -31.350    0.000000
     2401    5.640      -31.300    0.000000
     2402    5.640      -31.250    0.000000
     2403    5.640      -31.200    0.000000
     2404    5.640      -31.150    1.000000
     2405    5.640      -31.100    1.000000
     2406    5.640      -31.050    1.000000
     2407    5.640      -31.000    1.000000
     2408    5.640      -30.950    1.000000
     2409    5.640      -30.900    0.000000
     2410    5.640      -30.850    0.000000
     2411    5.640      -30.800    0.000000
     2412    5.640      -30.750    1.000000
     2413    5.640      -30.700    2.000000
     2414    5.640      -30.650    2.000000
     2415    5.640      -30.600    2.000000
     2416    5.640      -30.550    3.000000
     2417    5.640      -30.500    2.000000
     2418    5.640      -30.450    1.000000
     2419    5.640      -30.400    1.000000
     2420    5.640      -30.350    1.000000
     2421    5.640      -30.300    0.000000
     2422    5.640      -30.250    2.000000
     2423    5.640      -30.200    2.000000
     2424    5.640      -30.150    2.000000
     2425    5.640      -30.100    2.000000
     2426    5.640      -30.050    3.000000
     2427    5.640      -30.000    1.000000
     2428    5.640      -29.950    1.000000
     2429    5.640      -29.900    3.000000
     2430    5.640      -29.850    3.000000
     2431    5.640      -29.800    2.000000
     2432    5.640      -29.750    2.000000
     2433    5.640      -29.700    2.000000
     2434    5.640      -29.650    0.000000
     2435    5.640      -29.600    0.000000
     2436    5.640      -29.550    0.000000
     2437    5.640      -29.500    0.000000
     2438    5.640      -29.450    0.000000
     2439    5.640      -29.400    0.000000
     2440    5.640      -29.350    0.000000
     2441    5.640      -29.300    0.000000
     2442    5.640      -29.250    0.000000
     2443    5.640      -29.200    0.000000
     2444    5.640      -29.150    0.000000
     2445    5.640      -29.100    0.000000
     2446    5.640      -29.050    0.000000
     2447    5.640      -29.000    0.000000
     2448    5.640      -28.950    0.000000
     2449    5.640      -28.900    0.000000
     2450    5.640      -28.850    0.000000
     2451    5.690      -32.300    0.000000
     2452    5.690      -32.250    0.000000
     2453    5.690      -32.200    0.000000
     2454    5.690      -32.150    0.000000
     2455    5.690      -32.100    0.000000
     2456    5.690      -32.050    0.000000
     2457    5.690      -32.000    0.000000
     2458    5.690      -31.950    0.000000
     2459    5.690      -31.900    0.000000
     2460    5.690      -31.850    0.000000
     2461    5.690      -31.800    0.000000
     2462    5.690      -31.750    0.000000
     2463    5.690      -31.700    0.000000
     2464    5.690      -31.650    0.000000
     2465    5.690      -31.600    0.000000
     2466    5.690      -31.550    0.000000
     2467    5.690      -31.500    0.000000
     2468    5.690      -31.450    0.000000
     2469    5.690      -31.400    0.000000
     2470    5.690      -31.350    0.000000
     2471    5.690      -31.300    0.000000
     2472    5.690      -31.250    0.000000
     2473    5.690      -31.200    0.000000
     2474    5.690      -31.150    0.000000
     2475    5.690      -31.100    0.000000
     2476    5.690      -31.050    0.000000
     2477    5.690      -31.000    0.000000
     2478    5.690      -30.950    0.000000
     2479    5.690      -30.900    0.000000
     2480    5.690      -30.850    0.000000
     2481    5.690      -30.800    0.000000
     2482    5.690      -30.750    1.000000
     2483    5.690      -30.700    1.000000
     2484    5.690      -30.650    1.000000
     2485    5.690      -30.600    1.000000
     2486    5.690      -30.550    1.000000
     2487    5.690      -30.500    0.000000
     2488    5.690      -30.450    0.000000
     2489    5.690      -30.400    0.000000
     2490    5.690      -30.350    0.000000
     2491    5.690      -30.300    0.000000
     2492    5.690      -30.250    2.000000
     2493    5.690      -30.200    3.000000
     2494    5.690      -30.150    3.000000
     2495    5.690      -30.100    3.000000
     2496    5.690      -30.050    4.000000
     2497    5.690      -30.000    2.000000
     2498    5.690      -29.950    1.000000
     2499    5.690      -29.900    3.000000
     2500    5.690      -29.850    3.000000
     2501    5.690      -29.800    2.000000
     2502    5.690      -29.750    2.000000
     2503    5.690      -29.700    2.000000
     2504    5.690      -29.650    0.000000
     2505    5.690      -29.600    0.000000
     2506    5.690      -29.550    0.000000
     2507    5.690      -29.500    0.000000
     2508    5.690      -29.450    0.000000
     2509    5.690      -29.400    0.000000
     2510    5.690      -29.350    0.000000
     2511    5.690      -29.300    0.000000
     2512    5.690      -29.250    0.000000
     2513    5.690      -29.200    0.000000
     2514    5.690      -29.150    0.000000
     2515    5.690      -29.100    0.000000
     2516    5.690      -29.050    0.000000
     2517    5.690      -29.000    0.000000
     2518    5.690      -28.950    0.000000
     2519    5.690      -28.900    0.000000
     2520    5.690      -28.850    0.000000
     2521    5.740      -32.300    0.000000
     2522    5.740      -32.250    0.000000
     2523    5.740      -32.200    0.000000
     2524    5.740      -32.150    0.000000
     2525    5.740      -32.100    0.000000
     2526    5.740      -32.050    0.000000
     2527    5.740      -32.000    0.000000
     2528    5.740      -31.950    0.000000
     2529    5.740      -31.900    0.000000
     2530    5.740      -31.850    0.000000
     2531    5.740      -31.800    0.000000
     2532    5.740      -31.750    0.000000
     2533    5.740      -31.700    0.000000
     2534    5.740      -31.650    0.000000
     2535    5.740      -31.600    0.000000
     2536    5.740      -31.550    0.000000
     2537    5.740      -31.500    0.000000
     2538    5.740      -31.450    0.000000
     2539    5.740      -31.400    0.000000
     2540    5.740      -31.350    0.000000
     2541    5.740      -31.300    0.000000
     2542    5.740      -31.250    0.000000
     2543    5.740      -31.200    0.000000
     2544    5.740      -31.150    0.000000
     2545    5.740      -31.100    0.000000
     2546    5.740      -31.050    0.000000
     2547    5.740      -31.000    0.000000
     2548    5.740      -30.950    0.000000
     2549    5.740      -30.900    0.000000
     2550    5.740      -30.850    0.000000
     2551    5.740      -30.800    0.000000
     2552    5.740      -30.750    1.000000
     2553    5.740      -30.700    1.000000
     2554    5.740      -30.650    1.000000
     2555    5.740      -30.600    1.000000
     2556    5.740      -30.550    1.000000
     2557    5.740      -30.500    0.000000
     2558    5.740      -30.450    0.000000
     2559    5.740      -30.400    0.000000
     2560    5.740      -30.350    0.000000
     2561    5.740      -30.300    0.000000
     2562    5.740      -30.250    1.000000
     2563    5.740      -30.200    2.000000
     2564    5.740      -30.150    3.000000
     2565    5.740      -30.100    3.000000
     2566    5.740      -30.050    5.000000
     2567    5.740      -30.000    5.000000
     2568    5.740      -29.950    5.000000
     2569    5.740      -29.900    5.000000
     2570    5.740      -29.850    6.000000
     2571    5.740      -29.800    4.000000
     2572    5.740      -29.750    3.000000
     2573    5.740      -29.700    2.000000
     2574    5.740      -29.650    1.000000
     2575    5.740      -29.600    0.000000
     2576    5.740      -29.550    0.000000
     2577    5.740      -29.500    0.000000
     2578    5.740      -29.450    0.000000
     2579    5.740      -29.400    0.000000
     2580    5.740      -29.350    0.000000
     2581    5.740      -29.300    0.000000
     2582    5.740      -29.250    0.000000
     2583    5.740      -29.200    0.000000
     2584    5.740      -29.150    0.000000
     2585    5.740      -29.100    0.000000
     2586    5.740      -29.050    0.000000
     2587    5.740      -29.000    0.000000
     2588    5.740      -28.950    0.000000
     2589    5.740      -28.900    0.000000
     2590    5.740      -28.850    0.000000
     2591    5.790      -32.300    0.000000
     2592    5.790      -32.250    0.000000
     2593    5.790      -32.200    0.000000
     2594    5.790      -32.150    0.000000
     2595    5.790      -32.100    0.000000
     2596    5.790      -32.050    0.000000
     2597    5.790      -32.000    0.000000
     2598    5.790      -31.950    0.000000
     2599    5.790      -31.900    0.000000
     2600    5.790      -31.850    0.000000
     2601    5.790      -31.800    0.000000
     2602    5.790      -31.750    0.000000
     2603    5.790      -31.700    0.000000
     2604    5.790      -31.650    0.000000
     2605    5.790      -31.600    0.000000
     2606    5.790      -31.550    0.000000
     2607    5.790      -31.500    0.000000
     2608    5.790      -31.450    0.000000
     2609    5.790      -31.400    0.000000
     2610    5.790      -31.350    0.000000
     2611    5.790      -31.300    0.000000
     2612    5.790      -31.250    0.000000
     2613    5.790      -31.200    0.000000
     2614    5.790      -31.150    0.000000
     2615    5.790      -31.100    0.000000
     2616    5.790      -31.050    1.000000
     2617    5.790      -31.000    1.000000
     2618    5.790      -30.950    1.000000
     2619    5.790      -30.900    1.000000
     2620    5.790      -30.850    1.000000
     2621    5.790      -30.800    0.000000
     2622    5.790      -30.750    1.000000
     2623    5.790      -30.700    1.000000
     2624    5.790      -30.650    1.000000
     2625    5.790      -30.600    1.000000
     2626    5.790      -30.550    1.000000
     2627    5.790      -30.500    0.000000
     2628    5.790      -30.450    0.000000
     2629    5.790      -30.400    1.000000
     2630    5.790      -30.350    1.000000
     2631    5.790      -30.300    1.000000
     2632    5.790      -30.250    2.000000
     2633    5.790      -30.200    3.000000
     2634    5.790      -30.150    3.000000
     2635    5.790      -30.100    3.000000
     2636    5.790      -30.050    5.000000
     2637    5.790      -30.000    5.000000
     2638    5.790      -29.950    5.000000
     2639    5.790      -29.900    5.000000
     2640    5.790      -29.850    6.000000
     2641    5.790      -29.800    4.000000
     2642    5.790      -29.750    3.000000
     2643    5.790      -29.700    2.000000
     2644    5.790      -29.650    1.000000
     2645    5.790      -29.600    0.000000
     2646    5.790      -29.550    0.000000
     2647    5.790      -29.500    0.000000
     2648    5.790      -29.450    0.000000
     2649    5.790      -29.400    0.000000
     2650    5.790      -29.350    0.000000
     2651    5.790      -29.300    0.000000
     2652    5.790      -29.250    0.000000
     2653    5.790      -29.200    0.000000
     2654    5.790      -29.150    0.000000
     2655    5.790      -29.100    0.000000
     2656    5.790      -29.050    0.000000
     2657    5.790      -29.000    0.000000
     2658    5.790      -28.950    0.000000
     2659    5.790      -28.900    0.000000
     2660    5.790      -28.850    0.000000
     2661    5.840      -32.300    0.000000
     2662    5.840      -32.250    0.000000
     2663    5.840      -32.200    0.000000
     2664    5.840      -32.150    0.000000
     2665    5.840      -32.100    0.000000
     2666    5.840      -32.050    0.000000
     2667    5.840      -32.000    0.000000
     2668    5.840      -31.950    0.000000
     2669    5.840      -31.900    0.000000
     2670    5.840      -31.850    0.000000
     2671    5.840      -31.800    0.000000
     2672    5.840      -31.750    0.000000
     2673    5.840      -31.700    0.000000
     2674    5.840      -31.650    0.000000
     2675    5.840      -31.600    0.000000
     2676    5.840      -31.550    0.000000
     2677    5.840      -31.500    0.000000
     2678    5.840      -31.450    0.000000
     2679    5.840      -31.400    0.000000
     2680    5.840      -31.350    0.000000
     2681    5.840      -31.300    0.000000
     2682    5.840      -31.250    0.000000
     2683    5.840      -31.200    0.000000
     2684    5.840      -31.150    0.000000
     2685    5.840      -31.100    0.000000
     2686    5.840      -31.050    1.000000
     2687    5.840      -31.000    1.000000
     2688    5.840      -30.950    1.000000
     2689    5.840      -30.900    1.000000
     2690    5.840      -30.850    2.000000
     2691    5.840      -30.800    1.000000
     2692    5.840      -30.750    2.000000
     2693    5.840      -30.700    2.000000
     2694    5.840      -30.650    2.000000
     2695    5.840      -30.600    1.000000
     2696    5.840      -30.550    1.000000
     2697    5.840      -30.500    0.000000
     2698    5.840      -30.450    0.000000
     2699    5.840      -30.400    1.000000
     2700    5.840      -30.350    1.000000
     2701    5.840      -30.300    1.000000
     2702    5.840      -30.250    2.000000
     2703    5.840      -30.200    5.000000
     2704    5.840      -30.150    5.000000
     2705    5.840      -30.100    5.000000
     2706    5.840      -30.050    7.000000
     2707    5.840      -30.000    8.000000
     2708    5.840      -29.950    6.000000
     2709    5.840      -29.900    6.000000
     2710    5.840      -29.850    7.000000
     2711    5.840      -29.800    5.000000
     2712    5.840      -29.750    3.000000
     2713    5.840      -29.700    2.000000
     2714    5.840      -29.650    1.000000
     2715    5.840      -29.600    0.000000
     2716    5.840      -29.550    0.000000
     2717    5.840      -29.500    0.000000
     2718    5.840      -29.450    0.000000
     2719    5.840      -29.400    0.000000
     2720    5.840      -29.350    0.000000
     2721    5.840      -29.300    0.000000
     2722    5.840      -29.250    0.000000
     2723    5.840      -29.200    0.000000
     2724    5.840      -29.150    0.000000
     2725    5.840      -29.100    0.000000
     2726    5.840      -29.050    0.000000
     2727    5.840      -29.000    0.000000
     2728    5.840      -28.950    0.000000
     2729    5.840      -28.900    0.000000
     2730    5.840      -28.850    0.000000
     2731    5.890      -32.300    0.000000
     2732    5.890      -32.250    0.000000
     2733    5.890      -32.200    0.000000
     2734    5.890      -32.150    0.000000
     2735    5.890      -32.100    0.000000
     2736    5.890      -32.050    0.000000
     2737    5.890      -32.000    0.000000
     2738    5.890      -31.950    0.000000
     2739    5.890      -31.900    0.000000
     2740    5.890      -31.850    0.000000
     2741    5.890      -31.800    0.000000
     2742    5.890      -31.750    0.000000
     2743    5.890      -31.700    0.000000
     2744    5.890      -31.650    0.000000
     2745    5.890      -31.600    0.000000
     2746    5.890      -31.550    0.000000
     2747    5.890      -31.500    0.000000
     2748    5.890      -31.450    0.000000
     2749    5.890      -31.400    0.000000
     2750    5.890      -31.350    0.000000
     2751    5.890      -31.300    0.000000
     2752    5.890      -31.250    0.000000
     2753    5.890      -31.200    0.000000
     2754    5.890      -31.150    0.000000
     2755    5.890      -31.100    0.000000
     2756    5.890      -31.050    1.000000
     2757    5.890      -31.000    1.000000
     2758    5.890      -30.950    1.000000
     2759    5.890      -30.900    1.000000
     2760    5.890      -30.850    2.000000
     2761    5.890      -30.800    1.000000
     2762    5.890      -30.750    1.000000
     2763    5.890      -30.700    2.000000
     2764    5.890      -30.650    2.000000
     2765    5.890      -30.600    1.000000
     2766    5.890      -30.550    2.000000
     2767    5.890      -30.500    2.000000
     2768    5.890      -30.450    1.000000
     2769    5.890      -30.400    3.000000
     2770    5.890      -30.350    3.000000
     2771    5.890      -30.300    3.000000
     2772    5.890      -30.250    3.000000
     2773    5.890      -30.200    6.000000
     2774    5.890      -30.150    6.000000
     2775    5.890      -30.100    6.000000
     2776    5.890      -30.050    7.000000
     2777    5.890      -30.000    9.000000
     2778    5.890      -29.950    7.000000
     2779    5.890      -29.900    5.000000
     2780    5.890      -29.850    6.000000
     2781    5.890      -29.800    4.000000
     2782    5.890      -29.750    2.000000
     2783    5.890      -29.700    1.000000
     2784    5.890      -29.650    1.000000
     2785    5.890      -29.600    0.000000
     2786    5.890      -29.550    0.000000
     2787    5.890      -29.500    0.000000
     2788    5.890      -29.450    0.000000
     2789    5.890      -29.400    0.000000
     2790    5.890      -29.350    0.000000
     2791    5.890      -29.300    0.000000
     2792    5.890      -29.250    0.000000
     2793    5.890      -29.200    0.000000
     2794    5.890      -29.150    0.000000
     2795    5.890      -29.100    0.000000
     2796    5.890      -29.050    0.000000
     2797    5.890      -29.000    0.000000
     2798    5.890      -28.950    0.000000
     2799    5.890      -28.900    0.000000
     2800    5.890      -28.850    0.000000
     2801    5.940      -32.300    0.000000
     2802    5.940      -32.250    0.000000
     2803    5.940      -32.200    0.000000
     2804    5.940      -32.150    0.000000
     2805    5.940      -32.100    0.000000
     2806    5.940      -32.050    0.000000
     2807    5.940      -32.000    0.000000
     2808    5.940      -31.950    0.000000
     2809    5.940      -31.900    0.000000
     2810    5.940      -31.850    0.000000
     2811    5.940      -31.800    0.000000
     2812    5.940      -31.750    0.000000
     2813    5.940      -31.700    0.000000
     2814    5.940      -31.650    0.000000
     2815    5.940      -31.600    0.000000
     2816    5.940      -31.550    0.000000
     2817    5.940      -31.500    0.000000
     2818    5.940      -31.450    0.000000
     2819    5.940      -31.400    0.000000
     2820    5.940      -31.350    0.000000
     2821    5.940      -31.300    0.000000
     2822    5.940      -31.250    0.000000
     2823    5.940      -31.200    0.000000
     2824    5.940      -31.150    0.000000
     2825    5.940      -31.100    1.000000
     2826    5.940      -31.050    2.000000
     2827    5.940      -31.000    2.000000
     2828    5.940      -30.950    2.000000
     2829    5.940      -30.900    2.000000
     2830    5.940      -30.850    2.000000
     2831    5.940      -30.800    1.000000
     2832    5.940      -30.750    1.000000
     2833    5.940      -30.700    3.000000
     2834    5.940      -30.650    3.000000
     2835    5.940      -30.600    2.000000
     2836    5.940      -30.550    3.000000
     2837    5.940      -30.500    3.000000
     2838    5.940      -30.450    1.000000
     2839    5.940      -30.400    3.000000
     2840    5.940      -30.350    3.000000
     2841    5.940      -30.300    3.000000
     2842    5.940      -30.250    3.000000
     2843    5.940      -30.200    5.000000
     2844    5.940      -30.150    5.000000
     2845    5.940      -30.100    5.000000
     2846    5.940      -30.050    5.000000
     2847    5.940      -30.000    7.000000
     2848    5.940      -29.950    7.000000
     2849    5.940      -29.900    5.000000
     2850    5.940      -29.850    6.000000
     2851    5.940      -29.800    5.000000
     2852    5.940      -29.750    3.000000
     2853    5.940      -29.700    1.000000
     2854    5.940      -29.650    1.000000
     2855    5.940      -29.600    0.000000
     2856    5.940      -29.550    0.000000
     2857    5.940      -29.500    0.000000
     2858    5.940      -29.450    0.000000
     2859    5.940      -29.400    0.000000
     2860    5.940      -29.350    0.000000
     2861    5.940      -29.300    0.000000
     2862    5.940      -29.250    0.000000
     2863    5.940      -29.200    0.000000
     2864    5.940      -29.150    0.000000
     2865    5.940      -29.100    0.000000
     2866    5.940      -29.050    0.000000
     2867    5.940      -29.000    0.000000
     2868    5.940      -28.950    0.000000
     2869    5.940      -28.900    0.000000
     2870    5.940      -28.850    0.000000
     2871    5.990      -32.300    0.000000
     2872    5.990      -32.250    0.000000
     2873    5.990      -32.200    0.000000
     2874    5.990      -32.150    0.000000
     2875    5.990      -32.100    0.000000
     2876    5.990      -32.050    0.000000
     2877    5.990      -32.000    0.000000
     2878    5.990      -31.950    0.000000
     2879    5.990      -31.900    0.000000
     2880    5.990      -31.850    0.000000
     2881    5.990      -31.800    0.000000
     2882    5.990      -31.750    0.000000
     2883    5.990      -31.700    0.000000
     2884    5.990      -31.650    0.000000
     2885    5.990      -31.600    0.000000
     2886    5.990      -31.550    0.000000
     2887    5.990      -31.500    0.000000
     2888    5.990      -31.450    0.000000
     2889    5.990      -31.400    0.000000
     2890    5.990      -31.350    0.000000
     2891    5.990      -31.300    0.000000
     2892    5.990      -31.250    0.000000
     2893    5.990      -31.200    0.000000
     2894    5.990      -31.150    0.000000
     2895    5.990      -31.100    1.000000
     2896    5.990      -31.050    2.000000
     2897    5.990      -31.000    2.000000
     2898    5.990      -30.950    2.000000
     2899    5.990      -30.900    3.000000
     2900    5.990      -30.850    3.000000
     2901    5.990      -30.800    2.000000
     2902    5.990      -30.750    2.000000
     2903    5.990      -30.700    4.000000
     2904    5.990      -30.650    3.000000
     2905    5.990      -30.600    2.000000
     2906    5.990      -30.550    3.000000
     2907    5.990      -30.500    4.000000
     2908    5.990      -30.450    2.000000
     2909    5.990      -30.400    5.000000
     2910    5.990      -30.350    6.000000
     2911    5.990      -30.300    6.000000
     2912    5.990      -30.250    5.000000
     2913    5.990      -30.200    8.000000
     2914    5.990      -30.150    6.000000
     2915    5.990      -30.100    5.000000
     2916    5.990      -30.050    4.000000
     2917    5.990      -30.000    5.000000
     2918    5.990      -29.950    3.000000
     2919    5.990      -29.900    2.000000
     2920    5.990      -29.850    2.000000
     2921    5.990      -29.800    2.000000
     2922    5.990      -29.750    1.000000
     2923    5.990      -29.700    0.000000
     2924    5.990      -29.650    0.000000
     2925    5.990      -29.600    0.000000
     2926    5.990      -29.550    0.000000
     2927    5.990      -29.500    0.000000
     2928    5.990      -29.450    0.000000
     2929    5.990      -29.400    0.000000
     2930    5.990      -29.350    0.000000
     2931    5.990      -29.300    0.000000
     2932    5.990      -29.250    0.000000
     2933    5.990      -29.200    0.000000
     2934    5.990      -29.150    0.000000
     2935    5.990      -29.100    0.000000
     2936    5.990      -29.050    0.000000
     2937    5.990      -29.000    0.000000
     2938    5.990      -28.950    0.000000
     2939    5.990      -28.900    0.000000
     2940    5.990      -28.850    0.000000
     2941    6.040      -32.300    0.000000
     2942    6.040      -32.250    0.000000
     2943    6.040      -32.200    0.000000
     2944    6.040      -32.150    0.000000
     2945    6.040      -32.100    0.000000
     2946    6.040      -32.050    0.000000
     2947    6.040      -32.000    0.000000
     2948    6.040      -31.950    0.000000
     2949    6.040      -31.900    0.000000
     2950    6.040      -31.850    0.000000
     2951    6.040      -31.800    0.000000
     2952    6.040      -31.750    0.000000
     2953    6.040      -31.700    0.000000
     2954    6.040      -31.650    0.000000
     2955    6.040      -31.600    0.000000
     2956    6.040      -31.550    0.000000
     2957    6.040      -31.500    0.000000
     2958    6.040      -31.450    0.000000
     2959    6.040      -31.400    0.000000
     2960    6.040      -31.350    0.000000
     2961    6.040      -31.300    0.000000
     2962    6.040      -31.250    0.000000
     2963    6.040      -31.200    0.000000
     2964    6.040      -31.150    0.000000
     2965    6.040      -31.100    1.000000
     2966    6.040      -31.050    1.000000
     2967    6.040      -31.000    1.000000
     2968    6.040      -30.950    1.000000
     2969    6.040      -30.900    2.000000
     2970    6.040      -30.850    2.000000
     2971    6.040      -30.800    2.000000
     2972    6.040      -30.750    2.000000
     2973    6.040      -30.700    4.000000
     2974    6.040      -30.650    3.000000
     2975    6.040      -30.600    2.000000
     2976    6.040      -30.550    3.000000
     2977    6.040      -30.500    6.000000
     2978    6.040      -30.450    4.000000
     2979    6.040      -30.400    6.000000
     2980    6.040      -30.350    7.000000
     2981    6.040      -30.300    7.000000
     2982    6.040      -30.250    4.000000
     2983    6.040      -30.200    7.000000
     2984    6.040      -30.150    6.000000
     2985    6.040      -30.100    6.000000
     2986    6.040      -30.050    5.000000
     2987    6.040      -30.000    6.000000
     2988    6.040      -29.950    4.000000
     2989    6.040      -29.900    3.000000
     2990    6.040      -29.850    2.000000
     2991    6.040      -29.800    2.000000
     2992    6.040      -29.750    1.000000
     2993    6.040      -29.700    0.000000
     2994    6.040      -29.650    0.000000
     2995    6.040      -29.600    0.000000
     2996    6.040      -29.550    0.000000
     2997    6.040      -29.500    0.000000
     2998    6.040      -29.450    0.000000
     2999    6.040      -29.400    0.000000
     3000    6.040      -29.350    0.000000
     3001    6.040      -29.300    0.000000
     3002    6.040      -29.250    0.000000
     3003    6.040      -29.200    0.000000
     3004    6.040      -29.150    0.000000
     3005    6.040      -29.100    0.000000
     3006    6.040      -29.050    0.000000
     3007    6.040      -29.000    0.000000
     3008    6.040      -28.950    0.000000
     3009    6.040      -28.900    0.000000
     3010    6.040      -28.850    0.000000
     3011    6.090      -32.300    0.000000
     3012    6.090      -32.250    0.000000
     3013    6.090      -32.200    0.000000
     3014    6.090      -32.150    0.000000
     3015    6.090      -32.100    0.000000
     3016    6.090      -32.050    0.000000
     3017    6.090      -32.000    0.000000
     3018    6.090      -31.950    0.000000
     3019    6.090      -31.900    0.000000
     3020    6.090      -31.850    0.000000
     3021    6.090      -31.800    0.000000
     3022    6.090      -31.750    0.000000
     3023    6.090      -31.700    0.000000
     3024    6.090      -31.650    1.000000
     3025    6.090      -31.600    1.000000
     3026    6.090      -31.550    1.000000
     3027    6.090      -31.500    1.000000
     3028    6.090      -31.450    1.000000
     3029    6.090      -31.400    0.000000
     3030    6.090      -31.350    0.000000
     3031    6.090      -31.300    0.000000
     3032    6.090      -31.250    0.000000
     3033    6.090      -31.200    0.000000
     3034    6.090      -31.150    0.000000
     3035    6.090      -31.100    1.000000
     3036    6.090      -31.050    1.000000
     3037    6.090      -31.000    1.000000
     3038    6.090      -30.950    2.000000
     3039    6.090      -30.900    3.000000
     3040    6.090      -30.850    2.000000
     3041    6.090      -30.800    2.000000
     3042    6.090      -30.750    2.000000
     3043    6.090      -30.700    3.000000
     3044    6.090      -30.650    3.000000
     3045    6.090      -30.600    3.000000
     3046    6.090      -30.550    4.000000
     3047    6.090      -30.500    7.000000
     3048    6.090      -30.450    5.000000
     3049    6.090      -30.400    6.000000
     3050    6.090      -30.350    7.000000
     3051    6.090      -30.300    7.000000
     3052    6.090      -30.250    4.000000
     3053    6.090      -30.200    5.000000
     3054    6.090      -30.150    4.000000
     3055    6.090      -30.100    4.000000
     3056    6.090      -30.050    3.000000
     3057    6.090      -30.000    4.000000
     3058    6.090      -29.950    4.000000
     3059    6.090      -29.900    3.000000
     3060    6.090      -29.850    2.000000
     3061    6.090      -29.800    2.000000
     3062    6.090      -29.750    1.000000
     3063    6.090      -29.700    0.000000
     3064    6.090      -29.650    0.000000
     3065    6.090      -29.600    0.000000
     3066    6.090      -29.550    0.000000
     3067    6.090      -29.500    0.000000
     3068    6.090      -29.450    0.000000
     3069    6.090      -29.400    0.000000
     3070    6.090      -29.350    0.000000
     3071    6.090      -29.300    0.000000
     3072    6.090      -29.250    0.000000
     3073    6.090      -29.200    0.000000
     3074    6.090      -29.150    0.000000
     3075    6.090      -29.100    0.000000
     3076    6.090      -29.050    0.000000
     3077    6.090      -29.000    0.000000
     3078    6.090      -28.950    0.000000
     3079    6.090      -28.900    0.000000
     3080    6.090      -28.850    0.000000
     3081    6.140      -32.300    0.000000
     3082    6.140      -32.250    0.000000
     3083    6.140      -32.200    0.000000
     3084    6.140      -32.150    0.000000
     3085    6.140      -32.100    0.000000
     3086    6.140      -32.050    0.000000
     3087    6.140      -32.000    0.000000
     3088    6.140      -31.950    0.000000
     3089    6.140      -31.900    0.000000
     3090    6.140      -31.850    0.000000
     3091    6.140      -31.800    0.000000
     3092    6.140      -31.750    0.000000
     3093    6.140      -31.700    0.000000
     3094    6.140      -31.650    1.000000
     3095    6.140      -31.600    1.000000
     3096    6.140      -31.550    1.000000
     3097    6.140      -31.500    1.000000
     3098    6.140      -31.450    1.000000
     3099    6.140      -31.400    0.000000
     3100    6.140      -31.350    0.000000
     3101    6.140      -31.300    0.000000
     3102    6.140      -31.250    0.000000
     3103    6.140      -31.200    0.000000
     3104    6.140      -31.150    0.000000
     3105    6.140      -31.100    1.000000
     3106    6.140      -31.050    1.000000
     3107    6.140      -31.000    1.000000
     3108    6.140      -30.950    2.000000
     3109    6.140      -30.900    3.000000
     3110    6.140      -30.850    2.000000
     3111    6.140      -30.800    2.000000
     3112    6.140      -30.750    2.000000
     3113    6.140      -30.700    2.000000
     3114    6.140      -30.650    2.000000
     3115    6.140      -30.600    3.000000
     3116    6.140      -30.550    3.000000
     3117    6.140      -30.500    6.000000
     3118    6.140      -30.450    5.000000
     3119    6.140      -30.400    5.000000
     3120    6.140      -30.350    5.000000
     3121    6.140      -30.300    5.000000
     3122    6.140      -30.250    3.000000
     3123    6.140      -30.200    4.000000
     3124    6.140      -30.150    3.000000
     3125    6.140      -30.100    3.000000
     3126    6.140      -30.050    3.000000
     3127    6.140      -30.000    3.000000
     3128    6.140      -29.950    3.000000
     3129    6.140      -29.900    3.000000
     3130    6.140      -29.850    2.000000
     3131    6.140      -29.800    2.000000
     3132    6.140      -29.750    1.000000
     3133    6.140      -29.700    0.000000
     3134    6.140      -29.650    0.000000
     3135    6.140      -29.600    0.000000
     3136    6.140      -29.550    0.000000
     3137    6.140      -29.500    0.000000
     3138    6.140      -29.450    0.000000
     3139    6.140      -29.400    0.000000
     3140    6.140      -29.350    0.000000
     3141    6.140      -29.300    0.000000
     3142    6.140      -29.250    0.000000
     3143    6.140      -29.200    0.000000
     3144    6.140      -29.150    0.000000
     3145    6.140      -29.100    0.000000
     3146    6.140      -29.050    0.000000
     3147    6.140      -29.000    0.000000
     3148    6.140      -28.950    0.000000
     3149    6.140      -28.900    0.000000
     3150    6.140      -28.850    0.000000
     3151    6.190      -32.300    0.000000
     3152    6.190      -32.250    0.000000
     3153    6.190      -32.200    0.000000
     3154    6.190      -32.150    0.000000
     3155    6.190      -32.100    0.000000
     3156    6.190      -32.050    0.000000
     3157    6.190      -32.000    0.000000
     3158    6.190      -31.950    0.000000
     3159    6.190      -31.900    0.000000
     3160    6.190      -31.850    0.000000
     3161    6.190      -31.800    0.000000
     3162    6.190      -31.750    0.000000
     3163    6.190      -31.700    0.000000
     3164    6.190      -31.650    1.000000
     3165    6.190      -31.600    1.000000
     3166    6.190      -31.550    1.000000
     3167    6.190      -31.500    1.000000
     3168    6.190      -31.450    1.000000
     3169    6.190      -31.400    0.000000
     3170    6.190      -31.350    0.000000
     3171    6.190      -31.300    0.000000
     3172    6.190      -31.250    0.000000
     3173    6.190      -31.200    0.000000
     3174    6.190      -31.150    0.000000
     3175    6.190      -31.100    0.000000
     3176    6.190      -31.050    1.000000
     3177    6.190      -31.000    2.000000
     3178    6.190      -30.950    3.000000
     3179    6.190      -30.900    4.000000
     3180    6.190      -30.850    4.000000
     3181    6.190      -30.800    3.000000
     3182    6.190      -30.750    2.000000
     3183    6.190      -30.700    1.000000
     3184    6.190      -30.650    1.000000
     3185    6.190      -30.600    2.000000
     3186    6.190      -30.550    2.000000
     3187    6.190      -30.500    5.000000
     3188    6.190      -30.450    5.000000
     3189    6.190      -30.400    5.000000
     3190    6.190      -30.350    5.000000
     3191    6.190      -30.300    5.000000
     3192    6.190      -30.250    3.000000
     3193    6.190      -30.200    4.000000
     3194    6.190      -30.150    3.000000
     3195    6.190      -30.100    3.000000
     3196    6.190      -30.050    3.000000
     3197    6.190      -30.000    3.000000
     3198    6.190      -29.950    2.000000
     3199    6.190      -29.900    2.000000
     3200    6.190      -29.850    1.000000
     3201    6.190      -29.800    1.000000
     3202    6.190      -29.750    0.000000
     3203    6.190      -29.700    0.000000
     3204    6.190      -29.650    0.000000
     3205    6.190      -29.600    0.000000
     3206    6.190      -29.550    0.000000
     3207    6.190      -29.500    0.000000
     3208    6.190      -29.450    0.000000
     3209    6.190      -29.400    0.000000
     3210    6.190      -29.350    0.000000
     3211    6.190      -29.300    0.000000
     3212    6.190      -29.250    0.000000
     3213    6.190      -29.200    0.000000
     3214    6.190      -29.150    0.000000
     3215    6.190      -29.100    0.000000
     3216    6.190      -29.050    0.000000
     3217    6.190      -29.000    0.000000
     3218    6.190      -28.950    0.000000
     3219    6.190      -28.900    0.000000
     3220    6.190      -28.850    0.000000
     3221    6.240      -32.300    0.000000
     3222    6.240      -32.250    0.000000
     3223    6.240      -32.200    0.000000
     3224    6.240      -32.150    0.000000
     3225    6.240      -32.100    0.000000
     3226    6.240      -32.050    0.000000
     3227    6.240      -32.000    0.000000
     3228    6.240      -31.950    0.000000
     3229    6.240      -31.900    0.000000
     3230    6.240      -31.850    0.000000
     3231    6.240      -31.800    0.000000
     3232    6.240      -31.750    0.000000
     3233    6.240      -31.700    0.000000
     3234    6.240      -31.650    1.000000
     3235    6.240      -31.600    1.000000
     3236    6.240      -31.550    1.000000
     3237    6.240      -31.500    1.000000
     3238    6.240      -31.450    1.000000
     3239    6.240      -31.400    0.000000
     3240    6.240      -31.350    0.000000
     3241    6.240      -31.300    0.000000
     3242    6.240      -31.250    0.000000
     3243    6.240      -31.200    0.000000
     3244    6.240      -31.150    0.000000
     3245    6.240      -31.100    0.000000
     3246    6.240      -31.050    1.000000
     3247    6.240      -31.000    2.000000
     3248    6.240      -30.950    3.000000
     3249    6.240      -30.900    3.000000
     3250    6.240      -30.850    3.000000
     3251    6.240      -30.800    2.000000
     3252    6.240      -30.750    1.000000
     3253    6.240      -30.700    0.000000
     3254    6.240      -30.650    1.000000
     3255    6.240      -30.600    2.000000
     3256    6.240      -30.550    2.000000
     3257    6.240      -30.500    4.000000
     3258    6.240      -30.450    4.000000
     3259    6.240      -30.400    3.000000
     3260    6.240      -30.350    2.000000
     3261    6.240      -30.300    2.000000
     3262    6.240      -30.250    1.000000
     3263    6.240      -30.200    1.000000
     3264    6.240      -30.150    1.000000
     3265    6.240      -30.100    2.000000
     3266    6.240      -30.050    2.000000
     3267    6.240      -30.000    2.000000
     3268    6.240      -29.950    2.000000
     3269    6.240      -29.900    2.000000
     3270    6.240      -29.850    1.000000
     3271    6.240      -29.800    1.000000
     3272    6.240      -29.750    0.000000
     3273    6.240      -29.700    0.000000
     3274    6.240      -29.650    0.000000
     3275    6.240      -29.600    0.000000
     3276    6.240      -29.550    0.000000
     3277    6.240      -29.500    0.000000
     3278    6.240      -29.450    0.000000
     3279    6.240      -29.400    0.000000
     3280    6.240      -29.350    0.000000
     3281    6.240      -29.300    0.000000
     3282    6.240      -29.250    0.000000
     3283    6.240      -29.200    0.000000
     3284    6.240      -29.150    0.000000
     3285    6.240      -29.100    0.000000
     3286    6.240      -29.050    0.000000
     3287    6.240      -29.000    0.000000
     3288    6.240      -28.950    0.000000
     3289    6.240      -28.900    0.000000
     3290    6.240      -28.850    0.000000
     3291    6.290      -32.300    0.000000
     3292    6.290      -32.250    0.000000
     3293    6.290      -32.200    0.000000
     3294    6.290      -32.150    0.000000
     3295    6.290      -32.100    0.000000
     3296    6.290      -32.050    0.000000
     3297    6.290      -32.000    0.000000
     3298    6.290      -31.950    0.000000
     3299    6.290      -31.900    0.000000
     3300    6.290      -31.850    0.000000
     3301    6.290      -31.800    0.000000
     3302    6.290      -31.750    0.000000
     3303    6.290      -31.700    0.000000
     3304    6.290      -31.650    1.000000
     3305    6.290      -31.600    1.000000
     3306    6.290      -31.550    1.000000
     3307    6.290      -31.500    1.000000
     3308    6.290      -31.450    1.000000
     3309    6.290      -31.400    0.000000
     3310    6.290      -31.350    0.000000
     3311    6.290      -31.300    0.000000
     3312    6.290      -31.250    0.000000
     3313    6.290      -31.200    0.000000
     3314    6.290      -31.150    0.000000
     3315    6.290      -31.100    0.000000
     3316    6.290      -31.050    1.000000
     3317    6.290      -31.000    2.000000
     3318    6.290      -30.950    3.000000
     3319    6.290      -30.900    3.000000
     3320    6.290      -30.850    3.000000
     3321    6.290      -30.800    2.000000
     3322    6.290      -30.750    1.000000
     3323    6.290      -30.700    0.000000
     3324    6.290      -30.650    1.000000
     3325    6.290      -30.600    2.000000
     3326    6.290      -30.550    2.000000
     3327    6.290      -30.500    2.000000
     3328    6.290      -30.450    2.000000
     3329    6.290      -30.400    1.000000
     3330    6.290      -30.350    0.000000
     3331    6.290      -30.300    0.000000
     3332    6.290      -30.250    1.000000
     3333    6.290      -30.200    1.000000
     3334    6.290      -30.150    1.000000
     3335    6.290      -30.100    1.000000
     3336    6.290      -30.050    1.000000
     3337    6.290      -30.000    1.000000
     3338    6.290      -29.950    1.000000
     3339    6.290      -29.900    1.000000
     3340    6.290      -29.850    1.000000
     3341    6.290      -29.800    1.000000
     3342    6.290      -29.750    0.000000
     3343    6.290      -29.700    0.000000
     3344    6.290      -29.650    0.000000
     3345    6.290      -29.600    0.000000
     3346    6.290      -29.550    0.000000
     3347    6.290      -29.500    0.000000
     3348    6.290      -29.450    0.000000
     3349    6.290      -29.400    0.000000
     3350    6.290      -29.350    0.000000
     3351    6.290      -29.300    0.000000
     3352    6.290      -29.250    0.000000
     3353    6.290      -29.200    0.000000
     3354    6.290      -29.150    0.000000
     3355    6.290      -29.100    0.000000
     3356    6.290      -29.050    0.000000
     3357    6.290      -29.000    0.000000
     3358    6.290      -28.950    0.000000
     3359    6.290      -28.900    0.000000
     3360    6.290      -28.850    0.000000
     3361    6.340      -32.300    0.000000
     3362    6.340      -32.250    0.000000
     3363    6.340      -32.200    0.000000
     3364    6.340      -32.150    0.000000
     3365    6.340      -32.100    0.000000
     3366    6.340      -32.050    0.000000
     3367    6.340      -32.000    0.000000
     3368    6.340      -31.950    0.000000
     3369    6.340      -31.900    0.000000
     3370    6.340      -31.850    0.000000
     3371    6.340      -31.800    0.000000
     3372    6.340      -31.750    0.000000
     3373    6.340      -31.700    0.000000
     3374    6.340      -31.650    0.000000
     3375    6.340      -31.600    0.000000
     3376    6.340      -31.550    0.000000
     3377    6.340      -31.500    0.000000
     3378    6.340      -31.450    0.000000
     3379    6.340      -31.400    0.000000
     3380    6.340      -31.350    0.000000
     3381    6.340      -31.300    0.000000
     3382    6.340      -31.250    0.000000
     3383    6.340      -31.200    0.000000
     3384    6.340      -31.150    0.000000
     3385    6.340      -31.100    0.000000
     3386    6.340      -31.050    1.000000
     3387    6.340      -31.000    2.000000
     3388    6.340      -30.950    2.000000
     3389    6.340      -30.900    2.000000
     3390    6.340      -30.850    2.000000
     3391    6.340      -30.800    1.000000
     3392    6.340      -30.750    0.000000
     3393    6.340      -30.700    0.000000
     3394    6.340      -30.650    0.000000
     3395    6.340      -30.600    1.000000
     3396    6.340      -30.550    1.000000
     3397    6.340      -30.500    1.000000
     3398    6.340      -30.450    1.000000
     3399    6.340      -30.400    1.000000
     3400    6.340      -30.350    0.000000
     3401    6.340      -30.300    0.000000
     3402    6.340      -30.250    1.000000
     3403    6.340      -30.200    1.000000
     3404    6.340      -30.150    1.000000
     3405    6.340      -30.100    1.000000
     3406    6.340      -30.050    1.000000
     3407    6.340      -30.000    0.000000
     3408    6.340      -29.950    0.000000
     3409    6.340      -29.900    0.000000
     3410    6.340      -29.850    0.000000
     3411    6.340      -29.800    0.000000
     3412    6.340      -29.750    0.000000
     3413    6.340      -29.700    0.000000
     3414    6.340      -29.650    0.000000
     3415    6.340      -29.600    0.000000
     3416    6.340      -29.550    0.000000
     3417    6.340      -29.500    0.000000
     3418    6.340      -29.450    0.000000
     3419    6.340      -29.400    0.000000
     3420    6.340      -29.350    0.000000
     3421    6.340      -29.300    0.000000
     3422    6.340      -29.250    0.000000
     3423    6.340      -29.200    0.000000
     3424    6.340      -29.150    0.000000
     3425    6.340      -29.100    0.000000
     3426    6.340      -29.050    0.000000
     3427    6.340      -29.000    0.000000
     3428    6.340      -28.950    0.000000
     3429    6.340      -28.900    0.000000
     3430    6.340      -28.850    0.000000
     3431    6.390      -32.300    0.000000
     3432    6.390      -32.250    0.000000
     3433    6.390      -32.200    0.000000
     3434    6.390      -32.150    0.000000
     3435    6.390      -32.100    0.000000
     3436    6.390      -32.050    0.000000
     3437    6.390      -32.000    0.000000
     3438    6.390      -31.950    0.000000
     3439    6.390      -31.900    0.000000
     3440    6.390      -31.850    0.000000
     3441    6.390      -31.800    0.000000
     3442    6.390      -31.750    0.000000
     3443    6.390      -31.700    0.000000
     3444    6.390      -31.650    0.000000
     3445    6.390      -31.600    0.000000
     3446    6.390      -31.550    0.000000
     3447    6.390      -31.500    0.000000
     3448    6.390      -31.450    0.000000
     3449    6.390      -31.400    0.000000
     3450    6.390      -31.350    0.000000
     3451    6.390      -31.300    0.000000
     3452    6.390      -31.250    0.000000
     3453    6.390      -31.200    0.000000
     3454    6.390      -31.150    0.000000
     3455    6.390      -31.100    0.000000
     3456    6.390      -31.050    1.000000
     3457    6.390      -31.000    2.000000
     3458    6.390      -30.950    2.000000
     3459    6.390      -30.900    2.000000
     3460    6.390      -30.850    3.000000
     3461    6.390      -30.800    2.000000
     3462    6.390      -30.750    1.000000
     3463    6.390      -30.700    1.000000
     3464    6.390      -30.650    1.000000
     3465    6.390      -30.600    0.000000
     3466    6.390      -30.550    0.000000
     3467    6.390      -30.500    0.000000
     3468    6.390      -30.450    0.000000
     3469    6.390      -30.400    0.000000
     3470    6.390      -30.350    0.000000
     3471    6.390      -30.300    0.000000
     3472    6.390      -30.250    0.000000
     3473    6.390      -30.200    0.000000
     3474    6.390      -30.150    1.000000
     3475    6.390      -30.100    1.000000
     3476    6.390      -30.050    1.000000
     3477    6.390      -30.000    1.000000
     3478    6.390      -29.950    1.000000
     3479    6.390      -29.900    0.000000
     3480    6.390      -29.850    0.000000
     3481    6.390      -29.800    0.000000
     3482    6.390      -29.750    0.000000
     3483    6.390      -29.700    0.000000
     3484    6.390      -29.650    0.000000
     3485    6.390      -29.600    0.000000
     3486    6.390      -29.550    0.000000
     3487    6.390      -29.500    0.000000
     3488    6.390      -29.450    0.000000
     3489    6.390      -29.400    0.000000
     3490    6.390      -29.350    0.000000
     3491    6.390      -29.300    0.000000
     3492    6.390      -29.250    0.000000
     3493    6.390      -29.200    0.000000
     3494    6.390      -29.150    0.000000
     3495    6.390      -29.100    0.000000
     3496    6.390      -29.050    0.000000
     3497    6.390      -29.000    0.000000
     3498    6.390      -28.950    0.000000
     3499    6.390      -28.900    0.000000
     3500    6.390      -28.850    0.000000
     3501    6.440      -32.300    0.000000
     3502    6.440      -32.250    0.000000
     3503    6.440      -32.200    0.000000
     3504    6.440      -32.150    0.000000
     3505    6.440      -32.100    0.000000
     3506    6.440      -32.050    0.000000
     3507    6.440      -32.000    0.000000
     3508    6.440      -31.950    0.000000
     3509    6.440      -31.900    0.000000
     3510    6.440      -31.850    0.000000
     3511    6.440      -31.800    0.000000
     3512    6.440      -31.750    0.000000
     3513    6.440      -31.700    0.000000
     3514    6.440      -31.650    0.000000
     3515    6.440      -31.600    0.000000
     3516    6.440      -31.550    0.000000
     3517    6.440      -31.500    0.000000
     3518    6.440      -31.450    0.000000
     3519    6.440      -31.400    0.000000
     3520    6.440      -31.350    0.000000
     3521    6.440      -31.300    0.000000
     3522    6.440      -31.250    0.000000
     3523    6.440      -31.200    0.000000
     3524    6.440      -31.150    0.000000
     3525    6.440      -31.100    0.000000
     3526    6.440      -31.050    0.000000
     3527    6.440      -31.000    0.000000
     3528    6.440      -30.950    0.000000
     3529    6.440      -30.900    0.000000
     3530    6.440      -30.850    1.000000
     3531    6.440      -30.800    1.000000
     3532    6.440      -30.750    1.000000
     3533    6.440      -30.700    1.000000
     3534    6.440      -30.650    1.000000
     3535    6.440      -30.600    0.000000
     3536    6.440      -30.550    0.000000
     3537    6.440      -30.500    0.000000
     3538    6.440      -30.450    0.000000
     3539    6.440      -30.400    1.000000
     3540    6.440      -30.350    1.000000
     3541    6.440      -30.300    1.000000
     3542    6.440      -30.250    1.000000
     3543    6.440      -30.200    1.000000
     3544    6.440      -30.150    1.000000
     3545    6.440      -30.100    1.000000
     3546    6.440      -30.050    1.000000
     3547    6.440      -30.000    1.000000
     3548    6.440      -29.950    1.000000
     3549    6.440      -29.900    0.000000
     3550    6.440      -29.850    0.000000
     3551    6.440      -29.800    0.000000
     3552    6.440      -29.750    0.000000
     3553    6.440      -29.700    0.000000
     3554    6.440      -29.650    0.000000
     3555    6.440      -29.600    0.000000
     3556    6.440      -29.550    0.000000
     3557    6.440      -29.500    0.000000
     3558    6.440      -29.450    0.000000
     3559    6.440      -29.400    0.000000
     3560    6.440      -29.350    0.000000
     3561    6.440      -29.300    0.000000
     3562    6.440      -29.250    0.000000
     3563    6.440      -29.200    0.000000
     3564    6.440      -29.150    0.000000
     3565    6.440      -29.100    0.000000
     3566    6.440      -29.050    0.000000
     3567    6.440      -29.000    0.000000
     3568    6.440      -28.950    0.000000
     3569    6.440      -28.900    0.000000
     3570    6.440      -28.850    0.000000
     3571    6.490      -32.300    0.000000
     3572    6.490      -32.250    0.000000
     3573    6.490      -32.200    0.000000
     3574    6.490      -32.150    0.000000
     3575    6.490      -32.100    0.000000
     3576    6.490      -32.050    0.000000
     3577    6.490      -32.000    0.000000
     3578    6.490      -31.950    0.000000
     3579    6.490      -31.900    0.000000
     3580    6.490      -31.850    0.000000
     3581    6.490      -31.800    0.000000
     3582    6.490      -31.750    0.000000
     3583    6.490      -31.700    0.000000
     3584    6.490      -31.650    0.000000
     3585    6.490      -31.600    0.000000
     3586    6.490      -31.550    0.000000
     3587    6.490      -31.500    0.000000
     3588    6.490      -31.450    0.000000
     3589    6.490      -31.400    0.000000
     3590    6.490      -31.350    0.000000
     3591    6.490      -31.300    0.000000
     3592    6.490      -31.250    0.000000
     3593    6.490      -31.200    0.000000
     3594    6.490      -31.150    0.000000
     3595    6.490      -31.100    0.000000
     3596    6.490      -31.050    0.000000
     3597    6.490      -31.000    0.000000
     3598    6.490      -30.950    0.000000
     3599    6.490      -30.900    0.000000
     3600    6.490      -30.850    1.000000
     3601    6.490      -30.800    1.000000
     3602    6.490      -30.750    1.000000
     3603    6.490      -30.700    1.000000
     3604    6.490      -30.650    1.000000
     3605    6.490      -30.600    0.000000
     3606    6.490      -30.550    0.000000
     3607    6.490      -30.500    0.000000
     3608    6.490      -30.450    0.000000
     3609    6.490      -30.400    1.000000
     3610    6.490      -30.350    1.000000
     3611    6.490      -30.300    1.000000
     3612    6.490      -30.250    1.000000
     3613    6.490      -30.200    1.000000
     3614    6.490      -30.150    1.000000
     3615    6.490      -30.100    1.000000
     3616    6.490      -30.050    1.000000
     3617    6.490      -30.000    1.000000
     3618    6.490      -29.950    1.000000
     3619    6.490      -29.900    0.000000
     3620    6.490      -29.850    0.000000
     3621    6.490      -29.800    0.000000
     3622    6.490      -29.750    0.000000
     3623    6.490      -29.700    0.000000
     3624    6.490      -29.650    0.000000
     3625    6.490      -29.600    0.000000
     3626    6.490      -29.550    0.000000
     3627    6.490      -29.500    0.000000
     3628    6.490      -29.450    0.000000
     3629    6.490      -29.400    0.000000
     3630    6.490      -29.350    0.000000
     3631    6.490      -29.300    0.000000
     3632    6.490      -29.250    0.000000
     3633    6.490      -29.200    0.000000
     3634    6.490      -29.150    0.000000
     3635    6.490      -29.100    0.000000
     3636    6.490      -29.050    0.000000
     3637    6.490      -29.000    0.000000
     3638    6.490      -28.950    0.000000
     3639    6.490      -28.900    0.000000
     3640    6.490      -28.850    0.000000
     3641    6.540      -32.300    0.000000
     3642    6.540      -32.250    0.000000
     3643    6.540      -32.200    0.000000
     3644    6.540      -32.150    0.000000
     3645    6.540      -32.100    0.000000
     3646    6.540      -32.050    0.000000
     3647    6.540      -32.000    0.000000
     3648    6.540      -31.950    0.000000
     3649    6.540      -31.900    0.000000
     3650    6.540      -31.850    0.000000
     3651    6.540      -31.800    0.000000
     3652    6.540      -31.750    0.000000
     3653    6.540      -31.700    0.000000
     3654    6.540      -31.650    0.000000
     3655    6.540      -31.600    0.000000
     3656    6.540      -31.550    0.000000
     3657    6.540      -31.500    0.000000
     3658    6.540      -31.450    0.000000
     3659    6.540      -31.400    0.000000
     3660    6.540      -31.350    0.000000
     3661    6.540      -31.300    0.000000
     3662    6.540      -31.250    0.000000
     3663    6.540      -31.200    0.000000
     3664    6.540      -31.150    0.000000
     3665    6.540      -31.100    0.000000
     3666    6.540      -31.050    0.000000
     3667    6.540      -31.000    0.000000
     3668    6.540      -30.950    0.000000
     3669    6.540      -30.900    0.000000
     3670    6.540      -30.850    1.000000
     3671    6.540      -30.800    1.000000
     3672    6.540      -30.750    1.000000
     3673    6.540      -30.700    1.000000
     3674    6.540      -30.650    1.000000
     3675    6.540      -30.600    0.000000
     3676    6.540      -30.550    0.000000
     3677    6.540      -30.500    0.000000
     3678    6.540      -30.450    0.000000
     3679    6.540      -30.400    1.000000
     3680    6.540      -30.350    1.000000
     3681    6.540      -30.300    1.000000
     3682    6.540      -30.250    1.000000
     3683    6.540      -30.200    1.000000
     3684    6.540      -30.150    1.000000
     3685    6.540      -30.100    1.000000
     3686    6.540      -30.050    1.000000
     3687    6.540      -30.000    1.000000
     3688    6.540      -29.950    1.000000
     3689    6.540      -29.900    0.000000
     3690    6.540      -29.850    0.000000
     3691    6.540      -29.800    0.000000
     3692    6.540      -29.750    0.000000
     3693    6.540      -29.700    0.000000
     3694    6.540      -29.650    0.000000
     3695    6.540      -29.600    0.000000
     3696    6.540      -29.550    0.000000
     3697    6.540      -29.500    0.000000
     3698    6.540      -29.450    0.000000
     3699    6.540      -29.400    0.000000
     3700    6.540      -29.350    0.000000
     3701    6.540      -29.300    0.000000
     3702    6.540      -29.250    0.000000
     3703    6.540      -29.200    0.000000
     3704    6.540      -29.150    0.000000
     3705    6.540      -29.100    0.000000
     3706    6.540      -29.050    0.000000
     3707    6.540      -29.000    0.000000
     3708    6.540      -28.950    0.000000
     3709    6.540      -28.900    0.000000
     3710    6.540      -28.850    0.000000
     3711    6.590      -32.300    0.000000
     3712    6.590      -32.250    0.000000
     3713    6.590      -32.200    0.000000
     3714    6.590      -32.150    0.000000
     3715    6.590      -32.100    0.000000
     3716    6.590      -32.050    0.000000
     3717    6.590      -32.000    0.000000
     3718    6.590      -31.950    0.000000
     3719    6.590      -31.900    0.000000
     3720    6.590      -31.850    0.000000
     3721    6.590      -31.800    0.000000
     3722    6.590      -31.750    0.000000
     3723    6.590      -31.700    0.000000
     3724    6.590      -31.650    0.000000
     3725    6.590      -31.600    0.000000
     3726    6.590      -31.550    0.000000
     3727    6.590      -31.500    0.000000
     3728    6.590      -31.450    0.000000
     3729    6.590      -31.400    0.000000
     3730    6.590      -31.350    0.000000
     3731    6.590      -31.300    0.000000
     3732    6.590      -31.250    0.000000
     3733    6.590      -31.200    0.000000
     3734    6.590      -31.150    0.000000
     3735    6.590      -31.100    0.000000
     3736    6.590      -31.050    0.000000
     3737    6.590      -31.000    0.000000
     3738    6.590      -30.950    0.000000
     3739    6.590      -30.900    0.000000
     3740    6.590      -30.850    1.000000
     3741    6.590      -30.800    1.000000
     3742    6.590      -30.750    1.000000
     3743    6.590      -30.700    1.000000
     3744    6.590      -30.650    1.000000
     3745    6.590      -30.600    0.000000
     3746    6.590      -30.550    0.000000
     3747    6.590      -30.500    0.000000
     3748    6.590      -30.450    0.000000
     3749    6.590      -30.400    1.000000
     3750    6.590      -30.350    1.000000
     3751    6.590      -30.300    1.000000
     3752    6.590      -30.250    1.000000
     3753    6.590      -30.200    1.000000
     3754    6.590      -30.150    1.000000
     3755    6.590      -30.100    1.000000
     3756    6.590      -30.050    1.000000
     3757    6.590      -30.000    1.000000
     3758    6.590      -29.950    1.000000
     3759    6.590      -29.900    0.000000
     3760    6.590      -29.850    0.000000
     3761    6.590      -29.800    0.000000
     3762    6.590      -29.750    0.000000
     3763    6.590      -29.700    0.000000
     3764    6.590      -29.650    0.000000
     3765    6.590      -29.600    0.000000
     3766    6.590      -29.550    0.000000
     3767    6.590      -29.500    0.000000
     3768    6.590      -29.450    0.000000
     3769    6.590      -29.400    0.000000
     3770    6.590      -29.350    0.000000
     3771    6.590      -29.300    0.000000
     3772    6.590      -29.250    0.000000
     3773    6.590      -29.200    0.000000
     3774    6.590      -29.150    0.000000
     3775    6.590      -29.100    0.000000
     3776    6.590      -29.050    0.000000
     3777    6.590      -29.000    0.000000
     3778    6.590      -28.950    0.000000
     3779    6.590      -28.900    0.000000
     3780    6.590      -28.850    0.000000
     3781    6.640      -32.300    0.000000
     3782    6.640      -32.250    0.000000
     3783    6.640      -32.200    0.000000
     3784    6.640      -32.150    0.000000
     3785    6.640      -32.100    0.000000
     3786    6.640      -32.050    0.000000
     3787    6.640      -32.000    0.000000
     3788    6.640      -31.950    0.000000
     3789    6.640      -31.900    0.000000
     3790    6.640      -31.850    0.000000
     3791    6.640      -31.800    0.000000
     3792    6.640      -31.750    0.000000
     3793    6.640      -31.700    0.000000
     3794    6.640      -31.650    0.000000
     3795    6.640      -31.600    0.000000
     3796    6.640      -31.550    0.000000
     3797    6.640      -31.500    0.000000
     3798    6.640      -31.450    0.000000
     3799    6.640      -31.400    0.000000
     3800    6.640      -31.350    0.000000
     3801    6.640      -31.300    0.000000
     3802    6.640      -31.250    0.000000
     3803    6.640      -31.200    0.000000
     3804    6.640      -31.150    0.000000
     3805    6.640      -31.100    0.000000
     3806    6.640      -31.050    0.000000
     3807    6.640      -31.000    0.000000
     3808    6.640      -30.950    0.000000
     3809    6.640      -30.900    0.000000
     3810    6.640      -30.850    0.000000
     3811    6.640      -30.800    0.000000
     3812    6.640      -30.750    0.000000
     3813    6.640      -30.700    0.000000
     3814    6.640      -30.650    0.000000
     3815    6.640      -30.600    0.000000
     3816    6.640      -30.550    0.000000
     3817    6.640      -30.500    0.000000
     3818    6.640      -30.450    0.000000
     3819    6.640      -30.400    1.000000
     3820    6.640      -30.350    1.000000
     3821    6.640      -30.300    1.000000
     3822    6.640      -30.250    1.000000
     3823    6.640      -30.200    1.000000
     3824    6.640      -30.150    0.000000
     3825    6.640      -30.100    0.000000
     3826    6.640      -30.050    0.000000
     3827    6.640      -30.000    0.000000
     3828    6.640      -29.950    0.000000
     3829    6.640      -29.900    0.000000
     3830    6.640      -29.850    0.000000
     3831    6.640      -29.800    0.000000
     3832    6.640      -29.750    0.000000
     3833    6.640      -29.700    0.000000
     3834    6.640      -29.650    0.000000
     3835    6.640      -29.600    0.000000
     3836    6.640      -29.550    0.000000
     3837    6.640      -29.500    0.000000
     3838    6.640      -29.450    0.000000
     3839    6.640      -29.400    0.000000
     3840    6.640      -29.350    0.000000
     3841    6.640      -29.300    0.000000
     3842    6.640      -29.250    0.000000
     3843    6.640      -29.200    0.000000
     3844    6.640      -29.150    0.000000
     3845    6.640      -29.100    0.000000
     3846    6.640      -29.050    0.000000
     3847    6.640      -29.000    0.000000
     3848    6.640      -28.950    0.000000
     3849    6.640      -28.900    0.000000
     3850    6.640      -28.850    0.000000
     3851    6.690      -32.300    0.000000
     3852    6.690      -32.250    0.000000
     3853    6.690      -32.200    0.000000
     3854    6.690      -32.150    0.000000
     3855    6.690      -32.100    0.000000
     3856    6.690      -32.050    0.000000
     3857    6.690      -32.000    0.000000
     3858    6.690      -31.950    0.000000
     3859    6.690      -31.900    0.000000
     3860    6.690      -31.850    0.000000
     3861    6.690      -31.800    0.000000
     3862    6.690      -31.750    0.000000
     3863    6.690      -31.700    0.000000
     3864    6.690      -31.650    0.000000
     3865    6.690      -31.600    0.000000
     3866    6.690      -31.550    0.000000
     3867    6.690      -31.500    0.000000
     3868    6.690      -31.450    0.000000
     3869    6.690      -31.400    0.000000
     3870    6.690      -31.350    0.000000
     3871    6.690      -31.300    0.000000
     3872    6.690      -31.250    0.000000
     3873    6.690      -31.200    0.000000
     3874    6.690      -31.150    0.000000
     3875    6.690      -31.100    0.000000
     3876    6.690      -31.050    0.000000
     3877    6.690      -31.000    0.000000
     3878    6.690      -30.950    0.000000
     3879    6.690      -30.900    0.000000
     3880    6.690      -30.850    0.000000
     3881    6.690      -30.800    0.000000
     3882    6.690      -30.750    0.000000
     3883    6.690      -30.700    0.000000
     3884    6.690      -30.650    0.000000
     3885    6.690      -30.600    0.000000
     3886    6.690      -30.550    0.000000
     3887    6.690      -30.500    0.000000
     3888    6.690      -30.450    0.000000
     3889    6.690      -30.400    0.000000
     3890    6.690      -30.350    0.000000
     3891    6.690      -30.300    0.000000
     3892    6.690      -30.250    0.000000
     3893    6.690      -30.200    0.000000
     3894    6.690      -30.150    0.000000
     3895    6.690      -30.100    0.000000
     3896    6.690      -30.050    0.000000
     3897    6.690      -30.000    0.000000
     3898    6.690      -29.950    0.000000
     3899    6.690      -29.900    0.000000
     3900    6.690      -29.850    0.000000
     3901    6.690      -29.800    0.000000
     3902    6.690      -29.750    0.000000
     3903    6.690      -29.700    0.000000
     3904    6.690      -29.650    0.000000
     3905    6.690      -29.600    0.000000
     3906    6.690      -29.550    0.000000
     3907    6.690      -29.500    0.000000
     3908    6.690      -29.450    0.000000
     3909    6.690      -29.400    0.000000
     3910    6.690      -29.350    0.000000
     3911    6.690      -29.300    0.000000
     3912    6.690      -29.250    0.000000
     3913    6.690      -29.200    0.000000
     3914    6.690      -29.150    0.000000
     3915    6.690      -29.100    0.000000
     3916    6.690      -29.050    0.000000
     3917    6.690      -29.000    0.000000
     3918    6.690      -28.950    0.000000
     3919    6.690      -28.900    0.000000
     3920    6.690      -28.850    0.000000
     3921    6.740      -32.300    0.000000
     3922    6.740      -32.250    0.000000
     3923    6.740      -32.200    0.000000
     3924    6.740      -32.150    0.000000
     3925    6.740      -32.100    0.000000
     3926    6.740      -32.050    0.000000
     3927    6.740      -32.000    0.000000
     3928    6.740      -31.950    0.000000
     3929    6.740      -31.900    0.000000
     3930    6.740      -31.850    0.000000
     3931    6.740      -31.800    0.000000
     3932    6.740      -31.750    0.000000
     3933    6.740      -31.700    0.000000
     3934    6.740      -31.650    0.000000
     3935    6.740      -31.600    0.000000
     3936    6.740      -31.550    0.000000
     3937    6.740      -31.500    0.000000
     3938    6.740      -31.450    0.000000
     3939    6.740      -31.400    0.000000
     3940    6.740      -31.350    0.000000
     3941    6.740      -31.300    0.000000
     3942    6.740      -31.250    0.000000
     3943    6.740      -31.200    0.000000
     3944    6.740      -31.150    0.000000
     3945    6.740      -31.100    0.000000
     3946    6.740      -31.050    0.000000
     3947    6.740      -31.000    0.000000
     3948    6.740      -30.950    0.000000
     3949    6.740      -30.900    0.000000
     3950    6.740      -30.850    0.000000
     3951    6.740      -30.800    0.000000
     3952    6.740      -30.750    0.000000
     3953    6.740      -30.700    0.000000
     3954    6.740      -30.650    0.000000
     3955    6.740      -30.600    0.000000
     3956    6.740      -30.550    0.000000
     3957    6.740      -30.500    0.000000
     3958    6.740      -30.450    0.000000
     3959    6.740      -30.400    0.000000
     3960    6.740      -30.350    0.000000
     3961    6.740      -30.300    0.000000
     3962    6.740      -30.250    0.000000
     3963    6.740      -30.200    0.000000
     3964    6.740      -30.150    0.000000
     3965    6.740      -30.100    0.000000
     3966    6.740      -30.050    0.000000
     3967    6.740      -30.000    0.000000
     3968    6.740      -29.950    0.000000
     3969    6.740      -29.900    0.000000
     3970    6.740      -29.850    0.000000
     3971    6.740      -29.800    0.000000
     3972    6.740      -29.750    0.000000
     3973    6.740      -29.700    0.000000
     3974    6.740      -29.650    0.000000
     3975    6.740      -29.600    0.000000
     3976    6.740      -29.550    0.000000
     3977    6.740      -29.500    0.000000
     3978    6.740      -29.450    0.000000
     3979    6.740      -29.400    0.000000
     3980    6.740      -29.350    0.000000
     3981    6.740      -29.300    0.000000
     3982    6.740      -29.250    0.000000
     3983    6.740      -29.200    0.000000
     3984    6.740      -29.150    0.000000
     3985    6.740      -29.100    0.000000
     3986    6.740      -29.050    0.000000
     3987    6.740      -29.000    0.000000
     3988    6.740      -28.950    0.000000
     3989    6.740      -28.900    0.000000
     3990    6.740      -28.850    0.000000
     3991    6.790      -32.300    0.000000
     3992    6.790      -32.250    0.000000
     3993    6.790      -32.200    0.000000
     3994    6.790      -32.150    0.000000
     3995    6.790      -32.100    0.000000
     3996    6.790      -32.050    0.000000
     3997    6.790      -32.000    0.000000
     3998    6.790      -31.950    0.000000
     3999    6.790      -31.900    0.000000
     4000    6.790      -31.850    0.000000
     4001    6.790      -31.800    0.000000
     4002    6.790      -31.750    0.000000
     4003    6.790      -31.700    0.000000
     4004    6.790      -31.650    0.000000
     4005    6.790      -31.600    0.000000
     4006    6.790      -31.550    0.000000
     4007    6.790      -31.500    0.000000
     4008    6.790      -31.450    0.000000
     4009    6.790      -31.400    0.000000
     4010    6.790      -31.350    0.000000
     4011    6.790      -31.300    0.000000
     4012    6.790      -31.250    0.000000
     4013    6.790      -31.200    0.000000
     4014    6.790      -31.150    0.000000
     4015    6.790      -31.100    0.000000
     4016    6.790      -31.050    0.000000
     4017    6.790      -31.000    0.000000
     4018    6.790      -30.950    0.000000
     4019    6.790      -30.900    0.000000
     4020    6.790      -30.850    0.000000
     4021    6.790      -30.800    0.000000
     4022    6.790      -30.750    0.000000
     4023    6.790      -30.700    0.000000
     4024    6.790      -30.650    0.000000
     4025    6.790      -30.600    0.000000
     4026    6.790      -30.550    0.000000
     4027    6.790      -30.500    0.000000
     4028    6.790      -30.450    0.000000
     4029    6.790      -30.400    0.000000
     4030    6.790      -30.350    0.000000
     4031    6.790      -30.300    0.000000
     4032    6.790      -30.250    0.000000
     4033    6.790      -30.200    0.000000
     4034    6.790      -30.150    0.000000
     4035    6.790      -30.100    0.000000
     4036    6.790      -30.050    0.000000
     4037    6.790      -30.000    0.000000
     4038    6.790      -29.950    0.000000
     4039    6.790      -29.900    0.000000
     4040    6.790      -29.850    0.000000
     4041    6.790      -29.800    0.000000
     4042    6.790      -29.750    0.000000
     4043    6.790      -29.700    0.000000
     4044    6.790      -29.650    0.000000
     4045    6.790      -29.600    0.000000
     4046    6.790      -29.550    0.000000
     4047    6.790      -29.500    0.000000
     4048    6.790      -29.450    0.000000
     4049    6.790      -29.400    0.000000
     4050    6.790      -29.350    0.000000
     4051    6.790      -29.300    0.000000
     4052    6.790      -29.250    0.000000
     4053    6.790      -29.200    0.000000
     4054    6.790      -29.150    0.000000
     4055    6.790      -29.100    0.000000
     4056    6.790      -29.050    0.000000
     4057    6.790      -29.000    0.000000
     4058    6.790      -28.950    0.000000
     4059    6.790      -28.900    0.000000
     4060    6.790      -28.850    0.000000
     4061    6.840      -32.300    0.000000
     4062    6.840      -32.250    0.000000
     4063    6.840      -32.200    0.000000
     4064    6.840      -32.150    0.000000
     4065    6.840      -32.100    0.000000
     4066    6.840      -32.050    0.000000
     4067    6.840      -32.000    0.000000
     4068    6.840      -31.950    0.000000
     4069    6.840      -31.900    0.000000
     4070    6.840      -31.850    0.000000
     4071    6.840      -31.800    0.000000
     4072    6.840      -31.750    0.000000
     4073    6.840      -31.700    0.000000
     4074    6.840      -31.650    0.000000
     4075    6.840      -31.600    0.000000
     4076    6.840      -31.550    0.000000
     4077    6.840      -31.500    0.000000
     4078    6.840      -31.450    0.000000
     4079    6.840      -31.400    0.000000
     4080    6.840      -31.350    0.000000
     4081    6.840      -31.300    0.000000
     4082    6.840      -31.250    0.000000
     4083    6.840      -31.200    0.000000
     4084    6.840      -31.150    0.000000
     4085    6.840      -31.100    0.000000
     4086    6.840      -31.050    0.000000
     4087    6.840      -31.000    0.000000
     4088    6.840      -30.950    0.000000
     4089    6.840      -30.900    0.000000
     4090    6.840      -30.850    0.000000
     4091    6.840      -30.800    0.000000
     4092    6.840      -30.750    0.000000
     4093    6.840      -30.700    0.000000
     4094    6.840      -30.650    0.000000
     4095    6.840      -30.600    0.000000
     4096    6.840      -30.550    0.000000
     4097    6.840      -30.500    0.000000
     4098    6.840      -30.450    0.000000
     4099    6.840      -30.400    0.000000
     4100    6.840      -30.350    0.000000
     4101    6.840      -30.300    0.000000
     4102    6.840      -30.250    0.000000
     4103    6.840      -30.200    0.000000
     4104    6.840      -30.150    0.000000
     4105    6.840      -30.100    0.000000
     4106    6.840      -30.050    0.000000
     4107    6.840      -30.000    0.000000
     4108    6.840      -29.950    0.000000
     4109    6.840      -29.900    0.000000
     4110    6.840      -29.850    0.000000
     4111    6.840      -29.800    0.000000
     4112    6.840      -29.750    0.000000
     4113    6.840      -29.700    0.000000
     4114    6.840      -29.650    0.000000
     4115    6.840      -29.600    0.000000
     4116    6.840      -29.550    0.000000
     4117    6.840      -29.500    0.000000
     4118    6.840      -29.450    0.000000
     4119    6.840      -29.400    0.000000
     4120    6.840      -29.350    0.000000
     4121    6.840      -29.300    0.000000
     4122    6.840      -29.250    0.000000
     4123    6.840      -29.200    0.000000
     4124    6.840      -29.150    0.000000
     4125    6.840      -29.100    0.000000
     4126    6.840      -29.050    0.000000
     4127    6.840      -29.000    0.000000
     4128    6.840      -28.950    0.000000
     4129    6.840      -28.900    0.000000
     4130    6.840      -28.850    0.000000
     4131    6.890      -32.300    0.000000
     4132    6.890      -32.250    0.000000
     4133    6.890      -32.200    0.000000
     4134    6.890      -32.150    0.000000
     4135    6.890      -32.100    0.000000
     4136    6.890      -32.050    0.000000
     4137    6.890      -32.000    0.000000
     4138    6.890      -31.950    0.000000
     4139    6.890      -31.900    0.000000
     4140    6.890      -31.850    0.000000
     4141    6.890      -31.800    0.000000
     4142    6.890      -31.750    0.000000
     4143    6.890      -31.700    0.000000
     4144    6.890      -31.650    0.000000
     4145    6.890      -31.600    0.000000
     4146    6.890      -31.550    0.000000
     4147    6.890      -31.500    0.000000
     4148    6.890      -31.450    0.000000
     4149    6.890      -31.400    0.000000
     4150    6.890      -31.350    0.000000
     4151    6.890      -31.300    0.000000
     4152    6.890      -31.250    0.000000
     4153    6.890      -31.200    0.000000
     4154    6.890      -31.150    0.000000
     4155    6.890      -31.100    0.000000
     4156    6.890      -31.050    0.000000
     4157    6.890      -31.000    0.000000
     4158    6.890      -30.950    0.000000
     4159    6.890      -30.900    0.000000
     4160    6.890      -30.850    0.000000
     4161    6.890      -30.800    0.000000
     4162    6.890      -30.750    0.000000
     4163    6.890      -30.700    0.000000
     4164    6.890      -30.650    0.000000
     4165    6.890      -30.600    0.000000
     4166    6.890      -30.550    0.000000
     4167    6.890      -30.500    0.000000
     4168    6.890      -30.450    0.000000
     4169    6.890      -30.400    0.000000
     4170    6.890      -30.350    0.000000
     4171    6.890      -30.300    0.000000
     4172    6.890      -30.250    0.000000
     4173    6.890      -30.200    0.000000
     4174    6.890      -30.150    0.000000
     4175    6.890      -30.100    0.000000
     4176    6.890      -30.050    0.000000
     4177    6.890      -30.000    0.000000
     4178    6.890      -29.950    0.000000
     4179    6.890      -29.900    0.000000
     4180    6.890      -29.850    0.000000
     4181    6.890      -29.800    0.000000
     4182    6.890      -29.750    0.000000
     4183    6.890      -29.700    0.000000
     4184    6.890      -29.650    0.000000
     4185    6.890      -29.600    0.000000
     4186    6.890      -29.550    0.000000
     4187    6.890      -29.500    0.000000
     4188    6.890      -29.450    0.000000
     4189    6.890      -29.400    0.000000
     4190    6.890      -29.350    0.000000
     4191    6.890      -29.300    0.000000
     4192    6.890      -29.250    0.000000
     4193    6.890      -29.200    0.000000
     4194    6.890      -29.150    0.000000
     4195    6.890      -29.100    0.000000
     4196    6.890      -29.050    0.000000
     4197    6.890      -29.000    0.000000
     4198    6.890      -28.950    0.000000
     4199    6.890      -28.900    0.000000
     4200    6.890      -28.850    0.000000
     4201    6.940      -32.300    0.000000
     4202    6.940      -32.250    0.000000
     4203    6.940      -32.200    0.000000
     4204    6.940      -32.150    0.000000
     4205    6.940      -32.100    0.000000
     4206    6.940      -32.050    0.000000
     4207    6.940      -32.000    0.000000
     4208    6.940      -31.950    0.000000
     4209    6.940      -31.900    0.000000
     4210    6.940      -31.850    0.000000
     4211    6.940      -31.800    0.000000
     4212    6.940      -31.750    0.000000
     4213    6.940      -31.700    0.000000
     4214    6.940      -31.650    0.000000
     4215    6.940      -31.600    0.000000
     4216    6.940      -31.550    0.000000
     4217    6.940      -31.500    0.000000
     4218    6.940      -31.450    0.000000
     4219    6.940      -31.400    0.000000
     4220    6.940      -31.350    0.000000
     4221    6.940      -31.300    0.000000
     4222    6.940      -31.250    0.000000
     4223    6.940      -31.200    0.000000
     4224    6.940      -31.150    0.000000
     4225    6.940      -31.100    0.000000
     4226    6.940      -31.050    0.000000
     4227    6.940      -31.000    0.000000
     4228    6.940      -30.950    0.000000
     4229    6.940      -30.900    0.000000
     4230    6.940      -30.850    0.000000
     4231    6.940      -30.800    0.000000
     4232    6.940      -30.750    0.000000
     4233    6.940      -30.700    0.000000
     4234    6.940      -30.650    0.000000
     4235    6.940      -30.600    0.000000
     4236    6.940      -30.550    0.000000
     4237    6.940      -30.500    0.000000
     4238    6.940      -30.450    0.000000
     4239    6.940      -30.400    0.000000
     4240    6.940      -30.350    0.000000
     4241    6.940      -30.300    0.000000
     4242    6.940      -30.250    0.000000
     4243    6.940      -30.200    0.000000
     4244    6.940      -30.150    0.000000
     4245    6.940      -30.100    0.000000
     4246    6.940      -30.050    0.000000
     4247    6.940      -30.000    0.000000
     4248    6.940      -29.950    0.000000
     4249    6.940      -29.900    0.000000
     4250    6.940      -29.850    0.000000
     4251    6.940      -29.800    0.000000
     4252    6.940      -29.750    0.000000
     4253    6.940      -29.700    0.000000
     4254    6.940      -29.650    0.000000
     4255    6.940      -29.600    0.000000
     4256    6.940      -29.550    0.000000
     4257    6.940      -29.500    0.000000
     4258    6.940      -29.450    0.000000
     4259    6.940      -29.400    0.000000
     4260    6.940      -29.350    0.000000
     4261    6.940      -29.300    0.000000
     4262    6.940      -29.250    0.000000
     4263    6.940      -29.200    0.000000
     4264    6.940      -29.150    0.000000
     4265    6.940      -29.100    0.000000
     4266    6.940      -29.050    0.000000
     4267    6.940      -29.000    0.000000
     4268    6.940      -28.950    0.000000
     4269    6.940      -28.900    0.000000
     4270    6.940      -28.850    0.000000
     4271    6.990      -32.300    0.000000
     4272    6.990      -32.250    0.000000
     4273    6.990      -32.200    0.000000
     4274    6.990      -32.150    0.000000
     4275    6.990      -32.100    0.000000
     4276    6.990      -32.050    0.000000
     4277    6.990      -32.000    0.000000
     4278    6.990      -31.950    0.000000
     4279    6.990      -31.900    0.000000
     4280    6.990      -31.850    0.000000
     4281    6.990      -31.800    0.000000
     4282    6.990      -31.750    0.000000
     4283    6.990      -31.700    0.000000
     4284    6.990      -31.650    0.000000
     4285    6.990      -31.600    0.000000
     4286    6.990      -31.550    0.000000
     4287    6.990      -31.500    0.000000
     4288    6.990      -31.450    0.000000
     4289    6.990      -31.400    0.000000
     4290    6.990      -31.350    0.000000
     4291    6.990      -31.300    0.000000
     4292    6.990      -31.250    0.000000
     4293    6.990      -31.200    0.000000
     4294    6.990      -31.150    0.000000
     4295    6.990      -31.100    0.000000
     4296    6.990      -31.050    0.000000
     4297    6.990      -31.000    0.000000
     4298    6.990      -30.950    0.000000
     4299    6.990      -30.900    0.000000
     4300    6.990      -30.850    0.000000
     4301    6.990      -30.800    0.000000
     4302    6.990      -30.750    0.000000
     4303    6.990      -30.700    0.000000
     4304    6.990      -30.650    0.000000
     4305    6.990      -30.600    0.000000
     4306    6.990      -30.550    0.000000
     4307    6.990      -30.500    0.000000
     4308    6.990      -30.450    0.000000
     4309    6.990      -30.400    0.000000
     4310    6.990      -30.350    0.000000
     4311    6.990      -30.300    0.000000
     4312    6.990      -30.250    0.000000
     4313    6.990      -30.200    0.000000
     4314    6.990      -30.150    0.000000
     4315    6.990      -30.100    0.000000
     4316    6.990      -30.050    0.000000
     4317    6.990      -30.000    0.000000
     4318    6.990      -29.950    0.000000
     4319    6.990      -29.900    0.000000
     4320    6.990      -29.850    0.000000
     4321    6.990      -29.800    0.000000
     4322    6.990      -29.750    0.000000
     4323    6.990      -29.700    0.000000
     4324    6.990      -29.650    0.000000
     4325    6.990      -29.600    0.000000
     4326    6.990      -29.550    0.000000
     4327    6.990      -29.500    0.000000
     4328    6.990      -29.450    0.000000
     4329    6.990      -29.400    0.000000
     4330    6.990      -29.350    0.000000
     4331    6.990      -29.300    0.000000
     4332    6.990      -29.250    0.000000
     4333    6.990      -29.200    0.000000
     4334    6.990      -29.150    0.000000
     4335    6.990      -29.100    0.000000
     4336    6.990      -29.050    0.000000
     4337    6.990      -29.000    0.000000
     4338    6.990      -28.950    0.000000
     4339    6.990      -28.900    0.000000
     4340    6.990      -28.850    0.000000
