# Fake Entries for Testing!!!!
# Just the points and its neighbours have p = 1
# counter    z          M1450      p         
        1    3.380      -32.950    0.000000
        2    3.380      -32.900    0.000000
        3    3.380      -32.850    0.000000
        4    3.380      -32.800    0.000000
        5    3.380      -32.750    0.000000
        6    3.380      -32.700    0.000000
        7    3.380      -32.650    0.000000
        8    3.380      -32.600    0.000000
        9    3.380      -32.550    0.000000
       10    3.380      -32.500    0.000000
       11    3.380      -32.450    0.000000
       12    3.380      -32.400    0.000000
       13    3.380      -32.350    0.000000
       14    3.380      -32.300    0.000000
       15    3.380      -32.250    0.000000
       16    3.380      -32.200    0.000000
       17    3.380      -32.150    0.000000
       18    3.380      -32.100    0.000000
       19    3.380      -32.050    0.000000
       20    3.380      -32.000    0.000000
       21    3.380      -31.950    0.000000
       22    3.380      -31.900    0.000000
       23    3.380      -31.850    0.000000
       24    3.380      -31.800    0.000000
       25    3.380      -31.750    0.000000
       26    3.380      -31.700    0.000000
       27    3.380      -31.650    0.000000
       28    3.380      -31.600    0.000000
       29    3.380      -31.550    0.000000
       30    3.380      -31.500    0.000000
       31    3.380      -31.450    0.000000
       32    3.380      -31.400    0.000000
       33    3.380      -31.350    0.000000
       34    3.380      -31.300    0.000000
       35    3.380      -31.250    0.000000
       36    3.380      -31.200    0.000000
       37    3.380      -31.150    0.000000
       38    3.380      -31.100    0.000000
       39    3.380      -31.050    0.000000
       40    3.380      -31.000    0.000000
       41    3.380      -30.950    0.000000
       42    3.380      -30.900    0.000000
       43    3.380      -30.850    0.000000
       44    3.380      -30.800    0.000000
       45    3.380      -30.750    0.000000
       46    3.380      -30.700    0.000000
       47    3.380      -30.650    0.000000
       48    3.380      -30.600    0.000000
       49    3.380      -30.550    0.000000
       50    3.380      -30.500    0.000000
       51    3.380      -30.450    0.000000
       52    3.380      -30.400    0.000000
       53    3.380      -30.350    0.000000
       54    3.380      -30.300    0.000000
       55    3.380      -30.250    0.000000
       56    3.380      -30.200    0.000000
       57    3.380      -30.150    0.000000
       58    3.380      -30.100    0.000000
       59    3.380      -30.050    0.000000
       60    3.380      -30.000    0.000000
       61    3.380      -29.950    0.000000
       62    3.380      -29.900    0.000000
       63    3.380      -29.850    0.000000
       64    3.380      -29.800    0.000000
       65    3.380      -29.750    0.000000
       66    3.380      -29.700    0.000000
       67    3.380      -29.650    0.000000
       68    3.380      -29.600    0.000000
       69    3.380      -29.550    0.000000
       70    3.380      -29.500    0.000000
       71    3.380      -29.450    0.000000
       72    3.380      -29.400    0.000000
       73    3.380      -29.350    0.000000
       74    3.380      -29.300    0.000000
       75    3.380      -29.250    0.000000
       76    3.380      -29.200    0.000000
       77    3.380      -29.150    0.000000
       78    3.380      -29.100    0.000000
       79    3.380      -29.050    0.000000
       80    3.380      -29.000    0.000000
       81    3.380      -28.950    0.000000
       82    3.380      -28.900    0.000000
       83    3.380      -28.850    0.000000
       84    3.380      -28.800    0.000000
       85    3.380      -28.750    0.000000
       86    3.380      -28.700    0.000000
       87    3.430      -32.950    0.000000
       88    3.430      -32.900    0.000000
       89    3.430      -32.850    0.000000
       90    3.430      -32.800    0.000000
       91    3.430      -32.750    0.000000
       92    3.430      -32.700    0.000000
       93    3.430      -32.650    0.000000
       94    3.430      -32.600    0.000000
       95    3.430      -32.550    0.000000
       96    3.430      -32.500    0.000000
       97    3.430      -32.450    0.000000
       98    3.430      -32.400    0.000000
       99    3.430      -32.350    0.000000
      100    3.430      -32.300    0.000000
      101    3.430      -32.250    0.000000
      102    3.430      -32.200    0.000000
      103    3.430      -32.150    0.000000
      104    3.430      -32.100    0.000000
      105    3.430      -32.050    0.000000
      106    3.430      -32.000    0.000000
      107    3.430      -31.950    0.000000
      108    3.430      -31.900    0.000000
      109    3.430      -31.850    0.000000
      110    3.430      -31.800    0.000000
      111    3.430      -31.750    0.000000
      112    3.430      -31.700    0.000000
      113    3.430      -31.650    0.000000
      114    3.430      -31.600    0.000000
      115    3.430      -31.550    0.000000
      116    3.430      -31.500    0.000000
      117    3.430      -31.450    0.000000
      118    3.430      -31.400    0.000000
      119    3.430      -31.350    0.000000
      120    3.430      -31.300    0.000000
      121    3.430      -31.250    0.000000
      122    3.430      -31.200    0.000000
      123    3.430      -31.150    0.000000
      124    3.430      -31.100    0.000000
      125    3.430      -31.050    0.000000
      126    3.430      -31.000    0.000000
      127    3.430      -30.950    0.000000
      128    3.430      -30.900    0.000000
      129    3.430      -30.850    0.000000
      130    3.430      -30.800    0.000000
      131    3.430      -30.750    0.000000
      132    3.430      -30.700    0.000000
      133    3.430      -30.650    0.000000
      134    3.430      -30.600    0.000000
      135    3.430      -30.550    0.000000
      136    3.430      -30.500    0.000000
      137    3.430      -30.450    0.000000
      138    3.430      -30.400    0.000000
      139    3.430      -30.350    0.000000
      140    3.430      -30.300    0.000000
      141    3.430      -30.250    0.000000
      142    3.430      -30.200    0.000000
      143    3.430      -30.150    0.000000
      144    3.430      -30.100    0.000000
      145    3.430      -30.050    0.000000
      146    3.430      -30.000    0.000000
      147    3.430      -29.950    0.000000
      148    3.430      -29.900    0.000000
      149    3.430      -29.850    0.000000
      150    3.430      -29.800    0.000000
      151    3.430      -29.750    0.000000
      152    3.430      -29.700    0.000000
      153    3.430      -29.650    0.000000
      154    3.430      -29.600    0.000000
      155    3.430      -29.550    0.000000
      156    3.430      -29.500    0.000000
      157    3.430      -29.450    0.000000
      158    3.430      -29.400    0.000000
      159    3.430      -29.350    0.000000
      160    3.430      -29.300    0.000000
      161    3.430      -29.250    0.000000
      162    3.430      -29.200    0.000000
      163    3.430      -29.150    0.000000
      164    3.430      -29.100    0.000000
      165    3.430      -29.050    0.000000
      166    3.430      -29.000    0.000000
      167    3.430      -28.950    0.000000
      168    3.430      -28.900    0.000000
      169    3.430      -28.850    0.000000
      170    3.430      -28.800    0.000000
      171    3.430      -28.750    0.000000
      172    3.430      -28.700    0.000000
      173    3.480      -32.950    0.000000
      174    3.480      -32.900    0.000000
      175    3.480      -32.850    0.000000
      176    3.480      -32.800    0.000000
      177    3.480      -32.750    0.000000
      178    3.480      -32.700    0.000000
      179    3.480      -32.650    0.000000
      180    3.480      -32.600    0.000000
      181    3.480      -32.550    0.000000
      182    3.480      -32.500    0.000000
      183    3.480      -32.450    0.000000
      184    3.480      -32.400    0.000000
      185    3.480      -32.350    0.000000
      186    3.480      -32.300    0.000000
      187    3.480      -32.250    0.000000
      188    3.480      -32.200    0.000000
      189    3.480      -32.150    0.000000
      190    3.480      -32.100    0.000000
      191    3.480      -32.050    0.000000
      192    3.480      -32.000    0.000000
      193    3.480      -31.950    0.000000
      194    3.480      -31.900    0.000000
      195    3.480      -31.850    0.000000
      196    3.480      -31.800    0.000000
      197    3.480      -31.750    0.000000
      198    3.480      -31.700    0.000000
      199    3.480      -31.650    0.000000
      200    3.480      -31.600    0.000000
      201    3.480      -31.550    0.000000
      202    3.480      -31.500    0.000000
      203    3.480      -31.450    0.000000
      204    3.480      -31.400    0.000000
      205    3.480      -31.350    0.000000
      206    3.480      -31.300    0.000000
      207    3.480      -31.250    0.000000
      208    3.480      -31.200    0.000000
      209    3.480      -31.150    0.000000
      210    3.480      -31.100    0.000000
      211    3.480      -31.050    0.000000
      212    3.480      -31.000    0.000000
      213    3.480      -30.950    0.000000
      214    3.480      -30.900    0.000000
      215    3.480      -30.850    0.000000
      216    3.480      -30.800    0.000000
      217    3.480      -30.750    0.000000
      218    3.480      -30.700    0.000000
      219    3.480      -30.650    0.000000
      220    3.480      -30.600    0.000000
      221    3.480      -30.550    0.000000
      222    3.480      -30.500    0.000000
      223    3.480      -30.450    0.000000
      224    3.480      -30.400    0.000000
      225    3.480      -30.350    0.000000
      226    3.480      -30.300    0.000000
      227    3.480      -30.250    0.000000
      228    3.480      -30.200    0.000000
      229    3.480      -30.150    0.000000
      230    3.480      -30.100    0.000000
      231    3.480      -30.050    0.000000
      232    3.480      -30.000    0.000000
      233    3.480      -29.950    0.000000
      234    3.480      -29.900    0.000000
      235    3.480      -29.850    0.000000
      236    3.480      -29.800    0.000000
      237    3.480      -29.750    0.000000
      238    3.480      -29.700    0.000000
      239    3.480      -29.650    0.000000
      240    3.480      -29.600    0.000000
      241    3.480      -29.550    0.000000
      242    3.480      -29.500    0.000000
      243    3.480      -29.450    0.000000
      244    3.480      -29.400    0.000000
      245    3.480      -29.350    0.000000
      246    3.480      -29.300    0.000000
      247    3.480      -29.250    0.000000
      248    3.480      -29.200    0.000000
      249    3.480      -29.150    0.000000
      250    3.480      -29.100    0.000000
      251    3.480      -29.050    0.000000
      252    3.480      -29.000    0.000000
      253    3.480      -28.950    0.000000
      254    3.480      -28.900    0.000000
      255    3.480      -28.850    0.000000
      256    3.480      -28.800    0.000000
      257    3.480      -28.750    0.000000
      258    3.480      -28.700    0.000000
      259    3.530      -32.950    0.000000
      260    3.530      -32.900    0.000000
      261    3.530      -32.850    0.000000
      262    3.530      -32.800    0.000000
      263    3.530      -32.750    0.000000
      264    3.530      -32.700    0.000000
      265    3.530      -32.650    0.000000
      266    3.530      -32.600    0.000000
      267    3.530      -32.550    0.000000
      268    3.530      -32.500    0.000000
      269    3.530      -32.450    0.000000
      270    3.530      -32.400    0.000000
      271    3.530      -32.350    0.000000
      272    3.530      -32.300    0.000000
      273    3.530      -32.250    0.000000
      274    3.530      -32.200    0.000000
      275    3.530      -32.150    0.000000
      276    3.530      -32.100    0.000000
      277    3.530      -32.050    0.000000
      278    3.530      -32.000    0.000000
      279    3.530      -31.950    0.000000
      280    3.530      -31.900    0.000000
      281    3.530      -31.850    0.000000
      282    3.530      -31.800    0.000000
      283    3.530      -31.750    0.000000
      284    3.530      -31.700    0.000000
      285    3.530      -31.650    0.000000
      286    3.530      -31.600    0.000000
      287    3.530      -31.550    0.000000
      288    3.530      -31.500    0.000000
      289    3.530      -31.450    0.000000
      290    3.530      -31.400    0.000000
      291    3.530      -31.350    0.000000
      292    3.530      -31.300    0.000000
      293    3.530      -31.250    0.000000
      294    3.530      -31.200    0.000000
      295    3.530      -31.150    0.000000
      296    3.530      -31.100    0.000000
      297    3.530      -31.050    0.000000
      298    3.530      -31.000    0.000000
      299    3.530      -30.950    0.000000
      300    3.530      -30.900    0.000000
      301    3.530      -30.850    0.000000
      302    3.530      -30.800    0.000000
      303    3.530      -30.750    0.000000
      304    3.530      -30.700    0.000000
      305    3.530      -30.650    0.000000
      306    3.530      -30.600    0.000000
      307    3.530      -30.550    0.000000
      308    3.530      -30.500    0.000000
      309    3.530      -30.450    0.000000
      310    3.530      -30.400    0.000000
      311    3.530      -30.350    0.000000
      312    3.530      -30.300    0.000000
      313    3.530      -30.250    0.000000
      314    3.530      -30.200    0.000000
      315    3.530      -30.150    0.000000
      316    3.530      -30.100    0.000000
      317    3.530      -30.050    0.000000
      318    3.530      -30.000    0.000000
      319    3.530      -29.950    0.000000
      320    3.530      -29.900    0.000000
      321    3.530      -29.850    0.000000
      322    3.530      -29.800    0.000000
      323    3.530      -29.750    0.000000
      324    3.530      -29.700    0.000000
      325    3.530      -29.650    0.000000
      326    3.530      -29.600    0.000000
      327    3.530      -29.550    0.000000
      328    3.530      -29.500    0.000000
      329    3.530      -29.450    0.000000
      330    3.530      -29.400    0.000000
      331    3.530      -29.350    0.000000
      332    3.530      -29.300    0.000000
      333    3.530      -29.250    0.000000
      334    3.530      -29.200    0.000000
      335    3.530      -29.150    0.000000
      336    3.530      -29.100    0.000000
      337    3.530      -29.050    0.000000
      338    3.530      -29.000    0.000000
      339    3.530      -28.950    0.000000
      340    3.530      -28.900    0.000000
      341    3.530      -28.850    0.000000
      342    3.530      -28.800    0.000000
      343    3.530      -28.750    0.000000
      344    3.530      -28.700    0.000000
      345    3.580      -32.950    0.000000
      346    3.580      -32.900    0.000000
      347    3.580      -32.850    0.000000
      348    3.580      -32.800    0.000000
      349    3.580      -32.750    0.000000
      350    3.580      -32.700    0.000000
      351    3.580      -32.650    0.000000
      352    3.580      -32.600    0.000000
      353    3.580      -32.550    0.000000
      354    3.580      -32.500    0.000000
      355    3.580      -32.450    0.000000
      356    3.580      -32.400    0.000000
      357    3.580      -32.350    0.000000
      358    3.580      -32.300    0.000000
      359    3.580      -32.250    0.000000
      360    3.580      -32.200    0.000000
      361    3.580      -32.150    0.000000
      362    3.580      -32.100    0.000000
      363    3.580      -32.050    0.000000
      364    3.580      -32.000    0.000000
      365    3.580      -31.950    0.000000
      366    3.580      -31.900    0.000000
      367    3.580      -31.850    0.000000
      368    3.580      -31.800    0.000000
      369    3.580      -31.750    0.000000
      370    3.580      -31.700    0.000000
      371    3.580      -31.650    0.000000
      372    3.580      -31.600    0.000000
      373    3.580      -31.550    0.000000
      374    3.580      -31.500    0.000000
      375    3.580      -31.450    0.000000
      376    3.580      -31.400    0.000000
      377    3.580      -31.350    0.000000
      378    3.580      -31.300    0.000000
      379    3.580      -31.250    0.000000
      380    3.580      -31.200    0.000000
      381    3.580      -31.150    0.000000
      382    3.580      -31.100    0.000000
      383    3.580      -31.050    0.000000
      384    3.580      -31.000    0.000000
      385    3.580      -30.950    0.000000
      386    3.580      -30.900    0.000000
      387    3.580      -30.850    0.000000
      388    3.580      -30.800    0.000000
      389    3.580      -30.750    0.000000
      390    3.580      -30.700    0.000000
      391    3.580      -30.650    0.000000
      392    3.580      -30.600    0.000000
      393    3.580      -30.550    0.000000
      394    3.580      -30.500    0.000000
      395    3.580      -30.450    0.000000
      396    3.580      -30.400    0.000000
      397    3.580      -30.350    0.000000
      398    3.580      -30.300    0.000000
      399    3.580      -30.250    0.000000
      400    3.580      -30.200    0.000000
      401    3.580      -30.150    0.000000
      402    3.580      -30.100    0.000000
      403    3.580      -30.050    0.000000
      404    3.580      -30.000    0.000000
      405    3.580      -29.950    0.000000
      406    3.580      -29.900    0.000000
      407    3.580      -29.850    0.000000
      408    3.580      -29.800    0.000000
      409    3.580      -29.750    0.000000
      410    3.580      -29.700    0.000000
      411    3.580      -29.650    0.000000
      412    3.580      -29.600    0.000000
      413    3.580      -29.550    0.000000
      414    3.580      -29.500    0.000000
      415    3.580      -29.450    0.000000
      416    3.580      -29.400    0.000000
      417    3.580      -29.350    0.000000
      418    3.580      -29.300    0.000000
      419    3.580      -29.250    0.000000
      420    3.580      -29.200    0.000000
      421    3.580      -29.150    0.000000
      422    3.580      -29.100    0.000000
      423    3.580      -29.050    0.000000
      424    3.580      -29.000    0.000000
      425    3.580      -28.950    0.000000
      426    3.580      -28.900    0.000000
      427    3.580      -28.850    0.000000
      428    3.580      -28.800    0.000000
      429    3.580      -28.750    0.000000
      430    3.580      -28.700    0.000000
      431    3.630      -32.950    0.000000
      432    3.630      -32.900    0.000000
      433    3.630      -32.850    0.000000
      434    3.630      -32.800    0.000000
      435    3.630      -32.750    0.000000
      436    3.630      -32.700    0.000000
      437    3.630      -32.650    0.000000
      438    3.630      -32.600    0.000000
      439    3.630      -32.550    0.000000
      440    3.630      -32.500    0.000000
      441    3.630      -32.450    0.000000
      442    3.630      -32.400    0.000000
      443    3.630      -32.350    0.000000
      444    3.630      -32.300    0.000000
      445    3.630      -32.250    0.000000
      446    3.630      -32.200    0.000000
      447    3.630      -32.150    0.000000
      448    3.630      -32.100    0.000000
      449    3.630      -32.050    0.000000
      450    3.630      -32.000    0.000000
      451    3.630      -31.950    0.000000
      452    3.630      -31.900    0.000000
      453    3.630      -31.850    0.000000
      454    3.630      -31.800    0.000000
      455    3.630      -31.750    0.000000
      456    3.630      -31.700    0.000000
      457    3.630      -31.650    0.000000
      458    3.630      -31.600    0.000000
      459    3.630      -31.550    0.000000
      460    3.630      -31.500    0.000000
      461    3.630      -31.450    0.000000
      462    3.630      -31.400    0.000000
      463    3.630      -31.350    0.000000
      464    3.630      -31.300    0.000000
      465    3.630      -31.250    0.000000
      466    3.630      -31.200    0.000000
      467    3.630      -31.150    0.000000
      468    3.630      -31.100    0.000000
      469    3.630      -31.050    0.000000
      470    3.630      -31.000    0.000000
      471    3.630      -30.950    0.000000
      472    3.630      -30.900    0.000000
      473    3.630      -30.850    0.000000
      474    3.630      -30.800    0.000000
      475    3.630      -30.750    0.000000
      476    3.630      -30.700    0.000000
      477    3.630      -30.650    0.000000
      478    3.630      -30.600    0.000000
      479    3.630      -30.550    0.000000
      480    3.630      -30.500    0.000000
      481    3.630      -30.450    0.000000
      482    3.630      -30.400    0.000000
      483    3.630      -30.350    0.000000
      484    3.630      -30.300    0.000000
      485    3.630      -30.250    0.000000
      486    3.630      -30.200    0.000000
      487    3.630      -30.150    0.000000
      488    3.630      -30.100    0.000000
      489    3.630      -30.050    0.000000
      490    3.630      -30.000    0.000000
      491    3.630      -29.950    0.000000
      492    3.630      -29.900    0.000000
      493    3.630      -29.850    0.000000
      494    3.630      -29.800    0.000000
      495    3.630      -29.750    0.000000
      496    3.630      -29.700    0.000000
      497    3.630      -29.650    0.000000
      498    3.630      -29.600    0.000000
      499    3.630      -29.550    0.000000
      500    3.630      -29.500    0.000000
      501    3.630      -29.450    0.000000
      502    3.630      -29.400    0.000000
      503    3.630      -29.350    0.000000
      504    3.630      -29.300    0.000000
      505    3.630      -29.250    0.000000
      506    3.630      -29.200    0.000000
      507    3.630      -29.150    0.000000
      508    3.630      -29.100    0.000000
      509    3.630      -29.050    0.000000
      510    3.630      -29.000    0.000000
      511    3.630      -28.950    0.000000
      512    3.630      -28.900    0.000000
      513    3.630      -28.850    0.000000
      514    3.630      -28.800    0.000000
      515    3.630      -28.750    0.000000
      516    3.630      -28.700    0.000000
      517    3.680      -32.950    0.000000
      518    3.680      -32.900    0.000000
      519    3.680      -32.850    0.000000
      520    3.680      -32.800    0.000000
      521    3.680      -32.750    0.000000
      522    3.680      -32.700    0.000000
      523    3.680      -32.650    0.000000
      524    3.680      -32.600    0.000000
      525    3.680      -32.550    0.000000
      526    3.680      -32.500    0.000000
      527    3.680      -32.450    0.000000
      528    3.680      -32.400    0.000000
      529    3.680      -32.350    0.000000
      530    3.680      -32.300    0.000000
      531    3.680      -32.250    0.000000
      532    3.680      -32.200    0.000000
      533    3.680      -32.150    0.000000
      534    3.680      -32.100    0.000000
      535    3.680      -32.050    0.000000
      536    3.680      -32.000    0.000000
      537    3.680      -31.950    0.000000
      538    3.680      -31.900    0.000000
      539    3.680      -31.850    0.000000
      540    3.680      -31.800    0.000000
      541    3.680      -31.750    0.000000
      542    3.680      -31.700    0.000000
      543    3.680      -31.650    0.000000
      544    3.680      -31.600    0.000000
      545    3.680      -31.550    0.000000
      546    3.680      -31.500    0.000000
      547    3.680      -31.450    0.000000
      548    3.680      -31.400    0.000000
      549    3.680      -31.350    0.000000
      550    3.680      -31.300    0.000000
      551    3.680      -31.250    0.000000
      552    3.680      -31.200    0.000000
      553    3.680      -31.150    0.000000
      554    3.680      -31.100    0.000000
      555    3.680      -31.050    0.000000
      556    3.680      -31.000    0.000000
      557    3.680      -30.950    0.000000
      558    3.680      -30.900    0.000000
      559    3.680      -30.850    0.000000
      560    3.680      -30.800    0.000000
      561    3.680      -30.750    0.000000
      562    3.680      -30.700    0.000000
      563    3.680      -30.650    0.000000
      564    3.680      -30.600    0.000000
      565    3.680      -30.550    0.000000
      566    3.680      -30.500    0.000000
      567    3.680      -30.450    0.000000
      568    3.680      -30.400    0.000000
      569    3.680      -30.350    0.000000
      570    3.680      -30.300    0.000000
      571    3.680      -30.250    0.000000
      572    3.680      -30.200    0.000000
      573    3.680      -30.150    0.000000
      574    3.680      -30.100    0.000000
      575    3.680      -30.050    0.000000
      576    3.680      -30.000    0.000000
      577    3.680      -29.950    0.000000
      578    3.680      -29.900    0.000000
      579    3.680      -29.850    0.000000
      580    3.680      -29.800    0.000000
      581    3.680      -29.750    0.000000
      582    3.680      -29.700    0.000000
      583    3.680      -29.650    0.000000
      584    3.680      -29.600    0.000000
      585    3.680      -29.550    0.000000
      586    3.680      -29.500    0.000000
      587    3.680      -29.450    0.000000
      588    3.680      -29.400    0.000000
      589    3.680      -29.350    0.000000
      590    3.680      -29.300    0.000000
      591    3.680      -29.250    0.000000
      592    3.680      -29.200    0.000000
      593    3.680      -29.150    0.000000
      594    3.680      -29.100    0.000000
      595    3.680      -29.050    0.000000
      596    3.680      -29.000    0.000000
      597    3.680      -28.950    0.000000
      598    3.680      -28.900    0.000000
      599    3.680      -28.850    0.000000
      600    3.680      -28.800    0.000000
      601    3.680      -28.750    0.000000
      602    3.680      -28.700    0.000000
      603    3.730      -32.950    0.000000
      604    3.730      -32.900    0.000000
      605    3.730      -32.850    0.000000
      606    3.730      -32.800    0.000000
      607    3.730      -32.750    0.000000
      608    3.730      -32.700    0.000000
      609    3.730      -32.650    0.000000
      610    3.730      -32.600    0.000000
      611    3.730      -32.550    0.000000
      612    3.730      -32.500    0.000000
      613    3.730      -32.450    0.000000
      614    3.730      -32.400    0.000000
      615    3.730      -32.350    0.000000
      616    3.730      -32.300    0.000000
      617    3.730      -32.250    0.000000
      618    3.730      -32.200    0.000000
      619    3.730      -32.150    0.000000
      620    3.730      -32.100    0.000000
      621    3.730      -32.050    0.000000
      622    3.730      -32.000    0.000000
      623    3.730      -31.950    0.000000
      624    3.730      -31.900    0.000000
      625    3.730      -31.850    0.000000
      626    3.730      -31.800    0.000000
      627    3.730      -31.750    0.000000
      628    3.730      -31.700    0.000000
      629    3.730      -31.650    0.000000
      630    3.730      -31.600    0.000000
      631    3.730      -31.550    0.000000
      632    3.730      -31.500    0.000000
      633    3.730      -31.450    0.000000
      634    3.730      -31.400    0.000000
      635    3.730      -31.350    0.000000
      636    3.730      -31.300    0.000000
      637    3.730      -31.250    0.000000
      638    3.730      -31.200    0.000000
      639    3.730      -31.150    0.000000
      640    3.730      -31.100    0.000000
      641    3.730      -31.050    0.000000
      642    3.730      -31.000    0.000000
      643    3.730      -30.950    0.000000
      644    3.730      -30.900    0.000000
      645    3.730      -30.850    0.000000
      646    3.730      -30.800    0.000000
      647    3.730      -30.750    0.000000
      648    3.730      -30.700    0.000000
      649    3.730      -30.650    0.000000
      650    3.730      -30.600    0.000000
      651    3.730      -30.550    0.000000
      652    3.730      -30.500    0.000000
      653    3.730      -30.450    0.000000
      654    3.730      -30.400    0.000000
      655    3.730      -30.350    0.000000
      656    3.730      -30.300    0.000000
      657    3.730      -30.250    0.000000
      658    3.730      -30.200    0.000000
      659    3.730      -30.150    0.000000
      660    3.730      -30.100    0.000000
      661    3.730      -30.050    0.000000
      662    3.730      -30.000    0.000000
      663    3.730      -29.950    0.000000
      664    3.730      -29.900    0.000000
      665    3.730      -29.850    0.000000
      666    3.730      -29.800    0.000000
      667    3.730      -29.750    0.000000
      668    3.730      -29.700    0.000000
      669    3.730      -29.650    0.000000
      670    3.730      -29.600    0.000000
      671    3.730      -29.550    0.000000
      672    3.730      -29.500    0.000000
      673    3.730      -29.450    0.000000
      674    3.730      -29.400    0.000000
      675    3.730      -29.350    0.000000
      676    3.730      -29.300    0.000000
      677    3.730      -29.250    0.000000
      678    3.730      -29.200    0.000000
      679    3.730      -29.150    0.000000
      680    3.730      -29.100    0.000000
      681    3.730      -29.050    0.000000
      682    3.730      -29.000    0.000000
      683    3.730      -28.950    0.000000
      684    3.730      -28.900    0.000000
      685    3.730      -28.850    0.000000
      686    3.730      -28.800    0.000000
      687    3.730      -28.750    0.000000
      688    3.730      -28.700    0.000000
      689    3.780      -32.950    0.000000
      690    3.780      -32.900    0.000000
      691    3.780      -32.850    0.000000
      692    3.780      -32.800    0.000000
      693    3.780      -32.750    0.000000
      694    3.780      -32.700    0.000000
      695    3.780      -32.650    0.000000
      696    3.780      -32.600    0.000000
      697    3.780      -32.550    0.000000
      698    3.780      -32.500    0.000000
      699    3.780      -32.450    0.000000
      700    3.780      -32.400    0.000000
      701    3.780      -32.350    0.000000
      702    3.780      -32.300    0.000000
      703    3.780      -32.250    0.000000
      704    3.780      -32.200    0.000000
      705    3.780      -32.150    0.000000
      706    3.780      -32.100    0.000000
      707    3.780      -32.050    0.000000
      708    3.780      -32.000    0.000000
      709    3.780      -31.950    0.000000
      710    3.780      -31.900    0.000000
      711    3.780      -31.850    0.000000
      712    3.780      -31.800    0.000000
      713    3.780      -31.750    0.000000
      714    3.780      -31.700    0.000000
      715    3.780      -31.650    0.000000
      716    3.780      -31.600    0.000000
      717    3.780      -31.550    0.000000
      718    3.780      -31.500    0.000000
      719    3.780      -31.450    0.000000
      720    3.780      -31.400    0.000000
      721    3.780      -31.350    0.000000
      722    3.780      -31.300    0.000000
      723    3.780      -31.250    0.000000
      724    3.780      -31.200    0.000000
      725    3.780      -31.150    0.000000
      726    3.780      -31.100    0.000000
      727    3.780      -31.050    0.000000
      728    3.780      -31.000    0.000000
      729    3.780      -30.950    0.000000
      730    3.780      -30.900    0.000000
      731    3.780      -30.850    0.000000
      732    3.780      -30.800    0.000000
      733    3.780      -30.750    0.000000
      734    3.780      -30.700    0.000000
      735    3.780      -30.650    0.000000
      736    3.780      -30.600    0.000000
      737    3.780      -30.550    0.000000
      738    3.780      -30.500    0.000000
      739    3.780      -30.450    0.000000
      740    3.780      -30.400    0.000000
      741    3.780      -30.350    0.000000
      742    3.780      -30.300    0.000000
      743    3.780      -30.250    0.000000
      744    3.780      -30.200    0.000000
      745    3.780      -30.150    0.000000
      746    3.780      -30.100    0.000000
      747    3.780      -30.050    0.000000
      748    3.780      -30.000    0.000000
      749    3.780      -29.950    0.000000
      750    3.780      -29.900    0.000000
      751    3.780      -29.850    0.000000
      752    3.780      -29.800    0.000000
      753    3.780      -29.750    0.000000
      754    3.780      -29.700    0.000000
      755    3.780      -29.650    0.000000
      756    3.780      -29.600    0.000000
      757    3.780      -29.550    0.000000
      758    3.780      -29.500    0.000000
      759    3.780      -29.450    0.000000
      760    3.780      -29.400    0.000000
      761    3.780      -29.350    0.000000
      762    3.780      -29.300    0.000000
      763    3.780      -29.250    0.000000
      764    3.780      -29.200    0.000000
      765    3.780      -29.150    0.000000
      766    3.780      -29.100    0.000000
      767    3.780      -29.050    0.000000
      768    3.780      -29.000    0.000000
      769    3.780      -28.950    0.000000
      770    3.780      -28.900    0.000000
      771    3.780      -28.850    0.000000
      772    3.780      -28.800    0.000000
      773    3.780      -28.750    0.000000
      774    3.780      -28.700    0.000000
      775    3.830      -32.950    0.000000
      776    3.830      -32.900    0.000000
      777    3.830      -32.850    0.000000
      778    3.830      -32.800    0.000000
      779    3.830      -32.750    0.000000
      780    3.830      -32.700    0.000000
      781    3.830      -32.650    0.000000
      782    3.830      -32.600    0.000000
      783    3.830      -32.550    0.000000
      784    3.830      -32.500    0.000000
      785    3.830      -32.450    0.000000
      786    3.830      -32.400    0.000000
      787    3.830      -32.350    0.000000
      788    3.830      -32.300    0.000000
      789    3.830      -32.250    0.000000
      790    3.830      -32.200    0.000000
      791    3.830      -32.150    0.000000
      792    3.830      -32.100    0.000000
      793    3.830      -32.050    0.000000
      794    3.830      -32.000    0.000000
      795    3.830      -31.950    0.000000
      796    3.830      -31.900    0.000000
      797    3.830      -31.850    0.000000
      798    3.830      -31.800    0.000000
      799    3.830      -31.750    0.000000
      800    3.830      -31.700    0.000000
      801    3.830      -31.650    0.000000
      802    3.830      -31.600    0.000000
      803    3.830      -31.550    0.000000
      804    3.830      -31.500    0.000000
      805    3.830      -31.450    0.000000
      806    3.830      -31.400    0.000000
      807    3.830      -31.350    0.000000
      808    3.830      -31.300    0.000000
      809    3.830      -31.250    0.000000
      810    3.830      -31.200    0.000000
      811    3.830      -31.150    0.000000
      812    3.830      -31.100    0.000000
      813    3.830      -31.050    0.000000
      814    3.830      -31.000    0.000000
      815    3.830      -30.950    0.000000
      816    3.830      -30.900    0.000000
      817    3.830      -30.850    0.000000
      818    3.830      -30.800    0.000000
      819    3.830      -30.750    0.000000
      820    3.830      -30.700    0.000000
      821    3.830      -30.650    0.000000
      822    3.830      -30.600    0.000000
      823    3.830      -30.550    0.000000
      824    3.830      -30.500    0.000000
      825    3.830      -30.450    0.000000
      826    3.830      -30.400    0.000000
      827    3.830      -30.350    0.000000
      828    3.830      -30.300    0.000000
      829    3.830      -30.250    0.000000
      830    3.830      -30.200    0.000000
      831    3.830      -30.150    0.000000
      832    3.830      -30.100    0.000000
      833    3.830      -30.050    0.000000
      834    3.830      -30.000    0.000000
      835    3.830      -29.950    0.000000
      836    3.830      -29.900    0.000000
      837    3.830      -29.850    0.000000
      838    3.830      -29.800    0.000000
      839    3.830      -29.750    0.000000
      840    3.830      -29.700    1.000000
      841    3.830      -29.650    1.000000
      842    3.830      -29.600    1.000000
      843    3.830      -29.550    1.000000
      844    3.830      -29.500    1.000000
      845    3.830      -29.450    1.000000
      846    3.830      -29.400    0.000000
      847    3.830      -29.350    0.000000
      848    3.830      -29.300    0.000000
      849    3.830      -29.250    0.000000
      850    3.830      -29.200    0.000000
      851    3.830      -29.150    0.000000
      852    3.830      -29.100    0.000000
      853    3.830      -29.050    0.000000
      854    3.830      -29.000    0.000000
      855    3.830      -28.950    0.000000
      856    3.830      -28.900    0.000000
      857    3.830      -28.850    0.000000
      858    3.830      -28.800    0.000000
      859    3.830      -28.750    0.000000
      860    3.830      -28.700    0.000000
      861    3.880      -32.950    0.000000
      862    3.880      -32.900    0.000000
      863    3.880      -32.850    0.000000
      864    3.880      -32.800    0.000000
      865    3.880      -32.750    0.000000
      866    3.880      -32.700    0.000000
      867    3.880      -32.650    0.000000
      868    3.880      -32.600    0.000000
      869    3.880      -32.550    0.000000
      870    3.880      -32.500    0.000000
      871    3.880      -32.450    0.000000
      872    3.880      -32.400    0.000000
      873    3.880      -32.350    0.000000
      874    3.880      -32.300    0.000000
      875    3.880      -32.250    0.000000
      876    3.880      -32.200    0.000000
      877    3.880      -32.150    0.000000
      878    3.880      -32.100    0.000000
      879    3.880      -32.050    0.000000
      880    3.880      -32.000    0.000000
      881    3.880      -31.950    0.000000
      882    3.880      -31.900    0.000000
      883    3.880      -31.850    0.000000
      884    3.880      -31.800    0.000000
      885    3.880      -31.750    0.000000
      886    3.880      -31.700    0.000000
      887    3.880      -31.650    0.000000
      888    3.880      -31.600    0.000000
      889    3.880      -31.550    0.000000
      890    3.880      -31.500    0.000000
      891    3.880      -31.450    0.000000
      892    3.880      -31.400    0.000000
      893    3.880      -31.350    0.000000
      894    3.880      -31.300    0.000000
      895    3.880      -31.250    0.000000
      896    3.880      -31.200    0.000000
      897    3.880      -31.150    0.000000
      898    3.880      -31.100    0.000000
      899    3.880      -31.050    0.000000
      900    3.880      -31.000    0.000000
      901    3.880      -30.950    0.000000
      902    3.880      -30.900    0.000000
      903    3.880      -30.850    0.000000
      904    3.880      -30.800    0.000000
      905    3.880      -30.750    0.000000
      906    3.880      -30.700    0.000000
      907    3.880      -30.650    0.000000
      908    3.880      -30.600    0.000000
      909    3.880      -30.550    0.000000
      910    3.880      -30.500    0.000000
      911    3.880      -30.450    0.000000
      912    3.880      -30.400    0.000000
      913    3.880      -30.350    0.000000
      914    3.880      -30.300    0.000000
      915    3.880      -30.250    0.000000
      916    3.880      -30.200    0.000000
      917    3.880      -30.150    1.000000
      918    3.880      -30.100    1.000000
      919    3.880      -30.050    1.000000
      920    3.880      -30.000    0.000000
      921    3.880      -29.950    0.000000
      922    3.880      -29.900    0.000000
      923    3.880      -29.850    0.000000
      924    3.880      -29.800    0.000000
      925    3.880      -29.750    0.000000
      926    3.880      -29.700    1.000000
      927    3.880      -29.650    1.000000
      928    3.880      -29.600    1.000000
      929    3.880      -29.550    2.000000
      930    3.880      -29.500    2.000000
      931    3.880      -29.450    2.000000
      932    3.880      -29.400    1.000000
      933    3.880      -29.350    1.000000
      934    3.880      -29.300    1.000000
      935    3.880      -29.250    0.000000
      936    3.880      -29.200    0.000000
      937    3.880      -29.150    0.000000
      938    3.880      -29.100    0.000000
      939    3.880      -29.050    0.000000
      940    3.880      -29.000    0.000000
      941    3.880      -28.950    0.000000
      942    3.880      -28.900    0.000000
      943    3.880      -28.850    0.000000
      944    3.880      -28.800    0.000000
      945    3.880      -28.750    0.000000
      946    3.880      -28.700    0.000000
      947    3.930      -32.950    0.000000
      948    3.930      -32.900    0.000000
      949    3.930      -32.850    0.000000
      950    3.930      -32.800    0.000000
      951    3.930      -32.750    0.000000
      952    3.930      -32.700    0.000000
      953    3.930      -32.650    0.000000
      954    3.930      -32.600    0.000000
      955    3.930      -32.550    0.000000
      956    3.930      -32.500    0.000000
      957    3.930      -32.450    0.000000
      958    3.930      -32.400    0.000000
      959    3.930      -32.350    0.000000
      960    3.930      -32.300    0.000000
      961    3.930      -32.250    0.000000
      962    3.930      -32.200    0.000000
      963    3.930      -32.150    0.000000
      964    3.930      -32.100    0.000000
      965    3.930      -32.050    0.000000
      966    3.930      -32.000    0.000000
      967    3.930      -31.950    0.000000
      968    3.930      -31.900    0.000000
      969    3.930      -31.850    0.000000
      970    3.930      -31.800    0.000000
      971    3.930      -31.750    0.000000
      972    3.930      -31.700    0.000000
      973    3.930      -31.650    0.000000
      974    3.930      -31.600    0.000000
      975    3.930      -31.550    0.000000
      976    3.930      -31.500    0.000000
      977    3.930      -31.450    0.000000
      978    3.930      -31.400    0.000000
      979    3.930      -31.350    0.000000
      980    3.930      -31.300    0.000000
      981    3.930      -31.250    0.000000
      982    3.930      -31.200    0.000000
      983    3.930      -31.150    0.000000
      984    3.930      -31.100    0.000000
      985    3.930      -31.050    0.000000
      986    3.930      -31.000    0.000000
      987    3.930      -30.950    0.000000
      988    3.930      -30.900    0.000000
      989    3.930      -30.850    0.000000
      990    3.930      -30.800    0.000000
      991    3.930      -30.750    0.000000
      992    3.930      -30.700    0.000000
      993    3.930      -30.650    0.000000
      994    3.930      -30.600    0.000000
      995    3.930      -30.550    0.000000
      996    3.930      -30.500    0.000000
      997    3.930      -30.450    0.000000
      998    3.930      -30.400    1.000000
      999    3.930      -30.350    1.000000
     1000    3.930      -30.300    1.000000
     1001    3.930      -30.250    0.000000
     1002    3.930      -30.200    0.000000
     1003    3.930      -30.150    1.000000
     1004    3.930      -30.100    1.000000
     1005    3.930      -30.050    1.000000
     1006    3.930      -30.000    0.000000
     1007    3.930      -29.950    0.000000
     1008    3.930      -29.900    0.000000
     1009    3.930      -29.850    0.000000
     1010    3.930      -29.800    1.000000
     1011    3.930      -29.750    1.000000
     1012    3.930      -29.700    2.000000
     1013    3.930      -29.650    1.000000
     1014    3.930      -29.600    1.000000
     1015    3.930      -29.550    2.000000
     1016    3.930      -29.500    2.000000
     1017    3.930      -29.450    2.000000
     1018    3.930      -29.400    1.000000
     1019    3.930      -29.350    1.000000
     1020    3.930      -29.300    1.000000
     1021    3.930      -29.250    1.000000
     1022    3.930      -29.200    1.000000
     1023    3.930      -29.150    1.000000
     1024    3.930      -29.100    0.000000
     1025    3.930      -29.050    0.000000
     1026    3.930      -29.000    0.000000
     1027    3.930      -28.950    0.000000
     1028    3.930      -28.900    0.000000
     1029    3.930      -28.850    0.000000
     1030    3.930      -28.800    0.000000
     1031    3.930      -28.750    0.000000
     1032    3.930      -28.700    0.000000
     1033    3.980      -32.950    0.000000
     1034    3.980      -32.900    0.000000
     1035    3.980      -32.850    0.000000
     1036    3.980      -32.800    0.000000
     1037    3.980      -32.750    0.000000
     1038    3.980      -32.700    0.000000
     1039    3.980      -32.650    0.000000
     1040    3.980      -32.600    0.000000
     1041    3.980      -32.550    0.000000
     1042    3.980      -32.500    0.000000
     1043    3.980      -32.450    0.000000
     1044    3.980      -32.400    0.000000
     1045    3.980      -32.350    0.000000
     1046    3.980      -32.300    0.000000
     1047    3.980      -32.250    0.000000
     1048    3.980      -32.200    0.000000
     1049    3.980      -32.150    0.000000
     1050    3.980      -32.100    0.000000
     1051    3.980      -32.050    0.000000
     1052    3.980      -32.000    0.000000
     1053    3.980      -31.950    0.000000
     1054    3.980      -31.900    0.000000
     1055    3.980      -31.850    0.000000
     1056    3.980      -31.800    0.000000
     1057    3.980      -31.750    0.000000
     1058    3.980      -31.700    0.000000
     1059    3.980      -31.650    0.000000
     1060    3.980      -31.600    0.000000
     1061    3.980      -31.550    0.000000
     1062    3.980      -31.500    0.000000
     1063    3.980      -31.450    0.000000
     1064    3.980      -31.400    0.000000
     1065    3.980      -31.350    0.000000
     1066    3.980      -31.300    0.000000
     1067    3.980      -31.250    0.000000
     1068    3.980      -31.200    0.000000
     1069    3.980      -31.150    0.000000
     1070    3.980      -31.100    0.000000
     1071    3.980      -31.050    0.000000
     1072    3.980      -31.000    0.000000
     1073    3.980      -30.950    0.000000
     1074    3.980      -30.900    0.000000
     1075    3.980      -30.850    0.000000
     1076    3.980      -30.800    0.000000
     1077    3.980      -30.750    0.000000
     1078    3.980      -30.700    0.000000
     1079    3.980      -30.650    0.000000
     1080    3.980      -30.600    0.000000
     1081    3.980      -30.550    0.000000
     1082    3.980      -30.500    0.000000
     1083    3.980      -30.450    0.000000
     1084    3.980      -30.400    1.000000
     1085    3.980      -30.350    1.000000
     1086    3.980      -30.300    1.000000
     1087    3.980      -30.250    0.000000
     1088    3.980      -30.200    0.000000
     1089    3.980      -30.150    1.000000
     1090    3.980      -30.100    1.000000
     1091    3.980      -30.050    1.000000
     1092    3.980      -30.000    0.000000
     1093    3.980      -29.950    0.000000
     1094    3.980      -29.900    0.000000
     1095    3.980      -29.850    0.000000
     1096    3.980      -29.800    1.000000
     1097    3.980      -29.750    1.000000
     1098    3.980      -29.700    1.000000
     1099    3.980      -29.650    0.000000
     1100    3.980      -29.600    0.000000
     1101    3.980      -29.550    1.000000
     1102    3.980      -29.500    1.000000
     1103    3.980      -29.450    1.000000
     1104    3.980      -29.400    1.000000
     1105    3.980      -29.350    1.000000
     1106    3.980      -29.300    1.000000
     1107    3.980      -29.250    1.000000
     1108    3.980      -29.200    1.000000
     1109    3.980      -29.150    1.000000
     1110    3.980      -29.100    0.000000
     1111    3.980      -29.050    0.000000
     1112    3.980      -29.000    0.000000
     1113    3.980      -28.950    0.000000
     1114    3.980      -28.900    0.000000
     1115    3.980      -28.850    0.000000
     1116    3.980      -28.800    0.000000
     1117    3.980      -28.750    0.000000
     1118    3.980      -28.700    0.000000
     1119    4.030      -32.950    0.000000
     1120    4.030      -32.900    0.000000
     1121    4.030      -32.850    0.000000
     1122    4.030      -32.800    0.000000
     1123    4.030      -32.750    0.000000
     1124    4.030      -32.700    0.000000
     1125    4.030      -32.650    0.000000
     1126    4.030      -32.600    0.000000
     1127    4.030      -32.550    0.000000
     1128    4.030      -32.500    0.000000
     1129    4.030      -32.450    0.000000
     1130    4.030      -32.400    0.000000
     1131    4.030      -32.350    0.000000
     1132    4.030      -32.300    0.000000
     1133    4.030      -32.250    0.000000
     1134    4.030      -32.200    0.000000
     1135    4.030      -32.150    0.000000
     1136    4.030      -32.100    0.000000
     1137    4.030      -32.050    0.000000
     1138    4.030      -32.000    0.000000
     1139    4.030      -31.950    0.000000
     1140    4.030      -31.900    0.000000
     1141    4.030      -31.850    0.000000
     1142    4.030      -31.800    0.000000
     1143    4.030      -31.750    0.000000
     1144    4.030      -31.700    0.000000
     1145    4.030      -31.650    0.000000
     1146    4.030      -31.600    0.000000
     1147    4.030      -31.550    0.000000
     1148    4.030      -31.500    0.000000
     1149    4.030      -31.450    0.000000
     1150    4.030      -31.400    0.000000
     1151    4.030      -31.350    0.000000
     1152    4.030      -31.300    0.000000
     1153    4.030      -31.250    0.000000
     1154    4.030      -31.200    0.000000
     1155    4.030      -31.150    0.000000
     1156    4.030      -31.100    0.000000
     1157    4.030      -31.050    0.000000
     1158    4.030      -31.000    0.000000
     1159    4.030      -30.950    0.000000
     1160    4.030      -30.900    0.000000
     1161    4.030      -30.850    0.000000
     1162    4.030      -30.800    0.000000
     1163    4.030      -30.750    0.000000
     1164    4.030      -30.700    0.000000
     1165    4.030      -30.650    0.000000
     1166    4.030      -30.600    0.000000
     1167    4.030      -30.550    0.000000
     1168    4.030      -30.500    0.000000
     1169    4.030      -30.450    0.000000
     1170    4.030      -30.400    1.000000
     1171    4.030      -30.350    1.000000
     1172    4.030      -30.300    1.000000
     1173    4.030      -30.250    0.000000
     1174    4.030      -30.200    0.000000
     1175    4.030      -30.150    0.000000
     1176    4.030      -30.100    0.000000
     1177    4.030      -30.050    0.000000
     1178    4.030      -30.000    0.000000
     1179    4.030      -29.950    0.000000
     1180    4.030      -29.900    0.000000
     1181    4.030      -29.850    0.000000
     1182    4.030      -29.800    1.000000
     1183    4.030      -29.750    1.000000
     1184    4.030      -29.700    1.000000
     1185    4.030      -29.650    0.000000
     1186    4.030      -29.600    0.000000
     1187    4.030      -29.550    0.000000
     1188    4.030      -29.500    0.000000
     1189    4.030      -29.450    0.000000
     1190    4.030      -29.400    0.000000
     1191    4.030      -29.350    0.000000
     1192    4.030      -29.300    0.000000
     1193    4.030      -29.250    1.000000
     1194    4.030      -29.200    1.000000
     1195    4.030      -29.150    1.000000
     1196    4.030      -29.100    0.000000
     1197    4.030      -29.050    0.000000
     1198    4.030      -29.000    0.000000
     1199    4.030      -28.950    0.000000
     1200    4.030      -28.900    0.000000
     1201    4.030      -28.850    0.000000
     1202    4.030      -28.800    0.000000
     1203    4.030      -28.750    0.000000
     1204    4.030      -28.700    0.000000
     1205    4.080      -32.950    0.000000
     1206    4.080      -32.900    0.000000
     1207    4.080      -32.850    0.000000
     1208    4.080      -32.800    0.000000
     1209    4.080      -32.750    0.000000
     1210    4.080      -32.700    0.000000
     1211    4.080      -32.650    0.000000
     1212    4.080      -32.600    0.000000
     1213    4.080      -32.550    0.000000
     1214    4.080      -32.500    0.000000
     1215    4.080      -32.450    0.000000
     1216    4.080      -32.400    0.000000
     1217    4.080      -32.350    0.000000
     1218    4.080      -32.300    0.000000
     1219    4.080      -32.250    0.000000
     1220    4.080      -32.200    0.000000
     1221    4.080      -32.150    0.000000
     1222    4.080      -32.100    0.000000
     1223    4.080      -32.050    0.000000
     1224    4.080      -32.000    0.000000
     1225    4.080      -31.950    0.000000
     1226    4.080      -31.900    0.000000
     1227    4.080      -31.850    0.000000
     1228    4.080      -31.800    0.000000
     1229    4.080      -31.750    0.000000
     1230    4.080      -31.700    0.000000
     1231    4.080      -31.650    0.000000
     1232    4.080      -31.600    0.000000
     1233    4.080      -31.550    0.000000
     1234    4.080      -31.500    0.000000
     1235    4.080      -31.450    0.000000
     1236    4.080      -31.400    0.000000
     1237    4.080      -31.350    0.000000
     1238    4.080      -31.300    0.000000
     1239    4.080      -31.250    0.000000
     1240    4.080      -31.200    0.000000
     1241    4.080      -31.150    0.000000
     1242    4.080      -31.100    0.000000
     1243    4.080      -31.050    0.000000
     1244    4.080      -31.000    0.000000
     1245    4.080      -30.950    0.000000
     1246    4.080      -30.900    0.000000
     1247    4.080      -30.850    0.000000
     1248    4.080      -30.800    0.000000
     1249    4.080      -30.750    0.000000
     1250    4.080      -30.700    0.000000
     1251    4.080      -30.650    0.000000
     1252    4.080      -30.600    0.000000
     1253    4.080      -30.550    0.000000
     1254    4.080      -30.500    0.000000
     1255    4.080      -30.450    0.000000
     1256    4.080      -30.400    0.000000
     1257    4.080      -30.350    0.000000
     1258    4.080      -30.300    0.000000
     1259    4.080      -30.250    0.000000
     1260    4.080      -30.200    0.000000
     1261    4.080      -30.150    0.000000
     1262    4.080      -30.100    0.000000
     1263    4.080      -30.050    0.000000
     1264    4.080      -30.000    0.000000
     1265    4.080      -29.950    0.000000
     1266    4.080      -29.900    0.000000
     1267    4.080      -29.850    0.000000
     1268    4.080      -29.800    0.000000
     1269    4.080      -29.750    0.000000
     1270    4.080      -29.700    0.000000
     1271    4.080      -29.650    0.000000
     1272    4.080      -29.600    0.000000
     1273    4.080      -29.550    0.000000
     1274    4.080      -29.500    0.000000
     1275    4.080      -29.450    0.000000
     1276    4.080      -29.400    0.000000
     1277    4.080      -29.350    0.000000
     1278    4.080      -29.300    1.000000
     1279    4.080      -29.250    1.000000
     1280    4.080      -29.200    1.000000
     1281    4.080      -29.150    0.000000
     1282    4.080      -29.100    0.000000
     1283    4.080      -29.050    0.000000
     1284    4.080      -29.000    0.000000
     1285    4.080      -28.950    0.000000
     1286    4.080      -28.900    0.000000
     1287    4.080      -28.850    0.000000
     1288    4.080      -28.800    0.000000
     1289    4.080      -28.750    0.000000
     1290    4.080      -28.700    0.000000
     1291    4.130      -32.950    0.000000
     1292    4.130      -32.900    0.000000
     1293    4.130      -32.850    0.000000
     1294    4.130      -32.800    0.000000
     1295    4.130      -32.750    0.000000
     1296    4.130      -32.700    0.000000
     1297    4.130      -32.650    0.000000
     1298    4.130      -32.600    0.000000
     1299    4.130      -32.550    0.000000
     1300    4.130      -32.500    0.000000
     1301    4.130      -32.450    0.000000
     1302    4.130      -32.400    0.000000
     1303    4.130      -32.350    0.000000
     1304    4.130      -32.300    0.000000
     1305    4.130      -32.250    0.000000
     1306    4.130      -32.200    0.000000
     1307    4.130      -32.150    0.000000
     1308    4.130      -32.100    0.000000
     1309    4.130      -32.050    0.000000
     1310    4.130      -32.000    0.000000
     1311    4.130      -31.950    0.000000
     1312    4.130      -31.900    0.000000
     1313    4.130      -31.850    0.000000
     1314    4.130      -31.800    0.000000
     1315    4.130      -31.750    0.000000
     1316    4.130      -31.700    0.000000
     1317    4.130      -31.650    0.000000
     1318    4.130      -31.600    0.000000
     1319    4.130      -31.550    0.000000
     1320    4.130      -31.500    0.000000
     1321    4.130      -31.450    0.000000
     1322    4.130      -31.400    0.000000
     1323    4.130      -31.350    0.000000
     1324    4.130      -31.300    0.000000
     1325    4.130      -31.250    0.000000
     1326    4.130      -31.200    0.000000
     1327    4.130      -31.150    0.000000
     1328    4.130      -31.100    0.000000
     1329    4.130      -31.050    0.000000
     1330    4.130      -31.000    0.000000
     1331    4.130      -30.950    0.000000
     1332    4.130      -30.900    0.000000
     1333    4.130      -30.850    0.000000
     1334    4.130      -30.800    0.000000
     1335    4.130      -30.750    0.000000
     1336    4.130      -30.700    0.000000
     1337    4.130      -30.650    0.000000
     1338    4.130      -30.600    0.000000
     1339    4.130      -30.550    0.000000
     1340    4.130      -30.500    0.000000
     1341    4.130      -30.450    0.000000
     1342    4.130      -30.400    0.000000
     1343    4.130      -30.350    0.000000
     1344    4.130      -30.300    0.000000
     1345    4.130      -30.250    0.000000
     1346    4.130      -30.200    0.000000
     1347    4.130      -30.150    0.000000
     1348    4.130      -30.100    0.000000
     1349    4.130      -30.050    0.000000
     1350    4.130      -30.000    0.000000
     1351    4.130      -29.950    0.000000
     1352    4.130      -29.900    0.000000
     1353    4.130      -29.850    0.000000
     1354    4.130      -29.800    0.000000
     1355    4.130      -29.750    0.000000
     1356    4.130      -29.700    0.000000
     1357    4.130      -29.650    0.000000
     1358    4.130      -29.600    0.000000
     1359    4.130      -29.550    0.000000
     1360    4.130      -29.500    0.000000
     1361    4.130      -29.450    0.000000
     1362    4.130      -29.400    0.000000
     1363    4.130      -29.350    0.000000
     1364    4.130      -29.300    1.000000
     1365    4.130      -29.250    1.000000
     1366    4.130      -29.200    1.000000
     1367    4.130      -29.150    0.000000
     1368    4.130      -29.100    0.000000
     1369    4.130      -29.050    0.000000
     1370    4.130      -29.000    0.000000
     1371    4.130      -28.950    0.000000
     1372    4.130      -28.900    0.000000
     1373    4.130      -28.850    0.000000
     1374    4.130      -28.800    0.000000
     1375    4.130      -28.750    0.000000
     1376    4.130      -28.700    0.000000
     1377    4.180      -32.950    0.000000
     1378    4.180      -32.900    0.000000
     1379    4.180      -32.850    0.000000
     1380    4.180      -32.800    0.000000
     1381    4.180      -32.750    0.000000
     1382    4.180      -32.700    0.000000
     1383    4.180      -32.650    0.000000
     1384    4.180      -32.600    0.000000
     1385    4.180      -32.550    0.000000
     1386    4.180      -32.500    0.000000
     1387    4.180      -32.450    0.000000
     1388    4.180      -32.400    0.000000
     1389    4.180      -32.350    0.000000
     1390    4.180      -32.300    0.000000
     1391    4.180      -32.250    0.000000
     1392    4.180      -32.200    0.000000
     1393    4.180      -32.150    0.000000
     1394    4.180      -32.100    0.000000
     1395    4.180      -32.050    0.000000
     1396    4.180      -32.000    0.000000
     1397    4.180      -31.950    0.000000
     1398    4.180      -31.900    0.000000
     1399    4.180      -31.850    0.000000
     1400    4.180      -31.800    0.000000
     1401    4.180      -31.750    0.000000
     1402    4.180      -31.700    0.000000
     1403    4.180      -31.650    0.000000
     1404    4.180      -31.600    0.000000
     1405    4.180      -31.550    0.000000
     1406    4.180      -31.500    0.000000
     1407    4.180      -31.450    0.000000
     1408    4.180      -31.400    0.000000
     1409    4.180      -31.350    0.000000
     1410    4.180      -31.300    0.000000
     1411    4.180      -31.250    0.000000
     1412    4.180      -31.200    0.000000
     1413    4.180      -31.150    0.000000
     1414    4.180      -31.100    0.000000
     1415    4.180      -31.050    0.000000
     1416    4.180      -31.000    0.000000
     1417    4.180      -30.950    0.000000
     1418    4.180      -30.900    0.000000
     1419    4.180      -30.850    0.000000
     1420    4.180      -30.800    0.000000
     1421    4.180      -30.750    0.000000
     1422    4.180      -30.700    0.000000
     1423    4.180      -30.650    0.000000
     1424    4.180      -30.600    0.000000
     1425    4.180      -30.550    0.000000
     1426    4.180      -30.500    0.000000
     1427    4.180      -30.450    0.000000
     1428    4.180      -30.400    0.000000
     1429    4.180      -30.350    0.000000
     1430    4.180      -30.300    0.000000
     1431    4.180      -30.250    0.000000
     1432    4.180      -30.200    0.000000
     1433    4.180      -30.150    0.000000
     1434    4.180      -30.100    0.000000
     1435    4.180      -30.050    0.000000
     1436    4.180      -30.000    0.000000
     1437    4.180      -29.950    1.000000
     1438    4.180      -29.900    1.000000
     1439    4.180      -29.850    1.000000
     1440    4.180      -29.800    0.000000
     1441    4.180      -29.750    0.000000
     1442    4.180      -29.700    0.000000
     1443    4.180      -29.650    0.000000
     1444    4.180      -29.600    0.000000
     1445    4.180      -29.550    0.000000
     1446    4.180      -29.500    0.000000
     1447    4.180      -29.450    0.000000
     1448    4.180      -29.400    0.000000
     1449    4.180      -29.350    0.000000
     1450    4.180      -29.300    1.000000
     1451    4.180      -29.250    1.000000
     1452    4.180      -29.200    1.000000
     1453    4.180      -29.150    0.000000
     1454    4.180      -29.100    0.000000
     1455    4.180      -29.050    0.000000
     1456    4.180      -29.000    0.000000
     1457    4.180      -28.950    0.000000
     1458    4.180      -28.900    0.000000
     1459    4.180      -28.850    0.000000
     1460    4.180      -28.800    0.000000
     1461    4.180      -28.750    0.000000
     1462    4.180      -28.700    0.000000
     1463    4.230      -32.950    0.000000
     1464    4.230      -32.900    0.000000
     1465    4.230      -32.850    0.000000
     1466    4.230      -32.800    0.000000
     1467    4.230      -32.750    0.000000
     1468    4.230      -32.700    0.000000
     1469    4.230      -32.650    0.000000
     1470    4.230      -32.600    0.000000
     1471    4.230      -32.550    0.000000
     1472    4.230      -32.500    0.000000
     1473    4.230      -32.450    0.000000
     1474    4.230      -32.400    0.000000
     1475    4.230      -32.350    0.000000
     1476    4.230      -32.300    0.000000
     1477    4.230      -32.250    0.000000
     1478    4.230      -32.200    0.000000
     1479    4.230      -32.150    0.000000
     1480    4.230      -32.100    0.000000
     1481    4.230      -32.050    0.000000
     1482    4.230      -32.000    0.000000
     1483    4.230      -31.950    0.000000
     1484    4.230      -31.900    0.000000
     1485    4.230      -31.850    0.000000
     1486    4.230      -31.800    0.000000
     1487    4.230      -31.750    0.000000
     1488    4.230      -31.700    0.000000
     1489    4.230      -31.650    0.000000
     1490    4.230      -31.600    0.000000
     1491    4.230      -31.550    0.000000
     1492    4.230      -31.500    0.000000
     1493    4.230      -31.450    0.000000
     1494    4.230      -31.400    0.000000
     1495    4.230      -31.350    0.000000
     1496    4.230      -31.300    0.000000
     1497    4.230      -31.250    0.000000
     1498    4.230      -31.200    0.000000
     1499    4.230      -31.150    0.000000
     1500    4.230      -31.100    0.000000
     1501    4.230      -31.050    0.000000
     1502    4.230      -31.000    0.000000
     1503    4.230      -30.950    0.000000
     1504    4.230      -30.900    0.000000
     1505    4.230      -30.850    0.000000
     1506    4.230      -30.800    0.000000
     1507    4.230      -30.750    0.000000
     1508    4.230      -30.700    0.000000
     1509    4.230      -30.650    0.000000
     1510    4.230      -30.600    0.000000
     1511    4.230      -30.550    1.000000
     1512    4.230      -30.500    1.000000
     1513    4.230      -30.450    1.000000
     1514    4.230      -30.400    0.000000
     1515    4.230      -30.350    0.000000
     1516    4.230      -30.300    0.000000
     1517    4.230      -30.250    0.000000
     1518    4.230      -30.200    0.000000
     1519    4.230      -30.150    0.000000
     1520    4.230      -30.100    0.000000
     1521    4.230      -30.050    0.000000
     1522    4.230      -30.000    0.000000
     1523    4.230      -29.950    1.000000
     1524    4.230      -29.900    1.000000
     1525    4.230      -29.850    1.000000
     1526    4.230      -29.800    0.000000
     1527    4.230      -29.750    0.000000
     1528    4.230      -29.700    0.000000
     1529    4.230      -29.650    0.000000
     1530    4.230      -29.600    0.000000
     1531    4.230      -29.550    0.000000
     1532    4.230      -29.500    0.000000
     1533    4.230      -29.450    0.000000
     1534    4.230      -29.400    0.000000
     1535    4.230      -29.350    0.000000
     1536    4.230      -29.300    0.000000
     1537    4.230      -29.250    0.000000
     1538    4.230      -29.200    0.000000
     1539    4.230      -29.150    0.000000
     1540    4.230      -29.100    0.000000
     1541    4.230      -29.050    0.000000
     1542    4.230      -29.000    0.000000
     1543    4.230      -28.950    0.000000
     1544    4.230      -28.900    0.000000
     1545    4.230      -28.850    0.000000
     1546    4.230      -28.800    0.000000
     1547    4.230      -28.750    0.000000
     1548    4.230      -28.700    0.000000
     1549    4.280      -32.950    0.000000
     1550    4.280      -32.900    0.000000
     1551    4.280      -32.850    0.000000
     1552    4.280      -32.800    0.000000
     1553    4.280      -32.750    0.000000
     1554    4.280      -32.700    0.000000
     1555    4.280      -32.650    0.000000
     1556    4.280      -32.600    0.000000
     1557    4.280      -32.550    0.000000
     1558    4.280      -32.500    0.000000
     1559    4.280      -32.450    0.000000
     1560    4.280      -32.400    0.000000
     1561    4.280      -32.350    0.000000
     1562    4.280      -32.300    0.000000
     1563    4.280      -32.250    0.000000
     1564    4.280      -32.200    0.000000
     1565    4.280      -32.150    0.000000
     1566    4.280      -32.100    0.000000
     1567    4.280      -32.050    0.000000
     1568    4.280      -32.000    0.000000
     1569    4.280      -31.950    0.000000
     1570    4.280      -31.900    0.000000
     1571    4.280      -31.850    0.000000
     1572    4.280      -31.800    0.000000
     1573    4.280      -31.750    0.000000
     1574    4.280      -31.700    1.000000
     1575    4.280      -31.650    1.000000
     1576    4.280      -31.600    1.000000
     1577    4.280      -31.550    0.000000
     1578    4.280      -31.500    0.000000
     1579    4.280      -31.450    0.000000
     1580    4.280      -31.400    0.000000
     1581    4.280      -31.350    0.000000
     1582    4.280      -31.300    0.000000
     1583    4.280      -31.250    0.000000
     1584    4.280      -31.200    0.000000
     1585    4.280      -31.150    0.000000
     1586    4.280      -31.100    0.000000
     1587    4.280      -31.050    0.000000
     1588    4.280      -31.000    0.000000
     1589    4.280      -30.950    0.000000
     1590    4.280      -30.900    0.000000
     1591    4.280      -30.850    0.000000
     1592    4.280      -30.800    0.000000
     1593    4.280      -30.750    0.000000
     1594    4.280      -30.700    0.000000
     1595    4.280      -30.650    0.000000
     1596    4.280      -30.600    0.000000
     1597    4.280      -30.550    1.000000
     1598    4.280      -30.500    1.000000
     1599    4.280      -30.450    1.000000
     1600    4.280      -30.400    1.000000
     1601    4.280      -30.350    1.000000
     1602    4.280      -30.300    1.000000
     1603    4.280      -30.250    0.000000
     1604    4.280      -30.200    0.000000
     1605    4.280      -30.150    0.000000
     1606    4.280      -30.100    0.000000
     1607    4.280      -30.050    0.000000
     1608    4.280      -30.000    0.000000
     1609    4.280      -29.950    1.000000
     1610    4.280      -29.900    1.000000
     1611    4.280      -29.850    1.000000
     1612    4.280      -29.800    0.000000
     1613    4.280      -29.750    0.000000
     1614    4.280      -29.700    0.000000
     1615    4.280      -29.650    0.000000
     1616    4.280      -29.600    0.000000
     1617    4.280      -29.550    1.000000
     1618    4.280      -29.500    1.000000
     1619    4.280      -29.450    1.000000
     1620    4.280      -29.400    0.000000
     1621    4.280      -29.350    0.000000
     1622    4.280      -29.300    0.000000
     1623    4.280      -29.250    1.000000
     1624    4.280      -29.200    1.000000
     1625    4.280      -29.150    1.000000
     1626    4.280      -29.100    0.000000
     1627    4.280      -29.050    0.000000
     1628    4.280      -29.000    0.000000
     1629    4.280      -28.950    0.000000
     1630    4.280      -28.900    0.000000
     1631    4.280      -28.850    0.000000
     1632    4.280      -28.800    0.000000
     1633    4.280      -28.750    0.000000
     1634    4.280      -28.700    0.000000
     1635    4.330      -32.950    0.000000
     1636    4.330      -32.900    0.000000
     1637    4.330      -32.850    0.000000
     1638    4.330      -32.800    0.000000
     1639    4.330      -32.750    0.000000
     1640    4.330      -32.700    0.000000
     1641    4.330      -32.650    0.000000
     1642    4.330      -32.600    0.000000
     1643    4.330      -32.550    0.000000
     1644    4.330      -32.500    0.000000
     1645    4.330      -32.450    0.000000
     1646    4.330      -32.400    0.000000
     1647    4.330      -32.350    0.000000
     1648    4.330      -32.300    0.000000
     1649    4.330      -32.250    0.000000
     1650    4.330      -32.200    0.000000
     1651    4.330      -32.150    0.000000
     1652    4.330      -32.100    0.000000
     1653    4.330      -32.050    0.000000
     1654    4.330      -32.000    0.000000
     1655    4.330      -31.950    0.000000
     1656    4.330      -31.900    0.000000
     1657    4.330      -31.850    0.000000
     1658    4.330      -31.800    0.000000
     1659    4.330      -31.750    0.000000
     1660    4.330      -31.700    1.000000
     1661    4.330      -31.650    1.000000
     1662    4.330      -31.600    1.000000
     1663    4.330      -31.550    0.000000
     1664    4.330      -31.500    0.000000
     1665    4.330      -31.450    0.000000
     1666    4.330      -31.400    0.000000
     1667    4.330      -31.350    0.000000
     1668    4.330      -31.300    0.000000
     1669    4.330      -31.250    0.000000
     1670    4.330      -31.200    0.000000
     1671    4.330      -31.150    0.000000
     1672    4.330      -31.100    0.000000
     1673    4.330      -31.050    0.000000
     1674    4.330      -31.000    0.000000
     1675    4.330      -30.950    0.000000
     1676    4.330      -30.900    0.000000
     1677    4.330      -30.850    0.000000
     1678    4.330      -30.800    0.000000
     1679    4.330      -30.750    0.000000
     1680    4.330      -30.700    0.000000
     1681    4.330      -30.650    0.000000
     1682    4.330      -30.600    0.000000
     1683    4.330      -30.550    1.000000
     1684    4.330      -30.500    1.000000
     1685    4.330      -30.450    1.000000
     1686    4.330      -30.400    1.000000
     1687    4.330      -30.350    1.000000
     1688    4.330      -30.300    1.000000
     1689    4.330      -30.250    0.000000
     1690    4.330      -30.200    0.000000
     1691    4.330      -30.150    0.000000
     1692    4.330      -30.100    0.000000
     1693    4.330      -30.050    0.000000
     1694    4.330      -30.000    0.000000
     1695    4.330      -29.950    0.000000
     1696    4.330      -29.900    0.000000
     1697    4.330      -29.850    1.000000
     1698    4.330      -29.800    1.000000
     1699    4.330      -29.750    1.000000
     1700    4.330      -29.700    0.000000
     1701    4.330      -29.650    0.000000
     1702    4.330      -29.600    0.000000
     1703    4.330      -29.550    1.000000
     1704    4.330      -29.500    1.000000
     1705    4.330      -29.450    1.000000
     1706    4.330      -29.400    0.000000
     1707    4.330      -29.350    0.000000
     1708    4.330      -29.300    0.000000
     1709    4.330      -29.250    1.000000
     1710    4.330      -29.200    1.000000
     1711    4.330      -29.150    1.000000
     1712    4.330      -29.100    0.000000
     1713    4.330      -29.050    0.000000
     1714    4.330      -29.000    0.000000
     1715    4.330      -28.950    0.000000
     1716    4.330      -28.900    0.000000
     1717    4.330      -28.850    0.000000
     1718    4.330      -28.800    0.000000
     1719    4.330      -28.750    0.000000
     1720    4.330      -28.700    0.000000
     1721    4.380      -32.950    0.000000
     1722    4.380      -32.900    0.000000
     1723    4.380      -32.850    0.000000
     1724    4.380      -32.800    0.000000
     1725    4.380      -32.750    0.000000
     1726    4.380      -32.700    0.000000
     1727    4.380      -32.650    0.000000
     1728    4.380      -32.600    0.000000
     1729    4.380      -32.550    0.000000
     1730    4.380      -32.500    0.000000
     1731    4.380      -32.450    0.000000
     1732    4.380      -32.400    0.000000
     1733    4.380      -32.350    0.000000
     1734    4.380      -32.300    0.000000
     1735    4.380      -32.250    0.000000
     1736    4.380      -32.200    0.000000
     1737    4.380      -32.150    0.000000
     1738    4.380      -32.100    0.000000
     1739    4.380      -32.050    0.000000
     1740    4.380      -32.000    0.000000
     1741    4.380      -31.950    0.000000
     1742    4.380      -31.900    0.000000
     1743    4.380      -31.850    0.000000
     1744    4.380      -31.800    0.000000
     1745    4.380      -31.750    0.000000
     1746    4.380      -31.700    1.000000
     1747    4.380      -31.650    1.000000
     1748    4.380      -31.600    1.000000
     1749    4.380      -31.550    0.000000
     1750    4.380      -31.500    0.000000
     1751    4.380      -31.450    0.000000
     1752    4.380      -31.400    0.000000
     1753    4.380      -31.350    1.000000
     1754    4.380      -31.300    1.000000
     1755    4.380      -31.250    1.000000
     1756    4.380      -31.200    0.000000
     1757    4.380      -31.150    0.000000
     1758    4.380      -31.100    0.000000
     1759    4.380      -31.050    0.000000
     1760    4.380      -31.000    0.000000
     1761    4.380      -30.950    0.000000
     1762    4.380      -30.900    0.000000
     1763    4.380      -30.850    0.000000
     1764    4.380      -30.800    0.000000
     1765    4.380      -30.750    0.000000
     1766    4.380      -30.700    1.000000
     1767    4.380      -30.650    1.000000
     1768    4.380      -30.600    1.000000
     1769    4.380      -30.550    1.000000
     1770    4.380      -30.500    1.000000
     1771    4.380      -30.450    1.000000
     1772    4.380      -30.400    1.000000
     1773    4.380      -30.350    1.000000
     1774    4.380      -30.300    1.000000
     1775    4.380      -30.250    0.000000
     1776    4.380      -30.200    0.000000
     1777    4.380      -30.150    0.000000
     1778    4.380      -30.100    0.000000
     1779    4.380      -30.050    0.000000
     1780    4.380      -30.000    0.000000
     1781    4.380      -29.950    0.000000
     1782    4.380      -29.900    1.000000
     1783    4.380      -29.850    2.000000
     1784    4.380      -29.800    2.000000
     1785    4.380      -29.750    1.000000
     1786    4.380      -29.700    0.000000
     1787    4.380      -29.650    0.000000
     1788    4.380      -29.600    0.000000
     1789    4.380      -29.550    1.000000
     1790    4.380      -29.500    1.000000
     1791    4.380      -29.450    1.000000
     1792    4.380      -29.400    0.000000
     1793    4.380      -29.350    0.000000
     1794    4.380      -29.300    0.000000
     1795    4.380      -29.250    1.000000
     1796    4.380      -29.200    1.000000
     1797    4.380      -29.150    1.000000
     1798    4.380      -29.100    0.000000
     1799    4.380      -29.050    0.000000
     1800    4.380      -29.000    0.000000
     1801    4.380      -28.950    0.000000
     1802    4.380      -28.900    0.000000
     1803    4.380      -28.850    0.000000
     1804    4.380      -28.800    0.000000
     1805    4.380      -28.750    0.000000
     1806    4.380      -28.700    0.000000
     1807    4.430      -32.950    0.000000
     1808    4.430      -32.900    0.000000
     1809    4.430      -32.850    0.000000
     1810    4.430      -32.800    0.000000
     1811    4.430      -32.750    0.000000
     1812    4.430      -32.700    0.000000
     1813    4.430      -32.650    0.000000
     1814    4.430      -32.600    0.000000
     1815    4.430      -32.550    0.000000
     1816    4.430      -32.500    1.000000
     1817    4.430      -32.450    1.000000
     1818    4.430      -32.400    1.000000
     1819    4.430      -32.350    0.000000
     1820    4.430      -32.300    0.000000
     1821    4.430      -32.250    0.000000
     1822    4.430      -32.200    0.000000
     1823    4.430      -32.150    0.000000
     1824    4.430      -32.100    0.000000
     1825    4.430      -32.050    0.000000
     1826    4.430      -32.000    0.000000
     1827    4.430      -31.950    0.000000
     1828    4.430      -31.900    0.000000
     1829    4.430      -31.850    0.000000
     1830    4.430      -31.800    0.000000
     1831    4.430      -31.750    0.000000
     1832    4.430      -31.700    0.000000
     1833    4.430      -31.650    0.000000
     1834    4.430      -31.600    0.000000
     1835    4.430      -31.550    0.000000
     1836    4.430      -31.500    0.000000
     1837    4.430      -31.450    0.000000
     1838    4.430      -31.400    0.000000
     1839    4.430      -31.350    1.000000
     1840    4.430      -31.300    1.000000
     1841    4.430      -31.250    1.000000
     1842    4.430      -31.200    0.000000
     1843    4.430      -31.150    0.000000
     1844    4.430      -31.100    0.000000
     1845    4.430      -31.050    0.000000
     1846    4.430      -31.000    0.000000
     1847    4.430      -30.950    0.000000
     1848    4.430      -30.900    0.000000
     1849    4.430      -30.850    0.000000
     1850    4.430      -30.800    0.000000
     1851    4.430      -30.750    0.000000
     1852    4.430      -30.700    1.000000
     1853    4.430      -30.650    1.000000
     1854    4.430      -30.600    1.000000
     1855    4.430      -30.550    1.000000
     1856    4.430      -30.500    1.000000
     1857    4.430      -30.450    1.000000
     1858    4.430      -30.400    0.000000
     1859    4.430      -30.350    0.000000
     1860    4.430      -30.300    0.000000
     1861    4.430      -30.250    0.000000
     1862    4.430      -30.200    0.000000
     1863    4.430      -30.150    0.000000
     1864    4.430      -30.100    0.000000
     1865    4.430      -30.050    0.000000
     1866    4.430      -30.000    0.000000
     1867    4.430      -29.950    0.000000
     1868    4.430      -29.900    1.000000
     1869    4.430      -29.850    2.000000
     1870    4.430      -29.800    2.000000
     1871    4.430      -29.750    1.000000
     1872    4.430      -29.700    0.000000
     1873    4.430      -29.650    0.000000
     1874    4.430      -29.600    0.000000
     1875    4.430      -29.550    0.000000
     1876    4.430      -29.500    0.000000
     1877    4.430      -29.450    0.000000
     1878    4.430      -29.400    0.000000
     1879    4.430      -29.350    0.000000
     1880    4.430      -29.300    0.000000
     1881    4.430      -29.250    0.000000
     1882    4.430      -29.200    0.000000
     1883    4.430      -29.150    0.000000
     1884    4.430      -29.100    0.000000
     1885    4.430      -29.050    0.000000
     1886    4.430      -29.000    0.000000
     1887    4.430      -28.950    0.000000
     1888    4.430      -28.900    0.000000
     1889    4.430      -28.850    0.000000
     1890    4.430      -28.800    0.000000
     1891    4.430      -28.750    0.000000
     1892    4.430      -28.700    0.000000
     1893    4.480      -32.950    0.000000
     1894    4.480      -32.900    0.000000
     1895    4.480      -32.850    0.000000
     1896    4.480      -32.800    0.000000
     1897    4.480      -32.750    0.000000
     1898    4.480      -32.700    0.000000
     1899    4.480      -32.650    0.000000
     1900    4.480      -32.600    0.000000
     1901    4.480      -32.550    0.000000
     1902    4.480      -32.500    1.000000
     1903    4.480      -32.450    1.000000
     1904    4.480      -32.400    1.000000
     1905    4.480      -32.350    0.000000
     1906    4.480      -32.300    0.000000
     1907    4.480      -32.250    0.000000
     1908    4.480      -32.200    0.000000
     1909    4.480      -32.150    0.000000
     1910    4.480      -32.100    0.000000
     1911    4.480      -32.050    0.000000
     1912    4.480      -32.000    0.000000
     1913    4.480      -31.950    0.000000
     1914    4.480      -31.900    0.000000
     1915    4.480      -31.850    0.000000
     1916    4.480      -31.800    0.000000
     1917    4.480      -31.750    0.000000
     1918    4.480      -31.700    0.000000
     1919    4.480      -31.650    0.000000
     1920    4.480      -31.600    0.000000
     1921    4.480      -31.550    0.000000
     1922    4.480      -31.500    0.000000
     1923    4.480      -31.450    0.000000
     1924    4.480      -31.400    0.000000
     1925    4.480      -31.350    1.000000
     1926    4.480      -31.300    1.000000
     1927    4.480      -31.250    1.000000
     1928    4.480      -31.200    0.000000
     1929    4.480      -31.150    0.000000
     1930    4.480      -31.100    0.000000
     1931    4.480      -31.050    0.000000
     1932    4.480      -31.000    0.000000
     1933    4.480      -30.950    0.000000
     1934    4.480      -30.900    0.000000
     1935    4.480      -30.850    0.000000
     1936    4.480      -30.800    1.000000
     1937    4.480      -30.750    1.000000
     1938    4.480      -30.700    2.000000
     1939    4.480      -30.650    1.000000
     1940    4.480      -30.600    1.000000
     1941    4.480      -30.550    1.000000
     1942    4.480      -30.500    1.000000
     1943    4.480      -30.450    1.000000
     1944    4.480      -30.400    0.000000
     1945    4.480      -30.350    0.000000
     1946    4.480      -30.300    0.000000
     1947    4.480      -30.250    0.000000
     1948    4.480      -30.200    0.000000
     1949    4.480      -30.150    0.000000
     1950    4.480      -30.100    0.000000
     1951    4.480      -30.050    0.000000
     1952    4.480      -30.000    0.000000
     1953    4.480      -29.950    0.000000
     1954    4.480      -29.900    1.000000
     1955    4.480      -29.850    1.000000
     1956    4.480      -29.800    1.000000
     1957    4.480      -29.750    0.000000
     1958    4.480      -29.700    0.000000
     1959    4.480      -29.650    0.000000
     1960    4.480      -29.600    1.000000
     1961    4.480      -29.550    1.000000
     1962    4.480      -29.500    2.000000
     1963    4.480      -29.450    1.000000
     1964    4.480      -29.400    2.000000
     1965    4.480      -29.350    1.000000
     1966    4.480      -29.300    1.000000
     1967    4.480      -29.250    0.000000
     1968    4.480      -29.200    0.000000
     1969    4.480      -29.150    0.000000
     1970    4.480      -29.100    0.000000
     1971    4.480      -29.050    0.000000
     1972    4.480      -29.000    0.000000
     1973    4.480      -28.950    0.000000
     1974    4.480      -28.900    0.000000
     1975    4.480      -28.850    0.000000
     1976    4.480      -28.800    0.000000
     1977    4.480      -28.750    0.000000
     1978    4.480      -28.700    0.000000
     1979    4.530      -32.950    0.000000
     1980    4.530      -32.900    0.000000
     1981    4.530      -32.850    0.000000
     1982    4.530      -32.800    0.000000
     1983    4.530      -32.750    0.000000
     1984    4.530      -32.700    0.000000
     1985    4.530      -32.650    0.000000
     1986    4.530      -32.600    0.000000
     1987    4.530      -32.550    0.000000
     1988    4.530      -32.500    1.000000
     1989    4.530      -32.450    1.000000
     1990    4.530      -32.400    1.000000
     1991    4.530      -32.350    0.000000
     1992    4.530      -32.300    0.000000
     1993    4.530      -32.250    0.000000
     1994    4.530      -32.200    0.000000
     1995    4.530      -32.150    0.000000
     1996    4.530      -32.100    0.000000
     1997    4.530      -32.050    0.000000
     1998    4.530      -32.000    0.000000
     1999    4.530      -31.950    0.000000
     2000    4.530      -31.900    0.000000
     2001    4.530      -31.850    0.000000
     2002    4.530      -31.800    0.000000
     2003    4.530      -31.750    0.000000
     2004    4.530      -31.700    0.000000
     2005    4.530      -31.650    0.000000
     2006    4.530      -31.600    0.000000
     2007    4.530      -31.550    0.000000
     2008    4.530      -31.500    0.000000
     2009    4.530      -31.450    0.000000
     2010    4.530      -31.400    0.000000
     2011    4.530      -31.350    0.000000
     2012    4.530      -31.300    0.000000
     2013    4.530      -31.250    0.000000
     2014    4.530      -31.200    0.000000
     2015    4.530      -31.150    0.000000
     2016    4.530      -31.100    0.000000
     2017    4.530      -31.050    0.000000
     2018    4.530      -31.000    0.000000
     2019    4.530      -30.950    0.000000
     2020    4.530      -30.900    0.000000
     2021    4.530      -30.850    0.000000
     2022    4.530      -30.800    1.000000
     2023    4.530      -30.750    1.000000
     2024    4.530      -30.700    1.000000
     2025    4.530      -30.650    0.000000
     2026    4.530      -30.600    0.000000
     2027    4.530      -30.550    0.000000
     2028    4.530      -30.500    0.000000
     2029    4.530      -30.450    0.000000
     2030    4.530      -30.400    0.000000
     2031    4.530      -30.350    0.000000
     2032    4.530      -30.300    0.000000
     2033    4.530      -30.250    0.000000
     2034    4.530      -30.200    0.000000
     2035    4.530      -30.150    0.000000
     2036    4.530      -30.100    0.000000
     2037    4.530      -30.050    0.000000
     2038    4.530      -30.000    0.000000
     2039    4.530      -29.950    0.000000
     2040    4.530      -29.900    0.000000
     2041    4.530      -29.850    0.000000
     2042    4.530      -29.800    0.000000
     2043    4.530      -29.750    0.000000
     2044    4.530      -29.700    0.000000
     2045    4.530      -29.650    0.000000
     2046    4.530      -29.600    1.000000
     2047    4.530      -29.550    1.000000
     2048    4.530      -29.500    2.000000
     2049    4.530      -29.450    1.000000
     2050    4.530      -29.400    2.000000
     2051    4.530      -29.350    1.000000
     2052    4.530      -29.300    1.000000
     2053    4.530      -29.250    0.000000
     2054    4.530      -29.200    0.000000
     2055    4.530      -29.150    0.000000
     2056    4.530      -29.100    0.000000
     2057    4.530      -29.050    0.000000
     2058    4.530      -29.000    0.000000
     2059    4.530      -28.950    0.000000
     2060    4.530      -28.900    0.000000
     2061    4.530      -28.850    0.000000
     2062    4.530      -28.800    0.000000
     2063    4.530      -28.750    0.000000
     2064    4.530      -28.700    0.000000
     2065    4.580      -32.950    0.000000
     2066    4.580      -32.900    0.000000
     2067    4.580      -32.850    0.000000
     2068    4.580      -32.800    0.000000
     2069    4.580      -32.750    0.000000
     2070    4.580      -32.700    0.000000
     2071    4.580      -32.650    0.000000
     2072    4.580      -32.600    0.000000
     2073    4.580      -32.550    0.000000
     2074    4.580      -32.500    0.000000
     2075    4.580      -32.450    0.000000
     2076    4.580      -32.400    0.000000
     2077    4.580      -32.350    0.000000
     2078    4.580      -32.300    0.000000
     2079    4.580      -32.250    0.000000
     2080    4.580      -32.200    0.000000
     2081    4.580      -32.150    0.000000
     2082    4.580      -32.100    0.000000
     2083    4.580      -32.050    0.000000
     2084    4.580      -32.000    0.000000
     2085    4.580      -31.950    0.000000
     2086    4.580      -31.900    0.000000
     2087    4.580      -31.850    0.000000
     2088    4.580      -31.800    0.000000
     2089    4.580      -31.750    0.000000
     2090    4.580      -31.700    0.000000
     2091    4.580      -31.650    0.000000
     2092    4.580      -31.600    0.000000
     2093    4.580      -31.550    0.000000
     2094    4.580      -31.500    0.000000
     2095    4.580      -31.450    0.000000
     2096    4.580      -31.400    0.000000
     2097    4.580      -31.350    0.000000
     2098    4.580      -31.300    0.000000
     2099    4.580      -31.250    0.000000
     2100    4.580      -31.200    0.000000
     2101    4.580      -31.150    0.000000
     2102    4.580      -31.100    0.000000
     2103    4.580      -31.050    1.000000
     2104    4.580      -31.000    1.000000
     2105    4.580      -30.950    1.000000
     2106    4.580      -30.900    0.000000
     2107    4.580      -30.850    0.000000
     2108    4.580      -30.800    1.000000
     2109    4.580      -30.750    1.000000
     2110    4.580      -30.700    1.000000
     2111    4.580      -30.650    0.000000
     2112    4.580      -30.600    0.000000
     2113    4.580      -30.550    0.000000
     2114    4.580      -30.500    0.000000
     2115    4.580      -30.450    0.000000
     2116    4.580      -30.400    0.000000
     2117    4.580      -30.350    0.000000
     2118    4.580      -30.300    1.000000
     2119    4.580      -30.250    1.000000
     2120    4.580      -30.200    1.000000
     2121    4.580      -30.150    0.000000
     2122    4.580      -30.100    0.000000
     2123    4.580      -30.050    0.000000
     2124    4.580      -30.000    0.000000
     2125    4.580      -29.950    0.000000
     2126    4.580      -29.900    0.000000
     2127    4.580      -29.850    0.000000
     2128    4.580      -29.800    0.000000
     2129    4.580      -29.750    0.000000
     2130    4.580      -29.700    0.000000
     2131    4.580      -29.650    0.000000
     2132    4.580      -29.600    1.000000
     2133    4.580      -29.550    1.000000
     2134    4.580      -29.500    2.000000
     2135    4.580      -29.450    1.000000
     2136    4.580      -29.400    2.000000
     2137    4.580      -29.350    1.000000
     2138    4.580      -29.300    1.000000
     2139    4.580      -29.250    0.000000
     2140    4.580      -29.200    0.000000
     2141    4.580      -29.150    0.000000
     2142    4.580      -29.100    0.000000
     2143    4.580      -29.050    0.000000
     2144    4.580      -29.000    0.000000
     2145    4.580      -28.950    0.000000
     2146    4.580      -28.900    0.000000
     2147    4.580      -28.850    0.000000
     2148    4.580      -28.800    0.000000
     2149    4.580      -28.750    0.000000
     2150    4.580      -28.700    0.000000
     2151    4.630      -32.950    0.000000
     2152    4.630      -32.900    0.000000
     2153    4.630      -32.850    0.000000
     2154    4.630      -32.800    0.000000
     2155    4.630      -32.750    0.000000
     2156    4.630      -32.700    0.000000
     2157    4.630      -32.650    0.000000
     2158    4.630      -32.600    0.000000
     2159    4.630      -32.550    0.000000
     2160    4.630      -32.500    0.000000
     2161    4.630      -32.450    0.000000
     2162    4.630      -32.400    0.000000
     2163    4.630      -32.350    0.000000
     2164    4.630      -32.300    0.000000
     2165    4.630      -32.250    0.000000
     2166    4.630      -32.200    0.000000
     2167    4.630      -32.150    0.000000
     2168    4.630      -32.100    0.000000
     2169    4.630      -32.050    0.000000
     2170    4.630      -32.000    0.000000
     2171    4.630      -31.950    0.000000
     2172    4.630      -31.900    0.000000
     2173    4.630      -31.850    0.000000
     2174    4.630      -31.800    0.000000
     2175    4.630      -31.750    0.000000
     2176    4.630      -31.700    0.000000
     2177    4.630      -31.650    0.000000
     2178    4.630      -31.600    0.000000
     2179    4.630      -31.550    0.000000
     2180    4.630      -31.500    0.000000
     2181    4.630      -31.450    0.000000
     2182    4.630      -31.400    0.000000
     2183    4.630      -31.350    0.000000
     2184    4.630      -31.300    0.000000
     2185    4.630      -31.250    0.000000
     2186    4.630      -31.200    0.000000
     2187    4.630      -31.150    0.000000
     2188    4.630      -31.100    0.000000
     2189    4.630      -31.050    1.000000
     2190    4.630      -31.000    1.000000
     2191    4.630      -30.950    1.000000
     2192    4.630      -30.900    0.000000
     2193    4.630      -30.850    0.000000
     2194    4.630      -30.800    0.000000
     2195    4.630      -30.750    0.000000
     2196    4.630      -30.700    0.000000
     2197    4.630      -30.650    0.000000
     2198    4.630      -30.600    0.000000
     2199    4.630      -30.550    0.000000
     2200    4.630      -30.500    0.000000
     2201    4.630      -30.450    0.000000
     2202    4.630      -30.400    0.000000
     2203    4.630      -30.350    0.000000
     2204    4.630      -30.300    1.000000
     2205    4.630      -30.250    1.000000
     2206    4.630      -30.200    1.000000
     2207    4.630      -30.150    0.000000
     2208    4.630      -30.100    0.000000
     2209    4.630      -30.050    0.000000
     2210    4.630      -30.000    0.000000
     2211    4.630      -29.950    0.000000
     2212    4.630      -29.900    0.000000
     2213    4.630      -29.850    0.000000
     2214    4.630      -29.800    0.000000
     2215    4.630      -29.750    0.000000
     2216    4.630      -29.700    0.000000
     2217    4.630      -29.650    0.000000
     2218    4.630      -29.600    0.000000
     2219    4.630      -29.550    0.000000
     2220    4.630      -29.500    0.000000
     2221    4.630      -29.450    0.000000
     2222    4.630      -29.400    0.000000
     2223    4.630      -29.350    1.000000
     2224    4.630      -29.300    1.000000
     2225    4.630      -29.250    1.000000
     2226    4.630      -29.200    0.000000
     2227    4.630      -29.150    0.000000
     2228    4.630      -29.100    0.000000
     2229    4.630      -29.050    0.000000
     2230    4.630      -29.000    0.000000
     2231    4.630      -28.950    0.000000
     2232    4.630      -28.900    0.000000
     2233    4.630      -28.850    0.000000
     2234    4.630      -28.800    0.000000
     2235    4.630      -28.750    0.000000
     2236    4.630      -28.700    0.000000
     2237    4.680      -32.950    0.000000
     2238    4.680      -32.900    0.000000
     2239    4.680      -32.850    0.000000
     2240    4.680      -32.800    0.000000
     2241    4.680      -32.750    0.000000
     2242    4.680      -32.700    0.000000
     2243    4.680      -32.650    0.000000
     2244    4.680      -32.600    0.000000
     2245    4.680      -32.550    0.000000
     2246    4.680      -32.500    0.000000
     2247    4.680      -32.450    0.000000
     2248    4.680      -32.400    0.000000
     2249    4.680      -32.350    0.000000
     2250    4.680      -32.300    0.000000
     2251    4.680      -32.250    0.000000
     2252    4.680      -32.200    0.000000
     2253    4.680      -32.150    0.000000
     2254    4.680      -32.100    0.000000
     2255    4.680      -32.050    0.000000
     2256    4.680      -32.000    0.000000
     2257    4.680      -31.950    0.000000
     2258    4.680      -31.900    0.000000
     2259    4.680      -31.850    0.000000
     2260    4.680      -31.800    0.000000
     2261    4.680      -31.750    0.000000
     2262    4.680      -31.700    0.000000
     2263    4.680      -31.650    0.000000
     2264    4.680      -31.600    0.000000
     2265    4.680      -31.550    0.000000
     2266    4.680      -31.500    0.000000
     2267    4.680      -31.450    0.000000
     2268    4.680      -31.400    0.000000
     2269    4.680      -31.350    0.000000
     2270    4.680      -31.300    0.000000
     2271    4.680      -31.250    0.000000
     2272    4.680      -31.200    0.000000
     2273    4.680      -31.150    0.000000
     2274    4.680      -31.100    0.000000
     2275    4.680      -31.050    1.000000
     2276    4.680      -31.000    1.000000
     2277    4.680      -30.950    1.000000
     2278    4.680      -30.900    0.000000
     2279    4.680      -30.850    0.000000
     2280    4.680      -30.800    0.000000
     2281    4.680      -30.750    0.000000
     2282    4.680      -30.700    0.000000
     2283    4.680      -30.650    0.000000
     2284    4.680      -30.600    0.000000
     2285    4.680      -30.550    0.000000
     2286    4.680      -30.500    0.000000
     2287    4.680      -30.450    0.000000
     2288    4.680      -30.400    0.000000
     2289    4.680      -30.350    0.000000
     2290    4.680      -30.300    2.000000
     2291    4.680      -30.250    2.000000
     2292    4.680      -30.200    2.000000
     2293    4.680      -30.150    0.000000
     2294    4.680      -30.100    0.000000
     2295    4.680      -30.050    1.000000
     2296    4.680      -30.000    1.000000
     2297    4.680      -29.950    1.000000
     2298    4.680      -29.900    0.000000
     2299    4.680      -29.850    0.000000
     2300    4.680      -29.800    0.000000
     2301    4.680      -29.750    0.000000
     2302    4.680      -29.700    0.000000
     2303    4.680      -29.650    0.000000
     2304    4.680      -29.600    0.000000
     2305    4.680      -29.550    0.000000
     2306    4.680      -29.500    0.000000
     2307    4.680      -29.450    0.000000
     2308    4.680      -29.400    0.000000
     2309    4.680      -29.350    1.000000
     2310    4.680      -29.300    1.000000
     2311    4.680      -29.250    1.000000
     2312    4.680      -29.200    0.000000
     2313    4.680      -29.150    0.000000
     2314    4.680      -29.100    0.000000
     2315    4.680      -29.050    0.000000
     2316    4.680      -29.000    0.000000
     2317    4.680      -28.950    0.000000
     2318    4.680      -28.900    0.000000
     2319    4.680      -28.850    0.000000
     2320    4.680      -28.800    0.000000
     2321    4.680      -28.750    0.000000
     2322    4.680      -28.700    0.000000
     2323    4.730      -32.950    0.000000
     2324    4.730      -32.900    0.000000
     2325    4.730      -32.850    0.000000
     2326    4.730      -32.800    0.000000
     2327    4.730      -32.750    0.000000
     2328    4.730      -32.700    0.000000
     2329    4.730      -32.650    0.000000
     2330    4.730      -32.600    0.000000
     2331    4.730      -32.550    0.000000
     2332    4.730      -32.500    0.000000
     2333    4.730      -32.450    0.000000
     2334    4.730      -32.400    0.000000
     2335    4.730      -32.350    0.000000
     2336    4.730      -32.300    0.000000
     2337    4.730      -32.250    0.000000
     2338    4.730      -32.200    0.000000
     2339    4.730      -32.150    0.000000
     2340    4.730      -32.100    0.000000
     2341    4.730      -32.050    0.000000
     2342    4.730      -32.000    0.000000
     2343    4.730      -31.950    0.000000
     2344    4.730      -31.900    0.000000
     2345    4.730      -31.850    0.000000
     2346    4.730      -31.800    0.000000
     2347    4.730      -31.750    0.000000
     2348    4.730      -31.700    0.000000
     2349    4.730      -31.650    0.000000
     2350    4.730      -31.600    0.000000
     2351    4.730      -31.550    0.000000
     2352    4.730      -31.500    0.000000
     2353    4.730      -31.450    0.000000
     2354    4.730      -31.400    0.000000
     2355    4.730      -31.350    0.000000
     2356    4.730      -31.300    0.000000
     2357    4.730      -31.250    0.000000
     2358    4.730      -31.200    0.000000
     2359    4.730      -31.150    0.000000
     2360    4.730      -31.100    0.000000
     2361    4.730      -31.050    0.000000
     2362    4.730      -31.000    0.000000
     2363    4.730      -30.950    0.000000
     2364    4.730      -30.900    0.000000
     2365    4.730      -30.850    0.000000
     2366    4.730      -30.800    0.000000
     2367    4.730      -30.750    0.000000
     2368    4.730      -30.700    0.000000
     2369    4.730      -30.650    0.000000
     2370    4.730      -30.600    0.000000
     2371    4.730      -30.550    0.000000
     2372    4.730      -30.500    0.000000
     2373    4.730      -30.450    0.000000
     2374    4.730      -30.400    0.000000
     2375    4.730      -30.350    0.000000
     2376    4.730      -30.300    1.000000
     2377    4.730      -30.250    1.000000
     2378    4.730      -30.200    1.000000
     2379    4.730      -30.150    0.000000
     2380    4.730      -30.100    0.000000
     2381    4.730      -30.050    1.000000
     2382    4.730      -30.000    1.000000
     2383    4.730      -29.950    1.000000
     2384    4.730      -29.900    0.000000
     2385    4.730      -29.850    0.000000
     2386    4.730      -29.800    0.000000
     2387    4.730      -29.750    0.000000
     2388    4.730      -29.700    0.000000
     2389    4.730      -29.650    0.000000
     2390    4.730      -29.600    0.000000
     2391    4.730      -29.550    0.000000
     2392    4.730      -29.500    0.000000
     2393    4.730      -29.450    0.000000
     2394    4.730      -29.400    0.000000
     2395    4.730      -29.350    1.000000
     2396    4.730      -29.300    1.000000
     2397    4.730      -29.250    1.000000
     2398    4.730      -29.200    0.000000
     2399    4.730      -29.150    0.000000
     2400    4.730      -29.100    0.000000
     2401    4.730      -29.050    0.000000
     2402    4.730      -29.000    0.000000
     2403    4.730      -28.950    0.000000
     2404    4.730      -28.900    0.000000
     2405    4.730      -28.850    0.000000
     2406    4.730      -28.800    0.000000
     2407    4.730      -28.750    0.000000
     2408    4.730      -28.700    0.000000
     2409    4.780      -32.950    0.000000
     2410    4.780      -32.900    0.000000
     2411    4.780      -32.850    0.000000
     2412    4.780      -32.800    0.000000
     2413    4.780      -32.750    0.000000
     2414    4.780      -32.700    0.000000
     2415    4.780      -32.650    0.000000
     2416    4.780      -32.600    0.000000
     2417    4.780      -32.550    0.000000
     2418    4.780      -32.500    0.000000
     2419    4.780      -32.450    0.000000
     2420    4.780      -32.400    0.000000
     2421    4.780      -32.350    0.000000
     2422    4.780      -32.300    0.000000
     2423    4.780      -32.250    0.000000
     2424    4.780      -32.200    0.000000
     2425    4.780      -32.150    0.000000
     2426    4.780      -32.100    0.000000
     2427    4.780      -32.050    0.000000
     2428    4.780      -32.000    0.000000
     2429    4.780      -31.950    0.000000
     2430    4.780      -31.900    0.000000
     2431    4.780      -31.850    0.000000
     2432    4.780      -31.800    0.000000
     2433    4.780      -31.750    0.000000
     2434    4.780      -31.700    0.000000
     2435    4.780      -31.650    0.000000
     2436    4.780      -31.600    0.000000
     2437    4.780      -31.550    0.000000
     2438    4.780      -31.500    0.000000
     2439    4.780      -31.450    0.000000
     2440    4.780      -31.400    0.000000
     2441    4.780      -31.350    0.000000
     2442    4.780      -31.300    0.000000
     2443    4.780      -31.250    0.000000
     2444    4.780      -31.200    0.000000
     2445    4.780      -31.150    0.000000
     2446    4.780      -31.100    0.000000
     2447    4.780      -31.050    0.000000
     2448    4.780      -31.000    0.000000
     2449    4.780      -30.950    0.000000
     2450    4.780      -30.900    0.000000
     2451    4.780      -30.850    0.000000
     2452    4.780      -30.800    0.000000
     2453    4.780      -30.750    0.000000
     2454    4.780      -30.700    0.000000
     2455    4.780      -30.650    0.000000
     2456    4.780      -30.600    0.000000
     2457    4.780      -30.550    0.000000
     2458    4.780      -30.500    0.000000
     2459    4.780      -30.450    0.000000
     2460    4.780      -30.400    0.000000
     2461    4.780      -30.350    0.000000
     2462    4.780      -30.300    1.000000
     2463    4.780      -30.250    1.000000
     2464    4.780      -30.200    1.000000
     2465    4.780      -30.150    0.000000
     2466    4.780      -30.100    0.000000
     2467    4.780      -30.050    1.000000
     2468    4.780      -30.000    1.000000
     2469    4.780      -29.950    1.000000
     2470    4.780      -29.900    0.000000
     2471    4.780      -29.850    0.000000
     2472    4.780      -29.800    0.000000
     2473    4.780      -29.750    0.000000
     2474    4.780      -29.700    0.000000
     2475    4.780      -29.650    0.000000
     2476    4.780      -29.600    1.000000
     2477    4.780      -29.550    1.000000
     2478    4.780      -29.500    1.000000
     2479    4.780      -29.450    0.000000
     2480    4.780      -29.400    0.000000
     2481    4.780      -29.350    0.000000
     2482    4.780      -29.300    0.000000
     2483    4.780      -29.250    0.000000
     2484    4.780      -29.200    0.000000
     2485    4.780      -29.150    0.000000
     2486    4.780      -29.100    0.000000
     2487    4.780      -29.050    0.000000
     2488    4.780      -29.000    0.000000
     2489    4.780      -28.950    0.000000
     2490    4.780      -28.900    0.000000
     2491    4.780      -28.850    0.000000
     2492    4.780      -28.800    0.000000
     2493    4.780      -28.750    0.000000
     2494    4.780      -28.700    0.000000
     2495    4.830      -32.950    0.000000
     2496    4.830      -32.900    0.000000
     2497    4.830      -32.850    0.000000
     2498    4.830      -32.800    0.000000
     2499    4.830      -32.750    0.000000
     2500    4.830      -32.700    0.000000
     2501    4.830      -32.650    0.000000
     2502    4.830      -32.600    0.000000
     2503    4.830      -32.550    0.000000
     2504    4.830      -32.500    0.000000
     2505    4.830      -32.450    0.000000
     2506    4.830      -32.400    0.000000
     2507    4.830      -32.350    0.000000
     2508    4.830      -32.300    0.000000
     2509    4.830      -32.250    0.000000
     2510    4.830      -32.200    0.000000
     2511    4.830      -32.150    0.000000
     2512    4.830      -32.100    0.000000
     2513    4.830      -32.050    0.000000
     2514    4.830      -32.000    0.000000
     2515    4.830      -31.950    0.000000
     2516    4.830      -31.900    0.000000
     2517    4.830      -31.850    0.000000
     2518    4.830      -31.800    0.000000
     2519    4.830      -31.750    0.000000
     2520    4.830      -31.700    0.000000
     2521    4.830      -31.650    0.000000
     2522    4.830      -31.600    0.000000
     2523    4.830      -31.550    0.000000
     2524    4.830      -31.500    0.000000
     2525    4.830      -31.450    0.000000
     2526    4.830      -31.400    0.000000
     2527    4.830      -31.350    0.000000
     2528    4.830      -31.300    0.000000
     2529    4.830      -31.250    0.000000
     2530    4.830      -31.200    0.000000
     2531    4.830      -31.150    0.000000
     2532    4.830      -31.100    0.000000
     2533    4.830      -31.050    0.000000
     2534    4.830      -31.000    0.000000
     2535    4.830      -30.950    0.000000
     2536    4.830      -30.900    0.000000
     2537    4.830      -30.850    0.000000
     2538    4.830      -30.800    0.000000
     2539    4.830      -30.750    0.000000
     2540    4.830      -30.700    0.000000
     2541    4.830      -30.650    0.000000
     2542    4.830      -30.600    0.000000
     2543    4.830      -30.550    0.000000
     2544    4.830      -30.500    0.000000
     2545    4.830      -30.450    0.000000
     2546    4.830      -30.400    0.000000
     2547    4.830      -30.350    0.000000
     2548    4.830      -30.300    0.000000
     2549    4.830      -30.250    0.000000
     2550    4.830      -30.200    0.000000
     2551    4.830      -30.150    0.000000
     2552    4.830      -30.100    0.000000
     2553    4.830      -30.050    0.000000
     2554    4.830      -30.000    0.000000
     2555    4.830      -29.950    0.000000
     2556    4.830      -29.900    0.000000
     2557    4.830      -29.850    0.000000
     2558    4.830      -29.800    0.000000
     2559    4.830      -29.750    0.000000
     2560    4.830      -29.700    0.000000
     2561    4.830      -29.650    0.000000
     2562    4.830      -29.600    1.000000
     2563    4.830      -29.550    1.000000
     2564    4.830      -29.500    1.000000
     2565    4.830      -29.450    0.000000
     2566    4.830      -29.400    0.000000
     2567    4.830      -29.350    0.000000
     2568    4.830      -29.300    0.000000
     2569    4.830      -29.250    0.000000
     2570    4.830      -29.200    0.000000
     2571    4.830      -29.150    0.000000
     2572    4.830      -29.100    0.000000
     2573    4.830      -29.050    0.000000
     2574    4.830      -29.000    0.000000
     2575    4.830      -28.950    0.000000
     2576    4.830      -28.900    0.000000
     2577    4.830      -28.850    0.000000
     2578    4.830      -28.800    0.000000
     2579    4.830      -28.750    0.000000
     2580    4.830      -28.700    0.000000
     2581    4.880      -32.950    0.000000
     2582    4.880      -32.900    0.000000
     2583    4.880      -32.850    0.000000
     2584    4.880      -32.800    0.000000
     2585    4.880      -32.750    0.000000
     2586    4.880      -32.700    0.000000
     2587    4.880      -32.650    0.000000
     2588    4.880      -32.600    0.000000
     2589    4.880      -32.550    0.000000
     2590    4.880      -32.500    0.000000
     2591    4.880      -32.450    0.000000
     2592    4.880      -32.400    0.000000
     2593    4.880      -32.350    0.000000
     2594    4.880      -32.300    0.000000
     2595    4.880      -32.250    0.000000
     2596    4.880      -32.200    0.000000
     2597    4.880      -32.150    0.000000
     2598    4.880      -32.100    0.000000
     2599    4.880      -32.050    0.000000
     2600    4.880      -32.000    0.000000
     2601    4.880      -31.950    0.000000
     2602    4.880      -31.900    0.000000
     2603    4.880      -31.850    0.000000
     2604    4.880      -31.800    0.000000
     2605    4.880      -31.750    0.000000
     2606    4.880      -31.700    0.000000
     2607    4.880      -31.650    0.000000
     2608    4.880      -31.600    0.000000
     2609    4.880      -31.550    0.000000
     2610    4.880      -31.500    0.000000
     2611    4.880      -31.450    0.000000
     2612    4.880      -31.400    0.000000
     2613    4.880      -31.350    0.000000
     2614    4.880      -31.300    0.000000
     2615    4.880      -31.250    0.000000
     2616    4.880      -31.200    0.000000
     2617    4.880      -31.150    0.000000
     2618    4.880      -31.100    0.000000
     2619    4.880      -31.050    0.000000
     2620    4.880      -31.000    0.000000
     2621    4.880      -30.950    0.000000
     2622    4.880      -30.900    0.000000
     2623    4.880      -30.850    0.000000
     2624    4.880      -30.800    0.000000
     2625    4.880      -30.750    0.000000
     2626    4.880      -30.700    0.000000
     2627    4.880      -30.650    0.000000
     2628    4.880      -30.600    0.000000
     2629    4.880      -30.550    0.000000
     2630    4.880      -30.500    0.000000
     2631    4.880      -30.450    0.000000
     2632    4.880      -30.400    0.000000
     2633    4.880      -30.350    0.000000
     2634    4.880      -30.300    0.000000
     2635    4.880      -30.250    0.000000
     2636    4.880      -30.200    0.000000
     2637    4.880      -30.150    0.000000
     2638    4.880      -30.100    0.000000
     2639    4.880      -30.050    0.000000
     2640    4.880      -30.000    0.000000
     2641    4.880      -29.950    0.000000
     2642    4.880      -29.900    0.000000
     2643    4.880      -29.850    0.000000
     2644    4.880      -29.800    0.000000
     2645    4.880      -29.750    0.000000
     2646    4.880      -29.700    0.000000
     2647    4.880      -29.650    0.000000
     2648    4.880      -29.600    1.000000
     2649    4.880      -29.550    1.000000
     2650    4.880      -29.500    1.000000
     2651    4.880      -29.450    0.000000
     2652    4.880      -29.400    0.000000
     2653    4.880      -29.350    0.000000
     2654    4.880      -29.300    0.000000
     2655    4.880      -29.250    0.000000
     2656    4.880      -29.200    0.000000
     2657    4.880      -29.150    0.000000
     2658    4.880      -29.100    0.000000
     2659    4.880      -29.050    0.000000
     2660    4.880      -29.000    0.000000
     2661    4.880      -28.950    0.000000
     2662    4.880      -28.900    0.000000
     2663    4.880      -28.850    0.000000
     2664    4.880      -28.800    0.000000
     2665    4.880      -28.750    0.000000
     2666    4.880      -28.700    0.000000
     2667    4.930      -32.950    0.000000
     2668    4.930      -32.900    0.000000
     2669    4.930      -32.850    0.000000
     2670    4.930      -32.800    0.000000
     2671    4.930      -32.750    0.000000
     2672    4.930      -32.700    0.000000
     2673    4.930      -32.650    0.000000
     2674    4.930      -32.600    0.000000
     2675    4.930      -32.550    0.000000
     2676    4.930      -32.500    0.000000
     2677    4.930      -32.450    0.000000
     2678    4.930      -32.400    0.000000
     2679    4.930      -32.350    0.000000
     2680    4.930      -32.300    0.000000
     2681    4.930      -32.250    0.000000
     2682    4.930      -32.200    0.000000
     2683    4.930      -32.150    0.000000
     2684    4.930      -32.100    0.000000
     2685    4.930      -32.050    0.000000
     2686    4.930      -32.000    0.000000
     2687    4.930      -31.950    0.000000
     2688    4.930      -31.900    0.000000
     2689    4.930      -31.850    0.000000
     2690    4.930      -31.800    0.000000
     2691    4.930      -31.750    0.000000
     2692    4.930      -31.700    0.000000
     2693    4.930      -31.650    0.000000
     2694    4.930      -31.600    0.000000
     2695    4.930      -31.550    0.000000
     2696    4.930      -31.500    0.000000
     2697    4.930      -31.450    0.000000
     2698    4.930      -31.400    0.000000
     2699    4.930      -31.350    0.000000
     2700    4.930      -31.300    0.000000
     2701    4.930      -31.250    0.000000
     2702    4.930      -31.200    0.000000
     2703    4.930      -31.150    0.000000
     2704    4.930      -31.100    0.000000
     2705    4.930      -31.050    0.000000
     2706    4.930      -31.000    0.000000
     2707    4.930      -30.950    0.000000
     2708    4.930      -30.900    0.000000
     2709    4.930      -30.850    0.000000
     2710    4.930      -30.800    0.000000
     2711    4.930      -30.750    0.000000
     2712    4.930      -30.700    0.000000
     2713    4.930      -30.650    0.000000
     2714    4.930      -30.600    0.000000
     2715    4.930      -30.550    0.000000
     2716    4.930      -30.500    0.000000
     2717    4.930      -30.450    0.000000
     2718    4.930      -30.400    0.000000
     2719    4.930      -30.350    0.000000
     2720    4.930      -30.300    0.000000
     2721    4.930      -30.250    0.000000
     2722    4.930      -30.200    0.000000
     2723    4.930      -30.150    0.000000
     2724    4.930      -30.100    0.000000
     2725    4.930      -30.050    0.000000
     2726    4.930      -30.000    0.000000
     2727    4.930      -29.950    0.000000
     2728    4.930      -29.900    0.000000
     2729    4.930      -29.850    0.000000
     2730    4.930      -29.800    0.000000
     2731    4.930      -29.750    0.000000
     2732    4.930      -29.700    0.000000
     2733    4.930      -29.650    0.000000
     2734    4.930      -29.600    0.000000
     2735    4.930      -29.550    0.000000
     2736    4.930      -29.500    0.000000
     2737    4.930      -29.450    0.000000
     2738    4.930      -29.400    0.000000
     2739    4.930      -29.350    0.000000
     2740    4.930      -29.300    0.000000
     2741    4.930      -29.250    0.000000
     2742    4.930      -29.200    0.000000
     2743    4.930      -29.150    0.000000
     2744    4.930      -29.100    0.000000
     2745    4.930      -29.050    0.000000
     2746    4.930      -29.000    0.000000
     2747    4.930      -28.950    0.000000
     2748    4.930      -28.900    0.000000
     2749    4.930      -28.850    0.000000
     2750    4.930      -28.800    0.000000
     2751    4.930      -28.750    0.000000
     2752    4.930      -28.700    0.000000
     2753    4.980      -32.950    0.000000
     2754    4.980      -32.900    0.000000
     2755    4.980      -32.850    0.000000
     2756    4.980      -32.800    0.000000
     2757    4.980      -32.750    0.000000
     2758    4.980      -32.700    0.000000
     2759    4.980      -32.650    0.000000
     2760    4.980      -32.600    0.000000
     2761    4.980      -32.550    0.000000
     2762    4.980      -32.500    0.000000
     2763    4.980      -32.450    0.000000
     2764    4.980      -32.400    0.000000
     2765    4.980      -32.350    0.000000
     2766    4.980      -32.300    0.000000
     2767    4.980      -32.250    0.000000
     2768    4.980      -32.200    0.000000
     2769    4.980      -32.150    0.000000
     2770    4.980      -32.100    0.000000
     2771    4.980      -32.050    0.000000
     2772    4.980      -32.000    0.000000
     2773    4.980      -31.950    0.000000
     2774    4.980      -31.900    0.000000
     2775    4.980      -31.850    0.000000
     2776    4.980      -31.800    0.000000
     2777    4.980      -31.750    0.000000
     2778    4.980      -31.700    0.000000
     2779    4.980      -31.650    0.000000
     2780    4.980      -31.600    0.000000
     2781    4.980      -31.550    0.000000
     2782    4.980      -31.500    0.000000
     2783    4.980      -31.450    0.000000
     2784    4.980      -31.400    0.000000
     2785    4.980      -31.350    0.000000
     2786    4.980      -31.300    0.000000
     2787    4.980      -31.250    0.000000
     2788    4.980      -31.200    0.000000
     2789    4.980      -31.150    0.000000
     2790    4.980      -31.100    0.000000
     2791    4.980      -31.050    0.000000
     2792    4.980      -31.000    0.000000
     2793    4.980      -30.950    0.000000
     2794    4.980      -30.900    0.000000
     2795    4.980      -30.850    0.000000
     2796    4.980      -30.800    0.000000
     2797    4.980      -30.750    0.000000
     2798    4.980      -30.700    0.000000
     2799    4.980      -30.650    0.000000
     2800    4.980      -30.600    0.000000
     2801    4.980      -30.550    0.000000
     2802    4.980      -30.500    0.000000
     2803    4.980      -30.450    0.000000
     2804    4.980      -30.400    0.000000
     2805    4.980      -30.350    0.000000
     2806    4.980      -30.300    0.000000
     2807    4.980      -30.250    0.000000
     2808    4.980      -30.200    0.000000
     2809    4.980      -30.150    0.000000
     2810    4.980      -30.100    0.000000
     2811    4.980      -30.050    0.000000
     2812    4.980      -30.000    0.000000
     2813    4.980      -29.950    0.000000
     2814    4.980      -29.900    0.000000
     2815    4.980      -29.850    0.000000
     2816    4.980      -29.800    0.000000
     2817    4.980      -29.750    0.000000
     2818    4.980      -29.700    0.000000
     2819    4.980      -29.650    0.000000
     2820    4.980      -29.600    0.000000
     2821    4.980      -29.550    0.000000
     2822    4.980      -29.500    0.000000
     2823    4.980      -29.450    0.000000
     2824    4.980      -29.400    0.000000
     2825    4.980      -29.350    0.000000
     2826    4.980      -29.300    0.000000
     2827    4.980      -29.250    0.000000
     2828    4.980      -29.200    0.000000
     2829    4.980      -29.150    0.000000
     2830    4.980      -29.100    0.000000
     2831    4.980      -29.050    0.000000
     2832    4.980      -29.000    0.000000
     2833    4.980      -28.950    0.000000
     2834    4.980      -28.900    0.000000
     2835    4.980      -28.850    0.000000
     2836    4.980      -28.800    0.000000
     2837    4.980      -28.750    0.000000
     2838    4.980      -28.700    0.000000
     2839    5.030      -32.950    0.000000
     2840    5.030      -32.900    0.000000
     2841    5.030      -32.850    0.000000
     2842    5.030      -32.800    0.000000
     2843    5.030      -32.750    0.000000
     2844    5.030      -32.700    0.000000
     2845    5.030      -32.650    0.000000
     2846    5.030      -32.600    0.000000
     2847    5.030      -32.550    0.000000
     2848    5.030      -32.500    0.000000
     2849    5.030      -32.450    0.000000
     2850    5.030      -32.400    0.000000
     2851    5.030      -32.350    0.000000
     2852    5.030      -32.300    0.000000
     2853    5.030      -32.250    0.000000
     2854    5.030      -32.200    0.000000
     2855    5.030      -32.150    0.000000
     2856    5.030      -32.100    0.000000
     2857    5.030      -32.050    0.000000
     2858    5.030      -32.000    0.000000
     2859    5.030      -31.950    0.000000
     2860    5.030      -31.900    0.000000
     2861    5.030      -31.850    0.000000
     2862    5.030      -31.800    0.000000
     2863    5.030      -31.750    0.000000
     2864    5.030      -31.700    0.000000
     2865    5.030      -31.650    0.000000
     2866    5.030      -31.600    0.000000
     2867    5.030      -31.550    0.000000
     2868    5.030      -31.500    0.000000
     2869    5.030      -31.450    0.000000
     2870    5.030      -31.400    0.000000
     2871    5.030      -31.350    0.000000
     2872    5.030      -31.300    0.000000
     2873    5.030      -31.250    0.000000
     2874    5.030      -31.200    0.000000
     2875    5.030      -31.150    0.000000
     2876    5.030      -31.100    0.000000
     2877    5.030      -31.050    0.000000
     2878    5.030      -31.000    0.000000
     2879    5.030      -30.950    0.000000
     2880    5.030      -30.900    0.000000
     2881    5.030      -30.850    0.000000
     2882    5.030      -30.800    0.000000
     2883    5.030      -30.750    0.000000
     2884    5.030      -30.700    0.000000
     2885    5.030      -30.650    0.000000
     2886    5.030      -30.600    0.000000
     2887    5.030      -30.550    0.000000
     2888    5.030      -30.500    0.000000
     2889    5.030      -30.450    1.000000
     2890    5.030      -30.400    1.000000
     2891    5.030      -30.350    1.000000
     2892    5.030      -30.300    0.000000
     2893    5.030      -30.250    0.000000
     2894    5.030      -30.200    0.000000
     2895    5.030      -30.150    0.000000
     2896    5.030      -30.100    0.000000
     2897    5.030      -30.050    0.000000
     2898    5.030      -30.000    0.000000
     2899    5.030      -29.950    0.000000
     2900    5.030      -29.900    0.000000
     2901    5.030      -29.850    0.000000
     2902    5.030      -29.800    0.000000
     2903    5.030      -29.750    1.000000
     2904    5.030      -29.700    1.000000
     2905    5.030      -29.650    1.000000
     2906    5.030      -29.600    0.000000
     2907    5.030      -29.550    0.000000
     2908    5.030      -29.500    0.000000
     2909    5.030      -29.450    0.000000
     2910    5.030      -29.400    0.000000
     2911    5.030      -29.350    0.000000
     2912    5.030      -29.300    0.000000
     2913    5.030      -29.250    0.000000
     2914    5.030      -29.200    0.000000
     2915    5.030      -29.150    0.000000
     2916    5.030      -29.100    0.000000
     2917    5.030      -29.050    0.000000
     2918    5.030      -29.000    0.000000
     2919    5.030      -28.950    0.000000
     2920    5.030      -28.900    0.000000
     2921    5.030      -28.850    0.000000
     2922    5.030      -28.800    0.000000
     2923    5.030      -28.750    0.000000
     2924    5.030      -28.700    0.000000
     2925    5.080      -32.950    0.000000
     2926    5.080      -32.900    0.000000
     2927    5.080      -32.850    0.000000
     2928    5.080      -32.800    0.000000
     2929    5.080      -32.750    0.000000
     2930    5.080      -32.700    0.000000
     2931    5.080      -32.650    0.000000
     2932    5.080      -32.600    0.000000
     2933    5.080      -32.550    0.000000
     2934    5.080      -32.500    0.000000
     2935    5.080      -32.450    0.000000
     2936    5.080      -32.400    0.000000
     2937    5.080      -32.350    0.000000
     2938    5.080      -32.300    0.000000
     2939    5.080      -32.250    0.000000
     2940    5.080      -32.200    0.000000
     2941    5.080      -32.150    0.000000
     2942    5.080      -32.100    0.000000
     2943    5.080      -32.050    0.000000
     2944    5.080      -32.000    0.000000
     2945    5.080      -31.950    0.000000
     2946    5.080      -31.900    0.000000
     2947    5.080      -31.850    0.000000
     2948    5.080      -31.800    0.000000
     2949    5.080      -31.750    0.000000
     2950    5.080      -31.700    0.000000
     2951    5.080      -31.650    0.000000
     2952    5.080      -31.600    0.000000
     2953    5.080      -31.550    0.000000
     2954    5.080      -31.500    0.000000
     2955    5.080      -31.450    0.000000
     2956    5.080      -31.400    0.000000
     2957    5.080      -31.350    0.000000
     2958    5.080      -31.300    0.000000
     2959    5.080      -31.250    0.000000
     2960    5.080      -31.200    0.000000
     2961    5.080      -31.150    0.000000
     2962    5.080      -31.100    0.000000
     2963    5.080      -31.050    0.000000
     2964    5.080      -31.000    0.000000
     2965    5.080      -30.950    0.000000
     2966    5.080      -30.900    0.000000
     2967    5.080      -30.850    0.000000
     2968    5.080      -30.800    0.000000
     2969    5.080      -30.750    0.000000
     2970    5.080      -30.700    0.000000
     2971    5.080      -30.650    0.000000
     2972    5.080      -30.600    0.000000
     2973    5.080      -30.550    0.000000
     2974    5.080      -30.500    0.000000
     2975    5.080      -30.450    1.000000
     2976    5.080      -30.400    1.000000
     2977    5.080      -30.350    1.000000
     2978    5.080      -30.300    0.000000
     2979    5.080      -30.250    0.000000
     2980    5.080      -30.200    0.000000
     2981    5.080      -30.150    0.000000
     2982    5.080      -30.100    0.000000
     2983    5.080      -30.050    0.000000
     2984    5.080      -30.000    0.000000
     2985    5.080      -29.950    0.000000
     2986    5.080      -29.900    0.000000
     2987    5.080      -29.850    1.000000
     2988    5.080      -29.800    1.000000
     2989    5.080      -29.750    2.000000
     2990    5.080      -29.700    1.000000
     2991    5.080      -29.650    1.000000
     2992    5.080      -29.600    0.000000
     2993    5.080      -29.550    0.000000
     2994    5.080      -29.500    0.000000
     2995    5.080      -29.450    0.000000
     2996    5.080      -29.400    0.000000
     2997    5.080      -29.350    0.000000
     2998    5.080      -29.300    0.000000
     2999    5.080      -29.250    0.000000
     3000    5.080      -29.200    0.000000
     3001    5.080      -29.150    0.000000
     3002    5.080      -29.100    0.000000
     3003    5.080      -29.050    0.000000
     3004    5.080      -29.000    0.000000
     3005    5.080      -28.950    0.000000
     3006    5.080      -28.900    0.000000
     3007    5.080      -28.850    0.000000
     3008    5.080      -28.800    0.000000
     3009    5.080      -28.750    0.000000
     3010    5.080      -28.700    0.000000
     3011    5.130      -32.950    0.000000
     3012    5.130      -32.900    0.000000
     3013    5.130      -32.850    0.000000
     3014    5.130      -32.800    0.000000
     3015    5.130      -32.750    0.000000
     3016    5.130      -32.700    0.000000
     3017    5.130      -32.650    0.000000
     3018    5.130      -32.600    0.000000
     3019    5.130      -32.550    0.000000
     3020    5.130      -32.500    0.000000
     3021    5.130      -32.450    0.000000
     3022    5.130      -32.400    0.000000
     3023    5.130      -32.350    0.000000
     3024    5.130      -32.300    0.000000
     3025    5.130      -32.250    0.000000
     3026    5.130      -32.200    0.000000
     3027    5.130      -32.150    0.000000
     3028    5.130      -32.100    0.000000
     3029    5.130      -32.050    0.000000
     3030    5.130      -32.000    0.000000
     3031    5.130      -31.950    0.000000
     3032    5.130      -31.900    0.000000
     3033    5.130      -31.850    0.000000
     3034    5.130      -31.800    0.000000
     3035    5.130      -31.750    0.000000
     3036    5.130      -31.700    0.000000
     3037    5.130      -31.650    0.000000
     3038    5.130      -31.600    0.000000
     3039    5.130      -31.550    0.000000
     3040    5.130      -31.500    0.000000
     3041    5.130      -31.450    0.000000
     3042    5.130      -31.400    0.000000
     3043    5.130      -31.350    0.000000
     3044    5.130      -31.300    0.000000
     3045    5.130      -31.250    0.000000
     3046    5.130      -31.200    0.000000
     3047    5.130      -31.150    0.000000
     3048    5.130      -31.100    0.000000
     3049    5.130      -31.050    0.000000
     3050    5.130      -31.000    0.000000
     3051    5.130      -30.950    0.000000
     3052    5.130      -30.900    0.000000
     3053    5.130      -30.850    0.000000
     3054    5.130      -30.800    0.000000
     3055    5.130      -30.750    0.000000
     3056    5.130      -30.700    0.000000
     3057    5.130      -30.650    0.000000
     3058    5.130      -30.600    0.000000
     3059    5.130      -30.550    0.000000
     3060    5.130      -30.500    0.000000
     3061    5.130      -30.450    1.000000
     3062    5.130      -30.400    1.000000
     3063    5.130      -30.350    1.000000
     3064    5.130      -30.300    0.000000
     3065    5.130      -30.250    0.000000
     3066    5.130      -30.200    0.000000
     3067    5.130      -30.150    0.000000
     3068    5.130      -30.100    0.000000
     3069    5.130      -30.050    0.000000
     3070    5.130      -30.000    0.000000
     3071    5.130      -29.950    0.000000
     3072    5.130      -29.900    0.000000
     3073    5.130      -29.850    1.000000
     3074    5.130      -29.800    1.000000
     3075    5.130      -29.750    2.000000
     3076    5.130      -29.700    1.000000
     3077    5.130      -29.650    1.000000
     3078    5.130      -29.600    0.000000
     3079    5.130      -29.550    0.000000
     3080    5.130      -29.500    0.000000
     3081    5.130      -29.450    0.000000
     3082    5.130      -29.400    0.000000
     3083    5.130      -29.350    0.000000
     3084    5.130      -29.300    0.000000
     3085    5.130      -29.250    0.000000
     3086    5.130      -29.200    0.000000
     3087    5.130      -29.150    0.000000
     3088    5.130      -29.100    0.000000
     3089    5.130      -29.050    0.000000
     3090    5.130      -29.000    0.000000
     3091    5.130      -28.950    0.000000
     3092    5.130      -28.900    0.000000
     3093    5.130      -28.850    0.000000
     3094    5.130      -28.800    0.000000
     3095    5.130      -28.750    0.000000
     3096    5.130      -28.700    0.000000
     3097    5.180      -32.950    0.000000
     3098    5.180      -32.900    0.000000
     3099    5.180      -32.850    0.000000
     3100    5.180      -32.800    0.000000
     3101    5.180      -32.750    0.000000
     3102    5.180      -32.700    0.000000
     3103    5.180      -32.650    0.000000
     3104    5.180      -32.600    0.000000
     3105    5.180      -32.550    0.000000
     3106    5.180      -32.500    0.000000
     3107    5.180      -32.450    0.000000
     3108    5.180      -32.400    0.000000
     3109    5.180      -32.350    0.000000
     3110    5.180      -32.300    0.000000
     3111    5.180      -32.250    0.000000
     3112    5.180      -32.200    0.000000
     3113    5.180      -32.150    0.000000
     3114    5.180      -32.100    0.000000
     3115    5.180      -32.050    0.000000
     3116    5.180      -32.000    0.000000
     3117    5.180      -31.950    0.000000
     3118    5.180      -31.900    0.000000
     3119    5.180      -31.850    0.000000
     3120    5.180      -31.800    0.000000
     3121    5.180      -31.750    0.000000
     3122    5.180      -31.700    0.000000
     3123    5.180      -31.650    0.000000
     3124    5.180      -31.600    0.000000
     3125    5.180      -31.550    0.000000
     3126    5.180      -31.500    0.000000
     3127    5.180      -31.450    0.000000
     3128    5.180      -31.400    0.000000
     3129    5.180      -31.350    0.000000
     3130    5.180      -31.300    0.000000
     3131    5.180      -31.250    0.000000
     3132    5.180      -31.200    0.000000
     3133    5.180      -31.150    0.000000
     3134    5.180      -31.100    0.000000
     3135    5.180      -31.050    0.000000
     3136    5.180      -31.000    0.000000
     3137    5.180      -30.950    0.000000
     3138    5.180      -30.900    0.000000
     3139    5.180      -30.850    0.000000
     3140    5.180      -30.800    0.000000
     3141    5.180      -30.750    0.000000
     3142    5.180      -30.700    0.000000
     3143    5.180      -30.650    0.000000
     3144    5.180      -30.600    0.000000
     3145    5.180      -30.550    0.000000
     3146    5.180      -30.500    0.000000
     3147    5.180      -30.450    0.000000
     3148    5.180      -30.400    0.000000
     3149    5.180      -30.350    1.000000
     3150    5.180      -30.300    1.000000
     3151    5.180      -30.250    1.000000
     3152    5.180      -30.200    0.000000
     3153    5.180      -30.150    0.000000
     3154    5.180      -30.100    0.000000
     3155    5.180      -30.050    0.000000
     3156    5.180      -30.000    0.000000
     3157    5.180      -29.950    0.000000
     3158    5.180      -29.900    0.000000
     3159    5.180      -29.850    1.000000
     3160    5.180      -29.800    1.000000
     3161    5.180      -29.750    1.000000
     3162    5.180      -29.700    0.000000
     3163    5.180      -29.650    0.000000
     3164    5.180      -29.600    0.000000
     3165    5.180      -29.550    0.000000
     3166    5.180      -29.500    0.000000
     3167    5.180      -29.450    0.000000
     3168    5.180      -29.400    0.000000
     3169    5.180      -29.350    0.000000
     3170    5.180      -29.300    0.000000
     3171    5.180      -29.250    0.000000
     3172    5.180      -29.200    0.000000
     3173    5.180      -29.150    0.000000
     3174    5.180      -29.100    0.000000
     3175    5.180      -29.050    0.000000
     3176    5.180      -29.000    0.000000
     3177    5.180      -28.950    0.000000
     3178    5.180      -28.900    0.000000
     3179    5.180      -28.850    0.000000
     3180    5.180      -28.800    0.000000
     3181    5.180      -28.750    0.000000
     3182    5.180      -28.700    0.000000
     3183    5.230      -32.950    0.000000
     3184    5.230      -32.900    0.000000
     3185    5.230      -32.850    0.000000
     3186    5.230      -32.800    0.000000
     3187    5.230      -32.750    0.000000
     3188    5.230      -32.700    0.000000
     3189    5.230      -32.650    0.000000
     3190    5.230      -32.600    0.000000
     3191    5.230      -32.550    0.000000
     3192    5.230      -32.500    0.000000
     3193    5.230      -32.450    0.000000
     3194    5.230      -32.400    0.000000
     3195    5.230      -32.350    0.000000
     3196    5.230      -32.300    0.000000
     3197    5.230      -32.250    0.000000
     3198    5.230      -32.200    0.000000
     3199    5.230      -32.150    0.000000
     3200    5.230      -32.100    0.000000
     3201    5.230      -32.050    0.000000
     3202    5.230      -32.000    0.000000
     3203    5.230      -31.950    0.000000
     3204    5.230      -31.900    0.000000
     3205    5.230      -31.850    0.000000
     3206    5.230      -31.800    0.000000
     3207    5.230      -31.750    0.000000
     3208    5.230      -31.700    0.000000
     3209    5.230      -31.650    0.000000
     3210    5.230      -31.600    0.000000
     3211    5.230      -31.550    0.000000
     3212    5.230      -31.500    0.000000
     3213    5.230      -31.450    0.000000
     3214    5.230      -31.400    0.000000
     3215    5.230      -31.350    0.000000
     3216    5.230      -31.300    0.000000
     3217    5.230      -31.250    0.000000
     3218    5.230      -31.200    0.000000
     3219    5.230      -31.150    0.000000
     3220    5.230      -31.100    0.000000
     3221    5.230      -31.050    0.000000
     3222    5.230      -31.000    0.000000
     3223    5.230      -30.950    0.000000
     3224    5.230      -30.900    0.000000
     3225    5.230      -30.850    0.000000
     3226    5.230      -30.800    0.000000
     3227    5.230      -30.750    0.000000
     3228    5.230      -30.700    0.000000
     3229    5.230      -30.650    0.000000
     3230    5.230      -30.600    0.000000
     3231    5.230      -30.550    0.000000
     3232    5.230      -30.500    0.000000
     3233    5.230      -30.450    0.000000
     3234    5.230      -30.400    0.000000
     3235    5.230      -30.350    1.000000
     3236    5.230      -30.300    1.000000
     3237    5.230      -30.250    1.000000
     3238    5.230      -30.200    0.000000
     3239    5.230      -30.150    0.000000
     3240    5.230      -30.100    0.000000
     3241    5.230      -30.050    0.000000
     3242    5.230      -30.000    0.000000
     3243    5.230      -29.950    0.000000
     3244    5.230      -29.900    0.000000
     3245    5.230      -29.850    0.000000
     3246    5.230      -29.800    0.000000
     3247    5.230      -29.750    0.000000
     3248    5.230      -29.700    0.000000
     3249    5.230      -29.650    0.000000
     3250    5.230      -29.600    0.000000
     3251    5.230      -29.550    0.000000
     3252    5.230      -29.500    0.000000
     3253    5.230      -29.450    0.000000
     3254    5.230      -29.400    0.000000
     3255    5.230      -29.350    0.000000
     3256    5.230      -29.300    0.000000
     3257    5.230      -29.250    0.000000
     3258    5.230      -29.200    0.000000
     3259    5.230      -29.150    0.000000
     3260    5.230      -29.100    0.000000
     3261    5.230      -29.050    0.000000
     3262    5.230      -29.000    0.000000
     3263    5.230      -28.950    0.000000
     3264    5.230      -28.900    0.000000
     3265    5.230      -28.850    0.000000
     3266    5.230      -28.800    0.000000
     3267    5.230      -28.750    0.000000
     3268    5.230      -28.700    0.000000
     3269    5.280      -32.950    0.000000
     3270    5.280      -32.900    0.000000
     3271    5.280      -32.850    0.000000
     3272    5.280      -32.800    0.000000
     3273    5.280      -32.750    0.000000
     3274    5.280      -32.700    0.000000
     3275    5.280      -32.650    0.000000
     3276    5.280      -32.600    0.000000
     3277    5.280      -32.550    0.000000
     3278    5.280      -32.500    0.000000
     3279    5.280      -32.450    0.000000
     3280    5.280      -32.400    0.000000
     3281    5.280      -32.350    0.000000
     3282    5.280      -32.300    0.000000
     3283    5.280      -32.250    0.000000
     3284    5.280      -32.200    0.000000
     3285    5.280      -32.150    0.000000
     3286    5.280      -32.100    0.000000
     3287    5.280      -32.050    0.000000
     3288    5.280      -32.000    0.000000
     3289    5.280      -31.950    0.000000
     3290    5.280      -31.900    0.000000
     3291    5.280      -31.850    0.000000
     3292    5.280      -31.800    0.000000
     3293    5.280      -31.750    0.000000
     3294    5.280      -31.700    0.000000
     3295    5.280      -31.650    0.000000
     3296    5.280      -31.600    0.000000
     3297    5.280      -31.550    0.000000
     3298    5.280      -31.500    0.000000
     3299    5.280      -31.450    0.000000
     3300    5.280      -31.400    0.000000
     3301    5.280      -31.350    0.000000
     3302    5.280      -31.300    0.000000
     3303    5.280      -31.250    0.000000
     3304    5.280      -31.200    0.000000
     3305    5.280      -31.150    0.000000
     3306    5.280      -31.100    0.000000
     3307    5.280      -31.050    0.000000
     3308    5.280      -31.000    0.000000
     3309    5.280      -30.950    0.000000
     3310    5.280      -30.900    0.000000
     3311    5.280      -30.850    0.000000
     3312    5.280      -30.800    0.000000
     3313    5.280      -30.750    0.000000
     3314    5.280      -30.700    0.000000
     3315    5.280      -30.650    0.000000
     3316    5.280      -30.600    0.000000
     3317    5.280      -30.550    0.000000
     3318    5.280      -30.500    0.000000
     3319    5.280      -30.450    0.000000
     3320    5.280      -30.400    0.000000
     3321    5.280      -30.350    1.000000
     3322    5.280      -30.300    1.000000
     3323    5.280      -30.250    1.000000
     3324    5.280      -30.200    0.000000
     3325    5.280      -30.150    0.000000
     3326    5.280      -30.100    0.000000
     3327    5.280      -30.050    0.000000
     3328    5.280      -30.000    1.000000
     3329    5.280      -29.950    1.000000
     3330    5.280      -29.900    1.000000
     3331    5.280      -29.850    0.000000
     3332    5.280      -29.800    0.000000
     3333    5.280      -29.750    0.000000
     3334    5.280      -29.700    0.000000
     3335    5.280      -29.650    0.000000
     3336    5.280      -29.600    0.000000
     3337    5.280      -29.550    0.000000
     3338    5.280      -29.500    0.000000
     3339    5.280      -29.450    0.000000
     3340    5.280      -29.400    0.000000
     3341    5.280      -29.350    0.000000
     3342    5.280      -29.300    0.000000
     3343    5.280      -29.250    0.000000
     3344    5.280      -29.200    0.000000
     3345    5.280      -29.150    0.000000
     3346    5.280      -29.100    0.000000
     3347    5.280      -29.050    0.000000
     3348    5.280      -29.000    0.000000
     3349    5.280      -28.950    0.000000
     3350    5.280      -28.900    0.000000
     3351    5.280      -28.850    0.000000
     3352    5.280      -28.800    0.000000
     3353    5.280      -28.750    0.000000
     3354    5.280      -28.700    0.000000
     3355    5.330      -32.950    0.000000
     3356    5.330      -32.900    0.000000
     3357    5.330      -32.850    0.000000
     3358    5.330      -32.800    0.000000
     3359    5.330      -32.750    0.000000
     3360    5.330      -32.700    0.000000
     3361    5.330      -32.650    0.000000
     3362    5.330      -32.600    0.000000
     3363    5.330      -32.550    0.000000
     3364    5.330      -32.500    0.000000
     3365    5.330      -32.450    0.000000
     3366    5.330      -32.400    0.000000
     3367    5.330      -32.350    0.000000
     3368    5.330      -32.300    0.000000
     3369    5.330      -32.250    0.000000
     3370    5.330      -32.200    0.000000
     3371    5.330      -32.150    0.000000
     3372    5.330      -32.100    0.000000
     3373    5.330      -32.050    0.000000
     3374    5.330      -32.000    0.000000
     3375    5.330      -31.950    0.000000
     3376    5.330      -31.900    0.000000
     3377    5.330      -31.850    0.000000
     3378    5.330      -31.800    0.000000
     3379    5.330      -31.750    0.000000
     3380    5.330      -31.700    0.000000
     3381    5.330      -31.650    0.000000
     3382    5.330      -31.600    0.000000
     3383    5.330      -31.550    0.000000
     3384    5.330      -31.500    0.000000
     3385    5.330      -31.450    0.000000
     3386    5.330      -31.400    0.000000
     3387    5.330      -31.350    0.000000
     3388    5.330      -31.300    0.000000
     3389    5.330      -31.250    0.000000
     3390    5.330      -31.200    0.000000
     3391    5.330      -31.150    0.000000
     3392    5.330      -31.100    0.000000
     3393    5.330      -31.050    0.000000
     3394    5.330      -31.000    0.000000
     3395    5.330      -30.950    0.000000
     3396    5.330      -30.900    0.000000
     3397    5.330      -30.850    0.000000
     3398    5.330      -30.800    0.000000
     3399    5.330      -30.750    0.000000
     3400    5.330      -30.700    0.000000
     3401    5.330      -30.650    0.000000
     3402    5.330      -30.600    0.000000
     3403    5.330      -30.550    0.000000
     3404    5.330      -30.500    0.000000
     3405    5.330      -30.450    0.000000
     3406    5.330      -30.400    0.000000
     3407    5.330      -30.350    0.000000
     3408    5.330      -30.300    0.000000
     3409    5.330      -30.250    0.000000
     3410    5.330      -30.200    0.000000
     3411    5.330      -30.150    0.000000
     3412    5.330      -30.100    0.000000
     3413    5.330      -30.050    0.000000
     3414    5.330      -30.000    1.000000
     3415    5.330      -29.950    1.000000
     3416    5.330      -29.900    1.000000
     3417    5.330      -29.850    0.000000
     3418    5.330      -29.800    0.000000
     3419    5.330      -29.750    0.000000
     3420    5.330      -29.700    0.000000
     3421    5.330      -29.650    0.000000
     3422    5.330      -29.600    0.000000
     3423    5.330      -29.550    0.000000
     3424    5.330      -29.500    0.000000
     3425    5.330      -29.450    0.000000
     3426    5.330      -29.400    0.000000
     3427    5.330      -29.350    0.000000
     3428    5.330      -29.300    0.000000
     3429    5.330      -29.250    0.000000
     3430    5.330      -29.200    0.000000
     3431    5.330      -29.150    0.000000
     3432    5.330      -29.100    0.000000
     3433    5.330      -29.050    0.000000
     3434    5.330      -29.000    0.000000
     3435    5.330      -28.950    0.000000
     3436    5.330      -28.900    0.000000
     3437    5.330      -28.850    0.000000
     3438    5.330      -28.800    0.000000
     3439    5.330      -28.750    0.000000
     3440    5.330      -28.700    0.000000
     3441    5.380      -32.950    0.000000
     3442    5.380      -32.900    0.000000
     3443    5.380      -32.850    0.000000
     3444    5.380      -32.800    0.000000
     3445    5.380      -32.750    0.000000
     3446    5.380      -32.700    0.000000
     3447    5.380      -32.650    0.000000
     3448    5.380      -32.600    0.000000
     3449    5.380      -32.550    0.000000
     3450    5.380      -32.500    0.000000
     3451    5.380      -32.450    0.000000
     3452    5.380      -32.400    0.000000
     3453    5.380      -32.350    0.000000
     3454    5.380      -32.300    0.000000
     3455    5.380      -32.250    0.000000
     3456    5.380      -32.200    0.000000
     3457    5.380      -32.150    0.000000
     3458    5.380      -32.100    0.000000
     3459    5.380      -32.050    0.000000
     3460    5.380      -32.000    0.000000
     3461    5.380      -31.950    0.000000
     3462    5.380      -31.900    0.000000
     3463    5.380      -31.850    0.000000
     3464    5.380      -31.800    0.000000
     3465    5.380      -31.750    0.000000
     3466    5.380      -31.700    0.000000
     3467    5.380      -31.650    0.000000
     3468    5.380      -31.600    0.000000
     3469    5.380      -31.550    0.000000
     3470    5.380      -31.500    0.000000
     3471    5.380      -31.450    0.000000
     3472    5.380      -31.400    0.000000
     3473    5.380      -31.350    0.000000
     3474    5.380      -31.300    0.000000
     3475    5.380      -31.250    0.000000
     3476    5.380      -31.200    0.000000
     3477    5.380      -31.150    0.000000
     3478    5.380      -31.100    0.000000
     3479    5.380      -31.050    0.000000
     3480    5.380      -31.000    0.000000
     3481    5.380      -30.950    0.000000
     3482    5.380      -30.900    0.000000
     3483    5.380      -30.850    0.000000
     3484    5.380      -30.800    0.000000
     3485    5.380      -30.750    0.000000
     3486    5.380      -30.700    0.000000
     3487    5.380      -30.650    0.000000
     3488    5.380      -30.600    0.000000
     3489    5.380      -30.550    0.000000
     3490    5.380      -30.500    0.000000
     3491    5.380      -30.450    0.000000
     3492    5.380      -30.400    0.000000
     3493    5.380      -30.350    0.000000
     3494    5.380      -30.300    0.000000
     3495    5.380      -30.250    0.000000
     3496    5.380      -30.200    0.000000
     3497    5.380      -30.150    0.000000
     3498    5.380      -30.100    0.000000
     3499    5.380      -30.050    0.000000
     3500    5.380      -30.000    1.000000
     3501    5.380      -29.950    1.000000
     3502    5.380      -29.900    1.000000
     3503    5.380      -29.850    0.000000
     3504    5.380      -29.800    0.000000
     3505    5.380      -29.750    0.000000
     3506    5.380      -29.700    0.000000
     3507    5.380      -29.650    0.000000
     3508    5.380      -29.600    0.000000
     3509    5.380      -29.550    0.000000
     3510    5.380      -29.500    0.000000
     3511    5.380      -29.450    0.000000
     3512    5.380      -29.400    0.000000
     3513    5.380      -29.350    0.000000
     3514    5.380      -29.300    0.000000
     3515    5.380      -29.250    0.000000
     3516    5.380      -29.200    0.000000
     3517    5.380      -29.150    0.000000
     3518    5.380      -29.100    0.000000
     3519    5.380      -29.050    0.000000
     3520    5.380      -29.000    0.000000
     3521    5.380      -28.950    0.000000
     3522    5.380      -28.900    0.000000
     3523    5.380      -28.850    0.000000
     3524    5.380      -28.800    0.000000
     3525    5.380      -28.750    0.000000
     3526    5.380      -28.700    0.000000
     3527    5.430      -32.950    0.000000
     3528    5.430      -32.900    0.000000
     3529    5.430      -32.850    0.000000
     3530    5.430      -32.800    0.000000
     3531    5.430      -32.750    0.000000
     3532    5.430      -32.700    0.000000
     3533    5.430      -32.650    0.000000
     3534    5.430      -32.600    0.000000
     3535    5.430      -32.550    0.000000
     3536    5.430      -32.500    0.000000
     3537    5.430      -32.450    0.000000
     3538    5.430      -32.400    0.000000
     3539    5.430      -32.350    0.000000
     3540    5.430      -32.300    0.000000
     3541    5.430      -32.250    0.000000
     3542    5.430      -32.200    0.000000
     3543    5.430      -32.150    0.000000
     3544    5.430      -32.100    0.000000
     3545    5.430      -32.050    0.000000
     3546    5.430      -32.000    0.000000
     3547    5.430      -31.950    0.000000
     3548    5.430      -31.900    0.000000
     3549    5.430      -31.850    0.000000
     3550    5.430      -31.800    0.000000
     3551    5.430      -31.750    0.000000
     3552    5.430      -31.700    0.000000
     3553    5.430      -31.650    0.000000
     3554    5.430      -31.600    0.000000
     3555    5.430      -31.550    0.000000
     3556    5.430      -31.500    0.000000
     3557    5.430      -31.450    0.000000
     3558    5.430      -31.400    0.000000
     3559    5.430      -31.350    0.000000
     3560    5.430      -31.300    0.000000
     3561    5.430      -31.250    0.000000
     3562    5.430      -31.200    0.000000
     3563    5.430      -31.150    0.000000
     3564    5.430      -31.100    0.000000
     3565    5.430      -31.050    0.000000
     3566    5.430      -31.000    0.000000
     3567    5.430      -30.950    0.000000
     3568    5.430      -30.900    0.000000
     3569    5.430      -30.850    0.000000
     3570    5.430      -30.800    0.000000
     3571    5.430      -30.750    0.000000
     3572    5.430      -30.700    0.000000
     3573    5.430      -30.650    0.000000
     3574    5.430      -30.600    0.000000
     3575    5.430      -30.550    0.000000
     3576    5.430      -30.500    0.000000
     3577    5.430      -30.450    0.000000
     3578    5.430      -30.400    0.000000
     3579    5.430      -30.350    0.000000
     3580    5.430      -30.300    0.000000
     3581    5.430      -30.250    0.000000
     3582    5.430      -30.200    0.000000
     3583    5.430      -30.150    0.000000
     3584    5.430      -30.100    0.000000
     3585    5.430      -30.050    0.000000
     3586    5.430      -30.000    0.000000
     3587    5.430      -29.950    0.000000
     3588    5.430      -29.900    0.000000
     3589    5.430      -29.850    0.000000
     3590    5.430      -29.800    0.000000
     3591    5.430      -29.750    0.000000
     3592    5.430      -29.700    0.000000
     3593    5.430      -29.650    0.000000
     3594    5.430      -29.600    0.000000
     3595    5.430      -29.550    0.000000
     3596    5.430      -29.500    0.000000
     3597    5.430      -29.450    0.000000
     3598    5.430      -29.400    0.000000
     3599    5.430      -29.350    0.000000
     3600    5.430      -29.300    0.000000
     3601    5.430      -29.250    0.000000
     3602    5.430      -29.200    0.000000
     3603    5.430      -29.150    0.000000
     3604    5.430      -29.100    0.000000
     3605    5.430      -29.050    0.000000
     3606    5.430      -29.000    0.000000
     3607    5.430      -28.950    0.000000
     3608    5.430      -28.900    0.000000
     3609    5.430      -28.850    0.000000
     3610    5.430      -28.800    0.000000
     3611    5.430      -28.750    0.000000
     3612    5.430      -28.700    0.000000
     3613    5.480      -32.950    0.000000
     3614    5.480      -32.900    0.000000
     3615    5.480      -32.850    0.000000
     3616    5.480      -32.800    0.000000
     3617    5.480      -32.750    0.000000
     3618    5.480      -32.700    0.000000
     3619    5.480      -32.650    0.000000
     3620    5.480      -32.600    0.000000
     3621    5.480      -32.550    0.000000
     3622    5.480      -32.500    0.000000
     3623    5.480      -32.450    0.000000
     3624    5.480      -32.400    0.000000
     3625    5.480      -32.350    0.000000
     3626    5.480      -32.300    0.000000
     3627    5.480      -32.250    0.000000
     3628    5.480      -32.200    0.000000
     3629    5.480      -32.150    0.000000
     3630    5.480      -32.100    0.000000
     3631    5.480      -32.050    0.000000
     3632    5.480      -32.000    0.000000
     3633    5.480      -31.950    0.000000
     3634    5.480      -31.900    0.000000
     3635    5.480      -31.850    0.000000
     3636    5.480      -31.800    0.000000
     3637    5.480      -31.750    0.000000
     3638    5.480      -31.700    0.000000
     3639    5.480      -31.650    0.000000
     3640    5.480      -31.600    0.000000
     3641    5.480      -31.550    0.000000
     3642    5.480      -31.500    0.000000
     3643    5.480      -31.450    0.000000
     3644    5.480      -31.400    0.000000
     3645    5.480      -31.350    0.000000
     3646    5.480      -31.300    0.000000
     3647    5.480      -31.250    0.000000
     3648    5.480      -31.200    0.000000
     3649    5.480      -31.150    0.000000
     3650    5.480      -31.100    0.000000
     3651    5.480      -31.050    0.000000
     3652    5.480      -31.000    0.000000
     3653    5.480      -30.950    0.000000
     3654    5.480      -30.900    0.000000
     3655    5.480      -30.850    0.000000
     3656    5.480      -30.800    0.000000
     3657    5.480      -30.750    0.000000
     3658    5.480      -30.700    0.000000
     3659    5.480      -30.650    0.000000
     3660    5.480      -30.600    0.000000
     3661    5.480      -30.550    0.000000
     3662    5.480      -30.500    0.000000
     3663    5.480      -30.450    0.000000
     3664    5.480      -30.400    0.000000
     3665    5.480      -30.350    0.000000
     3666    5.480      -30.300    0.000000
     3667    5.480      -30.250    0.000000
     3668    5.480      -30.200    0.000000
     3669    5.480      -30.150    0.000000
     3670    5.480      -30.100    0.000000
     3671    5.480      -30.050    0.000000
     3672    5.480      -30.000    0.000000
     3673    5.480      -29.950    0.000000
     3674    5.480      -29.900    0.000000
     3675    5.480      -29.850    0.000000
     3676    5.480      -29.800    0.000000
     3677    5.480      -29.750    0.000000
     3678    5.480      -29.700    0.000000
     3679    5.480      -29.650    0.000000
     3680    5.480      -29.600    0.000000
     3681    5.480      -29.550    0.000000
     3682    5.480      -29.500    0.000000
     3683    5.480      -29.450    0.000000
     3684    5.480      -29.400    0.000000
     3685    5.480      -29.350    0.000000
     3686    5.480      -29.300    0.000000
     3687    5.480      -29.250    0.000000
     3688    5.480      -29.200    0.000000
     3689    5.480      -29.150    0.000000
     3690    5.480      -29.100    0.000000
     3691    5.480      -29.050    0.000000
     3692    5.480      -29.000    0.000000
     3693    5.480      -28.950    0.000000
     3694    5.480      -28.900    0.000000
     3695    5.480      -28.850    0.000000
     3696    5.480      -28.800    0.000000
     3697    5.480      -28.750    0.000000
     3698    5.480      -28.700    0.000000
     3699    5.530      -32.950    0.000000
     3700    5.530      -32.900    0.000000
     3701    5.530      -32.850    0.000000
     3702    5.530      -32.800    0.000000
     3703    5.530      -32.750    0.000000
     3704    5.530      -32.700    0.000000
     3705    5.530      -32.650    0.000000
     3706    5.530      -32.600    0.000000
     3707    5.530      -32.550    0.000000
     3708    5.530      -32.500    0.000000
     3709    5.530      -32.450    0.000000
     3710    5.530      -32.400    0.000000
     3711    5.530      -32.350    0.000000
     3712    5.530      -32.300    0.000000
     3713    5.530      -32.250    0.000000
     3714    5.530      -32.200    0.000000
     3715    5.530      -32.150    0.000000
     3716    5.530      -32.100    0.000000
     3717    5.530      -32.050    0.000000
     3718    5.530      -32.000    0.000000
     3719    5.530      -31.950    0.000000
     3720    5.530      -31.900    0.000000
     3721    5.530      -31.850    0.000000
     3722    5.530      -31.800    0.000000
     3723    5.530      -31.750    0.000000
     3724    5.530      -31.700    0.000000
     3725    5.530      -31.650    0.000000
     3726    5.530      -31.600    0.000000
     3727    5.530      -31.550    0.000000
     3728    5.530      -31.500    0.000000
     3729    5.530      -31.450    0.000000
     3730    5.530      -31.400    0.000000
     3731    5.530      -31.350    0.000000
     3732    5.530      -31.300    0.000000
     3733    5.530      -31.250    0.000000
     3734    5.530      -31.200    0.000000
     3735    5.530      -31.150    0.000000
     3736    5.530      -31.100    0.000000
     3737    5.530      -31.050    0.000000
     3738    5.530      -31.000    0.000000
     3739    5.530      -30.950    0.000000
     3740    5.530      -30.900    0.000000
     3741    5.530      -30.850    0.000000
     3742    5.530      -30.800    0.000000
     3743    5.530      -30.750    0.000000
     3744    5.530      -30.700    0.000000
     3745    5.530      -30.650    0.000000
     3746    5.530      -30.600    0.000000
     3747    5.530      -30.550    0.000000
     3748    5.530      -30.500    1.000000
     3749    5.530      -30.450    1.000000
     3750    5.530      -30.400    1.000000
     3751    5.530      -30.350    0.000000
     3752    5.530      -30.300    0.000000
     3753    5.530      -30.250    0.000000
     3754    5.530      -30.200    0.000000
     3755    5.530      -30.150    0.000000
     3756    5.530      -30.100    0.000000
     3757    5.530      -30.050    0.000000
     3758    5.530      -30.000    0.000000
     3759    5.530      -29.950    0.000000
     3760    5.530      -29.900    0.000000
     3761    5.530      -29.850    0.000000
     3762    5.530      -29.800    0.000000
     3763    5.530      -29.750    0.000000
     3764    5.530      -29.700    0.000000
     3765    5.530      -29.650    0.000000
     3766    5.530      -29.600    0.000000
     3767    5.530      -29.550    0.000000
     3768    5.530      -29.500    0.000000
     3769    5.530      -29.450    0.000000
     3770    5.530      -29.400    0.000000
     3771    5.530      -29.350    0.000000
     3772    5.530      -29.300    0.000000
     3773    5.530      -29.250    0.000000
     3774    5.530      -29.200    0.000000
     3775    5.530      -29.150    0.000000
     3776    5.530      -29.100    0.000000
     3777    5.530      -29.050    0.000000
     3778    5.530      -29.000    0.000000
     3779    5.530      -28.950    0.000000
     3780    5.530      -28.900    0.000000
     3781    5.530      -28.850    0.000000
     3782    5.530      -28.800    0.000000
     3783    5.530      -28.750    0.000000
     3784    5.530      -28.700    0.000000
     3785    5.580      -32.950    0.000000
     3786    5.580      -32.900    0.000000
     3787    5.580      -32.850    0.000000
     3788    5.580      -32.800    0.000000
     3789    5.580      -32.750    0.000000
     3790    5.580      -32.700    0.000000
     3791    5.580      -32.650    0.000000
     3792    5.580      -32.600    0.000000
     3793    5.580      -32.550    0.000000
     3794    5.580      -32.500    0.000000
     3795    5.580      -32.450    0.000000
     3796    5.580      -32.400    0.000000
     3797    5.580      -32.350    0.000000
     3798    5.580      -32.300    0.000000
     3799    5.580      -32.250    0.000000
     3800    5.580      -32.200    0.000000
     3801    5.580      -32.150    0.000000
     3802    5.580      -32.100    0.000000
     3803    5.580      -32.050    0.000000
     3804    5.580      -32.000    0.000000
     3805    5.580      -31.950    0.000000
     3806    5.580      -31.900    0.000000
     3807    5.580      -31.850    0.000000
     3808    5.580      -31.800    0.000000
     3809    5.580      -31.750    0.000000
     3810    5.580      -31.700    0.000000
     3811    5.580      -31.650    0.000000
     3812    5.580      -31.600    0.000000
     3813    5.580      -31.550    0.000000
     3814    5.580      -31.500    0.000000
     3815    5.580      -31.450    0.000000
     3816    5.580      -31.400    0.000000
     3817    5.580      -31.350    0.000000
     3818    5.580      -31.300    0.000000
     3819    5.580      -31.250    0.000000
     3820    5.580      -31.200    0.000000
     3821    5.580      -31.150    0.000000
     3822    5.580      -31.100    0.000000
     3823    5.580      -31.050    0.000000
     3824    5.580      -31.000    0.000000
     3825    5.580      -30.950    0.000000
     3826    5.580      -30.900    0.000000
     3827    5.580      -30.850    0.000000
     3828    5.580      -30.800    0.000000
     3829    5.580      -30.750    0.000000
     3830    5.580      -30.700    0.000000
     3831    5.580      -30.650    0.000000
     3832    5.580      -30.600    0.000000
     3833    5.580      -30.550    0.000000
     3834    5.580      -30.500    1.000000
     3835    5.580      -30.450    1.000000
     3836    5.580      -30.400    1.000000
     3837    5.580      -30.350    0.000000
     3838    5.580      -30.300    0.000000
     3839    5.580      -30.250    0.000000
     3840    5.580      -30.200    0.000000
     3841    5.580      -30.150    0.000000
     3842    5.580      -30.100    0.000000
     3843    5.580      -30.050    0.000000
     3844    5.580      -30.000    0.000000
     3845    5.580      -29.950    0.000000
     3846    5.580      -29.900    0.000000
     3847    5.580      -29.850    0.000000
     3848    5.580      -29.800    0.000000
     3849    5.580      -29.750    0.000000
     3850    5.580      -29.700    0.000000
     3851    5.580      -29.650    0.000000
     3852    5.580      -29.600    0.000000
     3853    5.580      -29.550    0.000000
     3854    5.580      -29.500    0.000000
     3855    5.580      -29.450    0.000000
     3856    5.580      -29.400    0.000000
     3857    5.580      -29.350    0.000000
     3858    5.580      -29.300    0.000000
     3859    5.580      -29.250    0.000000
     3860    5.580      -29.200    0.000000
     3861    5.580      -29.150    0.000000
     3862    5.580      -29.100    0.000000
     3863    5.580      -29.050    0.000000
     3864    5.580      -29.000    0.000000
     3865    5.580      -28.950    0.000000
     3866    5.580      -28.900    0.000000
     3867    5.580      -28.850    0.000000
     3868    5.580      -28.800    0.000000
     3869    5.580      -28.750    0.000000
     3870    5.580      -28.700    0.000000
     3871    5.630      -32.950    0.000000
     3872    5.630      -32.900    0.000000
     3873    5.630      -32.850    0.000000
     3874    5.630      -32.800    0.000000
     3875    5.630      -32.750    0.000000
     3876    5.630      -32.700    0.000000
     3877    5.630      -32.650    0.000000
     3878    5.630      -32.600    0.000000
     3879    5.630      -32.550    0.000000
     3880    5.630      -32.500    0.000000
     3881    5.630      -32.450    0.000000
     3882    5.630      -32.400    0.000000
     3883    5.630      -32.350    0.000000
     3884    5.630      -32.300    0.000000
     3885    5.630      -32.250    0.000000
     3886    5.630      -32.200    0.000000
     3887    5.630      -32.150    0.000000
     3888    5.630      -32.100    0.000000
     3889    5.630      -32.050    0.000000
     3890    5.630      -32.000    0.000000
     3891    5.630      -31.950    0.000000
     3892    5.630      -31.900    0.000000
     3893    5.630      -31.850    0.000000
     3894    5.630      -31.800    0.000000
     3895    5.630      -31.750    0.000000
     3896    5.630      -31.700    0.000000
     3897    5.630      -31.650    0.000000
     3898    5.630      -31.600    0.000000
     3899    5.630      -31.550    0.000000
     3900    5.630      -31.500    0.000000
     3901    5.630      -31.450    0.000000
     3902    5.630      -31.400    0.000000
     3903    5.630      -31.350    0.000000
     3904    5.630      -31.300    0.000000
     3905    5.630      -31.250    0.000000
     3906    5.630      -31.200    0.000000
     3907    5.630      -31.150    0.000000
     3908    5.630      -31.100    0.000000
     3909    5.630      -31.050    0.000000
     3910    5.630      -31.000    0.000000
     3911    5.630      -30.950    0.000000
     3912    5.630      -30.900    0.000000
     3913    5.630      -30.850    0.000000
     3914    5.630      -30.800    0.000000
     3915    5.630      -30.750    0.000000
     3916    5.630      -30.700    0.000000
     3917    5.630      -30.650    0.000000
     3918    5.630      -30.600    0.000000
     3919    5.630      -30.550    0.000000
     3920    5.630      -30.500    1.000000
     3921    5.630      -30.450    1.000000
     3922    5.630      -30.400    1.000000
     3923    5.630      -30.350    0.000000
     3924    5.630      -30.300    0.000000
     3925    5.630      -30.250    0.000000
     3926    5.630      -30.200    0.000000
     3927    5.630      -30.150    0.000000
     3928    5.630      -30.100    0.000000
     3929    5.630      -30.050    0.000000
     3930    5.630      -30.000    0.000000
     3931    5.630      -29.950    0.000000
     3932    5.630      -29.900    0.000000
     3933    5.630      -29.850    0.000000
     3934    5.630      -29.800    0.000000
     3935    5.630      -29.750    0.000000
     3936    5.630      -29.700    0.000000
     3937    5.630      -29.650    0.000000
     3938    5.630      -29.600    0.000000
     3939    5.630      -29.550    0.000000
     3940    5.630      -29.500    0.000000
     3941    5.630      -29.450    0.000000
     3942    5.630      -29.400    0.000000
     3943    5.630      -29.350    0.000000
     3944    5.630      -29.300    0.000000
     3945    5.630      -29.250    0.000000
     3946    5.630      -29.200    0.000000
     3947    5.630      -29.150    0.000000
     3948    5.630      -29.100    0.000000
     3949    5.630      -29.050    0.000000
     3950    5.630      -29.000    0.000000
     3951    5.630      -28.950    0.000000
     3952    5.630      -28.900    0.000000
     3953    5.630      -28.850    0.000000
     3954    5.630      -28.800    0.000000
     3955    5.630      -28.750    0.000000
     3956    5.630      -28.700    0.000000
     3957    5.680      -32.950    0.000000
     3958    5.680      -32.900    0.000000
     3959    5.680      -32.850    0.000000
     3960    5.680      -32.800    0.000000
     3961    5.680      -32.750    0.000000
     3962    5.680      -32.700    0.000000
     3963    5.680      -32.650    0.000000
     3964    5.680      -32.600    0.000000
     3965    5.680      -32.550    0.000000
     3966    5.680      -32.500    0.000000
     3967    5.680      -32.450    0.000000
     3968    5.680      -32.400    0.000000
     3969    5.680      -32.350    0.000000
     3970    5.680      -32.300    0.000000
     3971    5.680      -32.250    0.000000
     3972    5.680      -32.200    0.000000
     3973    5.680      -32.150    0.000000
     3974    5.680      -32.100    0.000000
     3975    5.680      -32.050    0.000000
     3976    5.680      -32.000    0.000000
     3977    5.680      -31.950    0.000000
     3978    5.680      -31.900    0.000000
     3979    5.680      -31.850    0.000000
     3980    5.680      -31.800    0.000000
     3981    5.680      -31.750    0.000000
     3982    5.680      -31.700    0.000000
     3983    5.680      -31.650    0.000000
     3984    5.680      -31.600    0.000000
     3985    5.680      -31.550    0.000000
     3986    5.680      -31.500    0.000000
     3987    5.680      -31.450    0.000000
     3988    5.680      -31.400    0.000000
     3989    5.680      -31.350    0.000000
     3990    5.680      -31.300    0.000000
     3991    5.680      -31.250    1.000000
     3992    5.680      -31.200    1.000000
     3993    5.680      -31.150    1.000000
     3994    5.680      -31.100    0.000000
     3995    5.680      -31.050    0.000000
     3996    5.680      -31.000    0.000000
     3997    5.680      -30.950    0.000000
     3998    5.680      -30.900    0.000000
     3999    5.680      -30.850    0.000000
     4000    5.680      -30.800    0.000000
     4001    5.680      -30.750    0.000000
     4002    5.680      -30.700    0.000000
     4003    5.680      -30.650    0.000000
     4004    5.680      -30.600    0.000000
     4005    5.680      -30.550    0.000000
     4006    5.680      -30.500    0.000000
     4007    5.680      -30.450    0.000000
     4008    5.680      -30.400    0.000000
     4009    5.680      -30.350    0.000000
     4010    5.680      -30.300    0.000000
     4011    5.680      -30.250    0.000000
     4012    5.680      -30.200    0.000000
     4013    5.680      -30.150    0.000000
     4014    5.680      -30.100    0.000000
     4015    5.680      -30.050    0.000000
     4016    5.680      -30.000    0.000000
     4017    5.680      -29.950    0.000000
     4018    5.680      -29.900    0.000000
     4019    5.680      -29.850    0.000000
     4020    5.680      -29.800    0.000000
     4021    5.680      -29.750    0.000000
     4022    5.680      -29.700    0.000000
     4023    5.680      -29.650    0.000000
     4024    5.680      -29.600    0.000000
     4025    5.680      -29.550    0.000000
     4026    5.680      -29.500    0.000000
     4027    5.680      -29.450    0.000000
     4028    5.680      -29.400    0.000000
     4029    5.680      -29.350    0.000000
     4030    5.680      -29.300    0.000000
     4031    5.680      -29.250    0.000000
     4032    5.680      -29.200    0.000000
     4033    5.680      -29.150    0.000000
     4034    5.680      -29.100    0.000000
     4035    5.680      -29.050    0.000000
     4036    5.680      -29.000    0.000000
     4037    5.680      -28.950    0.000000
     4038    5.680      -28.900    0.000000
     4039    5.680      -28.850    0.000000
     4040    5.680      -28.800    0.000000
     4041    5.680      -28.750    0.000000
     4042    5.680      -28.700    0.000000
     4043    5.730      -32.950    0.000000
     4044    5.730      -32.900    0.000000
     4045    5.730      -32.850    0.000000
     4046    5.730      -32.800    0.000000
     4047    5.730      -32.750    0.000000
     4048    5.730      -32.700    0.000000
     4049    5.730      -32.650    0.000000
     4050    5.730      -32.600    0.000000
     4051    5.730      -32.550    0.000000
     4052    5.730      -32.500    0.000000
     4053    5.730      -32.450    0.000000
     4054    5.730      -32.400    0.000000
     4055    5.730      -32.350    0.000000
     4056    5.730      -32.300    0.000000
     4057    5.730      -32.250    0.000000
     4058    5.730      -32.200    0.000000
     4059    5.730      -32.150    0.000000
     4060    5.730      -32.100    0.000000
     4061    5.730      -32.050    0.000000
     4062    5.730      -32.000    0.000000
     4063    5.730      -31.950    0.000000
     4064    5.730      -31.900    0.000000
     4065    5.730      -31.850    0.000000
     4066    5.730      -31.800    0.000000
     4067    5.730      -31.750    0.000000
     4068    5.730      -31.700    0.000000
     4069    5.730      -31.650    0.000000
     4070    5.730      -31.600    0.000000
     4071    5.730      -31.550    0.000000
     4072    5.730      -31.500    0.000000
     4073    5.730      -31.450    0.000000
     4074    5.730      -31.400    0.000000
     4075    5.730      -31.350    0.000000
     4076    5.730      -31.300    0.000000
     4077    5.730      -31.250    1.000000
     4078    5.730      -31.200    1.000000
     4079    5.730      -31.150    1.000000
     4080    5.730      -31.100    0.000000
     4081    5.730      -31.050    0.000000
     4082    5.730      -31.000    0.000000
     4083    5.730      -30.950    0.000000
     4084    5.730      -30.900    0.000000
     4085    5.730      -30.850    0.000000
     4086    5.730      -30.800    0.000000
     4087    5.730      -30.750    0.000000
     4088    5.730      -30.700    0.000000
     4089    5.730      -30.650    0.000000
     4090    5.730      -30.600    0.000000
     4091    5.730      -30.550    0.000000
     4092    5.730      -30.500    0.000000
     4093    5.730      -30.450    0.000000
     4094    5.730      -30.400    0.000000
     4095    5.730      -30.350    0.000000
     4096    5.730      -30.300    0.000000
     4097    5.730      -30.250    0.000000
     4098    5.730      -30.200    0.000000
     4099    5.730      -30.150    0.000000
     4100    5.730      -30.100    0.000000
     4101    5.730      -30.050    0.000000
     4102    5.730      -30.000    0.000000
     4103    5.730      -29.950    0.000000
     4104    5.730      -29.900    0.000000
     4105    5.730      -29.850    0.000000
     4106    5.730      -29.800    0.000000
     4107    5.730      -29.750    0.000000
     4108    5.730      -29.700    0.000000
     4109    5.730      -29.650    0.000000
     4110    5.730      -29.600    0.000000
     4111    5.730      -29.550    0.000000
     4112    5.730      -29.500    0.000000
     4113    5.730      -29.450    0.000000
     4114    5.730      -29.400    0.000000
     4115    5.730      -29.350    0.000000
     4116    5.730      -29.300    0.000000
     4117    5.730      -29.250    0.000000
     4118    5.730      -29.200    0.000000
     4119    5.730      -29.150    0.000000
     4120    5.730      -29.100    0.000000
     4121    5.730      -29.050    0.000000
     4122    5.730      -29.000    0.000000
     4123    5.730      -28.950    0.000000
     4124    5.730      -28.900    0.000000
     4125    5.730      -28.850    0.000000
     4126    5.730      -28.800    0.000000
     4127    5.730      -28.750    0.000000
     4128    5.730      -28.700    0.000000
     4129    5.780      -32.950    0.000000
     4130    5.780      -32.900    0.000000
     4131    5.780      -32.850    0.000000
     4132    5.780      -32.800    0.000000
     4133    5.780      -32.750    0.000000
     4134    5.780      -32.700    0.000000
     4135    5.780      -32.650    0.000000
     4136    5.780      -32.600    0.000000
     4137    5.780      -32.550    0.000000
     4138    5.780      -32.500    0.000000
     4139    5.780      -32.450    0.000000
     4140    5.780      -32.400    0.000000
     4141    5.780      -32.350    0.000000
     4142    5.780      -32.300    0.000000
     4143    5.780      -32.250    0.000000
     4144    5.780      -32.200    0.000000
     4145    5.780      -32.150    0.000000
     4146    5.780      -32.100    0.000000
     4147    5.780      -32.050    0.000000
     4148    5.780      -32.000    0.000000
     4149    5.780      -31.950    0.000000
     4150    5.780      -31.900    0.000000
     4151    5.780      -31.850    0.000000
     4152    5.780      -31.800    0.000000
     4153    5.780      -31.750    0.000000
     4154    5.780      -31.700    0.000000
     4155    5.780      -31.650    0.000000
     4156    5.780      -31.600    0.000000
     4157    5.780      -31.550    0.000000
     4158    5.780      -31.500    0.000000
     4159    5.780      -31.450    0.000000
     4160    5.780      -31.400    0.000000
     4161    5.780      -31.350    0.000000
     4162    5.780      -31.300    0.000000
     4163    5.780      -31.250    1.000000
     4164    5.780      -31.200    1.000000
     4165    5.780      -31.150    1.000000
     4166    5.780      -31.100    0.000000
     4167    5.780      -31.050    0.000000
     4168    5.780      -31.000    0.000000
     4169    5.780      -30.950    0.000000
     4170    5.780      -30.900    0.000000
     4171    5.780      -30.850    0.000000
     4172    5.780      -30.800    0.000000
     4173    5.780      -30.750    0.000000
     4174    5.780      -30.700    0.000000
     4175    5.780      -30.650    0.000000
     4176    5.780      -30.600    0.000000
     4177    5.780      -30.550    0.000000
     4178    5.780      -30.500    0.000000
     4179    5.780      -30.450    0.000000
     4180    5.780      -30.400    0.000000
     4181    5.780      -30.350    0.000000
     4182    5.780      -30.300    0.000000
     4183    5.780      -30.250    0.000000
     4184    5.780      -30.200    0.000000
     4185    5.780      -30.150    0.000000
     4186    5.780      -30.100    0.000000
     4187    5.780      -30.050    0.000000
     4188    5.780      -30.000    0.000000
     4189    5.780      -29.950    0.000000
     4190    5.780      -29.900    0.000000
     4191    5.780      -29.850    0.000000
     4192    5.780      -29.800    0.000000
     4193    5.780      -29.750    0.000000
     4194    5.780      -29.700    0.000000
     4195    5.780      -29.650    0.000000
     4196    5.780      -29.600    0.000000
     4197    5.780      -29.550    0.000000
     4198    5.780      -29.500    0.000000
     4199    5.780      -29.450    0.000000
     4200    5.780      -29.400    0.000000
     4201    5.780      -29.350    0.000000
     4202    5.780      -29.300    0.000000
     4203    5.780      -29.250    0.000000
     4204    5.780      -29.200    0.000000
     4205    5.780      -29.150    0.000000
     4206    5.780      -29.100    0.000000
     4207    5.780      -29.050    0.000000
     4208    5.780      -29.000    0.000000
     4209    5.780      -28.950    0.000000
     4210    5.780      -28.900    0.000000
     4211    5.780      -28.850    0.000000
     4212    5.780      -28.800    0.000000
     4213    5.780      -28.750    0.000000
     4214    5.780      -28.700    0.000000
     4215    5.830      -32.950    0.000000
     4216    5.830      -32.900    0.000000
     4217    5.830      -32.850    0.000000
     4218    5.830      -32.800    0.000000
     4219    5.830      -32.750    0.000000
     4220    5.830      -32.700    0.000000
     4221    5.830      -32.650    0.000000
     4222    5.830      -32.600    0.000000
     4223    5.830      -32.550    0.000000
     4224    5.830      -32.500    0.000000
     4225    5.830      -32.450    0.000000
     4226    5.830      -32.400    0.000000
     4227    5.830      -32.350    0.000000
     4228    5.830      -32.300    0.000000
     4229    5.830      -32.250    0.000000
     4230    5.830      -32.200    0.000000
     4231    5.830      -32.150    0.000000
     4232    5.830      -32.100    0.000000
     4233    5.830      -32.050    0.000000
     4234    5.830      -32.000    0.000000
     4235    5.830      -31.950    0.000000
     4236    5.830      -31.900    0.000000
     4237    5.830      -31.850    0.000000
     4238    5.830      -31.800    0.000000
     4239    5.830      -31.750    0.000000
     4240    5.830      -31.700    0.000000
     4241    5.830      -31.650    0.000000
     4242    5.830      -31.600    0.000000
     4243    5.830      -31.550    0.000000
     4244    5.830      -31.500    0.000000
     4245    5.830      -31.450    0.000000
     4246    5.830      -31.400    0.000000
     4247    5.830      -31.350    0.000000
     4248    5.830      -31.300    0.000000
     4249    5.830      -31.250    0.000000
     4250    5.830      -31.200    0.000000
     4251    5.830      -31.150    0.000000
     4252    5.830      -31.100    0.000000
     4253    5.830      -31.050    0.000000
     4254    5.830      -31.000    0.000000
     4255    5.830      -30.950    0.000000
     4256    5.830      -30.900    0.000000
     4257    5.830      -30.850    0.000000
     4258    5.830      -30.800    0.000000
     4259    5.830      -30.750    0.000000
     4260    5.830      -30.700    0.000000
     4261    5.830      -30.650    0.000000
     4262    5.830      -30.600    0.000000
     4263    5.830      -30.550    0.000000
     4264    5.830      -30.500    0.000000
     4265    5.830      -30.450    0.000000
     4266    5.830      -30.400    0.000000
     4267    5.830      -30.350    0.000000
     4268    5.830      -30.300    0.000000
     4269    5.830      -30.250    0.000000
     4270    5.830      -30.200    0.000000
     4271    5.830      -30.150    0.000000
     4272    5.830      -30.100    0.000000
     4273    5.830      -30.050    0.000000
     4274    5.830      -30.000    0.000000
     4275    5.830      -29.950    0.000000
     4276    5.830      -29.900    0.000000
     4277    5.830      -29.850    0.000000
     4278    5.830      -29.800    0.000000
     4279    5.830      -29.750    0.000000
     4280    5.830      -29.700    0.000000
     4281    5.830      -29.650    0.000000
     4282    5.830      -29.600    0.000000
     4283    5.830      -29.550    0.000000
     4284    5.830      -29.500    0.000000
     4285    5.830      -29.450    0.000000
     4286    5.830      -29.400    0.000000
     4287    5.830      -29.350    0.000000
     4288    5.830      -29.300    0.000000
     4289    5.830      -29.250    0.000000
     4290    5.830      -29.200    0.000000
     4291    5.830      -29.150    0.000000
     4292    5.830      -29.100    0.000000
     4293    5.830      -29.050    0.000000
     4294    5.830      -29.000    0.000000
     4295    5.830      -28.950    0.000000
     4296    5.830      -28.900    0.000000
     4297    5.830      -28.850    0.000000
     4298    5.830      -28.800    0.000000
     4299    5.830      -28.750    0.000000
     4300    5.830      -28.700    0.000000
     4301    5.880      -32.950    0.000000
     4302    5.880      -32.900    0.000000
     4303    5.880      -32.850    0.000000
     4304    5.880      -32.800    0.000000
     4305    5.880      -32.750    0.000000
     4306    5.880      -32.700    0.000000
     4307    5.880      -32.650    0.000000
     4308    5.880      -32.600    0.000000
     4309    5.880      -32.550    0.000000
     4310    5.880      -32.500    0.000000
     4311    5.880      -32.450    0.000000
     4312    5.880      -32.400    0.000000
     4313    5.880      -32.350    0.000000
     4314    5.880      -32.300    0.000000
     4315    5.880      -32.250    0.000000
     4316    5.880      -32.200    0.000000
     4317    5.880      -32.150    0.000000
     4318    5.880      -32.100    0.000000
     4319    5.880      -32.050    0.000000
     4320    5.880      -32.000    0.000000
     4321    5.880      -31.950    0.000000
     4322    5.880      -31.900    0.000000
     4323    5.880      -31.850    0.000000
     4324    5.880      -31.800    0.000000
     4325    5.880      -31.750    0.000000
     4326    5.880      -31.700    0.000000
     4327    5.880      -31.650    0.000000
     4328    5.880      -31.600    0.000000
     4329    5.880      -31.550    0.000000
     4330    5.880      -31.500    0.000000
     4331    5.880      -31.450    0.000000
     4332    5.880      -31.400    0.000000
     4333    5.880      -31.350    0.000000
     4334    5.880      -31.300    0.000000
     4335    5.880      -31.250    0.000000
     4336    5.880      -31.200    0.000000
     4337    5.880      -31.150    0.000000
     4338    5.880      -31.100    0.000000
     4339    5.880      -31.050    0.000000
     4340    5.880      -31.000    0.000000
     4341    5.880      -30.950    0.000000
     4342    5.880      -30.900    0.000000
     4343    5.880      -30.850    0.000000
     4344    5.880      -30.800    0.000000
     4345    5.880      -30.750    0.000000
     4346    5.880      -30.700    0.000000
     4347    5.880      -30.650    0.000000
     4348    5.880      -30.600    0.000000
     4349    5.880      -30.550    0.000000
     4350    5.880      -30.500    0.000000
     4351    5.880      -30.450    0.000000
     4352    5.880      -30.400    0.000000
     4353    5.880      -30.350    0.000000
     4354    5.880      -30.300    0.000000
     4355    5.880      -30.250    0.000000
     4356    5.880      -30.200    0.000000
     4357    5.880      -30.150    0.000000
     4358    5.880      -30.100    0.000000
     4359    5.880      -30.050    0.000000
     4360    5.880      -30.000    0.000000
     4361    5.880      -29.950    0.000000
     4362    5.880      -29.900    0.000000
     4363    5.880      -29.850    0.000000
     4364    5.880      -29.800    0.000000
     4365    5.880      -29.750    0.000000
     4366    5.880      -29.700    0.000000
     4367    5.880      -29.650    0.000000
     4368    5.880      -29.600    0.000000
     4369    5.880      -29.550    0.000000
     4370    5.880      -29.500    0.000000
     4371    5.880      -29.450    0.000000
     4372    5.880      -29.400    0.000000
     4373    5.880      -29.350    0.000000
     4374    5.880      -29.300    0.000000
     4375    5.880      -29.250    0.000000
     4376    5.880      -29.200    0.000000
     4377    5.880      -29.150    0.000000
     4378    5.880      -29.100    0.000000
     4379    5.880      -29.050    0.000000
     4380    5.880      -29.000    0.000000
     4381    5.880      -28.950    0.000000
     4382    5.880      -28.900    0.000000
     4383    5.880      -28.850    0.000000
     4384    5.880      -28.800    0.000000
     4385    5.880      -28.750    0.000000
     4386    5.880      -28.700    0.000000
     4387    5.930      -32.950    0.000000
     4388    5.930      -32.900    0.000000
     4389    5.930      -32.850    0.000000
     4390    5.930      -32.800    0.000000
     4391    5.930      -32.750    0.000000
     4392    5.930      -32.700    0.000000
     4393    5.930      -32.650    0.000000
     4394    5.930      -32.600    0.000000
     4395    5.930      -32.550    0.000000
     4396    5.930      -32.500    0.000000
     4397    5.930      -32.450    0.000000
     4398    5.930      -32.400    0.000000
     4399    5.930      -32.350    0.000000
     4400    5.930      -32.300    0.000000
     4401    5.930      -32.250    0.000000
     4402    5.930      -32.200    0.000000
     4403    5.930      -32.150    0.000000
     4404    5.930      -32.100    0.000000
     4405    5.930      -32.050    0.000000
     4406    5.930      -32.000    0.000000
     4407    5.930      -31.950    0.000000
     4408    5.930      -31.900    0.000000
     4409    5.930      -31.850    0.000000
     4410    5.930      -31.800    0.000000
     4411    5.930      -31.750    0.000000
     4412    5.930      -31.700    0.000000
     4413    5.930      -31.650    0.000000
     4414    5.930      -31.600    0.000000
     4415    5.930      -31.550    0.000000
     4416    5.930      -31.500    0.000000
     4417    5.930      -31.450    0.000000
     4418    5.930      -31.400    0.000000
     4419    5.930      -31.350    0.000000
     4420    5.930      -31.300    0.000000
     4421    5.930      -31.250    0.000000
     4422    5.930      -31.200    0.000000
     4423    5.930      -31.150    0.000000
     4424    5.930      -31.100    0.000000
     4425    5.930      -31.050    0.000000
     4426    5.930      -31.000    0.000000
     4427    5.930      -30.950    0.000000
     4428    5.930      -30.900    0.000000
     4429    5.930      -30.850    0.000000
     4430    5.930      -30.800    0.000000
     4431    5.930      -30.750    0.000000
     4432    5.930      -30.700    0.000000
     4433    5.930      -30.650    0.000000
     4434    5.930      -30.600    0.000000
     4435    5.930      -30.550    0.000000
     4436    5.930      -30.500    0.000000
     4437    5.930      -30.450    0.000000
     4438    5.930      -30.400    0.000000
     4439    5.930      -30.350    0.000000
     4440    5.930      -30.300    0.000000
     4441    5.930      -30.250    0.000000
     4442    5.930      -30.200    0.000000
     4443    5.930      -30.150    0.000000
     4444    5.930      -30.100    0.000000
     4445    5.930      -30.050    0.000000
     4446    5.930      -30.000    0.000000
     4447    5.930      -29.950    0.000000
     4448    5.930      -29.900    0.000000
     4449    5.930      -29.850    0.000000
     4450    5.930      -29.800    0.000000
     4451    5.930      -29.750    0.000000
     4452    5.930      -29.700    0.000000
     4453    5.930      -29.650    0.000000
     4454    5.930      -29.600    0.000000
     4455    5.930      -29.550    0.000000
     4456    5.930      -29.500    0.000000
     4457    5.930      -29.450    0.000000
     4458    5.930      -29.400    0.000000
     4459    5.930      -29.350    0.000000
     4460    5.930      -29.300    0.000000
     4461    5.930      -29.250    0.000000
     4462    5.930      -29.200    0.000000
     4463    5.930      -29.150    0.000000
     4464    5.930      -29.100    0.000000
     4465    5.930      -29.050    0.000000
     4466    5.930      -29.000    0.000000
     4467    5.930      -28.950    0.000000
     4468    5.930      -28.900    0.000000
     4469    5.930      -28.850    0.000000
     4470    5.930      -28.800    0.000000
     4471    5.930      -28.750    0.000000
     4472    5.930      -28.700    0.000000
     4473    5.980      -32.950    0.000000
     4474    5.980      -32.900    0.000000
     4475    5.980      -32.850    0.000000
     4476    5.980      -32.800    0.000000
     4477    5.980      -32.750    0.000000
     4478    5.980      -32.700    0.000000
     4479    5.980      -32.650    0.000000
     4480    5.980      -32.600    0.000000
     4481    5.980      -32.550    0.000000
     4482    5.980      -32.500    0.000000
     4483    5.980      -32.450    0.000000
     4484    5.980      -32.400    0.000000
     4485    5.980      -32.350    0.000000
     4486    5.980      -32.300    0.000000
     4487    5.980      -32.250    0.000000
     4488    5.980      -32.200    0.000000
     4489    5.980      -32.150    0.000000
     4490    5.980      -32.100    0.000000
     4491    5.980      -32.050    0.000000
     4492    5.980      -32.000    0.000000
     4493    5.980      -31.950    0.000000
     4494    5.980      -31.900    0.000000
     4495    5.980      -31.850    0.000000
     4496    5.980      -31.800    0.000000
     4497    5.980      -31.750    0.000000
     4498    5.980      -31.700    0.000000
     4499    5.980      -31.650    0.000000
     4500    5.980      -31.600    0.000000
     4501    5.980      -31.550    0.000000
     4502    5.980      -31.500    0.000000
     4503    5.980      -31.450    0.000000
     4504    5.980      -31.400    0.000000
     4505    5.980      -31.350    0.000000
     4506    5.980      -31.300    0.000000
     4507    5.980      -31.250    0.000000
     4508    5.980      -31.200    0.000000
     4509    5.980      -31.150    0.000000
     4510    5.980      -31.100    0.000000
     4511    5.980      -31.050    0.000000
     4512    5.980      -31.000    0.000000
     4513    5.980      -30.950    0.000000
     4514    5.980      -30.900    0.000000
     4515    5.980      -30.850    0.000000
     4516    5.980      -30.800    0.000000
     4517    5.980      -30.750    0.000000
     4518    5.980      -30.700    0.000000
     4519    5.980      -30.650    0.000000
     4520    5.980      -30.600    0.000000
     4521    5.980      -30.550    0.000000
     4522    5.980      -30.500    0.000000
     4523    5.980      -30.450    0.000000
     4524    5.980      -30.400    0.000000
     4525    5.980      -30.350    0.000000
     4526    5.980      -30.300    0.000000
     4527    5.980      -30.250    0.000000
     4528    5.980      -30.200    0.000000
     4529    5.980      -30.150    0.000000
     4530    5.980      -30.100    0.000000
     4531    5.980      -30.050    0.000000
     4532    5.980      -30.000    0.000000
     4533    5.980      -29.950    0.000000
     4534    5.980      -29.900    0.000000
     4535    5.980      -29.850    0.000000
     4536    5.980      -29.800    0.000000
     4537    5.980      -29.750    0.000000
     4538    5.980      -29.700    0.000000
     4539    5.980      -29.650    0.000000
     4540    5.980      -29.600    0.000000
     4541    5.980      -29.550    0.000000
     4542    5.980      -29.500    0.000000
     4543    5.980      -29.450    0.000000
     4544    5.980      -29.400    0.000000
     4545    5.980      -29.350    0.000000
     4546    5.980      -29.300    0.000000
     4547    5.980      -29.250    0.000000
     4548    5.980      -29.200    0.000000
     4549    5.980      -29.150    0.000000
     4550    5.980      -29.100    0.000000
     4551    5.980      -29.050    0.000000
     4552    5.980      -29.000    0.000000
     4553    5.980      -28.950    0.000000
     4554    5.980      -28.900    0.000000
     4555    5.980      -28.850    0.000000
     4556    5.980      -28.800    0.000000
     4557    5.980      -28.750    0.000000
     4558    5.980      -28.700    0.000000
     4559    6.030      -32.950    0.000000
     4560    6.030      -32.900    0.000000
     4561    6.030      -32.850    0.000000
     4562    6.030      -32.800    0.000000
     4563    6.030      -32.750    0.000000
     4564    6.030      -32.700    0.000000
     4565    6.030      -32.650    0.000000
     4566    6.030      -32.600    0.000000
     4567    6.030      -32.550    0.000000
     4568    6.030      -32.500    0.000000
     4569    6.030      -32.450    0.000000
     4570    6.030      -32.400    0.000000
     4571    6.030      -32.350    0.000000
     4572    6.030      -32.300    0.000000
     4573    6.030      -32.250    0.000000
     4574    6.030      -32.200    0.000000
     4575    6.030      -32.150    0.000000
     4576    6.030      -32.100    0.000000
     4577    6.030      -32.050    0.000000
     4578    6.030      -32.000    0.000000
     4579    6.030      -31.950    0.000000
     4580    6.030      -31.900    0.000000
     4581    6.030      -31.850    0.000000
     4582    6.030      -31.800    0.000000
     4583    6.030      -31.750    0.000000
     4584    6.030      -31.700    0.000000
     4585    6.030      -31.650    0.000000
     4586    6.030      -31.600    0.000000
     4587    6.030      -31.550    0.000000
     4588    6.030      -31.500    0.000000
     4589    6.030      -31.450    0.000000
     4590    6.030      -31.400    0.000000
     4591    6.030      -31.350    0.000000
     4592    6.030      -31.300    0.000000
     4593    6.030      -31.250    0.000000
     4594    6.030      -31.200    0.000000
     4595    6.030      -31.150    0.000000
     4596    6.030      -31.100    0.000000
     4597    6.030      -31.050    0.000000
     4598    6.030      -31.000    0.000000
     4599    6.030      -30.950    0.000000
     4600    6.030      -30.900    0.000000
     4601    6.030      -30.850    0.000000
     4602    6.030      -30.800    0.000000
     4603    6.030      -30.750    0.000000
     4604    6.030      -30.700    0.000000
     4605    6.030      -30.650    0.000000
     4606    6.030      -30.600    0.000000
     4607    6.030      -30.550    0.000000
     4608    6.030      -30.500    0.000000
     4609    6.030      -30.450    0.000000
     4610    6.030      -30.400    0.000000
     4611    6.030      -30.350    0.000000
     4612    6.030      -30.300    0.000000
     4613    6.030      -30.250    0.000000
     4614    6.030      -30.200    0.000000
     4615    6.030      -30.150    0.000000
     4616    6.030      -30.100    0.000000
     4617    6.030      -30.050    0.000000
     4618    6.030      -30.000    0.000000
     4619    6.030      -29.950    0.000000
     4620    6.030      -29.900    0.000000
     4621    6.030      -29.850    0.000000
     4622    6.030      -29.800    0.000000
     4623    6.030      -29.750    0.000000
     4624    6.030      -29.700    0.000000
     4625    6.030      -29.650    0.000000
     4626    6.030      -29.600    0.000000
     4627    6.030      -29.550    0.000000
     4628    6.030      -29.500    0.000000
     4629    6.030      -29.450    0.000000
     4630    6.030      -29.400    0.000000
     4631    6.030      -29.350    0.000000
     4632    6.030      -29.300    0.000000
     4633    6.030      -29.250    0.000000
     4634    6.030      -29.200    0.000000
     4635    6.030      -29.150    0.000000
     4636    6.030      -29.100    0.000000
     4637    6.030      -29.050    0.000000
     4638    6.030      -29.000    0.000000
     4639    6.030      -28.950    0.000000
     4640    6.030      -28.900    0.000000
     4641    6.030      -28.850    0.000000
     4642    6.030      -28.800    0.000000
     4643    6.030      -28.750    0.000000
     4644    6.030      -28.700    0.000000
     4645    6.080      -32.950    0.000000
     4646    6.080      -32.900    0.000000
     4647    6.080      -32.850    0.000000
     4648    6.080      -32.800    0.000000
     4649    6.080      -32.750    0.000000
     4650    6.080      -32.700    0.000000
     4651    6.080      -32.650    0.000000
     4652    6.080      -32.600    0.000000
     4653    6.080      -32.550    0.000000
     4654    6.080      -32.500    0.000000
     4655    6.080      -32.450    0.000000
     4656    6.080      -32.400    0.000000
     4657    6.080      -32.350    0.000000
     4658    6.080      -32.300    0.000000
     4659    6.080      -32.250    0.000000
     4660    6.080      -32.200    0.000000
     4661    6.080      -32.150    0.000000
     4662    6.080      -32.100    0.000000
     4663    6.080      -32.050    0.000000
     4664    6.080      -32.000    0.000000
     4665    6.080      -31.950    0.000000
     4666    6.080      -31.900    0.000000
     4667    6.080      -31.850    0.000000
     4668    6.080      -31.800    0.000000
     4669    6.080      -31.750    0.000000
     4670    6.080      -31.700    0.000000
     4671    6.080      -31.650    0.000000
     4672    6.080      -31.600    0.000000
     4673    6.080      -31.550    0.000000
     4674    6.080      -31.500    0.000000
     4675    6.080      -31.450    0.000000
     4676    6.080      -31.400    0.000000
     4677    6.080      -31.350    0.000000
     4678    6.080      -31.300    0.000000
     4679    6.080      -31.250    0.000000
     4680    6.080      -31.200    0.000000
     4681    6.080      -31.150    0.000000
     4682    6.080      -31.100    0.000000
     4683    6.080      -31.050    0.000000
     4684    6.080      -31.000    0.000000
     4685    6.080      -30.950    0.000000
     4686    6.080      -30.900    0.000000
     4687    6.080      -30.850    0.000000
     4688    6.080      -30.800    0.000000
     4689    6.080      -30.750    0.000000
     4690    6.080      -30.700    0.000000
     4691    6.080      -30.650    0.000000
     4692    6.080      -30.600    0.000000
     4693    6.080      -30.550    0.000000
     4694    6.080      -30.500    0.000000
     4695    6.080      -30.450    0.000000
     4696    6.080      -30.400    0.000000
     4697    6.080      -30.350    0.000000
     4698    6.080      -30.300    0.000000
     4699    6.080      -30.250    0.000000
     4700    6.080      -30.200    0.000000
     4701    6.080      -30.150    0.000000
     4702    6.080      -30.100    0.000000
     4703    6.080      -30.050    0.000000
     4704    6.080      -30.000    0.000000
     4705    6.080      -29.950    0.000000
     4706    6.080      -29.900    0.000000
     4707    6.080      -29.850    0.000000
     4708    6.080      -29.800    0.000000
     4709    6.080      -29.750    0.000000
     4710    6.080      -29.700    0.000000
     4711    6.080      -29.650    0.000000
     4712    6.080      -29.600    0.000000
     4713    6.080      -29.550    0.000000
     4714    6.080      -29.500    0.000000
     4715    6.080      -29.450    0.000000
     4716    6.080      -29.400    0.000000
     4717    6.080      -29.350    0.000000
     4718    6.080      -29.300    0.000000
     4719    6.080      -29.250    0.000000
     4720    6.080      -29.200    0.000000
     4721    6.080      -29.150    0.000000
     4722    6.080      -29.100    0.000000
     4723    6.080      -29.050    0.000000
     4724    6.080      -29.000    0.000000
     4725    6.080      -28.950    0.000000
     4726    6.080      -28.900    0.000000
     4727    6.080      -28.850    0.000000
     4728    6.080      -28.800    0.000000
     4729    6.080      -28.750    0.000000
     4730    6.080      -28.700    0.000000
     4731    6.130      -32.950    0.000000
     4732    6.130      -32.900    0.000000
     4733    6.130      -32.850    0.000000
     4734    6.130      -32.800    0.000000
     4735    6.130      -32.750    0.000000
     4736    6.130      -32.700    0.000000
     4737    6.130      -32.650    0.000000
     4738    6.130      -32.600    0.000000
     4739    6.130      -32.550    0.000000
     4740    6.130      -32.500    0.000000
     4741    6.130      -32.450    0.000000
     4742    6.130      -32.400    0.000000
     4743    6.130      -32.350    0.000000
     4744    6.130      -32.300    0.000000
     4745    6.130      -32.250    0.000000
     4746    6.130      -32.200    0.000000
     4747    6.130      -32.150    0.000000
     4748    6.130      -32.100    0.000000
     4749    6.130      -32.050    0.000000
     4750    6.130      -32.000    0.000000
     4751    6.130      -31.950    0.000000
     4752    6.130      -31.900    0.000000
     4753    6.130      -31.850    0.000000
     4754    6.130      -31.800    0.000000
     4755    6.130      -31.750    0.000000
     4756    6.130      -31.700    0.000000
     4757    6.130      -31.650    0.000000
     4758    6.130      -31.600    0.000000
     4759    6.130      -31.550    0.000000
     4760    6.130      -31.500    0.000000
     4761    6.130      -31.450    0.000000
     4762    6.130      -31.400    0.000000
     4763    6.130      -31.350    0.000000
     4764    6.130      -31.300    0.000000
     4765    6.130      -31.250    0.000000
     4766    6.130      -31.200    0.000000
     4767    6.130      -31.150    0.000000
     4768    6.130      -31.100    0.000000
     4769    6.130      -31.050    0.000000
     4770    6.130      -31.000    0.000000
     4771    6.130      -30.950    0.000000
     4772    6.130      -30.900    0.000000
     4773    6.130      -30.850    0.000000
     4774    6.130      -30.800    0.000000
     4775    6.130      -30.750    0.000000
     4776    6.130      -30.700    0.000000
     4777    6.130      -30.650    0.000000
     4778    6.130      -30.600    0.000000
     4779    6.130      -30.550    0.000000
     4780    6.130      -30.500    0.000000
     4781    6.130      -30.450    0.000000
     4782    6.130      -30.400    0.000000
     4783    6.130      -30.350    0.000000
     4784    6.130      -30.300    0.000000
     4785    6.130      -30.250    0.000000
     4786    6.130      -30.200    0.000000
     4787    6.130      -30.150    0.000000
     4788    6.130      -30.100    0.000000
     4789    6.130      -30.050    0.000000
     4790    6.130      -30.000    0.000000
     4791    6.130      -29.950    0.000000
     4792    6.130      -29.900    0.000000
     4793    6.130      -29.850    0.000000
     4794    6.130      -29.800    0.000000
     4795    6.130      -29.750    0.000000
     4796    6.130      -29.700    0.000000
     4797    6.130      -29.650    0.000000
     4798    6.130      -29.600    0.000000
     4799    6.130      -29.550    0.000000
     4800    6.130      -29.500    0.000000
     4801    6.130      -29.450    0.000000
     4802    6.130      -29.400    0.000000
     4803    6.130      -29.350    0.000000
     4804    6.130      -29.300    0.000000
     4805    6.130      -29.250    0.000000
     4806    6.130      -29.200    0.000000
     4807    6.130      -29.150    0.000000
     4808    6.130      -29.100    0.000000
     4809    6.130      -29.050    0.000000
     4810    6.130      -29.000    0.000000
     4811    6.130      -28.950    0.000000
     4812    6.130      -28.900    0.000000
     4813    6.130      -28.850    0.000000
     4814    6.130      -28.800    0.000000
     4815    6.130      -28.750    0.000000
     4816    6.130      -28.700    0.000000
     4817    6.180      -32.950    0.000000
     4818    6.180      -32.900    0.000000
     4819    6.180      -32.850    0.000000
     4820    6.180      -32.800    0.000000
     4821    6.180      -32.750    0.000000
     4822    6.180      -32.700    0.000000
     4823    6.180      -32.650    0.000000
     4824    6.180      -32.600    0.000000
     4825    6.180      -32.550    0.000000
     4826    6.180      -32.500    0.000000
     4827    6.180      -32.450    0.000000
     4828    6.180      -32.400    0.000000
     4829    6.180      -32.350    0.000000
     4830    6.180      -32.300    0.000000
     4831    6.180      -32.250    0.000000
     4832    6.180      -32.200    0.000000
     4833    6.180      -32.150    0.000000
     4834    6.180      -32.100    0.000000
     4835    6.180      -32.050    0.000000
     4836    6.180      -32.000    0.000000
     4837    6.180      -31.950    0.000000
     4838    6.180      -31.900    0.000000
     4839    6.180      -31.850    0.000000
     4840    6.180      -31.800    0.000000
     4841    6.180      -31.750    0.000000
     4842    6.180      -31.700    0.000000
     4843    6.180      -31.650    0.000000
     4844    6.180      -31.600    0.000000
     4845    6.180      -31.550    0.000000
     4846    6.180      -31.500    0.000000
     4847    6.180      -31.450    0.000000
     4848    6.180      -31.400    0.000000
     4849    6.180      -31.350    0.000000
     4850    6.180      -31.300    0.000000
     4851    6.180      -31.250    0.000000
     4852    6.180      -31.200    0.000000
     4853    6.180      -31.150    0.000000
     4854    6.180      -31.100    0.000000
     4855    6.180      -31.050    0.000000
     4856    6.180      -31.000    0.000000
     4857    6.180      -30.950    0.000000
     4858    6.180      -30.900    0.000000
     4859    6.180      -30.850    0.000000
     4860    6.180      -30.800    0.000000
     4861    6.180      -30.750    0.000000
     4862    6.180      -30.700    0.000000
     4863    6.180      -30.650    0.000000
     4864    6.180      -30.600    0.000000
     4865    6.180      -30.550    0.000000
     4866    6.180      -30.500    0.000000
     4867    6.180      -30.450    0.000000
     4868    6.180      -30.400    0.000000
     4869    6.180      -30.350    0.000000
     4870    6.180      -30.300    0.000000
     4871    6.180      -30.250    0.000000
     4872    6.180      -30.200    0.000000
     4873    6.180      -30.150    0.000000
     4874    6.180      -30.100    0.000000
     4875    6.180      -30.050    0.000000
     4876    6.180      -30.000    0.000000
     4877    6.180      -29.950    0.000000
     4878    6.180      -29.900    0.000000
     4879    6.180      -29.850    0.000000
     4880    6.180      -29.800    0.000000
     4881    6.180      -29.750    0.000000
     4882    6.180      -29.700    0.000000
     4883    6.180      -29.650    0.000000
     4884    6.180      -29.600    0.000000
     4885    6.180      -29.550    0.000000
     4886    6.180      -29.500    0.000000
     4887    6.180      -29.450    0.000000
     4888    6.180      -29.400    0.000000
     4889    6.180      -29.350    0.000000
     4890    6.180      -29.300    0.000000
     4891    6.180      -29.250    0.000000
     4892    6.180      -29.200    0.000000
     4893    6.180      -29.150    0.000000
     4894    6.180      -29.100    0.000000
     4895    6.180      -29.050    0.000000
     4896    6.180      -29.000    0.000000
     4897    6.180      -28.950    0.000000
     4898    6.180      -28.900    0.000000
     4899    6.180      -28.850    0.000000
     4900    6.180      -28.800    0.000000
     4901    6.180      -28.750    0.000000
     4902    6.180      -28.700    0.000000
     4903    6.230      -32.950    0.000000
     4904    6.230      -32.900    0.000000
     4905    6.230      -32.850    0.000000
     4906    6.230      -32.800    0.000000
     4907    6.230      -32.750    0.000000
     4908    6.230      -32.700    0.000000
     4909    6.230      -32.650    0.000000
     4910    6.230      -32.600    0.000000
     4911    6.230      -32.550    0.000000
     4912    6.230      -32.500    0.000000
     4913    6.230      -32.450    0.000000
     4914    6.230      -32.400    0.000000
     4915    6.230      -32.350    0.000000
     4916    6.230      -32.300    0.000000
     4917    6.230      -32.250    0.000000
     4918    6.230      -32.200    0.000000
     4919    6.230      -32.150    0.000000
     4920    6.230      -32.100    0.000000
     4921    6.230      -32.050    0.000000
     4922    6.230      -32.000    0.000000
     4923    6.230      -31.950    0.000000
     4924    6.230      -31.900    0.000000
     4925    6.230      -31.850    0.000000
     4926    6.230      -31.800    0.000000
     4927    6.230      -31.750    0.000000
     4928    6.230      -31.700    0.000000
     4929    6.230      -31.650    0.000000
     4930    6.230      -31.600    0.000000
     4931    6.230      -31.550    0.000000
     4932    6.230      -31.500    0.000000
     4933    6.230      -31.450    0.000000
     4934    6.230      -31.400    0.000000
     4935    6.230      -31.350    0.000000
     4936    6.230      -31.300    0.000000
     4937    6.230      -31.250    0.000000
     4938    6.230      -31.200    0.000000
     4939    6.230      -31.150    0.000000
     4940    6.230      -31.100    0.000000
     4941    6.230      -31.050    0.000000
     4942    6.230      -31.000    0.000000
     4943    6.230      -30.950    0.000000
     4944    6.230      -30.900    0.000000
     4945    6.230      -30.850    0.000000
     4946    6.230      -30.800    0.000000
     4947    6.230      -30.750    0.000000
     4948    6.230      -30.700    0.000000
     4949    6.230      -30.650    0.000000
     4950    6.230      -30.600    0.000000
     4951    6.230      -30.550    0.000000
     4952    6.230      -30.500    0.000000
     4953    6.230      -30.450    0.000000
     4954    6.230      -30.400    0.000000
     4955    6.230      -30.350    0.000000
     4956    6.230      -30.300    0.000000
     4957    6.230      -30.250    0.000000
     4958    6.230      -30.200    0.000000
     4959    6.230      -30.150    0.000000
     4960    6.230      -30.100    0.000000
     4961    6.230      -30.050    0.000000
     4962    6.230      -30.000    0.000000
     4963    6.230      -29.950    0.000000
     4964    6.230      -29.900    0.000000
     4965    6.230      -29.850    0.000000
     4966    6.230      -29.800    0.000000
     4967    6.230      -29.750    0.000000
     4968    6.230      -29.700    0.000000
     4969    6.230      -29.650    0.000000
     4970    6.230      -29.600    0.000000
     4971    6.230      -29.550    0.000000
     4972    6.230      -29.500    0.000000
     4973    6.230      -29.450    0.000000
     4974    6.230      -29.400    0.000000
     4975    6.230      -29.350    0.000000
     4976    6.230      -29.300    0.000000
     4977    6.230      -29.250    0.000000
     4978    6.230      -29.200    0.000000
     4979    6.230      -29.150    0.000000
     4980    6.230      -29.100    0.000000
     4981    6.230      -29.050    0.000000
     4982    6.230      -29.000    0.000000
     4983    6.230      -28.950    0.000000
     4984    6.230      -28.900    0.000000
     4985    6.230      -28.850    0.000000
     4986    6.230      -28.800    0.000000
     4987    6.230      -28.750    0.000000
     4988    6.230      -28.700    0.000000
