# LRD Data from Krishna from Kocevski et al
# Survey: CEERS
# The value or p is taken to be 1 for now
# counter   z       M1450   p
  1         2.40    -22.47  1.00000
  2         2.40    -22.42  1.00000
  3         2.40    -22.37  1.00000
  4         2.40    -22.32  1.00000
  5         2.40    -22.27  1.00000
  6         2.40    -22.22  1.00000
  7         2.40    -22.17  1.00000
  8         2.40    -22.12  1.00000
  9         2.40    -22.07  1.00000
  10        2.40    -22.02  1.00000
  11        2.40    -21.97  1.00000
  12        2.40    -21.92  1.00000
  13        2.40    -21.87  1.00000
  14        2.40    -21.82  1.00000
  15        2.40    -21.77  1.00000
  16        2.40    -21.72  1.00000
  17        2.40    -21.67  1.00000
  18        2.40    -21.62  1.00000
  19        2.40    -21.57  1.00000
  20        2.40    -21.52  1.00000
  21        2.40    -21.47  1.00000
  22        2.40    -21.42  1.00000
  23        2.40    -21.37  1.00000
  24        2.40    -21.32  1.00000
  25        2.40    -21.27  1.00000
  26        2.40    -21.22  1.00000
  27        2.40    -21.17  1.00000
  28        2.40    -21.12  1.00000
  29        2.40    -21.07  1.00000
  30        2.40    -21.02  1.00000
  31        2.40    -20.97  1.00000
  32        2.40    -20.92  1.00000
  33        2.40    -20.87  1.00000
  34        2.40    -20.82  1.00000
  35        2.40    -20.77  1.00000
  36        2.40    -20.72  1.00000
  37        2.40    -20.67  1.00000
  38        2.40    -20.62  1.00000
  39        2.40    -20.57  1.00000
  40        2.40    -20.52  1.00000
  41        2.40    -20.47  1.00000
  42        2.40    -20.42  1.00000
  43        2.40    -20.37  1.00000
  44        2.40    -20.32  1.00000
  45        2.40    -20.27  1.00000
  46        2.40    -20.22  1.00000
  47        2.40    -20.17  1.00000
  48        2.40    -20.12  1.00000
  49        2.40    -20.07  1.00000
  50        2.40    -20.02  1.00000
  51        2.40    -19.97  1.00000
  52        2.40    -19.92  1.00000
  53        2.40    -19.87  1.00000
  54        2.40    -19.82  1.00000
  55        2.40    -19.77  1.00000
  56        2.40    -19.72  1.00000
  57        2.40    -19.67  1.00000
  58        2.40    -19.62  1.00000
  59        2.40    -19.57  1.00000
  60        2.40    -19.52  1.00000
  61        2.40    -19.47  1.00000
  62        2.40    -19.42  1.00000
  63        2.40    -19.37  1.00000
  64        2.40    -19.32  1.00000
  65        2.40    -19.27  1.00000
  66        2.40    -19.22  1.00000
  67        2.40    -19.17  1.00000
  68        2.40    -19.12  1.00000
  69        2.40    -19.07  1.00000
  70        2.40    -19.02  1.00000
  71        2.40    -18.97  1.00000
  72        2.40    -18.92  1.00000
  73        2.40    -18.87  1.00000
  74        2.40    -18.82  1.00000
  75        2.40    -18.77  1.00000
  76        2.40    -18.72  1.00000
  77        2.40    -18.67  1.00000
  78        2.40    -18.62  1.00000
  79        2.40    -18.57  1.00000
  80        2.40    -18.52  1.00000
  81        2.40    -18.47  1.00000
  82        2.40    -18.42  1.00000
  83        2.40    -18.37  1.00000
  84        2.40    -18.32  1.00000
  85        2.40    -18.27  1.00000
  86        2.40    -18.22  1.00000
  87        2.40    -18.17  1.00000
  88        2.40    -18.12  1.00000
  89        2.40    -18.07  1.00000
  90        2.40    -18.02  1.00000
  91        2.40    -17.97  1.00000
  92        2.40    -17.92  1.00000
  93        2.40    -17.87  1.00000
  94        2.40    -17.82  1.00000
  95        2.40    -17.77  1.00000
  96        2.40    -17.72  1.00000
  97        2.40    -17.67  1.00000
  98        2.40    -17.62  1.00000
  99        2.40    -17.57  1.00000
  100       2.40    -17.52  1.00000
  101       2.40    -17.47  1.00000
  102       2.40    -17.42  1.00000
  103       2.40    -17.37  1.00000
  104       2.40    -17.32  1.00000
  105       2.40    -17.27  1.00000
  106       2.40    -17.22  1.00000
  107       2.40    -17.17  1.00000
  108       2.40    -17.12  1.00000
  109       2.40    -17.07  1.00000
  110       2.40    -17.02  1.00000
  111       2.40    -16.97  1.00000
  112       2.40    -16.92  1.00000
  113       2.40    -16.87  1.00000
  114       2.40    -16.82  1.00000
  115       2.40    -16.77  1.00000
  116       2.40    -16.72  1.00000
  117       2.40    -16.67  1.00000
  118       2.40    -16.62  1.00000
  119       2.40    -16.57  1.00000
  120       2.40    -16.52  1.00000
  121       2.40    -16.47  1.00000
  122       2.40    -16.42  1.00000
  123       2.40    -16.37  1.00000
  124       2.40    -16.32  1.00000
  125       2.40    -16.27  1.00000
  126       2.40    -16.22  1.00000
  127       2.40    -16.17  1.00000
  128       2.40    -16.12  1.00000
  129       2.40    -16.07  1.00000
  130       2.40    -16.02  1.00000
  131       2.40    -15.97  1.00000
  132       2.40    -15.92  1.00000
  133       2.40    -15.87  1.00000
  134       2.40    -15.82  1.00000
  135       2.40    -15.77  1.00000
  136       2.40    -15.72  1.00000
  137       2.40    -15.67  1.00000
  138       2.40    -15.62  1.00000
  139       2.40    -15.57  1.00000
  140       2.40    -15.52  1.00000
  141       2.40    -15.47  1.00000
  142       2.40    -15.42  1.00000
  143       2.40    -15.37  1.00000
  144       2.45    -22.47  1.00000
  145       2.45    -22.42  1.00000
  146       2.45    -22.37  1.00000
  147       2.45    -22.32  1.00000
  148       2.45    -22.27  1.00000
  149       2.45    -22.22  1.00000
  150       2.45    -22.17  1.00000
  151       2.45    -22.12  1.00000
  152       2.45    -22.07  1.00000
  153       2.45    -22.02  1.00000
  154       2.45    -21.97  1.00000
  155       2.45    -21.92  1.00000
  156       2.45    -21.87  1.00000
  157       2.45    -21.82  1.00000
  158       2.45    -21.77  1.00000
  159       2.45    -21.72  1.00000
  160       2.45    -21.67  1.00000
  161       2.45    -21.62  1.00000
  162       2.45    -21.57  1.00000
  163       2.45    -21.52  1.00000
  164       2.45    -21.47  1.00000
  165       2.45    -21.42  1.00000
  166       2.45    -21.37  1.00000
  167       2.45    -21.32  1.00000
  168       2.45    -21.27  1.00000
  169       2.45    -21.22  1.00000
  170       2.45    -21.17  1.00000
  171       2.45    -21.12  1.00000
  172       2.45    -21.07  1.00000
  173       2.45    -21.02  1.00000
  174       2.45    -20.97  1.00000
  175       2.45    -20.92  1.00000
  176       2.45    -20.87  1.00000
  177       2.45    -20.82  1.00000
  178       2.45    -20.77  1.00000
  179       2.45    -20.72  1.00000
  180       2.45    -20.67  1.00000
  181       2.45    -20.62  1.00000
  182       2.45    -20.57  1.00000
  183       2.45    -20.52  1.00000
  184       2.45    -20.47  1.00000
  185       2.45    -20.42  1.00000
  186       2.45    -20.37  1.00000
  187       2.45    -20.32  1.00000
  188       2.45    -20.27  1.00000
  189       2.45    -20.22  1.00000
  190       2.45    -20.17  1.00000
  191       2.45    -20.12  1.00000
  192       2.45    -20.07  1.00000
  193       2.45    -20.02  1.00000
  194       2.45    -19.97  1.00000
  195       2.45    -19.92  1.00000
  196       2.45    -19.87  1.00000
  197       2.45    -19.82  1.00000
  198       2.45    -19.77  1.00000
  199       2.45    -19.72  1.00000
  200       2.45    -19.67  1.00000
  201       2.45    -19.62  1.00000
  202       2.45    -19.57  1.00000
  203       2.45    -19.52  1.00000
  204       2.45    -19.47  1.00000
  205       2.45    -19.42  1.00000
  206       2.45    -19.37  1.00000
  207       2.45    -19.32  1.00000
  208       2.45    -19.27  1.00000
  209       2.45    -19.22  1.00000
  210       2.45    -19.17  1.00000
  211       2.45    -19.12  1.00000
  212       2.45    -19.07  1.00000
  213       2.45    -19.02  1.00000
  214       2.45    -18.97  1.00000
  215       2.45    -18.92  1.00000
  216       2.45    -18.87  1.00000
  217       2.45    -18.82  1.00000
  218       2.45    -18.77  1.00000
  219       2.45    -18.72  1.00000
  220       2.45    -18.67  1.00000
  221       2.45    -18.62  1.00000
  222       2.45    -18.57  1.00000
  223       2.45    -18.52  1.00000
  224       2.45    -18.47  1.00000
  225       2.45    -18.42  1.00000
  226       2.45    -18.37  1.00000
  227       2.45    -18.32  1.00000
  228       2.45    -18.27  1.00000
  229       2.45    -18.22  1.00000
  230       2.45    -18.17  1.00000
  231       2.45    -18.12  1.00000
  232       2.45    -18.07  1.00000
  233       2.45    -18.02  1.00000
  234       2.45    -17.97  1.00000
  235       2.45    -17.92  1.00000
  236       2.45    -17.87  1.00000
  237       2.45    -17.82  1.00000
  238       2.45    -17.77  1.00000
  239       2.45    -17.72  1.00000
  240       2.45    -17.67  1.00000
  241       2.45    -17.62  1.00000
  242       2.45    -17.57  1.00000
  243       2.45    -17.52  1.00000
  244       2.45    -17.47  1.00000
  245       2.45    -17.42  1.00000
  246       2.45    -17.37  1.00000
  247       2.45    -17.32  1.00000
  248       2.45    -17.27  1.00000
  249       2.45    -17.22  1.00000
  250       2.45    -17.17  1.00000
  251       2.45    -17.12  1.00000
  252       2.45    -17.07  1.00000
  253       2.45    -17.02  1.00000
  254       2.45    -16.97  1.00000
  255       2.45    -16.92  1.00000
  256       2.45    -16.87  1.00000
  257       2.45    -16.82  1.00000
  258       2.45    -16.77  1.00000
  259       2.45    -16.72  1.00000
  260       2.45    -16.67  1.00000
  261       2.45    -16.62  1.00000
  262       2.45    -16.57  1.00000
  263       2.45    -16.52  1.00000
  264       2.45    -16.47  1.00000
  265       2.45    -16.42  1.00000
  266       2.45    -16.37  1.00000
  267       2.45    -16.32  1.00000
  268       2.45    -16.27  1.00000
  269       2.45    -16.22  1.00000
  270       2.45    -16.17  1.00000
  271       2.45    -16.12  1.00000
  272       2.45    -16.07  1.00000
  273       2.45    -16.02  1.00000
  274       2.45    -15.97  1.00000
  275       2.45    -15.92  1.00000
  276       2.45    -15.87  1.00000
  277       2.45    -15.82  1.00000
  278       2.45    -15.77  1.00000
  279       2.45    -15.72  1.00000
  280       2.45    -15.67  1.00000
  281       2.45    -15.62  1.00000
  282       2.45    -15.57  1.00000
  283       2.45    -15.52  1.00000
  284       2.45    -15.47  1.00000
  285       2.45    -15.42  1.00000
  286       2.45    -15.37  1.00000
  287       2.50    -22.47  1.00000
  288       2.50    -22.42  1.00000
  289       2.50    -22.37  1.00000
  290       2.50    -22.32  1.00000
  291       2.50    -22.27  1.00000
  292       2.50    -22.22  1.00000
  293       2.50    -22.17  1.00000
  294       2.50    -22.12  1.00000
  295       2.50    -22.07  1.00000
  296       2.50    -22.02  1.00000
  297       2.50    -21.97  1.00000
  298       2.50    -21.92  1.00000
  299       2.50    -21.87  1.00000
  300       2.50    -21.82  1.00000
  301       2.50    -21.77  1.00000
  302       2.50    -21.72  1.00000
  303       2.50    -21.67  1.00000
  304       2.50    -21.62  1.00000
  305       2.50    -21.57  1.00000
  306       2.50    -21.52  1.00000
  307       2.50    -21.47  1.00000
  308       2.50    -21.42  1.00000
  309       2.50    -21.37  1.00000
  310       2.50    -21.32  1.00000
  311       2.50    -21.27  1.00000
  312       2.50    -21.22  1.00000
  313       2.50    -21.17  1.00000
  314       2.50    -21.12  1.00000
  315       2.50    -21.07  1.00000
  316       2.50    -21.02  1.00000
  317       2.50    -20.97  1.00000
  318       2.50    -20.92  1.00000
  319       2.50    -20.87  1.00000
  320       2.50    -20.82  1.00000
  321       2.50    -20.77  1.00000
  322       2.50    -20.72  1.00000
  323       2.50    -20.67  1.00000
  324       2.50    -20.62  1.00000
  325       2.50    -20.57  1.00000
  326       2.50    -20.52  1.00000
  327       2.50    -20.47  1.00000
  328       2.50    -20.42  1.00000
  329       2.50    -20.37  1.00000
  330       2.50    -20.32  1.00000
  331       2.50    -20.27  1.00000
  332       2.50    -20.22  1.00000
  333       2.50    -20.17  1.00000
  334       2.50    -20.12  1.00000
  335       2.50    -20.07  1.00000
  336       2.50    -20.02  1.00000
  337       2.50    -19.97  1.00000
  338       2.50    -19.92  1.00000
  339       2.50    -19.87  1.00000
  340       2.50    -19.82  1.00000
  341       2.50    -19.77  1.00000
  342       2.50    -19.72  1.00000
  343       2.50    -19.67  1.00000
  344       2.50    -19.62  1.00000
  345       2.50    -19.57  1.00000
  346       2.50    -19.52  1.00000
  347       2.50    -19.47  1.00000
  348       2.50    -19.42  1.00000
  349       2.50    -19.37  1.00000
  350       2.50    -19.32  1.00000
  351       2.50    -19.27  1.00000
  352       2.50    -19.22  1.00000
  353       2.50    -19.17  1.00000
  354       2.50    -19.12  1.00000
  355       2.50    -19.07  1.00000
  356       2.50    -19.02  1.00000
  357       2.50    -18.97  1.00000
  358       2.50    -18.92  1.00000
  359       2.50    -18.87  1.00000
  360       2.50    -18.82  1.00000
  361       2.50    -18.77  1.00000
  362       2.50    -18.72  1.00000
  363       2.50    -18.67  1.00000
  364       2.50    -18.62  1.00000
  365       2.50    -18.57  1.00000
  366       2.50    -18.52  1.00000
  367       2.50    -18.47  1.00000
  368       2.50    -18.42  1.00000
  369       2.50    -18.37  1.00000
  370       2.50    -18.32  1.00000
  371       2.50    -18.27  1.00000
  372       2.50    -18.22  1.00000
  373       2.50    -18.17  1.00000
  374       2.50    -18.12  1.00000
  375       2.50    -18.07  1.00000
  376       2.50    -18.02  1.00000
  377       2.50    -17.97  1.00000
  378       2.50    -17.92  1.00000
  379       2.50    -17.87  1.00000
  380       2.50    -17.82  1.00000
  381       2.50    -17.77  1.00000
  382       2.50    -17.72  1.00000
  383       2.50    -17.67  1.00000
  384       2.50    -17.62  1.00000
  385       2.50    -17.57  1.00000
  386       2.50    -17.52  1.00000
  387       2.50    -17.47  1.00000
  388       2.50    -17.42  1.00000
  389       2.50    -17.37  1.00000
  390       2.50    -17.32  1.00000
  391       2.50    -17.27  1.00000
  392       2.50    -17.22  1.00000
  393       2.50    -17.17  1.00000
  394       2.50    -17.12  1.00000
  395       2.50    -17.07  1.00000
  396       2.50    -17.02  1.00000
  397       2.50    -16.97  1.00000
  398       2.50    -16.92  1.00000
  399       2.50    -16.87  1.00000
  400       2.50    -16.82  1.00000
  401       2.50    -16.77  1.00000
  402       2.50    -16.72  1.00000
  403       2.50    -16.67  1.00000
  404       2.50    -16.62  1.00000
  405       2.50    -16.57  1.00000
  406       2.50    -16.52  1.00000
  407       2.50    -16.47  1.00000
  408       2.50    -16.42  1.00000
  409       2.50    -16.37  1.00000
  410       2.50    -16.32  1.00000
  411       2.50    -16.27  1.00000
  412       2.50    -16.22  1.00000
  413       2.50    -16.17  1.00000
  414       2.50    -16.12  1.00000
  415       2.50    -16.07  1.00000
  416       2.50    -16.02  1.00000
  417       2.50    -15.97  1.00000
  418       2.50    -15.92  1.00000
  419       2.50    -15.87  1.00000
  420       2.50    -15.82  1.00000
  421       2.50    -15.77  1.00000
  422       2.50    -15.72  1.00000
  423       2.50    -15.67  1.00000
  424       2.50    -15.62  1.00000
  425       2.50    -15.57  1.00000
  426       2.50    -15.52  1.00000
  427       2.50    -15.47  1.00000
  428       2.50    -15.42  1.00000
  429       2.50    -15.37  1.00000
  430       2.55    -22.47  1.00000
  431       2.55    -22.42  1.00000
  432       2.55    -22.37  1.00000
  433       2.55    -22.32  1.00000
  434       2.55    -22.27  1.00000
  435       2.55    -22.22  1.00000
  436       2.55    -22.17  1.00000
  437       2.55    -22.12  1.00000
  438       2.55    -22.07  1.00000
  439       2.55    -22.02  1.00000
  440       2.55    -21.97  1.00000
  441       2.55    -21.92  1.00000
  442       2.55    -21.87  1.00000
  443       2.55    -21.82  1.00000
  444       2.55    -21.77  1.00000
  445       2.55    -21.72  1.00000
  446       2.55    -21.67  1.00000
  447       2.55    -21.62  1.00000
  448       2.55    -21.57  1.00000
  449       2.55    -21.52  1.00000
  450       2.55    -21.47  1.00000
  451       2.55    -21.42  1.00000
  452       2.55    -21.37  1.00000
  453       2.55    -21.32  1.00000
  454       2.55    -21.27  1.00000
  455       2.55    -21.22  1.00000
  456       2.55    -21.17  1.00000
  457       2.55    -21.12  1.00000
  458       2.55    -21.07  1.00000
  459       2.55    -21.02  1.00000
  460       2.55    -20.97  1.00000
  461       2.55    -20.92  1.00000
  462       2.55    -20.87  1.00000
  463       2.55    -20.82  1.00000
  464       2.55    -20.77  1.00000
  465       2.55    -20.72  1.00000
  466       2.55    -20.67  1.00000
  467       2.55    -20.62  1.00000
  468       2.55    -20.57  1.00000
  469       2.55    -20.52  1.00000
  470       2.55    -20.47  1.00000
  471       2.55    -20.42  1.00000
  472       2.55    -20.37  1.00000
  473       2.55    -20.32  1.00000
  474       2.55    -20.27  1.00000
  475       2.55    -20.22  1.00000
  476       2.55    -20.17  1.00000
  477       2.55    -20.12  1.00000
  478       2.55    -20.07  1.00000
  479       2.55    -20.02  1.00000
  480       2.55    -19.97  1.00000
  481       2.55    -19.92  1.00000
  482       2.55    -19.87  1.00000
  483       2.55    -19.82  1.00000
  484       2.55    -19.77  1.00000
  485       2.55    -19.72  1.00000
  486       2.55    -19.67  1.00000
  487       2.55    -19.62  1.00000
  488       2.55    -19.57  1.00000
  489       2.55    -19.52  1.00000
  490       2.55    -19.47  1.00000
  491       2.55    -19.42  1.00000
  492       2.55    -19.37  1.00000
  493       2.55    -19.32  1.00000
  494       2.55    -19.27  1.00000
  495       2.55    -19.22  1.00000
  496       2.55    -19.17  1.00000
  497       2.55    -19.12  1.00000
  498       2.55    -19.07  1.00000
  499       2.55    -19.02  1.00000
  500       2.55    -18.97  1.00000
  501       2.55    -18.92  1.00000
  502       2.55    -18.87  1.00000
  503       2.55    -18.82  1.00000
  504       2.55    -18.77  1.00000
  505       2.55    -18.72  1.00000
  506       2.55    -18.67  1.00000
  507       2.55    -18.62  1.00000
  508       2.55    -18.57  1.00000
  509       2.55    -18.52  1.00000
  510       2.55    -18.47  1.00000
  511       2.55    -18.42  1.00000
  512       2.55    -18.37  1.00000
  513       2.55    -18.32  1.00000
  514       2.55    -18.27  1.00000
  515       2.55    -18.22  1.00000
  516       2.55    -18.17  1.00000
  517       2.55    -18.12  1.00000
  518       2.55    -18.07  1.00000
  519       2.55    -18.02  1.00000
  520       2.55    -17.97  1.00000
  521       2.55    -17.92  1.00000
  522       2.55    -17.87  1.00000
  523       2.55    -17.82  1.00000
  524       2.55    -17.77  1.00000
  525       2.55    -17.72  1.00000
  526       2.55    -17.67  1.00000
  527       2.55    -17.62  1.00000
  528       2.55    -17.57  1.00000
  529       2.55    -17.52  1.00000
  530       2.55    -17.47  1.00000
  531       2.55    -17.42  1.00000
  532       2.55    -17.37  1.00000
  533       2.55    -17.32  1.00000
  534       2.55    -17.27  1.00000
  535       2.55    -17.22  1.00000
  536       2.55    -17.17  1.00000
  537       2.55    -17.12  1.00000
  538       2.55    -17.07  1.00000
  539       2.55    -17.02  1.00000
  540       2.55    -16.97  1.00000
  541       2.55    -16.92  1.00000
  542       2.55    -16.87  1.00000
  543       2.55    -16.82  1.00000
  544       2.55    -16.77  1.00000
  545       2.55    -16.72  1.00000
  546       2.55    -16.67  1.00000
  547       2.55    -16.62  1.00000
  548       2.55    -16.57  1.00000
  549       2.55    -16.52  1.00000
  550       2.55    -16.47  1.00000
  551       2.55    -16.42  1.00000
  552       2.55    -16.37  1.00000
  553       2.55    -16.32  1.00000
  554       2.55    -16.27  1.00000
  555       2.55    -16.22  1.00000
  556       2.55    -16.17  1.00000
  557       2.55    -16.12  1.00000
  558       2.55    -16.07  1.00000
  559       2.55    -16.02  1.00000
  560       2.55    -15.97  1.00000
  561       2.55    -15.92  1.00000
  562       2.55    -15.87  1.00000
  563       2.55    -15.82  1.00000
  564       2.55    -15.77  1.00000
  565       2.55    -15.72  1.00000
  566       2.55    -15.67  1.00000
  567       2.55    -15.62  1.00000
  568       2.55    -15.57  1.00000
  569       2.55    -15.52  1.00000
  570       2.55    -15.47  1.00000
  571       2.55    -15.42  1.00000
  572       2.55    -15.37  1.00000
  573       2.60    -22.47  1.00000
  574       2.60    -22.42  1.00000
  575       2.60    -22.37  1.00000
  576       2.60    -22.32  1.00000
  577       2.60    -22.27  1.00000
  578       2.60    -22.22  1.00000
  579       2.60    -22.17  1.00000
  580       2.60    -22.12  1.00000
  581       2.60    -22.07  1.00000
  582       2.60    -22.02  1.00000
  583       2.60    -21.97  1.00000
  584       2.60    -21.92  1.00000
  585       2.60    -21.87  1.00000
  586       2.60    -21.82  1.00000
  587       2.60    -21.77  1.00000
  588       2.60    -21.72  1.00000
  589       2.60    -21.67  1.00000
  590       2.60    -21.62  1.00000
  591       2.60    -21.57  1.00000
  592       2.60    -21.52  1.00000
  593       2.60    -21.47  1.00000
  594       2.60    -21.42  1.00000
  595       2.60    -21.37  1.00000
  596       2.60    -21.32  1.00000
  597       2.60    -21.27  1.00000
  598       2.60    -21.22  1.00000
  599       2.60    -21.17  1.00000
  600       2.60    -21.12  1.00000
  601       2.60    -21.07  1.00000
  602       2.60    -21.02  1.00000
  603       2.60    -20.97  1.00000
  604       2.60    -20.92  1.00000
  605       2.60    -20.87  1.00000
  606       2.60    -20.82  1.00000
  607       2.60    -20.77  1.00000
  608       2.60    -20.72  1.00000
  609       2.60    -20.67  1.00000
  610       2.60    -20.62  1.00000
  611       2.60    -20.57  1.00000
  612       2.60    -20.52  1.00000
  613       2.60    -20.47  1.00000
  614       2.60    -20.42  1.00000
  615       2.60    -20.37  1.00000
  616       2.60    -20.32  1.00000
  617       2.60    -20.27  1.00000
  618       2.60    -20.22  1.00000
  619       2.60    -20.17  1.00000
  620       2.60    -20.12  1.00000
  621       2.60    -20.07  1.00000
  622       2.60    -20.02  1.00000
  623       2.60    -19.97  1.00000
  624       2.60    -19.92  1.00000
  625       2.60    -19.87  1.00000
  626       2.60    -19.82  1.00000
  627       2.60    -19.77  1.00000
  628       2.60    -19.72  1.00000
  629       2.60    -19.67  1.00000
  630       2.60    -19.62  1.00000
  631       2.60    -19.57  1.00000
  632       2.60    -19.52  1.00000
  633       2.60    -19.47  1.00000
  634       2.60    -19.42  1.00000
  635       2.60    -19.37  1.00000
  636       2.60    -19.32  1.00000
  637       2.60    -19.27  1.00000
  638       2.60    -19.22  1.00000
  639       2.60    -19.17  1.00000
  640       2.60    -19.12  1.00000
  641       2.60    -19.07  1.00000
  642       2.60    -19.02  1.00000
  643       2.60    -18.97  1.00000
  644       2.60    -18.92  1.00000
  645       2.60    -18.87  1.00000
  646       2.60    -18.82  1.00000
  647       2.60    -18.77  1.00000
  648       2.60    -18.72  1.00000
  649       2.60    -18.67  1.00000
  650       2.60    -18.62  1.00000
  651       2.60    -18.57  1.00000
  652       2.60    -18.52  1.00000
  653       2.60    -18.47  1.00000
  654       2.60    -18.42  1.00000
  655       2.60    -18.37  1.00000
  656       2.60    -18.32  1.00000
  657       2.60    -18.27  1.00000
  658       2.60    -18.22  1.00000
  659       2.60    -18.17  1.00000
  660       2.60    -18.12  1.00000
  661       2.60    -18.07  1.00000
  662       2.60    -18.02  1.00000
  663       2.60    -17.97  1.00000
  664       2.60    -17.92  1.00000
  665       2.60    -17.87  1.00000
  666       2.60    -17.82  1.00000
  667       2.60    -17.77  1.00000
  668       2.60    -17.72  1.00000
  669       2.60    -17.67  1.00000
  670       2.60    -17.62  1.00000
  671       2.60    -17.57  1.00000
  672       2.60    -17.52  1.00000
  673       2.60    -17.47  1.00000
  674       2.60    -17.42  1.00000
  675       2.60    -17.37  1.00000
  676       2.60    -17.32  1.00000
  677       2.60    -17.27  1.00000
  678       2.60    -17.22  1.00000
  679       2.60    -17.17  1.00000
  680       2.60    -17.12  1.00000
  681       2.60    -17.07  1.00000
  682       2.60    -17.02  1.00000
  683       2.60    -16.97  1.00000
  684       2.60    -16.92  1.00000
  685       2.60    -16.87  1.00000
  686       2.60    -16.82  1.00000
  687       2.60    -16.77  1.00000
  688       2.60    -16.72  1.00000
  689       2.60    -16.67  1.00000
  690       2.60    -16.62  1.00000
  691       2.60    -16.57  1.00000
  692       2.60    -16.52  1.00000
  693       2.60    -16.47  1.00000
  694       2.60    -16.42  1.00000
  695       2.60    -16.37  1.00000
  696       2.60    -16.32  1.00000
  697       2.60    -16.27  1.00000
  698       2.60    -16.22  1.00000
  699       2.60    -16.17  1.00000
  700       2.60    -16.12  1.00000
  701       2.60    -16.07  1.00000
  702       2.60    -16.02  1.00000
  703       2.60    -15.97  1.00000
  704       2.60    -15.92  1.00000
  705       2.60    -15.87  1.00000
  706       2.60    -15.82  1.00000
  707       2.60    -15.77  1.00000
  708       2.60    -15.72  1.00000
  709       2.60    -15.67  1.00000
  710       2.60    -15.62  1.00000
  711       2.60    -15.57  1.00000
  712       2.60    -15.52  1.00000
  713       2.60    -15.47  1.00000
  714       2.60    -15.42  1.00000
  715       2.60    -15.37  1.00000
  716       2.65    -22.47  1.00000
  717       2.65    -22.42  1.00000
  718       2.65    -22.37  1.00000
  719       2.65    -22.32  1.00000
  720       2.65    -22.27  1.00000
  721       2.65    -22.22  1.00000
  722       2.65    -22.17  1.00000
  723       2.65    -22.12  1.00000
  724       2.65    -22.07  1.00000
  725       2.65    -22.02  1.00000
  726       2.65    -21.97  1.00000
  727       2.65    -21.92  1.00000
  728       2.65    -21.87  1.00000
  729       2.65    -21.82  1.00000
  730       2.65    -21.77  1.00000
  731       2.65    -21.72  1.00000
  732       2.65    -21.67  1.00000
  733       2.65    -21.62  1.00000
  734       2.65    -21.57  1.00000
  735       2.65    -21.52  1.00000
  736       2.65    -21.47  1.00000
  737       2.65    -21.42  1.00000
  738       2.65    -21.37  1.00000
  739       2.65    -21.32  1.00000
  740       2.65    -21.27  1.00000
  741       2.65    -21.22  1.00000
  742       2.65    -21.17  1.00000
  743       2.65    -21.12  1.00000
  744       2.65    -21.07  1.00000
  745       2.65    -21.02  1.00000
  746       2.65    -20.97  1.00000
  747       2.65    -20.92  1.00000
  748       2.65    -20.87  1.00000
  749       2.65    -20.82  1.00000
  750       2.65    -20.77  1.00000
  751       2.65    -20.72  1.00000
  752       2.65    -20.67  1.00000
  753       2.65    -20.62  1.00000
  754       2.65    -20.57  1.00000
  755       2.65    -20.52  1.00000
  756       2.65    -20.47  1.00000
  757       2.65    -20.42  1.00000
  758       2.65    -20.37  1.00000
  759       2.65    -20.32  1.00000
  760       2.65    -20.27  1.00000
  761       2.65    -20.22  1.00000
  762       2.65    -20.17  1.00000
  763       2.65    -20.12  1.00000
  764       2.65    -20.07  1.00000
  765       2.65    -20.02  1.00000
  766       2.65    -19.97  1.00000
  767       2.65    -19.92  1.00000
  768       2.65    -19.87  1.00000
  769       2.65    -19.82  1.00000
  770       2.65    -19.77  1.00000
  771       2.65    -19.72  1.00000
  772       2.65    -19.67  1.00000
  773       2.65    -19.62  1.00000
  774       2.65    -19.57  1.00000
  775       2.65    -19.52  1.00000
  776       2.65    -19.47  1.00000
  777       2.65    -19.42  1.00000
  778       2.65    -19.37  1.00000
  779       2.65    -19.32  1.00000
  780       2.65    -19.27  1.00000
  781       2.65    -19.22  1.00000
  782       2.65    -19.17  1.00000
  783       2.65    -19.12  1.00000
  784       2.65    -19.07  1.00000
  785       2.65    -19.02  1.00000
  786       2.65    -18.97  1.00000
  787       2.65    -18.92  1.00000
  788       2.65    -18.87  1.00000
  789       2.65    -18.82  1.00000
  790       2.65    -18.77  1.00000
  791       2.65    -18.72  1.00000
  792       2.65    -18.67  1.00000
  793       2.65    -18.62  1.00000
  794       2.65    -18.57  1.00000
  795       2.65    -18.52  1.00000
  796       2.65    -18.47  1.00000
  797       2.65    -18.42  1.00000
  798       2.65    -18.37  1.00000
  799       2.65    -18.32  1.00000
  800       2.65    -18.27  1.00000
  801       2.65    -18.22  1.00000
  802       2.65    -18.17  1.00000
  803       2.65    -18.12  1.00000
  804       2.65    -18.07  1.00000
  805       2.65    -18.02  1.00000
  806       2.65    -17.97  1.00000
  807       2.65    -17.92  1.00000
  808       2.65    -17.87  1.00000
  809       2.65    -17.82  1.00000
  810       2.65    -17.77  1.00000
  811       2.65    -17.72  1.00000
  812       2.65    -17.67  1.00000
  813       2.65    -17.62  1.00000
  814       2.65    -17.57  1.00000
  815       2.65    -17.52  1.00000
  816       2.65    -17.47  1.00000
  817       2.65    -17.42  1.00000
  818       2.65    -17.37  1.00000
  819       2.65    -17.32  1.00000
  820       2.65    -17.27  1.00000
  821       2.65    -17.22  1.00000
  822       2.65    -17.17  1.00000
  823       2.65    -17.12  1.00000
  824       2.65    -17.07  1.00000
  825       2.65    -17.02  1.00000
  826       2.65    -16.97  1.00000
  827       2.65    -16.92  1.00000
  828       2.65    -16.87  1.00000
  829       2.65    -16.82  1.00000
  830       2.65    -16.77  1.00000
  831       2.65    -16.72  1.00000
  832       2.65    -16.67  1.00000
  833       2.65    -16.62  1.00000
  834       2.65    -16.57  1.00000
  835       2.65    -16.52  1.00000
  836       2.65    -16.47  1.00000
  837       2.65    -16.42  1.00000
  838       2.65    -16.37  1.00000
  839       2.65    -16.32  1.00000
  840       2.65    -16.27  1.00000
  841       2.65    -16.22  1.00000
  842       2.65    -16.17  1.00000
  843       2.65    -16.12  1.00000
  844       2.65    -16.07  1.00000
  845       2.65    -16.02  1.00000
  846       2.65    -15.97  1.00000
  847       2.65    -15.92  1.00000
  848       2.65    -15.87  1.00000
  849       2.65    -15.82  1.00000
  850       2.65    -15.77  1.00000
  851       2.65    -15.72  1.00000
  852       2.65    -15.67  1.00000
  853       2.65    -15.62  1.00000
  854       2.65    -15.57  1.00000
  855       2.65    -15.52  1.00000
  856       2.65    -15.47  1.00000
  857       2.65    -15.42  1.00000
  858       2.65    -15.37  1.00000
  859       2.70    -22.47  1.00000
  860       2.70    -22.42  1.00000
  861       2.70    -22.37  1.00000
  862       2.70    -22.32  1.00000
  863       2.70    -22.27  1.00000
  864       2.70    -22.22  1.00000
  865       2.70    -22.17  1.00000
  866       2.70    -22.12  1.00000
  867       2.70    -22.07  1.00000
  868       2.70    -22.02  1.00000
  869       2.70    -21.97  1.00000
  870       2.70    -21.92  1.00000
  871       2.70    -21.87  1.00000
  872       2.70    -21.82  1.00000
  873       2.70    -21.77  1.00000
  874       2.70    -21.72  1.00000
  875       2.70    -21.67  1.00000
  876       2.70    -21.62  1.00000
  877       2.70    -21.57  1.00000
  878       2.70    -21.52  1.00000
  879       2.70    -21.47  1.00000
  880       2.70    -21.42  1.00000
  881       2.70    -21.37  1.00000
  882       2.70    -21.32  1.00000
  883       2.70    -21.27  1.00000
  884       2.70    -21.22  1.00000
  885       2.70    -21.17  1.00000
  886       2.70    -21.12  1.00000
  887       2.70    -21.07  1.00000
  888       2.70    -21.02  1.00000
  889       2.70    -20.97  1.00000
  890       2.70    -20.92  1.00000
  891       2.70    -20.87  1.00000
  892       2.70    -20.82  1.00000
  893       2.70    -20.77  1.00000
  894       2.70    -20.72  1.00000
  895       2.70    -20.67  1.00000
  896       2.70    -20.62  1.00000
  897       2.70    -20.57  1.00000
  898       2.70    -20.52  1.00000
  899       2.70    -20.47  1.00000
  900       2.70    -20.42  1.00000
  901       2.70    -20.37  1.00000
  902       2.70    -20.32  1.00000
  903       2.70    -20.27  1.00000
  904       2.70    -20.22  1.00000
  905       2.70    -20.17  1.00000
  906       2.70    -20.12  1.00000
  907       2.70    -20.07  1.00000
  908       2.70    -20.02  1.00000
  909       2.70    -19.97  1.00000
  910       2.70    -19.92  1.00000
  911       2.70    -19.87  1.00000
  912       2.70    -19.82  1.00000
  913       2.70    -19.77  1.00000
  914       2.70    -19.72  1.00000
  915       2.70    -19.67  1.00000
  916       2.70    -19.62  1.00000
  917       2.70    -19.57  1.00000
  918       2.70    -19.52  1.00000
  919       2.70    -19.47  1.00000
  920       2.70    -19.42  1.00000
  921       2.70    -19.37  1.00000
  922       2.70    -19.32  1.00000
  923       2.70    -19.27  1.00000
  924       2.70    -19.22  1.00000
  925       2.70    -19.17  1.00000
  926       2.70    -19.12  1.00000
  927       2.70    -19.07  1.00000
  928       2.70    -19.02  1.00000
  929       2.70    -18.97  1.00000
  930       2.70    -18.92  1.00000
  931       2.70    -18.87  1.00000
  932       2.70    -18.82  1.00000
  933       2.70    -18.77  1.00000
  934       2.70    -18.72  1.00000
  935       2.70    -18.67  1.00000
  936       2.70    -18.62  1.00000
  937       2.70    -18.57  1.00000
  938       2.70    -18.52  1.00000
  939       2.70    -18.47  1.00000
  940       2.70    -18.42  1.00000
  941       2.70    -18.37  1.00000
  942       2.70    -18.32  1.00000
  943       2.70    -18.27  1.00000
  944       2.70    -18.22  1.00000
  945       2.70    -18.17  1.00000
  946       2.70    -18.12  1.00000
  947       2.70    -18.07  1.00000
  948       2.70    -18.02  1.00000
  949       2.70    -17.97  1.00000
  950       2.70    -17.92  1.00000
  951       2.70    -17.87  1.00000
  952       2.70    -17.82  1.00000
  953       2.70    -17.77  1.00000
  954       2.70    -17.72  1.00000
  955       2.70    -17.67  1.00000
  956       2.70    -17.62  1.00000
  957       2.70    -17.57  1.00000
  958       2.70    -17.52  1.00000
  959       2.70    -17.47  1.00000
  960       2.70    -17.42  1.00000
  961       2.70    -17.37  1.00000
  962       2.70    -17.32  1.00000
  963       2.70    -17.27  1.00000
  964       2.70    -17.22  1.00000
  965       2.70    -17.17  1.00000
  966       2.70    -17.12  1.00000
  967       2.70    -17.07  1.00000
  968       2.70    -17.02  1.00000
  969       2.70    -16.97  1.00000
  970       2.70    -16.92  1.00000
  971       2.70    -16.87  1.00000
  972       2.70    -16.82  1.00000
  973       2.70    -16.77  1.00000
  974       2.70    -16.72  1.00000
  975       2.70    -16.67  1.00000
  976       2.70    -16.62  1.00000
  977       2.70    -16.57  1.00000
  978       2.70    -16.52  1.00000
  979       2.70    -16.47  1.00000
  980       2.70    -16.42  1.00000
  981       2.70    -16.37  1.00000
  982       2.70    -16.32  1.00000
  983       2.70    -16.27  1.00000
  984       2.70    -16.22  1.00000
  985       2.70    -16.17  1.00000
  986       2.70    -16.12  1.00000
  987       2.70    -16.07  1.00000
  988       2.70    -16.02  1.00000
  989       2.70    -15.97  1.00000
  990       2.70    -15.92  1.00000
  991       2.70    -15.87  1.00000
  992       2.70    -15.82  1.00000
  993       2.70    -15.77  1.00000
  994       2.70    -15.72  1.00000
  995       2.70    -15.67  1.00000
  996       2.70    -15.62  1.00000
  997       2.70    -15.57  1.00000
  998       2.70    -15.52  1.00000
  999       2.70    -15.47  1.00000
  1000      2.70    -15.42  1.00000
  1001      2.70    -15.37  1.00000
  1002      2.75    -22.47  1.00000
  1003      2.75    -22.42  1.00000
  1004      2.75    -22.37  1.00000
  1005      2.75    -22.32  1.00000
  1006      2.75    -22.27  1.00000
  1007      2.75    -22.22  1.00000
  1008      2.75    -22.17  1.00000
  1009      2.75    -22.12  1.00000
  1010      2.75    -22.07  1.00000
  1011      2.75    -22.02  1.00000
  1012      2.75    -21.97  1.00000
  1013      2.75    -21.92  1.00000
  1014      2.75    -21.87  1.00000
  1015      2.75    -21.82  1.00000
  1016      2.75    -21.77  1.00000
  1017      2.75    -21.72  1.00000
  1018      2.75    -21.67  1.00000
  1019      2.75    -21.62  1.00000
  1020      2.75    -21.57  1.00000
  1021      2.75    -21.52  1.00000
  1022      2.75    -21.47  1.00000
  1023      2.75    -21.42  1.00000
  1024      2.75    -21.37  1.00000
  1025      2.75    -21.32  1.00000
  1026      2.75    -21.27  1.00000
  1027      2.75    -21.22  1.00000
  1028      2.75    -21.17  1.00000
  1029      2.75    -21.12  1.00000
  1030      2.75    -21.07  1.00000
  1031      2.75    -21.02  1.00000
  1032      2.75    -20.97  1.00000
  1033      2.75    -20.92  1.00000
  1034      2.75    -20.87  1.00000
  1035      2.75    -20.82  1.00000
  1036      2.75    -20.77  1.00000
  1037      2.75    -20.72  1.00000
  1038      2.75    -20.67  1.00000
  1039      2.75    -20.62  1.00000
  1040      2.75    -20.57  1.00000
  1041      2.75    -20.52  1.00000
  1042      2.75    -20.47  1.00000
  1043      2.75    -20.42  1.00000
  1044      2.75    -20.37  1.00000
  1045      2.75    -20.32  1.00000
  1046      2.75    -20.27  1.00000
  1047      2.75    -20.22  1.00000
  1048      2.75    -20.17  1.00000
  1049      2.75    -20.12  1.00000
  1050      2.75    -20.07  1.00000
  1051      2.75    -20.02  1.00000
  1052      2.75    -19.97  1.00000
  1053      2.75    -19.92  1.00000
  1054      2.75    -19.87  1.00000
  1055      2.75    -19.82  1.00000
  1056      2.75    -19.77  1.00000
  1057      2.75    -19.72  1.00000
  1058      2.75    -19.67  1.00000
  1059      2.75    -19.62  1.00000
  1060      2.75    -19.57  1.00000
  1061      2.75    -19.52  1.00000
  1062      2.75    -19.47  1.00000
  1063      2.75    -19.42  1.00000
  1064      2.75    -19.37  1.00000
  1065      2.75    -19.32  1.00000
  1066      2.75    -19.27  1.00000
  1067      2.75    -19.22  1.00000
  1068      2.75    -19.17  1.00000
  1069      2.75    -19.12  1.00000
  1070      2.75    -19.07  1.00000
  1071      2.75    -19.02  1.00000
  1072      2.75    -18.97  1.00000
  1073      2.75    -18.92  1.00000
  1074      2.75    -18.87  1.00000
  1075      2.75    -18.82  1.00000
  1076      2.75    -18.77  1.00000
  1077      2.75    -18.72  1.00000
  1078      2.75    -18.67  1.00000
  1079      2.75    -18.62  1.00000
  1080      2.75    -18.57  1.00000
  1081      2.75    -18.52  1.00000
  1082      2.75    -18.47  1.00000
  1083      2.75    -18.42  1.00000
  1084      2.75    -18.37  1.00000
  1085      2.75    -18.32  1.00000
  1086      2.75    -18.27  1.00000
  1087      2.75    -18.22  1.00000
  1088      2.75    -18.17  1.00000
  1089      2.75    -18.12  1.00000
  1090      2.75    -18.07  1.00000
  1091      2.75    -18.02  1.00000
  1092      2.75    -17.97  1.00000
  1093      2.75    -17.92  1.00000
  1094      2.75    -17.87  1.00000
  1095      2.75    -17.82  1.00000
  1096      2.75    -17.77  1.00000
  1097      2.75    -17.72  1.00000
  1098      2.75    -17.67  1.00000
  1099      2.75    -17.62  1.00000
  1100      2.75    -17.57  1.00000
  1101      2.75    -17.52  1.00000
  1102      2.75    -17.47  1.00000
  1103      2.75    -17.42  1.00000
  1104      2.75    -17.37  1.00000
  1105      2.75    -17.32  1.00000
  1106      2.75    -17.27  1.00000
  1107      2.75    -17.22  1.00000
  1108      2.75    -17.17  1.00000
  1109      2.75    -17.12  1.00000
  1110      2.75    -17.07  1.00000
  1111      2.75    -17.02  1.00000
  1112      2.75    -16.97  1.00000
  1113      2.75    -16.92  1.00000
  1114      2.75    -16.87  1.00000
  1115      2.75    -16.82  1.00000
  1116      2.75    -16.77  1.00000
  1117      2.75    -16.72  1.00000
  1118      2.75    -16.67  1.00000
  1119      2.75    -16.62  1.00000
  1120      2.75    -16.57  1.00000
  1121      2.75    -16.52  1.00000
  1122      2.75    -16.47  1.00000
  1123      2.75    -16.42  1.00000
  1124      2.75    -16.37  1.00000
  1125      2.75    -16.32  1.00000
  1126      2.75    -16.27  1.00000
  1127      2.75    -16.22  1.00000
  1128      2.75    -16.17  1.00000
  1129      2.75    -16.12  1.00000
  1130      2.75    -16.07  1.00000
  1131      2.75    -16.02  1.00000
  1132      2.75    -15.97  1.00000
  1133      2.75    -15.92  1.00000
  1134      2.75    -15.87  1.00000
  1135      2.75    -15.82  1.00000
  1136      2.75    -15.77  1.00000
  1137      2.75    -15.72  1.00000
  1138      2.75    -15.67  1.00000
  1139      2.75    -15.62  1.00000
  1140      2.75    -15.57  1.00000
  1141      2.75    -15.52  1.00000
  1142      2.75    -15.47  1.00000
  1143      2.75    -15.42  1.00000
  1144      2.75    -15.37  1.00000
  1145      2.80    -22.47  1.00000
  1146      2.80    -22.42  1.00000
  1147      2.80    -22.37  1.00000
  1148      2.80    -22.32  1.00000
  1149      2.80    -22.27  1.00000
  1150      2.80    -22.22  1.00000
  1151      2.80    -22.17  1.00000
  1152      2.80    -22.12  1.00000
  1153      2.80    -22.07  1.00000
  1154      2.80    -22.02  1.00000
  1155      2.80    -21.97  1.00000
  1156      2.80    -21.92  1.00000
  1157      2.80    -21.87  1.00000
  1158      2.80    -21.82  1.00000
  1159      2.80    -21.77  1.00000
  1160      2.80    -21.72  1.00000
  1161      2.80    -21.67  1.00000
  1162      2.80    -21.62  1.00000
  1163      2.80    -21.57  1.00000
  1164      2.80    -21.52  1.00000
  1165      2.80    -21.47  1.00000
  1166      2.80    -21.42  1.00000
  1167      2.80    -21.37  1.00000
  1168      2.80    -21.32  1.00000
  1169      2.80    -21.27  1.00000
  1170      2.80    -21.22  1.00000
  1171      2.80    -21.17  1.00000
  1172      2.80    -21.12  1.00000
  1173      2.80    -21.07  1.00000
  1174      2.80    -21.02  1.00000
  1175      2.80    -20.97  1.00000
  1176      2.80    -20.92  1.00000
  1177      2.80    -20.87  1.00000
  1178      2.80    -20.82  1.00000
  1179      2.80    -20.77  1.00000
  1180      2.80    -20.72  1.00000
  1181      2.80    -20.67  1.00000
  1182      2.80    -20.62  1.00000
  1183      2.80    -20.57  1.00000
  1184      2.80    -20.52  1.00000
  1185      2.80    -20.47  1.00000
  1186      2.80    -20.42  1.00000
  1187      2.80    -20.37  1.00000
  1188      2.80    -20.32  1.00000
  1189      2.80    -20.27  1.00000
  1190      2.80    -20.22  1.00000
  1191      2.80    -20.17  1.00000
  1192      2.80    -20.12  1.00000
  1193      2.80    -20.07  1.00000
  1194      2.80    -20.02  1.00000
  1195      2.80    -19.97  1.00000
  1196      2.80    -19.92  1.00000
  1197      2.80    -19.87  1.00000
  1198      2.80    -19.82  1.00000
  1199      2.80    -19.77  1.00000
  1200      2.80    -19.72  1.00000
  1201      2.80    -19.67  1.00000
  1202      2.80    -19.62  1.00000
  1203      2.80    -19.57  1.00000
  1204      2.80    -19.52  1.00000
  1205      2.80    -19.47  1.00000
  1206      2.80    -19.42  1.00000
  1207      2.80    -19.37  1.00000
  1208      2.80    -19.32  1.00000
  1209      2.80    -19.27  1.00000
  1210      2.80    -19.22  1.00000
  1211      2.80    -19.17  1.00000
  1212      2.80    -19.12  1.00000
  1213      2.80    -19.07  1.00000
  1214      2.80    -19.02  1.00000
  1215      2.80    -18.97  1.00000
  1216      2.80    -18.92  1.00000
  1217      2.80    -18.87  1.00000
  1218      2.80    -18.82  1.00000
  1219      2.80    -18.77  1.00000
  1220      2.80    -18.72  1.00000
  1221      2.80    -18.67  1.00000
  1222      2.80    -18.62  1.00000
  1223      2.80    -18.57  1.00000
  1224      2.80    -18.52  1.00000
  1225      2.80    -18.47  1.00000
  1226      2.80    -18.42  1.00000
  1227      2.80    -18.37  1.00000
  1228      2.80    -18.32  1.00000
  1229      2.80    -18.27  1.00000
  1230      2.80    -18.22  1.00000
  1231      2.80    -18.17  1.00000
  1232      2.80    -18.12  1.00000
  1233      2.80    -18.07  1.00000
  1234      2.80    -18.02  1.00000
  1235      2.80    -17.97  1.00000
  1236      2.80    -17.92  1.00000
  1237      2.80    -17.87  1.00000
  1238      2.80    -17.82  1.00000
  1239      2.80    -17.77  1.00000
  1240      2.80    -17.72  1.00000
  1241      2.80    -17.67  1.00000
  1242      2.80    -17.62  1.00000
  1243      2.80    -17.57  1.00000
  1244      2.80    -17.52  1.00000
  1245      2.80    -17.47  1.00000
  1246      2.80    -17.42  1.00000
  1247      2.80    -17.37  1.00000
  1248      2.80    -17.32  1.00000
  1249      2.80    -17.27  1.00000
  1250      2.80    -17.22  1.00000
  1251      2.80    -17.17  1.00000
  1252      2.80    -17.12  1.00000
  1253      2.80    -17.07  1.00000
  1254      2.80    -17.02  1.00000
  1255      2.80    -16.97  1.00000
  1256      2.80    -16.92  1.00000
  1257      2.80    -16.87  1.00000
  1258      2.80    -16.82  1.00000
  1259      2.80    -16.77  1.00000
  1260      2.80    -16.72  1.00000
  1261      2.80    -16.67  1.00000
  1262      2.80    -16.62  1.00000
  1263      2.80    -16.57  1.00000
  1264      2.80    -16.52  1.00000
  1265      2.80    -16.47  1.00000
  1266      2.80    -16.42  1.00000
  1267      2.80    -16.37  1.00000
  1268      2.80    -16.32  1.00000
  1269      2.80    -16.27  1.00000
  1270      2.80    -16.22  1.00000
  1271      2.80    -16.17  1.00000
  1272      2.80    -16.12  1.00000
  1273      2.80    -16.07  1.00000
  1274      2.80    -16.02  1.00000
  1275      2.80    -15.97  1.00000
  1276      2.80    -15.92  1.00000
  1277      2.80    -15.87  1.00000
  1278      2.80    -15.82  1.00000
  1279      2.80    -15.77  1.00000
  1280      2.80    -15.72  1.00000
  1281      2.80    -15.67  1.00000
  1282      2.80    -15.62  1.00000
  1283      2.80    -15.57  1.00000
  1284      2.80    -15.52  1.00000
  1285      2.80    -15.47  1.00000
  1286      2.80    -15.42  1.00000
  1287      2.80    -15.37  1.00000
  1288      2.85    -22.47  1.00000
  1289      2.85    -22.42  1.00000
  1290      2.85    -22.37  1.00000
  1291      2.85    -22.32  1.00000
  1292      2.85    -22.27  1.00000
  1293      2.85    -22.22  1.00000
  1294      2.85    -22.17  1.00000
  1295      2.85    -22.12  1.00000
  1296      2.85    -22.07  1.00000
  1297      2.85    -22.02  1.00000
  1298      2.85    -21.97  1.00000
  1299      2.85    -21.92  1.00000
  1300      2.85    -21.87  1.00000
  1301      2.85    -21.82  1.00000
  1302      2.85    -21.77  1.00000
  1303      2.85    -21.72  1.00000
  1304      2.85    -21.67  1.00000
  1305      2.85    -21.62  1.00000
  1306      2.85    -21.57  1.00000
  1307      2.85    -21.52  1.00000
  1308      2.85    -21.47  1.00000
  1309      2.85    -21.42  1.00000
  1310      2.85    -21.37  1.00000
  1311      2.85    -21.32  1.00000
  1312      2.85    -21.27  1.00000
  1313      2.85    -21.22  1.00000
  1314      2.85    -21.17  1.00000
  1315      2.85    -21.12  1.00000
  1316      2.85    -21.07  1.00000
  1317      2.85    -21.02  1.00000
  1318      2.85    -20.97  1.00000
  1319      2.85    -20.92  1.00000
  1320      2.85    -20.87  1.00000
  1321      2.85    -20.82  1.00000
  1322      2.85    -20.77  1.00000
  1323      2.85    -20.72  1.00000
  1324      2.85    -20.67  1.00000
  1325      2.85    -20.62  1.00000
  1326      2.85    -20.57  1.00000
  1327      2.85    -20.52  1.00000
  1328      2.85    -20.47  1.00000
  1329      2.85    -20.42  1.00000
  1330      2.85    -20.37  1.00000
  1331      2.85    -20.32  1.00000
  1332      2.85    -20.27  1.00000
  1333      2.85    -20.22  1.00000
  1334      2.85    -20.17  1.00000
  1335      2.85    -20.12  1.00000
  1336      2.85    -20.07  1.00000
  1337      2.85    -20.02  1.00000
  1338      2.85    -19.97  1.00000
  1339      2.85    -19.92  1.00000
  1340      2.85    -19.87  1.00000
  1341      2.85    -19.82  1.00000
  1342      2.85    -19.77  1.00000
  1343      2.85    -19.72  1.00000
  1344      2.85    -19.67  1.00000
  1345      2.85    -19.62  1.00000
  1346      2.85    -19.57  1.00000
  1347      2.85    -19.52  1.00000
  1348      2.85    -19.47  1.00000
  1349      2.85    -19.42  1.00000
  1350      2.85    -19.37  1.00000
  1351      2.85    -19.32  1.00000
  1352      2.85    -19.27  1.00000
  1353      2.85    -19.22  1.00000
  1354      2.85    -19.17  1.00000
  1355      2.85    -19.12  1.00000
  1356      2.85    -19.07  1.00000
  1357      2.85    -19.02  1.00000
  1358      2.85    -18.97  1.00000
  1359      2.85    -18.92  1.00000
  1360      2.85    -18.87  1.00000
  1361      2.85    -18.82  1.00000
  1362      2.85    -18.77  1.00000
  1363      2.85    -18.72  1.00000
  1364      2.85    -18.67  1.00000
  1365      2.85    -18.62  1.00000
  1366      2.85    -18.57  1.00000
  1367      2.85    -18.52  1.00000
  1368      2.85    -18.47  1.00000
  1369      2.85    -18.42  1.00000
  1370      2.85    -18.37  1.00000
  1371      2.85    -18.32  1.00000
  1372      2.85    -18.27  1.00000
  1373      2.85    -18.22  1.00000
  1374      2.85    -18.17  1.00000
  1375      2.85    -18.12  1.00000
  1376      2.85    -18.07  1.00000
  1377      2.85    -18.02  1.00000
  1378      2.85    -17.97  1.00000
  1379      2.85    -17.92  1.00000
  1380      2.85    -17.87  1.00000
  1381      2.85    -17.82  1.00000
  1382      2.85    -17.77  1.00000
  1383      2.85    -17.72  1.00000
  1384      2.85    -17.67  1.00000
  1385      2.85    -17.62  1.00000
  1386      2.85    -17.57  1.00000
  1387      2.85    -17.52  1.00000
  1388      2.85    -17.47  1.00000
  1389      2.85    -17.42  1.00000
  1390      2.85    -17.37  1.00000
  1391      2.85    -17.32  1.00000
  1392      2.85    -17.27  1.00000
  1393      2.85    -17.22  1.00000
  1394      2.85    -17.17  1.00000
  1395      2.85    -17.12  1.00000
  1396      2.85    -17.07  1.00000
  1397      2.85    -17.02  1.00000
  1398      2.85    -16.97  1.00000
  1399      2.85    -16.92  1.00000
  1400      2.85    -16.87  1.00000
  1401      2.85    -16.82  1.00000
  1402      2.85    -16.77  1.00000
  1403      2.85    -16.72  1.00000
  1404      2.85    -16.67  1.00000
  1405      2.85    -16.62  1.00000
  1406      2.85    -16.57  1.00000
  1407      2.85    -16.52  1.00000
  1408      2.85    -16.47  1.00000
  1409      2.85    -16.42  1.00000
  1410      2.85    -16.37  1.00000
  1411      2.85    -16.32  1.00000
  1412      2.85    -16.27  1.00000
  1413      2.85    -16.22  1.00000
  1414      2.85    -16.17  1.00000
  1415      2.85    -16.12  1.00000
  1416      2.85    -16.07  1.00000
  1417      2.85    -16.02  1.00000
  1418      2.85    -15.97  1.00000
  1419      2.85    -15.92  1.00000
  1420      2.85    -15.87  1.00000
  1421      2.85    -15.82  1.00000
  1422      2.85    -15.77  1.00000
  1423      2.85    -15.72  1.00000
  1424      2.85    -15.67  1.00000
  1425      2.85    -15.62  1.00000
  1426      2.85    -15.57  1.00000
  1427      2.85    -15.52  1.00000
  1428      2.85    -15.47  1.00000
  1429      2.85    -15.42  1.00000
  1430      2.85    -15.37  1.00000
  1431      2.90    -22.47  1.00000
  1432      2.90    -22.42  1.00000
  1433      2.90    -22.37  1.00000
  1434      2.90    -22.32  1.00000
  1435      2.90    -22.27  1.00000
  1436      2.90    -22.22  1.00000
  1437      2.90    -22.17  1.00000
  1438      2.90    -22.12  1.00000
  1439      2.90    -22.07  1.00000
  1440      2.90    -22.02  1.00000
  1441      2.90    -21.97  1.00000
  1442      2.90    -21.92  1.00000
  1443      2.90    -21.87  1.00000
  1444      2.90    -21.82  1.00000
  1445      2.90    -21.77  1.00000
  1446      2.90    -21.72  1.00000
  1447      2.90    -21.67  1.00000
  1448      2.90    -21.62  1.00000
  1449      2.90    -21.57  1.00000
  1450      2.90    -21.52  1.00000
  1451      2.90    -21.47  1.00000
  1452      2.90    -21.42  1.00000
  1453      2.90    -21.37  1.00000
  1454      2.90    -21.32  1.00000
  1455      2.90    -21.27  1.00000
  1456      2.90    -21.22  1.00000
  1457      2.90    -21.17  1.00000
  1458      2.90    -21.12  1.00000
  1459      2.90    -21.07  1.00000
  1460      2.90    -21.02  1.00000
  1461      2.90    -20.97  1.00000
  1462      2.90    -20.92  1.00000
  1463      2.90    -20.87  1.00000
  1464      2.90    -20.82  1.00000
  1465      2.90    -20.77  1.00000
  1466      2.90    -20.72  1.00000
  1467      2.90    -20.67  1.00000
  1468      2.90    -20.62  1.00000
  1469      2.90    -20.57  1.00000
  1470      2.90    -20.52  1.00000
  1471      2.90    -20.47  1.00000
  1472      2.90    -20.42  1.00000
  1473      2.90    -20.37  1.00000
  1474      2.90    -20.32  1.00000
  1475      2.90    -20.27  1.00000
  1476      2.90    -20.22  1.00000
  1477      2.90    -20.17  1.00000
  1478      2.90    -20.12  1.00000
  1479      2.90    -20.07  1.00000
  1480      2.90    -20.02  1.00000
  1481      2.90    -19.97  1.00000
  1482      2.90    -19.92  1.00000
  1483      2.90    -19.87  1.00000
  1484      2.90    -19.82  1.00000
  1485      2.90    -19.77  1.00000
  1486      2.90    -19.72  1.00000
  1487      2.90    -19.67  1.00000
  1488      2.90    -19.62  1.00000
  1489      2.90    -19.57  1.00000
  1490      2.90    -19.52  1.00000
  1491      2.90    -19.47  1.00000
  1492      2.90    -19.42  1.00000
  1493      2.90    -19.37  1.00000
  1494      2.90    -19.32  1.00000
  1495      2.90    -19.27  1.00000
  1496      2.90    -19.22  1.00000
  1497      2.90    -19.17  1.00000
  1498      2.90    -19.12  1.00000
  1499      2.90    -19.07  1.00000
  1500      2.90    -19.02  1.00000
  1501      2.90    -18.97  1.00000
  1502      2.90    -18.92  1.00000
  1503      2.90    -18.87  1.00000
  1504      2.90    -18.82  1.00000
  1505      2.90    -18.77  1.00000
  1506      2.90    -18.72  1.00000
  1507      2.90    -18.67  1.00000
  1508      2.90    -18.62  1.00000
  1509      2.90    -18.57  1.00000
  1510      2.90    -18.52  1.00000
  1511      2.90    -18.47  1.00000
  1512      2.90    -18.42  1.00000
  1513      2.90    -18.37  1.00000
  1514      2.90    -18.32  1.00000
  1515      2.90    -18.27  1.00000
  1516      2.90    -18.22  1.00000
  1517      2.90    -18.17  1.00000
  1518      2.90    -18.12  1.00000
  1519      2.90    -18.07  1.00000
  1520      2.90    -18.02  1.00000
  1521      2.90    -17.97  1.00000
  1522      2.90    -17.92  1.00000
  1523      2.90    -17.87  1.00000
  1524      2.90    -17.82  1.00000
  1525      2.90    -17.77  1.00000
  1526      2.90    -17.72  1.00000
  1527      2.90    -17.67  1.00000
  1528      2.90    -17.62  1.00000
  1529      2.90    -17.57  1.00000
  1530      2.90    -17.52  1.00000
  1531      2.90    -17.47  1.00000
  1532      2.90    -17.42  1.00000
  1533      2.90    -17.37  1.00000
  1534      2.90    -17.32  1.00000
  1535      2.90    -17.27  1.00000
  1536      2.90    -17.22  1.00000
  1537      2.90    -17.17  1.00000
  1538      2.90    -17.12  1.00000
  1539      2.90    -17.07  1.00000
  1540      2.90    -17.02  1.00000
  1541      2.90    -16.97  1.00000
  1542      2.90    -16.92  1.00000
  1543      2.90    -16.87  1.00000
  1544      2.90    -16.82  1.00000
  1545      2.90    -16.77  1.00000
  1546      2.90    -16.72  1.00000
  1547      2.90    -16.67  1.00000
  1548      2.90    -16.62  1.00000
  1549      2.90    -16.57  1.00000
  1550      2.90    -16.52  1.00000
  1551      2.90    -16.47  1.00000
  1552      2.90    -16.42  1.00000
  1553      2.90    -16.37  1.00000
  1554      2.90    -16.32  1.00000
  1555      2.90    -16.27  1.00000
  1556      2.90    -16.22  1.00000
  1557      2.90    -16.17  1.00000
  1558      2.90    -16.12  1.00000
  1559      2.90    -16.07  1.00000
  1560      2.90    -16.02  1.00000
  1561      2.90    -15.97  1.00000
  1562      2.90    -15.92  1.00000
  1563      2.90    -15.87  1.00000
  1564      2.90    -15.82  1.00000
  1565      2.90    -15.77  1.00000
  1566      2.90    -15.72  1.00000
  1567      2.90    -15.67  1.00000
  1568      2.90    -15.62  1.00000
  1569      2.90    -15.57  1.00000
  1570      2.90    -15.52  1.00000
  1571      2.90    -15.47  1.00000
  1572      2.90    -15.42  1.00000
  1573      2.90    -15.37  1.00000
  1574      2.95    -22.47  1.00000
  1575      2.95    -22.42  1.00000
  1576      2.95    -22.37  1.00000
  1577      2.95    -22.32  1.00000
  1578      2.95    -22.27  1.00000
  1579      2.95    -22.22  1.00000
  1580      2.95    -22.17  1.00000
  1581      2.95    -22.12  1.00000
  1582      2.95    -22.07  1.00000
  1583      2.95    -22.02  1.00000
  1584      2.95    -21.97  1.00000
  1585      2.95    -21.92  1.00000
  1586      2.95    -21.87  1.00000
  1587      2.95    -21.82  1.00000
  1588      2.95    -21.77  1.00000
  1589      2.95    -21.72  1.00000
  1590      2.95    -21.67  1.00000
  1591      2.95    -21.62  1.00000
  1592      2.95    -21.57  1.00000
  1593      2.95    -21.52  1.00000
  1594      2.95    -21.47  1.00000
  1595      2.95    -21.42  1.00000
  1596      2.95    -21.37  1.00000
  1597      2.95    -21.32  1.00000
  1598      2.95    -21.27  1.00000
  1599      2.95    -21.22  1.00000
  1600      2.95    -21.17  1.00000
  1601      2.95    -21.12  1.00000
  1602      2.95    -21.07  1.00000
  1603      2.95    -21.02  1.00000
  1604      2.95    -20.97  1.00000
  1605      2.95    -20.92  1.00000
  1606      2.95    -20.87  1.00000
  1607      2.95    -20.82  1.00000
  1608      2.95    -20.77  1.00000
  1609      2.95    -20.72  1.00000
  1610      2.95    -20.67  1.00000
  1611      2.95    -20.62  1.00000
  1612      2.95    -20.57  1.00000
  1613      2.95    -20.52  1.00000
  1614      2.95    -20.47  1.00000
  1615      2.95    -20.42  1.00000
  1616      2.95    -20.37  1.00000
  1617      2.95    -20.32  1.00000
  1618      2.95    -20.27  1.00000
  1619      2.95    -20.22  1.00000
  1620      2.95    -20.17  1.00000
  1621      2.95    -20.12  1.00000
  1622      2.95    -20.07  1.00000
  1623      2.95    -20.02  1.00000
  1624      2.95    -19.97  1.00000
  1625      2.95    -19.92  1.00000
  1626      2.95    -19.87  1.00000
  1627      2.95    -19.82  1.00000
  1628      2.95    -19.77  1.00000
  1629      2.95    -19.72  1.00000
  1630      2.95    -19.67  1.00000
  1631      2.95    -19.62  1.00000
  1632      2.95    -19.57  1.00000
  1633      2.95    -19.52  1.00000
  1634      2.95    -19.47  1.00000
  1635      2.95    -19.42  1.00000
  1636      2.95    -19.37  1.00000
  1637      2.95    -19.32  1.00000
  1638      2.95    -19.27  1.00000
  1639      2.95    -19.22  1.00000
  1640      2.95    -19.17  1.00000
  1641      2.95    -19.12  1.00000
  1642      2.95    -19.07  1.00000
  1643      2.95    -19.02  1.00000
  1644      2.95    -18.97  1.00000
  1645      2.95    -18.92  1.00000
  1646      2.95    -18.87  1.00000
  1647      2.95    -18.82  1.00000
  1648      2.95    -18.77  1.00000
  1649      2.95    -18.72  1.00000
  1650      2.95    -18.67  1.00000
  1651      2.95    -18.62  1.00000
  1652      2.95    -18.57  1.00000
  1653      2.95    -18.52  1.00000
  1654      2.95    -18.47  1.00000
  1655      2.95    -18.42  1.00000
  1656      2.95    -18.37  1.00000
  1657      2.95    -18.32  1.00000
  1658      2.95    -18.27  1.00000
  1659      2.95    -18.22  1.00000
  1660      2.95    -18.17  1.00000
  1661      2.95    -18.12  1.00000
  1662      2.95    -18.07  1.00000
  1663      2.95    -18.02  1.00000
  1664      2.95    -17.97  1.00000
  1665      2.95    -17.92  1.00000
  1666      2.95    -17.87  1.00000
  1667      2.95    -17.82  1.00000
  1668      2.95    -17.77  1.00000
  1669      2.95    -17.72  1.00000
  1670      2.95    -17.67  1.00000
  1671      2.95    -17.62  1.00000
  1672      2.95    -17.57  1.00000
  1673      2.95    -17.52  1.00000
  1674      2.95    -17.47  1.00000
  1675      2.95    -17.42  1.00000
  1676      2.95    -17.37  1.00000
  1677      2.95    -17.32  1.00000
  1678      2.95    -17.27  1.00000
  1679      2.95    -17.22  1.00000
  1680      2.95    -17.17  1.00000
  1681      2.95    -17.12  1.00000
  1682      2.95    -17.07  1.00000
  1683      2.95    -17.02  1.00000
  1684      2.95    -16.97  1.00000
  1685      2.95    -16.92  1.00000
  1686      2.95    -16.87  1.00000
  1687      2.95    -16.82  1.00000
  1688      2.95    -16.77  1.00000
  1689      2.95    -16.72  1.00000
  1690      2.95    -16.67  1.00000
  1691      2.95    -16.62  1.00000
  1692      2.95    -16.57  1.00000
  1693      2.95    -16.52  1.00000
  1694      2.95    -16.47  1.00000
  1695      2.95    -16.42  1.00000
  1696      2.95    -16.37  1.00000
  1697      2.95    -16.32  1.00000
  1698      2.95    -16.27  1.00000
  1699      2.95    -16.22  1.00000
  1700      2.95    -16.17  1.00000
  1701      2.95    -16.12  1.00000
  1702      2.95    -16.07  1.00000
  1703      2.95    -16.02  1.00000
  1704      2.95    -15.97  1.00000
  1705      2.95    -15.92  1.00000
  1706      2.95    -15.87  1.00000
  1707      2.95    -15.82  1.00000
  1708      2.95    -15.77  1.00000
  1709      2.95    -15.72  1.00000
  1710      2.95    -15.67  1.00000
  1711      2.95    -15.62  1.00000
  1712      2.95    -15.57  1.00000
  1713      2.95    -15.52  1.00000
  1714      2.95    -15.47  1.00000
  1715      2.95    -15.42  1.00000
  1716      2.95    -15.37  1.00000
  1717      3.00    -22.47  1.00000
  1718      3.00    -22.42  1.00000
  1719      3.00    -22.37  1.00000
  1720      3.00    -22.32  1.00000
  1721      3.00    -22.27  1.00000
  1722      3.00    -22.22  1.00000
  1723      3.00    -22.17  1.00000
  1724      3.00    -22.12  1.00000
  1725      3.00    -22.07  1.00000
  1726      3.00    -22.02  1.00000
  1727      3.00    -21.97  1.00000
  1728      3.00    -21.92  1.00000
  1729      3.00    -21.87  1.00000
  1730      3.00    -21.82  1.00000
  1731      3.00    -21.77  1.00000
  1732      3.00    -21.72  1.00000
  1733      3.00    -21.67  1.00000
  1734      3.00    -21.62  1.00000
  1735      3.00    -21.57  1.00000
  1736      3.00    -21.52  1.00000
  1737      3.00    -21.47  1.00000
  1738      3.00    -21.42  1.00000
  1739      3.00    -21.37  1.00000
  1740      3.00    -21.32  1.00000
  1741      3.00    -21.27  1.00000
  1742      3.00    -21.22  1.00000
  1743      3.00    -21.17  1.00000
  1744      3.00    -21.12  1.00000
  1745      3.00    -21.07  1.00000
  1746      3.00    -21.02  1.00000
  1747      3.00    -20.97  1.00000
  1748      3.00    -20.92  1.00000
  1749      3.00    -20.87  1.00000
  1750      3.00    -20.82  1.00000
  1751      3.00    -20.77  1.00000
  1752      3.00    -20.72  1.00000
  1753      3.00    -20.67  1.00000
  1754      3.00    -20.62  1.00000
  1755      3.00    -20.57  1.00000
  1756      3.00    -20.52  1.00000
  1757      3.00    -20.47  1.00000
  1758      3.00    -20.42  1.00000
  1759      3.00    -20.37  1.00000
  1760      3.00    -20.32  1.00000
  1761      3.00    -20.27  1.00000
  1762      3.00    -20.22  1.00000
  1763      3.00    -20.17  1.00000
  1764      3.00    -20.12  1.00000
  1765      3.00    -20.07  1.00000
  1766      3.00    -20.02  1.00000
  1767      3.00    -19.97  1.00000
  1768      3.00    -19.92  1.00000
  1769      3.00    -19.87  1.00000
  1770      3.00    -19.82  1.00000
  1771      3.00    -19.77  1.00000
  1772      3.00    -19.72  1.00000
  1773      3.00    -19.67  1.00000
  1774      3.00    -19.62  1.00000
  1775      3.00    -19.57  1.00000
  1776      3.00    -19.52  1.00000
  1777      3.00    -19.47  1.00000
  1778      3.00    -19.42  1.00000
  1779      3.00    -19.37  1.00000
  1780      3.00    -19.32  1.00000
  1781      3.00    -19.27  1.00000
  1782      3.00    -19.22  1.00000
  1783      3.00    -19.17  1.00000
  1784      3.00    -19.12  1.00000
  1785      3.00    -19.07  1.00000
  1786      3.00    -19.02  1.00000
  1787      3.00    -18.97  1.00000
  1788      3.00    -18.92  1.00000
  1789      3.00    -18.87  1.00000
  1790      3.00    -18.82  1.00000
  1791      3.00    -18.77  1.00000
  1792      3.00    -18.72  1.00000
  1793      3.00    -18.67  1.00000
  1794      3.00    -18.62  1.00000
  1795      3.00    -18.57  1.00000
  1796      3.00    -18.52  1.00000
  1797      3.00    -18.47  1.00000
  1798      3.00    -18.42  1.00000
  1799      3.00    -18.37  1.00000
  1800      3.00    -18.32  1.00000
  1801      3.00    -18.27  1.00000
  1802      3.00    -18.22  1.00000
  1803      3.00    -18.17  1.00000
  1804      3.00    -18.12  1.00000
  1805      3.00    -18.07  1.00000
  1806      3.00    -18.02  1.00000
  1807      3.00    -17.97  1.00000
  1808      3.00    -17.92  1.00000
  1809      3.00    -17.87  1.00000
  1810      3.00    -17.82  1.00000
  1811      3.00    -17.77  1.00000
  1812      3.00    -17.72  1.00000
  1813      3.00    -17.67  1.00000
  1814      3.00    -17.62  1.00000
  1815      3.00    -17.57  1.00000
  1816      3.00    -17.52  1.00000
  1817      3.00    -17.47  1.00000
  1818      3.00    -17.42  1.00000
  1819      3.00    -17.37  1.00000
  1820      3.00    -17.32  1.00000
  1821      3.00    -17.27  1.00000
  1822      3.00    -17.22  1.00000
  1823      3.00    -17.17  1.00000
  1824      3.00    -17.12  1.00000
  1825      3.00    -17.07  1.00000
  1826      3.00    -17.02  1.00000
  1827      3.00    -16.97  1.00000
  1828      3.00    -16.92  1.00000
  1829      3.00    -16.87  1.00000
  1830      3.00    -16.82  1.00000
  1831      3.00    -16.77  1.00000
  1832      3.00    -16.72  1.00000
  1833      3.00    -16.67  1.00000
  1834      3.00    -16.62  1.00000
  1835      3.00    -16.57  1.00000
  1836      3.00    -16.52  1.00000
  1837      3.00    -16.47  1.00000
  1838      3.00    -16.42  1.00000
  1839      3.00    -16.37  1.00000
  1840      3.00    -16.32  1.00000
  1841      3.00    -16.27  1.00000
  1842      3.00    -16.22  1.00000
  1843      3.00    -16.17  1.00000
  1844      3.00    -16.12  1.00000
  1845      3.00    -16.07  1.00000
  1846      3.00    -16.02  1.00000
  1847      3.00    -15.97  1.00000
  1848      3.00    -15.92  1.00000
  1849      3.00    -15.87  1.00000
  1850      3.00    -15.82  1.00000
  1851      3.00    -15.77  1.00000
  1852      3.00    -15.72  1.00000
  1853      3.00    -15.67  1.00000
  1854      3.00    -15.62  1.00000
  1855      3.00    -15.57  1.00000
  1856      3.00    -15.52  1.00000
  1857      3.00    -15.47  1.00000
  1858      3.00    -15.42  1.00000
  1859      3.00    -15.37  1.00000
  1860      3.05    -22.47  1.00000
  1861      3.05    -22.42  1.00000
  1862      3.05    -22.37  1.00000
  1863      3.05    -22.32  1.00000
  1864      3.05    -22.27  1.00000
  1865      3.05    -22.22  1.00000
  1866      3.05    -22.17  1.00000
  1867      3.05    -22.12  1.00000
  1868      3.05    -22.07  1.00000
  1869      3.05    -22.02  1.00000
  1870      3.05    -21.97  1.00000
  1871      3.05    -21.92  1.00000
  1872      3.05    -21.87  1.00000
  1873      3.05    -21.82  1.00000
  1874      3.05    -21.77  1.00000
  1875      3.05    -21.72  1.00000
  1876      3.05    -21.67  1.00000
  1877      3.05    -21.62  1.00000
  1878      3.05    -21.57  1.00000
  1879      3.05    -21.52  1.00000
  1880      3.05    -21.47  1.00000
  1881      3.05    -21.42  1.00000
  1882      3.05    -21.37  1.00000
  1883      3.05    -21.32  1.00000
  1884      3.05    -21.27  1.00000
  1885      3.05    -21.22  1.00000
  1886      3.05    -21.17  1.00000
  1887      3.05    -21.12  1.00000
  1888      3.05    -21.07  1.00000
  1889      3.05    -21.02  1.00000
  1890      3.05    -20.97  1.00000
  1891      3.05    -20.92  1.00000
  1892      3.05    -20.87  1.00000
  1893      3.05    -20.82  1.00000
  1894      3.05    -20.77  1.00000
  1895      3.05    -20.72  1.00000
  1896      3.05    -20.67  1.00000
  1897      3.05    -20.62  1.00000
  1898      3.05    -20.57  1.00000
  1899      3.05    -20.52  1.00000
  1900      3.05    -20.47  1.00000
  1901      3.05    -20.42  1.00000
  1902      3.05    -20.37  1.00000
  1903      3.05    -20.32  1.00000
  1904      3.05    -20.27  1.00000
  1905      3.05    -20.22  1.00000
  1906      3.05    -20.17  1.00000
  1907      3.05    -20.12  1.00000
  1908      3.05    -20.07  1.00000
  1909      3.05    -20.02  1.00000
  1910      3.05    -19.97  1.00000
  1911      3.05    -19.92  1.00000
  1912      3.05    -19.87  1.00000
  1913      3.05    -19.82  1.00000
  1914      3.05    -19.77  1.00000
  1915      3.05    -19.72  1.00000
  1916      3.05    -19.67  1.00000
  1917      3.05    -19.62  1.00000
  1918      3.05    -19.57  1.00000
  1919      3.05    -19.52  1.00000
  1920      3.05    -19.47  1.00000
  1921      3.05    -19.42  1.00000
  1922      3.05    -19.37  1.00000
  1923      3.05    -19.32  1.00000
  1924      3.05    -19.27  1.00000
  1925      3.05    -19.22  1.00000
  1926      3.05    -19.17  1.00000
  1927      3.05    -19.12  1.00000
  1928      3.05    -19.07  1.00000
  1929      3.05    -19.02  1.00000
  1930      3.05    -18.97  1.00000
  1931      3.05    -18.92  1.00000
  1932      3.05    -18.87  1.00000
  1933      3.05    -18.82  1.00000
  1934      3.05    -18.77  1.00000
  1935      3.05    -18.72  1.00000
  1936      3.05    -18.67  1.00000
  1937      3.05    -18.62  1.00000
  1938      3.05    -18.57  1.00000
  1939      3.05    -18.52  1.00000
  1940      3.05    -18.47  1.00000
  1941      3.05    -18.42  1.00000
  1942      3.05    -18.37  1.00000
  1943      3.05    -18.32  1.00000
  1944      3.05    -18.27  1.00000
  1945      3.05    -18.22  1.00000
  1946      3.05    -18.17  1.00000
  1947      3.05    -18.12  1.00000
  1948      3.05    -18.07  1.00000
  1949      3.05    -18.02  1.00000
  1950      3.05    -17.97  1.00000
  1951      3.05    -17.92  1.00000
  1952      3.05    -17.87  1.00000
  1953      3.05    -17.82  1.00000
  1954      3.05    -17.77  1.00000
  1955      3.05    -17.72  1.00000
  1956      3.05    -17.67  1.00000
  1957      3.05    -17.62  1.00000
  1958      3.05    -17.57  1.00000
  1959      3.05    -17.52  1.00000
  1960      3.05    -17.47  1.00000
  1961      3.05    -17.42  1.00000
  1962      3.05    -17.37  1.00000
  1963      3.05    -17.32  1.00000
  1964      3.05    -17.27  1.00000
  1965      3.05    -17.22  1.00000
  1966      3.05    -17.17  1.00000
  1967      3.05    -17.12  1.00000
  1968      3.05    -17.07  1.00000
  1969      3.05    -17.02  1.00000
  1970      3.05    -16.97  1.00000
  1971      3.05    -16.92  1.00000
  1972      3.05    -16.87  1.00000
  1973      3.05    -16.82  1.00000
  1974      3.05    -16.77  1.00000
  1975      3.05    -16.72  1.00000
  1976      3.05    -16.67  1.00000
  1977      3.05    -16.62  1.00000
  1978      3.05    -16.57  1.00000
  1979      3.05    -16.52  1.00000
  1980      3.05    -16.47  1.00000
  1981      3.05    -16.42  1.00000
  1982      3.05    -16.37  1.00000
  1983      3.05    -16.32  1.00000
  1984      3.05    -16.27  1.00000
  1985      3.05    -16.22  1.00000
  1986      3.05    -16.17  1.00000
  1987      3.05    -16.12  1.00000
  1988      3.05    -16.07  1.00000
  1989      3.05    -16.02  1.00000
  1990      3.05    -15.97  1.00000
  1991      3.05    -15.92  1.00000
  1992      3.05    -15.87  1.00000
  1993      3.05    -15.82  1.00000
  1994      3.05    -15.77  1.00000
  1995      3.05    -15.72  1.00000
  1996      3.05    -15.67  1.00000
  1997      3.05    -15.62  1.00000
  1998      3.05    -15.57  1.00000
  1999      3.05    -15.52  1.00000
  2000      3.05    -15.47  1.00000
  2001      3.05    -15.42  1.00000
  2002      3.05    -15.37  1.00000
  2003      3.10    -22.47  1.00000
  2004      3.10    -22.42  1.00000
  2005      3.10    -22.37  1.00000
  2006      3.10    -22.32  1.00000
  2007      3.10    -22.27  1.00000
  2008      3.10    -22.22  1.00000
  2009      3.10    -22.17  1.00000
  2010      3.10    -22.12  1.00000
  2011      3.10    -22.07  1.00000
  2012      3.10    -22.02  1.00000
  2013      3.10    -21.97  1.00000
  2014      3.10    -21.92  1.00000
  2015      3.10    -21.87  1.00000
  2016      3.10    -21.82  1.00000
  2017      3.10    -21.77  1.00000
  2018      3.10    -21.72  1.00000
  2019      3.10    -21.67  1.00000
  2020      3.10    -21.62  1.00000
  2021      3.10    -21.57  1.00000
  2022      3.10    -21.52  1.00000
  2023      3.10    -21.47  1.00000
  2024      3.10    -21.42  1.00000
  2025      3.10    -21.37  1.00000
  2026      3.10    -21.32  1.00000
  2027      3.10    -21.27  1.00000
  2028      3.10    -21.22  1.00000
  2029      3.10    -21.17  1.00000
  2030      3.10    -21.12  1.00000
  2031      3.10    -21.07  1.00000
  2032      3.10    -21.02  1.00000
  2033      3.10    -20.97  1.00000
  2034      3.10    -20.92  1.00000
  2035      3.10    -20.87  1.00000
  2036      3.10    -20.82  1.00000
  2037      3.10    -20.77  1.00000
  2038      3.10    -20.72  1.00000
  2039      3.10    -20.67  1.00000
  2040      3.10    -20.62  1.00000
  2041      3.10    -20.57  1.00000
  2042      3.10    -20.52  1.00000
  2043      3.10    -20.47  1.00000
  2044      3.10    -20.42  1.00000
  2045      3.10    -20.37  1.00000
  2046      3.10    -20.32  1.00000
  2047      3.10    -20.27  1.00000
  2048      3.10    -20.22  1.00000
  2049      3.10    -20.17  1.00000
  2050      3.10    -20.12  1.00000
  2051      3.10    -20.07  1.00000
  2052      3.10    -20.02  1.00000
  2053      3.10    -19.97  1.00000
  2054      3.10    -19.92  1.00000
  2055      3.10    -19.87  1.00000
  2056      3.10    -19.82  1.00000
  2057      3.10    -19.77  1.00000
  2058      3.10    -19.72  1.00000
  2059      3.10    -19.67  1.00000
  2060      3.10    -19.62  1.00000
  2061      3.10    -19.57  1.00000
  2062      3.10    -19.52  1.00000
  2063      3.10    -19.47  1.00000
  2064      3.10    -19.42  1.00000
  2065      3.10    -19.37  1.00000
  2066      3.10    -19.32  1.00000
  2067      3.10    -19.27  1.00000
  2068      3.10    -19.22  1.00000
  2069      3.10    -19.17  1.00000
  2070      3.10    -19.12  1.00000
  2071      3.10    -19.07  1.00000
  2072      3.10    -19.02  1.00000
  2073      3.10    -18.97  1.00000
  2074      3.10    -18.92  1.00000
  2075      3.10    -18.87  1.00000
  2076      3.10    -18.82  1.00000
  2077      3.10    -18.77  1.00000
  2078      3.10    -18.72  1.00000
  2079      3.10    -18.67  1.00000
  2080      3.10    -18.62  1.00000
  2081      3.10    -18.57  1.00000
  2082      3.10    -18.52  1.00000
  2083      3.10    -18.47  1.00000
  2084      3.10    -18.42  1.00000
  2085      3.10    -18.37  1.00000
  2086      3.10    -18.32  1.00000
  2087      3.10    -18.27  1.00000
  2088      3.10    -18.22  1.00000
  2089      3.10    -18.17  1.00000
  2090      3.10    -18.12  1.00000
  2091      3.10    -18.07  1.00000
  2092      3.10    -18.02  1.00000
  2093      3.10    -17.97  1.00000
  2094      3.10    -17.92  1.00000
  2095      3.10    -17.87  1.00000
  2096      3.10    -17.82  1.00000
  2097      3.10    -17.77  1.00000
  2098      3.10    -17.72  1.00000
  2099      3.10    -17.67  1.00000
  2100      3.10    -17.62  1.00000
  2101      3.10    -17.57  1.00000
  2102      3.10    -17.52  1.00000
  2103      3.10    -17.47  1.00000
  2104      3.10    -17.42  1.00000
  2105      3.10    -17.37  1.00000
  2106      3.10    -17.32  1.00000
  2107      3.10    -17.27  1.00000
  2108      3.10    -17.22  1.00000
  2109      3.10    -17.17  1.00000
  2110      3.10    -17.12  1.00000
  2111      3.10    -17.07  1.00000
  2112      3.10    -17.02  1.00000
  2113      3.10    -16.97  1.00000
  2114      3.10    -16.92  1.00000
  2115      3.10    -16.87  1.00000
  2116      3.10    -16.82  1.00000
  2117      3.10    -16.77  1.00000
  2118      3.10    -16.72  1.00000
  2119      3.10    -16.67  1.00000
  2120      3.10    -16.62  1.00000
  2121      3.10    -16.57  1.00000
  2122      3.10    -16.52  1.00000
  2123      3.10    -16.47  1.00000
  2124      3.10    -16.42  1.00000
  2125      3.10    -16.37  1.00000
  2126      3.10    -16.32  1.00000
  2127      3.10    -16.27  1.00000
  2128      3.10    -16.22  1.00000
  2129      3.10    -16.17  1.00000
  2130      3.10    -16.12  1.00000
  2131      3.10    -16.07  1.00000
  2132      3.10    -16.02  1.00000
  2133      3.10    -15.97  1.00000
  2134      3.10    -15.92  1.00000
  2135      3.10    -15.87  1.00000
  2136      3.10    -15.82  1.00000
  2137      3.10    -15.77  1.00000
  2138      3.10    -15.72  1.00000
  2139      3.10    -15.67  1.00000
  2140      3.10    -15.62  1.00000
  2141      3.10    -15.57  1.00000
  2142      3.10    -15.52  1.00000
  2143      3.10    -15.47  1.00000
  2144      3.10    -15.42  1.00000
  2145      3.10    -15.37  1.00000
  2146      3.15    -22.47  1.00000
  2147      3.15    -22.42  1.00000
  2148      3.15    -22.37  1.00000
  2149      3.15    -22.32  1.00000
  2150      3.15    -22.27  1.00000
  2151      3.15    -22.22  1.00000
  2152      3.15    -22.17  1.00000
  2153      3.15    -22.12  1.00000
  2154      3.15    -22.07  1.00000
  2155      3.15    -22.02  1.00000
  2156      3.15    -21.97  1.00000
  2157      3.15    -21.92  1.00000
  2158      3.15    -21.87  1.00000
  2159      3.15    -21.82  1.00000
  2160      3.15    -21.77  1.00000
  2161      3.15    -21.72  1.00000
  2162      3.15    -21.67  1.00000
  2163      3.15    -21.62  1.00000
  2164      3.15    -21.57  1.00000
  2165      3.15    -21.52  1.00000
  2166      3.15    -21.47  1.00000
  2167      3.15    -21.42  1.00000
  2168      3.15    -21.37  1.00000
  2169      3.15    -21.32  1.00000
  2170      3.15    -21.27  1.00000
  2171      3.15    -21.22  1.00000
  2172      3.15    -21.17  1.00000
  2173      3.15    -21.12  1.00000
  2174      3.15    -21.07  1.00000
  2175      3.15    -21.02  1.00000
  2176      3.15    -20.97  1.00000
  2177      3.15    -20.92  1.00000
  2178      3.15    -20.87  1.00000
  2179      3.15    -20.82  1.00000
  2180      3.15    -20.77  1.00000
  2181      3.15    -20.72  1.00000
  2182      3.15    -20.67  1.00000
  2183      3.15    -20.62  1.00000
  2184      3.15    -20.57  1.00000
  2185      3.15    -20.52  1.00000
  2186      3.15    -20.47  1.00000
  2187      3.15    -20.42  1.00000
  2188      3.15    -20.37  1.00000
  2189      3.15    -20.32  1.00000
  2190      3.15    -20.27  1.00000
  2191      3.15    -20.22  1.00000
  2192      3.15    -20.17  1.00000
  2193      3.15    -20.12  1.00000
  2194      3.15    -20.07  1.00000
  2195      3.15    -20.02  1.00000
  2196      3.15    -19.97  1.00000
  2197      3.15    -19.92  1.00000
  2198      3.15    -19.87  1.00000
  2199      3.15    -19.82  1.00000
  2200      3.15    -19.77  1.00000
  2201      3.15    -19.72  1.00000
  2202      3.15    -19.67  1.00000
  2203      3.15    -19.62  1.00000
  2204      3.15    -19.57  1.00000
  2205      3.15    -19.52  1.00000
  2206      3.15    -19.47  1.00000
  2207      3.15    -19.42  1.00000
  2208      3.15    -19.37  1.00000
  2209      3.15    -19.32  1.00000
  2210      3.15    -19.27  1.00000
  2211      3.15    -19.22  1.00000
  2212      3.15    -19.17  1.00000
  2213      3.15    -19.12  1.00000
  2214      3.15    -19.07  1.00000
  2215      3.15    -19.02  1.00000
  2216      3.15    -18.97  1.00000
  2217      3.15    -18.92  1.00000
  2218      3.15    -18.87  1.00000
  2219      3.15    -18.82  1.00000
  2220      3.15    -18.77  1.00000
  2221      3.15    -18.72  1.00000
  2222      3.15    -18.67  1.00000
  2223      3.15    -18.62  1.00000
  2224      3.15    -18.57  1.00000
  2225      3.15    -18.52  1.00000
  2226      3.15    -18.47  1.00000
  2227      3.15    -18.42  1.00000
  2228      3.15    -18.37  1.00000
  2229      3.15    -18.32  1.00000
  2230      3.15    -18.27  1.00000
  2231      3.15    -18.22  1.00000
  2232      3.15    -18.17  1.00000
  2233      3.15    -18.12  1.00000
  2234      3.15    -18.07  1.00000
  2235      3.15    -18.02  1.00000
  2236      3.15    -17.97  1.00000
  2237      3.15    -17.92  1.00000
  2238      3.15    -17.87  1.00000
  2239      3.15    -17.82  1.00000
  2240      3.15    -17.77  1.00000
  2241      3.15    -17.72  1.00000
  2242      3.15    -17.67  1.00000
  2243      3.15    -17.62  1.00000
  2244      3.15    -17.57  1.00000
  2245      3.15    -17.52  1.00000
  2246      3.15    -17.47  1.00000
  2247      3.15    -17.42  1.00000
  2248      3.15    -17.37  1.00000
  2249      3.15    -17.32  1.00000
  2250      3.15    -17.27  1.00000
  2251      3.15    -17.22  1.00000
  2252      3.15    -17.17  1.00000
  2253      3.15    -17.12  1.00000
  2254      3.15    -17.07  1.00000
  2255      3.15    -17.02  1.00000
  2256      3.15    -16.97  1.00000
  2257      3.15    -16.92  1.00000
  2258      3.15    -16.87  1.00000
  2259      3.15    -16.82  1.00000
  2260      3.15    -16.77  1.00000
  2261      3.15    -16.72  1.00000
  2262      3.15    -16.67  1.00000
  2263      3.15    -16.62  1.00000
  2264      3.15    -16.57  1.00000
  2265      3.15    -16.52  1.00000
  2266      3.15    -16.47  1.00000
  2267      3.15    -16.42  1.00000
  2268      3.15    -16.37  1.00000
  2269      3.15    -16.32  1.00000
  2270      3.15    -16.27  1.00000
  2271      3.15    -16.22  1.00000
  2272      3.15    -16.17  1.00000
  2273      3.15    -16.12  1.00000
  2274      3.15    -16.07  1.00000
  2275      3.15    -16.02  1.00000
  2276      3.15    -15.97  1.00000
  2277      3.15    -15.92  1.00000
  2278      3.15    -15.87  1.00000
  2279      3.15    -15.82  1.00000
  2280      3.15    -15.77  1.00000
  2281      3.15    -15.72  1.00000
  2282      3.15    -15.67  1.00000
  2283      3.15    -15.62  1.00000
  2284      3.15    -15.57  1.00000
  2285      3.15    -15.52  1.00000
  2286      3.15    -15.47  1.00000
  2287      3.15    -15.42  1.00000
  2288      3.15    -15.37  1.00000
  2289      3.20    -22.47  1.00000
  2290      3.20    -22.42  1.00000
  2291      3.20    -22.37  1.00000
  2292      3.20    -22.32  1.00000
  2293      3.20    -22.27  1.00000
  2294      3.20    -22.22  1.00000
  2295      3.20    -22.17  1.00000
  2296      3.20    -22.12  1.00000
  2297      3.20    -22.07  1.00000
  2298      3.20    -22.02  1.00000
  2299      3.20    -21.97  1.00000
  2300      3.20    -21.92  1.00000
  2301      3.20    -21.87  1.00000
  2302      3.20    -21.82  1.00000
  2303      3.20    -21.77  1.00000
  2304      3.20    -21.72  1.00000
  2305      3.20    -21.67  1.00000
  2306      3.20    -21.62  1.00000
  2307      3.20    -21.57  1.00000
  2308      3.20    -21.52  1.00000
  2309      3.20    -21.47  1.00000
  2310      3.20    -21.42  1.00000
  2311      3.20    -21.37  1.00000
  2312      3.20    -21.32  1.00000
  2313      3.20    -21.27  1.00000
  2314      3.20    -21.22  1.00000
  2315      3.20    -21.17  1.00000
  2316      3.20    -21.12  1.00000
  2317      3.20    -21.07  1.00000
  2318      3.20    -21.02  1.00000
  2319      3.20    -20.97  1.00000
  2320      3.20    -20.92  1.00000
  2321      3.20    -20.87  1.00000
  2322      3.20    -20.82  1.00000
  2323      3.20    -20.77  1.00000
  2324      3.20    -20.72  1.00000
  2325      3.20    -20.67  1.00000
  2326      3.20    -20.62  1.00000
  2327      3.20    -20.57  1.00000
  2328      3.20    -20.52  1.00000
  2329      3.20    -20.47  1.00000
  2330      3.20    -20.42  1.00000
  2331      3.20    -20.37  1.00000
  2332      3.20    -20.32  1.00000
  2333      3.20    -20.27  1.00000
  2334      3.20    -20.22  1.00000
  2335      3.20    -20.17  1.00000
  2336      3.20    -20.12  1.00000
  2337      3.20    -20.07  1.00000
  2338      3.20    -20.02  1.00000
  2339      3.20    -19.97  1.00000
  2340      3.20    -19.92  1.00000
  2341      3.20    -19.87  1.00000
  2342      3.20    -19.82  1.00000
  2343      3.20    -19.77  1.00000
  2344      3.20    -19.72  1.00000
  2345      3.20    -19.67  1.00000
  2346      3.20    -19.62  1.00000
  2347      3.20    -19.57  1.00000
  2348      3.20    -19.52  1.00000
  2349      3.20    -19.47  1.00000
  2350      3.20    -19.42  1.00000
  2351      3.20    -19.37  1.00000
  2352      3.20    -19.32  1.00000
  2353      3.20    -19.27  1.00000
  2354      3.20    -19.22  1.00000
  2355      3.20    -19.17  1.00000
  2356      3.20    -19.12  1.00000
  2357      3.20    -19.07  1.00000
  2358      3.20    -19.02  1.00000
  2359      3.20    -18.97  1.00000
  2360      3.20    -18.92  1.00000
  2361      3.20    -18.87  1.00000
  2362      3.20    -18.82  1.00000
  2363      3.20    -18.77  1.00000
  2364      3.20    -18.72  1.00000
  2365      3.20    -18.67  1.00000
  2366      3.20    -18.62  1.00000
  2367      3.20    -18.57  1.00000
  2368      3.20    -18.52  1.00000
  2369      3.20    -18.47  1.00000
  2370      3.20    -18.42  1.00000
  2371      3.20    -18.37  1.00000
  2372      3.20    -18.32  1.00000
  2373      3.20    -18.27  1.00000
  2374      3.20    -18.22  1.00000
  2375      3.20    -18.17  1.00000
  2376      3.20    -18.12  1.00000
  2377      3.20    -18.07  1.00000
  2378      3.20    -18.02  1.00000
  2379      3.20    -17.97  1.00000
  2380      3.20    -17.92  1.00000
  2381      3.20    -17.87  1.00000
  2382      3.20    -17.82  1.00000
  2383      3.20    -17.77  1.00000
  2384      3.20    -17.72  1.00000
  2385      3.20    -17.67  1.00000
  2386      3.20    -17.62  1.00000
  2387      3.20    -17.57  1.00000
  2388      3.20    -17.52  1.00000
  2389      3.20    -17.47  1.00000
  2390      3.20    -17.42  1.00000
  2391      3.20    -17.37  1.00000
  2392      3.20    -17.32  1.00000
  2393      3.20    -17.27  1.00000
  2394      3.20    -17.22  1.00000
  2395      3.20    -17.17  1.00000
  2396      3.20    -17.12  1.00000
  2397      3.20    -17.07  1.00000
  2398      3.20    -17.02  1.00000
  2399      3.20    -16.97  1.00000
  2400      3.20    -16.92  1.00000
  2401      3.20    -16.87  1.00000
  2402      3.20    -16.82  1.00000
  2403      3.20    -16.77  1.00000
  2404      3.20    -16.72  1.00000
  2405      3.20    -16.67  1.00000
  2406      3.20    -16.62  1.00000
  2407      3.20    -16.57  1.00000
  2408      3.20    -16.52  1.00000
  2409      3.20    -16.47  1.00000
  2410      3.20    -16.42  1.00000
  2411      3.20    -16.37  1.00000
  2412      3.20    -16.32  1.00000
  2413      3.20    -16.27  1.00000
  2414      3.20    -16.22  1.00000
  2415      3.20    -16.17  1.00000
  2416      3.20    -16.12  1.00000
  2417      3.20    -16.07  1.00000
  2418      3.20    -16.02  1.00000
  2419      3.20    -15.97  1.00000
  2420      3.20    -15.92  1.00000
  2421      3.20    -15.87  1.00000
  2422      3.20    -15.82  1.00000
  2423      3.20    -15.77  1.00000
  2424      3.20    -15.72  1.00000
  2425      3.20    -15.67  1.00000
  2426      3.20    -15.62  1.00000
  2427      3.20    -15.57  1.00000
  2428      3.20    -15.52  1.00000
  2429      3.20    -15.47  1.00000
  2430      3.20    -15.42  1.00000
  2431      3.20    -15.37  1.00000
  2432      3.25    -22.47  1.00000
  2433      3.25    -22.42  1.00000
  2434      3.25    -22.37  1.00000
  2435      3.25    -22.32  1.00000
  2436      3.25    -22.27  1.00000
  2437      3.25    -22.22  1.00000
  2438      3.25    -22.17  1.00000
  2439      3.25    -22.12  1.00000
  2440      3.25    -22.07  1.00000
  2441      3.25    -22.02  1.00000
  2442      3.25    -21.97  1.00000
  2443      3.25    -21.92  1.00000
  2444      3.25    -21.87  1.00000
  2445      3.25    -21.82  1.00000
  2446      3.25    -21.77  1.00000
  2447      3.25    -21.72  1.00000
  2448      3.25    -21.67  1.00000
  2449      3.25    -21.62  1.00000
  2450      3.25    -21.57  1.00000
  2451      3.25    -21.52  1.00000
  2452      3.25    -21.47  1.00000
  2453      3.25    -21.42  1.00000
  2454      3.25    -21.37  1.00000
  2455      3.25    -21.32  1.00000
  2456      3.25    -21.27  1.00000
  2457      3.25    -21.22  1.00000
  2458      3.25    -21.17  1.00000
  2459      3.25    -21.12  1.00000
  2460      3.25    -21.07  1.00000
  2461      3.25    -21.02  1.00000
  2462      3.25    -20.97  1.00000
  2463      3.25    -20.92  1.00000
  2464      3.25    -20.87  1.00000
  2465      3.25    -20.82  1.00000
  2466      3.25    -20.77  1.00000
  2467      3.25    -20.72  1.00000
  2468      3.25    -20.67  1.00000
  2469      3.25    -20.62  1.00000
  2470      3.25    -20.57  1.00000
  2471      3.25    -20.52  1.00000
  2472      3.25    -20.47  1.00000
  2473      3.25    -20.42  1.00000
  2474      3.25    -20.37  1.00000
  2475      3.25    -20.32  1.00000
  2476      3.25    -20.27  1.00000
  2477      3.25    -20.22  1.00000
  2478      3.25    -20.17  1.00000
  2479      3.25    -20.12  1.00000
  2480      3.25    -20.07  1.00000
  2481      3.25    -20.02  1.00000
  2482      3.25    -19.97  1.00000
  2483      3.25    -19.92  1.00000
  2484      3.25    -19.87  1.00000
  2485      3.25    -19.82  1.00000
  2486      3.25    -19.77  1.00000
  2487      3.25    -19.72  1.00000
  2488      3.25    -19.67  1.00000
  2489      3.25    -19.62  1.00000
  2490      3.25    -19.57  1.00000
  2491      3.25    -19.52  1.00000
  2492      3.25    -19.47  1.00000
  2493      3.25    -19.42  1.00000
  2494      3.25    -19.37  1.00000
  2495      3.25    -19.32  1.00000
  2496      3.25    -19.27  1.00000
  2497      3.25    -19.22  1.00000
  2498      3.25    -19.17  1.00000
  2499      3.25    -19.12  1.00000
  2500      3.25    -19.07  1.00000
  2501      3.25    -19.02  1.00000
  2502      3.25    -18.97  1.00000
  2503      3.25    -18.92  1.00000
  2504      3.25    -18.87  1.00000
  2505      3.25    -18.82  1.00000
  2506      3.25    -18.77  1.00000
  2507      3.25    -18.72  1.00000
  2508      3.25    -18.67  1.00000
  2509      3.25    -18.62  1.00000
  2510      3.25    -18.57  1.00000
  2511      3.25    -18.52  1.00000
  2512      3.25    -18.47  1.00000
  2513      3.25    -18.42  1.00000
  2514      3.25    -18.37  1.00000
  2515      3.25    -18.32  1.00000
  2516      3.25    -18.27  1.00000
  2517      3.25    -18.22  1.00000
  2518      3.25    -18.17  1.00000
  2519      3.25    -18.12  1.00000
  2520      3.25    -18.07  1.00000
  2521      3.25    -18.02  1.00000
  2522      3.25    -17.97  1.00000
  2523      3.25    -17.92  1.00000
  2524      3.25    -17.87  1.00000
  2525      3.25    -17.82  1.00000
  2526      3.25    -17.77  1.00000
  2527      3.25    -17.72  1.00000
  2528      3.25    -17.67  1.00000
  2529      3.25    -17.62  1.00000
  2530      3.25    -17.57  1.00000
  2531      3.25    -17.52  1.00000
  2532      3.25    -17.47  1.00000
  2533      3.25    -17.42  1.00000
  2534      3.25    -17.37  1.00000
  2535      3.25    -17.32  1.00000
  2536      3.25    -17.27  1.00000
  2537      3.25    -17.22  1.00000
  2538      3.25    -17.17  1.00000
  2539      3.25    -17.12  1.00000
  2540      3.25    -17.07  1.00000
  2541      3.25    -17.02  1.00000
  2542      3.25    -16.97  1.00000
  2543      3.25    -16.92  1.00000
  2544      3.25    -16.87  1.00000
  2545      3.25    -16.82  1.00000
  2546      3.25    -16.77  1.00000
  2547      3.25    -16.72  1.00000
  2548      3.25    -16.67  1.00000
  2549      3.25    -16.62  1.00000
  2550      3.25    -16.57  1.00000
  2551      3.25    -16.52  1.00000
  2552      3.25    -16.47  1.00000
  2553      3.25    -16.42  1.00000
  2554      3.25    -16.37  1.00000
  2555      3.25    -16.32  1.00000
  2556      3.25    -16.27  1.00000
  2557      3.25    -16.22  1.00000
  2558      3.25    -16.17  1.00000
  2559      3.25    -16.12  1.00000
  2560      3.25    -16.07  1.00000
  2561      3.25    -16.02  1.00000
  2562      3.25    -15.97  1.00000
  2563      3.25    -15.92  1.00000
  2564      3.25    -15.87  1.00000
  2565      3.25    -15.82  1.00000
  2566      3.25    -15.77  1.00000
  2567      3.25    -15.72  1.00000
  2568      3.25    -15.67  1.00000
  2569      3.25    -15.62  1.00000
  2570      3.25    -15.57  1.00000
  2571      3.25    -15.52  1.00000
  2572      3.25    -15.47  1.00000
  2573      3.25    -15.42  1.00000
  2574      3.25    -15.37  1.00000
  2575      3.30    -22.47  1.00000
  2576      3.30    -22.42  1.00000
  2577      3.30    -22.37  1.00000
  2578      3.30    -22.32  1.00000
  2579      3.30    -22.27  1.00000
  2580      3.30    -22.22  1.00000
  2581      3.30    -22.17  1.00000
  2582      3.30    -22.12  1.00000
  2583      3.30    -22.07  1.00000
  2584      3.30    -22.02  1.00000
  2585      3.30    -21.97  1.00000
  2586      3.30    -21.92  1.00000
  2587      3.30    -21.87  1.00000
  2588      3.30    -21.82  1.00000
  2589      3.30    -21.77  1.00000
  2590      3.30    -21.72  1.00000
  2591      3.30    -21.67  1.00000
  2592      3.30    -21.62  1.00000
  2593      3.30    -21.57  1.00000
  2594      3.30    -21.52  1.00000
  2595      3.30    -21.47  1.00000
  2596      3.30    -21.42  1.00000
  2597      3.30    -21.37  1.00000
  2598      3.30    -21.32  1.00000
  2599      3.30    -21.27  1.00000
  2600      3.30    -21.22  1.00000
  2601      3.30    -21.17  1.00000
  2602      3.30    -21.12  1.00000
  2603      3.30    -21.07  1.00000
  2604      3.30    -21.02  1.00000
  2605      3.30    -20.97  1.00000
  2606      3.30    -20.92  1.00000
  2607      3.30    -20.87  1.00000
  2608      3.30    -20.82  1.00000
  2609      3.30    -20.77  1.00000
  2610      3.30    -20.72  1.00000
  2611      3.30    -20.67  1.00000
  2612      3.30    -20.62  1.00000
  2613      3.30    -20.57  1.00000
  2614      3.30    -20.52  1.00000
  2615      3.30    -20.47  1.00000
  2616      3.30    -20.42  1.00000
  2617      3.30    -20.37  1.00000
  2618      3.30    -20.32  1.00000
  2619      3.30    -20.27  1.00000
  2620      3.30    -20.22  1.00000
  2621      3.30    -20.17  1.00000
  2622      3.30    -20.12  1.00000
  2623      3.30    -20.07  1.00000
  2624      3.30    -20.02  1.00000
  2625      3.30    -19.97  1.00000
  2626      3.30    -19.92  1.00000
  2627      3.30    -19.87  1.00000
  2628      3.30    -19.82  1.00000
  2629      3.30    -19.77  1.00000
  2630      3.30    -19.72  1.00000
  2631      3.30    -19.67  1.00000
  2632      3.30    -19.62  1.00000
  2633      3.30    -19.57  1.00000
  2634      3.30    -19.52  1.00000
  2635      3.30    -19.47  1.00000
  2636      3.30    -19.42  1.00000
  2637      3.30    -19.37  1.00000
  2638      3.30    -19.32  1.00000
  2639      3.30    -19.27  1.00000
  2640      3.30    -19.22  1.00000
  2641      3.30    -19.17  1.00000
  2642      3.30    -19.12  1.00000
  2643      3.30    -19.07  1.00000
  2644      3.30    -19.02  1.00000
  2645      3.30    -18.97  1.00000
  2646      3.30    -18.92  1.00000
  2647      3.30    -18.87  1.00000
  2648      3.30    -18.82  1.00000
  2649      3.30    -18.77  1.00000
  2650      3.30    -18.72  1.00000
  2651      3.30    -18.67  1.00000
  2652      3.30    -18.62  1.00000
  2653      3.30    -18.57  1.00000
  2654      3.30    -18.52  1.00000
  2655      3.30    -18.47  1.00000
  2656      3.30    -18.42  1.00000
  2657      3.30    -18.37  1.00000
  2658      3.30    -18.32  1.00000
  2659      3.30    -18.27  1.00000
  2660      3.30    -18.22  1.00000
  2661      3.30    -18.17  1.00000
  2662      3.30    -18.12  1.00000
  2663      3.30    -18.07  1.00000
  2664      3.30    -18.02  1.00000
  2665      3.30    -17.97  1.00000
  2666      3.30    -17.92  1.00000
  2667      3.30    -17.87  1.00000
  2668      3.30    -17.82  1.00000
  2669      3.30    -17.77  1.00000
  2670      3.30    -17.72  1.00000
  2671      3.30    -17.67  1.00000
  2672      3.30    -17.62  1.00000
  2673      3.30    -17.57  1.00000
  2674      3.30    -17.52  1.00000
  2675      3.30    -17.47  1.00000
  2676      3.30    -17.42  1.00000
  2677      3.30    -17.37  1.00000
  2678      3.30    -17.32  1.00000
  2679      3.30    -17.27  1.00000
  2680      3.30    -17.22  1.00000
  2681      3.30    -17.17  1.00000
  2682      3.30    -17.12  1.00000
  2683      3.30    -17.07  1.00000
  2684      3.30    -17.02  1.00000
  2685      3.30    -16.97  1.00000
  2686      3.30    -16.92  1.00000
  2687      3.30    -16.87  1.00000
  2688      3.30    -16.82  1.00000
  2689      3.30    -16.77  1.00000
  2690      3.30    -16.72  1.00000
  2691      3.30    -16.67  1.00000
  2692      3.30    -16.62  1.00000
  2693      3.30    -16.57  1.00000
  2694      3.30    -16.52  1.00000
  2695      3.30    -16.47  1.00000
  2696      3.30    -16.42  1.00000
  2697      3.30    -16.37  1.00000
  2698      3.30    -16.32  1.00000
  2699      3.30    -16.27  1.00000
  2700      3.30    -16.22  1.00000
  2701      3.30    -16.17  1.00000
  2702      3.30    -16.12  1.00000
  2703      3.30    -16.07  1.00000
  2704      3.30    -16.02  1.00000
  2705      3.30    -15.97  1.00000
  2706      3.30    -15.92  1.00000
  2707      3.30    -15.87  1.00000
  2708      3.30    -15.82  1.00000
  2709      3.30    -15.77  1.00000
  2710      3.30    -15.72  1.00000
  2711      3.30    -15.67  1.00000
  2712      3.30    -15.62  1.00000
  2713      3.30    -15.57  1.00000
  2714      3.30    -15.52  1.00000
  2715      3.30    -15.47  1.00000
  2716      3.30    -15.42  1.00000
  2717      3.30    -15.37  1.00000
  2718      3.35    -22.47  1.00000
  2719      3.35    -22.42  1.00000
  2720      3.35    -22.37  1.00000
  2721      3.35    -22.32  1.00000
  2722      3.35    -22.27  1.00000
  2723      3.35    -22.22  1.00000
  2724      3.35    -22.17  1.00000
  2725      3.35    -22.12  1.00000
  2726      3.35    -22.07  1.00000
  2727      3.35    -22.02  1.00000
  2728      3.35    -21.97  1.00000
  2729      3.35    -21.92  1.00000
  2730      3.35    -21.87  1.00000
  2731      3.35    -21.82  1.00000
  2732      3.35    -21.77  1.00000
  2733      3.35    -21.72  1.00000
  2734      3.35    -21.67  1.00000
  2735      3.35    -21.62  1.00000
  2736      3.35    -21.57  1.00000
  2737      3.35    -21.52  1.00000
  2738      3.35    -21.47  1.00000
  2739      3.35    -21.42  1.00000
  2740      3.35    -21.37  1.00000
  2741      3.35    -21.32  1.00000
  2742      3.35    -21.27  1.00000
  2743      3.35    -21.22  1.00000
  2744      3.35    -21.17  1.00000
  2745      3.35    -21.12  1.00000
  2746      3.35    -21.07  1.00000
  2747      3.35    -21.02  1.00000
  2748      3.35    -20.97  1.00000
  2749      3.35    -20.92  1.00000
  2750      3.35    -20.87  1.00000
  2751      3.35    -20.82  1.00000
  2752      3.35    -20.77  1.00000
  2753      3.35    -20.72  1.00000
  2754      3.35    -20.67  1.00000
  2755      3.35    -20.62  1.00000
  2756      3.35    -20.57  1.00000
  2757      3.35    -20.52  1.00000
  2758      3.35    -20.47  1.00000
  2759      3.35    -20.42  1.00000
  2760      3.35    -20.37  1.00000
  2761      3.35    -20.32  1.00000
  2762      3.35    -20.27  1.00000
  2763      3.35    -20.22  1.00000
  2764      3.35    -20.17  1.00000
  2765      3.35    -20.12  1.00000
  2766      3.35    -20.07  1.00000
  2767      3.35    -20.02  1.00000
  2768      3.35    -19.97  1.00000
  2769      3.35    -19.92  1.00000
  2770      3.35    -19.87  1.00000
  2771      3.35    -19.82  1.00000
  2772      3.35    -19.77  1.00000
  2773      3.35    -19.72  1.00000
  2774      3.35    -19.67  1.00000
  2775      3.35    -19.62  1.00000
  2776      3.35    -19.57  1.00000
  2777      3.35    -19.52  1.00000
  2778      3.35    -19.47  1.00000
  2779      3.35    -19.42  1.00000
  2780      3.35    -19.37  1.00000
  2781      3.35    -19.32  1.00000
  2782      3.35    -19.27  1.00000
  2783      3.35    -19.22  1.00000
  2784      3.35    -19.17  1.00000
  2785      3.35    -19.12  1.00000
  2786      3.35    -19.07  1.00000
  2787      3.35    -19.02  1.00000
  2788      3.35    -18.97  1.00000
  2789      3.35    -18.92  1.00000
  2790      3.35    -18.87  1.00000
  2791      3.35    -18.82  1.00000
  2792      3.35    -18.77  1.00000
  2793      3.35    -18.72  1.00000
  2794      3.35    -18.67  1.00000
  2795      3.35    -18.62  1.00000
  2796      3.35    -18.57  1.00000
  2797      3.35    -18.52  1.00000
  2798      3.35    -18.47  1.00000
  2799      3.35    -18.42  1.00000
  2800      3.35    -18.37  1.00000
  2801      3.35    -18.32  1.00000
  2802      3.35    -18.27  1.00000
  2803      3.35    -18.22  1.00000
  2804      3.35    -18.17  1.00000
  2805      3.35    -18.12  1.00000
  2806      3.35    -18.07  1.00000
  2807      3.35    -18.02  1.00000
  2808      3.35    -17.97  1.00000
  2809      3.35    -17.92  1.00000
  2810      3.35    -17.87  1.00000
  2811      3.35    -17.82  1.00000
  2812      3.35    -17.77  1.00000
  2813      3.35    -17.72  1.00000
  2814      3.35    -17.67  1.00000
  2815      3.35    -17.62  1.00000
  2816      3.35    -17.57  1.00000
  2817      3.35    -17.52  1.00000
  2818      3.35    -17.47  1.00000
  2819      3.35    -17.42  1.00000
  2820      3.35    -17.37  1.00000
  2821      3.35    -17.32  1.00000
  2822      3.35    -17.27  1.00000
  2823      3.35    -17.22  1.00000
  2824      3.35    -17.17  1.00000
  2825      3.35    -17.12  1.00000
  2826      3.35    -17.07  1.00000
  2827      3.35    -17.02  1.00000
  2828      3.35    -16.97  1.00000
  2829      3.35    -16.92  1.00000
  2830      3.35    -16.87  1.00000
  2831      3.35    -16.82  1.00000
  2832      3.35    -16.77  1.00000
  2833      3.35    -16.72  1.00000
  2834      3.35    -16.67  1.00000
  2835      3.35    -16.62  1.00000
  2836      3.35    -16.57  1.00000
  2837      3.35    -16.52  1.00000
  2838      3.35    -16.47  1.00000
  2839      3.35    -16.42  1.00000
  2840      3.35    -16.37  1.00000
  2841      3.35    -16.32  1.00000
  2842      3.35    -16.27  1.00000
  2843      3.35    -16.22  1.00000
  2844      3.35    -16.17  1.00000
  2845      3.35    -16.12  1.00000
  2846      3.35    -16.07  1.00000
  2847      3.35    -16.02  1.00000
  2848      3.35    -15.97  1.00000
  2849      3.35    -15.92  1.00000
  2850      3.35    -15.87  1.00000
  2851      3.35    -15.82  1.00000
  2852      3.35    -15.77  1.00000
  2853      3.35    -15.72  1.00000
  2854      3.35    -15.67  1.00000
  2855      3.35    -15.62  1.00000
  2856      3.35    -15.57  1.00000
  2857      3.35    -15.52  1.00000
  2858      3.35    -15.47  1.00000
  2859      3.35    -15.42  1.00000
  2860      3.35    -15.37  1.00000
  2861      3.40    -22.47  1.00000
  2862      3.40    -22.42  1.00000
  2863      3.40    -22.37  1.00000
  2864      3.40    -22.32  1.00000
  2865      3.40    -22.27  1.00000
  2866      3.40    -22.22  1.00000
  2867      3.40    -22.17  1.00000
  2868      3.40    -22.12  1.00000
  2869      3.40    -22.07  1.00000
  2870      3.40    -22.02  1.00000
  2871      3.40    -21.97  1.00000
  2872      3.40    -21.92  1.00000
  2873      3.40    -21.87  1.00000
  2874      3.40    -21.82  1.00000
  2875      3.40    -21.77  1.00000
  2876      3.40    -21.72  1.00000
  2877      3.40    -21.67  1.00000
  2878      3.40    -21.62  1.00000
  2879      3.40    -21.57  1.00000
  2880      3.40    -21.52  1.00000
  2881      3.40    -21.47  1.00000
  2882      3.40    -21.42  1.00000
  2883      3.40    -21.37  1.00000
  2884      3.40    -21.32  1.00000
  2885      3.40    -21.27  1.00000
  2886      3.40    -21.22  1.00000
  2887      3.40    -21.17  1.00000
  2888      3.40    -21.12  1.00000
  2889      3.40    -21.07  1.00000
  2890      3.40    -21.02  1.00000
  2891      3.40    -20.97  1.00000
  2892      3.40    -20.92  1.00000
  2893      3.40    -20.87  1.00000
  2894      3.40    -20.82  1.00000
  2895      3.40    -20.77  1.00000
  2896      3.40    -20.72  1.00000
  2897      3.40    -20.67  1.00000
  2898      3.40    -20.62  1.00000
  2899      3.40    -20.57  1.00000
  2900      3.40    -20.52  1.00000
  2901      3.40    -20.47  1.00000
  2902      3.40    -20.42  1.00000
  2903      3.40    -20.37  1.00000
  2904      3.40    -20.32  1.00000
  2905      3.40    -20.27  1.00000
  2906      3.40    -20.22  1.00000
  2907      3.40    -20.17  1.00000
  2908      3.40    -20.12  1.00000
  2909      3.40    -20.07  1.00000
  2910      3.40    -20.02  1.00000
  2911      3.40    -19.97  1.00000
  2912      3.40    -19.92  1.00000
  2913      3.40    -19.87  1.00000
  2914      3.40    -19.82  1.00000
  2915      3.40    -19.77  1.00000
  2916      3.40    -19.72  1.00000
  2917      3.40    -19.67  1.00000
  2918      3.40    -19.62  1.00000
  2919      3.40    -19.57  1.00000
  2920      3.40    -19.52  1.00000
  2921      3.40    -19.47  1.00000
  2922      3.40    -19.42  1.00000
  2923      3.40    -19.37  1.00000
  2924      3.40    -19.32  1.00000
  2925      3.40    -19.27  1.00000
  2926      3.40    -19.22  1.00000
  2927      3.40    -19.17  1.00000
  2928      3.40    -19.12  1.00000
  2929      3.40    -19.07  1.00000
  2930      3.40    -19.02  1.00000
  2931      3.40    -18.97  1.00000
  2932      3.40    -18.92  1.00000
  2933      3.40    -18.87  1.00000
  2934      3.40    -18.82  1.00000
  2935      3.40    -18.77  1.00000
  2936      3.40    -18.72  1.00000
  2937      3.40    -18.67  1.00000
  2938      3.40    -18.62  1.00000
  2939      3.40    -18.57  1.00000
  2940      3.40    -18.52  1.00000
  2941      3.40    -18.47  1.00000
  2942      3.40    -18.42  1.00000
  2943      3.40    -18.37  1.00000
  2944      3.40    -18.32  1.00000
  2945      3.40    -18.27  1.00000
  2946      3.40    -18.22  1.00000
  2947      3.40    -18.17  1.00000
  2948      3.40    -18.12  1.00000
  2949      3.40    -18.07  1.00000
  2950      3.40    -18.02  1.00000
  2951      3.40    -17.97  1.00000
  2952      3.40    -17.92  1.00000
  2953      3.40    -17.87  1.00000
  2954      3.40    -17.82  1.00000
  2955      3.40    -17.77  1.00000
  2956      3.40    -17.72  1.00000
  2957      3.40    -17.67  1.00000
  2958      3.40    -17.62  1.00000
  2959      3.40    -17.57  1.00000
  2960      3.40    -17.52  1.00000
  2961      3.40    -17.47  1.00000
  2962      3.40    -17.42  1.00000
  2963      3.40    -17.37  1.00000
  2964      3.40    -17.32  1.00000
  2965      3.40    -17.27  1.00000
  2966      3.40    -17.22  1.00000
  2967      3.40    -17.17  1.00000
  2968      3.40    -17.12  1.00000
  2969      3.40    -17.07  1.00000
  2970      3.40    -17.02  1.00000
  2971      3.40    -16.97  1.00000
  2972      3.40    -16.92  1.00000
  2973      3.40    -16.87  1.00000
  2974      3.40    -16.82  1.00000
  2975      3.40    -16.77  1.00000
  2976      3.40    -16.72  1.00000
  2977      3.40    -16.67  1.00000
  2978      3.40    -16.62  1.00000
  2979      3.40    -16.57  1.00000
  2980      3.40    -16.52  1.00000
  2981      3.40    -16.47  1.00000
  2982      3.40    -16.42  1.00000
  2983      3.40    -16.37  1.00000
  2984      3.40    -16.32  1.00000
  2985      3.40    -16.27  1.00000
  2986      3.40    -16.22  1.00000
  2987      3.40    -16.17  1.00000
  2988      3.40    -16.12  1.00000
  2989      3.40    -16.07  1.00000
  2990      3.40    -16.02  1.00000
  2991      3.40    -15.97  1.00000
  2992      3.40    -15.92  1.00000
  2993      3.40    -15.87  1.00000
  2994      3.40    -15.82  1.00000
  2995      3.40    -15.77  1.00000
  2996      3.40    -15.72  1.00000
  2997      3.40    -15.67  1.00000
  2998      3.40    -15.62  1.00000
  2999      3.40    -15.57  1.00000
  3000      3.40    -15.52  1.00000
  3001      3.40    -15.47  1.00000
  3002      3.40    -15.42  1.00000
  3003      3.40    -15.37  1.00000
  3004      3.45    -22.47  1.00000
  3005      3.45    -22.42  1.00000
  3006      3.45    -22.37  1.00000
  3007      3.45    -22.32  1.00000
  3008      3.45    -22.27  1.00000
  3009      3.45    -22.22  1.00000
  3010      3.45    -22.17  1.00000
  3011      3.45    -22.12  1.00000
  3012      3.45    -22.07  1.00000
  3013      3.45    -22.02  1.00000
  3014      3.45    -21.97  1.00000
  3015      3.45    -21.92  1.00000
  3016      3.45    -21.87  1.00000
  3017      3.45    -21.82  1.00000
  3018      3.45    -21.77  1.00000
  3019      3.45    -21.72  1.00000
  3020      3.45    -21.67  1.00000
  3021      3.45    -21.62  1.00000
  3022      3.45    -21.57  1.00000
  3023      3.45    -21.52  1.00000
  3024      3.45    -21.47  1.00000
  3025      3.45    -21.42  1.00000
  3026      3.45    -21.37  1.00000
  3027      3.45    -21.32  1.00000
  3028      3.45    -21.27  1.00000
  3029      3.45    -21.22  1.00000
  3030      3.45    -21.17  1.00000
  3031      3.45    -21.12  1.00000
  3032      3.45    -21.07  1.00000
  3033      3.45    -21.02  1.00000
  3034      3.45    -20.97  1.00000
  3035      3.45    -20.92  1.00000
  3036      3.45    -20.87  1.00000
  3037      3.45    -20.82  1.00000
  3038      3.45    -20.77  1.00000
  3039      3.45    -20.72  1.00000
  3040      3.45    -20.67  1.00000
  3041      3.45    -20.62  1.00000
  3042      3.45    -20.57  1.00000
  3043      3.45    -20.52  1.00000
  3044      3.45    -20.47  1.00000
  3045      3.45    -20.42  1.00000
  3046      3.45    -20.37  1.00000
  3047      3.45    -20.32  1.00000
  3048      3.45    -20.27  1.00000
  3049      3.45    -20.22  1.00000
  3050      3.45    -20.17  1.00000
  3051      3.45    -20.12  1.00000
  3052      3.45    -20.07  1.00000
  3053      3.45    -20.02  1.00000
  3054      3.45    -19.97  1.00000
  3055      3.45    -19.92  1.00000
  3056      3.45    -19.87  1.00000
  3057      3.45    -19.82  1.00000
  3058      3.45    -19.77  1.00000
  3059      3.45    -19.72  1.00000
  3060      3.45    -19.67  1.00000
  3061      3.45    -19.62  1.00000
  3062      3.45    -19.57  1.00000
  3063      3.45    -19.52  1.00000
  3064      3.45    -19.47  1.00000
  3065      3.45    -19.42  1.00000
  3066      3.45    -19.37  1.00000
  3067      3.45    -19.32  1.00000
  3068      3.45    -19.27  1.00000
  3069      3.45    -19.22  1.00000
  3070      3.45    -19.17  1.00000
  3071      3.45    -19.12  1.00000
  3072      3.45    -19.07  1.00000
  3073      3.45    -19.02  1.00000
  3074      3.45    -18.97  1.00000
  3075      3.45    -18.92  1.00000
  3076      3.45    -18.87  1.00000
  3077      3.45    -18.82  1.00000
  3078      3.45    -18.77  1.00000
  3079      3.45    -18.72  1.00000
  3080      3.45    -18.67  1.00000
  3081      3.45    -18.62  1.00000
  3082      3.45    -18.57  1.00000
  3083      3.45    -18.52  1.00000
  3084      3.45    -18.47  1.00000
  3085      3.45    -18.42  1.00000
  3086      3.45    -18.37  1.00000
  3087      3.45    -18.32  1.00000
  3088      3.45    -18.27  1.00000
  3089      3.45    -18.22  1.00000
  3090      3.45    -18.17  1.00000
  3091      3.45    -18.12  1.00000
  3092      3.45    -18.07  1.00000
  3093      3.45    -18.02  1.00000
  3094      3.45    -17.97  1.00000
  3095      3.45    -17.92  1.00000
  3096      3.45    -17.87  1.00000
  3097      3.45    -17.82  1.00000
  3098      3.45    -17.77  1.00000
  3099      3.45    -17.72  1.00000
  3100      3.45    -17.67  1.00000
  3101      3.45    -17.62  1.00000
  3102      3.45    -17.57  1.00000
  3103      3.45    -17.52  1.00000
  3104      3.45    -17.47  1.00000
  3105      3.45    -17.42  1.00000
  3106      3.45    -17.37  1.00000
  3107      3.45    -17.32  1.00000
  3108      3.45    -17.27  1.00000
  3109      3.45    -17.22  1.00000
  3110      3.45    -17.17  1.00000
  3111      3.45    -17.12  1.00000
  3112      3.45    -17.07  1.00000
  3113      3.45    -17.02  1.00000
  3114      3.45    -16.97  1.00000
  3115      3.45    -16.92  1.00000
  3116      3.45    -16.87  1.00000
  3117      3.45    -16.82  1.00000
  3118      3.45    -16.77  1.00000
  3119      3.45    -16.72  1.00000
  3120      3.45    -16.67  1.00000
  3121      3.45    -16.62  1.00000
  3122      3.45    -16.57  1.00000
  3123      3.45    -16.52  1.00000
  3124      3.45    -16.47  1.00000
  3125      3.45    -16.42  1.00000
  3126      3.45    -16.37  1.00000
  3127      3.45    -16.32  1.00000
  3128      3.45    -16.27  1.00000
  3129      3.45    -16.22  1.00000
  3130      3.45    -16.17  1.00000
  3131      3.45    -16.12  1.00000
  3132      3.45    -16.07  1.00000
  3133      3.45    -16.02  1.00000
  3134      3.45    -15.97  1.00000
  3135      3.45    -15.92  1.00000
  3136      3.45    -15.87  1.00000
  3137      3.45    -15.82  1.00000
  3138      3.45    -15.77  1.00000
  3139      3.45    -15.72  1.00000
  3140      3.45    -15.67  1.00000
  3141      3.45    -15.62  1.00000
  3142      3.45    -15.57  1.00000
  3143      3.45    -15.52  1.00000
  3144      3.45    -15.47  1.00000
  3145      3.45    -15.42  1.00000
  3146      3.45    -15.37  1.00000
  3147      3.50    -22.47  1.00000
  3148      3.50    -22.42  1.00000
  3149      3.50    -22.37  1.00000
  3150      3.50    -22.32  1.00000
  3151      3.50    -22.27  1.00000
  3152      3.50    -22.22  1.00000
  3153      3.50    -22.17  1.00000
  3154      3.50    -22.12  1.00000
  3155      3.50    -22.07  1.00000
  3156      3.50    -22.02  1.00000
  3157      3.50    -21.97  1.00000
  3158      3.50    -21.92  1.00000
  3159      3.50    -21.87  1.00000
  3160      3.50    -21.82  1.00000
  3161      3.50    -21.77  1.00000
  3162      3.50    -21.72  1.00000
  3163      3.50    -21.67  1.00000
  3164      3.50    -21.62  1.00000
  3165      3.50    -21.57  1.00000
  3166      3.50    -21.52  1.00000
  3167      3.50    -21.47  1.00000
  3168      3.50    -21.42  1.00000
  3169      3.50    -21.37  1.00000
  3170      3.50    -21.32  1.00000
  3171      3.50    -21.27  1.00000
  3172      3.50    -21.22  1.00000
  3173      3.50    -21.17  1.00000
  3174      3.50    -21.12  1.00000
  3175      3.50    -21.07  1.00000
  3176      3.50    -21.02  1.00000
  3177      3.50    -20.97  1.00000
  3178      3.50    -20.92  1.00000
  3179      3.50    -20.87  1.00000
  3180      3.50    -20.82  1.00000
  3181      3.50    -20.77  1.00000
  3182      3.50    -20.72  1.00000
  3183      3.50    -20.67  1.00000
  3184      3.50    -20.62  1.00000
  3185      3.50    -20.57  1.00000
  3186      3.50    -20.52  1.00000
  3187      3.50    -20.47  1.00000
  3188      3.50    -20.42  1.00000
  3189      3.50    -20.37  1.00000
  3190      3.50    -20.32  1.00000
  3191      3.50    -20.27  1.00000
  3192      3.50    -20.22  1.00000
  3193      3.50    -20.17  1.00000
  3194      3.50    -20.12  1.00000
  3195      3.50    -20.07  1.00000
  3196      3.50    -20.02  1.00000
  3197      3.50    -19.97  1.00000
  3198      3.50    -19.92  1.00000
  3199      3.50    -19.87  1.00000
  3200      3.50    -19.82  1.00000
  3201      3.50    -19.77  1.00000
  3202      3.50    -19.72  1.00000
  3203      3.50    -19.67  1.00000
  3204      3.50    -19.62  1.00000
  3205      3.50    -19.57  1.00000
  3206      3.50    -19.52  1.00000
  3207      3.50    -19.47  1.00000
  3208      3.50    -19.42  1.00000
  3209      3.50    -19.37  1.00000
  3210      3.50    -19.32  1.00000
  3211      3.50    -19.27  1.00000
  3212      3.50    -19.22  1.00000
  3213      3.50    -19.17  1.00000
  3214      3.50    -19.12  1.00000
  3215      3.50    -19.07  1.00000
  3216      3.50    -19.02  1.00000
  3217      3.50    -18.97  1.00000
  3218      3.50    -18.92  1.00000
  3219      3.50    -18.87  1.00000
  3220      3.50    -18.82  1.00000
  3221      3.50    -18.77  1.00000
  3222      3.50    -18.72  1.00000
  3223      3.50    -18.67  1.00000
  3224      3.50    -18.62  1.00000
  3225      3.50    -18.57  1.00000
  3226      3.50    -18.52  1.00000
  3227      3.50    -18.47  1.00000
  3228      3.50    -18.42  1.00000
  3229      3.50    -18.37  1.00000
  3230      3.50    -18.32  1.00000
  3231      3.50    -18.27  1.00000
  3232      3.50    -18.22  1.00000
  3233      3.50    -18.17  1.00000
  3234      3.50    -18.12  1.00000
  3235      3.50    -18.07  1.00000
  3236      3.50    -18.02  1.00000
  3237      3.50    -17.97  1.00000
  3238      3.50    -17.92  1.00000
  3239      3.50    -17.87  1.00000
  3240      3.50    -17.82  1.00000
  3241      3.50    -17.77  1.00000
  3242      3.50    -17.72  1.00000
  3243      3.50    -17.67  1.00000
  3244      3.50    -17.62  1.00000
  3245      3.50    -17.57  1.00000
  3246      3.50    -17.52  1.00000
  3247      3.50    -17.47  1.00000
  3248      3.50    -17.42  1.00000
  3249      3.50    -17.37  1.00000
  3250      3.50    -17.32  1.00000
  3251      3.50    -17.27  1.00000
  3252      3.50    -17.22  1.00000
  3253      3.50    -17.17  1.00000
  3254      3.50    -17.12  1.00000
  3255      3.50    -17.07  1.00000
  3256      3.50    -17.02  1.00000
  3257      3.50    -16.97  1.00000
  3258      3.50    -16.92  1.00000
  3259      3.50    -16.87  1.00000
  3260      3.50    -16.82  1.00000
  3261      3.50    -16.77  1.00000
  3262      3.50    -16.72  1.00000
  3263      3.50    -16.67  1.00000
  3264      3.50    -16.62  1.00000
  3265      3.50    -16.57  1.00000
  3266      3.50    -16.52  1.00000
  3267      3.50    -16.47  1.00000
  3268      3.50    -16.42  1.00000
  3269      3.50    -16.37  1.00000
  3270      3.50    -16.32  1.00000
  3271      3.50    -16.27  1.00000
  3272      3.50    -16.22  1.00000
  3273      3.50    -16.17  1.00000
  3274      3.50    -16.12  1.00000
  3275      3.50    -16.07  1.00000
  3276      3.50    -16.02  1.00000
  3277      3.50    -15.97  1.00000
  3278      3.50    -15.92  1.00000
  3279      3.50    -15.87  1.00000
  3280      3.50    -15.82  1.00000
  3281      3.50    -15.77  1.00000
  3282      3.50    -15.72  1.00000
  3283      3.50    -15.67  1.00000
  3284      3.50    -15.62  1.00000
  3285      3.50    -15.57  1.00000
  3286      3.50    -15.52  1.00000
  3287      3.50    -15.47  1.00000
  3288      3.50    -15.42  1.00000
  3289      3.50    -15.37  1.00000
  3290      3.55    -22.47  1.00000
  3291      3.55    -22.42  1.00000
  3292      3.55    -22.37  1.00000
  3293      3.55    -22.32  1.00000
  3294      3.55    -22.27  1.00000
  3295      3.55    -22.22  1.00000
  3296      3.55    -22.17  1.00000
  3297      3.55    -22.12  1.00000
  3298      3.55    -22.07  1.00000
  3299      3.55    -22.02  1.00000
  3300      3.55    -21.97  1.00000
  3301      3.55    -21.92  1.00000
  3302      3.55    -21.87  1.00000
  3303      3.55    -21.82  1.00000
  3304      3.55    -21.77  1.00000
  3305      3.55    -21.72  1.00000
  3306      3.55    -21.67  1.00000
  3307      3.55    -21.62  1.00000
  3308      3.55    -21.57  1.00000
  3309      3.55    -21.52  1.00000
  3310      3.55    -21.47  1.00000
  3311      3.55    -21.42  1.00000
  3312      3.55    -21.37  1.00000
  3313      3.55    -21.32  1.00000
  3314      3.55    -21.27  1.00000
  3315      3.55    -21.22  1.00000
  3316      3.55    -21.17  1.00000
  3317      3.55    -21.12  1.00000
  3318      3.55    -21.07  1.00000
  3319      3.55    -21.02  1.00000
  3320      3.55    -20.97  1.00000
  3321      3.55    -20.92  1.00000
  3322      3.55    -20.87  1.00000
  3323      3.55    -20.82  1.00000
  3324      3.55    -20.77  1.00000
  3325      3.55    -20.72  1.00000
  3326      3.55    -20.67  1.00000
  3327      3.55    -20.62  1.00000
  3328      3.55    -20.57  1.00000
  3329      3.55    -20.52  1.00000
  3330      3.55    -20.47  1.00000
  3331      3.55    -20.42  1.00000
  3332      3.55    -20.37  1.00000
  3333      3.55    -20.32  1.00000
  3334      3.55    -20.27  1.00000
  3335      3.55    -20.22  1.00000
  3336      3.55    -20.17  1.00000
  3337      3.55    -20.12  1.00000
  3338      3.55    -20.07  1.00000
  3339      3.55    -20.02  1.00000
  3340      3.55    -19.97  1.00000
  3341      3.55    -19.92  1.00000
  3342      3.55    -19.87  1.00000
  3343      3.55    -19.82  1.00000
  3344      3.55    -19.77  1.00000
  3345      3.55    -19.72  1.00000
  3346      3.55    -19.67  1.00000
  3347      3.55    -19.62  1.00000
  3348      3.55    -19.57  1.00000
  3349      3.55    -19.52  1.00000
  3350      3.55    -19.47  1.00000
  3351      3.55    -19.42  1.00000
  3352      3.55    -19.37  1.00000
  3353      3.55    -19.32  1.00000
  3354      3.55    -19.27  1.00000
  3355      3.55    -19.22  1.00000
  3356      3.55    -19.17  1.00000
  3357      3.55    -19.12  1.00000
  3358      3.55    -19.07  1.00000
  3359      3.55    -19.02  1.00000
  3360      3.55    -18.97  1.00000
  3361      3.55    -18.92  1.00000
  3362      3.55    -18.87  1.00000
  3363      3.55    -18.82  1.00000
  3364      3.55    -18.77  1.00000
  3365      3.55    -18.72  1.00000
  3366      3.55    -18.67  1.00000
  3367      3.55    -18.62  1.00000
  3368      3.55    -18.57  1.00000
  3369      3.55    -18.52  1.00000
  3370      3.55    -18.47  1.00000
  3371      3.55    -18.42  1.00000
  3372      3.55    -18.37  1.00000
  3373      3.55    -18.32  1.00000
  3374      3.55    -18.27  1.00000
  3375      3.55    -18.22  1.00000
  3376      3.55    -18.17  1.00000
  3377      3.55    -18.12  1.00000
  3378      3.55    -18.07  1.00000
  3379      3.55    -18.02  1.00000
  3380      3.55    -17.97  1.00000
  3381      3.55    -17.92  1.00000
  3382      3.55    -17.87  1.00000
  3383      3.55    -17.82  1.00000
  3384      3.55    -17.77  1.00000
  3385      3.55    -17.72  1.00000
  3386      3.55    -17.67  1.00000
  3387      3.55    -17.62  1.00000
  3388      3.55    -17.57  1.00000
  3389      3.55    -17.52  1.00000
  3390      3.55    -17.47  1.00000
  3391      3.55    -17.42  1.00000
  3392      3.55    -17.37  1.00000
  3393      3.55    -17.32  1.00000
  3394      3.55    -17.27  1.00000
  3395      3.55    -17.22  1.00000
  3396      3.55    -17.17  1.00000
  3397      3.55    -17.12  1.00000
  3398      3.55    -17.07  1.00000
  3399      3.55    -17.02  1.00000
  3400      3.55    -16.97  1.00000
  3401      3.55    -16.92  1.00000
  3402      3.55    -16.87  1.00000
  3403      3.55    -16.82  1.00000
  3404      3.55    -16.77  1.00000
  3405      3.55    -16.72  1.00000
  3406      3.55    -16.67  1.00000
  3407      3.55    -16.62  1.00000
  3408      3.55    -16.57  1.00000
  3409      3.55    -16.52  1.00000
  3410      3.55    -16.47  1.00000
  3411      3.55    -16.42  1.00000
  3412      3.55    -16.37  1.00000
  3413      3.55    -16.32  1.00000
  3414      3.55    -16.27  1.00000
  3415      3.55    -16.22  1.00000
  3416      3.55    -16.17  1.00000
  3417      3.55    -16.12  1.00000
  3418      3.55    -16.07  1.00000
  3419      3.55    -16.02  1.00000
  3420      3.55    -15.97  1.00000
  3421      3.55    -15.92  1.00000
  3422      3.55    -15.87  1.00000
  3423      3.55    -15.82  1.00000
  3424      3.55    -15.77  1.00000
  3425      3.55    -15.72  1.00000
  3426      3.55    -15.67  1.00000
  3427      3.55    -15.62  1.00000
  3428      3.55    -15.57  1.00000
  3429      3.55    -15.52  1.00000
  3430      3.55    -15.47  1.00000
  3431      3.55    -15.42  1.00000
  3432      3.55    -15.37  1.00000
  3433      3.60    -22.47  1.00000
  3434      3.60    -22.42  1.00000
  3435      3.60    -22.37  1.00000
  3436      3.60    -22.32  1.00000
  3437      3.60    -22.27  1.00000
  3438      3.60    -22.22  1.00000
  3439      3.60    -22.17  1.00000
  3440      3.60    -22.12  1.00000
  3441      3.60    -22.07  1.00000
  3442      3.60    -22.02  1.00000
  3443      3.60    -21.97  1.00000
  3444      3.60    -21.92  1.00000
  3445      3.60    -21.87  1.00000
  3446      3.60    -21.82  1.00000
  3447      3.60    -21.77  1.00000
  3448      3.60    -21.72  1.00000
  3449      3.60    -21.67  1.00000
  3450      3.60    -21.62  1.00000
  3451      3.60    -21.57  1.00000
  3452      3.60    -21.52  1.00000
  3453      3.60    -21.47  1.00000
  3454      3.60    -21.42  1.00000
  3455      3.60    -21.37  1.00000
  3456      3.60    -21.32  1.00000
  3457      3.60    -21.27  1.00000
  3458      3.60    -21.22  1.00000
  3459      3.60    -21.17  1.00000
  3460      3.60    -21.12  1.00000
  3461      3.60    -21.07  1.00000
  3462      3.60    -21.02  1.00000
  3463      3.60    -20.97  1.00000
  3464      3.60    -20.92  1.00000
  3465      3.60    -20.87  1.00000
  3466      3.60    -20.82  1.00000
  3467      3.60    -20.77  1.00000
  3468      3.60    -20.72  1.00000
  3469      3.60    -20.67  1.00000
  3470      3.60    -20.62  1.00000
  3471      3.60    -20.57  1.00000
  3472      3.60    -20.52  1.00000
  3473      3.60    -20.47  1.00000
  3474      3.60    -20.42  1.00000
  3475      3.60    -20.37  1.00000
  3476      3.60    -20.32  1.00000
  3477      3.60    -20.27  1.00000
  3478      3.60    -20.22  1.00000
  3479      3.60    -20.17  1.00000
  3480      3.60    -20.12  1.00000
  3481      3.60    -20.07  1.00000
  3482      3.60    -20.02  1.00000
  3483      3.60    -19.97  1.00000
  3484      3.60    -19.92  1.00000
  3485      3.60    -19.87  1.00000
  3486      3.60    -19.82  1.00000
  3487      3.60    -19.77  1.00000
  3488      3.60    -19.72  1.00000
  3489      3.60    -19.67  1.00000
  3490      3.60    -19.62  1.00000
  3491      3.60    -19.57  1.00000
  3492      3.60    -19.52  1.00000
  3493      3.60    -19.47  1.00000
  3494      3.60    -19.42  1.00000
  3495      3.60    -19.37  1.00000
  3496      3.60    -19.32  1.00000
  3497      3.60    -19.27  1.00000
  3498      3.60    -19.22  1.00000
  3499      3.60    -19.17  1.00000
  3500      3.60    -19.12  1.00000
  3501      3.60    -19.07  1.00000
  3502      3.60    -19.02  1.00000
  3503      3.60    -18.97  1.00000
  3504      3.60    -18.92  1.00000
  3505      3.60    -18.87  1.00000
  3506      3.60    -18.82  1.00000
  3507      3.60    -18.77  1.00000
  3508      3.60    -18.72  1.00000
  3509      3.60    -18.67  1.00000
  3510      3.60    -18.62  1.00000
  3511      3.60    -18.57  1.00000
  3512      3.60    -18.52  1.00000
  3513      3.60    -18.47  1.00000
  3514      3.60    -18.42  1.00000
  3515      3.60    -18.37  1.00000
  3516      3.60    -18.32  1.00000
  3517      3.60    -18.27  1.00000
  3518      3.60    -18.22  1.00000
  3519      3.60    -18.17  1.00000
  3520      3.60    -18.12  1.00000
  3521      3.60    -18.07  1.00000
  3522      3.60    -18.02  1.00000
  3523      3.60    -17.97  1.00000
  3524      3.60    -17.92  1.00000
  3525      3.60    -17.87  1.00000
  3526      3.60    -17.82  1.00000
  3527      3.60    -17.77  1.00000
  3528      3.60    -17.72  1.00000
  3529      3.60    -17.67  1.00000
  3530      3.60    -17.62  1.00000
  3531      3.60    -17.57  1.00000
  3532      3.60    -17.52  1.00000
  3533      3.60    -17.47  1.00000
  3534      3.60    -17.42  1.00000
  3535      3.60    -17.37  1.00000
  3536      3.60    -17.32  1.00000
  3537      3.60    -17.27  1.00000
  3538      3.60    -17.22  1.00000
  3539      3.60    -17.17  1.00000
  3540      3.60    -17.12  1.00000
  3541      3.60    -17.07  1.00000
  3542      3.60    -17.02  1.00000
  3543      3.60    -16.97  1.00000
  3544      3.60    -16.92  1.00000
  3545      3.60    -16.87  1.00000
  3546      3.60    -16.82  1.00000
  3547      3.60    -16.77  1.00000
  3548      3.60    -16.72  1.00000
  3549      3.60    -16.67  1.00000
  3550      3.60    -16.62  1.00000
  3551      3.60    -16.57  1.00000
  3552      3.60    -16.52  1.00000
  3553      3.60    -16.47  1.00000
  3554      3.60    -16.42  1.00000
  3555      3.60    -16.37  1.00000
  3556      3.60    -16.32  1.00000
  3557      3.60    -16.27  1.00000
  3558      3.60    -16.22  1.00000
  3559      3.60    -16.17  1.00000
  3560      3.60    -16.12  1.00000
  3561      3.60    -16.07  1.00000
  3562      3.60    -16.02  1.00000
  3563      3.60    -15.97  1.00000
  3564      3.60    -15.92  1.00000
  3565      3.60    -15.87  1.00000
  3566      3.60    -15.82  1.00000
  3567      3.60    -15.77  1.00000
  3568      3.60    -15.72  1.00000
  3569      3.60    -15.67  1.00000
  3570      3.60    -15.62  1.00000
  3571      3.60    -15.57  1.00000
  3572      3.60    -15.52  1.00000
  3573      3.60    -15.47  1.00000
  3574      3.60    -15.42  1.00000
  3575      3.60    -15.37  1.00000
  3576      3.65    -22.47  1.00000
  3577      3.65    -22.42  1.00000
  3578      3.65    -22.37  1.00000
  3579      3.65    -22.32  1.00000
  3580      3.65    -22.27  1.00000
  3581      3.65    -22.22  1.00000
  3582      3.65    -22.17  1.00000
  3583      3.65    -22.12  1.00000
  3584      3.65    -22.07  1.00000
  3585      3.65    -22.02  1.00000
  3586      3.65    -21.97  1.00000
  3587      3.65    -21.92  1.00000
  3588      3.65    -21.87  1.00000
  3589      3.65    -21.82  1.00000
  3590      3.65    -21.77  1.00000
  3591      3.65    -21.72  1.00000
  3592      3.65    -21.67  1.00000
  3593      3.65    -21.62  1.00000
  3594      3.65    -21.57  1.00000
  3595      3.65    -21.52  1.00000
  3596      3.65    -21.47  1.00000
  3597      3.65    -21.42  1.00000
  3598      3.65    -21.37  1.00000
  3599      3.65    -21.32  1.00000
  3600      3.65    -21.27  1.00000
  3601      3.65    -21.22  1.00000
  3602      3.65    -21.17  1.00000
  3603      3.65    -21.12  1.00000
  3604      3.65    -21.07  1.00000
  3605      3.65    -21.02  1.00000
  3606      3.65    -20.97  1.00000
  3607      3.65    -20.92  1.00000
  3608      3.65    -20.87  1.00000
  3609      3.65    -20.82  1.00000
  3610      3.65    -20.77  1.00000
  3611      3.65    -20.72  1.00000
  3612      3.65    -20.67  1.00000
  3613      3.65    -20.62  1.00000
  3614      3.65    -20.57  1.00000
  3615      3.65    -20.52  1.00000
  3616      3.65    -20.47  1.00000
  3617      3.65    -20.42  1.00000
  3618      3.65    -20.37  1.00000
  3619      3.65    -20.32  1.00000
  3620      3.65    -20.27  1.00000
  3621      3.65    -20.22  1.00000
  3622      3.65    -20.17  1.00000
  3623      3.65    -20.12  1.00000
  3624      3.65    -20.07  1.00000
  3625      3.65    -20.02  1.00000
  3626      3.65    -19.97  1.00000
  3627      3.65    -19.92  1.00000
  3628      3.65    -19.87  1.00000
  3629      3.65    -19.82  1.00000
  3630      3.65    -19.77  1.00000
  3631      3.65    -19.72  1.00000
  3632      3.65    -19.67  1.00000
  3633      3.65    -19.62  1.00000
  3634      3.65    -19.57  1.00000
  3635      3.65    -19.52  1.00000
  3636      3.65    -19.47  1.00000
  3637      3.65    -19.42  1.00000
  3638      3.65    -19.37  1.00000
  3639      3.65    -19.32  1.00000
  3640      3.65    -19.27  1.00000
  3641      3.65    -19.22  1.00000
  3642      3.65    -19.17  1.00000
  3643      3.65    -19.12  1.00000
  3644      3.65    -19.07  1.00000
  3645      3.65    -19.02  1.00000
  3646      3.65    -18.97  1.00000
  3647      3.65    -18.92  1.00000
  3648      3.65    -18.87  1.00000
  3649      3.65    -18.82  1.00000
  3650      3.65    -18.77  1.00000
  3651      3.65    -18.72  1.00000
  3652      3.65    -18.67  1.00000
  3653      3.65    -18.62  1.00000
  3654      3.65    -18.57  1.00000
  3655      3.65    -18.52  1.00000
  3656      3.65    -18.47  1.00000
  3657      3.65    -18.42  1.00000
  3658      3.65    -18.37  1.00000
  3659      3.65    -18.32  1.00000
  3660      3.65    -18.27  1.00000
  3661      3.65    -18.22  1.00000
  3662      3.65    -18.17  1.00000
  3663      3.65    -18.12  1.00000
  3664      3.65    -18.07  1.00000
  3665      3.65    -18.02  1.00000
  3666      3.65    -17.97  1.00000
  3667      3.65    -17.92  1.00000
  3668      3.65    -17.87  1.00000
  3669      3.65    -17.82  1.00000
  3670      3.65    -17.77  1.00000
  3671      3.65    -17.72  1.00000
  3672      3.65    -17.67  1.00000
  3673      3.65    -17.62  1.00000
  3674      3.65    -17.57  1.00000
  3675      3.65    -17.52  1.00000
  3676      3.65    -17.47  1.00000
  3677      3.65    -17.42  1.00000
  3678      3.65    -17.37  1.00000
  3679      3.65    -17.32  1.00000
  3680      3.65    -17.27  1.00000
  3681      3.65    -17.22  1.00000
  3682      3.65    -17.17  1.00000
  3683      3.65    -17.12  1.00000
  3684      3.65    -17.07  1.00000
  3685      3.65    -17.02  1.00000
  3686      3.65    -16.97  1.00000
  3687      3.65    -16.92  1.00000
  3688      3.65    -16.87  1.00000
  3689      3.65    -16.82  1.00000
  3690      3.65    -16.77  1.00000
  3691      3.65    -16.72  1.00000
  3692      3.65    -16.67  1.00000
  3693      3.65    -16.62  1.00000
  3694      3.65    -16.57  1.00000
  3695      3.65    -16.52  1.00000
  3696      3.65    -16.47  1.00000
  3697      3.65    -16.42  1.00000
  3698      3.65    -16.37  1.00000
  3699      3.65    -16.32  1.00000
  3700      3.65    -16.27  1.00000
  3701      3.65    -16.22  1.00000
  3702      3.65    -16.17  1.00000
  3703      3.65    -16.12  1.00000
  3704      3.65    -16.07  1.00000
  3705      3.65    -16.02  1.00000
  3706      3.65    -15.97  1.00000
  3707      3.65    -15.92  1.00000
  3708      3.65    -15.87  1.00000
  3709      3.65    -15.82  1.00000
  3710      3.65    -15.77  1.00000
  3711      3.65    -15.72  1.00000
  3712      3.65    -15.67  1.00000
  3713      3.65    -15.62  1.00000
  3714      3.65    -15.57  1.00000
  3715      3.65    -15.52  1.00000
  3716      3.65    -15.47  1.00000
  3717      3.65    -15.42  1.00000
  3718      3.65    -15.37  1.00000
  3719      3.70    -22.47  1.00000
  3720      3.70    -22.42  1.00000
  3721      3.70    -22.37  1.00000
  3722      3.70    -22.32  1.00000
  3723      3.70    -22.27  1.00000
  3724      3.70    -22.22  1.00000
  3725      3.70    -22.17  1.00000
  3726      3.70    -22.12  1.00000
  3727      3.70    -22.07  1.00000
  3728      3.70    -22.02  1.00000
  3729      3.70    -21.97  1.00000
  3730      3.70    -21.92  1.00000
  3731      3.70    -21.87  1.00000
  3732      3.70    -21.82  1.00000
  3733      3.70    -21.77  1.00000
  3734      3.70    -21.72  1.00000
  3735      3.70    -21.67  1.00000
  3736      3.70    -21.62  1.00000
  3737      3.70    -21.57  1.00000
  3738      3.70    -21.52  1.00000
  3739      3.70    -21.47  1.00000
  3740      3.70    -21.42  1.00000
  3741      3.70    -21.37  1.00000
  3742      3.70    -21.32  1.00000
  3743      3.70    -21.27  1.00000
  3744      3.70    -21.22  1.00000
  3745      3.70    -21.17  1.00000
  3746      3.70    -21.12  1.00000
  3747      3.70    -21.07  1.00000
  3748      3.70    -21.02  1.00000
  3749      3.70    -20.97  1.00000
  3750      3.70    -20.92  1.00000
  3751      3.70    -20.87  1.00000
  3752      3.70    -20.82  1.00000
  3753      3.70    -20.77  1.00000
  3754      3.70    -20.72  1.00000
  3755      3.70    -20.67  1.00000
  3756      3.70    -20.62  1.00000
  3757      3.70    -20.57  1.00000
  3758      3.70    -20.52  1.00000
  3759      3.70    -20.47  1.00000
  3760      3.70    -20.42  1.00000
  3761      3.70    -20.37  1.00000
  3762      3.70    -20.32  1.00000
  3763      3.70    -20.27  1.00000
  3764      3.70    -20.22  1.00000
  3765      3.70    -20.17  1.00000
  3766      3.70    -20.12  1.00000
  3767      3.70    -20.07  1.00000
  3768      3.70    -20.02  1.00000
  3769      3.70    -19.97  1.00000
  3770      3.70    -19.92  1.00000
  3771      3.70    -19.87  1.00000
  3772      3.70    -19.82  1.00000
  3773      3.70    -19.77  1.00000
  3774      3.70    -19.72  1.00000
  3775      3.70    -19.67  1.00000
  3776      3.70    -19.62  1.00000
  3777      3.70    -19.57  1.00000
  3778      3.70    -19.52  1.00000
  3779      3.70    -19.47  1.00000
  3780      3.70    -19.42  1.00000
  3781      3.70    -19.37  1.00000
  3782      3.70    -19.32  1.00000
  3783      3.70    -19.27  1.00000
  3784      3.70    -19.22  1.00000
  3785      3.70    -19.17  1.00000
  3786      3.70    -19.12  1.00000
  3787      3.70    -19.07  1.00000
  3788      3.70    -19.02  1.00000
  3789      3.70    -18.97  1.00000
  3790      3.70    -18.92  1.00000
  3791      3.70    -18.87  1.00000
  3792      3.70    -18.82  1.00000
  3793      3.70    -18.77  1.00000
  3794      3.70    -18.72  1.00000
  3795      3.70    -18.67  1.00000
  3796      3.70    -18.62  1.00000
  3797      3.70    -18.57  1.00000
  3798      3.70    -18.52  1.00000
  3799      3.70    -18.47  1.00000
  3800      3.70    -18.42  1.00000
  3801      3.70    -18.37  1.00000
  3802      3.70    -18.32  1.00000
  3803      3.70    -18.27  1.00000
  3804      3.70    -18.22  1.00000
  3805      3.70    -18.17  1.00000
  3806      3.70    -18.12  1.00000
  3807      3.70    -18.07  1.00000
  3808      3.70    -18.02  1.00000
  3809      3.70    -17.97  1.00000
  3810      3.70    -17.92  1.00000
  3811      3.70    -17.87  1.00000
  3812      3.70    -17.82  1.00000
  3813      3.70    -17.77  1.00000
  3814      3.70    -17.72  1.00000
  3815      3.70    -17.67  1.00000
  3816      3.70    -17.62  1.00000
  3817      3.70    -17.57  1.00000
  3818      3.70    -17.52  1.00000
  3819      3.70    -17.47  1.00000
  3820      3.70    -17.42  1.00000
  3821      3.70    -17.37  1.00000
  3822      3.70    -17.32  1.00000
  3823      3.70    -17.27  1.00000
  3824      3.70    -17.22  1.00000
  3825      3.70    -17.17  1.00000
  3826      3.70    -17.12  1.00000
  3827      3.70    -17.07  1.00000
  3828      3.70    -17.02  1.00000
  3829      3.70    -16.97  1.00000
  3830      3.70    -16.92  1.00000
  3831      3.70    -16.87  1.00000
  3832      3.70    -16.82  1.00000
  3833      3.70    -16.77  1.00000
  3834      3.70    -16.72  1.00000
  3835      3.70    -16.67  1.00000
  3836      3.70    -16.62  1.00000
  3837      3.70    -16.57  1.00000
  3838      3.70    -16.52  1.00000
  3839      3.70    -16.47  1.00000
  3840      3.70    -16.42  1.00000
  3841      3.70    -16.37  1.00000
  3842      3.70    -16.32  1.00000
  3843      3.70    -16.27  1.00000
  3844      3.70    -16.22  1.00000
  3845      3.70    -16.17  1.00000
  3846      3.70    -16.12  1.00000
  3847      3.70    -16.07  1.00000
  3848      3.70    -16.02  1.00000
  3849      3.70    -15.97  1.00000
  3850      3.70    -15.92  1.00000
  3851      3.70    -15.87  1.00000
  3852      3.70    -15.82  1.00000
  3853      3.70    -15.77  1.00000
  3854      3.70    -15.72  1.00000
  3855      3.70    -15.67  1.00000
  3856      3.70    -15.62  1.00000
  3857      3.70    -15.57  1.00000
  3858      3.70    -15.52  1.00000
  3859      3.70    -15.47  1.00000
  3860      3.70    -15.42  1.00000
  3861      3.70    -15.37  1.00000
  3862      3.75    -22.47  1.00000
  3863      3.75    -22.42  1.00000
  3864      3.75    -22.37  1.00000
  3865      3.75    -22.32  1.00000
  3866      3.75    -22.27  1.00000
  3867      3.75    -22.22  1.00000
  3868      3.75    -22.17  1.00000
  3869      3.75    -22.12  1.00000
  3870      3.75    -22.07  1.00000
  3871      3.75    -22.02  1.00000
  3872      3.75    -21.97  1.00000
  3873      3.75    -21.92  1.00000
  3874      3.75    -21.87  1.00000
  3875      3.75    -21.82  1.00000
  3876      3.75    -21.77  1.00000
  3877      3.75    -21.72  1.00000
  3878      3.75    -21.67  1.00000
  3879      3.75    -21.62  1.00000
  3880      3.75    -21.57  1.00000
  3881      3.75    -21.52  1.00000
  3882      3.75    -21.47  1.00000
  3883      3.75    -21.42  1.00000
  3884      3.75    -21.37  1.00000
  3885      3.75    -21.32  1.00000
  3886      3.75    -21.27  1.00000
  3887      3.75    -21.22  1.00000
  3888      3.75    -21.17  1.00000
  3889      3.75    -21.12  1.00000
  3890      3.75    -21.07  1.00000
  3891      3.75    -21.02  1.00000
  3892      3.75    -20.97  1.00000
  3893      3.75    -20.92  1.00000
  3894      3.75    -20.87  1.00000
  3895      3.75    -20.82  1.00000
  3896      3.75    -20.77  1.00000
  3897      3.75    -20.72  1.00000
  3898      3.75    -20.67  1.00000
  3899      3.75    -20.62  1.00000
  3900      3.75    -20.57  1.00000
  3901      3.75    -20.52  1.00000
  3902      3.75    -20.47  1.00000
  3903      3.75    -20.42  1.00000
  3904      3.75    -20.37  1.00000
  3905      3.75    -20.32  1.00000
  3906      3.75    -20.27  1.00000
  3907      3.75    -20.22  1.00000
  3908      3.75    -20.17  1.00000
  3909      3.75    -20.12  1.00000
  3910      3.75    -20.07  1.00000
  3911      3.75    -20.02  1.00000
  3912      3.75    -19.97  1.00000
  3913      3.75    -19.92  1.00000
  3914      3.75    -19.87  1.00000
  3915      3.75    -19.82  1.00000
  3916      3.75    -19.77  1.00000
  3917      3.75    -19.72  1.00000
  3918      3.75    -19.67  1.00000
  3919      3.75    -19.62  1.00000
  3920      3.75    -19.57  1.00000
  3921      3.75    -19.52  1.00000
  3922      3.75    -19.47  1.00000
  3923      3.75    -19.42  1.00000
  3924      3.75    -19.37  1.00000
  3925      3.75    -19.32  1.00000
  3926      3.75    -19.27  1.00000
  3927      3.75    -19.22  1.00000
  3928      3.75    -19.17  1.00000
  3929      3.75    -19.12  1.00000
  3930      3.75    -19.07  1.00000
  3931      3.75    -19.02  1.00000
  3932      3.75    -18.97  1.00000
  3933      3.75    -18.92  1.00000
  3934      3.75    -18.87  1.00000
  3935      3.75    -18.82  1.00000
  3936      3.75    -18.77  1.00000
  3937      3.75    -18.72  1.00000
  3938      3.75    -18.67  1.00000
  3939      3.75    -18.62  1.00000
  3940      3.75    -18.57  1.00000
  3941      3.75    -18.52  1.00000
  3942      3.75    -18.47  1.00000
  3943      3.75    -18.42  1.00000
  3944      3.75    -18.37  1.00000
  3945      3.75    -18.32  1.00000
  3946      3.75    -18.27  1.00000
  3947      3.75    -18.22  1.00000
  3948      3.75    -18.17  1.00000
  3949      3.75    -18.12  1.00000
  3950      3.75    -18.07  1.00000
  3951      3.75    -18.02  1.00000
  3952      3.75    -17.97  1.00000
  3953      3.75    -17.92  1.00000
  3954      3.75    -17.87  1.00000
  3955      3.75    -17.82  1.00000
  3956      3.75    -17.77  1.00000
  3957      3.75    -17.72  1.00000
  3958      3.75    -17.67  1.00000
  3959      3.75    -17.62  1.00000
  3960      3.75    -17.57  1.00000
  3961      3.75    -17.52  1.00000
  3962      3.75    -17.47  1.00000
  3963      3.75    -17.42  1.00000
  3964      3.75    -17.37  1.00000
  3965      3.75    -17.32  1.00000
  3966      3.75    -17.27  1.00000
  3967      3.75    -17.22  1.00000
  3968      3.75    -17.17  1.00000
  3969      3.75    -17.12  1.00000
  3970      3.75    -17.07  1.00000
  3971      3.75    -17.02  1.00000
  3972      3.75    -16.97  1.00000
  3973      3.75    -16.92  1.00000
  3974      3.75    -16.87  1.00000
  3975      3.75    -16.82  1.00000
  3976      3.75    -16.77  1.00000
  3977      3.75    -16.72  1.00000
  3978      3.75    -16.67  1.00000
  3979      3.75    -16.62  1.00000
  3980      3.75    -16.57  1.00000
  3981      3.75    -16.52  1.00000
  3982      3.75    -16.47  1.00000
  3983      3.75    -16.42  1.00000
  3984      3.75    -16.37  1.00000
  3985      3.75    -16.32  1.00000
  3986      3.75    -16.27  1.00000
  3987      3.75    -16.22  1.00000
  3988      3.75    -16.17  1.00000
  3989      3.75    -16.12  1.00000
  3990      3.75    -16.07  1.00000
  3991      3.75    -16.02  1.00000
  3992      3.75    -15.97  1.00000
  3993      3.75    -15.92  1.00000
  3994      3.75    -15.87  1.00000
  3995      3.75    -15.82  1.00000
  3996      3.75    -15.77  1.00000
  3997      3.75    -15.72  1.00000
  3998      3.75    -15.67  1.00000
  3999      3.75    -15.62  1.00000
  4000      3.75    -15.57  1.00000
  4001      3.75    -15.52  1.00000
  4002      3.75    -15.47  1.00000
  4003      3.75    -15.42  1.00000
  4004      3.75    -15.37  1.00000
  4005      3.80    -22.47  1.00000
  4006      3.80    -22.42  1.00000
  4007      3.80    -22.37  1.00000
  4008      3.80    -22.32  1.00000
  4009      3.80    -22.27  1.00000
  4010      3.80    -22.22  1.00000
  4011      3.80    -22.17  1.00000
  4012      3.80    -22.12  1.00000
  4013      3.80    -22.07  1.00000
  4014      3.80    -22.02  1.00000
  4015      3.80    -21.97  1.00000
  4016      3.80    -21.92  1.00000
  4017      3.80    -21.87  1.00000
  4018      3.80    -21.82  1.00000
  4019      3.80    -21.77  1.00000
  4020      3.80    -21.72  1.00000
  4021      3.80    -21.67  1.00000
  4022      3.80    -21.62  1.00000
  4023      3.80    -21.57  1.00000
  4024      3.80    -21.52  1.00000
  4025      3.80    -21.47  1.00000
  4026      3.80    -21.42  1.00000
  4027      3.80    -21.37  1.00000
  4028      3.80    -21.32  1.00000
  4029      3.80    -21.27  1.00000
  4030      3.80    -21.22  1.00000
  4031      3.80    -21.17  1.00000
  4032      3.80    -21.12  1.00000
  4033      3.80    -21.07  1.00000
  4034      3.80    -21.02  1.00000
  4035      3.80    -20.97  1.00000
  4036      3.80    -20.92  1.00000
  4037      3.80    -20.87  1.00000
  4038      3.80    -20.82  1.00000
  4039      3.80    -20.77  1.00000
  4040      3.80    -20.72  1.00000
  4041      3.80    -20.67  1.00000
  4042      3.80    -20.62  1.00000
  4043      3.80    -20.57  1.00000
  4044      3.80    -20.52  1.00000
  4045      3.80    -20.47  1.00000
  4046      3.80    -20.42  1.00000
  4047      3.80    -20.37  1.00000
  4048      3.80    -20.32  1.00000
  4049      3.80    -20.27  1.00000
  4050      3.80    -20.22  1.00000
  4051      3.80    -20.17  1.00000
  4052      3.80    -20.12  1.00000
  4053      3.80    -20.07  1.00000
  4054      3.80    -20.02  1.00000
  4055      3.80    -19.97  1.00000
  4056      3.80    -19.92  1.00000
  4057      3.80    -19.87  1.00000
  4058      3.80    -19.82  1.00000
  4059      3.80    -19.77  1.00000
  4060      3.80    -19.72  1.00000
  4061      3.80    -19.67  1.00000
  4062      3.80    -19.62  1.00000
  4063      3.80    -19.57  1.00000
  4064      3.80    -19.52  1.00000
  4065      3.80    -19.47  1.00000
  4066      3.80    -19.42  1.00000
  4067      3.80    -19.37  1.00000
  4068      3.80    -19.32  1.00000
  4069      3.80    -19.27  1.00000
  4070      3.80    -19.22  1.00000
  4071      3.80    -19.17  1.00000
  4072      3.80    -19.12  1.00000
  4073      3.80    -19.07  1.00000
  4074      3.80    -19.02  1.00000
  4075      3.80    -18.97  1.00000
  4076      3.80    -18.92  1.00000
  4077      3.80    -18.87  1.00000
  4078      3.80    -18.82  1.00000
  4079      3.80    -18.77  1.00000
  4080      3.80    -18.72  1.00000
  4081      3.80    -18.67  1.00000
  4082      3.80    -18.62  1.00000
  4083      3.80    -18.57  1.00000
  4084      3.80    -18.52  1.00000
  4085      3.80    -18.47  1.00000
  4086      3.80    -18.42  1.00000
  4087      3.80    -18.37  1.00000
  4088      3.80    -18.32  1.00000
  4089      3.80    -18.27  1.00000
  4090      3.80    -18.22  1.00000
  4091      3.80    -18.17  1.00000
  4092      3.80    -18.12  1.00000
  4093      3.80    -18.07  1.00000
  4094      3.80    -18.02  1.00000
  4095      3.80    -17.97  1.00000
  4096      3.80    -17.92  1.00000
  4097      3.80    -17.87  1.00000
  4098      3.80    -17.82  1.00000
  4099      3.80    -17.77  1.00000
  4100      3.80    -17.72  1.00000
  4101      3.80    -17.67  1.00000
  4102      3.80    -17.62  1.00000
  4103      3.80    -17.57  1.00000
  4104      3.80    -17.52  1.00000
  4105      3.80    -17.47  1.00000
  4106      3.80    -17.42  1.00000
  4107      3.80    -17.37  1.00000
  4108      3.80    -17.32  1.00000
  4109      3.80    -17.27  1.00000
  4110      3.80    -17.22  1.00000
  4111      3.80    -17.17  1.00000
  4112      3.80    -17.12  1.00000
  4113      3.80    -17.07  1.00000
  4114      3.80    -17.02  1.00000
  4115      3.80    -16.97  1.00000
  4116      3.80    -16.92  1.00000
  4117      3.80    -16.87  1.00000
  4118      3.80    -16.82  1.00000
  4119      3.80    -16.77  1.00000
  4120      3.80    -16.72  1.00000
  4121      3.80    -16.67  1.00000
  4122      3.80    -16.62  1.00000
  4123      3.80    -16.57  1.00000
  4124      3.80    -16.52  1.00000
  4125      3.80    -16.47  1.00000
  4126      3.80    -16.42  1.00000
  4127      3.80    -16.37  1.00000
  4128      3.80    -16.32  1.00000
  4129      3.80    -16.27  1.00000
  4130      3.80    -16.22  1.00000
  4131      3.80    -16.17  1.00000
  4132      3.80    -16.12  1.00000
  4133      3.80    -16.07  1.00000
  4134      3.80    -16.02  1.00000
  4135      3.80    -15.97  1.00000
  4136      3.80    -15.92  1.00000
  4137      3.80    -15.87  1.00000
  4138      3.80    -15.82  1.00000
  4139      3.80    -15.77  1.00000
  4140      3.80    -15.72  1.00000
  4141      3.80    -15.67  1.00000
  4142      3.80    -15.62  1.00000
  4143      3.80    -15.57  1.00000
  4144      3.80    -15.52  1.00000
  4145      3.80    -15.47  1.00000
  4146      3.80    -15.42  1.00000
  4147      3.80    -15.37  1.00000
  4148      3.85    -22.47  1.00000
  4149      3.85    -22.42  1.00000
  4150      3.85    -22.37  1.00000
  4151      3.85    -22.32  1.00000
  4152      3.85    -22.27  1.00000
  4153      3.85    -22.22  1.00000
  4154      3.85    -22.17  1.00000
  4155      3.85    -22.12  1.00000
  4156      3.85    -22.07  1.00000
  4157      3.85    -22.02  1.00000
  4158      3.85    -21.97  1.00000
  4159      3.85    -21.92  1.00000
  4160      3.85    -21.87  1.00000
  4161      3.85    -21.82  1.00000
  4162      3.85    -21.77  1.00000
  4163      3.85    -21.72  1.00000
  4164      3.85    -21.67  1.00000
  4165      3.85    -21.62  1.00000
  4166      3.85    -21.57  1.00000
  4167      3.85    -21.52  1.00000
  4168      3.85    -21.47  1.00000
  4169      3.85    -21.42  1.00000
  4170      3.85    -21.37  1.00000
  4171      3.85    -21.32  1.00000
  4172      3.85    -21.27  1.00000
  4173      3.85    -21.22  1.00000
  4174      3.85    -21.17  1.00000
  4175      3.85    -21.12  1.00000
  4176      3.85    -21.07  1.00000
  4177      3.85    -21.02  1.00000
  4178      3.85    -20.97  1.00000
  4179      3.85    -20.92  1.00000
  4180      3.85    -20.87  1.00000
  4181      3.85    -20.82  1.00000
  4182      3.85    -20.77  1.00000
  4183      3.85    -20.72  1.00000
  4184      3.85    -20.67  1.00000
  4185      3.85    -20.62  1.00000
  4186      3.85    -20.57  1.00000
  4187      3.85    -20.52  1.00000
  4188      3.85    -20.47  1.00000
  4189      3.85    -20.42  1.00000
  4190      3.85    -20.37  1.00000
  4191      3.85    -20.32  1.00000
  4192      3.85    -20.27  1.00000
  4193      3.85    -20.22  1.00000
  4194      3.85    -20.17  1.00000
  4195      3.85    -20.12  1.00000
  4196      3.85    -20.07  1.00000
  4197      3.85    -20.02  1.00000
  4198      3.85    -19.97  1.00000
  4199      3.85    -19.92  1.00000
  4200      3.85    -19.87  1.00000
  4201      3.85    -19.82  1.00000
  4202      3.85    -19.77  1.00000
  4203      3.85    -19.72  1.00000
  4204      3.85    -19.67  1.00000
  4205      3.85    -19.62  1.00000
  4206      3.85    -19.57  1.00000
  4207      3.85    -19.52  1.00000
  4208      3.85    -19.47  1.00000
  4209      3.85    -19.42  1.00000
  4210      3.85    -19.37  1.00000
  4211      3.85    -19.32  1.00000
  4212      3.85    -19.27  1.00000
  4213      3.85    -19.22  1.00000
  4214      3.85    -19.17  1.00000
  4215      3.85    -19.12  1.00000
  4216      3.85    -19.07  1.00000
  4217      3.85    -19.02  1.00000
  4218      3.85    -18.97  1.00000
  4219      3.85    -18.92  1.00000
  4220      3.85    -18.87  1.00000
  4221      3.85    -18.82  1.00000
  4222      3.85    -18.77  1.00000
  4223      3.85    -18.72  1.00000
  4224      3.85    -18.67  1.00000
  4225      3.85    -18.62  1.00000
  4226      3.85    -18.57  1.00000
  4227      3.85    -18.52  1.00000
  4228      3.85    -18.47  1.00000
  4229      3.85    -18.42  1.00000
  4230      3.85    -18.37  1.00000
  4231      3.85    -18.32  1.00000
  4232      3.85    -18.27  1.00000
  4233      3.85    -18.22  1.00000
  4234      3.85    -18.17  1.00000
  4235      3.85    -18.12  1.00000
  4236      3.85    -18.07  1.00000
  4237      3.85    -18.02  1.00000
  4238      3.85    -17.97  1.00000
  4239      3.85    -17.92  1.00000
  4240      3.85    -17.87  1.00000
  4241      3.85    -17.82  1.00000
  4242      3.85    -17.77  1.00000
  4243      3.85    -17.72  1.00000
  4244      3.85    -17.67  1.00000
  4245      3.85    -17.62  1.00000
  4246      3.85    -17.57  1.00000
  4247      3.85    -17.52  1.00000
  4248      3.85    -17.47  1.00000
  4249      3.85    -17.42  1.00000
  4250      3.85    -17.37  1.00000
  4251      3.85    -17.32  1.00000
  4252      3.85    -17.27  1.00000
  4253      3.85    -17.22  1.00000
  4254      3.85    -17.17  1.00000
  4255      3.85    -17.12  1.00000
  4256      3.85    -17.07  1.00000
  4257      3.85    -17.02  1.00000
  4258      3.85    -16.97  1.00000
  4259      3.85    -16.92  1.00000
  4260      3.85    -16.87  1.00000
  4261      3.85    -16.82  1.00000
  4262      3.85    -16.77  1.00000
  4263      3.85    -16.72  1.00000
  4264      3.85    -16.67  1.00000
  4265      3.85    -16.62  1.00000
  4266      3.85    -16.57  1.00000
  4267      3.85    -16.52  1.00000
  4268      3.85    -16.47  1.00000
  4269      3.85    -16.42  1.00000
  4270      3.85    -16.37  1.00000
  4271      3.85    -16.32  1.00000
  4272      3.85    -16.27  1.00000
  4273      3.85    -16.22  1.00000
  4274      3.85    -16.17  1.00000
  4275      3.85    -16.12  1.00000
  4276      3.85    -16.07  1.00000
  4277      3.85    -16.02  1.00000
  4278      3.85    -15.97  1.00000
  4279      3.85    -15.92  1.00000
  4280      3.85    -15.87  1.00000
  4281      3.85    -15.82  1.00000
  4282      3.85    -15.77  1.00000
  4283      3.85    -15.72  1.00000
  4284      3.85    -15.67  1.00000
  4285      3.85    -15.62  1.00000
  4286      3.85    -15.57  1.00000
  4287      3.85    -15.52  1.00000
  4288      3.85    -15.47  1.00000
  4289      3.85    -15.42  1.00000
  4290      3.85    -15.37  1.00000
  4291      3.90    -22.47  1.00000
  4292      3.90    -22.42  1.00000
  4293      3.90    -22.37  1.00000
  4294      3.90    -22.32  1.00000
  4295      3.90    -22.27  1.00000
  4296      3.90    -22.22  1.00000
  4297      3.90    -22.17  1.00000
  4298      3.90    -22.12  1.00000
  4299      3.90    -22.07  1.00000
  4300      3.90    -22.02  1.00000
  4301      3.90    -21.97  1.00000
  4302      3.90    -21.92  1.00000
  4303      3.90    -21.87  1.00000
  4304      3.90    -21.82  1.00000
  4305      3.90    -21.77  1.00000
  4306      3.90    -21.72  1.00000
  4307      3.90    -21.67  1.00000
  4308      3.90    -21.62  1.00000
  4309      3.90    -21.57  1.00000
  4310      3.90    -21.52  1.00000
  4311      3.90    -21.47  1.00000
  4312      3.90    -21.42  1.00000
  4313      3.90    -21.37  1.00000
  4314      3.90    -21.32  1.00000
  4315      3.90    -21.27  1.00000
  4316      3.90    -21.22  1.00000
  4317      3.90    -21.17  1.00000
  4318      3.90    -21.12  1.00000
  4319      3.90    -21.07  1.00000
  4320      3.90    -21.02  1.00000
  4321      3.90    -20.97  1.00000
  4322      3.90    -20.92  1.00000
  4323      3.90    -20.87  1.00000
  4324      3.90    -20.82  1.00000
  4325      3.90    -20.77  1.00000
  4326      3.90    -20.72  1.00000
  4327      3.90    -20.67  1.00000
  4328      3.90    -20.62  1.00000
  4329      3.90    -20.57  1.00000
  4330      3.90    -20.52  1.00000
  4331      3.90    -20.47  1.00000
  4332      3.90    -20.42  1.00000
  4333      3.90    -20.37  1.00000
  4334      3.90    -20.32  1.00000
  4335      3.90    -20.27  1.00000
  4336      3.90    -20.22  1.00000
  4337      3.90    -20.17  1.00000
  4338      3.90    -20.12  1.00000
  4339      3.90    -20.07  1.00000
  4340      3.90    -20.02  1.00000
  4341      3.90    -19.97  1.00000
  4342      3.90    -19.92  1.00000
  4343      3.90    -19.87  1.00000
  4344      3.90    -19.82  1.00000
  4345      3.90    -19.77  1.00000
  4346      3.90    -19.72  1.00000
  4347      3.90    -19.67  1.00000
  4348      3.90    -19.62  1.00000
  4349      3.90    -19.57  1.00000
  4350      3.90    -19.52  1.00000
  4351      3.90    -19.47  1.00000
  4352      3.90    -19.42  1.00000
  4353      3.90    -19.37  1.00000
  4354      3.90    -19.32  1.00000
  4355      3.90    -19.27  1.00000
  4356      3.90    -19.22  1.00000
  4357      3.90    -19.17  1.00000
  4358      3.90    -19.12  1.00000
  4359      3.90    -19.07  1.00000
  4360      3.90    -19.02  1.00000
  4361      3.90    -18.97  1.00000
  4362      3.90    -18.92  1.00000
  4363      3.90    -18.87  1.00000
  4364      3.90    -18.82  1.00000
  4365      3.90    -18.77  1.00000
  4366      3.90    -18.72  1.00000
  4367      3.90    -18.67  1.00000
  4368      3.90    -18.62  1.00000
  4369      3.90    -18.57  1.00000
  4370      3.90    -18.52  1.00000
  4371      3.90    -18.47  1.00000
  4372      3.90    -18.42  1.00000
  4373      3.90    -18.37  1.00000
  4374      3.90    -18.32  1.00000
  4375      3.90    -18.27  1.00000
  4376      3.90    -18.22  1.00000
  4377      3.90    -18.17  1.00000
  4378      3.90    -18.12  1.00000
  4379      3.90    -18.07  1.00000
  4380      3.90    -18.02  1.00000
  4381      3.90    -17.97  1.00000
  4382      3.90    -17.92  1.00000
  4383      3.90    -17.87  1.00000
  4384      3.90    -17.82  1.00000
  4385      3.90    -17.77  1.00000
  4386      3.90    -17.72  1.00000
  4387      3.90    -17.67  1.00000
  4388      3.90    -17.62  1.00000
  4389      3.90    -17.57  1.00000
  4390      3.90    -17.52  1.00000
  4391      3.90    -17.47  1.00000
  4392      3.90    -17.42  1.00000
  4393      3.90    -17.37  1.00000
  4394      3.90    -17.32  1.00000
  4395      3.90    -17.27  1.00000
  4396      3.90    -17.22  1.00000
  4397      3.90    -17.17  1.00000
  4398      3.90    -17.12  1.00000
  4399      3.90    -17.07  1.00000
  4400      3.90    -17.02  1.00000
  4401      3.90    -16.97  1.00000
  4402      3.90    -16.92  1.00000
  4403      3.90    -16.87  1.00000
  4404      3.90    -16.82  1.00000
  4405      3.90    -16.77  1.00000
  4406      3.90    -16.72  1.00000
  4407      3.90    -16.67  1.00000
  4408      3.90    -16.62  1.00000
  4409      3.90    -16.57  1.00000
  4410      3.90    -16.52  1.00000
  4411      3.90    -16.47  1.00000
  4412      3.90    -16.42  1.00000
  4413      3.90    -16.37  1.00000
  4414      3.90    -16.32  1.00000
  4415      3.90    -16.27  1.00000
  4416      3.90    -16.22  1.00000
  4417      3.90    -16.17  1.00000
  4418      3.90    -16.12  1.00000
  4419      3.90    -16.07  1.00000
  4420      3.90    -16.02  1.00000
  4421      3.90    -15.97  1.00000
  4422      3.90    -15.92  1.00000
  4423      3.90    -15.87  1.00000
  4424      3.90    -15.82  1.00000
  4425      3.90    -15.77  1.00000
  4426      3.90    -15.72  1.00000
  4427      3.90    -15.67  1.00000
  4428      3.90    -15.62  1.00000
  4429      3.90    -15.57  1.00000
  4430      3.90    -15.52  1.00000
  4431      3.90    -15.47  1.00000
  4432      3.90    -15.42  1.00000
  4433      3.90    -15.37  1.00000
  4434      3.95    -22.47  1.00000
  4435      3.95    -22.42  1.00000
  4436      3.95    -22.37  1.00000
  4437      3.95    -22.32  1.00000
  4438      3.95    -22.27  1.00000
  4439      3.95    -22.22  1.00000
  4440      3.95    -22.17  1.00000
  4441      3.95    -22.12  1.00000
  4442      3.95    -22.07  1.00000
  4443      3.95    -22.02  1.00000
  4444      3.95    -21.97  1.00000
  4445      3.95    -21.92  1.00000
  4446      3.95    -21.87  1.00000
  4447      3.95    -21.82  1.00000
  4448      3.95    -21.77  1.00000
  4449      3.95    -21.72  1.00000
  4450      3.95    -21.67  1.00000
  4451      3.95    -21.62  1.00000
  4452      3.95    -21.57  1.00000
  4453      3.95    -21.52  1.00000
  4454      3.95    -21.47  1.00000
  4455      3.95    -21.42  1.00000
  4456      3.95    -21.37  1.00000
  4457      3.95    -21.32  1.00000
  4458      3.95    -21.27  1.00000
  4459      3.95    -21.22  1.00000
  4460      3.95    -21.17  1.00000
  4461      3.95    -21.12  1.00000
  4462      3.95    -21.07  1.00000
  4463      3.95    -21.02  1.00000
  4464      3.95    -20.97  1.00000
  4465      3.95    -20.92  1.00000
  4466      3.95    -20.87  1.00000
  4467      3.95    -20.82  1.00000
  4468      3.95    -20.77  1.00000
  4469      3.95    -20.72  1.00000
  4470      3.95    -20.67  1.00000
  4471      3.95    -20.62  1.00000
  4472      3.95    -20.57  1.00000
  4473      3.95    -20.52  1.00000
  4474      3.95    -20.47  1.00000
  4475      3.95    -20.42  1.00000
  4476      3.95    -20.37  1.00000
  4477      3.95    -20.32  1.00000
  4478      3.95    -20.27  1.00000
  4479      3.95    -20.22  1.00000
  4480      3.95    -20.17  1.00000
  4481      3.95    -20.12  1.00000
  4482      3.95    -20.07  1.00000
  4483      3.95    -20.02  1.00000
  4484      3.95    -19.97  1.00000
  4485      3.95    -19.92  1.00000
  4486      3.95    -19.87  1.00000
  4487      3.95    -19.82  1.00000
  4488      3.95    -19.77  1.00000
  4489      3.95    -19.72  1.00000
  4490      3.95    -19.67  1.00000
  4491      3.95    -19.62  1.00000
  4492      3.95    -19.57  1.00000
  4493      3.95    -19.52  1.00000
  4494      3.95    -19.47  1.00000
  4495      3.95    -19.42  1.00000
  4496      3.95    -19.37  1.00000
  4497      3.95    -19.32  1.00000
  4498      3.95    -19.27  1.00000
  4499      3.95    -19.22  1.00000
  4500      3.95    -19.17  1.00000
  4501      3.95    -19.12  1.00000
  4502      3.95    -19.07  1.00000
  4503      3.95    -19.02  1.00000
  4504      3.95    -18.97  1.00000
  4505      3.95    -18.92  1.00000
  4506      3.95    -18.87  1.00000
  4507      3.95    -18.82  1.00000
  4508      3.95    -18.77  1.00000
  4509      3.95    -18.72  1.00000
  4510      3.95    -18.67  1.00000
  4511      3.95    -18.62  1.00000
  4512      3.95    -18.57  1.00000
  4513      3.95    -18.52  1.00000
  4514      3.95    -18.47  1.00000
  4515      3.95    -18.42  1.00000
  4516      3.95    -18.37  1.00000
  4517      3.95    -18.32  1.00000
  4518      3.95    -18.27  1.00000
  4519      3.95    -18.22  1.00000
  4520      3.95    -18.17  1.00000
  4521      3.95    -18.12  1.00000
  4522      3.95    -18.07  1.00000
  4523      3.95    -18.02  1.00000
  4524      3.95    -17.97  1.00000
  4525      3.95    -17.92  1.00000
  4526      3.95    -17.87  1.00000
  4527      3.95    -17.82  1.00000
  4528      3.95    -17.77  1.00000
  4529      3.95    -17.72  1.00000
  4530      3.95    -17.67  1.00000
  4531      3.95    -17.62  1.00000
  4532      3.95    -17.57  1.00000
  4533      3.95    -17.52  1.00000
  4534      3.95    -17.47  1.00000
  4535      3.95    -17.42  1.00000
  4536      3.95    -17.37  1.00000
  4537      3.95    -17.32  1.00000
  4538      3.95    -17.27  1.00000
  4539      3.95    -17.22  1.00000
  4540      3.95    -17.17  1.00000
  4541      3.95    -17.12  1.00000
  4542      3.95    -17.07  1.00000
  4543      3.95    -17.02  1.00000
  4544      3.95    -16.97  1.00000
  4545      3.95    -16.92  1.00000
  4546      3.95    -16.87  1.00000
  4547      3.95    -16.82  1.00000
  4548      3.95    -16.77  1.00000
  4549      3.95    -16.72  1.00000
  4550      3.95    -16.67  1.00000
  4551      3.95    -16.62  1.00000
  4552      3.95    -16.57  1.00000
  4553      3.95    -16.52  1.00000
  4554      3.95    -16.47  1.00000
  4555      3.95    -16.42  1.00000
  4556      3.95    -16.37  1.00000
  4557      3.95    -16.32  1.00000
  4558      3.95    -16.27  1.00000
  4559      3.95    -16.22  1.00000
  4560      3.95    -16.17  1.00000
  4561      3.95    -16.12  1.00000
  4562      3.95    -16.07  1.00000
  4563      3.95    -16.02  1.00000
  4564      3.95    -15.97  1.00000
  4565      3.95    -15.92  1.00000
  4566      3.95    -15.87  1.00000
  4567      3.95    -15.82  1.00000
  4568      3.95    -15.77  1.00000
  4569      3.95    -15.72  1.00000
  4570      3.95    -15.67  1.00000
  4571      3.95    -15.62  1.00000
  4572      3.95    -15.57  1.00000
  4573      3.95    -15.52  1.00000
  4574      3.95    -15.47  1.00000
  4575      3.95    -15.42  1.00000
  4576      3.95    -15.37  1.00000
  4577      4.00    -22.47  1.00000
  4578      4.00    -22.42  1.00000
  4579      4.00    -22.37  1.00000
  4580      4.00    -22.32  1.00000
  4581      4.00    -22.27  1.00000
  4582      4.00    -22.22  1.00000
  4583      4.00    -22.17  1.00000
  4584      4.00    -22.12  1.00000
  4585      4.00    -22.07  1.00000
  4586      4.00    -22.02  1.00000
  4587      4.00    -21.97  1.00000
  4588      4.00    -21.92  1.00000
  4589      4.00    -21.87  1.00000
  4590      4.00    -21.82  1.00000
  4591      4.00    -21.77  1.00000
  4592      4.00    -21.72  1.00000
  4593      4.00    -21.67  1.00000
  4594      4.00    -21.62  1.00000
  4595      4.00    -21.57  1.00000
  4596      4.00    -21.52  1.00000
  4597      4.00    -21.47  1.00000
  4598      4.00    -21.42  1.00000
  4599      4.00    -21.37  1.00000
  4600      4.00    -21.32  1.00000
  4601      4.00    -21.27  1.00000
  4602      4.00    -21.22  1.00000
  4603      4.00    -21.17  1.00000
  4604      4.00    -21.12  1.00000
  4605      4.00    -21.07  1.00000
  4606      4.00    -21.02  1.00000
  4607      4.00    -20.97  1.00000
  4608      4.00    -20.92  1.00000
  4609      4.00    -20.87  1.00000
  4610      4.00    -20.82  1.00000
  4611      4.00    -20.77  1.00000
  4612      4.00    -20.72  1.00000
  4613      4.00    -20.67  1.00000
  4614      4.00    -20.62  1.00000
  4615      4.00    -20.57  1.00000
  4616      4.00    -20.52  1.00000
  4617      4.00    -20.47  1.00000
  4618      4.00    -20.42  1.00000
  4619      4.00    -20.37  1.00000
  4620      4.00    -20.32  1.00000
  4621      4.00    -20.27  1.00000
  4622      4.00    -20.22  1.00000
  4623      4.00    -20.17  1.00000
  4624      4.00    -20.12  1.00000
  4625      4.00    -20.07  1.00000
  4626      4.00    -20.02  1.00000
  4627      4.00    -19.97  1.00000
  4628      4.00    -19.92  1.00000
  4629      4.00    -19.87  1.00000
  4630      4.00    -19.82  1.00000
  4631      4.00    -19.77  1.00000
  4632      4.00    -19.72  1.00000
  4633      4.00    -19.67  1.00000
  4634      4.00    -19.62  1.00000
  4635      4.00    -19.57  1.00000
  4636      4.00    -19.52  1.00000
  4637      4.00    -19.47  1.00000
  4638      4.00    -19.42  1.00000
  4639      4.00    -19.37  1.00000
  4640      4.00    -19.32  1.00000
  4641      4.00    -19.27  1.00000
  4642      4.00    -19.22  1.00000
  4643      4.00    -19.17  1.00000
  4644      4.00    -19.12  1.00000
  4645      4.00    -19.07  1.00000
  4646      4.00    -19.02  1.00000
  4647      4.00    -18.97  1.00000
  4648      4.00    -18.92  1.00000
  4649      4.00    -18.87  1.00000
  4650      4.00    -18.82  1.00000
  4651      4.00    -18.77  1.00000
  4652      4.00    -18.72  1.00000
  4653      4.00    -18.67  1.00000
  4654      4.00    -18.62  1.00000
  4655      4.00    -18.57  1.00000
  4656      4.00    -18.52  1.00000
  4657      4.00    -18.47  1.00000
  4658      4.00    -18.42  1.00000
  4659      4.00    -18.37  1.00000
  4660      4.00    -18.32  1.00000
  4661      4.00    -18.27  1.00000
  4662      4.00    -18.22  1.00000
  4663      4.00    -18.17  1.00000
  4664      4.00    -18.12  1.00000
  4665      4.00    -18.07  1.00000
  4666      4.00    -18.02  1.00000
  4667      4.00    -17.97  1.00000
  4668      4.00    -17.92  1.00000
  4669      4.00    -17.87  1.00000
  4670      4.00    -17.82  1.00000
  4671      4.00    -17.77  1.00000
  4672      4.00    -17.72  1.00000
  4673      4.00    -17.67  1.00000
  4674      4.00    -17.62  1.00000
  4675      4.00    -17.57  1.00000
  4676      4.00    -17.52  1.00000
  4677      4.00    -17.47  1.00000
  4678      4.00    -17.42  1.00000
  4679      4.00    -17.37  1.00000
  4680      4.00    -17.32  1.00000
  4681      4.00    -17.27  1.00000
  4682      4.00    -17.22  1.00000
  4683      4.00    -17.17  1.00000
  4684      4.00    -17.12  1.00000
  4685      4.00    -17.07  1.00000
  4686      4.00    -17.02  1.00000
  4687      4.00    -16.97  1.00000
  4688      4.00    -16.92  1.00000
  4689      4.00    -16.87  1.00000
  4690      4.00    -16.82  1.00000
  4691      4.00    -16.77  1.00000
  4692      4.00    -16.72  1.00000
  4693      4.00    -16.67  1.00000
  4694      4.00    -16.62  1.00000
  4695      4.00    -16.57  1.00000
  4696      4.00    -16.52  1.00000
  4697      4.00    -16.47  1.00000
  4698      4.00    -16.42  1.00000
  4699      4.00    -16.37  1.00000
  4700      4.00    -16.32  1.00000
  4701      4.00    -16.27  1.00000
  4702      4.00    -16.22  1.00000
  4703      4.00    -16.17  1.00000
  4704      4.00    -16.12  1.00000
  4705      4.00    -16.07  1.00000
  4706      4.00    -16.02  1.00000
  4707      4.00    -15.97  1.00000
  4708      4.00    -15.92  1.00000
  4709      4.00    -15.87  1.00000
  4710      4.00    -15.82  1.00000
  4711      4.00    -15.77  1.00000
  4712      4.00    -15.72  1.00000
  4713      4.00    -15.67  1.00000
  4714      4.00    -15.62  1.00000
  4715      4.00    -15.57  1.00000
  4716      4.00    -15.52  1.00000
  4717      4.00    -15.47  1.00000
  4718      4.00    -15.42  1.00000
  4719      4.00    -15.37  1.00000
  4720      4.05    -22.47  1.00000
  4721      4.05    -22.42  1.00000
  4722      4.05    -22.37  1.00000
  4723      4.05    -22.32  1.00000
  4724      4.05    -22.27  1.00000
  4725      4.05    -22.22  1.00000
  4726      4.05    -22.17  1.00000
  4727      4.05    -22.12  1.00000
  4728      4.05    -22.07  1.00000
  4729      4.05    -22.02  1.00000
  4730      4.05    -21.97  1.00000
  4731      4.05    -21.92  1.00000
  4732      4.05    -21.87  1.00000
  4733      4.05    -21.82  1.00000
  4734      4.05    -21.77  1.00000
  4735      4.05    -21.72  1.00000
  4736      4.05    -21.67  1.00000
  4737      4.05    -21.62  1.00000
  4738      4.05    -21.57  1.00000
  4739      4.05    -21.52  1.00000
  4740      4.05    -21.47  1.00000
  4741      4.05    -21.42  1.00000
  4742      4.05    -21.37  1.00000
  4743      4.05    -21.32  1.00000
  4744      4.05    -21.27  1.00000
  4745      4.05    -21.22  1.00000
  4746      4.05    -21.17  1.00000
  4747      4.05    -21.12  1.00000
  4748      4.05    -21.07  1.00000
  4749      4.05    -21.02  1.00000
  4750      4.05    -20.97  1.00000
  4751      4.05    -20.92  1.00000
  4752      4.05    -20.87  1.00000
  4753      4.05    -20.82  1.00000
  4754      4.05    -20.77  1.00000
  4755      4.05    -20.72  1.00000
  4756      4.05    -20.67  1.00000
  4757      4.05    -20.62  1.00000
  4758      4.05    -20.57  1.00000
  4759      4.05    -20.52  1.00000
  4760      4.05    -20.47  1.00000
  4761      4.05    -20.42  1.00000
  4762      4.05    -20.37  1.00000
  4763      4.05    -20.32  1.00000
  4764      4.05    -20.27  1.00000
  4765      4.05    -20.22  1.00000
  4766      4.05    -20.17  1.00000
  4767      4.05    -20.12  1.00000
  4768      4.05    -20.07  1.00000
  4769      4.05    -20.02  1.00000
  4770      4.05    -19.97  1.00000
  4771      4.05    -19.92  1.00000
  4772      4.05    -19.87  1.00000
  4773      4.05    -19.82  1.00000
  4774      4.05    -19.77  1.00000
  4775      4.05    -19.72  1.00000
  4776      4.05    -19.67  1.00000
  4777      4.05    -19.62  1.00000
  4778      4.05    -19.57  1.00000
  4779      4.05    -19.52  1.00000
  4780      4.05    -19.47  1.00000
  4781      4.05    -19.42  1.00000
  4782      4.05    -19.37  1.00000
  4783      4.05    -19.32  1.00000
  4784      4.05    -19.27  1.00000
  4785      4.05    -19.22  1.00000
  4786      4.05    -19.17  1.00000
  4787      4.05    -19.12  1.00000
  4788      4.05    -19.07  1.00000
  4789      4.05    -19.02  1.00000
  4790      4.05    -18.97  1.00000
  4791      4.05    -18.92  1.00000
  4792      4.05    -18.87  1.00000
  4793      4.05    -18.82  1.00000
  4794      4.05    -18.77  1.00000
  4795      4.05    -18.72  1.00000
  4796      4.05    -18.67  1.00000
  4797      4.05    -18.62  1.00000
  4798      4.05    -18.57  1.00000
  4799      4.05    -18.52  1.00000
  4800      4.05    -18.47  1.00000
  4801      4.05    -18.42  1.00000
  4802      4.05    -18.37  1.00000
  4803      4.05    -18.32  1.00000
  4804      4.05    -18.27  1.00000
  4805      4.05    -18.22  1.00000
  4806      4.05    -18.17  1.00000
  4807      4.05    -18.12  1.00000
  4808      4.05    -18.07  1.00000
  4809      4.05    -18.02  1.00000
  4810      4.05    -17.97  1.00000
  4811      4.05    -17.92  1.00000
  4812      4.05    -17.87  1.00000
  4813      4.05    -17.82  1.00000
  4814      4.05    -17.77  1.00000
  4815      4.05    -17.72  1.00000
  4816      4.05    -17.67  1.00000
  4817      4.05    -17.62  1.00000
  4818      4.05    -17.57  1.00000
  4819      4.05    -17.52  1.00000
  4820      4.05    -17.47  1.00000
  4821      4.05    -17.42  1.00000
  4822      4.05    -17.37  1.00000
  4823      4.05    -17.32  1.00000
  4824      4.05    -17.27  1.00000
  4825      4.05    -17.22  1.00000
  4826      4.05    -17.17  1.00000
  4827      4.05    -17.12  1.00000
  4828      4.05    -17.07  1.00000
  4829      4.05    -17.02  1.00000
  4830      4.05    -16.97  1.00000
  4831      4.05    -16.92  1.00000
  4832      4.05    -16.87  1.00000
  4833      4.05    -16.82  1.00000
  4834      4.05    -16.77  1.00000
  4835      4.05    -16.72  1.00000
  4836      4.05    -16.67  1.00000
  4837      4.05    -16.62  1.00000
  4838      4.05    -16.57  1.00000
  4839      4.05    -16.52  1.00000
  4840      4.05    -16.47  1.00000
  4841      4.05    -16.42  1.00000
  4842      4.05    -16.37  1.00000
  4843      4.05    -16.32  1.00000
  4844      4.05    -16.27  1.00000
  4845      4.05    -16.22  1.00000
  4846      4.05    -16.17  1.00000
  4847      4.05    -16.12  1.00000
  4848      4.05    -16.07  1.00000
  4849      4.05    -16.02  1.00000
  4850      4.05    -15.97  1.00000
  4851      4.05    -15.92  1.00000
  4852      4.05    -15.87  1.00000
  4853      4.05    -15.82  1.00000
  4854      4.05    -15.77  1.00000
  4855      4.05    -15.72  1.00000
  4856      4.05    -15.67  1.00000
  4857      4.05    -15.62  1.00000
  4858      4.05    -15.57  1.00000
  4859      4.05    -15.52  1.00000
  4860      4.05    -15.47  1.00000
  4861      4.05    -15.42  1.00000
  4862      4.05    -15.37  1.00000
  4863      4.10    -22.47  1.00000
  4864      4.10    -22.42  1.00000
  4865      4.10    -22.37  1.00000
  4866      4.10    -22.32  1.00000
  4867      4.10    -22.27  1.00000
  4868      4.10    -22.22  1.00000
  4869      4.10    -22.17  1.00000
  4870      4.10    -22.12  1.00000
  4871      4.10    -22.07  1.00000
  4872      4.10    -22.02  1.00000
  4873      4.10    -21.97  1.00000
  4874      4.10    -21.92  1.00000
  4875      4.10    -21.87  1.00000
  4876      4.10    -21.82  1.00000
  4877      4.10    -21.77  1.00000
  4878      4.10    -21.72  1.00000
  4879      4.10    -21.67  1.00000
  4880      4.10    -21.62  1.00000
  4881      4.10    -21.57  1.00000
  4882      4.10    -21.52  1.00000
  4883      4.10    -21.47  1.00000
  4884      4.10    -21.42  1.00000
  4885      4.10    -21.37  1.00000
  4886      4.10    -21.32  1.00000
  4887      4.10    -21.27  1.00000
  4888      4.10    -21.22  1.00000
  4889      4.10    -21.17  1.00000
  4890      4.10    -21.12  1.00000
  4891      4.10    -21.07  1.00000
  4892      4.10    -21.02  1.00000
  4893      4.10    -20.97  1.00000
  4894      4.10    -20.92  1.00000
  4895      4.10    -20.87  1.00000
  4896      4.10    -20.82  1.00000
  4897      4.10    -20.77  1.00000
  4898      4.10    -20.72  1.00000
  4899      4.10    -20.67  1.00000
  4900      4.10    -20.62  1.00000
  4901      4.10    -20.57  1.00000
  4902      4.10    -20.52  1.00000
  4903      4.10    -20.47  1.00000
  4904      4.10    -20.42  1.00000
  4905      4.10    -20.37  1.00000
  4906      4.10    -20.32  1.00000
  4907      4.10    -20.27  1.00000
  4908      4.10    -20.22  1.00000
  4909      4.10    -20.17  1.00000
  4910      4.10    -20.12  1.00000
  4911      4.10    -20.07  1.00000
  4912      4.10    -20.02  1.00000
  4913      4.10    -19.97  1.00000
  4914      4.10    -19.92  1.00000
  4915      4.10    -19.87  1.00000
  4916      4.10    -19.82  1.00000
  4917      4.10    -19.77  1.00000
  4918      4.10    -19.72  1.00000
  4919      4.10    -19.67  1.00000
  4920      4.10    -19.62  1.00000
  4921      4.10    -19.57  1.00000
  4922      4.10    -19.52  1.00000
  4923      4.10    -19.47  1.00000
  4924      4.10    -19.42  1.00000
  4925      4.10    -19.37  1.00000
  4926      4.10    -19.32  1.00000
  4927      4.10    -19.27  1.00000
  4928      4.10    -19.22  1.00000
  4929      4.10    -19.17  1.00000
  4930      4.10    -19.12  1.00000
  4931      4.10    -19.07  1.00000
  4932      4.10    -19.02  1.00000
  4933      4.10    -18.97  1.00000
  4934      4.10    -18.92  1.00000
  4935      4.10    -18.87  1.00000
  4936      4.10    -18.82  1.00000
  4937      4.10    -18.77  1.00000
  4938      4.10    -18.72  1.00000
  4939      4.10    -18.67  1.00000
  4940      4.10    -18.62  1.00000
  4941      4.10    -18.57  1.00000
  4942      4.10    -18.52  1.00000
  4943      4.10    -18.47  1.00000
  4944      4.10    -18.42  1.00000
  4945      4.10    -18.37  1.00000
  4946      4.10    -18.32  1.00000
  4947      4.10    -18.27  1.00000
  4948      4.10    -18.22  1.00000
  4949      4.10    -18.17  1.00000
  4950      4.10    -18.12  1.00000
  4951      4.10    -18.07  1.00000
  4952      4.10    -18.02  1.00000
  4953      4.10    -17.97  1.00000
  4954      4.10    -17.92  1.00000
  4955      4.10    -17.87  1.00000
  4956      4.10    -17.82  1.00000
  4957      4.10    -17.77  1.00000
  4958      4.10    -17.72  1.00000
  4959      4.10    -17.67  1.00000
  4960      4.10    -17.62  1.00000
  4961      4.10    -17.57  1.00000
  4962      4.10    -17.52  1.00000
  4963      4.10    -17.47  1.00000
  4964      4.10    -17.42  1.00000
  4965      4.10    -17.37  1.00000
  4966      4.10    -17.32  1.00000
  4967      4.10    -17.27  1.00000
  4968      4.10    -17.22  1.00000
  4969      4.10    -17.17  1.00000
  4970      4.10    -17.12  1.00000
  4971      4.10    -17.07  1.00000
  4972      4.10    -17.02  1.00000
  4973      4.10    -16.97  1.00000
  4974      4.10    -16.92  1.00000
  4975      4.10    -16.87  1.00000
  4976      4.10    -16.82  1.00000
  4977      4.10    -16.77  1.00000
  4978      4.10    -16.72  1.00000
  4979      4.10    -16.67  1.00000
  4980      4.10    -16.62  1.00000
  4981      4.10    -16.57  1.00000
  4982      4.10    -16.52  1.00000
  4983      4.10    -16.47  1.00000
  4984      4.10    -16.42  1.00000
  4985      4.10    -16.37  1.00000
  4986      4.10    -16.32  1.00000
  4987      4.10    -16.27  1.00000
  4988      4.10    -16.22  1.00000
  4989      4.10    -16.17  1.00000
  4990      4.10    -16.12  1.00000
  4991      4.10    -16.07  1.00000
  4992      4.10    -16.02  1.00000
  4993      4.10    -15.97  1.00000
  4994      4.10    -15.92  1.00000
  4995      4.10    -15.87  1.00000
  4996      4.10    -15.82  1.00000
  4997      4.10    -15.77  1.00000
  4998      4.10    -15.72  1.00000
  4999      4.10    -15.67  1.00000
  5000      4.10    -15.62  1.00000
  5001      4.10    -15.57  1.00000
  5002      4.10    -15.52  1.00000
  5003      4.10    -15.47  1.00000
  5004      4.10    -15.42  1.00000
  5005      4.10    -15.37  1.00000
  5006      4.15    -22.47  1.00000
  5007      4.15    -22.42  1.00000
  5008      4.15    -22.37  1.00000
  5009      4.15    -22.32  1.00000
  5010      4.15    -22.27  1.00000
  5011      4.15    -22.22  1.00000
  5012      4.15    -22.17  1.00000
  5013      4.15    -22.12  1.00000
  5014      4.15    -22.07  1.00000
  5015      4.15    -22.02  1.00000
  5016      4.15    -21.97  1.00000
  5017      4.15    -21.92  1.00000
  5018      4.15    -21.87  1.00000
  5019      4.15    -21.82  1.00000
  5020      4.15    -21.77  1.00000
  5021      4.15    -21.72  1.00000
  5022      4.15    -21.67  1.00000
  5023      4.15    -21.62  1.00000
  5024      4.15    -21.57  1.00000
  5025      4.15    -21.52  1.00000
  5026      4.15    -21.47  1.00000
  5027      4.15    -21.42  1.00000
  5028      4.15    -21.37  1.00000
  5029      4.15    -21.32  1.00000
  5030      4.15    -21.27  1.00000
  5031      4.15    -21.22  1.00000
  5032      4.15    -21.17  1.00000
  5033      4.15    -21.12  1.00000
  5034      4.15    -21.07  1.00000
  5035      4.15    -21.02  1.00000
  5036      4.15    -20.97  1.00000
  5037      4.15    -20.92  1.00000
  5038      4.15    -20.87  1.00000
  5039      4.15    -20.82  1.00000
  5040      4.15    -20.77  1.00000
  5041      4.15    -20.72  1.00000
  5042      4.15    -20.67  1.00000
  5043      4.15    -20.62  1.00000
  5044      4.15    -20.57  1.00000
  5045      4.15    -20.52  1.00000
  5046      4.15    -20.47  1.00000
  5047      4.15    -20.42  1.00000
  5048      4.15    -20.37  1.00000
  5049      4.15    -20.32  1.00000
  5050      4.15    -20.27  1.00000
  5051      4.15    -20.22  1.00000
  5052      4.15    -20.17  1.00000
  5053      4.15    -20.12  1.00000
  5054      4.15    -20.07  1.00000
  5055      4.15    -20.02  1.00000
  5056      4.15    -19.97  1.00000
  5057      4.15    -19.92  1.00000
  5058      4.15    -19.87  1.00000
  5059      4.15    -19.82  1.00000
  5060      4.15    -19.77  1.00000
  5061      4.15    -19.72  1.00000
  5062      4.15    -19.67  1.00000
  5063      4.15    -19.62  1.00000
  5064      4.15    -19.57  1.00000
  5065      4.15    -19.52  1.00000
  5066      4.15    -19.47  1.00000
  5067      4.15    -19.42  1.00000
  5068      4.15    -19.37  1.00000
  5069      4.15    -19.32  1.00000
  5070      4.15    -19.27  1.00000
  5071      4.15    -19.22  1.00000
  5072      4.15    -19.17  1.00000
  5073      4.15    -19.12  1.00000
  5074      4.15    -19.07  1.00000
  5075      4.15    -19.02  1.00000
  5076      4.15    -18.97  1.00000
  5077      4.15    -18.92  1.00000
  5078      4.15    -18.87  1.00000
  5079      4.15    -18.82  1.00000
  5080      4.15    -18.77  1.00000
  5081      4.15    -18.72  1.00000
  5082      4.15    -18.67  1.00000
  5083      4.15    -18.62  1.00000
  5084      4.15    -18.57  1.00000
  5085      4.15    -18.52  1.00000
  5086      4.15    -18.47  1.00000
  5087      4.15    -18.42  1.00000
  5088      4.15    -18.37  1.00000
  5089      4.15    -18.32  1.00000
  5090      4.15    -18.27  1.00000
  5091      4.15    -18.22  1.00000
  5092      4.15    -18.17  1.00000
  5093      4.15    -18.12  1.00000
  5094      4.15    -18.07  1.00000
  5095      4.15    -18.02  1.00000
  5096      4.15    -17.97  1.00000
  5097      4.15    -17.92  1.00000
  5098      4.15    -17.87  1.00000
  5099      4.15    -17.82  1.00000
  5100      4.15    -17.77  1.00000
  5101      4.15    -17.72  1.00000
  5102      4.15    -17.67  1.00000
  5103      4.15    -17.62  1.00000
  5104      4.15    -17.57  1.00000
  5105      4.15    -17.52  1.00000
  5106      4.15    -17.47  1.00000
  5107      4.15    -17.42  1.00000
  5108      4.15    -17.37  1.00000
  5109      4.15    -17.32  1.00000
  5110      4.15    -17.27  1.00000
  5111      4.15    -17.22  1.00000
  5112      4.15    -17.17  1.00000
  5113      4.15    -17.12  1.00000
  5114      4.15    -17.07  1.00000
  5115      4.15    -17.02  1.00000
  5116      4.15    -16.97  1.00000
  5117      4.15    -16.92  1.00000
  5118      4.15    -16.87  1.00000
  5119      4.15    -16.82  1.00000
  5120      4.15    -16.77  1.00000
  5121      4.15    -16.72  1.00000
  5122      4.15    -16.67  1.00000
  5123      4.15    -16.62  1.00000
  5124      4.15    -16.57  1.00000
  5125      4.15    -16.52  1.00000
  5126      4.15    -16.47  1.00000
  5127      4.15    -16.42  1.00000
  5128      4.15    -16.37  1.00000
  5129      4.15    -16.32  1.00000
  5130      4.15    -16.27  1.00000
  5131      4.15    -16.22  1.00000
  5132      4.15    -16.17  1.00000
  5133      4.15    -16.12  1.00000
  5134      4.15    -16.07  1.00000
  5135      4.15    -16.02  1.00000
  5136      4.15    -15.97  1.00000
  5137      4.15    -15.92  1.00000
  5138      4.15    -15.87  1.00000
  5139      4.15    -15.82  1.00000
  5140      4.15    -15.77  1.00000
  5141      4.15    -15.72  1.00000
  5142      4.15    -15.67  1.00000
  5143      4.15    -15.62  1.00000
  5144      4.15    -15.57  1.00000
  5145      4.15    -15.52  1.00000
  5146      4.15    -15.47  1.00000
  5147      4.15    -15.42  1.00000
  5148      4.15    -15.37  1.00000
  5149      4.20    -22.47  1.00000
  5150      4.20    -22.42  1.00000
  5151      4.20    -22.37  1.00000
  5152      4.20    -22.32  1.00000
  5153      4.20    -22.27  1.00000
  5154      4.20    -22.22  1.00000
  5155      4.20    -22.17  1.00000
  5156      4.20    -22.12  1.00000
  5157      4.20    -22.07  1.00000
  5158      4.20    -22.02  1.00000
  5159      4.20    -21.97  1.00000
  5160      4.20    -21.92  1.00000
  5161      4.20    -21.87  1.00000
  5162      4.20    -21.82  1.00000
  5163      4.20    -21.77  1.00000
  5164      4.20    -21.72  1.00000
  5165      4.20    -21.67  1.00000
  5166      4.20    -21.62  1.00000
  5167      4.20    -21.57  1.00000
  5168      4.20    -21.52  1.00000
  5169      4.20    -21.47  1.00000
  5170      4.20    -21.42  1.00000
  5171      4.20    -21.37  1.00000
  5172      4.20    -21.32  1.00000
  5173      4.20    -21.27  1.00000
  5174      4.20    -21.22  1.00000
  5175      4.20    -21.17  1.00000
  5176      4.20    -21.12  1.00000
  5177      4.20    -21.07  1.00000
  5178      4.20    -21.02  1.00000
  5179      4.20    -20.97  1.00000
  5180      4.20    -20.92  1.00000
  5181      4.20    -20.87  1.00000
  5182      4.20    -20.82  1.00000
  5183      4.20    -20.77  1.00000
  5184      4.20    -20.72  1.00000
  5185      4.20    -20.67  1.00000
  5186      4.20    -20.62  1.00000
  5187      4.20    -20.57  1.00000
  5188      4.20    -20.52  1.00000
  5189      4.20    -20.47  1.00000
  5190      4.20    -20.42  1.00000
  5191      4.20    -20.37  1.00000
  5192      4.20    -20.32  1.00000
  5193      4.20    -20.27  1.00000
  5194      4.20    -20.22  1.00000
  5195      4.20    -20.17  1.00000
  5196      4.20    -20.12  1.00000
  5197      4.20    -20.07  1.00000
  5198      4.20    -20.02  1.00000
  5199      4.20    -19.97  1.00000
  5200      4.20    -19.92  1.00000
  5201      4.20    -19.87  1.00000
  5202      4.20    -19.82  1.00000
  5203      4.20    -19.77  1.00000
  5204      4.20    -19.72  1.00000
  5205      4.20    -19.67  1.00000
  5206      4.20    -19.62  1.00000
  5207      4.20    -19.57  1.00000
  5208      4.20    -19.52  1.00000
  5209      4.20    -19.47  1.00000
  5210      4.20    -19.42  1.00000
  5211      4.20    -19.37  1.00000
  5212      4.20    -19.32  1.00000
  5213      4.20    -19.27  1.00000
  5214      4.20    -19.22  1.00000
  5215      4.20    -19.17  1.00000
  5216      4.20    -19.12  1.00000
  5217      4.20    -19.07  1.00000
  5218      4.20    -19.02  1.00000
  5219      4.20    -18.97  1.00000
  5220      4.20    -18.92  1.00000
  5221      4.20    -18.87  1.00000
  5222      4.20    -18.82  1.00000
  5223      4.20    -18.77  1.00000
  5224      4.20    -18.72  1.00000
  5225      4.20    -18.67  1.00000
  5226      4.20    -18.62  1.00000
  5227      4.20    -18.57  1.00000
  5228      4.20    -18.52  1.00000
  5229      4.20    -18.47  1.00000
  5230      4.20    -18.42  1.00000
  5231      4.20    -18.37  1.00000
  5232      4.20    -18.32  1.00000
  5233      4.20    -18.27  1.00000
  5234      4.20    -18.22  1.00000
  5235      4.20    -18.17  1.00000
  5236      4.20    -18.12  1.00000
  5237      4.20    -18.07  1.00000
  5238      4.20    -18.02  1.00000
  5239      4.20    -17.97  1.00000
  5240      4.20    -17.92  1.00000
  5241      4.20    -17.87  1.00000
  5242      4.20    -17.82  1.00000
  5243      4.20    -17.77  1.00000
  5244      4.20    -17.72  1.00000
  5245      4.20    -17.67  1.00000
  5246      4.20    -17.62  1.00000
  5247      4.20    -17.57  1.00000
  5248      4.20    -17.52  1.00000
  5249      4.20    -17.47  1.00000
  5250      4.20    -17.42  1.00000
  5251      4.20    -17.37  1.00000
  5252      4.20    -17.32  1.00000
  5253      4.20    -17.27  1.00000
  5254      4.20    -17.22  1.00000
  5255      4.20    -17.17  1.00000
  5256      4.20    -17.12  1.00000
  5257      4.20    -17.07  1.00000
  5258      4.20    -17.02  1.00000
  5259      4.20    -16.97  1.00000
  5260      4.20    -16.92  1.00000
  5261      4.20    -16.87  1.00000
  5262      4.20    -16.82  1.00000
  5263      4.20    -16.77  1.00000
  5264      4.20    -16.72  1.00000
  5265      4.20    -16.67  1.00000
  5266      4.20    -16.62  1.00000
  5267      4.20    -16.57  1.00000
  5268      4.20    -16.52  1.00000
  5269      4.20    -16.47  1.00000
  5270      4.20    -16.42  1.00000
  5271      4.20    -16.37  1.00000
  5272      4.20    -16.32  1.00000
  5273      4.20    -16.27  1.00000
  5274      4.20    -16.22  1.00000
  5275      4.20    -16.17  1.00000
  5276      4.20    -16.12  1.00000
  5277      4.20    -16.07  1.00000
  5278      4.20    -16.02  1.00000
  5279      4.20    -15.97  1.00000
  5280      4.20    -15.92  1.00000
  5281      4.20    -15.87  1.00000
  5282      4.20    -15.82  1.00000
  5283      4.20    -15.77  1.00000
  5284      4.20    -15.72  1.00000
  5285      4.20    -15.67  1.00000
  5286      4.20    -15.62  1.00000
  5287      4.20    -15.57  1.00000
  5288      4.20    -15.52  1.00000
  5289      4.20    -15.47  1.00000
  5290      4.20    -15.42  1.00000
  5291      4.20    -15.37  1.00000
  5292      4.25    -22.47  1.00000
  5293      4.25    -22.42  1.00000
  5294      4.25    -22.37  1.00000
  5295      4.25    -22.32  1.00000
  5296      4.25    -22.27  1.00000
  5297      4.25    -22.22  1.00000
  5298      4.25    -22.17  1.00000
  5299      4.25    -22.12  1.00000
  5300      4.25    -22.07  1.00000
  5301      4.25    -22.02  1.00000
  5302      4.25    -21.97  1.00000
  5303      4.25    -21.92  1.00000
  5304      4.25    -21.87  1.00000
  5305      4.25    -21.82  1.00000
  5306      4.25    -21.77  1.00000
  5307      4.25    -21.72  1.00000
  5308      4.25    -21.67  1.00000
  5309      4.25    -21.62  1.00000
  5310      4.25    -21.57  1.00000
  5311      4.25    -21.52  1.00000
  5312      4.25    -21.47  1.00000
  5313      4.25    -21.42  1.00000
  5314      4.25    -21.37  1.00000
  5315      4.25    -21.32  1.00000
  5316      4.25    -21.27  1.00000
  5317      4.25    -21.22  1.00000
  5318      4.25    -21.17  1.00000
  5319      4.25    -21.12  1.00000
  5320      4.25    -21.07  1.00000
  5321      4.25    -21.02  1.00000
  5322      4.25    -20.97  1.00000
  5323      4.25    -20.92  1.00000
  5324      4.25    -20.87  1.00000
  5325      4.25    -20.82  1.00000
  5326      4.25    -20.77  1.00000
  5327      4.25    -20.72  1.00000
  5328      4.25    -20.67  1.00000
  5329      4.25    -20.62  1.00000
  5330      4.25    -20.57  1.00000
  5331      4.25    -20.52  1.00000
  5332      4.25    -20.47  1.00000
  5333      4.25    -20.42  1.00000
  5334      4.25    -20.37  1.00000
  5335      4.25    -20.32  1.00000
  5336      4.25    -20.27  1.00000
  5337      4.25    -20.22  1.00000
  5338      4.25    -20.17  1.00000
  5339      4.25    -20.12  1.00000
  5340      4.25    -20.07  1.00000
  5341      4.25    -20.02  1.00000
  5342      4.25    -19.97  1.00000
  5343      4.25    -19.92  1.00000
  5344      4.25    -19.87  1.00000
  5345      4.25    -19.82  1.00000
  5346      4.25    -19.77  1.00000
  5347      4.25    -19.72  1.00000
  5348      4.25    -19.67  1.00000
  5349      4.25    -19.62  1.00000
  5350      4.25    -19.57  1.00000
  5351      4.25    -19.52  1.00000
  5352      4.25    -19.47  1.00000
  5353      4.25    -19.42  1.00000
  5354      4.25    -19.37  1.00000
  5355      4.25    -19.32  1.00000
  5356      4.25    -19.27  1.00000
  5357      4.25    -19.22  1.00000
  5358      4.25    -19.17  1.00000
  5359      4.25    -19.12  1.00000
  5360      4.25    -19.07  1.00000
  5361      4.25    -19.02  1.00000
  5362      4.25    -18.97  1.00000
  5363      4.25    -18.92  1.00000
  5364      4.25    -18.87  1.00000
  5365      4.25    -18.82  1.00000
  5366      4.25    -18.77  1.00000
  5367      4.25    -18.72  1.00000
  5368      4.25    -18.67  1.00000
  5369      4.25    -18.62  1.00000
  5370      4.25    -18.57  1.00000
  5371      4.25    -18.52  1.00000
  5372      4.25    -18.47  1.00000
  5373      4.25    -18.42  1.00000
  5374      4.25    -18.37  1.00000
  5375      4.25    -18.32  1.00000
  5376      4.25    -18.27  1.00000
  5377      4.25    -18.22  1.00000
  5378      4.25    -18.17  1.00000
  5379      4.25    -18.12  1.00000
  5380      4.25    -18.07  1.00000
  5381      4.25    -18.02  1.00000
  5382      4.25    -17.97  1.00000
  5383      4.25    -17.92  1.00000
  5384      4.25    -17.87  1.00000
  5385      4.25    -17.82  1.00000
  5386      4.25    -17.77  1.00000
  5387      4.25    -17.72  1.00000
  5388      4.25    -17.67  1.00000
  5389      4.25    -17.62  1.00000
  5390      4.25    -17.57  1.00000
  5391      4.25    -17.52  1.00000
  5392      4.25    -17.47  1.00000
  5393      4.25    -17.42  1.00000
  5394      4.25    -17.37  1.00000
  5395      4.25    -17.32  1.00000
  5396      4.25    -17.27  1.00000
  5397      4.25    -17.22  1.00000
  5398      4.25    -17.17  1.00000
  5399      4.25    -17.12  1.00000
  5400      4.25    -17.07  1.00000
  5401      4.25    -17.02  1.00000
  5402      4.25    -16.97  1.00000
  5403      4.25    -16.92  1.00000
  5404      4.25    -16.87  1.00000
  5405      4.25    -16.82  1.00000
  5406      4.25    -16.77  1.00000
  5407      4.25    -16.72  1.00000
  5408      4.25    -16.67  1.00000
  5409      4.25    -16.62  1.00000
  5410      4.25    -16.57  1.00000
  5411      4.25    -16.52  1.00000
  5412      4.25    -16.47  1.00000
  5413      4.25    -16.42  1.00000
  5414      4.25    -16.37  1.00000
  5415      4.25    -16.32  1.00000
  5416      4.25    -16.27  1.00000
  5417      4.25    -16.22  1.00000
  5418      4.25    -16.17  1.00000
  5419      4.25    -16.12  1.00000
  5420      4.25    -16.07  1.00000
  5421      4.25    -16.02  1.00000
  5422      4.25    -15.97  1.00000
  5423      4.25    -15.92  1.00000
  5424      4.25    -15.87  1.00000
  5425      4.25    -15.82  1.00000
  5426      4.25    -15.77  1.00000
  5427      4.25    -15.72  1.00000
  5428      4.25    -15.67  1.00000
  5429      4.25    -15.62  1.00000
  5430      4.25    -15.57  1.00000
  5431      4.25    -15.52  1.00000
  5432      4.25    -15.47  1.00000
  5433      4.25    -15.42  1.00000
  5434      4.25    -15.37  1.00000
  5435      4.30    -22.47  1.00000
  5436      4.30    -22.42  1.00000
  5437      4.30    -22.37  1.00000
  5438      4.30    -22.32  1.00000
  5439      4.30    -22.27  1.00000
  5440      4.30    -22.22  1.00000
  5441      4.30    -22.17  1.00000
  5442      4.30    -22.12  1.00000
  5443      4.30    -22.07  1.00000
  5444      4.30    -22.02  1.00000
  5445      4.30    -21.97  1.00000
  5446      4.30    -21.92  1.00000
  5447      4.30    -21.87  1.00000
  5448      4.30    -21.82  1.00000
  5449      4.30    -21.77  1.00000
  5450      4.30    -21.72  1.00000
  5451      4.30    -21.67  1.00000
  5452      4.30    -21.62  1.00000
  5453      4.30    -21.57  1.00000
  5454      4.30    -21.52  1.00000
  5455      4.30    -21.47  1.00000
  5456      4.30    -21.42  1.00000
  5457      4.30    -21.37  1.00000
  5458      4.30    -21.32  1.00000
  5459      4.30    -21.27  1.00000
  5460      4.30    -21.22  1.00000
  5461      4.30    -21.17  1.00000
  5462      4.30    -21.12  1.00000
  5463      4.30    -21.07  1.00000
  5464      4.30    -21.02  1.00000
  5465      4.30    -20.97  1.00000
  5466      4.30    -20.92  1.00000
  5467      4.30    -20.87  1.00000
  5468      4.30    -20.82  1.00000
  5469      4.30    -20.77  1.00000
  5470      4.30    -20.72  1.00000
  5471      4.30    -20.67  1.00000
  5472      4.30    -20.62  1.00000
  5473      4.30    -20.57  1.00000
  5474      4.30    -20.52  1.00000
  5475      4.30    -20.47  1.00000
  5476      4.30    -20.42  1.00000
  5477      4.30    -20.37  1.00000
  5478      4.30    -20.32  1.00000
  5479      4.30    -20.27  1.00000
  5480      4.30    -20.22  1.00000
  5481      4.30    -20.17  1.00000
  5482      4.30    -20.12  1.00000
  5483      4.30    -20.07  1.00000
  5484      4.30    -20.02  1.00000
  5485      4.30    -19.97  1.00000
  5486      4.30    -19.92  1.00000
  5487      4.30    -19.87  1.00000
  5488      4.30    -19.82  1.00000
  5489      4.30    -19.77  1.00000
  5490      4.30    -19.72  1.00000
  5491      4.30    -19.67  1.00000
  5492      4.30    -19.62  1.00000
  5493      4.30    -19.57  1.00000
  5494      4.30    -19.52  1.00000
  5495      4.30    -19.47  1.00000
  5496      4.30    -19.42  1.00000
  5497      4.30    -19.37  1.00000
  5498      4.30    -19.32  1.00000
  5499      4.30    -19.27  1.00000
  5500      4.30    -19.22  1.00000
  5501      4.30    -19.17  1.00000
  5502      4.30    -19.12  1.00000
  5503      4.30    -19.07  1.00000
  5504      4.30    -19.02  1.00000
  5505      4.30    -18.97  1.00000
  5506      4.30    -18.92  1.00000
  5507      4.30    -18.87  1.00000
  5508      4.30    -18.82  1.00000
  5509      4.30    -18.77  1.00000
  5510      4.30    -18.72  1.00000
  5511      4.30    -18.67  1.00000
  5512      4.30    -18.62  1.00000
  5513      4.30    -18.57  1.00000
  5514      4.30    -18.52  1.00000
  5515      4.30    -18.47  1.00000
  5516      4.30    -18.42  1.00000
  5517      4.30    -18.37  1.00000
  5518      4.30    -18.32  1.00000
  5519      4.30    -18.27  1.00000
  5520      4.30    -18.22  1.00000
  5521      4.30    -18.17  1.00000
  5522      4.30    -18.12  1.00000
  5523      4.30    -18.07  1.00000
  5524      4.30    -18.02  1.00000
  5525      4.30    -17.97  1.00000
  5526      4.30    -17.92  1.00000
  5527      4.30    -17.87  1.00000
  5528      4.30    -17.82  1.00000
  5529      4.30    -17.77  1.00000
  5530      4.30    -17.72  1.00000
  5531      4.30    -17.67  1.00000
  5532      4.30    -17.62  1.00000
  5533      4.30    -17.57  1.00000
  5534      4.30    -17.52  1.00000
  5535      4.30    -17.47  1.00000
  5536      4.30    -17.42  1.00000
  5537      4.30    -17.37  1.00000
  5538      4.30    -17.32  1.00000
  5539      4.30    -17.27  1.00000
  5540      4.30    -17.22  1.00000
  5541      4.30    -17.17  1.00000
  5542      4.30    -17.12  1.00000
  5543      4.30    -17.07  1.00000
  5544      4.30    -17.02  1.00000
  5545      4.30    -16.97  1.00000
  5546      4.30    -16.92  1.00000
  5547      4.30    -16.87  1.00000
  5548      4.30    -16.82  1.00000
  5549      4.30    -16.77  1.00000
  5550      4.30    -16.72  1.00000
  5551      4.30    -16.67  1.00000
  5552      4.30    -16.62  1.00000
  5553      4.30    -16.57  1.00000
  5554      4.30    -16.52  1.00000
  5555      4.30    -16.47  1.00000
  5556      4.30    -16.42  1.00000
  5557      4.30    -16.37  1.00000
  5558      4.30    -16.32  1.00000
  5559      4.30    -16.27  1.00000
  5560      4.30    -16.22  1.00000
  5561      4.30    -16.17  1.00000
  5562      4.30    -16.12  1.00000
  5563      4.30    -16.07  1.00000
  5564      4.30    -16.02  1.00000
  5565      4.30    -15.97  1.00000
  5566      4.30    -15.92  1.00000
  5567      4.30    -15.87  1.00000
  5568      4.30    -15.82  1.00000
  5569      4.30    -15.77  1.00000
  5570      4.30    -15.72  1.00000
  5571      4.30    -15.67  1.00000
  5572      4.30    -15.62  1.00000
  5573      4.30    -15.57  1.00000
  5574      4.30    -15.52  1.00000
  5575      4.30    -15.47  1.00000
  5576      4.30    -15.42  1.00000
  5577      4.30    -15.37  1.00000
  5578      4.35    -22.47  1.00000
  5579      4.35    -22.42  1.00000
  5580      4.35    -22.37  1.00000
  5581      4.35    -22.32  1.00000
  5582      4.35    -22.27  1.00000
  5583      4.35    -22.22  1.00000
  5584      4.35    -22.17  1.00000
  5585      4.35    -22.12  1.00000
  5586      4.35    -22.07  1.00000
  5587      4.35    -22.02  1.00000
  5588      4.35    -21.97  1.00000
  5589      4.35    -21.92  1.00000
  5590      4.35    -21.87  1.00000
  5591      4.35    -21.82  1.00000
  5592      4.35    -21.77  1.00000
  5593      4.35    -21.72  1.00000
  5594      4.35    -21.67  1.00000
  5595      4.35    -21.62  1.00000
  5596      4.35    -21.57  1.00000
  5597      4.35    -21.52  1.00000
  5598      4.35    -21.47  1.00000
  5599      4.35    -21.42  1.00000
  5600      4.35    -21.37  1.00000
  5601      4.35    -21.32  1.00000
  5602      4.35    -21.27  1.00000
  5603      4.35    -21.22  1.00000
  5604      4.35    -21.17  1.00000
  5605      4.35    -21.12  1.00000
  5606      4.35    -21.07  1.00000
  5607      4.35    -21.02  1.00000
  5608      4.35    -20.97  1.00000
  5609      4.35    -20.92  1.00000
  5610      4.35    -20.87  1.00000
  5611      4.35    -20.82  1.00000
  5612      4.35    -20.77  1.00000
  5613      4.35    -20.72  1.00000
  5614      4.35    -20.67  1.00000
  5615      4.35    -20.62  1.00000
  5616      4.35    -20.57  1.00000
  5617      4.35    -20.52  1.00000
  5618      4.35    -20.47  1.00000
  5619      4.35    -20.42  1.00000
  5620      4.35    -20.37  1.00000
  5621      4.35    -20.32  1.00000
  5622      4.35    -20.27  1.00000
  5623      4.35    -20.22  1.00000
  5624      4.35    -20.17  1.00000
  5625      4.35    -20.12  1.00000
  5626      4.35    -20.07  1.00000
  5627      4.35    -20.02  1.00000
  5628      4.35    -19.97  1.00000
  5629      4.35    -19.92  1.00000
  5630      4.35    -19.87  1.00000
  5631      4.35    -19.82  1.00000
  5632      4.35    -19.77  1.00000
  5633      4.35    -19.72  1.00000
  5634      4.35    -19.67  1.00000
  5635      4.35    -19.62  1.00000
  5636      4.35    -19.57  1.00000
  5637      4.35    -19.52  1.00000
  5638      4.35    -19.47  1.00000
  5639      4.35    -19.42  1.00000
  5640      4.35    -19.37  1.00000
  5641      4.35    -19.32  1.00000
  5642      4.35    -19.27  1.00000
  5643      4.35    -19.22  1.00000
  5644      4.35    -19.17  1.00000
  5645      4.35    -19.12  1.00000
  5646      4.35    -19.07  1.00000
  5647      4.35    -19.02  1.00000
  5648      4.35    -18.97  1.00000
  5649      4.35    -18.92  1.00000
  5650      4.35    -18.87  1.00000
  5651      4.35    -18.82  1.00000
  5652      4.35    -18.77  1.00000
  5653      4.35    -18.72  1.00000
  5654      4.35    -18.67  1.00000
  5655      4.35    -18.62  1.00000
  5656      4.35    -18.57  1.00000
  5657      4.35    -18.52  1.00000
  5658      4.35    -18.47  1.00000
  5659      4.35    -18.42  1.00000
  5660      4.35    -18.37  1.00000
  5661      4.35    -18.32  1.00000
  5662      4.35    -18.27  1.00000
  5663      4.35    -18.22  1.00000
  5664      4.35    -18.17  1.00000
  5665      4.35    -18.12  1.00000
  5666      4.35    -18.07  1.00000
  5667      4.35    -18.02  1.00000
  5668      4.35    -17.97  1.00000
  5669      4.35    -17.92  1.00000
  5670      4.35    -17.87  1.00000
  5671      4.35    -17.82  1.00000
  5672      4.35    -17.77  1.00000
  5673      4.35    -17.72  1.00000
  5674      4.35    -17.67  1.00000
  5675      4.35    -17.62  1.00000
  5676      4.35    -17.57  1.00000
  5677      4.35    -17.52  1.00000
  5678      4.35    -17.47  1.00000
  5679      4.35    -17.42  1.00000
  5680      4.35    -17.37  1.00000
  5681      4.35    -17.32  1.00000
  5682      4.35    -17.27  1.00000
  5683      4.35    -17.22  1.00000
  5684      4.35    -17.17  1.00000
  5685      4.35    -17.12  1.00000
  5686      4.35    -17.07  1.00000
  5687      4.35    -17.02  1.00000
  5688      4.35    -16.97  1.00000
  5689      4.35    -16.92  1.00000
  5690      4.35    -16.87  1.00000
  5691      4.35    -16.82  1.00000
  5692      4.35    -16.77  1.00000
  5693      4.35    -16.72  1.00000
  5694      4.35    -16.67  1.00000
  5695      4.35    -16.62  1.00000
  5696      4.35    -16.57  1.00000
  5697      4.35    -16.52  1.00000
  5698      4.35    -16.47  1.00000
  5699      4.35    -16.42  1.00000
  5700      4.35    -16.37  1.00000
  5701      4.35    -16.32  1.00000
  5702      4.35    -16.27  1.00000
  5703      4.35    -16.22  1.00000
  5704      4.35    -16.17  1.00000
  5705      4.35    -16.12  1.00000
  5706      4.35    -16.07  1.00000
  5707      4.35    -16.02  1.00000
  5708      4.35    -15.97  1.00000
  5709      4.35    -15.92  1.00000
  5710      4.35    -15.87  1.00000
  5711      4.35    -15.82  1.00000
  5712      4.35    -15.77  1.00000
  5713      4.35    -15.72  1.00000
  5714      4.35    -15.67  1.00000
  5715      4.35    -15.62  1.00000
  5716      4.35    -15.57  1.00000
  5717      4.35    -15.52  1.00000
  5718      4.35    -15.47  1.00000
  5719      4.35    -15.42  1.00000
  5720      4.35    -15.37  1.00000
  5721      4.40    -22.47  1.00000
  5722      4.40    -22.42  1.00000
  5723      4.40    -22.37  1.00000
  5724      4.40    -22.32  1.00000
  5725      4.40    -22.27  1.00000
  5726      4.40    -22.22  1.00000
  5727      4.40    -22.17  1.00000
  5728      4.40    -22.12  1.00000
  5729      4.40    -22.07  1.00000
  5730      4.40    -22.02  1.00000
  5731      4.40    -21.97  1.00000
  5732      4.40    -21.92  1.00000
  5733      4.40    -21.87  1.00000
  5734      4.40    -21.82  1.00000
  5735      4.40    -21.77  1.00000
  5736      4.40    -21.72  1.00000
  5737      4.40    -21.67  1.00000
  5738      4.40    -21.62  1.00000
  5739      4.40    -21.57  1.00000
  5740      4.40    -21.52  1.00000
  5741      4.40    -21.47  1.00000
  5742      4.40    -21.42  1.00000
  5743      4.40    -21.37  1.00000
  5744      4.40    -21.32  1.00000
  5745      4.40    -21.27  1.00000
  5746      4.40    -21.22  1.00000
  5747      4.40    -21.17  1.00000
  5748      4.40    -21.12  1.00000
  5749      4.40    -21.07  1.00000
  5750      4.40    -21.02  1.00000
  5751      4.40    -20.97  1.00000
  5752      4.40    -20.92  1.00000
  5753      4.40    -20.87  1.00000
  5754      4.40    -20.82  1.00000
  5755      4.40    -20.77  1.00000
  5756      4.40    -20.72  1.00000
  5757      4.40    -20.67  1.00000
  5758      4.40    -20.62  1.00000
  5759      4.40    -20.57  1.00000
  5760      4.40    -20.52  1.00000
  5761      4.40    -20.47  1.00000
  5762      4.40    -20.42  1.00000
  5763      4.40    -20.37  1.00000
  5764      4.40    -20.32  1.00000
  5765      4.40    -20.27  1.00000
  5766      4.40    -20.22  1.00000
  5767      4.40    -20.17  1.00000
  5768      4.40    -20.12  1.00000
  5769      4.40    -20.07  1.00000
  5770      4.40    -20.02  1.00000
  5771      4.40    -19.97  1.00000
  5772      4.40    -19.92  1.00000
  5773      4.40    -19.87  1.00000
  5774      4.40    -19.82  1.00000
  5775      4.40    -19.77  1.00000
  5776      4.40    -19.72  1.00000
  5777      4.40    -19.67  1.00000
  5778      4.40    -19.62  1.00000
  5779      4.40    -19.57  1.00000
  5780      4.40    -19.52  1.00000
  5781      4.40    -19.47  1.00000
  5782      4.40    -19.42  1.00000
  5783      4.40    -19.37  1.00000
  5784      4.40    -19.32  1.00000
  5785      4.40    -19.27  1.00000
  5786      4.40    -19.22  1.00000
  5787      4.40    -19.17  1.00000
  5788      4.40    -19.12  1.00000
  5789      4.40    -19.07  1.00000
  5790      4.40    -19.02  1.00000
  5791      4.40    -18.97  1.00000
  5792      4.40    -18.92  1.00000
  5793      4.40    -18.87  1.00000
  5794      4.40    -18.82  1.00000
  5795      4.40    -18.77  1.00000
  5796      4.40    -18.72  1.00000
  5797      4.40    -18.67  1.00000
  5798      4.40    -18.62  1.00000
  5799      4.40    -18.57  1.00000
  5800      4.40    -18.52  1.00000
  5801      4.40    -18.47  1.00000
  5802      4.40    -18.42  1.00000
  5803      4.40    -18.37  1.00000
  5804      4.40    -18.32  1.00000
  5805      4.40    -18.27  1.00000
  5806      4.40    -18.22  1.00000
  5807      4.40    -18.17  1.00000
  5808      4.40    -18.12  1.00000
  5809      4.40    -18.07  1.00000
  5810      4.40    -18.02  1.00000
  5811      4.40    -17.97  1.00000
  5812      4.40    -17.92  1.00000
  5813      4.40    -17.87  1.00000
  5814      4.40    -17.82  1.00000
  5815      4.40    -17.77  1.00000
  5816      4.40    -17.72  1.00000
  5817      4.40    -17.67  1.00000
  5818      4.40    -17.62  1.00000
  5819      4.40    -17.57  1.00000
  5820      4.40    -17.52  1.00000
  5821      4.40    -17.47  1.00000
  5822      4.40    -17.42  1.00000
  5823      4.40    -17.37  1.00000
  5824      4.40    -17.32  1.00000
  5825      4.40    -17.27  1.00000
  5826      4.40    -17.22  1.00000
  5827      4.40    -17.17  1.00000
  5828      4.40    -17.12  1.00000
  5829      4.40    -17.07  1.00000
  5830      4.40    -17.02  1.00000
  5831      4.40    -16.97  1.00000
  5832      4.40    -16.92  1.00000
  5833      4.40    -16.87  1.00000
  5834      4.40    -16.82  1.00000
  5835      4.40    -16.77  1.00000
  5836      4.40    -16.72  1.00000
  5837      4.40    -16.67  1.00000
  5838      4.40    -16.62  1.00000
  5839      4.40    -16.57  1.00000
  5840      4.40    -16.52  1.00000
  5841      4.40    -16.47  1.00000
  5842      4.40    -16.42  1.00000
  5843      4.40    -16.37  1.00000
  5844      4.40    -16.32  1.00000
  5845      4.40    -16.27  1.00000
  5846      4.40    -16.22  1.00000
  5847      4.40    -16.17  1.00000
  5848      4.40    -16.12  1.00000
  5849      4.40    -16.07  1.00000
  5850      4.40    -16.02  1.00000
  5851      4.40    -15.97  1.00000
  5852      4.40    -15.92  1.00000
  5853      4.40    -15.87  1.00000
  5854      4.40    -15.82  1.00000
  5855      4.40    -15.77  1.00000
  5856      4.40    -15.72  1.00000
  5857      4.40    -15.67  1.00000
  5858      4.40    -15.62  1.00000
  5859      4.40    -15.57  1.00000
  5860      4.40    -15.52  1.00000
  5861      4.40    -15.47  1.00000
  5862      4.40    -15.42  1.00000
  5863      4.40    -15.37  1.00000
  5864      4.45    -22.47  1.00000
  5865      4.45    -22.42  1.00000
  5866      4.45    -22.37  1.00000
  5867      4.45    -22.32  1.00000
  5868      4.45    -22.27  1.00000
  5869      4.45    -22.22  1.00000
  5870      4.45    -22.17  1.00000
  5871      4.45    -22.12  1.00000
  5872      4.45    -22.07  1.00000
  5873      4.45    -22.02  1.00000
  5874      4.45    -21.97  1.00000
  5875      4.45    -21.92  1.00000
  5876      4.45    -21.87  1.00000
  5877      4.45    -21.82  1.00000
  5878      4.45    -21.77  1.00000
  5879      4.45    -21.72  1.00000
  5880      4.45    -21.67  1.00000
  5881      4.45    -21.62  1.00000
  5882      4.45    -21.57  1.00000
  5883      4.45    -21.52  1.00000
  5884      4.45    -21.47  1.00000
  5885      4.45    -21.42  1.00000
  5886      4.45    -21.37  1.00000
  5887      4.45    -21.32  1.00000
  5888      4.45    -21.27  1.00000
  5889      4.45    -21.22  1.00000
  5890      4.45    -21.17  1.00000
  5891      4.45    -21.12  1.00000
  5892      4.45    -21.07  1.00000
  5893      4.45    -21.02  1.00000
  5894      4.45    -20.97  1.00000
  5895      4.45    -20.92  1.00000
  5896      4.45    -20.87  1.00000
  5897      4.45    -20.82  1.00000
  5898      4.45    -20.77  1.00000
  5899      4.45    -20.72  1.00000
  5900      4.45    -20.67  1.00000
  5901      4.45    -20.62  1.00000
  5902      4.45    -20.57  1.00000
  5903      4.45    -20.52  1.00000
  5904      4.45    -20.47  1.00000
  5905      4.45    -20.42  1.00000
  5906      4.45    -20.37  1.00000
  5907      4.45    -20.32  1.00000
  5908      4.45    -20.27  1.00000
  5909      4.45    -20.22  1.00000
  5910      4.45    -20.17  1.00000
  5911      4.45    -20.12  1.00000
  5912      4.45    -20.07  1.00000
  5913      4.45    -20.02  1.00000
  5914      4.45    -19.97  1.00000
  5915      4.45    -19.92  1.00000
  5916      4.45    -19.87  1.00000
  5917      4.45    -19.82  1.00000
  5918      4.45    -19.77  1.00000
  5919      4.45    -19.72  1.00000
  5920      4.45    -19.67  1.00000
  5921      4.45    -19.62  1.00000
  5922      4.45    -19.57  1.00000
  5923      4.45    -19.52  1.00000
  5924      4.45    -19.47  1.00000
  5925      4.45    -19.42  1.00000
  5926      4.45    -19.37  1.00000
  5927      4.45    -19.32  1.00000
  5928      4.45    -19.27  1.00000
  5929      4.45    -19.22  1.00000
  5930      4.45    -19.17  1.00000
  5931      4.45    -19.12  1.00000
  5932      4.45    -19.07  1.00000
  5933      4.45    -19.02  1.00000
  5934      4.45    -18.97  1.00000
  5935      4.45    -18.92  1.00000
  5936      4.45    -18.87  1.00000
  5937      4.45    -18.82  1.00000
  5938      4.45    -18.77  1.00000
  5939      4.45    -18.72  1.00000
  5940      4.45    -18.67  1.00000
  5941      4.45    -18.62  1.00000
  5942      4.45    -18.57  1.00000
  5943      4.45    -18.52  1.00000
  5944      4.45    -18.47  1.00000
  5945      4.45    -18.42  1.00000
  5946      4.45    -18.37  1.00000
  5947      4.45    -18.32  1.00000
  5948      4.45    -18.27  1.00000
  5949      4.45    -18.22  1.00000
  5950      4.45    -18.17  1.00000
  5951      4.45    -18.12  1.00000
  5952      4.45    -18.07  1.00000
  5953      4.45    -18.02  1.00000
  5954      4.45    -17.97  1.00000
  5955      4.45    -17.92  1.00000
  5956      4.45    -17.87  1.00000
  5957      4.45    -17.82  1.00000
  5958      4.45    -17.77  1.00000
  5959      4.45    -17.72  1.00000
  5960      4.45    -17.67  1.00000
  5961      4.45    -17.62  1.00000
  5962      4.45    -17.57  1.00000
  5963      4.45    -17.52  1.00000
  5964      4.45    -17.47  1.00000
  5965      4.45    -17.42  1.00000
  5966      4.45    -17.37  1.00000
  5967      4.45    -17.32  1.00000
  5968      4.45    -17.27  1.00000
  5969      4.45    -17.22  1.00000
  5970      4.45    -17.17  1.00000
  5971      4.45    -17.12  1.00000
  5972      4.45    -17.07  1.00000
  5973      4.45    -17.02  1.00000
  5974      4.45    -16.97  1.00000
  5975      4.45    -16.92  1.00000
  5976      4.45    -16.87  1.00000
  5977      4.45    -16.82  1.00000
  5978      4.45    -16.77  1.00000
  5979      4.45    -16.72  1.00000
  5980      4.45    -16.67  1.00000
  5981      4.45    -16.62  1.00000
  5982      4.45    -16.57  1.00000
  5983      4.45    -16.52  1.00000
  5984      4.45    -16.47  1.00000
  5985      4.45    -16.42  1.00000
  5986      4.45    -16.37  1.00000
  5987      4.45    -16.32  1.00000
  5988      4.45    -16.27  1.00000
  5989      4.45    -16.22  1.00000
  5990      4.45    -16.17  1.00000
  5991      4.45    -16.12  1.00000
  5992      4.45    -16.07  1.00000
  5993      4.45    -16.02  1.00000
  5994      4.45    -15.97  1.00000
  5995      4.45    -15.92  1.00000
  5996      4.45    -15.87  1.00000
  5997      4.45    -15.82  1.00000
  5998      4.45    -15.77  1.00000
  5999      4.45    -15.72  1.00000
  6000      4.45    -15.67  1.00000
  6001      4.45    -15.62  1.00000
  6002      4.45    -15.57  1.00000
  6003      4.45    -15.52  1.00000
  6004      4.45    -15.47  1.00000
  6005      4.45    -15.42  1.00000
  6006      4.45    -15.37  1.00000
  6007      4.50    -22.47  1.00000
  6008      4.50    -22.42  1.00000
  6009      4.50    -22.37  1.00000
  6010      4.50    -22.32  1.00000
  6011      4.50    -22.27  1.00000
  6012      4.50    -22.22  1.00000
  6013      4.50    -22.17  1.00000
  6014      4.50    -22.12  1.00000
  6015      4.50    -22.07  1.00000
  6016      4.50    -22.02  1.00000
  6017      4.50    -21.97  1.00000
  6018      4.50    -21.92  1.00000
  6019      4.50    -21.87  1.00000
  6020      4.50    -21.82  1.00000
  6021      4.50    -21.77  1.00000
  6022      4.50    -21.72  1.00000
  6023      4.50    -21.67  1.00000
  6024      4.50    -21.62  1.00000
  6025      4.50    -21.57  1.00000
  6026      4.50    -21.52  1.00000
  6027      4.50    -21.47  1.00000
  6028      4.50    -21.42  1.00000
  6029      4.50    -21.37  1.00000
  6030      4.50    -21.32  1.00000
  6031      4.50    -21.27  1.00000
  6032      4.50    -21.22  1.00000
  6033      4.50    -21.17  1.00000
  6034      4.50    -21.12  1.00000
  6035      4.50    -21.07  1.00000
  6036      4.50    -21.02  1.00000
  6037      4.50    -20.97  1.00000
  6038      4.50    -20.92  1.00000
  6039      4.50    -20.87  1.00000
  6040      4.50    -20.82  1.00000
  6041      4.50    -20.77  1.00000
  6042      4.50    -20.72  1.00000
  6043      4.50    -20.67  1.00000
  6044      4.50    -20.62  1.00000
  6045      4.50    -20.57  1.00000
  6046      4.50    -20.52  1.00000
  6047      4.50    -20.47  1.00000
  6048      4.50    -20.42  1.00000
  6049      4.50    -20.37  1.00000
  6050      4.50    -20.32  1.00000
  6051      4.50    -20.27  1.00000
  6052      4.50    -20.22  1.00000
  6053      4.50    -20.17  1.00000
  6054      4.50    -20.12  1.00000
  6055      4.50    -20.07  1.00000
  6056      4.50    -20.02  1.00000
  6057      4.50    -19.97  1.00000
  6058      4.50    -19.92  1.00000
  6059      4.50    -19.87  1.00000
  6060      4.50    -19.82  1.00000
  6061      4.50    -19.77  1.00000
  6062      4.50    -19.72  1.00000
  6063      4.50    -19.67  1.00000
  6064      4.50    -19.62  1.00000
  6065      4.50    -19.57  1.00000
  6066      4.50    -19.52  1.00000
  6067      4.50    -19.47  1.00000
  6068      4.50    -19.42  1.00000
  6069      4.50    -19.37  1.00000
  6070      4.50    -19.32  1.00000
  6071      4.50    -19.27  1.00000
  6072      4.50    -19.22  1.00000
  6073      4.50    -19.17  1.00000
  6074      4.50    -19.12  1.00000
  6075      4.50    -19.07  1.00000
  6076      4.50    -19.02  1.00000
  6077      4.50    -18.97  1.00000
  6078      4.50    -18.92  1.00000
  6079      4.50    -18.87  1.00000
  6080      4.50    -18.82  1.00000
  6081      4.50    -18.77  1.00000
  6082      4.50    -18.72  1.00000
  6083      4.50    -18.67  1.00000
  6084      4.50    -18.62  1.00000
  6085      4.50    -18.57  1.00000
  6086      4.50    -18.52  1.00000
  6087      4.50    -18.47  1.00000
  6088      4.50    -18.42  1.00000
  6089      4.50    -18.37  1.00000
  6090      4.50    -18.32  1.00000
  6091      4.50    -18.27  1.00000
  6092      4.50    -18.22  1.00000
  6093      4.50    -18.17  1.00000
  6094      4.50    -18.12  1.00000
  6095      4.50    -18.07  1.00000
  6096      4.50    -18.02  1.00000
  6097      4.50    -17.97  1.00000
  6098      4.50    -17.92  1.00000
  6099      4.50    -17.87  1.00000
  6100      4.50    -17.82  1.00000
  6101      4.50    -17.77  1.00000
  6102      4.50    -17.72  1.00000
  6103      4.50    -17.67  1.00000
  6104      4.50    -17.62  1.00000
  6105      4.50    -17.57  1.00000
  6106      4.50    -17.52  1.00000
  6107      4.50    -17.47  1.00000
  6108      4.50    -17.42  1.00000
  6109      4.50    -17.37  1.00000
  6110      4.50    -17.32  1.00000
  6111      4.50    -17.27  1.00000
  6112      4.50    -17.22  1.00000
  6113      4.50    -17.17  1.00000
  6114      4.50    -17.12  1.00000
  6115      4.50    -17.07  1.00000
  6116      4.50    -17.02  1.00000
  6117      4.50    -16.97  1.00000
  6118      4.50    -16.92  1.00000
  6119      4.50    -16.87  1.00000
  6120      4.50    -16.82  1.00000
  6121      4.50    -16.77  1.00000
  6122      4.50    -16.72  1.00000
  6123      4.50    -16.67  1.00000
  6124      4.50    -16.62  1.00000
  6125      4.50    -16.57  1.00000
  6126      4.50    -16.52  1.00000
  6127      4.50    -16.47  1.00000
  6128      4.50    -16.42  1.00000
  6129      4.50    -16.37  1.00000
  6130      4.50    -16.32  1.00000
  6131      4.50    -16.27  1.00000
  6132      4.50    -16.22  1.00000
  6133      4.50    -16.17  1.00000
  6134      4.50    -16.12  1.00000
  6135      4.50    -16.07  1.00000
  6136      4.50    -16.02  1.00000
  6137      4.50    -15.97  1.00000
  6138      4.50    -15.92  1.00000
  6139      4.50    -15.87  1.00000
  6140      4.50    -15.82  1.00000
  6141      4.50    -15.77  1.00000
  6142      4.50    -15.72  1.00000
  6143      4.50    -15.67  1.00000
  6144      4.50    -15.62  1.00000
  6145      4.50    -15.57  1.00000
  6146      4.50    -15.52  1.00000
  6147      4.50    -15.47  1.00000
  6148      4.50    -15.42  1.00000
  6149      4.50    -15.37  1.00000
  6150      4.55    -22.47  1.00000
  6151      4.55    -22.42  1.00000
  6152      4.55    -22.37  1.00000
  6153      4.55    -22.32  1.00000
  6154      4.55    -22.27  1.00000
  6155      4.55    -22.22  1.00000
  6156      4.55    -22.17  1.00000
  6157      4.55    -22.12  1.00000
  6158      4.55    -22.07  1.00000
  6159      4.55    -22.02  1.00000
  6160      4.55    -21.97  1.00000
  6161      4.55    -21.92  1.00000
  6162      4.55    -21.87  1.00000
  6163      4.55    -21.82  1.00000
  6164      4.55    -21.77  1.00000
  6165      4.55    -21.72  1.00000
  6166      4.55    -21.67  1.00000
  6167      4.55    -21.62  1.00000
  6168      4.55    -21.57  1.00000
  6169      4.55    -21.52  1.00000
  6170      4.55    -21.47  1.00000
  6171      4.55    -21.42  1.00000
  6172      4.55    -21.37  1.00000
  6173      4.55    -21.32  1.00000
  6174      4.55    -21.27  1.00000
  6175      4.55    -21.22  1.00000
  6176      4.55    -21.17  1.00000
  6177      4.55    -21.12  1.00000
  6178      4.55    -21.07  1.00000
  6179      4.55    -21.02  1.00000
  6180      4.55    -20.97  1.00000
  6181      4.55    -20.92  1.00000
  6182      4.55    -20.87  1.00000
  6183      4.55    -20.82  1.00000
  6184      4.55    -20.77  1.00000
  6185      4.55    -20.72  1.00000
  6186      4.55    -20.67  1.00000
  6187      4.55    -20.62  1.00000
  6188      4.55    -20.57  1.00000
  6189      4.55    -20.52  1.00000
  6190      4.55    -20.47  1.00000
  6191      4.55    -20.42  1.00000
  6192      4.55    -20.37  1.00000
  6193      4.55    -20.32  1.00000
  6194      4.55    -20.27  1.00000
  6195      4.55    -20.22  1.00000
  6196      4.55    -20.17  1.00000
  6197      4.55    -20.12  1.00000
  6198      4.55    -20.07  1.00000
  6199      4.55    -20.02  1.00000
  6200      4.55    -19.97  1.00000
  6201      4.55    -19.92  1.00000
  6202      4.55    -19.87  1.00000
  6203      4.55    -19.82  1.00000
  6204      4.55    -19.77  1.00000
  6205      4.55    -19.72  1.00000
  6206      4.55    -19.67  1.00000
  6207      4.55    -19.62  1.00000
  6208      4.55    -19.57  1.00000
  6209      4.55    -19.52  1.00000
  6210      4.55    -19.47  1.00000
  6211      4.55    -19.42  1.00000
  6212      4.55    -19.37  1.00000
  6213      4.55    -19.32  1.00000
  6214      4.55    -19.27  1.00000
  6215      4.55    -19.22  1.00000
  6216      4.55    -19.17  1.00000
  6217      4.55    -19.12  1.00000
  6218      4.55    -19.07  1.00000
  6219      4.55    -19.02  1.00000
  6220      4.55    -18.97  1.00000
  6221      4.55    -18.92  1.00000
  6222      4.55    -18.87  1.00000
  6223      4.55    -18.82  1.00000
  6224      4.55    -18.77  1.00000
  6225      4.55    -18.72  1.00000
  6226      4.55    -18.67  1.00000
  6227      4.55    -18.62  1.00000
  6228      4.55    -18.57  1.00000
  6229      4.55    -18.52  1.00000
  6230      4.55    -18.47  1.00000
  6231      4.55    -18.42  1.00000
  6232      4.55    -18.37  1.00000
  6233      4.55    -18.32  1.00000
  6234      4.55    -18.27  1.00000
  6235      4.55    -18.22  1.00000
  6236      4.55    -18.17  1.00000
  6237      4.55    -18.12  1.00000
  6238      4.55    -18.07  1.00000
  6239      4.55    -18.02  1.00000
  6240      4.55    -17.97  1.00000
  6241      4.55    -17.92  1.00000
  6242      4.55    -17.87  1.00000
  6243      4.55    -17.82  1.00000
  6244      4.55    -17.77  1.00000
  6245      4.55    -17.72  1.00000
  6246      4.55    -17.67  1.00000
  6247      4.55    -17.62  1.00000
  6248      4.55    -17.57  1.00000
  6249      4.55    -17.52  1.00000
  6250      4.55    -17.47  1.00000
  6251      4.55    -17.42  1.00000
  6252      4.55    -17.37  1.00000
  6253      4.55    -17.32  1.00000
  6254      4.55    -17.27  1.00000
  6255      4.55    -17.22  1.00000
  6256      4.55    -17.17  1.00000
  6257      4.55    -17.12  1.00000
  6258      4.55    -17.07  1.00000
  6259      4.55    -17.02  1.00000
  6260      4.55    -16.97  1.00000
  6261      4.55    -16.92  1.00000
  6262      4.55    -16.87  1.00000
  6263      4.55    -16.82  1.00000
  6264      4.55    -16.77  1.00000
  6265      4.55    -16.72  1.00000
  6266      4.55    -16.67  1.00000
  6267      4.55    -16.62  1.00000
  6268      4.55    -16.57  1.00000
  6269      4.55    -16.52  1.00000
  6270      4.55    -16.47  1.00000
  6271      4.55    -16.42  1.00000
  6272      4.55    -16.37  1.00000
  6273      4.55    -16.32  1.00000
  6274      4.55    -16.27  1.00000
  6275      4.55    -16.22  1.00000
  6276      4.55    -16.17  1.00000
  6277      4.55    -16.12  1.00000
  6278      4.55    -16.07  1.00000
  6279      4.55    -16.02  1.00000
  6280      4.55    -15.97  1.00000
  6281      4.55    -15.92  1.00000
  6282      4.55    -15.87  1.00000
  6283      4.55    -15.82  1.00000
  6284      4.55    -15.77  1.00000
  6285      4.55    -15.72  1.00000
  6286      4.55    -15.67  1.00000
  6287      4.55    -15.62  1.00000
  6288      4.55    -15.57  1.00000
  6289      4.55    -15.52  1.00000
  6290      4.55    -15.47  1.00000
  6291      4.55    -15.42  1.00000
  6292      4.55    -15.37  1.00000
  6293      4.60    -22.47  1.00000
  6294      4.60    -22.42  1.00000
  6295      4.60    -22.37  1.00000
  6296      4.60    -22.32  1.00000
  6297      4.60    -22.27  1.00000
  6298      4.60    -22.22  1.00000
  6299      4.60    -22.17  1.00000
  6300      4.60    -22.12  1.00000
  6301      4.60    -22.07  1.00000
  6302      4.60    -22.02  1.00000
  6303      4.60    -21.97  1.00000
  6304      4.60    -21.92  1.00000
  6305      4.60    -21.87  1.00000
  6306      4.60    -21.82  1.00000
  6307      4.60    -21.77  1.00000
  6308      4.60    -21.72  1.00000
  6309      4.60    -21.67  1.00000
  6310      4.60    -21.62  1.00000
  6311      4.60    -21.57  1.00000
  6312      4.60    -21.52  1.00000
  6313      4.60    -21.47  1.00000
  6314      4.60    -21.42  1.00000
  6315      4.60    -21.37  1.00000
  6316      4.60    -21.32  1.00000
  6317      4.60    -21.27  1.00000
  6318      4.60    -21.22  1.00000
  6319      4.60    -21.17  1.00000
  6320      4.60    -21.12  1.00000
  6321      4.60    -21.07  1.00000
  6322      4.60    -21.02  1.00000
  6323      4.60    -20.97  1.00000
  6324      4.60    -20.92  1.00000
  6325      4.60    -20.87  1.00000
  6326      4.60    -20.82  1.00000
  6327      4.60    -20.77  1.00000
  6328      4.60    -20.72  1.00000
  6329      4.60    -20.67  1.00000
  6330      4.60    -20.62  1.00000
  6331      4.60    -20.57  1.00000
  6332      4.60    -20.52  1.00000
  6333      4.60    -20.47  1.00000
  6334      4.60    -20.42  1.00000
  6335      4.60    -20.37  1.00000
  6336      4.60    -20.32  1.00000
  6337      4.60    -20.27  1.00000
  6338      4.60    -20.22  1.00000
  6339      4.60    -20.17  1.00000
  6340      4.60    -20.12  1.00000
  6341      4.60    -20.07  1.00000
  6342      4.60    -20.02  1.00000
  6343      4.60    -19.97  1.00000
  6344      4.60    -19.92  1.00000
  6345      4.60    -19.87  1.00000
  6346      4.60    -19.82  1.00000
  6347      4.60    -19.77  1.00000
  6348      4.60    -19.72  1.00000
  6349      4.60    -19.67  1.00000
  6350      4.60    -19.62  1.00000
  6351      4.60    -19.57  1.00000
  6352      4.60    -19.52  1.00000
  6353      4.60    -19.47  1.00000
  6354      4.60    -19.42  1.00000
  6355      4.60    -19.37  1.00000
  6356      4.60    -19.32  1.00000
  6357      4.60    -19.27  1.00000
  6358      4.60    -19.22  1.00000
  6359      4.60    -19.17  1.00000
  6360      4.60    -19.12  1.00000
  6361      4.60    -19.07  1.00000
  6362      4.60    -19.02  1.00000
  6363      4.60    -18.97  1.00000
  6364      4.60    -18.92  1.00000
  6365      4.60    -18.87  1.00000
  6366      4.60    -18.82  1.00000
  6367      4.60    -18.77  1.00000
  6368      4.60    -18.72  1.00000
  6369      4.60    -18.67  1.00000
  6370      4.60    -18.62  1.00000
  6371      4.60    -18.57  1.00000
  6372      4.60    -18.52  1.00000
  6373      4.60    -18.47  1.00000
  6374      4.60    -18.42  1.00000
  6375      4.60    -18.37  1.00000
  6376      4.60    -18.32  1.00000
  6377      4.60    -18.27  1.00000
  6378      4.60    -18.22  1.00000
  6379      4.60    -18.17  1.00000
  6380      4.60    -18.12  1.00000
  6381      4.60    -18.07  1.00000
  6382      4.60    -18.02  1.00000
  6383      4.60    -17.97  1.00000
  6384      4.60    -17.92  1.00000
  6385      4.60    -17.87  1.00000
  6386      4.60    -17.82  1.00000
  6387      4.60    -17.77  1.00000
  6388      4.60    -17.72  1.00000
  6389      4.60    -17.67  1.00000
  6390      4.60    -17.62  1.00000
  6391      4.60    -17.57  1.00000
  6392      4.60    -17.52  1.00000
  6393      4.60    -17.47  1.00000
  6394      4.60    -17.42  1.00000
  6395      4.60    -17.37  1.00000
  6396      4.60    -17.32  1.00000
  6397      4.60    -17.27  1.00000
  6398      4.60    -17.22  1.00000
  6399      4.60    -17.17  1.00000
  6400      4.60    -17.12  1.00000
  6401      4.60    -17.07  1.00000
  6402      4.60    -17.02  1.00000
  6403      4.60    -16.97  1.00000
  6404      4.60    -16.92  1.00000
  6405      4.60    -16.87  1.00000
  6406      4.60    -16.82  1.00000
  6407      4.60    -16.77  1.00000
  6408      4.60    -16.72  1.00000
  6409      4.60    -16.67  1.00000
  6410      4.60    -16.62  1.00000
  6411      4.60    -16.57  1.00000
  6412      4.60    -16.52  1.00000
  6413      4.60    -16.47  1.00000
  6414      4.60    -16.42  1.00000
  6415      4.60    -16.37  1.00000
  6416      4.60    -16.32  1.00000
  6417      4.60    -16.27  1.00000
  6418      4.60    -16.22  1.00000
  6419      4.60    -16.17  1.00000
  6420      4.60    -16.12  1.00000
  6421      4.60    -16.07  1.00000
  6422      4.60    -16.02  1.00000
  6423      4.60    -15.97  1.00000
  6424      4.60    -15.92  1.00000
  6425      4.60    -15.87  1.00000
  6426      4.60    -15.82  1.00000
  6427      4.60    -15.77  1.00000
  6428      4.60    -15.72  1.00000
  6429      4.60    -15.67  1.00000
  6430      4.60    -15.62  1.00000
  6431      4.60    -15.57  1.00000
  6432      4.60    -15.52  1.00000
  6433      4.60    -15.47  1.00000
  6434      4.60    -15.42  1.00000
  6435      4.60    -15.37  1.00000
  6436      4.65    -22.47  1.00000
  6437      4.65    -22.42  1.00000
  6438      4.65    -22.37  1.00000
  6439      4.65    -22.32  1.00000
  6440      4.65    -22.27  1.00000
  6441      4.65    -22.22  1.00000
  6442      4.65    -22.17  1.00000
  6443      4.65    -22.12  1.00000
  6444      4.65    -22.07  1.00000
  6445      4.65    -22.02  1.00000
  6446      4.65    -21.97  1.00000
  6447      4.65    -21.92  1.00000
  6448      4.65    -21.87  1.00000
  6449      4.65    -21.82  1.00000
  6450      4.65    -21.77  1.00000
  6451      4.65    -21.72  1.00000
  6452      4.65    -21.67  1.00000
  6453      4.65    -21.62  1.00000
  6454      4.65    -21.57  1.00000
  6455      4.65    -21.52  1.00000
  6456      4.65    -21.47  1.00000
  6457      4.65    -21.42  1.00000
  6458      4.65    -21.37  1.00000
  6459      4.65    -21.32  1.00000
  6460      4.65    -21.27  1.00000
  6461      4.65    -21.22  1.00000
  6462      4.65    -21.17  1.00000
  6463      4.65    -21.12  1.00000
  6464      4.65    -21.07  1.00000
  6465      4.65    -21.02  1.00000
  6466      4.65    -20.97  1.00000
  6467      4.65    -20.92  1.00000
  6468      4.65    -20.87  1.00000
  6469      4.65    -20.82  1.00000
  6470      4.65    -20.77  1.00000
  6471      4.65    -20.72  1.00000
  6472      4.65    -20.67  1.00000
  6473      4.65    -20.62  1.00000
  6474      4.65    -20.57  1.00000
  6475      4.65    -20.52  1.00000
  6476      4.65    -20.47  1.00000
  6477      4.65    -20.42  1.00000
  6478      4.65    -20.37  1.00000
  6479      4.65    -20.32  1.00000
  6480      4.65    -20.27  1.00000
  6481      4.65    -20.22  1.00000
  6482      4.65    -20.17  1.00000
  6483      4.65    -20.12  1.00000
  6484      4.65    -20.07  1.00000
  6485      4.65    -20.02  1.00000
  6486      4.65    -19.97  1.00000
  6487      4.65    -19.92  1.00000
  6488      4.65    -19.87  1.00000
  6489      4.65    -19.82  1.00000
  6490      4.65    -19.77  1.00000
  6491      4.65    -19.72  1.00000
  6492      4.65    -19.67  1.00000
  6493      4.65    -19.62  1.00000
  6494      4.65    -19.57  1.00000
  6495      4.65    -19.52  1.00000
  6496      4.65    -19.47  1.00000
  6497      4.65    -19.42  1.00000
  6498      4.65    -19.37  1.00000
  6499      4.65    -19.32  1.00000
  6500      4.65    -19.27  1.00000
  6501      4.65    -19.22  1.00000
  6502      4.65    -19.17  1.00000
  6503      4.65    -19.12  1.00000
  6504      4.65    -19.07  1.00000
  6505      4.65    -19.02  1.00000
  6506      4.65    -18.97  1.00000
  6507      4.65    -18.92  1.00000
  6508      4.65    -18.87  1.00000
  6509      4.65    -18.82  1.00000
  6510      4.65    -18.77  1.00000
  6511      4.65    -18.72  1.00000
  6512      4.65    -18.67  1.00000
  6513      4.65    -18.62  1.00000
  6514      4.65    -18.57  1.00000
  6515      4.65    -18.52  1.00000
  6516      4.65    -18.47  1.00000
  6517      4.65    -18.42  1.00000
  6518      4.65    -18.37  1.00000
  6519      4.65    -18.32  1.00000
  6520      4.65    -18.27  1.00000
  6521      4.65    -18.22  1.00000
  6522      4.65    -18.17  1.00000
  6523      4.65    -18.12  1.00000
  6524      4.65    -18.07  1.00000
  6525      4.65    -18.02  1.00000
  6526      4.65    -17.97  1.00000
  6527      4.65    -17.92  1.00000
  6528      4.65    -17.87  1.00000
  6529      4.65    -17.82  1.00000
  6530      4.65    -17.77  1.00000
  6531      4.65    -17.72  1.00000
  6532      4.65    -17.67  1.00000
  6533      4.65    -17.62  1.00000
  6534      4.65    -17.57  1.00000
  6535      4.65    -17.52  1.00000
  6536      4.65    -17.47  1.00000
  6537      4.65    -17.42  1.00000
  6538      4.65    -17.37  1.00000
  6539      4.65    -17.32  1.00000
  6540      4.65    -17.27  1.00000
  6541      4.65    -17.22  1.00000
  6542      4.65    -17.17  1.00000
  6543      4.65    -17.12  1.00000
  6544      4.65    -17.07  1.00000
  6545      4.65    -17.02  1.00000
  6546      4.65    -16.97  1.00000
  6547      4.65    -16.92  1.00000
  6548      4.65    -16.87  1.00000
  6549      4.65    -16.82  1.00000
  6550      4.65    -16.77  1.00000
  6551      4.65    -16.72  1.00000
  6552      4.65    -16.67  1.00000
  6553      4.65    -16.62  1.00000
  6554      4.65    -16.57  1.00000
  6555      4.65    -16.52  1.00000
  6556      4.65    -16.47  1.00000
  6557      4.65    -16.42  1.00000
  6558      4.65    -16.37  1.00000
  6559      4.65    -16.32  1.00000
  6560      4.65    -16.27  1.00000
  6561      4.65    -16.22  1.00000
  6562      4.65    -16.17  1.00000
  6563      4.65    -16.12  1.00000
  6564      4.65    -16.07  1.00000
  6565      4.65    -16.02  1.00000
  6566      4.65    -15.97  1.00000
  6567      4.65    -15.92  1.00000
  6568      4.65    -15.87  1.00000
  6569      4.65    -15.82  1.00000
  6570      4.65    -15.77  1.00000
  6571      4.65    -15.72  1.00000
  6572      4.65    -15.67  1.00000
  6573      4.65    -15.62  1.00000
  6574      4.65    -15.57  1.00000
  6575      4.65    -15.52  1.00000
  6576      4.65    -15.47  1.00000
  6577      4.65    -15.42  1.00000
  6578      4.65    -15.37  1.00000
  6579      4.70    -22.47  1.00000
  6580      4.70    -22.42  1.00000
  6581      4.70    -22.37  1.00000
  6582      4.70    -22.32  1.00000
  6583      4.70    -22.27  1.00000
  6584      4.70    -22.22  1.00000
  6585      4.70    -22.17  1.00000
  6586      4.70    -22.12  1.00000
  6587      4.70    -22.07  1.00000
  6588      4.70    -22.02  1.00000
  6589      4.70    -21.97  1.00000
  6590      4.70    -21.92  1.00000
  6591      4.70    -21.87  1.00000
  6592      4.70    -21.82  1.00000
  6593      4.70    -21.77  1.00000
  6594      4.70    -21.72  1.00000
  6595      4.70    -21.67  1.00000
  6596      4.70    -21.62  1.00000
  6597      4.70    -21.57  1.00000
  6598      4.70    -21.52  1.00000
  6599      4.70    -21.47  1.00000
  6600      4.70    -21.42  1.00000
  6601      4.70    -21.37  1.00000
  6602      4.70    -21.32  1.00000
  6603      4.70    -21.27  1.00000
  6604      4.70    -21.22  1.00000
  6605      4.70    -21.17  1.00000
  6606      4.70    -21.12  1.00000
  6607      4.70    -21.07  1.00000
  6608      4.70    -21.02  1.00000
  6609      4.70    -20.97  1.00000
  6610      4.70    -20.92  1.00000
  6611      4.70    -20.87  1.00000
  6612      4.70    -20.82  1.00000
  6613      4.70    -20.77  1.00000
  6614      4.70    -20.72  1.00000
  6615      4.70    -20.67  1.00000
  6616      4.70    -20.62  1.00000
  6617      4.70    -20.57  1.00000
  6618      4.70    -20.52  1.00000
  6619      4.70    -20.47  1.00000
  6620      4.70    -20.42  1.00000
  6621      4.70    -20.37  1.00000
  6622      4.70    -20.32  1.00000
  6623      4.70    -20.27  1.00000
  6624      4.70    -20.22  1.00000
  6625      4.70    -20.17  1.00000
  6626      4.70    -20.12  1.00000
  6627      4.70    -20.07  1.00000
  6628      4.70    -20.02  1.00000
  6629      4.70    -19.97  1.00000
  6630      4.70    -19.92  1.00000
  6631      4.70    -19.87  1.00000
  6632      4.70    -19.82  1.00000
  6633      4.70    -19.77  1.00000
  6634      4.70    -19.72  1.00000
  6635      4.70    -19.67  1.00000
  6636      4.70    -19.62  1.00000
  6637      4.70    -19.57  1.00000
  6638      4.70    -19.52  1.00000
  6639      4.70    -19.47  1.00000
  6640      4.70    -19.42  1.00000
  6641      4.70    -19.37  1.00000
  6642      4.70    -19.32  1.00000
  6643      4.70    -19.27  1.00000
  6644      4.70    -19.22  1.00000
  6645      4.70    -19.17  1.00000
  6646      4.70    -19.12  1.00000
  6647      4.70    -19.07  1.00000
  6648      4.70    -19.02  1.00000
  6649      4.70    -18.97  1.00000
  6650      4.70    -18.92  1.00000
  6651      4.70    -18.87  1.00000
  6652      4.70    -18.82  1.00000
  6653      4.70    -18.77  1.00000
  6654      4.70    -18.72  1.00000
  6655      4.70    -18.67  1.00000
  6656      4.70    -18.62  1.00000
  6657      4.70    -18.57  1.00000
  6658      4.70    -18.52  1.00000
  6659      4.70    -18.47  1.00000
  6660      4.70    -18.42  1.00000
  6661      4.70    -18.37  1.00000
  6662      4.70    -18.32  1.00000
  6663      4.70    -18.27  1.00000
  6664      4.70    -18.22  1.00000
  6665      4.70    -18.17  1.00000
  6666      4.70    -18.12  1.00000
  6667      4.70    -18.07  1.00000
  6668      4.70    -18.02  1.00000
  6669      4.70    -17.97  1.00000
  6670      4.70    -17.92  1.00000
  6671      4.70    -17.87  1.00000
  6672      4.70    -17.82  1.00000
  6673      4.70    -17.77  1.00000
  6674      4.70    -17.72  1.00000
  6675      4.70    -17.67  1.00000
  6676      4.70    -17.62  1.00000
  6677      4.70    -17.57  1.00000
  6678      4.70    -17.52  1.00000
  6679      4.70    -17.47  1.00000
  6680      4.70    -17.42  1.00000
  6681      4.70    -17.37  1.00000
  6682      4.70    -17.32  1.00000
  6683      4.70    -17.27  1.00000
  6684      4.70    -17.22  1.00000
  6685      4.70    -17.17  1.00000
  6686      4.70    -17.12  1.00000
  6687      4.70    -17.07  1.00000
  6688      4.70    -17.02  1.00000
  6689      4.70    -16.97  1.00000
  6690      4.70    -16.92  1.00000
  6691      4.70    -16.87  1.00000
  6692      4.70    -16.82  1.00000
  6693      4.70    -16.77  1.00000
  6694      4.70    -16.72  1.00000
  6695      4.70    -16.67  1.00000
  6696      4.70    -16.62  1.00000
  6697      4.70    -16.57  1.00000
  6698      4.70    -16.52  1.00000
  6699      4.70    -16.47  1.00000
  6700      4.70    -16.42  1.00000
  6701      4.70    -16.37  1.00000
  6702      4.70    -16.32  1.00000
  6703      4.70    -16.27  1.00000
  6704      4.70    -16.22  1.00000
  6705      4.70    -16.17  1.00000
  6706      4.70    -16.12  1.00000
  6707      4.70    -16.07  1.00000
  6708      4.70    -16.02  1.00000
  6709      4.70    -15.97  1.00000
  6710      4.70    -15.92  1.00000
  6711      4.70    -15.87  1.00000
  6712      4.70    -15.82  1.00000
  6713      4.70    -15.77  1.00000
  6714      4.70    -15.72  1.00000
  6715      4.70    -15.67  1.00000
  6716      4.70    -15.62  1.00000
  6717      4.70    -15.57  1.00000
  6718      4.70    -15.52  1.00000
  6719      4.70    -15.47  1.00000
  6720      4.70    -15.42  1.00000
  6721      4.70    -15.37  1.00000
  6722      4.75    -22.47  1.00000
  6723      4.75    -22.42  1.00000
  6724      4.75    -22.37  1.00000
  6725      4.75    -22.32  1.00000
  6726      4.75    -22.27  1.00000
  6727      4.75    -22.22  1.00000
  6728      4.75    -22.17  1.00000
  6729      4.75    -22.12  1.00000
  6730      4.75    -22.07  1.00000
  6731      4.75    -22.02  1.00000
  6732      4.75    -21.97  1.00000
  6733      4.75    -21.92  1.00000
  6734      4.75    -21.87  1.00000
  6735      4.75    -21.82  1.00000
  6736      4.75    -21.77  1.00000
  6737      4.75    -21.72  1.00000
  6738      4.75    -21.67  1.00000
  6739      4.75    -21.62  1.00000
  6740      4.75    -21.57  1.00000
  6741      4.75    -21.52  1.00000
  6742      4.75    -21.47  1.00000
  6743      4.75    -21.42  1.00000
  6744      4.75    -21.37  1.00000
  6745      4.75    -21.32  1.00000
  6746      4.75    -21.27  1.00000
  6747      4.75    -21.22  1.00000
  6748      4.75    -21.17  1.00000
  6749      4.75    -21.12  1.00000
  6750      4.75    -21.07  1.00000
  6751      4.75    -21.02  1.00000
  6752      4.75    -20.97  1.00000
  6753      4.75    -20.92  1.00000
  6754      4.75    -20.87  1.00000
  6755      4.75    -20.82  1.00000
  6756      4.75    -20.77  1.00000
  6757      4.75    -20.72  1.00000
  6758      4.75    -20.67  1.00000
  6759      4.75    -20.62  1.00000
  6760      4.75    -20.57  1.00000
  6761      4.75    -20.52  1.00000
  6762      4.75    -20.47  1.00000
  6763      4.75    -20.42  1.00000
  6764      4.75    -20.37  1.00000
  6765      4.75    -20.32  1.00000
  6766      4.75    -20.27  1.00000
  6767      4.75    -20.22  1.00000
  6768      4.75    -20.17  1.00000
  6769      4.75    -20.12  1.00000
  6770      4.75    -20.07  1.00000
  6771      4.75    -20.02  1.00000
  6772      4.75    -19.97  1.00000
  6773      4.75    -19.92  1.00000
  6774      4.75    -19.87  1.00000
  6775      4.75    -19.82  1.00000
  6776      4.75    -19.77  1.00000
  6777      4.75    -19.72  1.00000
  6778      4.75    -19.67  1.00000
  6779      4.75    -19.62  1.00000
  6780      4.75    -19.57  1.00000
  6781      4.75    -19.52  1.00000
  6782      4.75    -19.47  1.00000
  6783      4.75    -19.42  1.00000
  6784      4.75    -19.37  1.00000
  6785      4.75    -19.32  1.00000
  6786      4.75    -19.27  1.00000
  6787      4.75    -19.22  1.00000
  6788      4.75    -19.17  1.00000
  6789      4.75    -19.12  1.00000
  6790      4.75    -19.07  1.00000
  6791      4.75    -19.02  1.00000
  6792      4.75    -18.97  1.00000
  6793      4.75    -18.92  1.00000
  6794      4.75    -18.87  1.00000
  6795      4.75    -18.82  1.00000
  6796      4.75    -18.77  1.00000
  6797      4.75    -18.72  1.00000
  6798      4.75    -18.67  1.00000
  6799      4.75    -18.62  1.00000
  6800      4.75    -18.57  1.00000
  6801      4.75    -18.52  1.00000
  6802      4.75    -18.47  1.00000
  6803      4.75    -18.42  1.00000
  6804      4.75    -18.37  1.00000
  6805      4.75    -18.32  1.00000
  6806      4.75    -18.27  1.00000
  6807      4.75    -18.22  1.00000
  6808      4.75    -18.17  1.00000
  6809      4.75    -18.12  1.00000
  6810      4.75    -18.07  1.00000
  6811      4.75    -18.02  1.00000
  6812      4.75    -17.97  1.00000
  6813      4.75    -17.92  1.00000
  6814      4.75    -17.87  1.00000
  6815      4.75    -17.82  1.00000
  6816      4.75    -17.77  1.00000
  6817      4.75    -17.72  1.00000
  6818      4.75    -17.67  1.00000
  6819      4.75    -17.62  1.00000
  6820      4.75    -17.57  1.00000
  6821      4.75    -17.52  1.00000
  6822      4.75    -17.47  1.00000
  6823      4.75    -17.42  1.00000
  6824      4.75    -17.37  1.00000
  6825      4.75    -17.32  1.00000
  6826      4.75    -17.27  1.00000
  6827      4.75    -17.22  1.00000
  6828      4.75    -17.17  1.00000
  6829      4.75    -17.12  1.00000
  6830      4.75    -17.07  1.00000
  6831      4.75    -17.02  1.00000
  6832      4.75    -16.97  1.00000
  6833      4.75    -16.92  1.00000
  6834      4.75    -16.87  1.00000
  6835      4.75    -16.82  1.00000
  6836      4.75    -16.77  1.00000
  6837      4.75    -16.72  1.00000
  6838      4.75    -16.67  1.00000
  6839      4.75    -16.62  1.00000
  6840      4.75    -16.57  1.00000
  6841      4.75    -16.52  1.00000
  6842      4.75    -16.47  1.00000
  6843      4.75    -16.42  1.00000
  6844      4.75    -16.37  1.00000
  6845      4.75    -16.32  1.00000
  6846      4.75    -16.27  1.00000
  6847      4.75    -16.22  1.00000
  6848      4.75    -16.17  1.00000
  6849      4.75    -16.12  1.00000
  6850      4.75    -16.07  1.00000
  6851      4.75    -16.02  1.00000
  6852      4.75    -15.97  1.00000
  6853      4.75    -15.92  1.00000
  6854      4.75    -15.87  1.00000
  6855      4.75    -15.82  1.00000
  6856      4.75    -15.77  1.00000
  6857      4.75    -15.72  1.00000
  6858      4.75    -15.67  1.00000
  6859      4.75    -15.62  1.00000
  6860      4.75    -15.57  1.00000
  6861      4.75    -15.52  1.00000
  6862      4.75    -15.47  1.00000
  6863      4.75    -15.42  1.00000
  6864      4.75    -15.37  1.00000
  6865      4.80    -22.47  1.00000
  6866      4.80    -22.42  1.00000
  6867      4.80    -22.37  1.00000
  6868      4.80    -22.32  1.00000
  6869      4.80    -22.27  1.00000
  6870      4.80    -22.22  1.00000
  6871      4.80    -22.17  1.00000
  6872      4.80    -22.12  1.00000
  6873      4.80    -22.07  1.00000
  6874      4.80    -22.02  1.00000
  6875      4.80    -21.97  1.00000
  6876      4.80    -21.92  1.00000
  6877      4.80    -21.87  1.00000
  6878      4.80    -21.82  1.00000
  6879      4.80    -21.77  1.00000
  6880      4.80    -21.72  1.00000
  6881      4.80    -21.67  1.00000
  6882      4.80    -21.62  1.00000
  6883      4.80    -21.57  1.00000
  6884      4.80    -21.52  1.00000
  6885      4.80    -21.47  1.00000
  6886      4.80    -21.42  1.00000
  6887      4.80    -21.37  1.00000
  6888      4.80    -21.32  1.00000
  6889      4.80    -21.27  1.00000
  6890      4.80    -21.22  1.00000
  6891      4.80    -21.17  1.00000
  6892      4.80    -21.12  1.00000
  6893      4.80    -21.07  1.00000
  6894      4.80    -21.02  1.00000
  6895      4.80    -20.97  1.00000
  6896      4.80    -20.92  1.00000
  6897      4.80    -20.87  1.00000
  6898      4.80    -20.82  1.00000
  6899      4.80    -20.77  1.00000
  6900      4.80    -20.72  1.00000
  6901      4.80    -20.67  1.00000
  6902      4.80    -20.62  1.00000
  6903      4.80    -20.57  1.00000
  6904      4.80    -20.52  1.00000
  6905      4.80    -20.47  1.00000
  6906      4.80    -20.42  1.00000
  6907      4.80    -20.37  1.00000
  6908      4.80    -20.32  1.00000
  6909      4.80    -20.27  1.00000
  6910      4.80    -20.22  1.00000
  6911      4.80    -20.17  1.00000
  6912      4.80    -20.12  1.00000
  6913      4.80    -20.07  1.00000
  6914      4.80    -20.02  1.00000
  6915      4.80    -19.97  1.00000
  6916      4.80    -19.92  1.00000
  6917      4.80    -19.87  1.00000
  6918      4.80    -19.82  1.00000
  6919      4.80    -19.77  1.00000
  6920      4.80    -19.72  1.00000
  6921      4.80    -19.67  1.00000
  6922      4.80    -19.62  1.00000
  6923      4.80    -19.57  1.00000
  6924      4.80    -19.52  1.00000
  6925      4.80    -19.47  1.00000
  6926      4.80    -19.42  1.00000
  6927      4.80    -19.37  1.00000
  6928      4.80    -19.32  1.00000
  6929      4.80    -19.27  1.00000
  6930      4.80    -19.22  1.00000
  6931      4.80    -19.17  1.00000
  6932      4.80    -19.12  1.00000
  6933      4.80    -19.07  1.00000
  6934      4.80    -19.02  1.00000
  6935      4.80    -18.97  1.00000
  6936      4.80    -18.92  1.00000
  6937      4.80    -18.87  1.00000
  6938      4.80    -18.82  1.00000
  6939      4.80    -18.77  1.00000
  6940      4.80    -18.72  1.00000
  6941      4.80    -18.67  1.00000
  6942      4.80    -18.62  1.00000
  6943      4.80    -18.57  1.00000
  6944      4.80    -18.52  1.00000
  6945      4.80    -18.47  1.00000
  6946      4.80    -18.42  1.00000
  6947      4.80    -18.37  1.00000
  6948      4.80    -18.32  1.00000
  6949      4.80    -18.27  1.00000
  6950      4.80    -18.22  1.00000
  6951      4.80    -18.17  1.00000
  6952      4.80    -18.12  1.00000
  6953      4.80    -18.07  1.00000
  6954      4.80    -18.02  1.00000
  6955      4.80    -17.97  1.00000
  6956      4.80    -17.92  1.00000
  6957      4.80    -17.87  1.00000
  6958      4.80    -17.82  1.00000
  6959      4.80    -17.77  1.00000
  6960      4.80    -17.72  1.00000
  6961      4.80    -17.67  1.00000
  6962      4.80    -17.62  1.00000
  6963      4.80    -17.57  1.00000
  6964      4.80    -17.52  1.00000
  6965      4.80    -17.47  1.00000
  6966      4.80    -17.42  1.00000
  6967      4.80    -17.37  1.00000
  6968      4.80    -17.32  1.00000
  6969      4.80    -17.27  1.00000
  6970      4.80    -17.22  1.00000
  6971      4.80    -17.17  1.00000
  6972      4.80    -17.12  1.00000
  6973      4.80    -17.07  1.00000
  6974      4.80    -17.02  1.00000
  6975      4.80    -16.97  1.00000
  6976      4.80    -16.92  1.00000
  6977      4.80    -16.87  1.00000
  6978      4.80    -16.82  1.00000
  6979      4.80    -16.77  1.00000
  6980      4.80    -16.72  1.00000
  6981      4.80    -16.67  1.00000
  6982      4.80    -16.62  1.00000
  6983      4.80    -16.57  1.00000
  6984      4.80    -16.52  1.00000
  6985      4.80    -16.47  1.00000
  6986      4.80    -16.42  1.00000
  6987      4.80    -16.37  1.00000
  6988      4.80    -16.32  1.00000
  6989      4.80    -16.27  1.00000
  6990      4.80    -16.22  1.00000
  6991      4.80    -16.17  1.00000
  6992      4.80    -16.12  1.00000
  6993      4.80    -16.07  1.00000
  6994      4.80    -16.02  1.00000
  6995      4.80    -15.97  1.00000
  6996      4.80    -15.92  1.00000
  6997      4.80    -15.87  1.00000
  6998      4.80    -15.82  1.00000
  6999      4.80    -15.77  1.00000
  7000      4.80    -15.72  1.00000
  7001      4.80    -15.67  1.00000
  7002      4.80    -15.62  1.00000
  7003      4.80    -15.57  1.00000
  7004      4.80    -15.52  1.00000
  7005      4.80    -15.47  1.00000
  7006      4.80    -15.42  1.00000
  7007      4.80    -15.37  1.00000
  7008      4.85    -22.47  1.00000
  7009      4.85    -22.42  1.00000
  7010      4.85    -22.37  1.00000
  7011      4.85    -22.32  1.00000
  7012      4.85    -22.27  1.00000
  7013      4.85    -22.22  1.00000
  7014      4.85    -22.17  1.00000
  7015      4.85    -22.12  1.00000
  7016      4.85    -22.07  1.00000
  7017      4.85    -22.02  1.00000
  7018      4.85    -21.97  1.00000
  7019      4.85    -21.92  1.00000
  7020      4.85    -21.87  1.00000
  7021      4.85    -21.82  1.00000
  7022      4.85    -21.77  1.00000
  7023      4.85    -21.72  1.00000
  7024      4.85    -21.67  1.00000
  7025      4.85    -21.62  1.00000
  7026      4.85    -21.57  1.00000
  7027      4.85    -21.52  1.00000
  7028      4.85    -21.47  1.00000
  7029      4.85    -21.42  1.00000
  7030      4.85    -21.37  1.00000
  7031      4.85    -21.32  1.00000
  7032      4.85    -21.27  1.00000
  7033      4.85    -21.22  1.00000
  7034      4.85    -21.17  1.00000
  7035      4.85    -21.12  1.00000
  7036      4.85    -21.07  1.00000
  7037      4.85    -21.02  1.00000
  7038      4.85    -20.97  1.00000
  7039      4.85    -20.92  1.00000
  7040      4.85    -20.87  1.00000
  7041      4.85    -20.82  1.00000
  7042      4.85    -20.77  1.00000
  7043      4.85    -20.72  1.00000
  7044      4.85    -20.67  1.00000
  7045      4.85    -20.62  1.00000
  7046      4.85    -20.57  1.00000
  7047      4.85    -20.52  1.00000
  7048      4.85    -20.47  1.00000
  7049      4.85    -20.42  1.00000
  7050      4.85    -20.37  1.00000
  7051      4.85    -20.32  1.00000
  7052      4.85    -20.27  1.00000
  7053      4.85    -20.22  1.00000
  7054      4.85    -20.17  1.00000
  7055      4.85    -20.12  1.00000
  7056      4.85    -20.07  1.00000
  7057      4.85    -20.02  1.00000
  7058      4.85    -19.97  1.00000
  7059      4.85    -19.92  1.00000
  7060      4.85    -19.87  1.00000
  7061      4.85    -19.82  1.00000
  7062      4.85    -19.77  1.00000
  7063      4.85    -19.72  1.00000
  7064      4.85    -19.67  1.00000
  7065      4.85    -19.62  1.00000
  7066      4.85    -19.57  1.00000
  7067      4.85    -19.52  1.00000
  7068      4.85    -19.47  1.00000
  7069      4.85    -19.42  1.00000
  7070      4.85    -19.37  1.00000
  7071      4.85    -19.32  1.00000
  7072      4.85    -19.27  1.00000
  7073      4.85    -19.22  1.00000
  7074      4.85    -19.17  1.00000
  7075      4.85    -19.12  1.00000
  7076      4.85    -19.07  1.00000
  7077      4.85    -19.02  1.00000
  7078      4.85    -18.97  1.00000
  7079      4.85    -18.92  1.00000
  7080      4.85    -18.87  1.00000
  7081      4.85    -18.82  1.00000
  7082      4.85    -18.77  1.00000
  7083      4.85    -18.72  1.00000
  7084      4.85    -18.67  1.00000
  7085      4.85    -18.62  1.00000
  7086      4.85    -18.57  1.00000
  7087      4.85    -18.52  1.00000
  7088      4.85    -18.47  1.00000
  7089      4.85    -18.42  1.00000
  7090      4.85    -18.37  1.00000
  7091      4.85    -18.32  1.00000
  7092      4.85    -18.27  1.00000
  7093      4.85    -18.22  1.00000
  7094      4.85    -18.17  1.00000
  7095      4.85    -18.12  1.00000
  7096      4.85    -18.07  1.00000
  7097      4.85    -18.02  1.00000
  7098      4.85    -17.97  1.00000
  7099      4.85    -17.92  1.00000
  7100      4.85    -17.87  1.00000
  7101      4.85    -17.82  1.00000
  7102      4.85    -17.77  1.00000
  7103      4.85    -17.72  1.00000
  7104      4.85    -17.67  1.00000
  7105      4.85    -17.62  1.00000
  7106      4.85    -17.57  1.00000
  7107      4.85    -17.52  1.00000
  7108      4.85    -17.47  1.00000
  7109      4.85    -17.42  1.00000
  7110      4.85    -17.37  1.00000
  7111      4.85    -17.32  1.00000
  7112      4.85    -17.27  1.00000
  7113      4.85    -17.22  1.00000
  7114      4.85    -17.17  1.00000
  7115      4.85    -17.12  1.00000
  7116      4.85    -17.07  1.00000
  7117      4.85    -17.02  1.00000
  7118      4.85    -16.97  1.00000
  7119      4.85    -16.92  1.00000
  7120      4.85    -16.87  1.00000
  7121      4.85    -16.82  1.00000
  7122      4.85    -16.77  1.00000
  7123      4.85    -16.72  1.00000
  7124      4.85    -16.67  1.00000
  7125      4.85    -16.62  1.00000
  7126      4.85    -16.57  1.00000
  7127      4.85    -16.52  1.00000
  7128      4.85    -16.47  1.00000
  7129      4.85    -16.42  1.00000
  7130      4.85    -16.37  1.00000
  7131      4.85    -16.32  1.00000
  7132      4.85    -16.27  1.00000
  7133      4.85    -16.22  1.00000
  7134      4.85    -16.17  1.00000
  7135      4.85    -16.12  1.00000
  7136      4.85    -16.07  1.00000
  7137      4.85    -16.02  1.00000
  7138      4.85    -15.97  1.00000
  7139      4.85    -15.92  1.00000
  7140      4.85    -15.87  1.00000
  7141      4.85    -15.82  1.00000
  7142      4.85    -15.77  1.00000
  7143      4.85    -15.72  1.00000
  7144      4.85    -15.67  1.00000
  7145      4.85    -15.62  1.00000
  7146      4.85    -15.57  1.00000
  7147      4.85    -15.52  1.00000
  7148      4.85    -15.47  1.00000
  7149      4.85    -15.42  1.00000
  7150      4.85    -15.37  1.00000
  7151      4.90    -22.47  1.00000
  7152      4.90    -22.42  1.00000
  7153      4.90    -22.37  1.00000
  7154      4.90    -22.32  1.00000
  7155      4.90    -22.27  1.00000
  7156      4.90    -22.22  1.00000
  7157      4.90    -22.17  1.00000
  7158      4.90    -22.12  1.00000
  7159      4.90    -22.07  1.00000
  7160      4.90    -22.02  1.00000
  7161      4.90    -21.97  1.00000
  7162      4.90    -21.92  1.00000
  7163      4.90    -21.87  1.00000
  7164      4.90    -21.82  1.00000
  7165      4.90    -21.77  1.00000
  7166      4.90    -21.72  1.00000
  7167      4.90    -21.67  1.00000
  7168      4.90    -21.62  1.00000
  7169      4.90    -21.57  1.00000
  7170      4.90    -21.52  1.00000
  7171      4.90    -21.47  1.00000
  7172      4.90    -21.42  1.00000
  7173      4.90    -21.37  1.00000
  7174      4.90    -21.32  1.00000
  7175      4.90    -21.27  1.00000
  7176      4.90    -21.22  1.00000
  7177      4.90    -21.17  1.00000
  7178      4.90    -21.12  1.00000
  7179      4.90    -21.07  1.00000
  7180      4.90    -21.02  1.00000
  7181      4.90    -20.97  1.00000
  7182      4.90    -20.92  1.00000
  7183      4.90    -20.87  1.00000
  7184      4.90    -20.82  1.00000
  7185      4.90    -20.77  1.00000
  7186      4.90    -20.72  1.00000
  7187      4.90    -20.67  1.00000
  7188      4.90    -20.62  1.00000
  7189      4.90    -20.57  1.00000
  7190      4.90    -20.52  1.00000
  7191      4.90    -20.47  1.00000
  7192      4.90    -20.42  1.00000
  7193      4.90    -20.37  1.00000
  7194      4.90    -20.32  1.00000
  7195      4.90    -20.27  1.00000
  7196      4.90    -20.22  1.00000
  7197      4.90    -20.17  1.00000
  7198      4.90    -20.12  1.00000
  7199      4.90    -20.07  1.00000
  7200      4.90    -20.02  1.00000
  7201      4.90    -19.97  1.00000
  7202      4.90    -19.92  1.00000
  7203      4.90    -19.87  1.00000
  7204      4.90    -19.82  1.00000
  7205      4.90    -19.77  1.00000
  7206      4.90    -19.72  1.00000
  7207      4.90    -19.67  1.00000
  7208      4.90    -19.62  1.00000
  7209      4.90    -19.57  1.00000
  7210      4.90    -19.52  1.00000
  7211      4.90    -19.47  1.00000
  7212      4.90    -19.42  1.00000
  7213      4.90    -19.37  1.00000
  7214      4.90    -19.32  1.00000
  7215      4.90    -19.27  1.00000
  7216      4.90    -19.22  1.00000
  7217      4.90    -19.17  1.00000
  7218      4.90    -19.12  1.00000
  7219      4.90    -19.07  1.00000
  7220      4.90    -19.02  1.00000
  7221      4.90    -18.97  1.00000
  7222      4.90    -18.92  1.00000
  7223      4.90    -18.87  1.00000
  7224      4.90    -18.82  1.00000
  7225      4.90    -18.77  1.00000
  7226      4.90    -18.72  1.00000
  7227      4.90    -18.67  1.00000
  7228      4.90    -18.62  1.00000
  7229      4.90    -18.57  1.00000
  7230      4.90    -18.52  1.00000
  7231      4.90    -18.47  1.00000
  7232      4.90    -18.42  1.00000
  7233      4.90    -18.37  1.00000
  7234      4.90    -18.32  1.00000
  7235      4.90    -18.27  1.00000
  7236      4.90    -18.22  1.00000
  7237      4.90    -18.17  1.00000
  7238      4.90    -18.12  1.00000
  7239      4.90    -18.07  1.00000
  7240      4.90    -18.02  1.00000
  7241      4.90    -17.97  1.00000
  7242      4.90    -17.92  1.00000
  7243      4.90    -17.87  1.00000
  7244      4.90    -17.82  1.00000
  7245      4.90    -17.77  1.00000
  7246      4.90    -17.72  1.00000
  7247      4.90    -17.67  1.00000
  7248      4.90    -17.62  1.00000
  7249      4.90    -17.57  1.00000
  7250      4.90    -17.52  1.00000
  7251      4.90    -17.47  1.00000
  7252      4.90    -17.42  1.00000
  7253      4.90    -17.37  1.00000
  7254      4.90    -17.32  1.00000
  7255      4.90    -17.27  1.00000
  7256      4.90    -17.22  1.00000
  7257      4.90    -17.17  1.00000
  7258      4.90    -17.12  1.00000
  7259      4.90    -17.07  1.00000
  7260      4.90    -17.02  1.00000
  7261      4.90    -16.97  1.00000
  7262      4.90    -16.92  1.00000
  7263      4.90    -16.87  1.00000
  7264      4.90    -16.82  1.00000
  7265      4.90    -16.77  1.00000
  7266      4.90    -16.72  1.00000
  7267      4.90    -16.67  1.00000
  7268      4.90    -16.62  1.00000
  7269      4.90    -16.57  1.00000
  7270      4.90    -16.52  1.00000
  7271      4.90    -16.47  1.00000
  7272      4.90    -16.42  1.00000
  7273      4.90    -16.37  1.00000
  7274      4.90    -16.32  1.00000
  7275      4.90    -16.27  1.00000
  7276      4.90    -16.22  1.00000
  7277      4.90    -16.17  1.00000
  7278      4.90    -16.12  1.00000
  7279      4.90    -16.07  1.00000
  7280      4.90    -16.02  1.00000
  7281      4.90    -15.97  1.00000
  7282      4.90    -15.92  1.00000
  7283      4.90    -15.87  1.00000
  7284      4.90    -15.82  1.00000
  7285      4.90    -15.77  1.00000
  7286      4.90    -15.72  1.00000
  7287      4.90    -15.67  1.00000
  7288      4.90    -15.62  1.00000
  7289      4.90    -15.57  1.00000
  7290      4.90    -15.52  1.00000
  7291      4.90    -15.47  1.00000
  7292      4.90    -15.42  1.00000
  7293      4.90    -15.37  1.00000
  7294      4.95    -22.47  1.00000
  7295      4.95    -22.42  1.00000
  7296      4.95    -22.37  1.00000
  7297      4.95    -22.32  1.00000
  7298      4.95    -22.27  1.00000
  7299      4.95    -22.22  1.00000
  7300      4.95    -22.17  1.00000
  7301      4.95    -22.12  1.00000
  7302      4.95    -22.07  1.00000
  7303      4.95    -22.02  1.00000
  7304      4.95    -21.97  1.00000
  7305      4.95    -21.92  1.00000
  7306      4.95    -21.87  1.00000
  7307      4.95    -21.82  1.00000
  7308      4.95    -21.77  1.00000
  7309      4.95    -21.72  1.00000
  7310      4.95    -21.67  1.00000
  7311      4.95    -21.62  1.00000
  7312      4.95    -21.57  1.00000
  7313      4.95    -21.52  1.00000
  7314      4.95    -21.47  1.00000
  7315      4.95    -21.42  1.00000
  7316      4.95    -21.37  1.00000
  7317      4.95    -21.32  1.00000
  7318      4.95    -21.27  1.00000
  7319      4.95    -21.22  1.00000
  7320      4.95    -21.17  1.00000
  7321      4.95    -21.12  1.00000
  7322      4.95    -21.07  1.00000
  7323      4.95    -21.02  1.00000
  7324      4.95    -20.97  1.00000
  7325      4.95    -20.92  1.00000
  7326      4.95    -20.87  1.00000
  7327      4.95    -20.82  1.00000
  7328      4.95    -20.77  1.00000
  7329      4.95    -20.72  1.00000
  7330      4.95    -20.67  1.00000
  7331      4.95    -20.62  1.00000
  7332      4.95    -20.57  1.00000
  7333      4.95    -20.52  1.00000
  7334      4.95    -20.47  1.00000
  7335      4.95    -20.42  1.00000
  7336      4.95    -20.37  1.00000
  7337      4.95    -20.32  1.00000
  7338      4.95    -20.27  1.00000
  7339      4.95    -20.22  1.00000
  7340      4.95    -20.17  1.00000
  7341      4.95    -20.12  1.00000
  7342      4.95    -20.07  1.00000
  7343      4.95    -20.02  1.00000
  7344      4.95    -19.97  1.00000
  7345      4.95    -19.92  1.00000
  7346      4.95    -19.87  1.00000
  7347      4.95    -19.82  1.00000
  7348      4.95    -19.77  1.00000
  7349      4.95    -19.72  1.00000
  7350      4.95    -19.67  1.00000
  7351      4.95    -19.62  1.00000
  7352      4.95    -19.57  1.00000
  7353      4.95    -19.52  1.00000
  7354      4.95    -19.47  1.00000
  7355      4.95    -19.42  1.00000
  7356      4.95    -19.37  1.00000
  7357      4.95    -19.32  1.00000
  7358      4.95    -19.27  1.00000
  7359      4.95    -19.22  1.00000
  7360      4.95    -19.17  1.00000
  7361      4.95    -19.12  1.00000
  7362      4.95    -19.07  1.00000
  7363      4.95    -19.02  1.00000
  7364      4.95    -18.97  1.00000
  7365      4.95    -18.92  1.00000
  7366      4.95    -18.87  1.00000
  7367      4.95    -18.82  1.00000
  7368      4.95    -18.77  1.00000
  7369      4.95    -18.72  1.00000
  7370      4.95    -18.67  1.00000
  7371      4.95    -18.62  1.00000
  7372      4.95    -18.57  1.00000
  7373      4.95    -18.52  1.00000
  7374      4.95    -18.47  1.00000
  7375      4.95    -18.42  1.00000
  7376      4.95    -18.37  1.00000
  7377      4.95    -18.32  1.00000
  7378      4.95    -18.27  1.00000
  7379      4.95    -18.22  1.00000
  7380      4.95    -18.17  1.00000
  7381      4.95    -18.12  1.00000
  7382      4.95    -18.07  1.00000
  7383      4.95    -18.02  1.00000
  7384      4.95    -17.97  1.00000
  7385      4.95    -17.92  1.00000
  7386      4.95    -17.87  1.00000
  7387      4.95    -17.82  1.00000
  7388      4.95    -17.77  1.00000
  7389      4.95    -17.72  1.00000
  7390      4.95    -17.67  1.00000
  7391      4.95    -17.62  1.00000
  7392      4.95    -17.57  1.00000
  7393      4.95    -17.52  1.00000
  7394      4.95    -17.47  1.00000
  7395      4.95    -17.42  1.00000
  7396      4.95    -17.37  1.00000
  7397      4.95    -17.32  1.00000
  7398      4.95    -17.27  1.00000
  7399      4.95    -17.22  1.00000
  7400      4.95    -17.17  1.00000
  7401      4.95    -17.12  1.00000
  7402      4.95    -17.07  1.00000
  7403      4.95    -17.02  1.00000
  7404      4.95    -16.97  1.00000
  7405      4.95    -16.92  1.00000
  7406      4.95    -16.87  1.00000
  7407      4.95    -16.82  1.00000
  7408      4.95    -16.77  1.00000
  7409      4.95    -16.72  1.00000
  7410      4.95    -16.67  1.00000
  7411      4.95    -16.62  1.00000
  7412      4.95    -16.57  1.00000
  7413      4.95    -16.52  1.00000
  7414      4.95    -16.47  1.00000
  7415      4.95    -16.42  1.00000
  7416      4.95    -16.37  1.00000
  7417      4.95    -16.32  1.00000
  7418      4.95    -16.27  1.00000
  7419      4.95    -16.22  1.00000
  7420      4.95    -16.17  1.00000
  7421      4.95    -16.12  1.00000
  7422      4.95    -16.07  1.00000
  7423      4.95    -16.02  1.00000
  7424      4.95    -15.97  1.00000
  7425      4.95    -15.92  1.00000
  7426      4.95    -15.87  1.00000
  7427      4.95    -15.82  1.00000
  7428      4.95    -15.77  1.00000
  7429      4.95    -15.72  1.00000
  7430      4.95    -15.67  1.00000
  7431      4.95    -15.62  1.00000
  7432      4.95    -15.57  1.00000
  7433      4.95    -15.52  1.00000
  7434      4.95    -15.47  1.00000
  7435      4.95    -15.42  1.00000
  7436      4.95    -15.37  1.00000
  7437      5.00    -22.47  1.00000
  7438      5.00    -22.42  1.00000
  7439      5.00    -22.37  1.00000
  7440      5.00    -22.32  1.00000
  7441      5.00    -22.27  1.00000
  7442      5.00    -22.22  1.00000
  7443      5.00    -22.17  1.00000
  7444      5.00    -22.12  1.00000
  7445      5.00    -22.07  1.00000
  7446      5.00    -22.02  1.00000
  7447      5.00    -21.97  1.00000
  7448      5.00    -21.92  1.00000
  7449      5.00    -21.87  1.00000
  7450      5.00    -21.82  1.00000
  7451      5.00    -21.77  1.00000
  7452      5.00    -21.72  1.00000
  7453      5.00    -21.67  1.00000
  7454      5.00    -21.62  1.00000
  7455      5.00    -21.57  1.00000
  7456      5.00    -21.52  1.00000
  7457      5.00    -21.47  1.00000
  7458      5.00    -21.42  1.00000
  7459      5.00    -21.37  1.00000
  7460      5.00    -21.32  1.00000
  7461      5.00    -21.27  1.00000
  7462      5.00    -21.22  1.00000
  7463      5.00    -21.17  1.00000
  7464      5.00    -21.12  1.00000
  7465      5.00    -21.07  1.00000
  7466      5.00    -21.02  1.00000
  7467      5.00    -20.97  1.00000
  7468      5.00    -20.92  1.00000
  7469      5.00    -20.87  1.00000
  7470      5.00    -20.82  1.00000
  7471      5.00    -20.77  1.00000
  7472      5.00    -20.72  1.00000
  7473      5.00    -20.67  1.00000
  7474      5.00    -20.62  1.00000
  7475      5.00    -20.57  1.00000
  7476      5.00    -20.52  1.00000
  7477      5.00    -20.47  1.00000
  7478      5.00    -20.42  1.00000
  7479      5.00    -20.37  1.00000
  7480      5.00    -20.32  1.00000
  7481      5.00    -20.27  1.00000
  7482      5.00    -20.22  1.00000
  7483      5.00    -20.17  1.00000
  7484      5.00    -20.12  1.00000
  7485      5.00    -20.07  1.00000
  7486      5.00    -20.02  1.00000
  7487      5.00    -19.97  1.00000
  7488      5.00    -19.92  1.00000
  7489      5.00    -19.87  1.00000
  7490      5.00    -19.82  1.00000
  7491      5.00    -19.77  1.00000
  7492      5.00    -19.72  1.00000
  7493      5.00    -19.67  1.00000
  7494      5.00    -19.62  1.00000
  7495      5.00    -19.57  1.00000
  7496      5.00    -19.52  1.00000
  7497      5.00    -19.47  1.00000
  7498      5.00    -19.42  1.00000
  7499      5.00    -19.37  1.00000
  7500      5.00    -19.32  1.00000
  7501      5.00    -19.27  1.00000
  7502      5.00    -19.22  1.00000
  7503      5.00    -19.17  1.00000
  7504      5.00    -19.12  1.00000
  7505      5.00    -19.07  1.00000
  7506      5.00    -19.02  1.00000
  7507      5.00    -18.97  1.00000
  7508      5.00    -18.92  1.00000
  7509      5.00    -18.87  1.00000
  7510      5.00    -18.82  1.00000
  7511      5.00    -18.77  1.00000
  7512      5.00    -18.72  1.00000
  7513      5.00    -18.67  1.00000
  7514      5.00    -18.62  1.00000
  7515      5.00    -18.57  1.00000
  7516      5.00    -18.52  1.00000
  7517      5.00    -18.47  1.00000
  7518      5.00    -18.42  1.00000
  7519      5.00    -18.37  1.00000
  7520      5.00    -18.32  1.00000
  7521      5.00    -18.27  1.00000
  7522      5.00    -18.22  1.00000
  7523      5.00    -18.17  1.00000
  7524      5.00    -18.12  1.00000
  7525      5.00    -18.07  1.00000
  7526      5.00    -18.02  1.00000
  7527      5.00    -17.97  1.00000
  7528      5.00    -17.92  1.00000
  7529      5.00    -17.87  1.00000
  7530      5.00    -17.82  1.00000
  7531      5.00    -17.77  1.00000
  7532      5.00    -17.72  1.00000
  7533      5.00    -17.67  1.00000
  7534      5.00    -17.62  1.00000
  7535      5.00    -17.57  1.00000
  7536      5.00    -17.52  1.00000
  7537      5.00    -17.47  1.00000
  7538      5.00    -17.42  1.00000
  7539      5.00    -17.37  1.00000
  7540      5.00    -17.32  1.00000
  7541      5.00    -17.27  1.00000
  7542      5.00    -17.22  1.00000
  7543      5.00    -17.17  1.00000
  7544      5.00    -17.12  1.00000
  7545      5.00    -17.07  1.00000
  7546      5.00    -17.02  1.00000
  7547      5.00    -16.97  1.00000
  7548      5.00    -16.92  1.00000
  7549      5.00    -16.87  1.00000
  7550      5.00    -16.82  1.00000
  7551      5.00    -16.77  1.00000
  7552      5.00    -16.72  1.00000
  7553      5.00    -16.67  1.00000
  7554      5.00    -16.62  1.00000
  7555      5.00    -16.57  1.00000
  7556      5.00    -16.52  1.00000
  7557      5.00    -16.47  1.00000
  7558      5.00    -16.42  1.00000
  7559      5.00    -16.37  1.00000
  7560      5.00    -16.32  1.00000
  7561      5.00    -16.27  1.00000
  7562      5.00    -16.22  1.00000
  7563      5.00    -16.17  1.00000
  7564      5.00    -16.12  1.00000
  7565      5.00    -16.07  1.00000
  7566      5.00    -16.02  1.00000
  7567      5.00    -15.97  1.00000
  7568      5.00    -15.92  1.00000
  7569      5.00    -15.87  1.00000
  7570      5.00    -15.82  1.00000
  7571      5.00    -15.77  1.00000
  7572      5.00    -15.72  1.00000
  7573      5.00    -15.67  1.00000
  7574      5.00    -15.62  1.00000
  7575      5.00    -15.57  1.00000
  7576      5.00    -15.52  1.00000
  7577      5.00    -15.47  1.00000
  7578      5.00    -15.42  1.00000
  7579      5.00    -15.37  1.00000
  7580      5.05    -22.47  1.00000
  7581      5.05    -22.42  1.00000
  7582      5.05    -22.37  1.00000
  7583      5.05    -22.32  1.00000
  7584      5.05    -22.27  1.00000
  7585      5.05    -22.22  1.00000
  7586      5.05    -22.17  1.00000
  7587      5.05    -22.12  1.00000
  7588      5.05    -22.07  1.00000
  7589      5.05    -22.02  1.00000
  7590      5.05    -21.97  1.00000
  7591      5.05    -21.92  1.00000
  7592      5.05    -21.87  1.00000
  7593      5.05    -21.82  1.00000
  7594      5.05    -21.77  1.00000
  7595      5.05    -21.72  1.00000
  7596      5.05    -21.67  1.00000
  7597      5.05    -21.62  1.00000
  7598      5.05    -21.57  1.00000
  7599      5.05    -21.52  1.00000
  7600      5.05    -21.47  1.00000
  7601      5.05    -21.42  1.00000
  7602      5.05    -21.37  1.00000
  7603      5.05    -21.32  1.00000
  7604      5.05    -21.27  1.00000
  7605      5.05    -21.22  1.00000
  7606      5.05    -21.17  1.00000
  7607      5.05    -21.12  1.00000
  7608      5.05    -21.07  1.00000
  7609      5.05    -21.02  1.00000
  7610      5.05    -20.97  1.00000
  7611      5.05    -20.92  1.00000
  7612      5.05    -20.87  1.00000
  7613      5.05    -20.82  1.00000
  7614      5.05    -20.77  1.00000
  7615      5.05    -20.72  1.00000
  7616      5.05    -20.67  1.00000
  7617      5.05    -20.62  1.00000
  7618      5.05    -20.57  1.00000
  7619      5.05    -20.52  1.00000
  7620      5.05    -20.47  1.00000
  7621      5.05    -20.42  1.00000
  7622      5.05    -20.37  1.00000
  7623      5.05    -20.32  1.00000
  7624      5.05    -20.27  1.00000
  7625      5.05    -20.22  1.00000
  7626      5.05    -20.17  1.00000
  7627      5.05    -20.12  1.00000
  7628      5.05    -20.07  1.00000
  7629      5.05    -20.02  1.00000
  7630      5.05    -19.97  1.00000
  7631      5.05    -19.92  1.00000
  7632      5.05    -19.87  1.00000
  7633      5.05    -19.82  1.00000
  7634      5.05    -19.77  1.00000
  7635      5.05    -19.72  1.00000
  7636      5.05    -19.67  1.00000
  7637      5.05    -19.62  1.00000
  7638      5.05    -19.57  1.00000
  7639      5.05    -19.52  1.00000
  7640      5.05    -19.47  1.00000
  7641      5.05    -19.42  1.00000
  7642      5.05    -19.37  1.00000
  7643      5.05    -19.32  1.00000
  7644      5.05    -19.27  1.00000
  7645      5.05    -19.22  1.00000
  7646      5.05    -19.17  1.00000
  7647      5.05    -19.12  1.00000
  7648      5.05    -19.07  1.00000
  7649      5.05    -19.02  1.00000
  7650      5.05    -18.97  1.00000
  7651      5.05    -18.92  1.00000
  7652      5.05    -18.87  1.00000
  7653      5.05    -18.82  1.00000
  7654      5.05    -18.77  1.00000
  7655      5.05    -18.72  1.00000
  7656      5.05    -18.67  1.00000
  7657      5.05    -18.62  1.00000
  7658      5.05    -18.57  1.00000
  7659      5.05    -18.52  1.00000
  7660      5.05    -18.47  1.00000
  7661      5.05    -18.42  1.00000
  7662      5.05    -18.37  1.00000
  7663      5.05    -18.32  1.00000
  7664      5.05    -18.27  1.00000
  7665      5.05    -18.22  1.00000
  7666      5.05    -18.17  1.00000
  7667      5.05    -18.12  1.00000
  7668      5.05    -18.07  1.00000
  7669      5.05    -18.02  1.00000
  7670      5.05    -17.97  1.00000
  7671      5.05    -17.92  1.00000
  7672      5.05    -17.87  1.00000
  7673      5.05    -17.82  1.00000
  7674      5.05    -17.77  1.00000
  7675      5.05    -17.72  1.00000
  7676      5.05    -17.67  1.00000
  7677      5.05    -17.62  1.00000
  7678      5.05    -17.57  1.00000
  7679      5.05    -17.52  1.00000
  7680      5.05    -17.47  1.00000
  7681      5.05    -17.42  1.00000
  7682      5.05    -17.37  1.00000
  7683      5.05    -17.32  1.00000
  7684      5.05    -17.27  1.00000
  7685      5.05    -17.22  1.00000
  7686      5.05    -17.17  1.00000
  7687      5.05    -17.12  1.00000
  7688      5.05    -17.07  1.00000
  7689      5.05    -17.02  1.00000
  7690      5.05    -16.97  1.00000
  7691      5.05    -16.92  1.00000
  7692      5.05    -16.87  1.00000
  7693      5.05    -16.82  1.00000
  7694      5.05    -16.77  1.00000
  7695      5.05    -16.72  1.00000
  7696      5.05    -16.67  1.00000
  7697      5.05    -16.62  1.00000
  7698      5.05    -16.57  1.00000
  7699      5.05    -16.52  1.00000
  7700      5.05    -16.47  1.00000
  7701      5.05    -16.42  1.00000
  7702      5.05    -16.37  1.00000
  7703      5.05    -16.32  1.00000
  7704      5.05    -16.27  1.00000
  7705      5.05    -16.22  1.00000
  7706      5.05    -16.17  1.00000
  7707      5.05    -16.12  1.00000
  7708      5.05    -16.07  1.00000
  7709      5.05    -16.02  1.00000
  7710      5.05    -15.97  1.00000
  7711      5.05    -15.92  1.00000
  7712      5.05    -15.87  1.00000
  7713      5.05    -15.82  1.00000
  7714      5.05    -15.77  1.00000
  7715      5.05    -15.72  1.00000
  7716      5.05    -15.67  1.00000
  7717      5.05    -15.62  1.00000
  7718      5.05    -15.57  1.00000
  7719      5.05    -15.52  1.00000
  7720      5.05    -15.47  1.00000
  7721      5.05    -15.42  1.00000
  7722      5.05    -15.37  1.00000
  7723      5.10    -22.47  1.00000
  7724      5.10    -22.42  1.00000
  7725      5.10    -22.37  1.00000
  7726      5.10    -22.32  1.00000
  7727      5.10    -22.27  1.00000
  7728      5.10    -22.22  1.00000
  7729      5.10    -22.17  1.00000
  7730      5.10    -22.12  1.00000
  7731      5.10    -22.07  1.00000
  7732      5.10    -22.02  1.00000
  7733      5.10    -21.97  1.00000
  7734      5.10    -21.92  1.00000
  7735      5.10    -21.87  1.00000
  7736      5.10    -21.82  1.00000
  7737      5.10    -21.77  1.00000
  7738      5.10    -21.72  1.00000
  7739      5.10    -21.67  1.00000
  7740      5.10    -21.62  1.00000
  7741      5.10    -21.57  1.00000
  7742      5.10    -21.52  1.00000
  7743      5.10    -21.47  1.00000
  7744      5.10    -21.42  1.00000
  7745      5.10    -21.37  1.00000
  7746      5.10    -21.32  1.00000
  7747      5.10    -21.27  1.00000
  7748      5.10    -21.22  1.00000
  7749      5.10    -21.17  1.00000
  7750      5.10    -21.12  1.00000
  7751      5.10    -21.07  1.00000
  7752      5.10    -21.02  1.00000
  7753      5.10    -20.97  1.00000
  7754      5.10    -20.92  1.00000
  7755      5.10    -20.87  1.00000
  7756      5.10    -20.82  1.00000
  7757      5.10    -20.77  1.00000
  7758      5.10    -20.72  1.00000
  7759      5.10    -20.67  1.00000
  7760      5.10    -20.62  1.00000
  7761      5.10    -20.57  1.00000
  7762      5.10    -20.52  1.00000
  7763      5.10    -20.47  1.00000
  7764      5.10    -20.42  1.00000
  7765      5.10    -20.37  1.00000
  7766      5.10    -20.32  1.00000
  7767      5.10    -20.27  1.00000
  7768      5.10    -20.22  1.00000
  7769      5.10    -20.17  1.00000
  7770      5.10    -20.12  1.00000
  7771      5.10    -20.07  1.00000
  7772      5.10    -20.02  1.00000
  7773      5.10    -19.97  1.00000
  7774      5.10    -19.92  1.00000
  7775      5.10    -19.87  1.00000
  7776      5.10    -19.82  1.00000
  7777      5.10    -19.77  1.00000
  7778      5.10    -19.72  1.00000
  7779      5.10    -19.67  1.00000
  7780      5.10    -19.62  1.00000
  7781      5.10    -19.57  1.00000
  7782      5.10    -19.52  1.00000
  7783      5.10    -19.47  1.00000
  7784      5.10    -19.42  1.00000
  7785      5.10    -19.37  1.00000
  7786      5.10    -19.32  1.00000
  7787      5.10    -19.27  1.00000
  7788      5.10    -19.22  1.00000
  7789      5.10    -19.17  1.00000
  7790      5.10    -19.12  1.00000
  7791      5.10    -19.07  1.00000
  7792      5.10    -19.02  1.00000
  7793      5.10    -18.97  1.00000
  7794      5.10    -18.92  1.00000
  7795      5.10    -18.87  1.00000
  7796      5.10    -18.82  1.00000
  7797      5.10    -18.77  1.00000
  7798      5.10    -18.72  1.00000
  7799      5.10    -18.67  1.00000
  7800      5.10    -18.62  1.00000
  7801      5.10    -18.57  1.00000
  7802      5.10    -18.52  1.00000
  7803      5.10    -18.47  1.00000
  7804      5.10    -18.42  1.00000
  7805      5.10    -18.37  1.00000
  7806      5.10    -18.32  1.00000
  7807      5.10    -18.27  1.00000
  7808      5.10    -18.22  1.00000
  7809      5.10    -18.17  1.00000
  7810      5.10    -18.12  1.00000
  7811      5.10    -18.07  1.00000
  7812      5.10    -18.02  1.00000
  7813      5.10    -17.97  1.00000
  7814      5.10    -17.92  1.00000
  7815      5.10    -17.87  1.00000
  7816      5.10    -17.82  1.00000
  7817      5.10    -17.77  1.00000
  7818      5.10    -17.72  1.00000
  7819      5.10    -17.67  1.00000
  7820      5.10    -17.62  1.00000
  7821      5.10    -17.57  1.00000
  7822      5.10    -17.52  1.00000
  7823      5.10    -17.47  1.00000
  7824      5.10    -17.42  1.00000
  7825      5.10    -17.37  1.00000
  7826      5.10    -17.32  1.00000
  7827      5.10    -17.27  1.00000
  7828      5.10    -17.22  1.00000
  7829      5.10    -17.17  1.00000
  7830      5.10    -17.12  1.00000
  7831      5.10    -17.07  1.00000
  7832      5.10    -17.02  1.00000
  7833      5.10    -16.97  1.00000
  7834      5.10    -16.92  1.00000
  7835      5.10    -16.87  1.00000
  7836      5.10    -16.82  1.00000
  7837      5.10    -16.77  1.00000
  7838      5.10    -16.72  1.00000
  7839      5.10    -16.67  1.00000
  7840      5.10    -16.62  1.00000
  7841      5.10    -16.57  1.00000
  7842      5.10    -16.52  1.00000
  7843      5.10    -16.47  1.00000
  7844      5.10    -16.42  1.00000
  7845      5.10    -16.37  1.00000
  7846      5.10    -16.32  1.00000
  7847      5.10    -16.27  1.00000
  7848      5.10    -16.22  1.00000
  7849      5.10    -16.17  1.00000
  7850      5.10    -16.12  1.00000
  7851      5.10    -16.07  1.00000
  7852      5.10    -16.02  1.00000
  7853      5.10    -15.97  1.00000
  7854      5.10    -15.92  1.00000
  7855      5.10    -15.87  1.00000
  7856      5.10    -15.82  1.00000
  7857      5.10    -15.77  1.00000
  7858      5.10    -15.72  1.00000
  7859      5.10    -15.67  1.00000
  7860      5.10    -15.62  1.00000
  7861      5.10    -15.57  1.00000
  7862      5.10    -15.52  1.00000
  7863      5.10    -15.47  1.00000
  7864      5.10    -15.42  1.00000
  7865      5.10    -15.37  1.00000
  7866      5.15    -22.47  1.00000
  7867      5.15    -22.42  1.00000
  7868      5.15    -22.37  1.00000
  7869      5.15    -22.32  1.00000
  7870      5.15    -22.27  1.00000
  7871      5.15    -22.22  1.00000
  7872      5.15    -22.17  1.00000
  7873      5.15    -22.12  1.00000
  7874      5.15    -22.07  1.00000
  7875      5.15    -22.02  1.00000
  7876      5.15    -21.97  1.00000
  7877      5.15    -21.92  1.00000
  7878      5.15    -21.87  1.00000
  7879      5.15    -21.82  1.00000
  7880      5.15    -21.77  1.00000
  7881      5.15    -21.72  1.00000
  7882      5.15    -21.67  1.00000
  7883      5.15    -21.62  1.00000
  7884      5.15    -21.57  1.00000
  7885      5.15    -21.52  1.00000
  7886      5.15    -21.47  1.00000
  7887      5.15    -21.42  1.00000
  7888      5.15    -21.37  1.00000
  7889      5.15    -21.32  1.00000
  7890      5.15    -21.27  1.00000
  7891      5.15    -21.22  1.00000
  7892      5.15    -21.17  1.00000
  7893      5.15    -21.12  1.00000
  7894      5.15    -21.07  1.00000
  7895      5.15    -21.02  1.00000
  7896      5.15    -20.97  1.00000
  7897      5.15    -20.92  1.00000
  7898      5.15    -20.87  1.00000
  7899      5.15    -20.82  1.00000
  7900      5.15    -20.77  1.00000
  7901      5.15    -20.72  1.00000
  7902      5.15    -20.67  1.00000
  7903      5.15    -20.62  1.00000
  7904      5.15    -20.57  1.00000
  7905      5.15    -20.52  1.00000
  7906      5.15    -20.47  1.00000
  7907      5.15    -20.42  1.00000
  7908      5.15    -20.37  1.00000
  7909      5.15    -20.32  1.00000
  7910      5.15    -20.27  1.00000
  7911      5.15    -20.22  1.00000
  7912      5.15    -20.17  1.00000
  7913      5.15    -20.12  1.00000
  7914      5.15    -20.07  1.00000
  7915      5.15    -20.02  1.00000
  7916      5.15    -19.97  1.00000
  7917      5.15    -19.92  1.00000
  7918      5.15    -19.87  1.00000
  7919      5.15    -19.82  1.00000
  7920      5.15    -19.77  1.00000
  7921      5.15    -19.72  1.00000
  7922      5.15    -19.67  1.00000
  7923      5.15    -19.62  1.00000
  7924      5.15    -19.57  1.00000
  7925      5.15    -19.52  1.00000
  7926      5.15    -19.47  1.00000
  7927      5.15    -19.42  1.00000
  7928      5.15    -19.37  1.00000
  7929      5.15    -19.32  1.00000
  7930      5.15    -19.27  1.00000
  7931      5.15    -19.22  1.00000
  7932      5.15    -19.17  1.00000
  7933      5.15    -19.12  1.00000
  7934      5.15    -19.07  1.00000
  7935      5.15    -19.02  1.00000
  7936      5.15    -18.97  1.00000
  7937      5.15    -18.92  1.00000
  7938      5.15    -18.87  1.00000
  7939      5.15    -18.82  1.00000
  7940      5.15    -18.77  1.00000
  7941      5.15    -18.72  1.00000
  7942      5.15    -18.67  1.00000
  7943      5.15    -18.62  1.00000
  7944      5.15    -18.57  1.00000
  7945      5.15    -18.52  1.00000
  7946      5.15    -18.47  1.00000
  7947      5.15    -18.42  1.00000
  7948      5.15    -18.37  1.00000
  7949      5.15    -18.32  1.00000
  7950      5.15    -18.27  1.00000
  7951      5.15    -18.22  1.00000
  7952      5.15    -18.17  1.00000
  7953      5.15    -18.12  1.00000
  7954      5.15    -18.07  1.00000
  7955      5.15    -18.02  1.00000
  7956      5.15    -17.97  1.00000
  7957      5.15    -17.92  1.00000
  7958      5.15    -17.87  1.00000
  7959      5.15    -17.82  1.00000
  7960      5.15    -17.77  1.00000
  7961      5.15    -17.72  1.00000
  7962      5.15    -17.67  1.00000
  7963      5.15    -17.62  1.00000
  7964      5.15    -17.57  1.00000
  7965      5.15    -17.52  1.00000
  7966      5.15    -17.47  1.00000
  7967      5.15    -17.42  1.00000
  7968      5.15    -17.37  1.00000
  7969      5.15    -17.32  1.00000
  7970      5.15    -17.27  1.00000
  7971      5.15    -17.22  1.00000
  7972      5.15    -17.17  1.00000
  7973      5.15    -17.12  1.00000
  7974      5.15    -17.07  1.00000
  7975      5.15    -17.02  1.00000
  7976      5.15    -16.97  1.00000
  7977      5.15    -16.92  1.00000
  7978      5.15    -16.87  1.00000
  7979      5.15    -16.82  1.00000
  7980      5.15    -16.77  1.00000
  7981      5.15    -16.72  1.00000
  7982      5.15    -16.67  1.00000
  7983      5.15    -16.62  1.00000
  7984      5.15    -16.57  1.00000
  7985      5.15    -16.52  1.00000
  7986      5.15    -16.47  1.00000
  7987      5.15    -16.42  1.00000
  7988      5.15    -16.37  1.00000
  7989      5.15    -16.32  1.00000
  7990      5.15    -16.27  1.00000
  7991      5.15    -16.22  1.00000
  7992      5.15    -16.17  1.00000
  7993      5.15    -16.12  1.00000
  7994      5.15    -16.07  1.00000
  7995      5.15    -16.02  1.00000
  7996      5.15    -15.97  1.00000
  7997      5.15    -15.92  1.00000
  7998      5.15    -15.87  1.00000
  7999      5.15    -15.82  1.00000
  8000      5.15    -15.77  1.00000
  8001      5.15    -15.72  1.00000
  8002      5.15    -15.67  1.00000
  8003      5.15    -15.62  1.00000
  8004      5.15    -15.57  1.00000
  8005      5.15    -15.52  1.00000
  8006      5.15    -15.47  1.00000
  8007      5.15    -15.42  1.00000
  8008      5.15    -15.37  1.00000
  8009      5.20    -22.47  1.00000
  8010      5.20    -22.42  1.00000
  8011      5.20    -22.37  1.00000
  8012      5.20    -22.32  1.00000
  8013      5.20    -22.27  1.00000
  8014      5.20    -22.22  1.00000
  8015      5.20    -22.17  1.00000
  8016      5.20    -22.12  1.00000
  8017      5.20    -22.07  1.00000
  8018      5.20    -22.02  1.00000
  8019      5.20    -21.97  1.00000
  8020      5.20    -21.92  1.00000
  8021      5.20    -21.87  1.00000
  8022      5.20    -21.82  1.00000
  8023      5.20    -21.77  1.00000
  8024      5.20    -21.72  1.00000
  8025      5.20    -21.67  1.00000
  8026      5.20    -21.62  1.00000
  8027      5.20    -21.57  1.00000
  8028      5.20    -21.52  1.00000
  8029      5.20    -21.47  1.00000
  8030      5.20    -21.42  1.00000
  8031      5.20    -21.37  1.00000
  8032      5.20    -21.32  1.00000
  8033      5.20    -21.27  1.00000
  8034      5.20    -21.22  1.00000
  8035      5.20    -21.17  1.00000
  8036      5.20    -21.12  1.00000
  8037      5.20    -21.07  1.00000
  8038      5.20    -21.02  1.00000
  8039      5.20    -20.97  1.00000
  8040      5.20    -20.92  1.00000
  8041      5.20    -20.87  1.00000
  8042      5.20    -20.82  1.00000
  8043      5.20    -20.77  1.00000
  8044      5.20    -20.72  1.00000
  8045      5.20    -20.67  1.00000
  8046      5.20    -20.62  1.00000
  8047      5.20    -20.57  1.00000
  8048      5.20    -20.52  1.00000
  8049      5.20    -20.47  1.00000
  8050      5.20    -20.42  1.00000
  8051      5.20    -20.37  1.00000
  8052      5.20    -20.32  1.00000
  8053      5.20    -20.27  1.00000
  8054      5.20    -20.22  1.00000
  8055      5.20    -20.17  1.00000
  8056      5.20    -20.12  1.00000
  8057      5.20    -20.07  1.00000
  8058      5.20    -20.02  1.00000
  8059      5.20    -19.97  1.00000
  8060      5.20    -19.92  1.00000
  8061      5.20    -19.87  1.00000
  8062      5.20    -19.82  1.00000
  8063      5.20    -19.77  1.00000
  8064      5.20    -19.72  1.00000
  8065      5.20    -19.67  1.00000
  8066      5.20    -19.62  1.00000
  8067      5.20    -19.57  1.00000
  8068      5.20    -19.52  1.00000
  8069      5.20    -19.47  1.00000
  8070      5.20    -19.42  1.00000
  8071      5.20    -19.37  1.00000
  8072      5.20    -19.32  1.00000
  8073      5.20    -19.27  1.00000
  8074      5.20    -19.22  1.00000
  8075      5.20    -19.17  1.00000
  8076      5.20    -19.12  1.00000
  8077      5.20    -19.07  1.00000
  8078      5.20    -19.02  1.00000
  8079      5.20    -18.97  1.00000
  8080      5.20    -18.92  1.00000
  8081      5.20    -18.87  1.00000
  8082      5.20    -18.82  1.00000
  8083      5.20    -18.77  1.00000
  8084      5.20    -18.72  1.00000
  8085      5.20    -18.67  1.00000
  8086      5.20    -18.62  1.00000
  8087      5.20    -18.57  1.00000
  8088      5.20    -18.52  1.00000
  8089      5.20    -18.47  1.00000
  8090      5.20    -18.42  1.00000
  8091      5.20    -18.37  1.00000
  8092      5.20    -18.32  1.00000
  8093      5.20    -18.27  1.00000
  8094      5.20    -18.22  1.00000
  8095      5.20    -18.17  1.00000
  8096      5.20    -18.12  1.00000
  8097      5.20    -18.07  1.00000
  8098      5.20    -18.02  1.00000
  8099      5.20    -17.97  1.00000
  8100      5.20    -17.92  1.00000
  8101      5.20    -17.87  1.00000
  8102      5.20    -17.82  1.00000
  8103      5.20    -17.77  1.00000
  8104      5.20    -17.72  1.00000
  8105      5.20    -17.67  1.00000
  8106      5.20    -17.62  1.00000
  8107      5.20    -17.57  1.00000
  8108      5.20    -17.52  1.00000
  8109      5.20    -17.47  1.00000
  8110      5.20    -17.42  1.00000
  8111      5.20    -17.37  1.00000
  8112      5.20    -17.32  1.00000
  8113      5.20    -17.27  1.00000
  8114      5.20    -17.22  1.00000
  8115      5.20    -17.17  1.00000
  8116      5.20    -17.12  1.00000
  8117      5.20    -17.07  1.00000
  8118      5.20    -17.02  1.00000
  8119      5.20    -16.97  1.00000
  8120      5.20    -16.92  1.00000
  8121      5.20    -16.87  1.00000
  8122      5.20    -16.82  1.00000
  8123      5.20    -16.77  1.00000
  8124      5.20    -16.72  1.00000
  8125      5.20    -16.67  1.00000
  8126      5.20    -16.62  1.00000
  8127      5.20    -16.57  1.00000
  8128      5.20    -16.52  1.00000
  8129      5.20    -16.47  1.00000
  8130      5.20    -16.42  1.00000
  8131      5.20    -16.37  1.00000
  8132      5.20    -16.32  1.00000
  8133      5.20    -16.27  1.00000
  8134      5.20    -16.22  1.00000
  8135      5.20    -16.17  1.00000
  8136      5.20    -16.12  1.00000
  8137      5.20    -16.07  1.00000
  8138      5.20    -16.02  1.00000
  8139      5.20    -15.97  1.00000
  8140      5.20    -15.92  1.00000
  8141      5.20    -15.87  1.00000
  8142      5.20    -15.82  1.00000
  8143      5.20    -15.77  1.00000
  8144      5.20    -15.72  1.00000
  8145      5.20    -15.67  1.00000
  8146      5.20    -15.62  1.00000
  8147      5.20    -15.57  1.00000
  8148      5.20    -15.52  1.00000
  8149      5.20    -15.47  1.00000
  8150      5.20    -15.42  1.00000
  8151      5.20    -15.37  1.00000
  8152      5.25    -22.47  1.00000
  8153      5.25    -22.42  1.00000
  8154      5.25    -22.37  1.00000
  8155      5.25    -22.32  1.00000
  8156      5.25    -22.27  1.00000
  8157      5.25    -22.22  1.00000
  8158      5.25    -22.17  1.00000
  8159      5.25    -22.12  1.00000
  8160      5.25    -22.07  1.00000
  8161      5.25    -22.02  1.00000
  8162      5.25    -21.97  1.00000
  8163      5.25    -21.92  1.00000
  8164      5.25    -21.87  1.00000
  8165      5.25    -21.82  1.00000
  8166      5.25    -21.77  1.00000
  8167      5.25    -21.72  1.00000
  8168      5.25    -21.67  1.00000
  8169      5.25    -21.62  1.00000
  8170      5.25    -21.57  1.00000
  8171      5.25    -21.52  1.00000
  8172      5.25    -21.47  1.00000
  8173      5.25    -21.42  1.00000
  8174      5.25    -21.37  1.00000
  8175      5.25    -21.32  1.00000
  8176      5.25    -21.27  1.00000
  8177      5.25    -21.22  1.00000
  8178      5.25    -21.17  1.00000
  8179      5.25    -21.12  1.00000
  8180      5.25    -21.07  1.00000
  8181      5.25    -21.02  1.00000
  8182      5.25    -20.97  1.00000
  8183      5.25    -20.92  1.00000
  8184      5.25    -20.87  1.00000
  8185      5.25    -20.82  1.00000
  8186      5.25    -20.77  1.00000
  8187      5.25    -20.72  1.00000
  8188      5.25    -20.67  1.00000
  8189      5.25    -20.62  1.00000
  8190      5.25    -20.57  1.00000
  8191      5.25    -20.52  1.00000
  8192      5.25    -20.47  1.00000
  8193      5.25    -20.42  1.00000
  8194      5.25    -20.37  1.00000
  8195      5.25    -20.32  1.00000
  8196      5.25    -20.27  1.00000
  8197      5.25    -20.22  1.00000
  8198      5.25    -20.17  1.00000
  8199      5.25    -20.12  1.00000
  8200      5.25    -20.07  1.00000
  8201      5.25    -20.02  1.00000
  8202      5.25    -19.97  1.00000
  8203      5.25    -19.92  1.00000
  8204      5.25    -19.87  1.00000
  8205      5.25    -19.82  1.00000
  8206      5.25    -19.77  1.00000
  8207      5.25    -19.72  1.00000
  8208      5.25    -19.67  1.00000
  8209      5.25    -19.62  1.00000
  8210      5.25    -19.57  1.00000
  8211      5.25    -19.52  1.00000
  8212      5.25    -19.47  1.00000
  8213      5.25    -19.42  1.00000
  8214      5.25    -19.37  1.00000
  8215      5.25    -19.32  1.00000
  8216      5.25    -19.27  1.00000
  8217      5.25    -19.22  1.00000
  8218      5.25    -19.17  1.00000
  8219      5.25    -19.12  1.00000
  8220      5.25    -19.07  1.00000
  8221      5.25    -19.02  1.00000
  8222      5.25    -18.97  1.00000
  8223      5.25    -18.92  1.00000
  8224      5.25    -18.87  1.00000
  8225      5.25    -18.82  1.00000
  8226      5.25    -18.77  1.00000
  8227      5.25    -18.72  1.00000
  8228      5.25    -18.67  1.00000
  8229      5.25    -18.62  1.00000
  8230      5.25    -18.57  1.00000
  8231      5.25    -18.52  1.00000
  8232      5.25    -18.47  1.00000
  8233      5.25    -18.42  1.00000
  8234      5.25    -18.37  1.00000
  8235      5.25    -18.32  1.00000
  8236      5.25    -18.27  1.00000
  8237      5.25    -18.22  1.00000
  8238      5.25    -18.17  1.00000
  8239      5.25    -18.12  1.00000
  8240      5.25    -18.07  1.00000
  8241      5.25    -18.02  1.00000
  8242      5.25    -17.97  1.00000
  8243      5.25    -17.92  1.00000
  8244      5.25    -17.87  1.00000
  8245      5.25    -17.82  1.00000
  8246      5.25    -17.77  1.00000
  8247      5.25    -17.72  1.00000
  8248      5.25    -17.67  1.00000
  8249      5.25    -17.62  1.00000
  8250      5.25    -17.57  1.00000
  8251      5.25    -17.52  1.00000
  8252      5.25    -17.47  1.00000
  8253      5.25    -17.42  1.00000
  8254      5.25    -17.37  1.00000
  8255      5.25    -17.32  1.00000
  8256      5.25    -17.27  1.00000
  8257      5.25    -17.22  1.00000
  8258      5.25    -17.17  1.00000
  8259      5.25    -17.12  1.00000
  8260      5.25    -17.07  1.00000
  8261      5.25    -17.02  1.00000
  8262      5.25    -16.97  1.00000
  8263      5.25    -16.92  1.00000
  8264      5.25    -16.87  1.00000
  8265      5.25    -16.82  1.00000
  8266      5.25    -16.77  1.00000
  8267      5.25    -16.72  1.00000
  8268      5.25    -16.67  1.00000
  8269      5.25    -16.62  1.00000
  8270      5.25    -16.57  1.00000
  8271      5.25    -16.52  1.00000
  8272      5.25    -16.47  1.00000
  8273      5.25    -16.42  1.00000
  8274      5.25    -16.37  1.00000
  8275      5.25    -16.32  1.00000
  8276      5.25    -16.27  1.00000
  8277      5.25    -16.22  1.00000
  8278      5.25    -16.17  1.00000
  8279      5.25    -16.12  1.00000
  8280      5.25    -16.07  1.00000
  8281      5.25    -16.02  1.00000
  8282      5.25    -15.97  1.00000
  8283      5.25    -15.92  1.00000
  8284      5.25    -15.87  1.00000
  8285      5.25    -15.82  1.00000
  8286      5.25    -15.77  1.00000
  8287      5.25    -15.72  1.00000
  8288      5.25    -15.67  1.00000
  8289      5.25    -15.62  1.00000
  8290      5.25    -15.57  1.00000
  8291      5.25    -15.52  1.00000
  8292      5.25    -15.47  1.00000
  8293      5.25    -15.42  1.00000
  8294      5.25    -15.37  1.00000
  8295      5.30    -22.47  1.00000
  8296      5.30    -22.42  1.00000
  8297      5.30    -22.37  1.00000
  8298      5.30    -22.32  1.00000
  8299      5.30    -22.27  1.00000
  8300      5.30    -22.22  1.00000
  8301      5.30    -22.17  1.00000
  8302      5.30    -22.12  1.00000
  8303      5.30    -22.07  1.00000
  8304      5.30    -22.02  1.00000
  8305      5.30    -21.97  1.00000
  8306      5.30    -21.92  1.00000
  8307      5.30    -21.87  1.00000
  8308      5.30    -21.82  1.00000
  8309      5.30    -21.77  1.00000
  8310      5.30    -21.72  1.00000
  8311      5.30    -21.67  1.00000
  8312      5.30    -21.62  1.00000
  8313      5.30    -21.57  1.00000
  8314      5.30    -21.52  1.00000
  8315      5.30    -21.47  1.00000
  8316      5.30    -21.42  1.00000
  8317      5.30    -21.37  1.00000
  8318      5.30    -21.32  1.00000
  8319      5.30    -21.27  1.00000
  8320      5.30    -21.22  1.00000
  8321      5.30    -21.17  1.00000
  8322      5.30    -21.12  1.00000
  8323      5.30    -21.07  1.00000
  8324      5.30    -21.02  1.00000
  8325      5.30    -20.97  1.00000
  8326      5.30    -20.92  1.00000
  8327      5.30    -20.87  1.00000
  8328      5.30    -20.82  1.00000
  8329      5.30    -20.77  1.00000
  8330      5.30    -20.72  1.00000
  8331      5.30    -20.67  1.00000
  8332      5.30    -20.62  1.00000
  8333      5.30    -20.57  1.00000
  8334      5.30    -20.52  1.00000
  8335      5.30    -20.47  1.00000
  8336      5.30    -20.42  1.00000
  8337      5.30    -20.37  1.00000
  8338      5.30    -20.32  1.00000
  8339      5.30    -20.27  1.00000
  8340      5.30    -20.22  1.00000
  8341      5.30    -20.17  1.00000
  8342      5.30    -20.12  1.00000
  8343      5.30    -20.07  1.00000
  8344      5.30    -20.02  1.00000
  8345      5.30    -19.97  1.00000
  8346      5.30    -19.92  1.00000
  8347      5.30    -19.87  1.00000
  8348      5.30    -19.82  1.00000
  8349      5.30    -19.77  1.00000
  8350      5.30    -19.72  1.00000
  8351      5.30    -19.67  1.00000
  8352      5.30    -19.62  1.00000
  8353      5.30    -19.57  1.00000
  8354      5.30    -19.52  1.00000
  8355      5.30    -19.47  1.00000
  8356      5.30    -19.42  1.00000
  8357      5.30    -19.37  1.00000
  8358      5.30    -19.32  1.00000
  8359      5.30    -19.27  1.00000
  8360      5.30    -19.22  1.00000
  8361      5.30    -19.17  1.00000
  8362      5.30    -19.12  1.00000
  8363      5.30    -19.07  1.00000
  8364      5.30    -19.02  1.00000
  8365      5.30    -18.97  1.00000
  8366      5.30    -18.92  1.00000
  8367      5.30    -18.87  1.00000
  8368      5.30    -18.82  1.00000
  8369      5.30    -18.77  1.00000
  8370      5.30    -18.72  1.00000
  8371      5.30    -18.67  1.00000
  8372      5.30    -18.62  1.00000
  8373      5.30    -18.57  1.00000
  8374      5.30    -18.52  1.00000
  8375      5.30    -18.47  1.00000
  8376      5.30    -18.42  1.00000
  8377      5.30    -18.37  1.00000
  8378      5.30    -18.32  1.00000
  8379      5.30    -18.27  1.00000
  8380      5.30    -18.22  1.00000
  8381      5.30    -18.17  1.00000
  8382      5.30    -18.12  1.00000
  8383      5.30    -18.07  1.00000
  8384      5.30    -18.02  1.00000
  8385      5.30    -17.97  1.00000
  8386      5.30    -17.92  1.00000
  8387      5.30    -17.87  1.00000
  8388      5.30    -17.82  1.00000
  8389      5.30    -17.77  1.00000
  8390      5.30    -17.72  1.00000
  8391      5.30    -17.67  1.00000
  8392      5.30    -17.62  1.00000
  8393      5.30    -17.57  1.00000
  8394      5.30    -17.52  1.00000
  8395      5.30    -17.47  1.00000
  8396      5.30    -17.42  1.00000
  8397      5.30    -17.37  1.00000
  8398      5.30    -17.32  1.00000
  8399      5.30    -17.27  1.00000
  8400      5.30    -17.22  1.00000
  8401      5.30    -17.17  1.00000
  8402      5.30    -17.12  1.00000
  8403      5.30    -17.07  1.00000
  8404      5.30    -17.02  1.00000
  8405      5.30    -16.97  1.00000
  8406      5.30    -16.92  1.00000
  8407      5.30    -16.87  1.00000
  8408      5.30    -16.82  1.00000
  8409      5.30    -16.77  1.00000
  8410      5.30    -16.72  1.00000
  8411      5.30    -16.67  1.00000
  8412      5.30    -16.62  1.00000
  8413      5.30    -16.57  1.00000
  8414      5.30    -16.52  1.00000
  8415      5.30    -16.47  1.00000
  8416      5.30    -16.42  1.00000
  8417      5.30    -16.37  1.00000
  8418      5.30    -16.32  1.00000
  8419      5.30    -16.27  1.00000
  8420      5.30    -16.22  1.00000
  8421      5.30    -16.17  1.00000
  8422      5.30    -16.12  1.00000
  8423      5.30    -16.07  1.00000
  8424      5.30    -16.02  1.00000
  8425      5.30    -15.97  1.00000
  8426      5.30    -15.92  1.00000
  8427      5.30    -15.87  1.00000
  8428      5.30    -15.82  1.00000
  8429      5.30    -15.77  1.00000
  8430      5.30    -15.72  1.00000
  8431      5.30    -15.67  1.00000
  8432      5.30    -15.62  1.00000
  8433      5.30    -15.57  1.00000
  8434      5.30    -15.52  1.00000
  8435      5.30    -15.47  1.00000
  8436      5.30    -15.42  1.00000
  8437      5.30    -15.37  1.00000
  8438      5.35    -22.47  1.00000
  8439      5.35    -22.42  1.00000
  8440      5.35    -22.37  1.00000
  8441      5.35    -22.32  1.00000
  8442      5.35    -22.27  1.00000
  8443      5.35    -22.22  1.00000
  8444      5.35    -22.17  1.00000
  8445      5.35    -22.12  1.00000
  8446      5.35    -22.07  1.00000
  8447      5.35    -22.02  1.00000
  8448      5.35    -21.97  1.00000
  8449      5.35    -21.92  1.00000
  8450      5.35    -21.87  1.00000
  8451      5.35    -21.82  1.00000
  8452      5.35    -21.77  1.00000
  8453      5.35    -21.72  1.00000
  8454      5.35    -21.67  1.00000
  8455      5.35    -21.62  1.00000
  8456      5.35    -21.57  1.00000
  8457      5.35    -21.52  1.00000
  8458      5.35    -21.47  1.00000
  8459      5.35    -21.42  1.00000
  8460      5.35    -21.37  1.00000
  8461      5.35    -21.32  1.00000
  8462      5.35    -21.27  1.00000
  8463      5.35    -21.22  1.00000
  8464      5.35    -21.17  1.00000
  8465      5.35    -21.12  1.00000
  8466      5.35    -21.07  1.00000
  8467      5.35    -21.02  1.00000
  8468      5.35    -20.97  1.00000
  8469      5.35    -20.92  1.00000
  8470      5.35    -20.87  1.00000
  8471      5.35    -20.82  1.00000
  8472      5.35    -20.77  1.00000
  8473      5.35    -20.72  1.00000
  8474      5.35    -20.67  1.00000
  8475      5.35    -20.62  1.00000
  8476      5.35    -20.57  1.00000
  8477      5.35    -20.52  1.00000
  8478      5.35    -20.47  1.00000
  8479      5.35    -20.42  1.00000
  8480      5.35    -20.37  1.00000
  8481      5.35    -20.32  1.00000
  8482      5.35    -20.27  1.00000
  8483      5.35    -20.22  1.00000
  8484      5.35    -20.17  1.00000
  8485      5.35    -20.12  1.00000
  8486      5.35    -20.07  1.00000
  8487      5.35    -20.02  1.00000
  8488      5.35    -19.97  1.00000
  8489      5.35    -19.92  1.00000
  8490      5.35    -19.87  1.00000
  8491      5.35    -19.82  1.00000
  8492      5.35    -19.77  1.00000
  8493      5.35    -19.72  1.00000
  8494      5.35    -19.67  1.00000
  8495      5.35    -19.62  1.00000
  8496      5.35    -19.57  1.00000
  8497      5.35    -19.52  1.00000
  8498      5.35    -19.47  1.00000
  8499      5.35    -19.42  1.00000
  8500      5.35    -19.37  1.00000
  8501      5.35    -19.32  1.00000
  8502      5.35    -19.27  1.00000
  8503      5.35    -19.22  1.00000
  8504      5.35    -19.17  1.00000
  8505      5.35    -19.12  1.00000
  8506      5.35    -19.07  1.00000
  8507      5.35    -19.02  1.00000
  8508      5.35    -18.97  1.00000
  8509      5.35    -18.92  1.00000
  8510      5.35    -18.87  1.00000
  8511      5.35    -18.82  1.00000
  8512      5.35    -18.77  1.00000
  8513      5.35    -18.72  1.00000
  8514      5.35    -18.67  1.00000
  8515      5.35    -18.62  1.00000
  8516      5.35    -18.57  1.00000
  8517      5.35    -18.52  1.00000
  8518      5.35    -18.47  1.00000
  8519      5.35    -18.42  1.00000
  8520      5.35    -18.37  1.00000
  8521      5.35    -18.32  1.00000
  8522      5.35    -18.27  1.00000
  8523      5.35    -18.22  1.00000
  8524      5.35    -18.17  1.00000
  8525      5.35    -18.12  1.00000
  8526      5.35    -18.07  1.00000
  8527      5.35    -18.02  1.00000
  8528      5.35    -17.97  1.00000
  8529      5.35    -17.92  1.00000
  8530      5.35    -17.87  1.00000
  8531      5.35    -17.82  1.00000
  8532      5.35    -17.77  1.00000
  8533      5.35    -17.72  1.00000
  8534      5.35    -17.67  1.00000
  8535      5.35    -17.62  1.00000
  8536      5.35    -17.57  1.00000
  8537      5.35    -17.52  1.00000
  8538      5.35    -17.47  1.00000
  8539      5.35    -17.42  1.00000
  8540      5.35    -17.37  1.00000
  8541      5.35    -17.32  1.00000
  8542      5.35    -17.27  1.00000
  8543      5.35    -17.22  1.00000
  8544      5.35    -17.17  1.00000
  8545      5.35    -17.12  1.00000
  8546      5.35    -17.07  1.00000
  8547      5.35    -17.02  1.00000
  8548      5.35    -16.97  1.00000
  8549      5.35    -16.92  1.00000
  8550      5.35    -16.87  1.00000
  8551      5.35    -16.82  1.00000
  8552      5.35    -16.77  1.00000
  8553      5.35    -16.72  1.00000
  8554      5.35    -16.67  1.00000
  8555      5.35    -16.62  1.00000
  8556      5.35    -16.57  1.00000
  8557      5.35    -16.52  1.00000
  8558      5.35    -16.47  1.00000
  8559      5.35    -16.42  1.00000
  8560      5.35    -16.37  1.00000
  8561      5.35    -16.32  1.00000
  8562      5.35    -16.27  1.00000
  8563      5.35    -16.22  1.00000
  8564      5.35    -16.17  1.00000
  8565      5.35    -16.12  1.00000
  8566      5.35    -16.07  1.00000
  8567      5.35    -16.02  1.00000
  8568      5.35    -15.97  1.00000
  8569      5.35    -15.92  1.00000
  8570      5.35    -15.87  1.00000
  8571      5.35    -15.82  1.00000
  8572      5.35    -15.77  1.00000
  8573      5.35    -15.72  1.00000
  8574      5.35    -15.67  1.00000
  8575      5.35    -15.62  1.00000
  8576      5.35    -15.57  1.00000
  8577      5.35    -15.52  1.00000
  8578      5.35    -15.47  1.00000
  8579      5.35    -15.42  1.00000
  8580      5.35    -15.37  1.00000
  8581      5.40    -22.47  1.00000
  8582      5.40    -22.42  1.00000
  8583      5.40    -22.37  1.00000
  8584      5.40    -22.32  1.00000
  8585      5.40    -22.27  1.00000
  8586      5.40    -22.22  1.00000
  8587      5.40    -22.17  1.00000
  8588      5.40    -22.12  1.00000
  8589      5.40    -22.07  1.00000
  8590      5.40    -22.02  1.00000
  8591      5.40    -21.97  1.00000
  8592      5.40    -21.92  1.00000
  8593      5.40    -21.87  1.00000
  8594      5.40    -21.82  1.00000
  8595      5.40    -21.77  1.00000
  8596      5.40    -21.72  1.00000
  8597      5.40    -21.67  1.00000
  8598      5.40    -21.62  1.00000
  8599      5.40    -21.57  1.00000
  8600      5.40    -21.52  1.00000
  8601      5.40    -21.47  1.00000
  8602      5.40    -21.42  1.00000
  8603      5.40    -21.37  1.00000
  8604      5.40    -21.32  1.00000
  8605      5.40    -21.27  1.00000
  8606      5.40    -21.22  1.00000
  8607      5.40    -21.17  1.00000
  8608      5.40    -21.12  1.00000
  8609      5.40    -21.07  1.00000
  8610      5.40    -21.02  1.00000
  8611      5.40    -20.97  1.00000
  8612      5.40    -20.92  1.00000
  8613      5.40    -20.87  1.00000
  8614      5.40    -20.82  1.00000
  8615      5.40    -20.77  1.00000
  8616      5.40    -20.72  1.00000
  8617      5.40    -20.67  1.00000
  8618      5.40    -20.62  1.00000
  8619      5.40    -20.57  1.00000
  8620      5.40    -20.52  1.00000
  8621      5.40    -20.47  1.00000
  8622      5.40    -20.42  1.00000
  8623      5.40    -20.37  1.00000
  8624      5.40    -20.32  1.00000
  8625      5.40    -20.27  1.00000
  8626      5.40    -20.22  1.00000
  8627      5.40    -20.17  1.00000
  8628      5.40    -20.12  1.00000
  8629      5.40    -20.07  1.00000
  8630      5.40    -20.02  1.00000
  8631      5.40    -19.97  1.00000
  8632      5.40    -19.92  1.00000
  8633      5.40    -19.87  1.00000
  8634      5.40    -19.82  1.00000
  8635      5.40    -19.77  1.00000
  8636      5.40    -19.72  1.00000
  8637      5.40    -19.67  1.00000
  8638      5.40    -19.62  1.00000
  8639      5.40    -19.57  1.00000
  8640      5.40    -19.52  1.00000
  8641      5.40    -19.47  1.00000
  8642      5.40    -19.42  1.00000
  8643      5.40    -19.37  1.00000
  8644      5.40    -19.32  1.00000
  8645      5.40    -19.27  1.00000
  8646      5.40    -19.22  1.00000
  8647      5.40    -19.17  1.00000
  8648      5.40    -19.12  1.00000
  8649      5.40    -19.07  1.00000
  8650      5.40    -19.02  1.00000
  8651      5.40    -18.97  1.00000
  8652      5.40    -18.92  1.00000
  8653      5.40    -18.87  1.00000
  8654      5.40    -18.82  1.00000
  8655      5.40    -18.77  1.00000
  8656      5.40    -18.72  1.00000
  8657      5.40    -18.67  1.00000
  8658      5.40    -18.62  1.00000
  8659      5.40    -18.57  1.00000
  8660      5.40    -18.52  1.00000
  8661      5.40    -18.47  1.00000
  8662      5.40    -18.42  1.00000
  8663      5.40    -18.37  1.00000
  8664      5.40    -18.32  1.00000
  8665      5.40    -18.27  1.00000
  8666      5.40    -18.22  1.00000
  8667      5.40    -18.17  1.00000
  8668      5.40    -18.12  1.00000
  8669      5.40    -18.07  1.00000
  8670      5.40    -18.02  1.00000
  8671      5.40    -17.97  1.00000
  8672      5.40    -17.92  1.00000
  8673      5.40    -17.87  1.00000
  8674      5.40    -17.82  1.00000
  8675      5.40    -17.77  1.00000
  8676      5.40    -17.72  1.00000
  8677      5.40    -17.67  1.00000
  8678      5.40    -17.62  1.00000
  8679      5.40    -17.57  1.00000
  8680      5.40    -17.52  1.00000
  8681      5.40    -17.47  1.00000
  8682      5.40    -17.42  1.00000
  8683      5.40    -17.37  1.00000
  8684      5.40    -17.32  1.00000
  8685      5.40    -17.27  1.00000
  8686      5.40    -17.22  1.00000
  8687      5.40    -17.17  1.00000
  8688      5.40    -17.12  1.00000
  8689      5.40    -17.07  1.00000
  8690      5.40    -17.02  1.00000
  8691      5.40    -16.97  1.00000
  8692      5.40    -16.92  1.00000
  8693      5.40    -16.87  1.00000
  8694      5.40    -16.82  1.00000
  8695      5.40    -16.77  1.00000
  8696      5.40    -16.72  1.00000
  8697      5.40    -16.67  1.00000
  8698      5.40    -16.62  1.00000
  8699      5.40    -16.57  1.00000
  8700      5.40    -16.52  1.00000
  8701      5.40    -16.47  1.00000
  8702      5.40    -16.42  1.00000
  8703      5.40    -16.37  1.00000
  8704      5.40    -16.32  1.00000
  8705      5.40    -16.27  1.00000
  8706      5.40    -16.22  1.00000
  8707      5.40    -16.17  1.00000
  8708      5.40    -16.12  1.00000
  8709      5.40    -16.07  1.00000
  8710      5.40    -16.02  1.00000
  8711      5.40    -15.97  1.00000
  8712      5.40    -15.92  1.00000
  8713      5.40    -15.87  1.00000
  8714      5.40    -15.82  1.00000
  8715      5.40    -15.77  1.00000
  8716      5.40    -15.72  1.00000
  8717      5.40    -15.67  1.00000
  8718      5.40    -15.62  1.00000
  8719      5.40    -15.57  1.00000
  8720      5.40    -15.52  1.00000
  8721      5.40    -15.47  1.00000
  8722      5.40    -15.42  1.00000
  8723      5.40    -15.37  1.00000
  8724      5.45    -22.47  1.00000
  8725      5.45    -22.42  1.00000
  8726      5.45    -22.37  1.00000
  8727      5.45    -22.32  1.00000
  8728      5.45    -22.27  1.00000
  8729      5.45    -22.22  1.00000
  8730      5.45    -22.17  1.00000
  8731      5.45    -22.12  1.00000
  8732      5.45    -22.07  1.00000
  8733      5.45    -22.02  1.00000
  8734      5.45    -21.97  1.00000
  8735      5.45    -21.92  1.00000
  8736      5.45    -21.87  1.00000
  8737      5.45    -21.82  1.00000
  8738      5.45    -21.77  1.00000
  8739      5.45    -21.72  1.00000
  8740      5.45    -21.67  1.00000
  8741      5.45    -21.62  1.00000
  8742      5.45    -21.57  1.00000
  8743      5.45    -21.52  1.00000
  8744      5.45    -21.47  1.00000
  8745      5.45    -21.42  1.00000
  8746      5.45    -21.37  1.00000
  8747      5.45    -21.32  1.00000
  8748      5.45    -21.27  1.00000
  8749      5.45    -21.22  1.00000
  8750      5.45    -21.17  1.00000
  8751      5.45    -21.12  1.00000
  8752      5.45    -21.07  1.00000
  8753      5.45    -21.02  1.00000
  8754      5.45    -20.97  1.00000
  8755      5.45    -20.92  1.00000
  8756      5.45    -20.87  1.00000
  8757      5.45    -20.82  1.00000
  8758      5.45    -20.77  1.00000
  8759      5.45    -20.72  1.00000
  8760      5.45    -20.67  1.00000
  8761      5.45    -20.62  1.00000
  8762      5.45    -20.57  1.00000
  8763      5.45    -20.52  1.00000
  8764      5.45    -20.47  1.00000
  8765      5.45    -20.42  1.00000
  8766      5.45    -20.37  1.00000
  8767      5.45    -20.32  1.00000
  8768      5.45    -20.27  1.00000
  8769      5.45    -20.22  1.00000
  8770      5.45    -20.17  1.00000
  8771      5.45    -20.12  1.00000
  8772      5.45    -20.07  1.00000
  8773      5.45    -20.02  1.00000
  8774      5.45    -19.97  1.00000
  8775      5.45    -19.92  1.00000
  8776      5.45    -19.87  1.00000
  8777      5.45    -19.82  1.00000
  8778      5.45    -19.77  1.00000
  8779      5.45    -19.72  1.00000
  8780      5.45    -19.67  1.00000
  8781      5.45    -19.62  1.00000
  8782      5.45    -19.57  1.00000
  8783      5.45    -19.52  1.00000
  8784      5.45    -19.47  1.00000
  8785      5.45    -19.42  1.00000
  8786      5.45    -19.37  1.00000
  8787      5.45    -19.32  1.00000
  8788      5.45    -19.27  1.00000
  8789      5.45    -19.22  1.00000
  8790      5.45    -19.17  1.00000
  8791      5.45    -19.12  1.00000
  8792      5.45    -19.07  1.00000
  8793      5.45    -19.02  1.00000
  8794      5.45    -18.97  1.00000
  8795      5.45    -18.92  1.00000
  8796      5.45    -18.87  1.00000
  8797      5.45    -18.82  1.00000
  8798      5.45    -18.77  1.00000
  8799      5.45    -18.72  1.00000
  8800      5.45    -18.67  1.00000
  8801      5.45    -18.62  1.00000
  8802      5.45    -18.57  1.00000
  8803      5.45    -18.52  1.00000
  8804      5.45    -18.47  1.00000
  8805      5.45    -18.42  1.00000
  8806      5.45    -18.37  1.00000
  8807      5.45    -18.32  1.00000
  8808      5.45    -18.27  1.00000
  8809      5.45    -18.22  1.00000
  8810      5.45    -18.17  1.00000
  8811      5.45    -18.12  1.00000
  8812      5.45    -18.07  1.00000
  8813      5.45    -18.02  1.00000
  8814      5.45    -17.97  1.00000
  8815      5.45    -17.92  1.00000
  8816      5.45    -17.87  1.00000
  8817      5.45    -17.82  1.00000
  8818      5.45    -17.77  1.00000
  8819      5.45    -17.72  1.00000
  8820      5.45    -17.67  1.00000
  8821      5.45    -17.62  1.00000
  8822      5.45    -17.57  1.00000
  8823      5.45    -17.52  1.00000
  8824      5.45    -17.47  1.00000
  8825      5.45    -17.42  1.00000
  8826      5.45    -17.37  1.00000
  8827      5.45    -17.32  1.00000
  8828      5.45    -17.27  1.00000
  8829      5.45    -17.22  1.00000
  8830      5.45    -17.17  1.00000
  8831      5.45    -17.12  1.00000
  8832      5.45    -17.07  1.00000
  8833      5.45    -17.02  1.00000
  8834      5.45    -16.97  1.00000
  8835      5.45    -16.92  1.00000
  8836      5.45    -16.87  1.00000
  8837      5.45    -16.82  1.00000
  8838      5.45    -16.77  1.00000
  8839      5.45    -16.72  1.00000
  8840      5.45    -16.67  1.00000
  8841      5.45    -16.62  1.00000
  8842      5.45    -16.57  1.00000
  8843      5.45    -16.52  1.00000
  8844      5.45    -16.47  1.00000
  8845      5.45    -16.42  1.00000
  8846      5.45    -16.37  1.00000
  8847      5.45    -16.32  1.00000
  8848      5.45    -16.27  1.00000
  8849      5.45    -16.22  1.00000
  8850      5.45    -16.17  1.00000
  8851      5.45    -16.12  1.00000
  8852      5.45    -16.07  1.00000
  8853      5.45    -16.02  1.00000
  8854      5.45    -15.97  1.00000
  8855      5.45    -15.92  1.00000
  8856      5.45    -15.87  1.00000
  8857      5.45    -15.82  1.00000
  8858      5.45    -15.77  1.00000
  8859      5.45    -15.72  1.00000
  8860      5.45    -15.67  1.00000
  8861      5.45    -15.62  1.00000
  8862      5.45    -15.57  1.00000
  8863      5.45    -15.52  1.00000
  8864      5.45    -15.47  1.00000
  8865      5.45    -15.42  1.00000
  8866      5.45    -15.37  1.00000
  8867      5.50    -22.47  1.00000
  8868      5.50    -22.42  1.00000
  8869      5.50    -22.37  1.00000
  8870      5.50    -22.32  1.00000
  8871      5.50    -22.27  1.00000
  8872      5.50    -22.22  1.00000
  8873      5.50    -22.17  1.00000
  8874      5.50    -22.12  1.00000
  8875      5.50    -22.07  1.00000
  8876      5.50    -22.02  1.00000
  8877      5.50    -21.97  1.00000
  8878      5.50    -21.92  1.00000
  8879      5.50    -21.87  1.00000
  8880      5.50    -21.82  1.00000
  8881      5.50    -21.77  1.00000
  8882      5.50    -21.72  1.00000
  8883      5.50    -21.67  1.00000
  8884      5.50    -21.62  1.00000
  8885      5.50    -21.57  1.00000
  8886      5.50    -21.52  1.00000
  8887      5.50    -21.47  1.00000
  8888      5.50    -21.42  1.00000
  8889      5.50    -21.37  1.00000
  8890      5.50    -21.32  1.00000
  8891      5.50    -21.27  1.00000
  8892      5.50    -21.22  1.00000
  8893      5.50    -21.17  1.00000
  8894      5.50    -21.12  1.00000
  8895      5.50    -21.07  1.00000
  8896      5.50    -21.02  1.00000
  8897      5.50    -20.97  1.00000
  8898      5.50    -20.92  1.00000
  8899      5.50    -20.87  1.00000
  8900      5.50    -20.82  1.00000
  8901      5.50    -20.77  1.00000
  8902      5.50    -20.72  1.00000
  8903      5.50    -20.67  1.00000
  8904      5.50    -20.62  1.00000
  8905      5.50    -20.57  1.00000
  8906      5.50    -20.52  1.00000
  8907      5.50    -20.47  1.00000
  8908      5.50    -20.42  1.00000
  8909      5.50    -20.37  1.00000
  8910      5.50    -20.32  1.00000
  8911      5.50    -20.27  1.00000
  8912      5.50    -20.22  1.00000
  8913      5.50    -20.17  1.00000
  8914      5.50    -20.12  1.00000
  8915      5.50    -20.07  1.00000
  8916      5.50    -20.02  1.00000
  8917      5.50    -19.97  1.00000
  8918      5.50    -19.92  1.00000
  8919      5.50    -19.87  1.00000
  8920      5.50    -19.82  1.00000
  8921      5.50    -19.77  1.00000
  8922      5.50    -19.72  1.00000
  8923      5.50    -19.67  1.00000
  8924      5.50    -19.62  1.00000
  8925      5.50    -19.57  1.00000
  8926      5.50    -19.52  1.00000
  8927      5.50    -19.47  1.00000
  8928      5.50    -19.42  1.00000
  8929      5.50    -19.37  1.00000
  8930      5.50    -19.32  1.00000
  8931      5.50    -19.27  1.00000
  8932      5.50    -19.22  1.00000
  8933      5.50    -19.17  1.00000
  8934      5.50    -19.12  1.00000
  8935      5.50    -19.07  1.00000
  8936      5.50    -19.02  1.00000
  8937      5.50    -18.97  1.00000
  8938      5.50    -18.92  1.00000
  8939      5.50    -18.87  1.00000
  8940      5.50    -18.82  1.00000
  8941      5.50    -18.77  1.00000
  8942      5.50    -18.72  1.00000
  8943      5.50    -18.67  1.00000
  8944      5.50    -18.62  1.00000
  8945      5.50    -18.57  1.00000
  8946      5.50    -18.52  1.00000
  8947      5.50    -18.47  1.00000
  8948      5.50    -18.42  1.00000
  8949      5.50    -18.37  1.00000
  8950      5.50    -18.32  1.00000
  8951      5.50    -18.27  1.00000
  8952      5.50    -18.22  1.00000
  8953      5.50    -18.17  1.00000
  8954      5.50    -18.12  1.00000
  8955      5.50    -18.07  1.00000
  8956      5.50    -18.02  1.00000
  8957      5.50    -17.97  1.00000
  8958      5.50    -17.92  1.00000
  8959      5.50    -17.87  1.00000
  8960      5.50    -17.82  1.00000
  8961      5.50    -17.77  1.00000
  8962      5.50    -17.72  1.00000
  8963      5.50    -17.67  1.00000
  8964      5.50    -17.62  1.00000
  8965      5.50    -17.57  1.00000
  8966      5.50    -17.52  1.00000
  8967      5.50    -17.47  1.00000
  8968      5.50    -17.42  1.00000
  8969      5.50    -17.37  1.00000
  8970      5.50    -17.32  1.00000
  8971      5.50    -17.27  1.00000
  8972      5.50    -17.22  1.00000
  8973      5.50    -17.17  1.00000
  8974      5.50    -17.12  1.00000
  8975      5.50    -17.07  1.00000
  8976      5.50    -17.02  1.00000
  8977      5.50    -16.97  1.00000
  8978      5.50    -16.92  1.00000
  8979      5.50    -16.87  1.00000
  8980      5.50    -16.82  1.00000
  8981      5.50    -16.77  1.00000
  8982      5.50    -16.72  1.00000
  8983      5.50    -16.67  1.00000
  8984      5.50    -16.62  1.00000
  8985      5.50    -16.57  1.00000
  8986      5.50    -16.52  1.00000
  8987      5.50    -16.47  1.00000
  8988      5.50    -16.42  1.00000
  8989      5.50    -16.37  1.00000
  8990      5.50    -16.32  1.00000
  8991      5.50    -16.27  1.00000
  8992      5.50    -16.22  1.00000
  8993      5.50    -16.17  1.00000
  8994      5.50    -16.12  1.00000
  8995      5.50    -16.07  1.00000
  8996      5.50    -16.02  1.00000
  8997      5.50    -15.97  1.00000
  8998      5.50    -15.92  1.00000
  8999      5.50    -15.87  1.00000
  9000      5.50    -15.82  1.00000
  9001      5.50    -15.77  1.00000
  9002      5.50    -15.72  1.00000
  9003      5.50    -15.67  1.00000
  9004      5.50    -15.62  1.00000
  9005      5.50    -15.57  1.00000
  9006      5.50    -15.52  1.00000
  9007      5.50    -15.47  1.00000
  9008      5.50    -15.42  1.00000
  9009      5.50    -15.37  1.00000
  9010      5.55    -22.47  1.00000
  9011      5.55    -22.42  1.00000
  9012      5.55    -22.37  1.00000
  9013      5.55    -22.32  1.00000
  9014      5.55    -22.27  1.00000
  9015      5.55    -22.22  1.00000
  9016      5.55    -22.17  1.00000
  9017      5.55    -22.12  1.00000
  9018      5.55    -22.07  1.00000
  9019      5.55    -22.02  1.00000
  9020      5.55    -21.97  1.00000
  9021      5.55    -21.92  1.00000
  9022      5.55    -21.87  1.00000
  9023      5.55    -21.82  1.00000
  9024      5.55    -21.77  1.00000
  9025      5.55    -21.72  1.00000
  9026      5.55    -21.67  1.00000
  9027      5.55    -21.62  1.00000
  9028      5.55    -21.57  1.00000
  9029      5.55    -21.52  1.00000
  9030      5.55    -21.47  1.00000
  9031      5.55    -21.42  1.00000
  9032      5.55    -21.37  1.00000
  9033      5.55    -21.32  1.00000
  9034      5.55    -21.27  1.00000
  9035      5.55    -21.22  1.00000
  9036      5.55    -21.17  1.00000
  9037      5.55    -21.12  1.00000
  9038      5.55    -21.07  1.00000
  9039      5.55    -21.02  1.00000
  9040      5.55    -20.97  1.00000
  9041      5.55    -20.92  1.00000
  9042      5.55    -20.87  1.00000
  9043      5.55    -20.82  1.00000
  9044      5.55    -20.77  1.00000
  9045      5.55    -20.72  1.00000
  9046      5.55    -20.67  1.00000
  9047      5.55    -20.62  1.00000
  9048      5.55    -20.57  1.00000
  9049      5.55    -20.52  1.00000
  9050      5.55    -20.47  1.00000
  9051      5.55    -20.42  1.00000
  9052      5.55    -20.37  1.00000
  9053      5.55    -20.32  1.00000
  9054      5.55    -20.27  1.00000
  9055      5.55    -20.22  1.00000
  9056      5.55    -20.17  1.00000
  9057      5.55    -20.12  1.00000
  9058      5.55    -20.07  1.00000
  9059      5.55    -20.02  1.00000
  9060      5.55    -19.97  1.00000
  9061      5.55    -19.92  1.00000
  9062      5.55    -19.87  1.00000
  9063      5.55    -19.82  1.00000
  9064      5.55    -19.77  1.00000
  9065      5.55    -19.72  1.00000
  9066      5.55    -19.67  1.00000
  9067      5.55    -19.62  1.00000
  9068      5.55    -19.57  1.00000
  9069      5.55    -19.52  1.00000
  9070      5.55    -19.47  1.00000
  9071      5.55    -19.42  1.00000
  9072      5.55    -19.37  1.00000
  9073      5.55    -19.32  1.00000
  9074      5.55    -19.27  1.00000
  9075      5.55    -19.22  1.00000
  9076      5.55    -19.17  1.00000
  9077      5.55    -19.12  1.00000
  9078      5.55    -19.07  1.00000
  9079      5.55    -19.02  1.00000
  9080      5.55    -18.97  1.00000
  9081      5.55    -18.92  1.00000
  9082      5.55    -18.87  1.00000
  9083      5.55    -18.82  1.00000
  9084      5.55    -18.77  1.00000
  9085      5.55    -18.72  1.00000
  9086      5.55    -18.67  1.00000
  9087      5.55    -18.62  1.00000
  9088      5.55    -18.57  1.00000
  9089      5.55    -18.52  1.00000
  9090      5.55    -18.47  1.00000
  9091      5.55    -18.42  1.00000
  9092      5.55    -18.37  1.00000
  9093      5.55    -18.32  1.00000
  9094      5.55    -18.27  1.00000
  9095      5.55    -18.22  1.00000
  9096      5.55    -18.17  1.00000
  9097      5.55    -18.12  1.00000
  9098      5.55    -18.07  1.00000
  9099      5.55    -18.02  1.00000
  9100      5.55    -17.97  1.00000
  9101      5.55    -17.92  1.00000
  9102      5.55    -17.87  1.00000
  9103      5.55    -17.82  1.00000
  9104      5.55    -17.77  1.00000
  9105      5.55    -17.72  1.00000
  9106      5.55    -17.67  1.00000
  9107      5.55    -17.62  1.00000
  9108      5.55    -17.57  1.00000
  9109      5.55    -17.52  1.00000
  9110      5.55    -17.47  1.00000
  9111      5.55    -17.42  1.00000
  9112      5.55    -17.37  1.00000
  9113      5.55    -17.32  1.00000
  9114      5.55    -17.27  1.00000
  9115      5.55    -17.22  1.00000
  9116      5.55    -17.17  1.00000
  9117      5.55    -17.12  1.00000
  9118      5.55    -17.07  1.00000
  9119      5.55    -17.02  1.00000
  9120      5.55    -16.97  1.00000
  9121      5.55    -16.92  1.00000
  9122      5.55    -16.87  1.00000
  9123      5.55    -16.82  1.00000
  9124      5.55    -16.77  1.00000
  9125      5.55    -16.72  1.00000
  9126      5.55    -16.67  1.00000
  9127      5.55    -16.62  1.00000
  9128      5.55    -16.57  1.00000
  9129      5.55    -16.52  1.00000
  9130      5.55    -16.47  1.00000
  9131      5.55    -16.42  1.00000
  9132      5.55    -16.37  1.00000
  9133      5.55    -16.32  1.00000
  9134      5.55    -16.27  1.00000
  9135      5.55    -16.22  1.00000
  9136      5.55    -16.17  1.00000
  9137      5.55    -16.12  1.00000
  9138      5.55    -16.07  1.00000
  9139      5.55    -16.02  1.00000
  9140      5.55    -15.97  1.00000
  9141      5.55    -15.92  1.00000
  9142      5.55    -15.87  1.00000
  9143      5.55    -15.82  1.00000
  9144      5.55    -15.77  1.00000
  9145      5.55    -15.72  1.00000
  9146      5.55    -15.67  1.00000
  9147      5.55    -15.62  1.00000
  9148      5.55    -15.57  1.00000
  9149      5.55    -15.52  1.00000
  9150      5.55    -15.47  1.00000
  9151      5.55    -15.42  1.00000
  9152      5.55    -15.37  1.00000
  9153      5.60    -22.47  1.00000
  9154      5.60    -22.42  1.00000
  9155      5.60    -22.37  1.00000
  9156      5.60    -22.32  1.00000
  9157      5.60    -22.27  1.00000
  9158      5.60    -22.22  1.00000
  9159      5.60    -22.17  1.00000
  9160      5.60    -22.12  1.00000
  9161      5.60    -22.07  1.00000
  9162      5.60    -22.02  1.00000
  9163      5.60    -21.97  1.00000
  9164      5.60    -21.92  1.00000
  9165      5.60    -21.87  1.00000
  9166      5.60    -21.82  1.00000
  9167      5.60    -21.77  1.00000
  9168      5.60    -21.72  1.00000
  9169      5.60    -21.67  1.00000
  9170      5.60    -21.62  1.00000
  9171      5.60    -21.57  1.00000
  9172      5.60    -21.52  1.00000
  9173      5.60    -21.47  1.00000
  9174      5.60    -21.42  1.00000
  9175      5.60    -21.37  1.00000
  9176      5.60    -21.32  1.00000
  9177      5.60    -21.27  1.00000
  9178      5.60    -21.22  1.00000
  9179      5.60    -21.17  1.00000
  9180      5.60    -21.12  1.00000
  9181      5.60    -21.07  1.00000
  9182      5.60    -21.02  1.00000
  9183      5.60    -20.97  1.00000
  9184      5.60    -20.92  1.00000
  9185      5.60    -20.87  1.00000
  9186      5.60    -20.82  1.00000
  9187      5.60    -20.77  1.00000
  9188      5.60    -20.72  1.00000
  9189      5.60    -20.67  1.00000
  9190      5.60    -20.62  1.00000
  9191      5.60    -20.57  1.00000
  9192      5.60    -20.52  1.00000
  9193      5.60    -20.47  1.00000
  9194      5.60    -20.42  1.00000
  9195      5.60    -20.37  1.00000
  9196      5.60    -20.32  1.00000
  9197      5.60    -20.27  1.00000
  9198      5.60    -20.22  1.00000
  9199      5.60    -20.17  1.00000
  9200      5.60    -20.12  1.00000
  9201      5.60    -20.07  1.00000
  9202      5.60    -20.02  1.00000
  9203      5.60    -19.97  1.00000
  9204      5.60    -19.92  1.00000
  9205      5.60    -19.87  1.00000
  9206      5.60    -19.82  1.00000
  9207      5.60    -19.77  1.00000
  9208      5.60    -19.72  1.00000
  9209      5.60    -19.67  1.00000
  9210      5.60    -19.62  1.00000
  9211      5.60    -19.57  1.00000
  9212      5.60    -19.52  1.00000
  9213      5.60    -19.47  1.00000
  9214      5.60    -19.42  1.00000
  9215      5.60    -19.37  1.00000
  9216      5.60    -19.32  1.00000
  9217      5.60    -19.27  1.00000
  9218      5.60    -19.22  1.00000
  9219      5.60    -19.17  1.00000
  9220      5.60    -19.12  1.00000
  9221      5.60    -19.07  1.00000
  9222      5.60    -19.02  1.00000
  9223      5.60    -18.97  1.00000
  9224      5.60    -18.92  1.00000
  9225      5.60    -18.87  1.00000
  9226      5.60    -18.82  1.00000
  9227      5.60    -18.77  1.00000
  9228      5.60    -18.72  1.00000
  9229      5.60    -18.67  1.00000
  9230      5.60    -18.62  1.00000
  9231      5.60    -18.57  1.00000
  9232      5.60    -18.52  1.00000
  9233      5.60    -18.47  1.00000
  9234      5.60    -18.42  1.00000
  9235      5.60    -18.37  1.00000
  9236      5.60    -18.32  1.00000
  9237      5.60    -18.27  1.00000
  9238      5.60    -18.22  1.00000
  9239      5.60    -18.17  1.00000
  9240      5.60    -18.12  1.00000
  9241      5.60    -18.07  1.00000
  9242      5.60    -18.02  1.00000
  9243      5.60    -17.97  1.00000
  9244      5.60    -17.92  1.00000
  9245      5.60    -17.87  1.00000
  9246      5.60    -17.82  1.00000
  9247      5.60    -17.77  1.00000
  9248      5.60    -17.72  1.00000
  9249      5.60    -17.67  1.00000
  9250      5.60    -17.62  1.00000
  9251      5.60    -17.57  1.00000
  9252      5.60    -17.52  1.00000
  9253      5.60    -17.47  1.00000
  9254      5.60    -17.42  1.00000
  9255      5.60    -17.37  1.00000
  9256      5.60    -17.32  1.00000
  9257      5.60    -17.27  1.00000
  9258      5.60    -17.22  1.00000
  9259      5.60    -17.17  1.00000
  9260      5.60    -17.12  1.00000
  9261      5.60    -17.07  1.00000
  9262      5.60    -17.02  1.00000
  9263      5.60    -16.97  1.00000
  9264      5.60    -16.92  1.00000
  9265      5.60    -16.87  1.00000
  9266      5.60    -16.82  1.00000
  9267      5.60    -16.77  1.00000
  9268      5.60    -16.72  1.00000
  9269      5.60    -16.67  1.00000
  9270      5.60    -16.62  1.00000
  9271      5.60    -16.57  1.00000
  9272      5.60    -16.52  1.00000
  9273      5.60    -16.47  1.00000
  9274      5.60    -16.42  1.00000
  9275      5.60    -16.37  1.00000
  9276      5.60    -16.32  1.00000
  9277      5.60    -16.27  1.00000
  9278      5.60    -16.22  1.00000
  9279      5.60    -16.17  1.00000
  9280      5.60    -16.12  1.00000
  9281      5.60    -16.07  1.00000
  9282      5.60    -16.02  1.00000
  9283      5.60    -15.97  1.00000
  9284      5.60    -15.92  1.00000
  9285      5.60    -15.87  1.00000
  9286      5.60    -15.82  1.00000
  9287      5.60    -15.77  1.00000
  9288      5.60    -15.72  1.00000
  9289      5.60    -15.67  1.00000
  9290      5.60    -15.62  1.00000
  9291      5.60    -15.57  1.00000
  9292      5.60    -15.52  1.00000
  9293      5.60    -15.47  1.00000
  9294      5.60    -15.42  1.00000
  9295      5.60    -15.37  1.00000
  9296      5.65    -22.47  1.00000
  9297      5.65    -22.42  1.00000
  9298      5.65    -22.37  1.00000
  9299      5.65    -22.32  1.00000
  9300      5.65    -22.27  1.00000
  9301      5.65    -22.22  1.00000
  9302      5.65    -22.17  1.00000
  9303      5.65    -22.12  1.00000
  9304      5.65    -22.07  1.00000
  9305      5.65    -22.02  1.00000
  9306      5.65    -21.97  1.00000
  9307      5.65    -21.92  1.00000
  9308      5.65    -21.87  1.00000
  9309      5.65    -21.82  1.00000
  9310      5.65    -21.77  1.00000
  9311      5.65    -21.72  1.00000
  9312      5.65    -21.67  1.00000
  9313      5.65    -21.62  1.00000
  9314      5.65    -21.57  1.00000
  9315      5.65    -21.52  1.00000
  9316      5.65    -21.47  1.00000
  9317      5.65    -21.42  1.00000
  9318      5.65    -21.37  1.00000
  9319      5.65    -21.32  1.00000
  9320      5.65    -21.27  1.00000
  9321      5.65    -21.22  1.00000
  9322      5.65    -21.17  1.00000
  9323      5.65    -21.12  1.00000
  9324      5.65    -21.07  1.00000
  9325      5.65    -21.02  1.00000
  9326      5.65    -20.97  1.00000
  9327      5.65    -20.92  1.00000
  9328      5.65    -20.87  1.00000
  9329      5.65    -20.82  1.00000
  9330      5.65    -20.77  1.00000
  9331      5.65    -20.72  1.00000
  9332      5.65    -20.67  1.00000
  9333      5.65    -20.62  1.00000
  9334      5.65    -20.57  1.00000
  9335      5.65    -20.52  1.00000
  9336      5.65    -20.47  1.00000
  9337      5.65    -20.42  1.00000
  9338      5.65    -20.37  1.00000
  9339      5.65    -20.32  1.00000
  9340      5.65    -20.27  1.00000
  9341      5.65    -20.22  1.00000
  9342      5.65    -20.17  1.00000
  9343      5.65    -20.12  1.00000
  9344      5.65    -20.07  1.00000
  9345      5.65    -20.02  1.00000
  9346      5.65    -19.97  1.00000
  9347      5.65    -19.92  1.00000
  9348      5.65    -19.87  1.00000
  9349      5.65    -19.82  1.00000
  9350      5.65    -19.77  1.00000
  9351      5.65    -19.72  1.00000
  9352      5.65    -19.67  1.00000
  9353      5.65    -19.62  1.00000
  9354      5.65    -19.57  1.00000
  9355      5.65    -19.52  1.00000
  9356      5.65    -19.47  1.00000
  9357      5.65    -19.42  1.00000
  9358      5.65    -19.37  1.00000
  9359      5.65    -19.32  1.00000
  9360      5.65    -19.27  1.00000
  9361      5.65    -19.22  1.00000
  9362      5.65    -19.17  1.00000
  9363      5.65    -19.12  1.00000
  9364      5.65    -19.07  1.00000
  9365      5.65    -19.02  1.00000
  9366      5.65    -18.97  1.00000
  9367      5.65    -18.92  1.00000
  9368      5.65    -18.87  1.00000
  9369      5.65    -18.82  1.00000
  9370      5.65    -18.77  1.00000
  9371      5.65    -18.72  1.00000
  9372      5.65    -18.67  1.00000
  9373      5.65    -18.62  1.00000
  9374      5.65    -18.57  1.00000
  9375      5.65    -18.52  1.00000
  9376      5.65    -18.47  1.00000
  9377      5.65    -18.42  1.00000
  9378      5.65    -18.37  1.00000
  9379      5.65    -18.32  1.00000
  9380      5.65    -18.27  1.00000
  9381      5.65    -18.22  1.00000
  9382      5.65    -18.17  1.00000
  9383      5.65    -18.12  1.00000
  9384      5.65    -18.07  1.00000
  9385      5.65    -18.02  1.00000
  9386      5.65    -17.97  1.00000
  9387      5.65    -17.92  1.00000
  9388      5.65    -17.87  1.00000
  9389      5.65    -17.82  1.00000
  9390      5.65    -17.77  1.00000
  9391      5.65    -17.72  1.00000
  9392      5.65    -17.67  1.00000
  9393      5.65    -17.62  1.00000
  9394      5.65    -17.57  1.00000
  9395      5.65    -17.52  1.00000
  9396      5.65    -17.47  1.00000
  9397      5.65    -17.42  1.00000
  9398      5.65    -17.37  1.00000
  9399      5.65    -17.32  1.00000
  9400      5.65    -17.27  1.00000
  9401      5.65    -17.22  1.00000
  9402      5.65    -17.17  1.00000
  9403      5.65    -17.12  1.00000
  9404      5.65    -17.07  1.00000
  9405      5.65    -17.02  1.00000
  9406      5.65    -16.97  1.00000
  9407      5.65    -16.92  1.00000
  9408      5.65    -16.87  1.00000
  9409      5.65    -16.82  1.00000
  9410      5.65    -16.77  1.00000
  9411      5.65    -16.72  1.00000
  9412      5.65    -16.67  1.00000
  9413      5.65    -16.62  1.00000
  9414      5.65    -16.57  1.00000
  9415      5.65    -16.52  1.00000
  9416      5.65    -16.47  1.00000
  9417      5.65    -16.42  1.00000
  9418      5.65    -16.37  1.00000
  9419      5.65    -16.32  1.00000
  9420      5.65    -16.27  1.00000
  9421      5.65    -16.22  1.00000
  9422      5.65    -16.17  1.00000
  9423      5.65    -16.12  1.00000
  9424      5.65    -16.07  1.00000
  9425      5.65    -16.02  1.00000
  9426      5.65    -15.97  1.00000
  9427      5.65    -15.92  1.00000
  9428      5.65    -15.87  1.00000
  9429      5.65    -15.82  1.00000
  9430      5.65    -15.77  1.00000
  9431      5.65    -15.72  1.00000
  9432      5.65    -15.67  1.00000
  9433      5.65    -15.62  1.00000
  9434      5.65    -15.57  1.00000
  9435      5.65    -15.52  1.00000
  9436      5.65    -15.47  1.00000
  9437      5.65    -15.42  1.00000
  9438      5.65    -15.37  1.00000
  9439      5.70    -22.47  1.00000
  9440      5.70    -22.42  1.00000
  9441      5.70    -22.37  1.00000
  9442      5.70    -22.32  1.00000
  9443      5.70    -22.27  1.00000
  9444      5.70    -22.22  1.00000
  9445      5.70    -22.17  1.00000
  9446      5.70    -22.12  1.00000
  9447      5.70    -22.07  1.00000
  9448      5.70    -22.02  1.00000
  9449      5.70    -21.97  1.00000
  9450      5.70    -21.92  1.00000
  9451      5.70    -21.87  1.00000
  9452      5.70    -21.82  1.00000
  9453      5.70    -21.77  1.00000
  9454      5.70    -21.72  1.00000
  9455      5.70    -21.67  1.00000
  9456      5.70    -21.62  1.00000
  9457      5.70    -21.57  1.00000
  9458      5.70    -21.52  1.00000
  9459      5.70    -21.47  1.00000
  9460      5.70    -21.42  1.00000
  9461      5.70    -21.37  1.00000
  9462      5.70    -21.32  1.00000
  9463      5.70    -21.27  1.00000
  9464      5.70    -21.22  1.00000
  9465      5.70    -21.17  1.00000
  9466      5.70    -21.12  1.00000
  9467      5.70    -21.07  1.00000
  9468      5.70    -21.02  1.00000
  9469      5.70    -20.97  1.00000
  9470      5.70    -20.92  1.00000
  9471      5.70    -20.87  1.00000
  9472      5.70    -20.82  1.00000
  9473      5.70    -20.77  1.00000
  9474      5.70    -20.72  1.00000
  9475      5.70    -20.67  1.00000
  9476      5.70    -20.62  1.00000
  9477      5.70    -20.57  1.00000
  9478      5.70    -20.52  1.00000
  9479      5.70    -20.47  1.00000
  9480      5.70    -20.42  1.00000
  9481      5.70    -20.37  1.00000
  9482      5.70    -20.32  1.00000
  9483      5.70    -20.27  1.00000
  9484      5.70    -20.22  1.00000
  9485      5.70    -20.17  1.00000
  9486      5.70    -20.12  1.00000
  9487      5.70    -20.07  1.00000
  9488      5.70    -20.02  1.00000
  9489      5.70    -19.97  1.00000
  9490      5.70    -19.92  1.00000
  9491      5.70    -19.87  1.00000
  9492      5.70    -19.82  1.00000
  9493      5.70    -19.77  1.00000
  9494      5.70    -19.72  1.00000
  9495      5.70    -19.67  1.00000
  9496      5.70    -19.62  1.00000
  9497      5.70    -19.57  1.00000
  9498      5.70    -19.52  1.00000
  9499      5.70    -19.47  1.00000
  9500      5.70    -19.42  1.00000
  9501      5.70    -19.37  1.00000
  9502      5.70    -19.32  1.00000
  9503      5.70    -19.27  1.00000
  9504      5.70    -19.22  1.00000
  9505      5.70    -19.17  1.00000
  9506      5.70    -19.12  1.00000
  9507      5.70    -19.07  1.00000
  9508      5.70    -19.02  1.00000
  9509      5.70    -18.97  1.00000
  9510      5.70    -18.92  1.00000
  9511      5.70    -18.87  1.00000
  9512      5.70    -18.82  1.00000
  9513      5.70    -18.77  1.00000
  9514      5.70    -18.72  1.00000
  9515      5.70    -18.67  1.00000
  9516      5.70    -18.62  1.00000
  9517      5.70    -18.57  1.00000
  9518      5.70    -18.52  1.00000
  9519      5.70    -18.47  1.00000
  9520      5.70    -18.42  1.00000
  9521      5.70    -18.37  1.00000
  9522      5.70    -18.32  1.00000
  9523      5.70    -18.27  1.00000
  9524      5.70    -18.22  1.00000
  9525      5.70    -18.17  1.00000
  9526      5.70    -18.12  1.00000
  9527      5.70    -18.07  1.00000
  9528      5.70    -18.02  1.00000
  9529      5.70    -17.97  1.00000
  9530      5.70    -17.92  1.00000
  9531      5.70    -17.87  1.00000
  9532      5.70    -17.82  1.00000
  9533      5.70    -17.77  1.00000
  9534      5.70    -17.72  1.00000
  9535      5.70    -17.67  1.00000
  9536      5.70    -17.62  1.00000
  9537      5.70    -17.57  1.00000
  9538      5.70    -17.52  1.00000
  9539      5.70    -17.47  1.00000
  9540      5.70    -17.42  1.00000
  9541      5.70    -17.37  1.00000
  9542      5.70    -17.32  1.00000
  9543      5.70    -17.27  1.00000
  9544      5.70    -17.22  1.00000
  9545      5.70    -17.17  1.00000
  9546      5.70    -17.12  1.00000
  9547      5.70    -17.07  1.00000
  9548      5.70    -17.02  1.00000
  9549      5.70    -16.97  1.00000
  9550      5.70    -16.92  1.00000
  9551      5.70    -16.87  1.00000
  9552      5.70    -16.82  1.00000
  9553      5.70    -16.77  1.00000
  9554      5.70    -16.72  1.00000
  9555      5.70    -16.67  1.00000
  9556      5.70    -16.62  1.00000
  9557      5.70    -16.57  1.00000
  9558      5.70    -16.52  1.00000
  9559      5.70    -16.47  1.00000
  9560      5.70    -16.42  1.00000
  9561      5.70    -16.37  1.00000
  9562      5.70    -16.32  1.00000
  9563      5.70    -16.27  1.00000
  9564      5.70    -16.22  1.00000
  9565      5.70    -16.17  1.00000
  9566      5.70    -16.12  1.00000
  9567      5.70    -16.07  1.00000
  9568      5.70    -16.02  1.00000
  9569      5.70    -15.97  1.00000
  9570      5.70    -15.92  1.00000
  9571      5.70    -15.87  1.00000
  9572      5.70    -15.82  1.00000
  9573      5.70    -15.77  1.00000
  9574      5.70    -15.72  1.00000
  9575      5.70    -15.67  1.00000
  9576      5.70    -15.62  1.00000
  9577      5.70    -15.57  1.00000
  9578      5.70    -15.52  1.00000
  9579      5.70    -15.47  1.00000
  9580      5.70    -15.42  1.00000
  9581      5.70    -15.37  1.00000
  9582      5.75    -22.47  1.00000
  9583      5.75    -22.42  1.00000
  9584      5.75    -22.37  1.00000
  9585      5.75    -22.32  1.00000
  9586      5.75    -22.27  1.00000
  9587      5.75    -22.22  1.00000
  9588      5.75    -22.17  1.00000
  9589      5.75    -22.12  1.00000
  9590      5.75    -22.07  1.00000
  9591      5.75    -22.02  1.00000
  9592      5.75    -21.97  1.00000
  9593      5.75    -21.92  1.00000
  9594      5.75    -21.87  1.00000
  9595      5.75    -21.82  1.00000
  9596      5.75    -21.77  1.00000
  9597      5.75    -21.72  1.00000
  9598      5.75    -21.67  1.00000
  9599      5.75    -21.62  1.00000
  9600      5.75    -21.57  1.00000
  9601      5.75    -21.52  1.00000
  9602      5.75    -21.47  1.00000
  9603      5.75    -21.42  1.00000
  9604      5.75    -21.37  1.00000
  9605      5.75    -21.32  1.00000
  9606      5.75    -21.27  1.00000
  9607      5.75    -21.22  1.00000
  9608      5.75    -21.17  1.00000
  9609      5.75    -21.12  1.00000
  9610      5.75    -21.07  1.00000
  9611      5.75    -21.02  1.00000
  9612      5.75    -20.97  1.00000
  9613      5.75    -20.92  1.00000
  9614      5.75    -20.87  1.00000
  9615      5.75    -20.82  1.00000
  9616      5.75    -20.77  1.00000
  9617      5.75    -20.72  1.00000
  9618      5.75    -20.67  1.00000
  9619      5.75    -20.62  1.00000
  9620      5.75    -20.57  1.00000
  9621      5.75    -20.52  1.00000
  9622      5.75    -20.47  1.00000
  9623      5.75    -20.42  1.00000
  9624      5.75    -20.37  1.00000
  9625      5.75    -20.32  1.00000
  9626      5.75    -20.27  1.00000
  9627      5.75    -20.22  1.00000
  9628      5.75    -20.17  1.00000
  9629      5.75    -20.12  1.00000
  9630      5.75    -20.07  1.00000
  9631      5.75    -20.02  1.00000
  9632      5.75    -19.97  1.00000
  9633      5.75    -19.92  1.00000
  9634      5.75    -19.87  1.00000
  9635      5.75    -19.82  1.00000
  9636      5.75    -19.77  1.00000
  9637      5.75    -19.72  1.00000
  9638      5.75    -19.67  1.00000
  9639      5.75    -19.62  1.00000
  9640      5.75    -19.57  1.00000
  9641      5.75    -19.52  1.00000
  9642      5.75    -19.47  1.00000
  9643      5.75    -19.42  1.00000
  9644      5.75    -19.37  1.00000
  9645      5.75    -19.32  1.00000
  9646      5.75    -19.27  1.00000
  9647      5.75    -19.22  1.00000
  9648      5.75    -19.17  1.00000
  9649      5.75    -19.12  1.00000
  9650      5.75    -19.07  1.00000
  9651      5.75    -19.02  1.00000
  9652      5.75    -18.97  1.00000
  9653      5.75    -18.92  1.00000
  9654      5.75    -18.87  1.00000
  9655      5.75    -18.82  1.00000
  9656      5.75    -18.77  1.00000
  9657      5.75    -18.72  1.00000
  9658      5.75    -18.67  1.00000
  9659      5.75    -18.62  1.00000
  9660      5.75    -18.57  1.00000
  9661      5.75    -18.52  1.00000
  9662      5.75    -18.47  1.00000
  9663      5.75    -18.42  1.00000
  9664      5.75    -18.37  1.00000
  9665      5.75    -18.32  1.00000
  9666      5.75    -18.27  1.00000
  9667      5.75    -18.22  1.00000
  9668      5.75    -18.17  1.00000
  9669      5.75    -18.12  1.00000
  9670      5.75    -18.07  1.00000
  9671      5.75    -18.02  1.00000
  9672      5.75    -17.97  1.00000
  9673      5.75    -17.92  1.00000
  9674      5.75    -17.87  1.00000
  9675      5.75    -17.82  1.00000
  9676      5.75    -17.77  1.00000
  9677      5.75    -17.72  1.00000
  9678      5.75    -17.67  1.00000
  9679      5.75    -17.62  1.00000
  9680      5.75    -17.57  1.00000
  9681      5.75    -17.52  1.00000
  9682      5.75    -17.47  1.00000
  9683      5.75    -17.42  1.00000
  9684      5.75    -17.37  1.00000
  9685      5.75    -17.32  1.00000
  9686      5.75    -17.27  1.00000
  9687      5.75    -17.22  1.00000
  9688      5.75    -17.17  1.00000
  9689      5.75    -17.12  1.00000
  9690      5.75    -17.07  1.00000
  9691      5.75    -17.02  1.00000
  9692      5.75    -16.97  1.00000
  9693      5.75    -16.92  1.00000
  9694      5.75    -16.87  1.00000
  9695      5.75    -16.82  1.00000
  9696      5.75    -16.77  1.00000
  9697      5.75    -16.72  1.00000
  9698      5.75    -16.67  1.00000
  9699      5.75    -16.62  1.00000
  9700      5.75    -16.57  1.00000
  9701      5.75    -16.52  1.00000
  9702      5.75    -16.47  1.00000
  9703      5.75    -16.42  1.00000
  9704      5.75    -16.37  1.00000
  9705      5.75    -16.32  1.00000
  9706      5.75    -16.27  1.00000
  9707      5.75    -16.22  1.00000
  9708      5.75    -16.17  1.00000
  9709      5.75    -16.12  1.00000
  9710      5.75    -16.07  1.00000
  9711      5.75    -16.02  1.00000
  9712      5.75    -15.97  1.00000
  9713      5.75    -15.92  1.00000
  9714      5.75    -15.87  1.00000
  9715      5.75    -15.82  1.00000
  9716      5.75    -15.77  1.00000
  9717      5.75    -15.72  1.00000
  9718      5.75    -15.67  1.00000
  9719      5.75    -15.62  1.00000
  9720      5.75    -15.57  1.00000
  9721      5.75    -15.52  1.00000
  9722      5.75    -15.47  1.00000
  9723      5.75    -15.42  1.00000
  9724      5.75    -15.37  1.00000
  9725      5.80    -22.47  1.00000
  9726      5.80    -22.42  1.00000
  9727      5.80    -22.37  1.00000
  9728      5.80    -22.32  1.00000
  9729      5.80    -22.27  1.00000
  9730      5.80    -22.22  1.00000
  9731      5.80    -22.17  1.00000
  9732      5.80    -22.12  1.00000
  9733      5.80    -22.07  1.00000
  9734      5.80    -22.02  1.00000
  9735      5.80    -21.97  1.00000
  9736      5.80    -21.92  1.00000
  9737      5.80    -21.87  1.00000
  9738      5.80    -21.82  1.00000
  9739      5.80    -21.77  1.00000
  9740      5.80    -21.72  1.00000
  9741      5.80    -21.67  1.00000
  9742      5.80    -21.62  1.00000
  9743      5.80    -21.57  1.00000
  9744      5.80    -21.52  1.00000
  9745      5.80    -21.47  1.00000
  9746      5.80    -21.42  1.00000
  9747      5.80    -21.37  1.00000
  9748      5.80    -21.32  1.00000
  9749      5.80    -21.27  1.00000
  9750      5.80    -21.22  1.00000
  9751      5.80    -21.17  1.00000
  9752      5.80    -21.12  1.00000
  9753      5.80    -21.07  1.00000
  9754      5.80    -21.02  1.00000
  9755      5.80    -20.97  1.00000
  9756      5.80    -20.92  1.00000
  9757      5.80    -20.87  1.00000
  9758      5.80    -20.82  1.00000
  9759      5.80    -20.77  1.00000
  9760      5.80    -20.72  1.00000
  9761      5.80    -20.67  1.00000
  9762      5.80    -20.62  1.00000
  9763      5.80    -20.57  1.00000
  9764      5.80    -20.52  1.00000
  9765      5.80    -20.47  1.00000
  9766      5.80    -20.42  1.00000
  9767      5.80    -20.37  1.00000
  9768      5.80    -20.32  1.00000
  9769      5.80    -20.27  1.00000
  9770      5.80    -20.22  1.00000
  9771      5.80    -20.17  1.00000
  9772      5.80    -20.12  1.00000
  9773      5.80    -20.07  1.00000
  9774      5.80    -20.02  1.00000
  9775      5.80    -19.97  1.00000
  9776      5.80    -19.92  1.00000
  9777      5.80    -19.87  1.00000
  9778      5.80    -19.82  1.00000
  9779      5.80    -19.77  1.00000
  9780      5.80    -19.72  1.00000
  9781      5.80    -19.67  1.00000
  9782      5.80    -19.62  1.00000
  9783      5.80    -19.57  1.00000
  9784      5.80    -19.52  1.00000
  9785      5.80    -19.47  1.00000
  9786      5.80    -19.42  1.00000
  9787      5.80    -19.37  1.00000
  9788      5.80    -19.32  1.00000
  9789      5.80    -19.27  1.00000
  9790      5.80    -19.22  1.00000
  9791      5.80    -19.17  1.00000
  9792      5.80    -19.12  1.00000
  9793      5.80    -19.07  1.00000
  9794      5.80    -19.02  1.00000
  9795      5.80    -18.97  1.00000
  9796      5.80    -18.92  1.00000
  9797      5.80    -18.87  1.00000
  9798      5.80    -18.82  1.00000
  9799      5.80    -18.77  1.00000
  9800      5.80    -18.72  1.00000
  9801      5.80    -18.67  1.00000
  9802      5.80    -18.62  1.00000
  9803      5.80    -18.57  1.00000
  9804      5.80    -18.52  1.00000
  9805      5.80    -18.47  1.00000
  9806      5.80    -18.42  1.00000
  9807      5.80    -18.37  1.00000
  9808      5.80    -18.32  1.00000
  9809      5.80    -18.27  1.00000
  9810      5.80    -18.22  1.00000
  9811      5.80    -18.17  1.00000
  9812      5.80    -18.12  1.00000
  9813      5.80    -18.07  1.00000
  9814      5.80    -18.02  1.00000
  9815      5.80    -17.97  1.00000
  9816      5.80    -17.92  1.00000
  9817      5.80    -17.87  1.00000
  9818      5.80    -17.82  1.00000
  9819      5.80    -17.77  1.00000
  9820      5.80    -17.72  1.00000
  9821      5.80    -17.67  1.00000
  9822      5.80    -17.62  1.00000
  9823      5.80    -17.57  1.00000
  9824      5.80    -17.52  1.00000
  9825      5.80    -17.47  1.00000
  9826      5.80    -17.42  1.00000
  9827      5.80    -17.37  1.00000
  9828      5.80    -17.32  1.00000
  9829      5.80    -17.27  1.00000
  9830      5.80    -17.22  1.00000
  9831      5.80    -17.17  1.00000
  9832      5.80    -17.12  1.00000
  9833      5.80    -17.07  1.00000
  9834      5.80    -17.02  1.00000
  9835      5.80    -16.97  1.00000
  9836      5.80    -16.92  1.00000
  9837      5.80    -16.87  1.00000
  9838      5.80    -16.82  1.00000
  9839      5.80    -16.77  1.00000
  9840      5.80    -16.72  1.00000
  9841      5.80    -16.67  1.00000
  9842      5.80    -16.62  1.00000
  9843      5.80    -16.57  1.00000
  9844      5.80    -16.52  1.00000
  9845      5.80    -16.47  1.00000
  9846      5.80    -16.42  1.00000
  9847      5.80    -16.37  1.00000
  9848      5.80    -16.32  1.00000
  9849      5.80    -16.27  1.00000
  9850      5.80    -16.22  1.00000
  9851      5.80    -16.17  1.00000
  9852      5.80    -16.12  1.00000
  9853      5.80    -16.07  1.00000
  9854      5.80    -16.02  1.00000
  9855      5.80    -15.97  1.00000
  9856      5.80    -15.92  1.00000
  9857      5.80    -15.87  1.00000
  9858      5.80    -15.82  1.00000
  9859      5.80    -15.77  1.00000
  9860      5.80    -15.72  1.00000
  9861      5.80    -15.67  1.00000
  9862      5.80    -15.62  1.00000
  9863      5.80    -15.57  1.00000
  9864      5.80    -15.52  1.00000
  9865      5.80    -15.47  1.00000
  9866      5.80    -15.42  1.00000
  9867      5.80    -15.37  1.00000
  9868      5.85    -22.47  1.00000
  9869      5.85    -22.42  1.00000
  9870      5.85    -22.37  1.00000
  9871      5.85    -22.32  1.00000
  9872      5.85    -22.27  1.00000
  9873      5.85    -22.22  1.00000
  9874      5.85    -22.17  1.00000
  9875      5.85    -22.12  1.00000
  9876      5.85    -22.07  1.00000
  9877      5.85    -22.02  1.00000
  9878      5.85    -21.97  1.00000
  9879      5.85    -21.92  1.00000
  9880      5.85    -21.87  1.00000
  9881      5.85    -21.82  1.00000
  9882      5.85    -21.77  1.00000
  9883      5.85    -21.72  1.00000
  9884      5.85    -21.67  1.00000
  9885      5.85    -21.62  1.00000
  9886      5.85    -21.57  1.00000
  9887      5.85    -21.52  1.00000
  9888      5.85    -21.47  1.00000
  9889      5.85    -21.42  1.00000
  9890      5.85    -21.37  1.00000
  9891      5.85    -21.32  1.00000
  9892      5.85    -21.27  1.00000
  9893      5.85    -21.22  1.00000
  9894      5.85    -21.17  1.00000
  9895      5.85    -21.12  1.00000
  9896      5.85    -21.07  1.00000
  9897      5.85    -21.02  1.00000
  9898      5.85    -20.97  1.00000
  9899      5.85    -20.92  1.00000
  9900      5.85    -20.87  1.00000
  9901      5.85    -20.82  1.00000
  9902      5.85    -20.77  1.00000
  9903      5.85    -20.72  1.00000
  9904      5.85    -20.67  1.00000
  9905      5.85    -20.62  1.00000
  9906      5.85    -20.57  1.00000
  9907      5.85    -20.52  1.00000
  9908      5.85    -20.47  1.00000
  9909      5.85    -20.42  1.00000
  9910      5.85    -20.37  1.00000
  9911      5.85    -20.32  1.00000
  9912      5.85    -20.27  1.00000
  9913      5.85    -20.22  1.00000
  9914      5.85    -20.17  1.00000
  9915      5.85    -20.12  1.00000
  9916      5.85    -20.07  1.00000
  9917      5.85    -20.02  1.00000
  9918      5.85    -19.97  1.00000
  9919      5.85    -19.92  1.00000
  9920      5.85    -19.87  1.00000
  9921      5.85    -19.82  1.00000
  9922      5.85    -19.77  1.00000
  9923      5.85    -19.72  1.00000
  9924      5.85    -19.67  1.00000
  9925      5.85    -19.62  1.00000
  9926      5.85    -19.57  1.00000
  9927      5.85    -19.52  1.00000
  9928      5.85    -19.47  1.00000
  9929      5.85    -19.42  1.00000
  9930      5.85    -19.37  1.00000
  9931      5.85    -19.32  1.00000
  9932      5.85    -19.27  1.00000
  9933      5.85    -19.22  1.00000
  9934      5.85    -19.17  1.00000
  9935      5.85    -19.12  1.00000
  9936      5.85    -19.07  1.00000
  9937      5.85    -19.02  1.00000
  9938      5.85    -18.97  1.00000
  9939      5.85    -18.92  1.00000
  9940      5.85    -18.87  1.00000
  9941      5.85    -18.82  1.00000
  9942      5.85    -18.77  1.00000
  9943      5.85    -18.72  1.00000
  9944      5.85    -18.67  1.00000
  9945      5.85    -18.62  1.00000
  9946      5.85    -18.57  1.00000
  9947      5.85    -18.52  1.00000
  9948      5.85    -18.47  1.00000
  9949      5.85    -18.42  1.00000
  9950      5.85    -18.37  1.00000
  9951      5.85    -18.32  1.00000
  9952      5.85    -18.27  1.00000
  9953      5.85    -18.22  1.00000
  9954      5.85    -18.17  1.00000
  9955      5.85    -18.12  1.00000
  9956      5.85    -18.07  1.00000
  9957      5.85    -18.02  1.00000
  9958      5.85    -17.97  1.00000
  9959      5.85    -17.92  1.00000
  9960      5.85    -17.87  1.00000
  9961      5.85    -17.82  1.00000
  9962      5.85    -17.77  1.00000
  9963      5.85    -17.72  1.00000
  9964      5.85    -17.67  1.00000
  9965      5.85    -17.62  1.00000
  9966      5.85    -17.57  1.00000
  9967      5.85    -17.52  1.00000
  9968      5.85    -17.47  1.00000
  9969      5.85    -17.42  1.00000
  9970      5.85    -17.37  1.00000
  9971      5.85    -17.32  1.00000
  9972      5.85    -17.27  1.00000
  9973      5.85    -17.22  1.00000
  9974      5.85    -17.17  1.00000
  9975      5.85    -17.12  1.00000
  9976      5.85    -17.07  1.00000
  9977      5.85    -17.02  1.00000
  9978      5.85    -16.97  1.00000
  9979      5.85    -16.92  1.00000
  9980      5.85    -16.87  1.00000
  9981      5.85    -16.82  1.00000
  9982      5.85    -16.77  1.00000
  9983      5.85    -16.72  1.00000
  9984      5.85    -16.67  1.00000
  9985      5.85    -16.62  1.00000
  9986      5.85    -16.57  1.00000
  9987      5.85    -16.52  1.00000
  9988      5.85    -16.47  1.00000
  9989      5.85    -16.42  1.00000
  9990      5.85    -16.37  1.00000
  9991      5.85    -16.32  1.00000
  9992      5.85    -16.27  1.00000
  9993      5.85    -16.22  1.00000
  9994      5.85    -16.17  1.00000
  9995      5.85    -16.12  1.00000
  9996      5.85    -16.07  1.00000
  9997      5.85    -16.02  1.00000
  9998      5.85    -15.97  1.00000
  9999      5.85    -15.92  1.00000
  10000     5.85    -15.87  1.00000
  10001     5.85    -15.82  1.00000
  10002     5.85    -15.77  1.00000
  10003     5.85    -15.72  1.00000
  10004     5.85    -15.67  1.00000
  10005     5.85    -15.62  1.00000
  10006     5.85    -15.57  1.00000
  10007     5.85    -15.52  1.00000
  10008     5.85    -15.47  1.00000
  10009     5.85    -15.42  1.00000
  10010     5.85    -15.37  1.00000
  10011     5.90    -22.47  1.00000
  10012     5.90    -22.42  1.00000
  10013     5.90    -22.37  1.00000
  10014     5.90    -22.32  1.00000
  10015     5.90    -22.27  1.00000
  10016     5.90    -22.22  1.00000
  10017     5.90    -22.17  1.00000
  10018     5.90    -22.12  1.00000
  10019     5.90    -22.07  1.00000
  10020     5.90    -22.02  1.00000
  10021     5.90    -21.97  1.00000
  10022     5.90    -21.92  1.00000
  10023     5.90    -21.87  1.00000
  10024     5.90    -21.82  1.00000
  10025     5.90    -21.77  1.00000
  10026     5.90    -21.72  1.00000
  10027     5.90    -21.67  1.00000
  10028     5.90    -21.62  1.00000
  10029     5.90    -21.57  1.00000
  10030     5.90    -21.52  1.00000
  10031     5.90    -21.47  1.00000
  10032     5.90    -21.42  1.00000
  10033     5.90    -21.37  1.00000
  10034     5.90    -21.32  1.00000
  10035     5.90    -21.27  1.00000
  10036     5.90    -21.22  1.00000
  10037     5.90    -21.17  1.00000
  10038     5.90    -21.12  1.00000
  10039     5.90    -21.07  1.00000
  10040     5.90    -21.02  1.00000
  10041     5.90    -20.97  1.00000
  10042     5.90    -20.92  1.00000
  10043     5.90    -20.87  1.00000
  10044     5.90    -20.82  1.00000
  10045     5.90    -20.77  1.00000
  10046     5.90    -20.72  1.00000
  10047     5.90    -20.67  1.00000
  10048     5.90    -20.62  1.00000
  10049     5.90    -20.57  1.00000
  10050     5.90    -20.52  1.00000
  10051     5.90    -20.47  1.00000
  10052     5.90    -20.42  1.00000
  10053     5.90    -20.37  1.00000
  10054     5.90    -20.32  1.00000
  10055     5.90    -20.27  1.00000
  10056     5.90    -20.22  1.00000
  10057     5.90    -20.17  1.00000
  10058     5.90    -20.12  1.00000
  10059     5.90    -20.07  1.00000
  10060     5.90    -20.02  1.00000
  10061     5.90    -19.97  1.00000
  10062     5.90    -19.92  1.00000
  10063     5.90    -19.87  1.00000
  10064     5.90    -19.82  1.00000
  10065     5.90    -19.77  1.00000
  10066     5.90    -19.72  1.00000
  10067     5.90    -19.67  1.00000
  10068     5.90    -19.62  1.00000
  10069     5.90    -19.57  1.00000
  10070     5.90    -19.52  1.00000
  10071     5.90    -19.47  1.00000
  10072     5.90    -19.42  1.00000
  10073     5.90    -19.37  1.00000
  10074     5.90    -19.32  1.00000
  10075     5.90    -19.27  1.00000
  10076     5.90    -19.22  1.00000
  10077     5.90    -19.17  1.00000
  10078     5.90    -19.12  1.00000
  10079     5.90    -19.07  1.00000
  10080     5.90    -19.02  1.00000
  10081     5.90    -18.97  1.00000
  10082     5.90    -18.92  1.00000
  10083     5.90    -18.87  1.00000
  10084     5.90    -18.82  1.00000
  10085     5.90    -18.77  1.00000
  10086     5.90    -18.72  1.00000
  10087     5.90    -18.67  1.00000
  10088     5.90    -18.62  1.00000
  10089     5.90    -18.57  1.00000
  10090     5.90    -18.52  1.00000
  10091     5.90    -18.47  1.00000
  10092     5.90    -18.42  1.00000
  10093     5.90    -18.37  1.00000
  10094     5.90    -18.32  1.00000
  10095     5.90    -18.27  1.00000
  10096     5.90    -18.22  1.00000
  10097     5.90    -18.17  1.00000
  10098     5.90    -18.12  1.00000
  10099     5.90    -18.07  1.00000
  10100     5.90    -18.02  1.00000
  10101     5.90    -17.97  1.00000
  10102     5.90    -17.92  1.00000
  10103     5.90    -17.87  1.00000
  10104     5.90    -17.82  1.00000
  10105     5.90    -17.77  1.00000
  10106     5.90    -17.72  1.00000
  10107     5.90    -17.67  1.00000
  10108     5.90    -17.62  1.00000
  10109     5.90    -17.57  1.00000
  10110     5.90    -17.52  1.00000
  10111     5.90    -17.47  1.00000
  10112     5.90    -17.42  1.00000
  10113     5.90    -17.37  1.00000
  10114     5.90    -17.32  1.00000
  10115     5.90    -17.27  1.00000
  10116     5.90    -17.22  1.00000
  10117     5.90    -17.17  1.00000
  10118     5.90    -17.12  1.00000
  10119     5.90    -17.07  1.00000
  10120     5.90    -17.02  1.00000
  10121     5.90    -16.97  1.00000
  10122     5.90    -16.92  1.00000
  10123     5.90    -16.87  1.00000
  10124     5.90    -16.82  1.00000
  10125     5.90    -16.77  1.00000
  10126     5.90    -16.72  1.00000
  10127     5.90    -16.67  1.00000
  10128     5.90    -16.62  1.00000
  10129     5.90    -16.57  1.00000
  10130     5.90    -16.52  1.00000
  10131     5.90    -16.47  1.00000
  10132     5.90    -16.42  1.00000
  10133     5.90    -16.37  1.00000
  10134     5.90    -16.32  1.00000
  10135     5.90    -16.27  1.00000
  10136     5.90    -16.22  1.00000
  10137     5.90    -16.17  1.00000
  10138     5.90    -16.12  1.00000
  10139     5.90    -16.07  1.00000
  10140     5.90    -16.02  1.00000
  10141     5.90    -15.97  1.00000
  10142     5.90    -15.92  1.00000
  10143     5.90    -15.87  1.00000
  10144     5.90    -15.82  1.00000
  10145     5.90    -15.77  1.00000
  10146     5.90    -15.72  1.00000
  10147     5.90    -15.67  1.00000
  10148     5.90    -15.62  1.00000
  10149     5.90    -15.57  1.00000
  10150     5.90    -15.52  1.00000
  10151     5.90    -15.47  1.00000
  10152     5.90    -15.42  1.00000
  10153     5.90    -15.37  1.00000
  10154     5.95    -22.47  1.00000
  10155     5.95    -22.42  1.00000
  10156     5.95    -22.37  1.00000
  10157     5.95    -22.32  1.00000
  10158     5.95    -22.27  1.00000
  10159     5.95    -22.22  1.00000
  10160     5.95    -22.17  1.00000
  10161     5.95    -22.12  1.00000
  10162     5.95    -22.07  1.00000
  10163     5.95    -22.02  1.00000
  10164     5.95    -21.97  1.00000
  10165     5.95    -21.92  1.00000
  10166     5.95    -21.87  1.00000
  10167     5.95    -21.82  1.00000
  10168     5.95    -21.77  1.00000
  10169     5.95    -21.72  1.00000
  10170     5.95    -21.67  1.00000
  10171     5.95    -21.62  1.00000
  10172     5.95    -21.57  1.00000
  10173     5.95    -21.52  1.00000
  10174     5.95    -21.47  1.00000
  10175     5.95    -21.42  1.00000
  10176     5.95    -21.37  1.00000
  10177     5.95    -21.32  1.00000
  10178     5.95    -21.27  1.00000
  10179     5.95    -21.22  1.00000
  10180     5.95    -21.17  1.00000
  10181     5.95    -21.12  1.00000
  10182     5.95    -21.07  1.00000
  10183     5.95    -21.02  1.00000
  10184     5.95    -20.97  1.00000
  10185     5.95    -20.92  1.00000
  10186     5.95    -20.87  1.00000
  10187     5.95    -20.82  1.00000
  10188     5.95    -20.77  1.00000
  10189     5.95    -20.72  1.00000
  10190     5.95    -20.67  1.00000
  10191     5.95    -20.62  1.00000
  10192     5.95    -20.57  1.00000
  10193     5.95    -20.52  1.00000
  10194     5.95    -20.47  1.00000
  10195     5.95    -20.42  1.00000
  10196     5.95    -20.37  1.00000
  10197     5.95    -20.32  1.00000
  10198     5.95    -20.27  1.00000
  10199     5.95    -20.22  1.00000
  10200     5.95    -20.17  1.00000
  10201     5.95    -20.12  1.00000
  10202     5.95    -20.07  1.00000
  10203     5.95    -20.02  1.00000
  10204     5.95    -19.97  1.00000
  10205     5.95    -19.92  1.00000
  10206     5.95    -19.87  1.00000
  10207     5.95    -19.82  1.00000
  10208     5.95    -19.77  1.00000
  10209     5.95    -19.72  1.00000
  10210     5.95    -19.67  1.00000
  10211     5.95    -19.62  1.00000
  10212     5.95    -19.57  1.00000
  10213     5.95    -19.52  1.00000
  10214     5.95    -19.47  1.00000
  10215     5.95    -19.42  1.00000
  10216     5.95    -19.37  1.00000
  10217     5.95    -19.32  1.00000
  10218     5.95    -19.27  1.00000
  10219     5.95    -19.22  1.00000
  10220     5.95    -19.17  1.00000
  10221     5.95    -19.12  1.00000
  10222     5.95    -19.07  1.00000
  10223     5.95    -19.02  1.00000
  10224     5.95    -18.97  1.00000
  10225     5.95    -18.92  1.00000
  10226     5.95    -18.87  1.00000
  10227     5.95    -18.82  1.00000
  10228     5.95    -18.77  1.00000
  10229     5.95    -18.72  1.00000
  10230     5.95    -18.67  1.00000
  10231     5.95    -18.62  1.00000
  10232     5.95    -18.57  1.00000
  10233     5.95    -18.52  1.00000
  10234     5.95    -18.47  1.00000
  10235     5.95    -18.42  1.00000
  10236     5.95    -18.37  1.00000
  10237     5.95    -18.32  1.00000
  10238     5.95    -18.27  1.00000
  10239     5.95    -18.22  1.00000
  10240     5.95    -18.17  1.00000
  10241     5.95    -18.12  1.00000
  10242     5.95    -18.07  1.00000
  10243     5.95    -18.02  1.00000
  10244     5.95    -17.97  1.00000
  10245     5.95    -17.92  1.00000
  10246     5.95    -17.87  1.00000
  10247     5.95    -17.82  1.00000
  10248     5.95    -17.77  1.00000
  10249     5.95    -17.72  1.00000
  10250     5.95    -17.67  1.00000
  10251     5.95    -17.62  1.00000
  10252     5.95    -17.57  1.00000
  10253     5.95    -17.52  1.00000
  10254     5.95    -17.47  1.00000
  10255     5.95    -17.42  1.00000
  10256     5.95    -17.37  1.00000
  10257     5.95    -17.32  1.00000
  10258     5.95    -17.27  1.00000
  10259     5.95    -17.22  1.00000
  10260     5.95    -17.17  1.00000
  10261     5.95    -17.12  1.00000
  10262     5.95    -17.07  1.00000
  10263     5.95    -17.02  1.00000
  10264     5.95    -16.97  1.00000
  10265     5.95    -16.92  1.00000
  10266     5.95    -16.87  1.00000
  10267     5.95    -16.82  1.00000
  10268     5.95    -16.77  1.00000
  10269     5.95    -16.72  1.00000
  10270     5.95    -16.67  1.00000
  10271     5.95    -16.62  1.00000
  10272     5.95    -16.57  1.00000
  10273     5.95    -16.52  1.00000
  10274     5.95    -16.47  1.00000
  10275     5.95    -16.42  1.00000
  10276     5.95    -16.37  1.00000
  10277     5.95    -16.32  1.00000
  10278     5.95    -16.27  1.00000
  10279     5.95    -16.22  1.00000
  10280     5.95    -16.17  1.00000
  10281     5.95    -16.12  1.00000
  10282     5.95    -16.07  1.00000
  10283     5.95    -16.02  1.00000
  10284     5.95    -15.97  1.00000
  10285     5.95    -15.92  1.00000
  10286     5.95    -15.87  1.00000
  10287     5.95    -15.82  1.00000
  10288     5.95    -15.77  1.00000
  10289     5.95    -15.72  1.00000
  10290     5.95    -15.67  1.00000
  10291     5.95    -15.62  1.00000
  10292     5.95    -15.57  1.00000
  10293     5.95    -15.52  1.00000
  10294     5.95    -15.47  1.00000
  10295     5.95    -15.42  1.00000
  10296     5.95    -15.37  1.00000
  10297     6.00    -22.47  1.00000
  10298     6.00    -22.42  1.00000
  10299     6.00    -22.37  1.00000
  10300     6.00    -22.32  1.00000
  10301     6.00    -22.27  1.00000
  10302     6.00    -22.22  1.00000
  10303     6.00    -22.17  1.00000
  10304     6.00    -22.12  1.00000
  10305     6.00    -22.07  1.00000
  10306     6.00    -22.02  1.00000
  10307     6.00    -21.97  1.00000
  10308     6.00    -21.92  1.00000
  10309     6.00    -21.87  1.00000
  10310     6.00    -21.82  1.00000
  10311     6.00    -21.77  1.00000
  10312     6.00    -21.72  1.00000
  10313     6.00    -21.67  1.00000
  10314     6.00    -21.62  1.00000
  10315     6.00    -21.57  1.00000
  10316     6.00    -21.52  1.00000
  10317     6.00    -21.47  1.00000
  10318     6.00    -21.42  1.00000
  10319     6.00    -21.37  1.00000
  10320     6.00    -21.32  1.00000
  10321     6.00    -21.27  1.00000
  10322     6.00    -21.22  1.00000
  10323     6.00    -21.17  1.00000
  10324     6.00    -21.12  1.00000
  10325     6.00    -21.07  1.00000
  10326     6.00    -21.02  1.00000
  10327     6.00    -20.97  1.00000
  10328     6.00    -20.92  1.00000
  10329     6.00    -20.87  1.00000
  10330     6.00    -20.82  1.00000
  10331     6.00    -20.77  1.00000
  10332     6.00    -20.72  1.00000
  10333     6.00    -20.67  1.00000
  10334     6.00    -20.62  1.00000
  10335     6.00    -20.57  1.00000
  10336     6.00    -20.52  1.00000
  10337     6.00    -20.47  1.00000
  10338     6.00    -20.42  1.00000
  10339     6.00    -20.37  1.00000
  10340     6.00    -20.32  1.00000
  10341     6.00    -20.27  1.00000
  10342     6.00    -20.22  1.00000
  10343     6.00    -20.17  1.00000
  10344     6.00    -20.12  1.00000
  10345     6.00    -20.07  1.00000
  10346     6.00    -20.02  1.00000
  10347     6.00    -19.97  1.00000
  10348     6.00    -19.92  1.00000
  10349     6.00    -19.87  1.00000
  10350     6.00    -19.82  1.00000
  10351     6.00    -19.77  1.00000
  10352     6.00    -19.72  1.00000
  10353     6.00    -19.67  1.00000
  10354     6.00    -19.62  1.00000
  10355     6.00    -19.57  1.00000
  10356     6.00    -19.52  1.00000
  10357     6.00    -19.47  1.00000
  10358     6.00    -19.42  1.00000
  10359     6.00    -19.37  1.00000
  10360     6.00    -19.32  1.00000
  10361     6.00    -19.27  1.00000
  10362     6.00    -19.22  1.00000
  10363     6.00    -19.17  1.00000
  10364     6.00    -19.12  1.00000
  10365     6.00    -19.07  1.00000
  10366     6.00    -19.02  1.00000
  10367     6.00    -18.97  1.00000
  10368     6.00    -18.92  1.00000
  10369     6.00    -18.87  1.00000
  10370     6.00    -18.82  1.00000
  10371     6.00    -18.77  1.00000
  10372     6.00    -18.72  1.00000
  10373     6.00    -18.67  1.00000
  10374     6.00    -18.62  1.00000
  10375     6.00    -18.57  1.00000
  10376     6.00    -18.52  1.00000
  10377     6.00    -18.47  1.00000
  10378     6.00    -18.42  1.00000
  10379     6.00    -18.37  1.00000
  10380     6.00    -18.32  1.00000
  10381     6.00    -18.27  1.00000
  10382     6.00    -18.22  1.00000
  10383     6.00    -18.17  1.00000
  10384     6.00    -18.12  1.00000
  10385     6.00    -18.07  1.00000
  10386     6.00    -18.02  1.00000
  10387     6.00    -17.97  1.00000
  10388     6.00    -17.92  1.00000
  10389     6.00    -17.87  1.00000
  10390     6.00    -17.82  1.00000
  10391     6.00    -17.77  1.00000
  10392     6.00    -17.72  1.00000
  10393     6.00    -17.67  1.00000
  10394     6.00    -17.62  1.00000
  10395     6.00    -17.57  1.00000
  10396     6.00    -17.52  1.00000
  10397     6.00    -17.47  1.00000
  10398     6.00    -17.42  1.00000
  10399     6.00    -17.37  1.00000
  10400     6.00    -17.32  1.00000
  10401     6.00    -17.27  1.00000
  10402     6.00    -17.22  1.00000
  10403     6.00    -17.17  1.00000
  10404     6.00    -17.12  1.00000
  10405     6.00    -17.07  1.00000
  10406     6.00    -17.02  1.00000
  10407     6.00    -16.97  1.00000
  10408     6.00    -16.92  1.00000
  10409     6.00    -16.87  1.00000
  10410     6.00    -16.82  1.00000
  10411     6.00    -16.77  1.00000
  10412     6.00    -16.72  1.00000
  10413     6.00    -16.67  1.00000
  10414     6.00    -16.62  1.00000
  10415     6.00    -16.57  1.00000
  10416     6.00    -16.52  1.00000
  10417     6.00    -16.47  1.00000
  10418     6.00    -16.42  1.00000
  10419     6.00    -16.37  1.00000
  10420     6.00    -16.32  1.00000
  10421     6.00    -16.27  1.00000
  10422     6.00    -16.22  1.00000
  10423     6.00    -16.17  1.00000
  10424     6.00    -16.12  1.00000
  10425     6.00    -16.07  1.00000
  10426     6.00    -16.02  1.00000
  10427     6.00    -15.97  1.00000
  10428     6.00    -15.92  1.00000
  10429     6.00    -15.87  1.00000
  10430     6.00    -15.82  1.00000
  10431     6.00    -15.77  1.00000
  10432     6.00    -15.72  1.00000
  10433     6.00    -15.67  1.00000
  10434     6.00    -15.62  1.00000
  10435     6.00    -15.57  1.00000
  10436     6.00    -15.52  1.00000
  10437     6.00    -15.47  1.00000
  10438     6.00    -15.42  1.00000
  10439     6.00    -15.37  1.00000
  10440     6.05    -22.47  1.00000
  10441     6.05    -22.42  1.00000
  10442     6.05    -22.37  1.00000
  10443     6.05    -22.32  1.00000
  10444     6.05    -22.27  1.00000
  10445     6.05    -22.22  1.00000
  10446     6.05    -22.17  1.00000
  10447     6.05    -22.12  1.00000
  10448     6.05    -22.07  1.00000
  10449     6.05    -22.02  1.00000
  10450     6.05    -21.97  1.00000
  10451     6.05    -21.92  1.00000
  10452     6.05    -21.87  1.00000
  10453     6.05    -21.82  1.00000
  10454     6.05    -21.77  1.00000
  10455     6.05    -21.72  1.00000
  10456     6.05    -21.67  1.00000
  10457     6.05    -21.62  1.00000
  10458     6.05    -21.57  1.00000
  10459     6.05    -21.52  1.00000
  10460     6.05    -21.47  1.00000
  10461     6.05    -21.42  1.00000
  10462     6.05    -21.37  1.00000
  10463     6.05    -21.32  1.00000
  10464     6.05    -21.27  1.00000
  10465     6.05    -21.22  1.00000
  10466     6.05    -21.17  1.00000
  10467     6.05    -21.12  1.00000
  10468     6.05    -21.07  1.00000
  10469     6.05    -21.02  1.00000
  10470     6.05    -20.97  1.00000
  10471     6.05    -20.92  1.00000
  10472     6.05    -20.87  1.00000
  10473     6.05    -20.82  1.00000
  10474     6.05    -20.77  1.00000
  10475     6.05    -20.72  1.00000
  10476     6.05    -20.67  1.00000
  10477     6.05    -20.62  1.00000
  10478     6.05    -20.57  1.00000
  10479     6.05    -20.52  1.00000
  10480     6.05    -20.47  1.00000
  10481     6.05    -20.42  1.00000
  10482     6.05    -20.37  1.00000
  10483     6.05    -20.32  1.00000
  10484     6.05    -20.27  1.00000
  10485     6.05    -20.22  1.00000
  10486     6.05    -20.17  1.00000
  10487     6.05    -20.12  1.00000
  10488     6.05    -20.07  1.00000
  10489     6.05    -20.02  1.00000
  10490     6.05    -19.97  1.00000
  10491     6.05    -19.92  1.00000
  10492     6.05    -19.87  1.00000
  10493     6.05    -19.82  1.00000
  10494     6.05    -19.77  1.00000
  10495     6.05    -19.72  1.00000
  10496     6.05    -19.67  1.00000
  10497     6.05    -19.62  1.00000
  10498     6.05    -19.57  1.00000
  10499     6.05    -19.52  1.00000
  10500     6.05    -19.47  1.00000
  10501     6.05    -19.42  1.00000
  10502     6.05    -19.37  1.00000
  10503     6.05    -19.32  1.00000
  10504     6.05    -19.27  1.00000
  10505     6.05    -19.22  1.00000
  10506     6.05    -19.17  1.00000
  10507     6.05    -19.12  1.00000
  10508     6.05    -19.07  1.00000
  10509     6.05    -19.02  1.00000
  10510     6.05    -18.97  1.00000
  10511     6.05    -18.92  1.00000
  10512     6.05    -18.87  1.00000
  10513     6.05    -18.82  1.00000
  10514     6.05    -18.77  1.00000
  10515     6.05    -18.72  1.00000
  10516     6.05    -18.67  1.00000
  10517     6.05    -18.62  1.00000
  10518     6.05    -18.57  1.00000
  10519     6.05    -18.52  1.00000
  10520     6.05    -18.47  1.00000
  10521     6.05    -18.42  1.00000
  10522     6.05    -18.37  1.00000
  10523     6.05    -18.32  1.00000
  10524     6.05    -18.27  1.00000
  10525     6.05    -18.22  1.00000
  10526     6.05    -18.17  1.00000
  10527     6.05    -18.12  1.00000
  10528     6.05    -18.07  1.00000
  10529     6.05    -18.02  1.00000
  10530     6.05    -17.97  1.00000
  10531     6.05    -17.92  1.00000
  10532     6.05    -17.87  1.00000
  10533     6.05    -17.82  1.00000
  10534     6.05    -17.77  1.00000
  10535     6.05    -17.72  1.00000
  10536     6.05    -17.67  1.00000
  10537     6.05    -17.62  1.00000
  10538     6.05    -17.57  1.00000
  10539     6.05    -17.52  1.00000
  10540     6.05    -17.47  1.00000
  10541     6.05    -17.42  1.00000
  10542     6.05    -17.37  1.00000
  10543     6.05    -17.32  1.00000
  10544     6.05    -17.27  1.00000
  10545     6.05    -17.22  1.00000
  10546     6.05    -17.17  1.00000
  10547     6.05    -17.12  1.00000
  10548     6.05    -17.07  1.00000
  10549     6.05    -17.02  1.00000
  10550     6.05    -16.97  1.00000
  10551     6.05    -16.92  1.00000
  10552     6.05    -16.87  1.00000
  10553     6.05    -16.82  1.00000
  10554     6.05    -16.77  1.00000
  10555     6.05    -16.72  1.00000
  10556     6.05    -16.67  1.00000
  10557     6.05    -16.62  1.00000
  10558     6.05    -16.57  1.00000
  10559     6.05    -16.52  1.00000
  10560     6.05    -16.47  1.00000
  10561     6.05    -16.42  1.00000
  10562     6.05    -16.37  1.00000
  10563     6.05    -16.32  1.00000
  10564     6.05    -16.27  1.00000
  10565     6.05    -16.22  1.00000
  10566     6.05    -16.17  1.00000
  10567     6.05    -16.12  1.00000
  10568     6.05    -16.07  1.00000
  10569     6.05    -16.02  1.00000
  10570     6.05    -15.97  1.00000
  10571     6.05    -15.92  1.00000
  10572     6.05    -15.87  1.00000
  10573     6.05    -15.82  1.00000
  10574     6.05    -15.77  1.00000
  10575     6.05    -15.72  1.00000
  10576     6.05    -15.67  1.00000
  10577     6.05    -15.62  1.00000
  10578     6.05    -15.57  1.00000
  10579     6.05    -15.52  1.00000
  10580     6.05    -15.47  1.00000
  10581     6.05    -15.42  1.00000
  10582     6.05    -15.37  1.00000
  10583     6.10    -22.47  1.00000
  10584     6.10    -22.42  1.00000
  10585     6.10    -22.37  1.00000
  10586     6.10    -22.32  1.00000
  10587     6.10    -22.27  1.00000
  10588     6.10    -22.22  1.00000
  10589     6.10    -22.17  1.00000
  10590     6.10    -22.12  1.00000
  10591     6.10    -22.07  1.00000
  10592     6.10    -22.02  1.00000
  10593     6.10    -21.97  1.00000
  10594     6.10    -21.92  1.00000
  10595     6.10    -21.87  1.00000
  10596     6.10    -21.82  1.00000
  10597     6.10    -21.77  1.00000
  10598     6.10    -21.72  1.00000
  10599     6.10    -21.67  1.00000
  10600     6.10    -21.62  1.00000
  10601     6.10    -21.57  1.00000
  10602     6.10    -21.52  1.00000
  10603     6.10    -21.47  1.00000
  10604     6.10    -21.42  1.00000
  10605     6.10    -21.37  1.00000
  10606     6.10    -21.32  1.00000
  10607     6.10    -21.27  1.00000
  10608     6.10    -21.22  1.00000
  10609     6.10    -21.17  1.00000
  10610     6.10    -21.12  1.00000
  10611     6.10    -21.07  1.00000
  10612     6.10    -21.02  1.00000
  10613     6.10    -20.97  1.00000
  10614     6.10    -20.92  1.00000
  10615     6.10    -20.87  1.00000
  10616     6.10    -20.82  1.00000
  10617     6.10    -20.77  1.00000
  10618     6.10    -20.72  1.00000
  10619     6.10    -20.67  1.00000
  10620     6.10    -20.62  1.00000
  10621     6.10    -20.57  1.00000
  10622     6.10    -20.52  1.00000
  10623     6.10    -20.47  1.00000
  10624     6.10    -20.42  1.00000
  10625     6.10    -20.37  1.00000
  10626     6.10    -20.32  1.00000
  10627     6.10    -20.27  1.00000
  10628     6.10    -20.22  1.00000
  10629     6.10    -20.17  1.00000
  10630     6.10    -20.12  1.00000
  10631     6.10    -20.07  1.00000
  10632     6.10    -20.02  1.00000
  10633     6.10    -19.97  1.00000
  10634     6.10    -19.92  1.00000
  10635     6.10    -19.87  1.00000
  10636     6.10    -19.82  1.00000
  10637     6.10    -19.77  1.00000
  10638     6.10    -19.72  1.00000
  10639     6.10    -19.67  1.00000
  10640     6.10    -19.62  1.00000
  10641     6.10    -19.57  1.00000
  10642     6.10    -19.52  1.00000
  10643     6.10    -19.47  1.00000
  10644     6.10    -19.42  1.00000
  10645     6.10    -19.37  1.00000
  10646     6.10    -19.32  1.00000
  10647     6.10    -19.27  1.00000
  10648     6.10    -19.22  1.00000
  10649     6.10    -19.17  1.00000
  10650     6.10    -19.12  1.00000
  10651     6.10    -19.07  1.00000
  10652     6.10    -19.02  1.00000
  10653     6.10    -18.97  1.00000
  10654     6.10    -18.92  1.00000
  10655     6.10    -18.87  1.00000
  10656     6.10    -18.82  1.00000
  10657     6.10    -18.77  1.00000
  10658     6.10    -18.72  1.00000
  10659     6.10    -18.67  1.00000
  10660     6.10    -18.62  1.00000
  10661     6.10    -18.57  1.00000
  10662     6.10    -18.52  1.00000
  10663     6.10    -18.47  1.00000
  10664     6.10    -18.42  1.00000
  10665     6.10    -18.37  1.00000
  10666     6.10    -18.32  1.00000
  10667     6.10    -18.27  1.00000
  10668     6.10    -18.22  1.00000
  10669     6.10    -18.17  1.00000
  10670     6.10    -18.12  1.00000
  10671     6.10    -18.07  1.00000
  10672     6.10    -18.02  1.00000
  10673     6.10    -17.97  1.00000
  10674     6.10    -17.92  1.00000
  10675     6.10    -17.87  1.00000
  10676     6.10    -17.82  1.00000
  10677     6.10    -17.77  1.00000
  10678     6.10    -17.72  1.00000
  10679     6.10    -17.67  1.00000
  10680     6.10    -17.62  1.00000
  10681     6.10    -17.57  1.00000
  10682     6.10    -17.52  1.00000
  10683     6.10    -17.47  1.00000
  10684     6.10    -17.42  1.00000
  10685     6.10    -17.37  1.00000
  10686     6.10    -17.32  1.00000
  10687     6.10    -17.27  1.00000
  10688     6.10    -17.22  1.00000
  10689     6.10    -17.17  1.00000
  10690     6.10    -17.12  1.00000
  10691     6.10    -17.07  1.00000
  10692     6.10    -17.02  1.00000
  10693     6.10    -16.97  1.00000
  10694     6.10    -16.92  1.00000
  10695     6.10    -16.87  1.00000
  10696     6.10    -16.82  1.00000
  10697     6.10    -16.77  1.00000
  10698     6.10    -16.72  1.00000
  10699     6.10    -16.67  1.00000
  10700     6.10    -16.62  1.00000
  10701     6.10    -16.57  1.00000
  10702     6.10    -16.52  1.00000
  10703     6.10    -16.47  1.00000
  10704     6.10    -16.42  1.00000
  10705     6.10    -16.37  1.00000
  10706     6.10    -16.32  1.00000
  10707     6.10    -16.27  1.00000
  10708     6.10    -16.22  1.00000
  10709     6.10    -16.17  1.00000
  10710     6.10    -16.12  1.00000
  10711     6.10    -16.07  1.00000
  10712     6.10    -16.02  1.00000
  10713     6.10    -15.97  1.00000
  10714     6.10    -15.92  1.00000
  10715     6.10    -15.87  1.00000
  10716     6.10    -15.82  1.00000
  10717     6.10    -15.77  1.00000
  10718     6.10    -15.72  1.00000
  10719     6.10    -15.67  1.00000
  10720     6.10    -15.62  1.00000
  10721     6.10    -15.57  1.00000
  10722     6.10    -15.52  1.00000
  10723     6.10    -15.47  1.00000
  10724     6.10    -15.42  1.00000
  10725     6.10    -15.37  1.00000
  10726     6.15    -22.47  1.00000
  10727     6.15    -22.42  1.00000
  10728     6.15    -22.37  1.00000
  10729     6.15    -22.32  1.00000
  10730     6.15    -22.27  1.00000
  10731     6.15    -22.22  1.00000
  10732     6.15    -22.17  1.00000
  10733     6.15    -22.12  1.00000
  10734     6.15    -22.07  1.00000
  10735     6.15    -22.02  1.00000
  10736     6.15    -21.97  1.00000
  10737     6.15    -21.92  1.00000
  10738     6.15    -21.87  1.00000
  10739     6.15    -21.82  1.00000
  10740     6.15    -21.77  1.00000
  10741     6.15    -21.72  1.00000
  10742     6.15    -21.67  1.00000
  10743     6.15    -21.62  1.00000
  10744     6.15    -21.57  1.00000
  10745     6.15    -21.52  1.00000
  10746     6.15    -21.47  1.00000
  10747     6.15    -21.42  1.00000
  10748     6.15    -21.37  1.00000
  10749     6.15    -21.32  1.00000
  10750     6.15    -21.27  1.00000
  10751     6.15    -21.22  1.00000
  10752     6.15    -21.17  1.00000
  10753     6.15    -21.12  1.00000
  10754     6.15    -21.07  1.00000
  10755     6.15    -21.02  1.00000
  10756     6.15    -20.97  1.00000
  10757     6.15    -20.92  1.00000
  10758     6.15    -20.87  1.00000
  10759     6.15    -20.82  1.00000
  10760     6.15    -20.77  1.00000
  10761     6.15    -20.72  1.00000
  10762     6.15    -20.67  1.00000
  10763     6.15    -20.62  1.00000
  10764     6.15    -20.57  1.00000
  10765     6.15    -20.52  1.00000
  10766     6.15    -20.47  1.00000
  10767     6.15    -20.42  1.00000
  10768     6.15    -20.37  1.00000
  10769     6.15    -20.32  1.00000
  10770     6.15    -20.27  1.00000
  10771     6.15    -20.22  1.00000
  10772     6.15    -20.17  1.00000
  10773     6.15    -20.12  1.00000
  10774     6.15    -20.07  1.00000
  10775     6.15    -20.02  1.00000
  10776     6.15    -19.97  1.00000
  10777     6.15    -19.92  1.00000
  10778     6.15    -19.87  1.00000
  10779     6.15    -19.82  1.00000
  10780     6.15    -19.77  1.00000
  10781     6.15    -19.72  1.00000
  10782     6.15    -19.67  1.00000
  10783     6.15    -19.62  1.00000
  10784     6.15    -19.57  1.00000
  10785     6.15    -19.52  1.00000
  10786     6.15    -19.47  1.00000
  10787     6.15    -19.42  1.00000
  10788     6.15    -19.37  1.00000
  10789     6.15    -19.32  1.00000
  10790     6.15    -19.27  1.00000
  10791     6.15    -19.22  1.00000
  10792     6.15    -19.17  1.00000
  10793     6.15    -19.12  1.00000
  10794     6.15    -19.07  1.00000
  10795     6.15    -19.02  1.00000
  10796     6.15    -18.97  1.00000
  10797     6.15    -18.92  1.00000
  10798     6.15    -18.87  1.00000
  10799     6.15    -18.82  1.00000
  10800     6.15    -18.77  1.00000
  10801     6.15    -18.72  1.00000
  10802     6.15    -18.67  1.00000
  10803     6.15    -18.62  1.00000
  10804     6.15    -18.57  1.00000
  10805     6.15    -18.52  1.00000
  10806     6.15    -18.47  1.00000
  10807     6.15    -18.42  1.00000
  10808     6.15    -18.37  1.00000
  10809     6.15    -18.32  1.00000
  10810     6.15    -18.27  1.00000
  10811     6.15    -18.22  1.00000
  10812     6.15    -18.17  1.00000
  10813     6.15    -18.12  1.00000
  10814     6.15    -18.07  1.00000
  10815     6.15    -18.02  1.00000
  10816     6.15    -17.97  1.00000
  10817     6.15    -17.92  1.00000
  10818     6.15    -17.87  1.00000
  10819     6.15    -17.82  1.00000
  10820     6.15    -17.77  1.00000
  10821     6.15    -17.72  1.00000
  10822     6.15    -17.67  1.00000
  10823     6.15    -17.62  1.00000
  10824     6.15    -17.57  1.00000
  10825     6.15    -17.52  1.00000
  10826     6.15    -17.47  1.00000
  10827     6.15    -17.42  1.00000
  10828     6.15    -17.37  1.00000
  10829     6.15    -17.32  1.00000
  10830     6.15    -17.27  1.00000
  10831     6.15    -17.22  1.00000
  10832     6.15    -17.17  1.00000
  10833     6.15    -17.12  1.00000
  10834     6.15    -17.07  1.00000
  10835     6.15    -17.02  1.00000
  10836     6.15    -16.97  1.00000
  10837     6.15    -16.92  1.00000
  10838     6.15    -16.87  1.00000
  10839     6.15    -16.82  1.00000
  10840     6.15    -16.77  1.00000
  10841     6.15    -16.72  1.00000
  10842     6.15    -16.67  1.00000
  10843     6.15    -16.62  1.00000
  10844     6.15    -16.57  1.00000
  10845     6.15    -16.52  1.00000
  10846     6.15    -16.47  1.00000
  10847     6.15    -16.42  1.00000
  10848     6.15    -16.37  1.00000
  10849     6.15    -16.32  1.00000
  10850     6.15    -16.27  1.00000
  10851     6.15    -16.22  1.00000
  10852     6.15    -16.17  1.00000
  10853     6.15    -16.12  1.00000
  10854     6.15    -16.07  1.00000
  10855     6.15    -16.02  1.00000
  10856     6.15    -15.97  1.00000
  10857     6.15    -15.92  1.00000
  10858     6.15    -15.87  1.00000
  10859     6.15    -15.82  1.00000
  10860     6.15    -15.77  1.00000
  10861     6.15    -15.72  1.00000
  10862     6.15    -15.67  1.00000
  10863     6.15    -15.62  1.00000
  10864     6.15    -15.57  1.00000
  10865     6.15    -15.52  1.00000
  10866     6.15    -15.47  1.00000
  10867     6.15    -15.42  1.00000
  10868     6.15    -15.37  1.00000
  10869     6.20    -22.47  1.00000
  10870     6.20    -22.42  1.00000
  10871     6.20    -22.37  1.00000
  10872     6.20    -22.32  1.00000
  10873     6.20    -22.27  1.00000
  10874     6.20    -22.22  1.00000
  10875     6.20    -22.17  1.00000
  10876     6.20    -22.12  1.00000
  10877     6.20    -22.07  1.00000
  10878     6.20    -22.02  1.00000
  10879     6.20    -21.97  1.00000
  10880     6.20    -21.92  1.00000
  10881     6.20    -21.87  1.00000
  10882     6.20    -21.82  1.00000
  10883     6.20    -21.77  1.00000
  10884     6.20    -21.72  1.00000
  10885     6.20    -21.67  1.00000
  10886     6.20    -21.62  1.00000
  10887     6.20    -21.57  1.00000
  10888     6.20    -21.52  1.00000
  10889     6.20    -21.47  1.00000
  10890     6.20    -21.42  1.00000
  10891     6.20    -21.37  1.00000
  10892     6.20    -21.32  1.00000
  10893     6.20    -21.27  1.00000
  10894     6.20    -21.22  1.00000
  10895     6.20    -21.17  1.00000
  10896     6.20    -21.12  1.00000
  10897     6.20    -21.07  1.00000
  10898     6.20    -21.02  1.00000
  10899     6.20    -20.97  1.00000
  10900     6.20    -20.92  1.00000
  10901     6.20    -20.87  1.00000
  10902     6.20    -20.82  1.00000
  10903     6.20    -20.77  1.00000
  10904     6.20    -20.72  1.00000
  10905     6.20    -20.67  1.00000
  10906     6.20    -20.62  1.00000
  10907     6.20    -20.57  1.00000
  10908     6.20    -20.52  1.00000
  10909     6.20    -20.47  1.00000
  10910     6.20    -20.42  1.00000
  10911     6.20    -20.37  1.00000
  10912     6.20    -20.32  1.00000
  10913     6.20    -20.27  1.00000
  10914     6.20    -20.22  1.00000
  10915     6.20    -20.17  1.00000
  10916     6.20    -20.12  1.00000
  10917     6.20    -20.07  1.00000
  10918     6.20    -20.02  1.00000
  10919     6.20    -19.97  1.00000
  10920     6.20    -19.92  1.00000
  10921     6.20    -19.87  1.00000
  10922     6.20    -19.82  1.00000
  10923     6.20    -19.77  1.00000
  10924     6.20    -19.72  1.00000
  10925     6.20    -19.67  1.00000
  10926     6.20    -19.62  1.00000
  10927     6.20    -19.57  1.00000
  10928     6.20    -19.52  1.00000
  10929     6.20    -19.47  1.00000
  10930     6.20    -19.42  1.00000
  10931     6.20    -19.37  1.00000
  10932     6.20    -19.32  1.00000
  10933     6.20    -19.27  1.00000
  10934     6.20    -19.22  1.00000
  10935     6.20    -19.17  1.00000
  10936     6.20    -19.12  1.00000
  10937     6.20    -19.07  1.00000
  10938     6.20    -19.02  1.00000
  10939     6.20    -18.97  1.00000
  10940     6.20    -18.92  1.00000
  10941     6.20    -18.87  1.00000
  10942     6.20    -18.82  1.00000
  10943     6.20    -18.77  1.00000
  10944     6.20    -18.72  1.00000
  10945     6.20    -18.67  1.00000
  10946     6.20    -18.62  1.00000
  10947     6.20    -18.57  1.00000
  10948     6.20    -18.52  1.00000
  10949     6.20    -18.47  1.00000
  10950     6.20    -18.42  1.00000
  10951     6.20    -18.37  1.00000
  10952     6.20    -18.32  1.00000
  10953     6.20    -18.27  1.00000
  10954     6.20    -18.22  1.00000
  10955     6.20    -18.17  1.00000
  10956     6.20    -18.12  1.00000
  10957     6.20    -18.07  1.00000
  10958     6.20    -18.02  1.00000
  10959     6.20    -17.97  1.00000
  10960     6.20    -17.92  1.00000
  10961     6.20    -17.87  1.00000
  10962     6.20    -17.82  1.00000
  10963     6.20    -17.77  1.00000
  10964     6.20    -17.72  1.00000
  10965     6.20    -17.67  1.00000
  10966     6.20    -17.62  1.00000
  10967     6.20    -17.57  1.00000
  10968     6.20    -17.52  1.00000
  10969     6.20    -17.47  1.00000
  10970     6.20    -17.42  1.00000
  10971     6.20    -17.37  1.00000
  10972     6.20    -17.32  1.00000
  10973     6.20    -17.27  1.00000
  10974     6.20    -17.22  1.00000
  10975     6.20    -17.17  1.00000
  10976     6.20    -17.12  1.00000
  10977     6.20    -17.07  1.00000
  10978     6.20    -17.02  1.00000
  10979     6.20    -16.97  1.00000
  10980     6.20    -16.92  1.00000
  10981     6.20    -16.87  1.00000
  10982     6.20    -16.82  1.00000
  10983     6.20    -16.77  1.00000
  10984     6.20    -16.72  1.00000
  10985     6.20    -16.67  1.00000
  10986     6.20    -16.62  1.00000
  10987     6.20    -16.57  1.00000
  10988     6.20    -16.52  1.00000
  10989     6.20    -16.47  1.00000
  10990     6.20    -16.42  1.00000
  10991     6.20    -16.37  1.00000
  10992     6.20    -16.32  1.00000
  10993     6.20    -16.27  1.00000
  10994     6.20    -16.22  1.00000
  10995     6.20    -16.17  1.00000
  10996     6.20    -16.12  1.00000
  10997     6.20    -16.07  1.00000
  10998     6.20    -16.02  1.00000
  10999     6.20    -15.97  1.00000
  11000     6.20    -15.92  1.00000
  11001     6.20    -15.87  1.00000
  11002     6.20    -15.82  1.00000
  11003     6.20    -15.77  1.00000
  11004     6.20    -15.72  1.00000
  11005     6.20    -15.67  1.00000
  11006     6.20    -15.62  1.00000
  11007     6.20    -15.57  1.00000
  11008     6.20    -15.52  1.00000
  11009     6.20    -15.47  1.00000
  11010     6.20    -15.42  1.00000
  11011     6.20    -15.37  1.00000
  11012     6.25    -22.47  1.00000
  11013     6.25    -22.42  1.00000
  11014     6.25    -22.37  1.00000
  11015     6.25    -22.32  1.00000
  11016     6.25    -22.27  1.00000
  11017     6.25    -22.22  1.00000
  11018     6.25    -22.17  1.00000
  11019     6.25    -22.12  1.00000
  11020     6.25    -22.07  1.00000
  11021     6.25    -22.02  1.00000
  11022     6.25    -21.97  1.00000
  11023     6.25    -21.92  1.00000
  11024     6.25    -21.87  1.00000
  11025     6.25    -21.82  1.00000
  11026     6.25    -21.77  1.00000
  11027     6.25    -21.72  1.00000
  11028     6.25    -21.67  1.00000
  11029     6.25    -21.62  1.00000
  11030     6.25    -21.57  1.00000
  11031     6.25    -21.52  1.00000
  11032     6.25    -21.47  1.00000
  11033     6.25    -21.42  1.00000
  11034     6.25    -21.37  1.00000
  11035     6.25    -21.32  1.00000
  11036     6.25    -21.27  1.00000
  11037     6.25    -21.22  1.00000
  11038     6.25    -21.17  1.00000
  11039     6.25    -21.12  1.00000
  11040     6.25    -21.07  1.00000
  11041     6.25    -21.02  1.00000
  11042     6.25    -20.97  1.00000
  11043     6.25    -20.92  1.00000
  11044     6.25    -20.87  1.00000
  11045     6.25    -20.82  1.00000
  11046     6.25    -20.77  1.00000
  11047     6.25    -20.72  1.00000
  11048     6.25    -20.67  1.00000
  11049     6.25    -20.62  1.00000
  11050     6.25    -20.57  1.00000
  11051     6.25    -20.52  1.00000
  11052     6.25    -20.47  1.00000
  11053     6.25    -20.42  1.00000
  11054     6.25    -20.37  1.00000
  11055     6.25    -20.32  1.00000
  11056     6.25    -20.27  1.00000
  11057     6.25    -20.22  1.00000
  11058     6.25    -20.17  1.00000
  11059     6.25    -20.12  1.00000
  11060     6.25    -20.07  1.00000
  11061     6.25    -20.02  1.00000
  11062     6.25    -19.97  1.00000
  11063     6.25    -19.92  1.00000
  11064     6.25    -19.87  1.00000
  11065     6.25    -19.82  1.00000
  11066     6.25    -19.77  1.00000
  11067     6.25    -19.72  1.00000
  11068     6.25    -19.67  1.00000
  11069     6.25    -19.62  1.00000
  11070     6.25    -19.57  1.00000
  11071     6.25    -19.52  1.00000
  11072     6.25    -19.47  1.00000
  11073     6.25    -19.42  1.00000
  11074     6.25    -19.37  1.00000
  11075     6.25    -19.32  1.00000
  11076     6.25    -19.27  1.00000
  11077     6.25    -19.22  1.00000
  11078     6.25    -19.17  1.00000
  11079     6.25    -19.12  1.00000
  11080     6.25    -19.07  1.00000
  11081     6.25    -19.02  1.00000
  11082     6.25    -18.97  1.00000
  11083     6.25    -18.92  1.00000
  11084     6.25    -18.87  1.00000
  11085     6.25    -18.82  1.00000
  11086     6.25    -18.77  1.00000
  11087     6.25    -18.72  1.00000
  11088     6.25    -18.67  1.00000
  11089     6.25    -18.62  1.00000
  11090     6.25    -18.57  1.00000
  11091     6.25    -18.52  1.00000
  11092     6.25    -18.47  1.00000
  11093     6.25    -18.42  1.00000
  11094     6.25    -18.37  1.00000
  11095     6.25    -18.32  1.00000
  11096     6.25    -18.27  1.00000
  11097     6.25    -18.22  1.00000
  11098     6.25    -18.17  1.00000
  11099     6.25    -18.12  1.00000
  11100     6.25    -18.07  1.00000
  11101     6.25    -18.02  1.00000
  11102     6.25    -17.97  1.00000
  11103     6.25    -17.92  1.00000
  11104     6.25    -17.87  1.00000
  11105     6.25    -17.82  1.00000
  11106     6.25    -17.77  1.00000
  11107     6.25    -17.72  1.00000
  11108     6.25    -17.67  1.00000
  11109     6.25    -17.62  1.00000
  11110     6.25    -17.57  1.00000
  11111     6.25    -17.52  1.00000
  11112     6.25    -17.47  1.00000
  11113     6.25    -17.42  1.00000
  11114     6.25    -17.37  1.00000
  11115     6.25    -17.32  1.00000
  11116     6.25    -17.27  1.00000
  11117     6.25    -17.22  1.00000
  11118     6.25    -17.17  1.00000
  11119     6.25    -17.12  1.00000
  11120     6.25    -17.07  1.00000
  11121     6.25    -17.02  1.00000
  11122     6.25    -16.97  1.00000
  11123     6.25    -16.92  1.00000
  11124     6.25    -16.87  1.00000
  11125     6.25    -16.82  1.00000
  11126     6.25    -16.77  1.00000
  11127     6.25    -16.72  1.00000
  11128     6.25    -16.67  1.00000
  11129     6.25    -16.62  1.00000
  11130     6.25    -16.57  1.00000
  11131     6.25    -16.52  1.00000
  11132     6.25    -16.47  1.00000
  11133     6.25    -16.42  1.00000
  11134     6.25    -16.37  1.00000
  11135     6.25    -16.32  1.00000
  11136     6.25    -16.27  1.00000
  11137     6.25    -16.22  1.00000
  11138     6.25    -16.17  1.00000
  11139     6.25    -16.12  1.00000
  11140     6.25    -16.07  1.00000
  11141     6.25    -16.02  1.00000
  11142     6.25    -15.97  1.00000
  11143     6.25    -15.92  1.00000
  11144     6.25    -15.87  1.00000
  11145     6.25    -15.82  1.00000
  11146     6.25    -15.77  1.00000
  11147     6.25    -15.72  1.00000
  11148     6.25    -15.67  1.00000
  11149     6.25    -15.62  1.00000
  11150     6.25    -15.57  1.00000
  11151     6.25    -15.52  1.00000
  11152     6.25    -15.47  1.00000
  11153     6.25    -15.42  1.00000
  11154     6.25    -15.37  1.00000
  11155     6.30    -22.47  1.00000
  11156     6.30    -22.42  1.00000
  11157     6.30    -22.37  1.00000
  11158     6.30    -22.32  1.00000
  11159     6.30    -22.27  1.00000
  11160     6.30    -22.22  1.00000
  11161     6.30    -22.17  1.00000
  11162     6.30    -22.12  1.00000
  11163     6.30    -22.07  1.00000
  11164     6.30    -22.02  1.00000
  11165     6.30    -21.97  1.00000
  11166     6.30    -21.92  1.00000
  11167     6.30    -21.87  1.00000
  11168     6.30    -21.82  1.00000
  11169     6.30    -21.77  1.00000
  11170     6.30    -21.72  1.00000
  11171     6.30    -21.67  1.00000
  11172     6.30    -21.62  1.00000
  11173     6.30    -21.57  1.00000
  11174     6.30    -21.52  1.00000
  11175     6.30    -21.47  1.00000
  11176     6.30    -21.42  1.00000
  11177     6.30    -21.37  1.00000
  11178     6.30    -21.32  1.00000
  11179     6.30    -21.27  1.00000
  11180     6.30    -21.22  1.00000
  11181     6.30    -21.17  1.00000
  11182     6.30    -21.12  1.00000
  11183     6.30    -21.07  1.00000
  11184     6.30    -21.02  1.00000
  11185     6.30    -20.97  1.00000
  11186     6.30    -20.92  1.00000
  11187     6.30    -20.87  1.00000
  11188     6.30    -20.82  1.00000
  11189     6.30    -20.77  1.00000
  11190     6.30    -20.72  1.00000
  11191     6.30    -20.67  1.00000
  11192     6.30    -20.62  1.00000
  11193     6.30    -20.57  1.00000
  11194     6.30    -20.52  1.00000
  11195     6.30    -20.47  1.00000
  11196     6.30    -20.42  1.00000
  11197     6.30    -20.37  1.00000
  11198     6.30    -20.32  1.00000
  11199     6.30    -20.27  1.00000
  11200     6.30    -20.22  1.00000
  11201     6.30    -20.17  1.00000
  11202     6.30    -20.12  1.00000
  11203     6.30    -20.07  1.00000
  11204     6.30    -20.02  1.00000
  11205     6.30    -19.97  1.00000
  11206     6.30    -19.92  1.00000
  11207     6.30    -19.87  1.00000
  11208     6.30    -19.82  1.00000
  11209     6.30    -19.77  1.00000
  11210     6.30    -19.72  1.00000
  11211     6.30    -19.67  1.00000
  11212     6.30    -19.62  1.00000
  11213     6.30    -19.57  1.00000
  11214     6.30    -19.52  1.00000
  11215     6.30    -19.47  1.00000
  11216     6.30    -19.42  1.00000
  11217     6.30    -19.37  1.00000
  11218     6.30    -19.32  1.00000
  11219     6.30    -19.27  1.00000
  11220     6.30    -19.22  1.00000
  11221     6.30    -19.17  1.00000
  11222     6.30    -19.12  1.00000
  11223     6.30    -19.07  1.00000
  11224     6.30    -19.02  1.00000
  11225     6.30    -18.97  1.00000
  11226     6.30    -18.92  1.00000
  11227     6.30    -18.87  1.00000
  11228     6.30    -18.82  1.00000
  11229     6.30    -18.77  1.00000
  11230     6.30    -18.72  1.00000
  11231     6.30    -18.67  1.00000
  11232     6.30    -18.62  1.00000
  11233     6.30    -18.57  1.00000
  11234     6.30    -18.52  1.00000
  11235     6.30    -18.47  1.00000
  11236     6.30    -18.42  1.00000
  11237     6.30    -18.37  1.00000
  11238     6.30    -18.32  1.00000
  11239     6.30    -18.27  1.00000
  11240     6.30    -18.22  1.00000
  11241     6.30    -18.17  1.00000
  11242     6.30    -18.12  1.00000
  11243     6.30    -18.07  1.00000
  11244     6.30    -18.02  1.00000
  11245     6.30    -17.97  1.00000
  11246     6.30    -17.92  1.00000
  11247     6.30    -17.87  1.00000
  11248     6.30    -17.82  1.00000
  11249     6.30    -17.77  1.00000
  11250     6.30    -17.72  1.00000
  11251     6.30    -17.67  1.00000
  11252     6.30    -17.62  1.00000
  11253     6.30    -17.57  1.00000
  11254     6.30    -17.52  1.00000
  11255     6.30    -17.47  1.00000
  11256     6.30    -17.42  1.00000
  11257     6.30    -17.37  1.00000
  11258     6.30    -17.32  1.00000
  11259     6.30    -17.27  1.00000
  11260     6.30    -17.22  1.00000
  11261     6.30    -17.17  1.00000
  11262     6.30    -17.12  1.00000
  11263     6.30    -17.07  1.00000
  11264     6.30    -17.02  1.00000
  11265     6.30    -16.97  1.00000
  11266     6.30    -16.92  1.00000
  11267     6.30    -16.87  1.00000
  11268     6.30    -16.82  1.00000
  11269     6.30    -16.77  1.00000
  11270     6.30    -16.72  1.00000
  11271     6.30    -16.67  1.00000
  11272     6.30    -16.62  1.00000
  11273     6.30    -16.57  1.00000
  11274     6.30    -16.52  1.00000
  11275     6.30    -16.47  1.00000
  11276     6.30    -16.42  1.00000
  11277     6.30    -16.37  1.00000
  11278     6.30    -16.32  1.00000
  11279     6.30    -16.27  1.00000
  11280     6.30    -16.22  1.00000
  11281     6.30    -16.17  1.00000
  11282     6.30    -16.12  1.00000
  11283     6.30    -16.07  1.00000
  11284     6.30    -16.02  1.00000
  11285     6.30    -15.97  1.00000
  11286     6.30    -15.92  1.00000
  11287     6.30    -15.87  1.00000
  11288     6.30    -15.82  1.00000
  11289     6.30    -15.77  1.00000
  11290     6.30    -15.72  1.00000
  11291     6.30    -15.67  1.00000
  11292     6.30    -15.62  1.00000
  11293     6.30    -15.57  1.00000
  11294     6.30    -15.52  1.00000
  11295     6.30    -15.47  1.00000
  11296     6.30    -15.42  1.00000
  11297     6.30    -15.37  1.00000
  11298     6.35    -22.47  1.00000
  11299     6.35    -22.42  1.00000
  11300     6.35    -22.37  1.00000
  11301     6.35    -22.32  1.00000
  11302     6.35    -22.27  1.00000
  11303     6.35    -22.22  1.00000
  11304     6.35    -22.17  1.00000
  11305     6.35    -22.12  1.00000
  11306     6.35    -22.07  1.00000
  11307     6.35    -22.02  1.00000
  11308     6.35    -21.97  1.00000
  11309     6.35    -21.92  1.00000
  11310     6.35    -21.87  1.00000
  11311     6.35    -21.82  1.00000
  11312     6.35    -21.77  1.00000
  11313     6.35    -21.72  1.00000
  11314     6.35    -21.67  1.00000
  11315     6.35    -21.62  1.00000
  11316     6.35    -21.57  1.00000
  11317     6.35    -21.52  1.00000
  11318     6.35    -21.47  1.00000
  11319     6.35    -21.42  1.00000
  11320     6.35    -21.37  1.00000
  11321     6.35    -21.32  1.00000
  11322     6.35    -21.27  1.00000
  11323     6.35    -21.22  1.00000
  11324     6.35    -21.17  1.00000
  11325     6.35    -21.12  1.00000
  11326     6.35    -21.07  1.00000
  11327     6.35    -21.02  1.00000
  11328     6.35    -20.97  1.00000
  11329     6.35    -20.92  1.00000
  11330     6.35    -20.87  1.00000
  11331     6.35    -20.82  1.00000
  11332     6.35    -20.77  1.00000
  11333     6.35    -20.72  1.00000
  11334     6.35    -20.67  1.00000
  11335     6.35    -20.62  1.00000
  11336     6.35    -20.57  1.00000
  11337     6.35    -20.52  1.00000
  11338     6.35    -20.47  1.00000
  11339     6.35    -20.42  1.00000
  11340     6.35    -20.37  1.00000
  11341     6.35    -20.32  1.00000
  11342     6.35    -20.27  1.00000
  11343     6.35    -20.22  1.00000
  11344     6.35    -20.17  1.00000
  11345     6.35    -20.12  1.00000
  11346     6.35    -20.07  1.00000
  11347     6.35    -20.02  1.00000
  11348     6.35    -19.97  1.00000
  11349     6.35    -19.92  1.00000
  11350     6.35    -19.87  1.00000
  11351     6.35    -19.82  1.00000
  11352     6.35    -19.77  1.00000
  11353     6.35    -19.72  1.00000
  11354     6.35    -19.67  1.00000
  11355     6.35    -19.62  1.00000
  11356     6.35    -19.57  1.00000
  11357     6.35    -19.52  1.00000
  11358     6.35    -19.47  1.00000
  11359     6.35    -19.42  1.00000
  11360     6.35    -19.37  1.00000
  11361     6.35    -19.32  1.00000
  11362     6.35    -19.27  1.00000
  11363     6.35    -19.22  1.00000
  11364     6.35    -19.17  1.00000
  11365     6.35    -19.12  1.00000
  11366     6.35    -19.07  1.00000
  11367     6.35    -19.02  1.00000
  11368     6.35    -18.97  1.00000
  11369     6.35    -18.92  1.00000
  11370     6.35    -18.87  1.00000
  11371     6.35    -18.82  1.00000
  11372     6.35    -18.77  1.00000
  11373     6.35    -18.72  1.00000
  11374     6.35    -18.67  1.00000
  11375     6.35    -18.62  1.00000
  11376     6.35    -18.57  1.00000
  11377     6.35    -18.52  1.00000
  11378     6.35    -18.47  1.00000
  11379     6.35    -18.42  1.00000
  11380     6.35    -18.37  1.00000
  11381     6.35    -18.32  1.00000
  11382     6.35    -18.27  1.00000
  11383     6.35    -18.22  1.00000
  11384     6.35    -18.17  1.00000
  11385     6.35    -18.12  1.00000
  11386     6.35    -18.07  1.00000
  11387     6.35    -18.02  1.00000
  11388     6.35    -17.97  1.00000
  11389     6.35    -17.92  1.00000
  11390     6.35    -17.87  1.00000
  11391     6.35    -17.82  1.00000
  11392     6.35    -17.77  1.00000
  11393     6.35    -17.72  1.00000
  11394     6.35    -17.67  1.00000
  11395     6.35    -17.62  1.00000
  11396     6.35    -17.57  1.00000
  11397     6.35    -17.52  1.00000
  11398     6.35    -17.47  1.00000
  11399     6.35    -17.42  1.00000
  11400     6.35    -17.37  1.00000
  11401     6.35    -17.32  1.00000
  11402     6.35    -17.27  1.00000
  11403     6.35    -17.22  1.00000
  11404     6.35    -17.17  1.00000
  11405     6.35    -17.12  1.00000
  11406     6.35    -17.07  1.00000
  11407     6.35    -17.02  1.00000
  11408     6.35    -16.97  1.00000
  11409     6.35    -16.92  1.00000
  11410     6.35    -16.87  1.00000
  11411     6.35    -16.82  1.00000
  11412     6.35    -16.77  1.00000
  11413     6.35    -16.72  1.00000
  11414     6.35    -16.67  1.00000
  11415     6.35    -16.62  1.00000
  11416     6.35    -16.57  1.00000
  11417     6.35    -16.52  1.00000
  11418     6.35    -16.47  1.00000
  11419     6.35    -16.42  1.00000
  11420     6.35    -16.37  1.00000
  11421     6.35    -16.32  1.00000
  11422     6.35    -16.27  1.00000
  11423     6.35    -16.22  1.00000
  11424     6.35    -16.17  1.00000
  11425     6.35    -16.12  1.00000
  11426     6.35    -16.07  1.00000
  11427     6.35    -16.02  1.00000
  11428     6.35    -15.97  1.00000
  11429     6.35    -15.92  1.00000
  11430     6.35    -15.87  1.00000
  11431     6.35    -15.82  1.00000
  11432     6.35    -15.77  1.00000
  11433     6.35    -15.72  1.00000
  11434     6.35    -15.67  1.00000
  11435     6.35    -15.62  1.00000
  11436     6.35    -15.57  1.00000
  11437     6.35    -15.52  1.00000
  11438     6.35    -15.47  1.00000
  11439     6.35    -15.42  1.00000
  11440     6.35    -15.37  1.00000
  11441     6.40    -22.47  1.00000
  11442     6.40    -22.42  1.00000
  11443     6.40    -22.37  1.00000
  11444     6.40    -22.32  1.00000
  11445     6.40    -22.27  1.00000
  11446     6.40    -22.22  1.00000
  11447     6.40    -22.17  1.00000
  11448     6.40    -22.12  1.00000
  11449     6.40    -22.07  1.00000
  11450     6.40    -22.02  1.00000
  11451     6.40    -21.97  1.00000
  11452     6.40    -21.92  1.00000
  11453     6.40    -21.87  1.00000
  11454     6.40    -21.82  1.00000
  11455     6.40    -21.77  1.00000
  11456     6.40    -21.72  1.00000
  11457     6.40    -21.67  1.00000
  11458     6.40    -21.62  1.00000
  11459     6.40    -21.57  1.00000
  11460     6.40    -21.52  1.00000
  11461     6.40    -21.47  1.00000
  11462     6.40    -21.42  1.00000
  11463     6.40    -21.37  1.00000
  11464     6.40    -21.32  1.00000
  11465     6.40    -21.27  1.00000
  11466     6.40    -21.22  1.00000
  11467     6.40    -21.17  1.00000
  11468     6.40    -21.12  1.00000
  11469     6.40    -21.07  1.00000
  11470     6.40    -21.02  1.00000
  11471     6.40    -20.97  1.00000
  11472     6.40    -20.92  1.00000
  11473     6.40    -20.87  1.00000
  11474     6.40    -20.82  1.00000
  11475     6.40    -20.77  1.00000
  11476     6.40    -20.72  1.00000
  11477     6.40    -20.67  1.00000
  11478     6.40    -20.62  1.00000
  11479     6.40    -20.57  1.00000
  11480     6.40    -20.52  1.00000
  11481     6.40    -20.47  1.00000
  11482     6.40    -20.42  1.00000
  11483     6.40    -20.37  1.00000
  11484     6.40    -20.32  1.00000
  11485     6.40    -20.27  1.00000
  11486     6.40    -20.22  1.00000
  11487     6.40    -20.17  1.00000
  11488     6.40    -20.12  1.00000
  11489     6.40    -20.07  1.00000
  11490     6.40    -20.02  1.00000
  11491     6.40    -19.97  1.00000
  11492     6.40    -19.92  1.00000
  11493     6.40    -19.87  1.00000
  11494     6.40    -19.82  1.00000
  11495     6.40    -19.77  1.00000
  11496     6.40    -19.72  1.00000
  11497     6.40    -19.67  1.00000
  11498     6.40    -19.62  1.00000
  11499     6.40    -19.57  1.00000
  11500     6.40    -19.52  1.00000
  11501     6.40    -19.47  1.00000
  11502     6.40    -19.42  1.00000
  11503     6.40    -19.37  1.00000
  11504     6.40    -19.32  1.00000
  11505     6.40    -19.27  1.00000
  11506     6.40    -19.22  1.00000
  11507     6.40    -19.17  1.00000
  11508     6.40    -19.12  1.00000
  11509     6.40    -19.07  1.00000
  11510     6.40    -19.02  1.00000
  11511     6.40    -18.97  1.00000
  11512     6.40    -18.92  1.00000
  11513     6.40    -18.87  1.00000
  11514     6.40    -18.82  1.00000
  11515     6.40    -18.77  1.00000
  11516     6.40    -18.72  1.00000
  11517     6.40    -18.67  1.00000
  11518     6.40    -18.62  1.00000
  11519     6.40    -18.57  1.00000
  11520     6.40    -18.52  1.00000
  11521     6.40    -18.47  1.00000
  11522     6.40    -18.42  1.00000
  11523     6.40    -18.37  1.00000
  11524     6.40    -18.32  1.00000
  11525     6.40    -18.27  1.00000
  11526     6.40    -18.22  1.00000
  11527     6.40    -18.17  1.00000
  11528     6.40    -18.12  1.00000
  11529     6.40    -18.07  1.00000
  11530     6.40    -18.02  1.00000
  11531     6.40    -17.97  1.00000
  11532     6.40    -17.92  1.00000
  11533     6.40    -17.87  1.00000
  11534     6.40    -17.82  1.00000
  11535     6.40    -17.77  1.00000
  11536     6.40    -17.72  1.00000
  11537     6.40    -17.67  1.00000
  11538     6.40    -17.62  1.00000
  11539     6.40    -17.57  1.00000
  11540     6.40    -17.52  1.00000
  11541     6.40    -17.47  1.00000
  11542     6.40    -17.42  1.00000
  11543     6.40    -17.37  1.00000
  11544     6.40    -17.32  1.00000
  11545     6.40    -17.27  1.00000
  11546     6.40    -17.22  1.00000
  11547     6.40    -17.17  1.00000
  11548     6.40    -17.12  1.00000
  11549     6.40    -17.07  1.00000
  11550     6.40    -17.02  1.00000
  11551     6.40    -16.97  1.00000
  11552     6.40    -16.92  1.00000
  11553     6.40    -16.87  1.00000
  11554     6.40    -16.82  1.00000
  11555     6.40    -16.77  1.00000
  11556     6.40    -16.72  1.00000
  11557     6.40    -16.67  1.00000
  11558     6.40    -16.62  1.00000
  11559     6.40    -16.57  1.00000
  11560     6.40    -16.52  1.00000
  11561     6.40    -16.47  1.00000
  11562     6.40    -16.42  1.00000
  11563     6.40    -16.37  1.00000
  11564     6.40    -16.32  1.00000
  11565     6.40    -16.27  1.00000
  11566     6.40    -16.22  1.00000
  11567     6.40    -16.17  1.00000
  11568     6.40    -16.12  1.00000
  11569     6.40    -16.07  1.00000
  11570     6.40    -16.02  1.00000
  11571     6.40    -15.97  1.00000
  11572     6.40    -15.92  1.00000
  11573     6.40    -15.87  1.00000
  11574     6.40    -15.82  1.00000
  11575     6.40    -15.77  1.00000
  11576     6.40    -15.72  1.00000
  11577     6.40    -15.67  1.00000
  11578     6.40    -15.62  1.00000
  11579     6.40    -15.57  1.00000
  11580     6.40    -15.52  1.00000
  11581     6.40    -15.47  1.00000
  11582     6.40    -15.42  1.00000
  11583     6.40    -15.37  1.00000
  11584     6.45    -22.47  1.00000
  11585     6.45    -22.42  1.00000
  11586     6.45    -22.37  1.00000
  11587     6.45    -22.32  1.00000
  11588     6.45    -22.27  1.00000
  11589     6.45    -22.22  1.00000
  11590     6.45    -22.17  1.00000
  11591     6.45    -22.12  1.00000
  11592     6.45    -22.07  1.00000
  11593     6.45    -22.02  1.00000
  11594     6.45    -21.97  1.00000
  11595     6.45    -21.92  1.00000
  11596     6.45    -21.87  1.00000
  11597     6.45    -21.82  1.00000
  11598     6.45    -21.77  1.00000
  11599     6.45    -21.72  1.00000
  11600     6.45    -21.67  1.00000
  11601     6.45    -21.62  1.00000
  11602     6.45    -21.57  1.00000
  11603     6.45    -21.52  1.00000
  11604     6.45    -21.47  1.00000
  11605     6.45    -21.42  1.00000
  11606     6.45    -21.37  1.00000
  11607     6.45    -21.32  1.00000
  11608     6.45    -21.27  1.00000
  11609     6.45    -21.22  1.00000
  11610     6.45    -21.17  1.00000
  11611     6.45    -21.12  1.00000
  11612     6.45    -21.07  1.00000
  11613     6.45    -21.02  1.00000
  11614     6.45    -20.97  1.00000
  11615     6.45    -20.92  1.00000
  11616     6.45    -20.87  1.00000
  11617     6.45    -20.82  1.00000
  11618     6.45    -20.77  1.00000
  11619     6.45    -20.72  1.00000
  11620     6.45    -20.67  1.00000
  11621     6.45    -20.62  1.00000
  11622     6.45    -20.57  1.00000
  11623     6.45    -20.52  1.00000
  11624     6.45    -20.47  1.00000
  11625     6.45    -20.42  1.00000
  11626     6.45    -20.37  1.00000
  11627     6.45    -20.32  1.00000
  11628     6.45    -20.27  1.00000
  11629     6.45    -20.22  1.00000
  11630     6.45    -20.17  1.00000
  11631     6.45    -20.12  1.00000
  11632     6.45    -20.07  1.00000
  11633     6.45    -20.02  1.00000
  11634     6.45    -19.97  1.00000
  11635     6.45    -19.92  1.00000
  11636     6.45    -19.87  1.00000
  11637     6.45    -19.82  1.00000
  11638     6.45    -19.77  1.00000
  11639     6.45    -19.72  1.00000
  11640     6.45    -19.67  1.00000
  11641     6.45    -19.62  1.00000
  11642     6.45    -19.57  1.00000
  11643     6.45    -19.52  1.00000
  11644     6.45    -19.47  1.00000
  11645     6.45    -19.42  1.00000
  11646     6.45    -19.37  1.00000
  11647     6.45    -19.32  1.00000
  11648     6.45    -19.27  1.00000
  11649     6.45    -19.22  1.00000
  11650     6.45    -19.17  1.00000
  11651     6.45    -19.12  1.00000
  11652     6.45    -19.07  1.00000
  11653     6.45    -19.02  1.00000
  11654     6.45    -18.97  1.00000
  11655     6.45    -18.92  1.00000
  11656     6.45    -18.87  1.00000
  11657     6.45    -18.82  1.00000
  11658     6.45    -18.77  1.00000
  11659     6.45    -18.72  1.00000
  11660     6.45    -18.67  1.00000
  11661     6.45    -18.62  1.00000
  11662     6.45    -18.57  1.00000
  11663     6.45    -18.52  1.00000
  11664     6.45    -18.47  1.00000
  11665     6.45    -18.42  1.00000
  11666     6.45    -18.37  1.00000
  11667     6.45    -18.32  1.00000
  11668     6.45    -18.27  1.00000
  11669     6.45    -18.22  1.00000
  11670     6.45    -18.17  1.00000
  11671     6.45    -18.12  1.00000
  11672     6.45    -18.07  1.00000
  11673     6.45    -18.02  1.00000
  11674     6.45    -17.97  1.00000
  11675     6.45    -17.92  1.00000
  11676     6.45    -17.87  1.00000
  11677     6.45    -17.82  1.00000
  11678     6.45    -17.77  1.00000
  11679     6.45    -17.72  1.00000
  11680     6.45    -17.67  1.00000
  11681     6.45    -17.62  1.00000
  11682     6.45    -17.57  1.00000
  11683     6.45    -17.52  1.00000
  11684     6.45    -17.47  1.00000
  11685     6.45    -17.42  1.00000
  11686     6.45    -17.37  1.00000
  11687     6.45    -17.32  1.00000
  11688     6.45    -17.27  1.00000
  11689     6.45    -17.22  1.00000
  11690     6.45    -17.17  1.00000
  11691     6.45    -17.12  1.00000
  11692     6.45    -17.07  1.00000
  11693     6.45    -17.02  1.00000
  11694     6.45    -16.97  1.00000
  11695     6.45    -16.92  1.00000
  11696     6.45    -16.87  1.00000
  11697     6.45    -16.82  1.00000
  11698     6.45    -16.77  1.00000
  11699     6.45    -16.72  1.00000
  11700     6.45    -16.67  1.00000
  11701     6.45    -16.62  1.00000
  11702     6.45    -16.57  1.00000
  11703     6.45    -16.52  1.00000
  11704     6.45    -16.47  1.00000
  11705     6.45    -16.42  1.00000
  11706     6.45    -16.37  1.00000
  11707     6.45    -16.32  1.00000
  11708     6.45    -16.27  1.00000
  11709     6.45    -16.22  1.00000
  11710     6.45    -16.17  1.00000
  11711     6.45    -16.12  1.00000
  11712     6.45    -16.07  1.00000
  11713     6.45    -16.02  1.00000
  11714     6.45    -15.97  1.00000
  11715     6.45    -15.92  1.00000
  11716     6.45    -15.87  1.00000
  11717     6.45    -15.82  1.00000
  11718     6.45    -15.77  1.00000
  11719     6.45    -15.72  1.00000
  11720     6.45    -15.67  1.00000
  11721     6.45    -15.62  1.00000
  11722     6.45    -15.57  1.00000
  11723     6.45    -15.52  1.00000
  11724     6.45    -15.47  1.00000
  11725     6.45    -15.42  1.00000
  11726     6.45    -15.37  1.00000
  11727     6.50    -22.47  1.00000
  11728     6.50    -22.42  1.00000
  11729     6.50    -22.37  1.00000
  11730     6.50    -22.32  1.00000
  11731     6.50    -22.27  1.00000
  11732     6.50    -22.22  1.00000
  11733     6.50    -22.17  1.00000
  11734     6.50    -22.12  1.00000
  11735     6.50    -22.07  1.00000
  11736     6.50    -22.02  1.00000
  11737     6.50    -21.97  1.00000
  11738     6.50    -21.92  1.00000
  11739     6.50    -21.87  1.00000
  11740     6.50    -21.82  1.00000
  11741     6.50    -21.77  1.00000
  11742     6.50    -21.72  1.00000
  11743     6.50    -21.67  1.00000
  11744     6.50    -21.62  1.00000
  11745     6.50    -21.57  1.00000
  11746     6.50    -21.52  1.00000
  11747     6.50    -21.47  1.00000
  11748     6.50    -21.42  1.00000
  11749     6.50    -21.37  1.00000
  11750     6.50    -21.32  1.00000
  11751     6.50    -21.27  1.00000
  11752     6.50    -21.22  1.00000
  11753     6.50    -21.17  1.00000
  11754     6.50    -21.12  1.00000
  11755     6.50    -21.07  1.00000
  11756     6.50    -21.02  1.00000
  11757     6.50    -20.97  1.00000
  11758     6.50    -20.92  1.00000
  11759     6.50    -20.87  1.00000
  11760     6.50    -20.82  1.00000
  11761     6.50    -20.77  1.00000
  11762     6.50    -20.72  1.00000
  11763     6.50    -20.67  1.00000
  11764     6.50    -20.62  1.00000
  11765     6.50    -20.57  1.00000
  11766     6.50    -20.52  1.00000
  11767     6.50    -20.47  1.00000
  11768     6.50    -20.42  1.00000
  11769     6.50    -20.37  1.00000
  11770     6.50    -20.32  1.00000
  11771     6.50    -20.27  1.00000
  11772     6.50    -20.22  1.00000
  11773     6.50    -20.17  1.00000
  11774     6.50    -20.12  1.00000
  11775     6.50    -20.07  1.00000
  11776     6.50    -20.02  1.00000
  11777     6.50    -19.97  1.00000
  11778     6.50    -19.92  1.00000
  11779     6.50    -19.87  1.00000
  11780     6.50    -19.82  1.00000
  11781     6.50    -19.77  1.00000
  11782     6.50    -19.72  1.00000
  11783     6.50    -19.67  1.00000
  11784     6.50    -19.62  1.00000
  11785     6.50    -19.57  1.00000
  11786     6.50    -19.52  1.00000
  11787     6.50    -19.47  1.00000
  11788     6.50    -19.42  1.00000
  11789     6.50    -19.37  1.00000
  11790     6.50    -19.32  1.00000
  11791     6.50    -19.27  1.00000
  11792     6.50    -19.22  1.00000
  11793     6.50    -19.17  1.00000
  11794     6.50    -19.12  1.00000
  11795     6.50    -19.07  1.00000
  11796     6.50    -19.02  1.00000
  11797     6.50    -18.97  1.00000
  11798     6.50    -18.92  1.00000
  11799     6.50    -18.87  1.00000
  11800     6.50    -18.82  1.00000
  11801     6.50    -18.77  1.00000
  11802     6.50    -18.72  1.00000
  11803     6.50    -18.67  1.00000
  11804     6.50    -18.62  1.00000
  11805     6.50    -18.57  1.00000
  11806     6.50    -18.52  1.00000
  11807     6.50    -18.47  1.00000
  11808     6.50    -18.42  1.00000
  11809     6.50    -18.37  1.00000
  11810     6.50    -18.32  1.00000
  11811     6.50    -18.27  1.00000
  11812     6.50    -18.22  1.00000
  11813     6.50    -18.17  1.00000
  11814     6.50    -18.12  1.00000
  11815     6.50    -18.07  1.00000
  11816     6.50    -18.02  1.00000
  11817     6.50    -17.97  1.00000
  11818     6.50    -17.92  1.00000
  11819     6.50    -17.87  1.00000
  11820     6.50    -17.82  1.00000
  11821     6.50    -17.77  1.00000
  11822     6.50    -17.72  1.00000
  11823     6.50    -17.67  1.00000
  11824     6.50    -17.62  1.00000
  11825     6.50    -17.57  1.00000
  11826     6.50    -17.52  1.00000
  11827     6.50    -17.47  1.00000
  11828     6.50    -17.42  1.00000
  11829     6.50    -17.37  1.00000
  11830     6.50    -17.32  1.00000
  11831     6.50    -17.27  1.00000
  11832     6.50    -17.22  1.00000
  11833     6.50    -17.17  1.00000
  11834     6.50    -17.12  1.00000
  11835     6.50    -17.07  1.00000
  11836     6.50    -17.02  1.00000
  11837     6.50    -16.97  1.00000
  11838     6.50    -16.92  1.00000
  11839     6.50    -16.87  1.00000
  11840     6.50    -16.82  1.00000
  11841     6.50    -16.77  1.00000
  11842     6.50    -16.72  1.00000
  11843     6.50    -16.67  1.00000
  11844     6.50    -16.62  1.00000
  11845     6.50    -16.57  1.00000
  11846     6.50    -16.52  1.00000
  11847     6.50    -16.47  1.00000
  11848     6.50    -16.42  1.00000
  11849     6.50    -16.37  1.00000
  11850     6.50    -16.32  1.00000
  11851     6.50    -16.27  1.00000
  11852     6.50    -16.22  1.00000
  11853     6.50    -16.17  1.00000
  11854     6.50    -16.12  1.00000
  11855     6.50    -16.07  1.00000
  11856     6.50    -16.02  1.00000
  11857     6.50    -15.97  1.00000
  11858     6.50    -15.92  1.00000
  11859     6.50    -15.87  1.00000
  11860     6.50    -15.82  1.00000
  11861     6.50    -15.77  1.00000
  11862     6.50    -15.72  1.00000
  11863     6.50    -15.67  1.00000
  11864     6.50    -15.62  1.00000
  11865     6.50    -15.57  1.00000
  11866     6.50    -15.52  1.00000
  11867     6.50    -15.47  1.00000
  11868     6.50    -15.42  1.00000
  11869     6.50    -15.37  1.00000
  11870     6.55    -22.47  1.00000
  11871     6.55    -22.42  1.00000
  11872     6.55    -22.37  1.00000
  11873     6.55    -22.32  1.00000
  11874     6.55    -22.27  1.00000
  11875     6.55    -22.22  1.00000
  11876     6.55    -22.17  1.00000
  11877     6.55    -22.12  1.00000
  11878     6.55    -22.07  1.00000
  11879     6.55    -22.02  1.00000
  11880     6.55    -21.97  1.00000
  11881     6.55    -21.92  1.00000
  11882     6.55    -21.87  1.00000
  11883     6.55    -21.82  1.00000
  11884     6.55    -21.77  1.00000
  11885     6.55    -21.72  1.00000
  11886     6.55    -21.67  1.00000
  11887     6.55    -21.62  1.00000
  11888     6.55    -21.57  1.00000
  11889     6.55    -21.52  1.00000
  11890     6.55    -21.47  1.00000
  11891     6.55    -21.42  1.00000
  11892     6.55    -21.37  1.00000
  11893     6.55    -21.32  1.00000
  11894     6.55    -21.27  1.00000
  11895     6.55    -21.22  1.00000
  11896     6.55    -21.17  1.00000
  11897     6.55    -21.12  1.00000
  11898     6.55    -21.07  1.00000
  11899     6.55    -21.02  1.00000
  11900     6.55    -20.97  1.00000
  11901     6.55    -20.92  1.00000
  11902     6.55    -20.87  1.00000
  11903     6.55    -20.82  1.00000
  11904     6.55    -20.77  1.00000
  11905     6.55    -20.72  1.00000
  11906     6.55    -20.67  1.00000
  11907     6.55    -20.62  1.00000
  11908     6.55    -20.57  1.00000
  11909     6.55    -20.52  1.00000
  11910     6.55    -20.47  1.00000
  11911     6.55    -20.42  1.00000
  11912     6.55    -20.37  1.00000
  11913     6.55    -20.32  1.00000
  11914     6.55    -20.27  1.00000
  11915     6.55    -20.22  1.00000
  11916     6.55    -20.17  1.00000
  11917     6.55    -20.12  1.00000
  11918     6.55    -20.07  1.00000
  11919     6.55    -20.02  1.00000
  11920     6.55    -19.97  1.00000
  11921     6.55    -19.92  1.00000
  11922     6.55    -19.87  1.00000
  11923     6.55    -19.82  1.00000
  11924     6.55    -19.77  1.00000
  11925     6.55    -19.72  1.00000
  11926     6.55    -19.67  1.00000
  11927     6.55    -19.62  1.00000
  11928     6.55    -19.57  1.00000
  11929     6.55    -19.52  1.00000
  11930     6.55    -19.47  1.00000
  11931     6.55    -19.42  1.00000
  11932     6.55    -19.37  1.00000
  11933     6.55    -19.32  1.00000
  11934     6.55    -19.27  1.00000
  11935     6.55    -19.22  1.00000
  11936     6.55    -19.17  1.00000
  11937     6.55    -19.12  1.00000
  11938     6.55    -19.07  1.00000
  11939     6.55    -19.02  1.00000
  11940     6.55    -18.97  1.00000
  11941     6.55    -18.92  1.00000
  11942     6.55    -18.87  1.00000
  11943     6.55    -18.82  1.00000
  11944     6.55    -18.77  1.00000
  11945     6.55    -18.72  1.00000
  11946     6.55    -18.67  1.00000
  11947     6.55    -18.62  1.00000
  11948     6.55    -18.57  1.00000
  11949     6.55    -18.52  1.00000
  11950     6.55    -18.47  1.00000
  11951     6.55    -18.42  1.00000
  11952     6.55    -18.37  1.00000
  11953     6.55    -18.32  1.00000
  11954     6.55    -18.27  1.00000
  11955     6.55    -18.22  1.00000
  11956     6.55    -18.17  1.00000
  11957     6.55    -18.12  1.00000
  11958     6.55    -18.07  1.00000
  11959     6.55    -18.02  1.00000
  11960     6.55    -17.97  1.00000
  11961     6.55    -17.92  1.00000
  11962     6.55    -17.87  1.00000
  11963     6.55    -17.82  1.00000
  11964     6.55    -17.77  1.00000
  11965     6.55    -17.72  1.00000
  11966     6.55    -17.67  1.00000
  11967     6.55    -17.62  1.00000
  11968     6.55    -17.57  1.00000
  11969     6.55    -17.52  1.00000
  11970     6.55    -17.47  1.00000
  11971     6.55    -17.42  1.00000
  11972     6.55    -17.37  1.00000
  11973     6.55    -17.32  1.00000
  11974     6.55    -17.27  1.00000
  11975     6.55    -17.22  1.00000
  11976     6.55    -17.17  1.00000
  11977     6.55    -17.12  1.00000
  11978     6.55    -17.07  1.00000
  11979     6.55    -17.02  1.00000
  11980     6.55    -16.97  1.00000
  11981     6.55    -16.92  1.00000
  11982     6.55    -16.87  1.00000
  11983     6.55    -16.82  1.00000
  11984     6.55    -16.77  1.00000
  11985     6.55    -16.72  1.00000
  11986     6.55    -16.67  1.00000
  11987     6.55    -16.62  1.00000
  11988     6.55    -16.57  1.00000
  11989     6.55    -16.52  1.00000
  11990     6.55    -16.47  1.00000
  11991     6.55    -16.42  1.00000
  11992     6.55    -16.37  1.00000
  11993     6.55    -16.32  1.00000
  11994     6.55    -16.27  1.00000
  11995     6.55    -16.22  1.00000
  11996     6.55    -16.17  1.00000
  11997     6.55    -16.12  1.00000
  11998     6.55    -16.07  1.00000
  11999     6.55    -16.02  1.00000
  12000     6.55    -15.97  1.00000
  12001     6.55    -15.92  1.00000
  12002     6.55    -15.87  1.00000
  12003     6.55    -15.82  1.00000
  12004     6.55    -15.77  1.00000
  12005     6.55    -15.72  1.00000
  12006     6.55    -15.67  1.00000
  12007     6.55    -15.62  1.00000
  12008     6.55    -15.57  1.00000
  12009     6.55    -15.52  1.00000
  12010     6.55    -15.47  1.00000
  12011     6.55    -15.42  1.00000
  12012     6.55    -15.37  1.00000
  12013     6.60    -22.47  1.00000
  12014     6.60    -22.42  1.00000
  12015     6.60    -22.37  1.00000
  12016     6.60    -22.32  1.00000
  12017     6.60    -22.27  1.00000
  12018     6.60    -22.22  1.00000
  12019     6.60    -22.17  1.00000
  12020     6.60    -22.12  1.00000
  12021     6.60    -22.07  1.00000
  12022     6.60    -22.02  1.00000
  12023     6.60    -21.97  1.00000
  12024     6.60    -21.92  1.00000
  12025     6.60    -21.87  1.00000
  12026     6.60    -21.82  1.00000
  12027     6.60    -21.77  1.00000
  12028     6.60    -21.72  1.00000
  12029     6.60    -21.67  1.00000
  12030     6.60    -21.62  1.00000
  12031     6.60    -21.57  1.00000
  12032     6.60    -21.52  1.00000
  12033     6.60    -21.47  1.00000
  12034     6.60    -21.42  1.00000
  12035     6.60    -21.37  1.00000
  12036     6.60    -21.32  1.00000
  12037     6.60    -21.27  1.00000
  12038     6.60    -21.22  1.00000
  12039     6.60    -21.17  1.00000
  12040     6.60    -21.12  1.00000
  12041     6.60    -21.07  1.00000
  12042     6.60    -21.02  1.00000
  12043     6.60    -20.97  1.00000
  12044     6.60    -20.92  1.00000
  12045     6.60    -20.87  1.00000
  12046     6.60    -20.82  1.00000
  12047     6.60    -20.77  1.00000
  12048     6.60    -20.72  1.00000
  12049     6.60    -20.67  1.00000
  12050     6.60    -20.62  1.00000
  12051     6.60    -20.57  1.00000
  12052     6.60    -20.52  1.00000
  12053     6.60    -20.47  1.00000
  12054     6.60    -20.42  1.00000
  12055     6.60    -20.37  1.00000
  12056     6.60    -20.32  1.00000
  12057     6.60    -20.27  1.00000
  12058     6.60    -20.22  1.00000
  12059     6.60    -20.17  1.00000
  12060     6.60    -20.12  1.00000
  12061     6.60    -20.07  1.00000
  12062     6.60    -20.02  1.00000
  12063     6.60    -19.97  1.00000
  12064     6.60    -19.92  1.00000
  12065     6.60    -19.87  1.00000
  12066     6.60    -19.82  1.00000
  12067     6.60    -19.77  1.00000
  12068     6.60    -19.72  1.00000
  12069     6.60    -19.67  1.00000
  12070     6.60    -19.62  1.00000
  12071     6.60    -19.57  1.00000
  12072     6.60    -19.52  1.00000
  12073     6.60    -19.47  1.00000
  12074     6.60    -19.42  1.00000
  12075     6.60    -19.37  1.00000
  12076     6.60    -19.32  1.00000
  12077     6.60    -19.27  1.00000
  12078     6.60    -19.22  1.00000
  12079     6.60    -19.17  1.00000
  12080     6.60    -19.12  1.00000
  12081     6.60    -19.07  1.00000
  12082     6.60    -19.02  1.00000
  12083     6.60    -18.97  1.00000
  12084     6.60    -18.92  1.00000
  12085     6.60    -18.87  1.00000
  12086     6.60    -18.82  1.00000
  12087     6.60    -18.77  1.00000
  12088     6.60    -18.72  1.00000
  12089     6.60    -18.67  1.00000
  12090     6.60    -18.62  1.00000
  12091     6.60    -18.57  1.00000
  12092     6.60    -18.52  1.00000
  12093     6.60    -18.47  1.00000
  12094     6.60    -18.42  1.00000
  12095     6.60    -18.37  1.00000
  12096     6.60    -18.32  1.00000
  12097     6.60    -18.27  1.00000
  12098     6.60    -18.22  1.00000
  12099     6.60    -18.17  1.00000
  12100     6.60    -18.12  1.00000
  12101     6.60    -18.07  1.00000
  12102     6.60    -18.02  1.00000
  12103     6.60    -17.97  1.00000
  12104     6.60    -17.92  1.00000
  12105     6.60    -17.87  1.00000
  12106     6.60    -17.82  1.00000
  12107     6.60    -17.77  1.00000
  12108     6.60    -17.72  1.00000
  12109     6.60    -17.67  1.00000
  12110     6.60    -17.62  1.00000
  12111     6.60    -17.57  1.00000
  12112     6.60    -17.52  1.00000
  12113     6.60    -17.47  1.00000
  12114     6.60    -17.42  1.00000
  12115     6.60    -17.37  1.00000
  12116     6.60    -17.32  1.00000
  12117     6.60    -17.27  1.00000
  12118     6.60    -17.22  1.00000
  12119     6.60    -17.17  1.00000
  12120     6.60    -17.12  1.00000
  12121     6.60    -17.07  1.00000
  12122     6.60    -17.02  1.00000
  12123     6.60    -16.97  1.00000
  12124     6.60    -16.92  1.00000
  12125     6.60    -16.87  1.00000
  12126     6.60    -16.82  1.00000
  12127     6.60    -16.77  1.00000
  12128     6.60    -16.72  1.00000
  12129     6.60    -16.67  1.00000
  12130     6.60    -16.62  1.00000
  12131     6.60    -16.57  1.00000
  12132     6.60    -16.52  1.00000
  12133     6.60    -16.47  1.00000
  12134     6.60    -16.42  1.00000
  12135     6.60    -16.37  1.00000
  12136     6.60    -16.32  1.00000
  12137     6.60    -16.27  1.00000
  12138     6.60    -16.22  1.00000
  12139     6.60    -16.17  1.00000
  12140     6.60    -16.12  1.00000
  12141     6.60    -16.07  1.00000
  12142     6.60    -16.02  1.00000
  12143     6.60    -15.97  1.00000
  12144     6.60    -15.92  1.00000
  12145     6.60    -15.87  1.00000
  12146     6.60    -15.82  1.00000
  12147     6.60    -15.77  1.00000
  12148     6.60    -15.72  1.00000
  12149     6.60    -15.67  1.00000
  12150     6.60    -15.62  1.00000
  12151     6.60    -15.57  1.00000
  12152     6.60    -15.52  1.00000
  12153     6.60    -15.47  1.00000
  12154     6.60    -15.42  1.00000
  12155     6.60    -15.37  1.00000
  12156     6.65    -22.47  1.00000
  12157     6.65    -22.42  1.00000
  12158     6.65    -22.37  1.00000
  12159     6.65    -22.32  1.00000
  12160     6.65    -22.27  1.00000
  12161     6.65    -22.22  1.00000
  12162     6.65    -22.17  1.00000
  12163     6.65    -22.12  1.00000
  12164     6.65    -22.07  1.00000
  12165     6.65    -22.02  1.00000
  12166     6.65    -21.97  1.00000
  12167     6.65    -21.92  1.00000
  12168     6.65    -21.87  1.00000
  12169     6.65    -21.82  1.00000
  12170     6.65    -21.77  1.00000
  12171     6.65    -21.72  1.00000
  12172     6.65    -21.67  1.00000
  12173     6.65    -21.62  1.00000
  12174     6.65    -21.57  1.00000
  12175     6.65    -21.52  1.00000
  12176     6.65    -21.47  1.00000
  12177     6.65    -21.42  1.00000
  12178     6.65    -21.37  1.00000
  12179     6.65    -21.32  1.00000
  12180     6.65    -21.27  1.00000
  12181     6.65    -21.22  1.00000
  12182     6.65    -21.17  1.00000
  12183     6.65    -21.12  1.00000
  12184     6.65    -21.07  1.00000
  12185     6.65    -21.02  1.00000
  12186     6.65    -20.97  1.00000
  12187     6.65    -20.92  1.00000
  12188     6.65    -20.87  1.00000
  12189     6.65    -20.82  1.00000
  12190     6.65    -20.77  1.00000
  12191     6.65    -20.72  1.00000
  12192     6.65    -20.67  1.00000
  12193     6.65    -20.62  1.00000
  12194     6.65    -20.57  1.00000
  12195     6.65    -20.52  1.00000
  12196     6.65    -20.47  1.00000
  12197     6.65    -20.42  1.00000
  12198     6.65    -20.37  1.00000
  12199     6.65    -20.32  1.00000
  12200     6.65    -20.27  1.00000
  12201     6.65    -20.22  1.00000
  12202     6.65    -20.17  1.00000
  12203     6.65    -20.12  1.00000
  12204     6.65    -20.07  1.00000
  12205     6.65    -20.02  1.00000
  12206     6.65    -19.97  1.00000
  12207     6.65    -19.92  1.00000
  12208     6.65    -19.87  1.00000
  12209     6.65    -19.82  1.00000
  12210     6.65    -19.77  1.00000
  12211     6.65    -19.72  1.00000
  12212     6.65    -19.67  1.00000
  12213     6.65    -19.62  1.00000
  12214     6.65    -19.57  1.00000
  12215     6.65    -19.52  1.00000
  12216     6.65    -19.47  1.00000
  12217     6.65    -19.42  1.00000
  12218     6.65    -19.37  1.00000
  12219     6.65    -19.32  1.00000
  12220     6.65    -19.27  1.00000
  12221     6.65    -19.22  1.00000
  12222     6.65    -19.17  1.00000
  12223     6.65    -19.12  1.00000
  12224     6.65    -19.07  1.00000
  12225     6.65    -19.02  1.00000
  12226     6.65    -18.97  1.00000
  12227     6.65    -18.92  1.00000
  12228     6.65    -18.87  1.00000
  12229     6.65    -18.82  1.00000
  12230     6.65    -18.77  1.00000
  12231     6.65    -18.72  1.00000
  12232     6.65    -18.67  1.00000
  12233     6.65    -18.62  1.00000
  12234     6.65    -18.57  1.00000
  12235     6.65    -18.52  1.00000
  12236     6.65    -18.47  1.00000
  12237     6.65    -18.42  1.00000
  12238     6.65    -18.37  1.00000
  12239     6.65    -18.32  1.00000
  12240     6.65    -18.27  1.00000
  12241     6.65    -18.22  1.00000
  12242     6.65    -18.17  1.00000
  12243     6.65    -18.12  1.00000
  12244     6.65    -18.07  1.00000
  12245     6.65    -18.02  1.00000
  12246     6.65    -17.97  1.00000
  12247     6.65    -17.92  1.00000
  12248     6.65    -17.87  1.00000
  12249     6.65    -17.82  1.00000
  12250     6.65    -17.77  1.00000
  12251     6.65    -17.72  1.00000
  12252     6.65    -17.67  1.00000
  12253     6.65    -17.62  1.00000
  12254     6.65    -17.57  1.00000
  12255     6.65    -17.52  1.00000
  12256     6.65    -17.47  1.00000
  12257     6.65    -17.42  1.00000
  12258     6.65    -17.37  1.00000
  12259     6.65    -17.32  1.00000
  12260     6.65    -17.27  1.00000
  12261     6.65    -17.22  1.00000
  12262     6.65    -17.17  1.00000
  12263     6.65    -17.12  1.00000
  12264     6.65    -17.07  1.00000
  12265     6.65    -17.02  1.00000
  12266     6.65    -16.97  1.00000
  12267     6.65    -16.92  1.00000
  12268     6.65    -16.87  1.00000
  12269     6.65    -16.82  1.00000
  12270     6.65    -16.77  1.00000
  12271     6.65    -16.72  1.00000
  12272     6.65    -16.67  1.00000
  12273     6.65    -16.62  1.00000
  12274     6.65    -16.57  1.00000
  12275     6.65    -16.52  1.00000
  12276     6.65    -16.47  1.00000
  12277     6.65    -16.42  1.00000
  12278     6.65    -16.37  1.00000
  12279     6.65    -16.32  1.00000
  12280     6.65    -16.27  1.00000
  12281     6.65    -16.22  1.00000
  12282     6.65    -16.17  1.00000
  12283     6.65    -16.12  1.00000
  12284     6.65    -16.07  1.00000
  12285     6.65    -16.02  1.00000
  12286     6.65    -15.97  1.00000
  12287     6.65    -15.92  1.00000
  12288     6.65    -15.87  1.00000
  12289     6.65    -15.82  1.00000
  12290     6.65    -15.77  1.00000
  12291     6.65    -15.72  1.00000
  12292     6.65    -15.67  1.00000
  12293     6.65    -15.62  1.00000
  12294     6.65    -15.57  1.00000
  12295     6.65    -15.52  1.00000
  12296     6.65    -15.47  1.00000
  12297     6.65    -15.42  1.00000
  12298     6.65    -15.37  1.00000
  12299     6.70    -22.47  1.00000
  12300     6.70    -22.42  1.00000
  12301     6.70    -22.37  1.00000
  12302     6.70    -22.32  1.00000
  12303     6.70    -22.27  1.00000
  12304     6.70    -22.22  1.00000
  12305     6.70    -22.17  1.00000
  12306     6.70    -22.12  1.00000
  12307     6.70    -22.07  1.00000
  12308     6.70    -22.02  1.00000
  12309     6.70    -21.97  1.00000
  12310     6.70    -21.92  1.00000
  12311     6.70    -21.87  1.00000
  12312     6.70    -21.82  1.00000
  12313     6.70    -21.77  1.00000
  12314     6.70    -21.72  1.00000
  12315     6.70    -21.67  1.00000
  12316     6.70    -21.62  1.00000
  12317     6.70    -21.57  1.00000
  12318     6.70    -21.52  1.00000
  12319     6.70    -21.47  1.00000
  12320     6.70    -21.42  1.00000
  12321     6.70    -21.37  1.00000
  12322     6.70    -21.32  1.00000
  12323     6.70    -21.27  1.00000
  12324     6.70    -21.22  1.00000
  12325     6.70    -21.17  1.00000
  12326     6.70    -21.12  1.00000
  12327     6.70    -21.07  1.00000
  12328     6.70    -21.02  1.00000
  12329     6.70    -20.97  1.00000
  12330     6.70    -20.92  1.00000
  12331     6.70    -20.87  1.00000
  12332     6.70    -20.82  1.00000
  12333     6.70    -20.77  1.00000
  12334     6.70    -20.72  1.00000
  12335     6.70    -20.67  1.00000
  12336     6.70    -20.62  1.00000
  12337     6.70    -20.57  1.00000
  12338     6.70    -20.52  1.00000
  12339     6.70    -20.47  1.00000
  12340     6.70    -20.42  1.00000
  12341     6.70    -20.37  1.00000
  12342     6.70    -20.32  1.00000
  12343     6.70    -20.27  1.00000
  12344     6.70    -20.22  1.00000
  12345     6.70    -20.17  1.00000
  12346     6.70    -20.12  1.00000
  12347     6.70    -20.07  1.00000
  12348     6.70    -20.02  1.00000
  12349     6.70    -19.97  1.00000
  12350     6.70    -19.92  1.00000
  12351     6.70    -19.87  1.00000
  12352     6.70    -19.82  1.00000
  12353     6.70    -19.77  1.00000
  12354     6.70    -19.72  1.00000
  12355     6.70    -19.67  1.00000
  12356     6.70    -19.62  1.00000
  12357     6.70    -19.57  1.00000
  12358     6.70    -19.52  1.00000
  12359     6.70    -19.47  1.00000
  12360     6.70    -19.42  1.00000
  12361     6.70    -19.37  1.00000
  12362     6.70    -19.32  1.00000
  12363     6.70    -19.27  1.00000
  12364     6.70    -19.22  1.00000
  12365     6.70    -19.17  1.00000
  12366     6.70    -19.12  1.00000
  12367     6.70    -19.07  1.00000
  12368     6.70    -19.02  1.00000
  12369     6.70    -18.97  1.00000
  12370     6.70    -18.92  1.00000
  12371     6.70    -18.87  1.00000
  12372     6.70    -18.82  1.00000
  12373     6.70    -18.77  1.00000
  12374     6.70    -18.72  1.00000
  12375     6.70    -18.67  1.00000
  12376     6.70    -18.62  1.00000
  12377     6.70    -18.57  1.00000
  12378     6.70    -18.52  1.00000
  12379     6.70    -18.47  1.00000
  12380     6.70    -18.42  1.00000
  12381     6.70    -18.37  1.00000
  12382     6.70    -18.32  1.00000
  12383     6.70    -18.27  1.00000
  12384     6.70    -18.22  1.00000
  12385     6.70    -18.17  1.00000
  12386     6.70    -18.12  1.00000
  12387     6.70    -18.07  1.00000
  12388     6.70    -18.02  1.00000
  12389     6.70    -17.97  1.00000
  12390     6.70    -17.92  1.00000
  12391     6.70    -17.87  1.00000
  12392     6.70    -17.82  1.00000
  12393     6.70    -17.77  1.00000
  12394     6.70    -17.72  1.00000
  12395     6.70    -17.67  1.00000
  12396     6.70    -17.62  1.00000
  12397     6.70    -17.57  1.00000
  12398     6.70    -17.52  1.00000
  12399     6.70    -17.47  1.00000
  12400     6.70    -17.42  1.00000
  12401     6.70    -17.37  1.00000
  12402     6.70    -17.32  1.00000
  12403     6.70    -17.27  1.00000
  12404     6.70    -17.22  1.00000
  12405     6.70    -17.17  1.00000
  12406     6.70    -17.12  1.00000
  12407     6.70    -17.07  1.00000
  12408     6.70    -17.02  1.00000
  12409     6.70    -16.97  1.00000
  12410     6.70    -16.92  1.00000
  12411     6.70    -16.87  1.00000
  12412     6.70    -16.82  1.00000
  12413     6.70    -16.77  1.00000
  12414     6.70    -16.72  1.00000
  12415     6.70    -16.67  1.00000
  12416     6.70    -16.62  1.00000
  12417     6.70    -16.57  1.00000
  12418     6.70    -16.52  1.00000
  12419     6.70    -16.47  1.00000
  12420     6.70    -16.42  1.00000
  12421     6.70    -16.37  1.00000
  12422     6.70    -16.32  1.00000
  12423     6.70    -16.27  1.00000
  12424     6.70    -16.22  1.00000
  12425     6.70    -16.17  1.00000
  12426     6.70    -16.12  1.00000
  12427     6.70    -16.07  1.00000
  12428     6.70    -16.02  1.00000
  12429     6.70    -15.97  1.00000
  12430     6.70    -15.92  1.00000
  12431     6.70    -15.87  1.00000
  12432     6.70    -15.82  1.00000
  12433     6.70    -15.77  1.00000
  12434     6.70    -15.72  1.00000
  12435     6.70    -15.67  1.00000
  12436     6.70    -15.62  1.00000
  12437     6.70    -15.57  1.00000
  12438     6.70    -15.52  1.00000
  12439     6.70    -15.47  1.00000
  12440     6.70    -15.42  1.00000
  12441     6.70    -15.37  1.00000
  12442     6.75    -22.47  1.00000
  12443     6.75    -22.42  1.00000
  12444     6.75    -22.37  1.00000
  12445     6.75    -22.32  1.00000
  12446     6.75    -22.27  1.00000
  12447     6.75    -22.22  1.00000
  12448     6.75    -22.17  1.00000
  12449     6.75    -22.12  1.00000
  12450     6.75    -22.07  1.00000
  12451     6.75    -22.02  1.00000
  12452     6.75    -21.97  1.00000
  12453     6.75    -21.92  1.00000
  12454     6.75    -21.87  1.00000
  12455     6.75    -21.82  1.00000
  12456     6.75    -21.77  1.00000
  12457     6.75    -21.72  1.00000
  12458     6.75    -21.67  1.00000
  12459     6.75    -21.62  1.00000
  12460     6.75    -21.57  1.00000
  12461     6.75    -21.52  1.00000
  12462     6.75    -21.47  1.00000
  12463     6.75    -21.42  1.00000
  12464     6.75    -21.37  1.00000
  12465     6.75    -21.32  1.00000
  12466     6.75    -21.27  1.00000
  12467     6.75    -21.22  1.00000
  12468     6.75    -21.17  1.00000
  12469     6.75    -21.12  1.00000
  12470     6.75    -21.07  1.00000
  12471     6.75    -21.02  1.00000
  12472     6.75    -20.97  1.00000
  12473     6.75    -20.92  1.00000
  12474     6.75    -20.87  1.00000
  12475     6.75    -20.82  1.00000
  12476     6.75    -20.77  1.00000
  12477     6.75    -20.72  1.00000
  12478     6.75    -20.67  1.00000
  12479     6.75    -20.62  1.00000
  12480     6.75    -20.57  1.00000
  12481     6.75    -20.52  1.00000
  12482     6.75    -20.47  1.00000
  12483     6.75    -20.42  1.00000
  12484     6.75    -20.37  1.00000
  12485     6.75    -20.32  1.00000
  12486     6.75    -20.27  1.00000
  12487     6.75    -20.22  1.00000
  12488     6.75    -20.17  1.00000
  12489     6.75    -20.12  1.00000
  12490     6.75    -20.07  1.00000
  12491     6.75    -20.02  1.00000
  12492     6.75    -19.97  1.00000
  12493     6.75    -19.92  1.00000
  12494     6.75    -19.87  1.00000
  12495     6.75    -19.82  1.00000
  12496     6.75    -19.77  1.00000
  12497     6.75    -19.72  1.00000
  12498     6.75    -19.67  1.00000
  12499     6.75    -19.62  1.00000
  12500     6.75    -19.57  1.00000
  12501     6.75    -19.52  1.00000
  12502     6.75    -19.47  1.00000
  12503     6.75    -19.42  1.00000
  12504     6.75    -19.37  1.00000
  12505     6.75    -19.32  1.00000
  12506     6.75    -19.27  1.00000
  12507     6.75    -19.22  1.00000
  12508     6.75    -19.17  1.00000
  12509     6.75    -19.12  1.00000
  12510     6.75    -19.07  1.00000
  12511     6.75    -19.02  1.00000
  12512     6.75    -18.97  1.00000
  12513     6.75    -18.92  1.00000
  12514     6.75    -18.87  1.00000
  12515     6.75    -18.82  1.00000
  12516     6.75    -18.77  1.00000
  12517     6.75    -18.72  1.00000
  12518     6.75    -18.67  1.00000
  12519     6.75    -18.62  1.00000
  12520     6.75    -18.57  1.00000
  12521     6.75    -18.52  1.00000
  12522     6.75    -18.47  1.00000
  12523     6.75    -18.42  1.00000
  12524     6.75    -18.37  1.00000
  12525     6.75    -18.32  1.00000
  12526     6.75    -18.27  1.00000
  12527     6.75    -18.22  1.00000
  12528     6.75    -18.17  1.00000
  12529     6.75    -18.12  1.00000
  12530     6.75    -18.07  1.00000
  12531     6.75    -18.02  1.00000
  12532     6.75    -17.97  1.00000
  12533     6.75    -17.92  1.00000
  12534     6.75    -17.87  1.00000
  12535     6.75    -17.82  1.00000
  12536     6.75    -17.77  1.00000
  12537     6.75    -17.72  1.00000
  12538     6.75    -17.67  1.00000
  12539     6.75    -17.62  1.00000
  12540     6.75    -17.57  1.00000
  12541     6.75    -17.52  1.00000
  12542     6.75    -17.47  1.00000
  12543     6.75    -17.42  1.00000
  12544     6.75    -17.37  1.00000
  12545     6.75    -17.32  1.00000
  12546     6.75    -17.27  1.00000
  12547     6.75    -17.22  1.00000
  12548     6.75    -17.17  1.00000
  12549     6.75    -17.12  1.00000
  12550     6.75    -17.07  1.00000
  12551     6.75    -17.02  1.00000
  12552     6.75    -16.97  1.00000
  12553     6.75    -16.92  1.00000
  12554     6.75    -16.87  1.00000
  12555     6.75    -16.82  1.00000
  12556     6.75    -16.77  1.00000
  12557     6.75    -16.72  1.00000
  12558     6.75    -16.67  1.00000
  12559     6.75    -16.62  1.00000
  12560     6.75    -16.57  1.00000
  12561     6.75    -16.52  1.00000
  12562     6.75    -16.47  1.00000
  12563     6.75    -16.42  1.00000
  12564     6.75    -16.37  1.00000
  12565     6.75    -16.32  1.00000
  12566     6.75    -16.27  1.00000
  12567     6.75    -16.22  1.00000
  12568     6.75    -16.17  1.00000
  12569     6.75    -16.12  1.00000
  12570     6.75    -16.07  1.00000
  12571     6.75    -16.02  1.00000
  12572     6.75    -15.97  1.00000
  12573     6.75    -15.92  1.00000
  12574     6.75    -15.87  1.00000
  12575     6.75    -15.82  1.00000
  12576     6.75    -15.77  1.00000
  12577     6.75    -15.72  1.00000
  12578     6.75    -15.67  1.00000
  12579     6.75    -15.62  1.00000
  12580     6.75    -15.57  1.00000
  12581     6.75    -15.52  1.00000
  12582     6.75    -15.47  1.00000
  12583     6.75    -15.42  1.00000
  12584     6.75    -15.37  1.00000
  12585     6.80    -22.47  1.00000
  12586     6.80    -22.42  1.00000
  12587     6.80    -22.37  1.00000
  12588     6.80    -22.32  1.00000
  12589     6.80    -22.27  1.00000
  12590     6.80    -22.22  1.00000
  12591     6.80    -22.17  1.00000
  12592     6.80    -22.12  1.00000
  12593     6.80    -22.07  1.00000
  12594     6.80    -22.02  1.00000
  12595     6.80    -21.97  1.00000
  12596     6.80    -21.92  1.00000
  12597     6.80    -21.87  1.00000
  12598     6.80    -21.82  1.00000
  12599     6.80    -21.77  1.00000
  12600     6.80    -21.72  1.00000
  12601     6.80    -21.67  1.00000
  12602     6.80    -21.62  1.00000
  12603     6.80    -21.57  1.00000
  12604     6.80    -21.52  1.00000
  12605     6.80    -21.47  1.00000
  12606     6.80    -21.42  1.00000
  12607     6.80    -21.37  1.00000
  12608     6.80    -21.32  1.00000
  12609     6.80    -21.27  1.00000
  12610     6.80    -21.22  1.00000
  12611     6.80    -21.17  1.00000
  12612     6.80    -21.12  1.00000
  12613     6.80    -21.07  1.00000
  12614     6.80    -21.02  1.00000
  12615     6.80    -20.97  1.00000
  12616     6.80    -20.92  1.00000
  12617     6.80    -20.87  1.00000
  12618     6.80    -20.82  1.00000
  12619     6.80    -20.77  1.00000
  12620     6.80    -20.72  1.00000
  12621     6.80    -20.67  1.00000
  12622     6.80    -20.62  1.00000
  12623     6.80    -20.57  1.00000
  12624     6.80    -20.52  1.00000
  12625     6.80    -20.47  1.00000
  12626     6.80    -20.42  1.00000
  12627     6.80    -20.37  1.00000
  12628     6.80    -20.32  1.00000
  12629     6.80    -20.27  1.00000
  12630     6.80    -20.22  1.00000
  12631     6.80    -20.17  1.00000
  12632     6.80    -20.12  1.00000
  12633     6.80    -20.07  1.00000
  12634     6.80    -20.02  1.00000
  12635     6.80    -19.97  1.00000
  12636     6.80    -19.92  1.00000
  12637     6.80    -19.87  1.00000
  12638     6.80    -19.82  1.00000
  12639     6.80    -19.77  1.00000
  12640     6.80    -19.72  1.00000
  12641     6.80    -19.67  1.00000
  12642     6.80    -19.62  1.00000
  12643     6.80    -19.57  1.00000
  12644     6.80    -19.52  1.00000
  12645     6.80    -19.47  1.00000
  12646     6.80    -19.42  1.00000
  12647     6.80    -19.37  1.00000
  12648     6.80    -19.32  1.00000
  12649     6.80    -19.27  1.00000
  12650     6.80    -19.22  1.00000
  12651     6.80    -19.17  1.00000
  12652     6.80    -19.12  1.00000
  12653     6.80    -19.07  1.00000
  12654     6.80    -19.02  1.00000
  12655     6.80    -18.97  1.00000
  12656     6.80    -18.92  1.00000
  12657     6.80    -18.87  1.00000
  12658     6.80    -18.82  1.00000
  12659     6.80    -18.77  1.00000
  12660     6.80    -18.72  1.00000
  12661     6.80    -18.67  1.00000
  12662     6.80    -18.62  1.00000
  12663     6.80    -18.57  1.00000
  12664     6.80    -18.52  1.00000
  12665     6.80    -18.47  1.00000
  12666     6.80    -18.42  1.00000
  12667     6.80    -18.37  1.00000
  12668     6.80    -18.32  1.00000
  12669     6.80    -18.27  1.00000
  12670     6.80    -18.22  1.00000
  12671     6.80    -18.17  1.00000
  12672     6.80    -18.12  1.00000
  12673     6.80    -18.07  1.00000
  12674     6.80    -18.02  1.00000
  12675     6.80    -17.97  1.00000
  12676     6.80    -17.92  1.00000
  12677     6.80    -17.87  1.00000
  12678     6.80    -17.82  1.00000
  12679     6.80    -17.77  1.00000
  12680     6.80    -17.72  1.00000
  12681     6.80    -17.67  1.00000
  12682     6.80    -17.62  1.00000
  12683     6.80    -17.57  1.00000
  12684     6.80    -17.52  1.00000
  12685     6.80    -17.47  1.00000
  12686     6.80    -17.42  1.00000
  12687     6.80    -17.37  1.00000
  12688     6.80    -17.32  1.00000
  12689     6.80    -17.27  1.00000
  12690     6.80    -17.22  1.00000
  12691     6.80    -17.17  1.00000
  12692     6.80    -17.12  1.00000
  12693     6.80    -17.07  1.00000
  12694     6.80    -17.02  1.00000
  12695     6.80    -16.97  1.00000
  12696     6.80    -16.92  1.00000
  12697     6.80    -16.87  1.00000
  12698     6.80    -16.82  1.00000
  12699     6.80    -16.77  1.00000
  12700     6.80    -16.72  1.00000
  12701     6.80    -16.67  1.00000
  12702     6.80    -16.62  1.00000
  12703     6.80    -16.57  1.00000
  12704     6.80    -16.52  1.00000
  12705     6.80    -16.47  1.00000
  12706     6.80    -16.42  1.00000
  12707     6.80    -16.37  1.00000
  12708     6.80    -16.32  1.00000
  12709     6.80    -16.27  1.00000
  12710     6.80    -16.22  1.00000
  12711     6.80    -16.17  1.00000
  12712     6.80    -16.12  1.00000
  12713     6.80    -16.07  1.00000
  12714     6.80    -16.02  1.00000
  12715     6.80    -15.97  1.00000
  12716     6.80    -15.92  1.00000
  12717     6.80    -15.87  1.00000
  12718     6.80    -15.82  1.00000
  12719     6.80    -15.77  1.00000
  12720     6.80    -15.72  1.00000
  12721     6.80    -15.67  1.00000
  12722     6.80    -15.62  1.00000
  12723     6.80    -15.57  1.00000
  12724     6.80    -15.52  1.00000
  12725     6.80    -15.47  1.00000
  12726     6.80    -15.42  1.00000
  12727     6.80    -15.37  1.00000
  12728     6.85    -22.47  1.00000
  12729     6.85    -22.42  1.00000
  12730     6.85    -22.37  1.00000
  12731     6.85    -22.32  1.00000
  12732     6.85    -22.27  1.00000
  12733     6.85    -22.22  1.00000
  12734     6.85    -22.17  1.00000
  12735     6.85    -22.12  1.00000
  12736     6.85    -22.07  1.00000
  12737     6.85    -22.02  1.00000
  12738     6.85    -21.97  1.00000
  12739     6.85    -21.92  1.00000
  12740     6.85    -21.87  1.00000
  12741     6.85    -21.82  1.00000
  12742     6.85    -21.77  1.00000
  12743     6.85    -21.72  1.00000
  12744     6.85    -21.67  1.00000
  12745     6.85    -21.62  1.00000
  12746     6.85    -21.57  1.00000
  12747     6.85    -21.52  1.00000
  12748     6.85    -21.47  1.00000
  12749     6.85    -21.42  1.00000
  12750     6.85    -21.37  1.00000
  12751     6.85    -21.32  1.00000
  12752     6.85    -21.27  1.00000
  12753     6.85    -21.22  1.00000
  12754     6.85    -21.17  1.00000
  12755     6.85    -21.12  1.00000
  12756     6.85    -21.07  1.00000
  12757     6.85    -21.02  1.00000
  12758     6.85    -20.97  1.00000
  12759     6.85    -20.92  1.00000
  12760     6.85    -20.87  1.00000
  12761     6.85    -20.82  1.00000
  12762     6.85    -20.77  1.00000
  12763     6.85    -20.72  1.00000
  12764     6.85    -20.67  1.00000
  12765     6.85    -20.62  1.00000
  12766     6.85    -20.57  1.00000
  12767     6.85    -20.52  1.00000
  12768     6.85    -20.47  1.00000
  12769     6.85    -20.42  1.00000
  12770     6.85    -20.37  1.00000
  12771     6.85    -20.32  1.00000
  12772     6.85    -20.27  1.00000
  12773     6.85    -20.22  1.00000
  12774     6.85    -20.17  1.00000
  12775     6.85    -20.12  1.00000
  12776     6.85    -20.07  1.00000
  12777     6.85    -20.02  1.00000
  12778     6.85    -19.97  1.00000
  12779     6.85    -19.92  1.00000
  12780     6.85    -19.87  1.00000
  12781     6.85    -19.82  1.00000
  12782     6.85    -19.77  1.00000
  12783     6.85    -19.72  1.00000
  12784     6.85    -19.67  1.00000
  12785     6.85    -19.62  1.00000
  12786     6.85    -19.57  1.00000
  12787     6.85    -19.52  1.00000
  12788     6.85    -19.47  1.00000
  12789     6.85    -19.42  1.00000
  12790     6.85    -19.37  1.00000
  12791     6.85    -19.32  1.00000
  12792     6.85    -19.27  1.00000
  12793     6.85    -19.22  1.00000
  12794     6.85    -19.17  1.00000
  12795     6.85    -19.12  1.00000
  12796     6.85    -19.07  1.00000
  12797     6.85    -19.02  1.00000
  12798     6.85    -18.97  1.00000
  12799     6.85    -18.92  1.00000
  12800     6.85    -18.87  1.00000
  12801     6.85    -18.82  1.00000
  12802     6.85    -18.77  1.00000
  12803     6.85    -18.72  1.00000
  12804     6.85    -18.67  1.00000
  12805     6.85    -18.62  1.00000
  12806     6.85    -18.57  1.00000
  12807     6.85    -18.52  1.00000
  12808     6.85    -18.47  1.00000
  12809     6.85    -18.42  1.00000
  12810     6.85    -18.37  1.00000
  12811     6.85    -18.32  1.00000
  12812     6.85    -18.27  1.00000
  12813     6.85    -18.22  1.00000
  12814     6.85    -18.17  1.00000
  12815     6.85    -18.12  1.00000
  12816     6.85    -18.07  1.00000
  12817     6.85    -18.02  1.00000
  12818     6.85    -17.97  1.00000
  12819     6.85    -17.92  1.00000
  12820     6.85    -17.87  1.00000
  12821     6.85    -17.82  1.00000
  12822     6.85    -17.77  1.00000
  12823     6.85    -17.72  1.00000
  12824     6.85    -17.67  1.00000
  12825     6.85    -17.62  1.00000
  12826     6.85    -17.57  1.00000
  12827     6.85    -17.52  1.00000
  12828     6.85    -17.47  1.00000
  12829     6.85    -17.42  1.00000
  12830     6.85    -17.37  1.00000
  12831     6.85    -17.32  1.00000
  12832     6.85    -17.27  1.00000
  12833     6.85    -17.22  1.00000
  12834     6.85    -17.17  1.00000
  12835     6.85    -17.12  1.00000
  12836     6.85    -17.07  1.00000
  12837     6.85    -17.02  1.00000
  12838     6.85    -16.97  1.00000
  12839     6.85    -16.92  1.00000
  12840     6.85    -16.87  1.00000
  12841     6.85    -16.82  1.00000
  12842     6.85    -16.77  1.00000
  12843     6.85    -16.72  1.00000
  12844     6.85    -16.67  1.00000
  12845     6.85    -16.62  1.00000
  12846     6.85    -16.57  1.00000
  12847     6.85    -16.52  1.00000
  12848     6.85    -16.47  1.00000
  12849     6.85    -16.42  1.00000
  12850     6.85    -16.37  1.00000
  12851     6.85    -16.32  1.00000
  12852     6.85    -16.27  1.00000
  12853     6.85    -16.22  1.00000
  12854     6.85    -16.17  1.00000
  12855     6.85    -16.12  1.00000
  12856     6.85    -16.07  1.00000
  12857     6.85    -16.02  1.00000
  12858     6.85    -15.97  1.00000
  12859     6.85    -15.92  1.00000
  12860     6.85    -15.87  1.00000
  12861     6.85    -15.82  1.00000
  12862     6.85    -15.77  1.00000
  12863     6.85    -15.72  1.00000
  12864     6.85    -15.67  1.00000
  12865     6.85    -15.62  1.00000
  12866     6.85    -15.57  1.00000
  12867     6.85    -15.52  1.00000
  12868     6.85    -15.47  1.00000
  12869     6.85    -15.42  1.00000
  12870     6.85    -15.37  1.00000
  12871     6.90    -22.47  1.00000
  12872     6.90    -22.42  1.00000
  12873     6.90    -22.37  1.00000
  12874     6.90    -22.32  1.00000
  12875     6.90    -22.27  1.00000
  12876     6.90    -22.22  1.00000
  12877     6.90    -22.17  1.00000
  12878     6.90    -22.12  1.00000
  12879     6.90    -22.07  1.00000
  12880     6.90    -22.02  1.00000
  12881     6.90    -21.97  1.00000
  12882     6.90    -21.92  1.00000
  12883     6.90    -21.87  1.00000
  12884     6.90    -21.82  1.00000
  12885     6.90    -21.77  1.00000
  12886     6.90    -21.72  1.00000
  12887     6.90    -21.67  1.00000
  12888     6.90    -21.62  1.00000
  12889     6.90    -21.57  1.00000
  12890     6.90    -21.52  1.00000
  12891     6.90    -21.47  1.00000
  12892     6.90    -21.42  1.00000
  12893     6.90    -21.37  1.00000
  12894     6.90    -21.32  1.00000
  12895     6.90    -21.27  1.00000
  12896     6.90    -21.22  1.00000
  12897     6.90    -21.17  1.00000
  12898     6.90    -21.12  1.00000
  12899     6.90    -21.07  1.00000
  12900     6.90    -21.02  1.00000
  12901     6.90    -20.97  1.00000
  12902     6.90    -20.92  1.00000
  12903     6.90    -20.87  1.00000
  12904     6.90    -20.82  1.00000
  12905     6.90    -20.77  1.00000
  12906     6.90    -20.72  1.00000
  12907     6.90    -20.67  1.00000
  12908     6.90    -20.62  1.00000
  12909     6.90    -20.57  1.00000
  12910     6.90    -20.52  1.00000
  12911     6.90    -20.47  1.00000
  12912     6.90    -20.42  1.00000
  12913     6.90    -20.37  1.00000
  12914     6.90    -20.32  1.00000
  12915     6.90    -20.27  1.00000
  12916     6.90    -20.22  1.00000
  12917     6.90    -20.17  1.00000
  12918     6.90    -20.12  1.00000
  12919     6.90    -20.07  1.00000
  12920     6.90    -20.02  1.00000
  12921     6.90    -19.97  1.00000
  12922     6.90    -19.92  1.00000
  12923     6.90    -19.87  1.00000
  12924     6.90    -19.82  1.00000
  12925     6.90    -19.77  1.00000
  12926     6.90    -19.72  1.00000
  12927     6.90    -19.67  1.00000
  12928     6.90    -19.62  1.00000
  12929     6.90    -19.57  1.00000
  12930     6.90    -19.52  1.00000
  12931     6.90    -19.47  1.00000
  12932     6.90    -19.42  1.00000
  12933     6.90    -19.37  1.00000
  12934     6.90    -19.32  1.00000
  12935     6.90    -19.27  1.00000
  12936     6.90    -19.22  1.00000
  12937     6.90    -19.17  1.00000
  12938     6.90    -19.12  1.00000
  12939     6.90    -19.07  1.00000
  12940     6.90    -19.02  1.00000
  12941     6.90    -18.97  1.00000
  12942     6.90    -18.92  1.00000
  12943     6.90    -18.87  1.00000
  12944     6.90    -18.82  1.00000
  12945     6.90    -18.77  1.00000
  12946     6.90    -18.72  1.00000
  12947     6.90    -18.67  1.00000
  12948     6.90    -18.62  1.00000
  12949     6.90    -18.57  1.00000
  12950     6.90    -18.52  1.00000
  12951     6.90    -18.47  1.00000
  12952     6.90    -18.42  1.00000
  12953     6.90    -18.37  1.00000
  12954     6.90    -18.32  1.00000
  12955     6.90    -18.27  1.00000
  12956     6.90    -18.22  1.00000
  12957     6.90    -18.17  1.00000
  12958     6.90    -18.12  1.00000
  12959     6.90    -18.07  1.00000
  12960     6.90    -18.02  1.00000
  12961     6.90    -17.97  1.00000
  12962     6.90    -17.92  1.00000
  12963     6.90    -17.87  1.00000
  12964     6.90    -17.82  1.00000
  12965     6.90    -17.77  1.00000
  12966     6.90    -17.72  1.00000
  12967     6.90    -17.67  1.00000
  12968     6.90    -17.62  1.00000
  12969     6.90    -17.57  1.00000
  12970     6.90    -17.52  1.00000
  12971     6.90    -17.47  1.00000
  12972     6.90    -17.42  1.00000
  12973     6.90    -17.37  1.00000
  12974     6.90    -17.32  1.00000
  12975     6.90    -17.27  1.00000
  12976     6.90    -17.22  1.00000
  12977     6.90    -17.17  1.00000
  12978     6.90    -17.12  1.00000
  12979     6.90    -17.07  1.00000
  12980     6.90    -17.02  1.00000
  12981     6.90    -16.97  1.00000
  12982     6.90    -16.92  1.00000
  12983     6.90    -16.87  1.00000
  12984     6.90    -16.82  1.00000
  12985     6.90    -16.77  1.00000
  12986     6.90    -16.72  1.00000
  12987     6.90    -16.67  1.00000
  12988     6.90    -16.62  1.00000
  12989     6.90    -16.57  1.00000
  12990     6.90    -16.52  1.00000
  12991     6.90    -16.47  1.00000
  12992     6.90    -16.42  1.00000
  12993     6.90    -16.37  1.00000
  12994     6.90    -16.32  1.00000
  12995     6.90    -16.27  1.00000
  12996     6.90    -16.22  1.00000
  12997     6.90    -16.17  1.00000
  12998     6.90    -16.12  1.00000
  12999     6.90    -16.07  1.00000
  13000     6.90    -16.02  1.00000
  13001     6.90    -15.97  1.00000
  13002     6.90    -15.92  1.00000
  13003     6.90    -15.87  1.00000
  13004     6.90    -15.82  1.00000
  13005     6.90    -15.77  1.00000
  13006     6.90    -15.72  1.00000
  13007     6.90    -15.67  1.00000
  13008     6.90    -15.62  1.00000
  13009     6.90    -15.57  1.00000
  13010     6.90    -15.52  1.00000
  13011     6.90    -15.47  1.00000
  13012     6.90    -15.42  1.00000
  13013     6.90    -15.37  1.00000
  13014     6.95    -22.47  1.00000
  13015     6.95    -22.42  1.00000
  13016     6.95    -22.37  1.00000
  13017     6.95    -22.32  1.00000
  13018     6.95    -22.27  1.00000
  13019     6.95    -22.22  1.00000
  13020     6.95    -22.17  1.00000
  13021     6.95    -22.12  1.00000
  13022     6.95    -22.07  1.00000
  13023     6.95    -22.02  1.00000
  13024     6.95    -21.97  1.00000
  13025     6.95    -21.92  1.00000
  13026     6.95    -21.87  1.00000
  13027     6.95    -21.82  1.00000
  13028     6.95    -21.77  1.00000
  13029     6.95    -21.72  1.00000
  13030     6.95    -21.67  1.00000
  13031     6.95    -21.62  1.00000
  13032     6.95    -21.57  1.00000
  13033     6.95    -21.52  1.00000
  13034     6.95    -21.47  1.00000
  13035     6.95    -21.42  1.00000
  13036     6.95    -21.37  1.00000
  13037     6.95    -21.32  1.00000
  13038     6.95    -21.27  1.00000
  13039     6.95    -21.22  1.00000
  13040     6.95    -21.17  1.00000
  13041     6.95    -21.12  1.00000
  13042     6.95    -21.07  1.00000
  13043     6.95    -21.02  1.00000
  13044     6.95    -20.97  1.00000
  13045     6.95    -20.92  1.00000
  13046     6.95    -20.87  1.00000
  13047     6.95    -20.82  1.00000
  13048     6.95    -20.77  1.00000
  13049     6.95    -20.72  1.00000
  13050     6.95    -20.67  1.00000
  13051     6.95    -20.62  1.00000
  13052     6.95    -20.57  1.00000
  13053     6.95    -20.52  1.00000
  13054     6.95    -20.47  1.00000
  13055     6.95    -20.42  1.00000
  13056     6.95    -20.37  1.00000
  13057     6.95    -20.32  1.00000
  13058     6.95    -20.27  1.00000
  13059     6.95    -20.22  1.00000
  13060     6.95    -20.17  1.00000
  13061     6.95    -20.12  1.00000
  13062     6.95    -20.07  1.00000
  13063     6.95    -20.02  1.00000
  13064     6.95    -19.97  1.00000
  13065     6.95    -19.92  1.00000
  13066     6.95    -19.87  1.00000
  13067     6.95    -19.82  1.00000
  13068     6.95    -19.77  1.00000
  13069     6.95    -19.72  1.00000
  13070     6.95    -19.67  1.00000
  13071     6.95    -19.62  1.00000
  13072     6.95    -19.57  1.00000
  13073     6.95    -19.52  1.00000
  13074     6.95    -19.47  1.00000
  13075     6.95    -19.42  1.00000
  13076     6.95    -19.37  1.00000
  13077     6.95    -19.32  1.00000
  13078     6.95    -19.27  1.00000
  13079     6.95    -19.22  1.00000
  13080     6.95    -19.17  1.00000
  13081     6.95    -19.12  1.00000
  13082     6.95    -19.07  1.00000
  13083     6.95    -19.02  1.00000
  13084     6.95    -18.97  1.00000
  13085     6.95    -18.92  1.00000
  13086     6.95    -18.87  1.00000
  13087     6.95    -18.82  1.00000
  13088     6.95    -18.77  1.00000
  13089     6.95    -18.72  1.00000
  13090     6.95    -18.67  1.00000
  13091     6.95    -18.62  1.00000
  13092     6.95    -18.57  1.00000
  13093     6.95    -18.52  1.00000
  13094     6.95    -18.47  1.00000
  13095     6.95    -18.42  1.00000
  13096     6.95    -18.37  1.00000
  13097     6.95    -18.32  1.00000
  13098     6.95    -18.27  1.00000
  13099     6.95    -18.22  1.00000
  13100     6.95    -18.17  1.00000
  13101     6.95    -18.12  1.00000
  13102     6.95    -18.07  1.00000
  13103     6.95    -18.02  1.00000
  13104     6.95    -17.97  1.00000
  13105     6.95    -17.92  1.00000
  13106     6.95    -17.87  1.00000
  13107     6.95    -17.82  1.00000
  13108     6.95    -17.77  1.00000
  13109     6.95    -17.72  1.00000
  13110     6.95    -17.67  1.00000
  13111     6.95    -17.62  1.00000
  13112     6.95    -17.57  1.00000
  13113     6.95    -17.52  1.00000
  13114     6.95    -17.47  1.00000
  13115     6.95    -17.42  1.00000
  13116     6.95    -17.37  1.00000
  13117     6.95    -17.32  1.00000
  13118     6.95    -17.27  1.00000
  13119     6.95    -17.22  1.00000
  13120     6.95    -17.17  1.00000
  13121     6.95    -17.12  1.00000
  13122     6.95    -17.07  1.00000
  13123     6.95    -17.02  1.00000
  13124     6.95    -16.97  1.00000
  13125     6.95    -16.92  1.00000
  13126     6.95    -16.87  1.00000
  13127     6.95    -16.82  1.00000
  13128     6.95    -16.77  1.00000
  13129     6.95    -16.72  1.00000
  13130     6.95    -16.67  1.00000
  13131     6.95    -16.62  1.00000
  13132     6.95    -16.57  1.00000
  13133     6.95    -16.52  1.00000
  13134     6.95    -16.47  1.00000
  13135     6.95    -16.42  1.00000
  13136     6.95    -16.37  1.00000
  13137     6.95    -16.32  1.00000
  13138     6.95    -16.27  1.00000
  13139     6.95    -16.22  1.00000
  13140     6.95    -16.17  1.00000
  13141     6.95    -16.12  1.00000
  13142     6.95    -16.07  1.00000
  13143     6.95    -16.02  1.00000
  13144     6.95    -15.97  1.00000
  13145     6.95    -15.92  1.00000
  13146     6.95    -15.87  1.00000
  13147     6.95    -15.82  1.00000
  13148     6.95    -15.77  1.00000
  13149     6.95    -15.72  1.00000
  13150     6.95    -15.67  1.00000
  13151     6.95    -15.62  1.00000
  13152     6.95    -15.57  1.00000
  13153     6.95    -15.52  1.00000
  13154     6.95    -15.47  1.00000
  13155     6.95    -15.42  1.00000
  13156     6.95    -15.37  1.00000
  13157     7.00    -22.47  1.00000
  13158     7.00    -22.42  1.00000
  13159     7.00    -22.37  1.00000
  13160     7.00    -22.32  1.00000
  13161     7.00    -22.27  1.00000
  13162     7.00    -22.22  1.00000
  13163     7.00    -22.17  1.00000
  13164     7.00    -22.12  1.00000
  13165     7.00    -22.07  1.00000
  13166     7.00    -22.02  1.00000
  13167     7.00    -21.97  1.00000
  13168     7.00    -21.92  1.00000
  13169     7.00    -21.87  1.00000
  13170     7.00    -21.82  1.00000
  13171     7.00    -21.77  1.00000
  13172     7.00    -21.72  1.00000
  13173     7.00    -21.67  1.00000
  13174     7.00    -21.62  1.00000
  13175     7.00    -21.57  1.00000
  13176     7.00    -21.52  1.00000
  13177     7.00    -21.47  1.00000
  13178     7.00    -21.42  1.00000
  13179     7.00    -21.37  1.00000
  13180     7.00    -21.32  1.00000
  13181     7.00    -21.27  1.00000
  13182     7.00    -21.22  1.00000
  13183     7.00    -21.17  1.00000
  13184     7.00    -21.12  1.00000
  13185     7.00    -21.07  1.00000
  13186     7.00    -21.02  1.00000
  13187     7.00    -20.97  1.00000
  13188     7.00    -20.92  1.00000
  13189     7.00    -20.87  1.00000
  13190     7.00    -20.82  1.00000
  13191     7.00    -20.77  1.00000
  13192     7.00    -20.72  1.00000
  13193     7.00    -20.67  1.00000
  13194     7.00    -20.62  1.00000
  13195     7.00    -20.57  1.00000
  13196     7.00    -20.52  1.00000
  13197     7.00    -20.47  1.00000
  13198     7.00    -20.42  1.00000
  13199     7.00    -20.37  1.00000
  13200     7.00    -20.32  1.00000
  13201     7.00    -20.27  1.00000
  13202     7.00    -20.22  1.00000
  13203     7.00    -20.17  1.00000
  13204     7.00    -20.12  1.00000
  13205     7.00    -20.07  1.00000
  13206     7.00    -20.02  1.00000
  13207     7.00    -19.97  1.00000
  13208     7.00    -19.92  1.00000
  13209     7.00    -19.87  1.00000
  13210     7.00    -19.82  1.00000
  13211     7.00    -19.77  1.00000
  13212     7.00    -19.72  1.00000
  13213     7.00    -19.67  1.00000
  13214     7.00    -19.62  1.00000
  13215     7.00    -19.57  1.00000
  13216     7.00    -19.52  1.00000
  13217     7.00    -19.47  1.00000
  13218     7.00    -19.42  1.00000
  13219     7.00    -19.37  1.00000
  13220     7.00    -19.32  1.00000
  13221     7.00    -19.27  1.00000
  13222     7.00    -19.22  1.00000
  13223     7.00    -19.17  1.00000
  13224     7.00    -19.12  1.00000
  13225     7.00    -19.07  1.00000
  13226     7.00    -19.02  1.00000
  13227     7.00    -18.97  1.00000
  13228     7.00    -18.92  1.00000
  13229     7.00    -18.87  1.00000
  13230     7.00    -18.82  1.00000
  13231     7.00    -18.77  1.00000
  13232     7.00    -18.72  1.00000
  13233     7.00    -18.67  1.00000
  13234     7.00    -18.62  1.00000
  13235     7.00    -18.57  1.00000
  13236     7.00    -18.52  1.00000
  13237     7.00    -18.47  1.00000
  13238     7.00    -18.42  1.00000
  13239     7.00    -18.37  1.00000
  13240     7.00    -18.32  1.00000
  13241     7.00    -18.27  1.00000
  13242     7.00    -18.22  1.00000
  13243     7.00    -18.17  1.00000
  13244     7.00    -18.12  1.00000
  13245     7.00    -18.07  1.00000
  13246     7.00    -18.02  1.00000
  13247     7.00    -17.97  1.00000
  13248     7.00    -17.92  1.00000
  13249     7.00    -17.87  1.00000
  13250     7.00    -17.82  1.00000
  13251     7.00    -17.77  1.00000
  13252     7.00    -17.72  1.00000
  13253     7.00    -17.67  1.00000
  13254     7.00    -17.62  1.00000
  13255     7.00    -17.57  1.00000
  13256     7.00    -17.52  1.00000
  13257     7.00    -17.47  1.00000
  13258     7.00    -17.42  1.00000
  13259     7.00    -17.37  1.00000
  13260     7.00    -17.32  1.00000
  13261     7.00    -17.27  1.00000
  13262     7.00    -17.22  1.00000
  13263     7.00    -17.17  1.00000
  13264     7.00    -17.12  1.00000
  13265     7.00    -17.07  1.00000
  13266     7.00    -17.02  1.00000
  13267     7.00    -16.97  1.00000
  13268     7.00    -16.92  1.00000
  13269     7.00    -16.87  1.00000
  13270     7.00    -16.82  1.00000
  13271     7.00    -16.77  1.00000
  13272     7.00    -16.72  1.00000
  13273     7.00    -16.67  1.00000
  13274     7.00    -16.62  1.00000
  13275     7.00    -16.57  1.00000
  13276     7.00    -16.52  1.00000
  13277     7.00    -16.47  1.00000
  13278     7.00    -16.42  1.00000
  13279     7.00    -16.37  1.00000
  13280     7.00    -16.32  1.00000
  13281     7.00    -16.27  1.00000
  13282     7.00    -16.22  1.00000
  13283     7.00    -16.17  1.00000
  13284     7.00    -16.12  1.00000
  13285     7.00    -16.07  1.00000
  13286     7.00    -16.02  1.00000
  13287     7.00    -15.97  1.00000
  13288     7.00    -15.92  1.00000
  13289     7.00    -15.87  1.00000
  13290     7.00    -15.82  1.00000
  13291     7.00    -15.77  1.00000
  13292     7.00    -15.72  1.00000
  13293     7.00    -15.67  1.00000
  13294     7.00    -15.62  1.00000
  13295     7.00    -15.57  1.00000
  13296     7.00    -15.52  1.00000
  13297     7.00    -15.47  1.00000
  13298     7.00    -15.42  1.00000
  13299     7.00    -15.37  1.00000
  13300     7.05    -22.47  1.00000
  13301     7.05    -22.42  1.00000
  13302     7.05    -22.37  1.00000
  13303     7.05    -22.32  1.00000
  13304     7.05    -22.27  1.00000
  13305     7.05    -22.22  1.00000
  13306     7.05    -22.17  1.00000
  13307     7.05    -22.12  1.00000
  13308     7.05    -22.07  1.00000
  13309     7.05    -22.02  1.00000
  13310     7.05    -21.97  1.00000
  13311     7.05    -21.92  1.00000
  13312     7.05    -21.87  1.00000
  13313     7.05    -21.82  1.00000
  13314     7.05    -21.77  1.00000
  13315     7.05    -21.72  1.00000
  13316     7.05    -21.67  1.00000
  13317     7.05    -21.62  1.00000
  13318     7.05    -21.57  1.00000
  13319     7.05    -21.52  1.00000
  13320     7.05    -21.47  1.00000
  13321     7.05    -21.42  1.00000
  13322     7.05    -21.37  1.00000
  13323     7.05    -21.32  1.00000
  13324     7.05    -21.27  1.00000
  13325     7.05    -21.22  1.00000
  13326     7.05    -21.17  1.00000
  13327     7.05    -21.12  1.00000
  13328     7.05    -21.07  1.00000
  13329     7.05    -21.02  1.00000
  13330     7.05    -20.97  1.00000
  13331     7.05    -20.92  1.00000
  13332     7.05    -20.87  1.00000
  13333     7.05    -20.82  1.00000
  13334     7.05    -20.77  1.00000
  13335     7.05    -20.72  1.00000
  13336     7.05    -20.67  1.00000
  13337     7.05    -20.62  1.00000
  13338     7.05    -20.57  1.00000
  13339     7.05    -20.52  1.00000
  13340     7.05    -20.47  1.00000
  13341     7.05    -20.42  1.00000
  13342     7.05    -20.37  1.00000
  13343     7.05    -20.32  1.00000
  13344     7.05    -20.27  1.00000
  13345     7.05    -20.22  1.00000
  13346     7.05    -20.17  1.00000
  13347     7.05    -20.12  1.00000
  13348     7.05    -20.07  1.00000
  13349     7.05    -20.02  1.00000
  13350     7.05    -19.97  1.00000
  13351     7.05    -19.92  1.00000
  13352     7.05    -19.87  1.00000
  13353     7.05    -19.82  1.00000
  13354     7.05    -19.77  1.00000
  13355     7.05    -19.72  1.00000
  13356     7.05    -19.67  1.00000
  13357     7.05    -19.62  1.00000
  13358     7.05    -19.57  1.00000
  13359     7.05    -19.52  1.00000
  13360     7.05    -19.47  1.00000
  13361     7.05    -19.42  1.00000
  13362     7.05    -19.37  1.00000
  13363     7.05    -19.32  1.00000
  13364     7.05    -19.27  1.00000
  13365     7.05    -19.22  1.00000
  13366     7.05    -19.17  1.00000
  13367     7.05    -19.12  1.00000
  13368     7.05    -19.07  1.00000
  13369     7.05    -19.02  1.00000
  13370     7.05    -18.97  1.00000
  13371     7.05    -18.92  1.00000
  13372     7.05    -18.87  1.00000
  13373     7.05    -18.82  1.00000
  13374     7.05    -18.77  1.00000
  13375     7.05    -18.72  1.00000
  13376     7.05    -18.67  1.00000
  13377     7.05    -18.62  1.00000
  13378     7.05    -18.57  1.00000
  13379     7.05    -18.52  1.00000
  13380     7.05    -18.47  1.00000
  13381     7.05    -18.42  1.00000
  13382     7.05    -18.37  1.00000
  13383     7.05    -18.32  1.00000
  13384     7.05    -18.27  1.00000
  13385     7.05    -18.22  1.00000
  13386     7.05    -18.17  1.00000
  13387     7.05    -18.12  1.00000
  13388     7.05    -18.07  1.00000
  13389     7.05    -18.02  1.00000
  13390     7.05    -17.97  1.00000
  13391     7.05    -17.92  1.00000
  13392     7.05    -17.87  1.00000
  13393     7.05    -17.82  1.00000
  13394     7.05    -17.77  1.00000
  13395     7.05    -17.72  1.00000
  13396     7.05    -17.67  1.00000
  13397     7.05    -17.62  1.00000
  13398     7.05    -17.57  1.00000
  13399     7.05    -17.52  1.00000
  13400     7.05    -17.47  1.00000
  13401     7.05    -17.42  1.00000
  13402     7.05    -17.37  1.00000
  13403     7.05    -17.32  1.00000
  13404     7.05    -17.27  1.00000
  13405     7.05    -17.22  1.00000
  13406     7.05    -17.17  1.00000
  13407     7.05    -17.12  1.00000
  13408     7.05    -17.07  1.00000
  13409     7.05    -17.02  1.00000
  13410     7.05    -16.97  1.00000
  13411     7.05    -16.92  1.00000
  13412     7.05    -16.87  1.00000
  13413     7.05    -16.82  1.00000
  13414     7.05    -16.77  1.00000
  13415     7.05    -16.72  1.00000
  13416     7.05    -16.67  1.00000
  13417     7.05    -16.62  1.00000
  13418     7.05    -16.57  1.00000
  13419     7.05    -16.52  1.00000
  13420     7.05    -16.47  1.00000
  13421     7.05    -16.42  1.00000
  13422     7.05    -16.37  1.00000
  13423     7.05    -16.32  1.00000
  13424     7.05    -16.27  1.00000
  13425     7.05    -16.22  1.00000
  13426     7.05    -16.17  1.00000
  13427     7.05    -16.12  1.00000
  13428     7.05    -16.07  1.00000
  13429     7.05    -16.02  1.00000
  13430     7.05    -15.97  1.00000
  13431     7.05    -15.92  1.00000
  13432     7.05    -15.87  1.00000
  13433     7.05    -15.82  1.00000
  13434     7.05    -15.77  1.00000
  13435     7.05    -15.72  1.00000
  13436     7.05    -15.67  1.00000
  13437     7.05    -15.62  1.00000
  13438     7.05    -15.57  1.00000
  13439     7.05    -15.52  1.00000
  13440     7.05    -15.47  1.00000
  13441     7.05    -15.42  1.00000
  13442     7.05    -15.37  1.00000
  13443     7.10    -22.47  1.00000
  13444     7.10    -22.42  1.00000
  13445     7.10    -22.37  1.00000
  13446     7.10    -22.32  1.00000
  13447     7.10    -22.27  1.00000
  13448     7.10    -22.22  1.00000
  13449     7.10    -22.17  1.00000
  13450     7.10    -22.12  1.00000
  13451     7.10    -22.07  1.00000
  13452     7.10    -22.02  1.00000
  13453     7.10    -21.97  1.00000
  13454     7.10    -21.92  1.00000
  13455     7.10    -21.87  1.00000
  13456     7.10    -21.82  1.00000
  13457     7.10    -21.77  1.00000
  13458     7.10    -21.72  1.00000
  13459     7.10    -21.67  1.00000
  13460     7.10    -21.62  1.00000
  13461     7.10    -21.57  1.00000
  13462     7.10    -21.52  1.00000
  13463     7.10    -21.47  1.00000
  13464     7.10    -21.42  1.00000
  13465     7.10    -21.37  1.00000
  13466     7.10    -21.32  1.00000
  13467     7.10    -21.27  1.00000
  13468     7.10    -21.22  1.00000
  13469     7.10    -21.17  1.00000
  13470     7.10    -21.12  1.00000
  13471     7.10    -21.07  1.00000
  13472     7.10    -21.02  1.00000
  13473     7.10    -20.97  1.00000
  13474     7.10    -20.92  1.00000
  13475     7.10    -20.87  1.00000
  13476     7.10    -20.82  1.00000
  13477     7.10    -20.77  1.00000
  13478     7.10    -20.72  1.00000
  13479     7.10    -20.67  1.00000
  13480     7.10    -20.62  1.00000
  13481     7.10    -20.57  1.00000
  13482     7.10    -20.52  1.00000
  13483     7.10    -20.47  1.00000
  13484     7.10    -20.42  1.00000
  13485     7.10    -20.37  1.00000
  13486     7.10    -20.32  1.00000
  13487     7.10    -20.27  1.00000
  13488     7.10    -20.22  1.00000
  13489     7.10    -20.17  1.00000
  13490     7.10    -20.12  1.00000
  13491     7.10    -20.07  1.00000
  13492     7.10    -20.02  1.00000
  13493     7.10    -19.97  1.00000
  13494     7.10    -19.92  1.00000
  13495     7.10    -19.87  1.00000
  13496     7.10    -19.82  1.00000
  13497     7.10    -19.77  1.00000
  13498     7.10    -19.72  1.00000
  13499     7.10    -19.67  1.00000
  13500     7.10    -19.62  1.00000
  13501     7.10    -19.57  1.00000
  13502     7.10    -19.52  1.00000
  13503     7.10    -19.47  1.00000
  13504     7.10    -19.42  1.00000
  13505     7.10    -19.37  1.00000
  13506     7.10    -19.32  1.00000
  13507     7.10    -19.27  1.00000
  13508     7.10    -19.22  1.00000
  13509     7.10    -19.17  1.00000
  13510     7.10    -19.12  1.00000
  13511     7.10    -19.07  1.00000
  13512     7.10    -19.02  1.00000
  13513     7.10    -18.97  1.00000
  13514     7.10    -18.92  1.00000
  13515     7.10    -18.87  1.00000
  13516     7.10    -18.82  1.00000
  13517     7.10    -18.77  1.00000
  13518     7.10    -18.72  1.00000
  13519     7.10    -18.67  1.00000
  13520     7.10    -18.62  1.00000
  13521     7.10    -18.57  1.00000
  13522     7.10    -18.52  1.00000
  13523     7.10    -18.47  1.00000
  13524     7.10    -18.42  1.00000
  13525     7.10    -18.37  1.00000
  13526     7.10    -18.32  1.00000
  13527     7.10    -18.27  1.00000
  13528     7.10    -18.22  1.00000
  13529     7.10    -18.17  1.00000
  13530     7.10    -18.12  1.00000
  13531     7.10    -18.07  1.00000
  13532     7.10    -18.02  1.00000
  13533     7.10    -17.97  1.00000
  13534     7.10    -17.92  1.00000
  13535     7.10    -17.87  1.00000
  13536     7.10    -17.82  1.00000
  13537     7.10    -17.77  1.00000
  13538     7.10    -17.72  1.00000
  13539     7.10    -17.67  1.00000
  13540     7.10    -17.62  1.00000
  13541     7.10    -17.57  1.00000
  13542     7.10    -17.52  1.00000
  13543     7.10    -17.47  1.00000
  13544     7.10    -17.42  1.00000
  13545     7.10    -17.37  1.00000
  13546     7.10    -17.32  1.00000
  13547     7.10    -17.27  1.00000
  13548     7.10    -17.22  1.00000
  13549     7.10    -17.17  1.00000
  13550     7.10    -17.12  1.00000
  13551     7.10    -17.07  1.00000
  13552     7.10    -17.02  1.00000
  13553     7.10    -16.97  1.00000
  13554     7.10    -16.92  1.00000
  13555     7.10    -16.87  1.00000
  13556     7.10    -16.82  1.00000
  13557     7.10    -16.77  1.00000
  13558     7.10    -16.72  1.00000
  13559     7.10    -16.67  1.00000
  13560     7.10    -16.62  1.00000
  13561     7.10    -16.57  1.00000
  13562     7.10    -16.52  1.00000
  13563     7.10    -16.47  1.00000
  13564     7.10    -16.42  1.00000
  13565     7.10    -16.37  1.00000
  13566     7.10    -16.32  1.00000
  13567     7.10    -16.27  1.00000
  13568     7.10    -16.22  1.00000
  13569     7.10    -16.17  1.00000
  13570     7.10    -16.12  1.00000
  13571     7.10    -16.07  1.00000
  13572     7.10    -16.02  1.00000
  13573     7.10    -15.97  1.00000
  13574     7.10    -15.92  1.00000
  13575     7.10    -15.87  1.00000
  13576     7.10    -15.82  1.00000
  13577     7.10    -15.77  1.00000
  13578     7.10    -15.72  1.00000
  13579     7.10    -15.67  1.00000
  13580     7.10    -15.62  1.00000
  13581     7.10    -15.57  1.00000
  13582     7.10    -15.52  1.00000
  13583     7.10    -15.47  1.00000
  13584     7.10    -15.42  1.00000
  13585     7.10    -15.37  1.00000
  13586     7.15    -22.47  1.00000
  13587     7.15    -22.42  1.00000
  13588     7.15    -22.37  1.00000
  13589     7.15    -22.32  1.00000
  13590     7.15    -22.27  1.00000
  13591     7.15    -22.22  1.00000
  13592     7.15    -22.17  1.00000
  13593     7.15    -22.12  1.00000
  13594     7.15    -22.07  1.00000
  13595     7.15    -22.02  1.00000
  13596     7.15    -21.97  1.00000
  13597     7.15    -21.92  1.00000
  13598     7.15    -21.87  1.00000
  13599     7.15    -21.82  1.00000
  13600     7.15    -21.77  1.00000
  13601     7.15    -21.72  1.00000
  13602     7.15    -21.67  1.00000
  13603     7.15    -21.62  1.00000
  13604     7.15    -21.57  1.00000
  13605     7.15    -21.52  1.00000
  13606     7.15    -21.47  1.00000
  13607     7.15    -21.42  1.00000
  13608     7.15    -21.37  1.00000
  13609     7.15    -21.32  1.00000
  13610     7.15    -21.27  1.00000
  13611     7.15    -21.22  1.00000
  13612     7.15    -21.17  1.00000
  13613     7.15    -21.12  1.00000
  13614     7.15    -21.07  1.00000
  13615     7.15    -21.02  1.00000
  13616     7.15    -20.97  1.00000
  13617     7.15    -20.92  1.00000
  13618     7.15    -20.87  1.00000
  13619     7.15    -20.82  1.00000
  13620     7.15    -20.77  1.00000
  13621     7.15    -20.72  1.00000
  13622     7.15    -20.67  1.00000
  13623     7.15    -20.62  1.00000
  13624     7.15    -20.57  1.00000
  13625     7.15    -20.52  1.00000
  13626     7.15    -20.47  1.00000
  13627     7.15    -20.42  1.00000
  13628     7.15    -20.37  1.00000
  13629     7.15    -20.32  1.00000
  13630     7.15    -20.27  1.00000
  13631     7.15    -20.22  1.00000
  13632     7.15    -20.17  1.00000
  13633     7.15    -20.12  1.00000
  13634     7.15    -20.07  1.00000
  13635     7.15    -20.02  1.00000
  13636     7.15    -19.97  1.00000
  13637     7.15    -19.92  1.00000
  13638     7.15    -19.87  1.00000
  13639     7.15    -19.82  1.00000
  13640     7.15    -19.77  1.00000
  13641     7.15    -19.72  1.00000
  13642     7.15    -19.67  1.00000
  13643     7.15    -19.62  1.00000
  13644     7.15    -19.57  1.00000
  13645     7.15    -19.52  1.00000
  13646     7.15    -19.47  1.00000
  13647     7.15    -19.42  1.00000
  13648     7.15    -19.37  1.00000
  13649     7.15    -19.32  1.00000
  13650     7.15    -19.27  1.00000
  13651     7.15    -19.22  1.00000
  13652     7.15    -19.17  1.00000
  13653     7.15    -19.12  1.00000
  13654     7.15    -19.07  1.00000
  13655     7.15    -19.02  1.00000
  13656     7.15    -18.97  1.00000
  13657     7.15    -18.92  1.00000
  13658     7.15    -18.87  1.00000
  13659     7.15    -18.82  1.00000
  13660     7.15    -18.77  1.00000
  13661     7.15    -18.72  1.00000
  13662     7.15    -18.67  1.00000
  13663     7.15    -18.62  1.00000
  13664     7.15    -18.57  1.00000
  13665     7.15    -18.52  1.00000
  13666     7.15    -18.47  1.00000
  13667     7.15    -18.42  1.00000
  13668     7.15    -18.37  1.00000
  13669     7.15    -18.32  1.00000
  13670     7.15    -18.27  1.00000
  13671     7.15    -18.22  1.00000
  13672     7.15    -18.17  1.00000
  13673     7.15    -18.12  1.00000
  13674     7.15    -18.07  1.00000
  13675     7.15    -18.02  1.00000
  13676     7.15    -17.97  1.00000
  13677     7.15    -17.92  1.00000
  13678     7.15    -17.87  1.00000
  13679     7.15    -17.82  1.00000
  13680     7.15    -17.77  1.00000
  13681     7.15    -17.72  1.00000
  13682     7.15    -17.67  1.00000
  13683     7.15    -17.62  1.00000
  13684     7.15    -17.57  1.00000
  13685     7.15    -17.52  1.00000
  13686     7.15    -17.47  1.00000
  13687     7.15    -17.42  1.00000
  13688     7.15    -17.37  1.00000
  13689     7.15    -17.32  1.00000
  13690     7.15    -17.27  1.00000
  13691     7.15    -17.22  1.00000
  13692     7.15    -17.17  1.00000
  13693     7.15    -17.12  1.00000
  13694     7.15    -17.07  1.00000
  13695     7.15    -17.02  1.00000
  13696     7.15    -16.97  1.00000
  13697     7.15    -16.92  1.00000
  13698     7.15    -16.87  1.00000
  13699     7.15    -16.82  1.00000
  13700     7.15    -16.77  1.00000
  13701     7.15    -16.72  1.00000
  13702     7.15    -16.67  1.00000
  13703     7.15    -16.62  1.00000
  13704     7.15    -16.57  1.00000
  13705     7.15    -16.52  1.00000
  13706     7.15    -16.47  1.00000
  13707     7.15    -16.42  1.00000
  13708     7.15    -16.37  1.00000
  13709     7.15    -16.32  1.00000
  13710     7.15    -16.27  1.00000
  13711     7.15    -16.22  1.00000
  13712     7.15    -16.17  1.00000
  13713     7.15    -16.12  1.00000
  13714     7.15    -16.07  1.00000
  13715     7.15    -16.02  1.00000
  13716     7.15    -15.97  1.00000
  13717     7.15    -15.92  1.00000
  13718     7.15    -15.87  1.00000
  13719     7.15    -15.82  1.00000
  13720     7.15    -15.77  1.00000
  13721     7.15    -15.72  1.00000
  13722     7.15    -15.67  1.00000
  13723     7.15    -15.62  1.00000
  13724     7.15    -15.57  1.00000
  13725     7.15    -15.52  1.00000
  13726     7.15    -15.47  1.00000
  13727     7.15    -15.42  1.00000
  13728     7.15    -15.37  1.00000
  13729     7.20    -22.47  1.00000
  13730     7.20    -22.42  1.00000
  13731     7.20    -22.37  1.00000
  13732     7.20    -22.32  1.00000
  13733     7.20    -22.27  1.00000
  13734     7.20    -22.22  1.00000
  13735     7.20    -22.17  1.00000
  13736     7.20    -22.12  1.00000
  13737     7.20    -22.07  1.00000
  13738     7.20    -22.02  1.00000
  13739     7.20    -21.97  1.00000
  13740     7.20    -21.92  1.00000
  13741     7.20    -21.87  1.00000
  13742     7.20    -21.82  1.00000
  13743     7.20    -21.77  1.00000
  13744     7.20    -21.72  1.00000
  13745     7.20    -21.67  1.00000
  13746     7.20    -21.62  1.00000
  13747     7.20    -21.57  1.00000
  13748     7.20    -21.52  1.00000
  13749     7.20    -21.47  1.00000
  13750     7.20    -21.42  1.00000
  13751     7.20    -21.37  1.00000
  13752     7.20    -21.32  1.00000
  13753     7.20    -21.27  1.00000
  13754     7.20    -21.22  1.00000
  13755     7.20    -21.17  1.00000
  13756     7.20    -21.12  1.00000
  13757     7.20    -21.07  1.00000
  13758     7.20    -21.02  1.00000
  13759     7.20    -20.97  1.00000
  13760     7.20    -20.92  1.00000
  13761     7.20    -20.87  1.00000
  13762     7.20    -20.82  1.00000
  13763     7.20    -20.77  1.00000
  13764     7.20    -20.72  1.00000
  13765     7.20    -20.67  1.00000
  13766     7.20    -20.62  1.00000
  13767     7.20    -20.57  1.00000
  13768     7.20    -20.52  1.00000
  13769     7.20    -20.47  1.00000
  13770     7.20    -20.42  1.00000
  13771     7.20    -20.37  1.00000
  13772     7.20    -20.32  1.00000
  13773     7.20    -20.27  1.00000
  13774     7.20    -20.22  1.00000
  13775     7.20    -20.17  1.00000
  13776     7.20    -20.12  1.00000
  13777     7.20    -20.07  1.00000
  13778     7.20    -20.02  1.00000
  13779     7.20    -19.97  1.00000
  13780     7.20    -19.92  1.00000
  13781     7.20    -19.87  1.00000
  13782     7.20    -19.82  1.00000
  13783     7.20    -19.77  1.00000
  13784     7.20    -19.72  1.00000
  13785     7.20    -19.67  1.00000
  13786     7.20    -19.62  1.00000
  13787     7.20    -19.57  1.00000
  13788     7.20    -19.52  1.00000
  13789     7.20    -19.47  1.00000
  13790     7.20    -19.42  1.00000
  13791     7.20    -19.37  1.00000
  13792     7.20    -19.32  1.00000
  13793     7.20    -19.27  1.00000
  13794     7.20    -19.22  1.00000
  13795     7.20    -19.17  1.00000
  13796     7.20    -19.12  1.00000
  13797     7.20    -19.07  1.00000
  13798     7.20    -19.02  1.00000
  13799     7.20    -18.97  1.00000
  13800     7.20    -18.92  1.00000
  13801     7.20    -18.87  1.00000
  13802     7.20    -18.82  1.00000
  13803     7.20    -18.77  1.00000
  13804     7.20    -18.72  1.00000
  13805     7.20    -18.67  1.00000
  13806     7.20    -18.62  1.00000
  13807     7.20    -18.57  1.00000
  13808     7.20    -18.52  1.00000
  13809     7.20    -18.47  1.00000
  13810     7.20    -18.42  1.00000
  13811     7.20    -18.37  1.00000
  13812     7.20    -18.32  1.00000
  13813     7.20    -18.27  1.00000
  13814     7.20    -18.22  1.00000
  13815     7.20    -18.17  1.00000
  13816     7.20    -18.12  1.00000
  13817     7.20    -18.07  1.00000
  13818     7.20    -18.02  1.00000
  13819     7.20    -17.97  1.00000
  13820     7.20    -17.92  1.00000
  13821     7.20    -17.87  1.00000
  13822     7.20    -17.82  1.00000
  13823     7.20    -17.77  1.00000
  13824     7.20    -17.72  1.00000
  13825     7.20    -17.67  1.00000
  13826     7.20    -17.62  1.00000
  13827     7.20    -17.57  1.00000
  13828     7.20    -17.52  1.00000
  13829     7.20    -17.47  1.00000
  13830     7.20    -17.42  1.00000
  13831     7.20    -17.37  1.00000
  13832     7.20    -17.32  1.00000
  13833     7.20    -17.27  1.00000
  13834     7.20    -17.22  1.00000
  13835     7.20    -17.17  1.00000
  13836     7.20    -17.12  1.00000
  13837     7.20    -17.07  1.00000
  13838     7.20    -17.02  1.00000
  13839     7.20    -16.97  1.00000
  13840     7.20    -16.92  1.00000
  13841     7.20    -16.87  1.00000
  13842     7.20    -16.82  1.00000
  13843     7.20    -16.77  1.00000
  13844     7.20    -16.72  1.00000
  13845     7.20    -16.67  1.00000
  13846     7.20    -16.62  1.00000
  13847     7.20    -16.57  1.00000
  13848     7.20    -16.52  1.00000
  13849     7.20    -16.47  1.00000
  13850     7.20    -16.42  1.00000
  13851     7.20    -16.37  1.00000
  13852     7.20    -16.32  1.00000
  13853     7.20    -16.27  1.00000
  13854     7.20    -16.22  1.00000
  13855     7.20    -16.17  1.00000
  13856     7.20    -16.12  1.00000
  13857     7.20    -16.07  1.00000
  13858     7.20    -16.02  1.00000
  13859     7.20    -15.97  1.00000
  13860     7.20    -15.92  1.00000
  13861     7.20    -15.87  1.00000
  13862     7.20    -15.82  1.00000
  13863     7.20    -15.77  1.00000
  13864     7.20    -15.72  1.00000
  13865     7.20    -15.67  1.00000
  13866     7.20    -15.62  1.00000
  13867     7.20    -15.57  1.00000
  13868     7.20    -15.52  1.00000
  13869     7.20    -15.47  1.00000
  13870     7.20    -15.42  1.00000
  13871     7.20    -15.37  1.00000
  13872     7.25    -22.47  1.00000
  13873     7.25    -22.42  1.00000
  13874     7.25    -22.37  1.00000
  13875     7.25    -22.32  1.00000
  13876     7.25    -22.27  1.00000
  13877     7.25    -22.22  1.00000
  13878     7.25    -22.17  1.00000
  13879     7.25    -22.12  1.00000
  13880     7.25    -22.07  1.00000
  13881     7.25    -22.02  1.00000
  13882     7.25    -21.97  1.00000
  13883     7.25    -21.92  1.00000
  13884     7.25    -21.87  1.00000
  13885     7.25    -21.82  1.00000
  13886     7.25    -21.77  1.00000
  13887     7.25    -21.72  1.00000
  13888     7.25    -21.67  1.00000
  13889     7.25    -21.62  1.00000
  13890     7.25    -21.57  1.00000
  13891     7.25    -21.52  1.00000
  13892     7.25    -21.47  1.00000
  13893     7.25    -21.42  1.00000
  13894     7.25    -21.37  1.00000
  13895     7.25    -21.32  1.00000
  13896     7.25    -21.27  1.00000
  13897     7.25    -21.22  1.00000
  13898     7.25    -21.17  1.00000
  13899     7.25    -21.12  1.00000
  13900     7.25    -21.07  1.00000
  13901     7.25    -21.02  1.00000
  13902     7.25    -20.97  1.00000
  13903     7.25    -20.92  1.00000
  13904     7.25    -20.87  1.00000
  13905     7.25    -20.82  1.00000
  13906     7.25    -20.77  1.00000
  13907     7.25    -20.72  1.00000
  13908     7.25    -20.67  1.00000
  13909     7.25    -20.62  1.00000
  13910     7.25    -20.57  1.00000
  13911     7.25    -20.52  1.00000
  13912     7.25    -20.47  1.00000
  13913     7.25    -20.42  1.00000
  13914     7.25    -20.37  1.00000
  13915     7.25    -20.32  1.00000
  13916     7.25    -20.27  1.00000
  13917     7.25    -20.22  1.00000
  13918     7.25    -20.17  1.00000
  13919     7.25    -20.12  1.00000
  13920     7.25    -20.07  1.00000
  13921     7.25    -20.02  1.00000
  13922     7.25    -19.97  1.00000
  13923     7.25    -19.92  1.00000
  13924     7.25    -19.87  1.00000
  13925     7.25    -19.82  1.00000
  13926     7.25    -19.77  1.00000
  13927     7.25    -19.72  1.00000
  13928     7.25    -19.67  1.00000
  13929     7.25    -19.62  1.00000
  13930     7.25    -19.57  1.00000
  13931     7.25    -19.52  1.00000
  13932     7.25    -19.47  1.00000
  13933     7.25    -19.42  1.00000
  13934     7.25    -19.37  1.00000
  13935     7.25    -19.32  1.00000
  13936     7.25    -19.27  1.00000
  13937     7.25    -19.22  1.00000
  13938     7.25    -19.17  1.00000
  13939     7.25    -19.12  1.00000
  13940     7.25    -19.07  1.00000
  13941     7.25    -19.02  1.00000
  13942     7.25    -18.97  1.00000
  13943     7.25    -18.92  1.00000
  13944     7.25    -18.87  1.00000
  13945     7.25    -18.82  1.00000
  13946     7.25    -18.77  1.00000
  13947     7.25    -18.72  1.00000
  13948     7.25    -18.67  1.00000
  13949     7.25    -18.62  1.00000
  13950     7.25    -18.57  1.00000
  13951     7.25    -18.52  1.00000
  13952     7.25    -18.47  1.00000
  13953     7.25    -18.42  1.00000
  13954     7.25    -18.37  1.00000
  13955     7.25    -18.32  1.00000
  13956     7.25    -18.27  1.00000
  13957     7.25    -18.22  1.00000
  13958     7.25    -18.17  1.00000
  13959     7.25    -18.12  1.00000
  13960     7.25    -18.07  1.00000
  13961     7.25    -18.02  1.00000
  13962     7.25    -17.97  1.00000
  13963     7.25    -17.92  1.00000
  13964     7.25    -17.87  1.00000
  13965     7.25    -17.82  1.00000
  13966     7.25    -17.77  1.00000
  13967     7.25    -17.72  1.00000
  13968     7.25    -17.67  1.00000
  13969     7.25    -17.62  1.00000
  13970     7.25    -17.57  1.00000
  13971     7.25    -17.52  1.00000
  13972     7.25    -17.47  1.00000
  13973     7.25    -17.42  1.00000
  13974     7.25    -17.37  1.00000
  13975     7.25    -17.32  1.00000
  13976     7.25    -17.27  1.00000
  13977     7.25    -17.22  1.00000
  13978     7.25    -17.17  1.00000
  13979     7.25    -17.12  1.00000
  13980     7.25    -17.07  1.00000
  13981     7.25    -17.02  1.00000
  13982     7.25    -16.97  1.00000
  13983     7.25    -16.92  1.00000
  13984     7.25    -16.87  1.00000
  13985     7.25    -16.82  1.00000
  13986     7.25    -16.77  1.00000
  13987     7.25    -16.72  1.00000
  13988     7.25    -16.67  1.00000
  13989     7.25    -16.62  1.00000
  13990     7.25    -16.57  1.00000
  13991     7.25    -16.52  1.00000
  13992     7.25    -16.47  1.00000
  13993     7.25    -16.42  1.00000
  13994     7.25    -16.37  1.00000
  13995     7.25    -16.32  1.00000
  13996     7.25    -16.27  1.00000
  13997     7.25    -16.22  1.00000
  13998     7.25    -16.17  1.00000
  13999     7.25    -16.12  1.00000
  14000     7.25    -16.07  1.00000
  14001     7.25    -16.02  1.00000
  14002     7.25    -15.97  1.00000
  14003     7.25    -15.92  1.00000
  14004     7.25    -15.87  1.00000
  14005     7.25    -15.82  1.00000
  14006     7.25    -15.77  1.00000
  14007     7.25    -15.72  1.00000
  14008     7.25    -15.67  1.00000
  14009     7.25    -15.62  1.00000
  14010     7.25    -15.57  1.00000
  14011     7.25    -15.52  1.00000
  14012     7.25    -15.47  1.00000
  14013     7.25    -15.42  1.00000
  14014     7.25    -15.37  1.00000
  14015     7.30    -22.47  1.00000
  14016     7.30    -22.42  1.00000
  14017     7.30    -22.37  1.00000
  14018     7.30    -22.32  1.00000
  14019     7.30    -22.27  1.00000
  14020     7.30    -22.22  1.00000
  14021     7.30    -22.17  1.00000
  14022     7.30    -22.12  1.00000
  14023     7.30    -22.07  1.00000
  14024     7.30    -22.02  1.00000
  14025     7.30    -21.97  1.00000
  14026     7.30    -21.92  1.00000
  14027     7.30    -21.87  1.00000
  14028     7.30    -21.82  1.00000
  14029     7.30    -21.77  1.00000
  14030     7.30    -21.72  1.00000
  14031     7.30    -21.67  1.00000
  14032     7.30    -21.62  1.00000
  14033     7.30    -21.57  1.00000
  14034     7.30    -21.52  1.00000
  14035     7.30    -21.47  1.00000
  14036     7.30    -21.42  1.00000
  14037     7.30    -21.37  1.00000
  14038     7.30    -21.32  1.00000
  14039     7.30    -21.27  1.00000
  14040     7.30    -21.22  1.00000
  14041     7.30    -21.17  1.00000
  14042     7.30    -21.12  1.00000
  14043     7.30    -21.07  1.00000
  14044     7.30    -21.02  1.00000
  14045     7.30    -20.97  1.00000
  14046     7.30    -20.92  1.00000
  14047     7.30    -20.87  1.00000
  14048     7.30    -20.82  1.00000
  14049     7.30    -20.77  1.00000
  14050     7.30    -20.72  1.00000
  14051     7.30    -20.67  1.00000
  14052     7.30    -20.62  1.00000
  14053     7.30    -20.57  1.00000
  14054     7.30    -20.52  1.00000
  14055     7.30    -20.47  1.00000
  14056     7.30    -20.42  1.00000
  14057     7.30    -20.37  1.00000
  14058     7.30    -20.32  1.00000
  14059     7.30    -20.27  1.00000
  14060     7.30    -20.22  1.00000
  14061     7.30    -20.17  1.00000
  14062     7.30    -20.12  1.00000
  14063     7.30    -20.07  1.00000
  14064     7.30    -20.02  1.00000
  14065     7.30    -19.97  1.00000
  14066     7.30    -19.92  1.00000
  14067     7.30    -19.87  1.00000
  14068     7.30    -19.82  1.00000
  14069     7.30    -19.77  1.00000
  14070     7.30    -19.72  1.00000
  14071     7.30    -19.67  1.00000
  14072     7.30    -19.62  1.00000
  14073     7.30    -19.57  1.00000
  14074     7.30    -19.52  1.00000
  14075     7.30    -19.47  1.00000
  14076     7.30    -19.42  1.00000
  14077     7.30    -19.37  1.00000
  14078     7.30    -19.32  1.00000
  14079     7.30    -19.27  1.00000
  14080     7.30    -19.22  1.00000
  14081     7.30    -19.17  1.00000
  14082     7.30    -19.12  1.00000
  14083     7.30    -19.07  1.00000
  14084     7.30    -19.02  1.00000
  14085     7.30    -18.97  1.00000
  14086     7.30    -18.92  1.00000
  14087     7.30    -18.87  1.00000
  14088     7.30    -18.82  1.00000
  14089     7.30    -18.77  1.00000
  14090     7.30    -18.72  1.00000
  14091     7.30    -18.67  1.00000
  14092     7.30    -18.62  1.00000
  14093     7.30    -18.57  1.00000
  14094     7.30    -18.52  1.00000
  14095     7.30    -18.47  1.00000
  14096     7.30    -18.42  1.00000
  14097     7.30    -18.37  1.00000
  14098     7.30    -18.32  1.00000
  14099     7.30    -18.27  1.00000
  14100     7.30    -18.22  1.00000
  14101     7.30    -18.17  1.00000
  14102     7.30    -18.12  1.00000
  14103     7.30    -18.07  1.00000
  14104     7.30    -18.02  1.00000
  14105     7.30    -17.97  1.00000
  14106     7.30    -17.92  1.00000
  14107     7.30    -17.87  1.00000
  14108     7.30    -17.82  1.00000
  14109     7.30    -17.77  1.00000
  14110     7.30    -17.72  1.00000
  14111     7.30    -17.67  1.00000
  14112     7.30    -17.62  1.00000
  14113     7.30    -17.57  1.00000
  14114     7.30    -17.52  1.00000
  14115     7.30    -17.47  1.00000
  14116     7.30    -17.42  1.00000
  14117     7.30    -17.37  1.00000
  14118     7.30    -17.32  1.00000
  14119     7.30    -17.27  1.00000
  14120     7.30    -17.22  1.00000
  14121     7.30    -17.17  1.00000
  14122     7.30    -17.12  1.00000
  14123     7.30    -17.07  1.00000
  14124     7.30    -17.02  1.00000
  14125     7.30    -16.97  1.00000
  14126     7.30    -16.92  1.00000
  14127     7.30    -16.87  1.00000
  14128     7.30    -16.82  1.00000
  14129     7.30    -16.77  1.00000
  14130     7.30    -16.72  1.00000
  14131     7.30    -16.67  1.00000
  14132     7.30    -16.62  1.00000
  14133     7.30    -16.57  1.00000
  14134     7.30    -16.52  1.00000
  14135     7.30    -16.47  1.00000
  14136     7.30    -16.42  1.00000
  14137     7.30    -16.37  1.00000
  14138     7.30    -16.32  1.00000
  14139     7.30    -16.27  1.00000
  14140     7.30    -16.22  1.00000
  14141     7.30    -16.17  1.00000
  14142     7.30    -16.12  1.00000
  14143     7.30    -16.07  1.00000
  14144     7.30    -16.02  1.00000
  14145     7.30    -15.97  1.00000
  14146     7.30    -15.92  1.00000
  14147     7.30    -15.87  1.00000
  14148     7.30    -15.82  1.00000
  14149     7.30    -15.77  1.00000
  14150     7.30    -15.72  1.00000
  14151     7.30    -15.67  1.00000
  14152     7.30    -15.62  1.00000
  14153     7.30    -15.57  1.00000
  14154     7.30    -15.52  1.00000
  14155     7.30    -15.47  1.00000
  14156     7.30    -15.42  1.00000
  14157     7.30    -15.37  1.00000
  14158     7.35    -22.47  1.00000
  14159     7.35    -22.42  1.00000
  14160     7.35    -22.37  1.00000
  14161     7.35    -22.32  1.00000
  14162     7.35    -22.27  1.00000
  14163     7.35    -22.22  1.00000
  14164     7.35    -22.17  1.00000
  14165     7.35    -22.12  1.00000
  14166     7.35    -22.07  1.00000
  14167     7.35    -22.02  1.00000
  14168     7.35    -21.97  1.00000
  14169     7.35    -21.92  1.00000
  14170     7.35    -21.87  1.00000
  14171     7.35    -21.82  1.00000
  14172     7.35    -21.77  1.00000
  14173     7.35    -21.72  1.00000
  14174     7.35    -21.67  1.00000
  14175     7.35    -21.62  1.00000
  14176     7.35    -21.57  1.00000
  14177     7.35    -21.52  1.00000
  14178     7.35    -21.47  1.00000
  14179     7.35    -21.42  1.00000
  14180     7.35    -21.37  1.00000
  14181     7.35    -21.32  1.00000
  14182     7.35    -21.27  1.00000
  14183     7.35    -21.22  1.00000
  14184     7.35    -21.17  1.00000
  14185     7.35    -21.12  1.00000
  14186     7.35    -21.07  1.00000
  14187     7.35    -21.02  1.00000
  14188     7.35    -20.97  1.00000
  14189     7.35    -20.92  1.00000
  14190     7.35    -20.87  1.00000
  14191     7.35    -20.82  1.00000
  14192     7.35    -20.77  1.00000
  14193     7.35    -20.72  1.00000
  14194     7.35    -20.67  1.00000
  14195     7.35    -20.62  1.00000
  14196     7.35    -20.57  1.00000
  14197     7.35    -20.52  1.00000
  14198     7.35    -20.47  1.00000
  14199     7.35    -20.42  1.00000
  14200     7.35    -20.37  1.00000
  14201     7.35    -20.32  1.00000
  14202     7.35    -20.27  1.00000
  14203     7.35    -20.22  1.00000
  14204     7.35    -20.17  1.00000
  14205     7.35    -20.12  1.00000
  14206     7.35    -20.07  1.00000
  14207     7.35    -20.02  1.00000
  14208     7.35    -19.97  1.00000
  14209     7.35    -19.92  1.00000
  14210     7.35    -19.87  1.00000
  14211     7.35    -19.82  1.00000
  14212     7.35    -19.77  1.00000
  14213     7.35    -19.72  1.00000
  14214     7.35    -19.67  1.00000
  14215     7.35    -19.62  1.00000
  14216     7.35    -19.57  1.00000
  14217     7.35    -19.52  1.00000
  14218     7.35    -19.47  1.00000
  14219     7.35    -19.42  1.00000
  14220     7.35    -19.37  1.00000
  14221     7.35    -19.32  1.00000
  14222     7.35    -19.27  1.00000
  14223     7.35    -19.22  1.00000
  14224     7.35    -19.17  1.00000
  14225     7.35    -19.12  1.00000
  14226     7.35    -19.07  1.00000
  14227     7.35    -19.02  1.00000
  14228     7.35    -18.97  1.00000
  14229     7.35    -18.92  1.00000
  14230     7.35    -18.87  1.00000
  14231     7.35    -18.82  1.00000
  14232     7.35    -18.77  1.00000
  14233     7.35    -18.72  1.00000
  14234     7.35    -18.67  1.00000
  14235     7.35    -18.62  1.00000
  14236     7.35    -18.57  1.00000
  14237     7.35    -18.52  1.00000
  14238     7.35    -18.47  1.00000
  14239     7.35    -18.42  1.00000
  14240     7.35    -18.37  1.00000
  14241     7.35    -18.32  1.00000
  14242     7.35    -18.27  1.00000
  14243     7.35    -18.22  1.00000
  14244     7.35    -18.17  1.00000
  14245     7.35    -18.12  1.00000
  14246     7.35    -18.07  1.00000
  14247     7.35    -18.02  1.00000
  14248     7.35    -17.97  1.00000
  14249     7.35    -17.92  1.00000
  14250     7.35    -17.87  1.00000
  14251     7.35    -17.82  1.00000
  14252     7.35    -17.77  1.00000
  14253     7.35    -17.72  1.00000
  14254     7.35    -17.67  1.00000
  14255     7.35    -17.62  1.00000
  14256     7.35    -17.57  1.00000
  14257     7.35    -17.52  1.00000
  14258     7.35    -17.47  1.00000
  14259     7.35    -17.42  1.00000
  14260     7.35    -17.37  1.00000
  14261     7.35    -17.32  1.00000
  14262     7.35    -17.27  1.00000
  14263     7.35    -17.22  1.00000
  14264     7.35    -17.17  1.00000
  14265     7.35    -17.12  1.00000
  14266     7.35    -17.07  1.00000
  14267     7.35    -17.02  1.00000
  14268     7.35    -16.97  1.00000
  14269     7.35    -16.92  1.00000
  14270     7.35    -16.87  1.00000
  14271     7.35    -16.82  1.00000
  14272     7.35    -16.77  1.00000
  14273     7.35    -16.72  1.00000
  14274     7.35    -16.67  1.00000
  14275     7.35    -16.62  1.00000
  14276     7.35    -16.57  1.00000
  14277     7.35    -16.52  1.00000
  14278     7.35    -16.47  1.00000
  14279     7.35    -16.42  1.00000
  14280     7.35    -16.37  1.00000
  14281     7.35    -16.32  1.00000
  14282     7.35    -16.27  1.00000
  14283     7.35    -16.22  1.00000
  14284     7.35    -16.17  1.00000
  14285     7.35    -16.12  1.00000
  14286     7.35    -16.07  1.00000
  14287     7.35    -16.02  1.00000
  14288     7.35    -15.97  1.00000
  14289     7.35    -15.92  1.00000
  14290     7.35    -15.87  1.00000
  14291     7.35    -15.82  1.00000
  14292     7.35    -15.77  1.00000
  14293     7.35    -15.72  1.00000
  14294     7.35    -15.67  1.00000
  14295     7.35    -15.62  1.00000
  14296     7.35    -15.57  1.00000
  14297     7.35    -15.52  1.00000
  14298     7.35    -15.47  1.00000
  14299     7.35    -15.42  1.00000
  14300     7.35    -15.37  1.00000
  14301     7.40    -22.47  1.00000
  14302     7.40    -22.42  1.00000
  14303     7.40    -22.37  1.00000
  14304     7.40    -22.32  1.00000
  14305     7.40    -22.27  1.00000
  14306     7.40    -22.22  1.00000
  14307     7.40    -22.17  1.00000
  14308     7.40    -22.12  1.00000
  14309     7.40    -22.07  1.00000
  14310     7.40    -22.02  1.00000
  14311     7.40    -21.97  1.00000
  14312     7.40    -21.92  1.00000
  14313     7.40    -21.87  1.00000
  14314     7.40    -21.82  1.00000
  14315     7.40    -21.77  1.00000
  14316     7.40    -21.72  1.00000
  14317     7.40    -21.67  1.00000
  14318     7.40    -21.62  1.00000
  14319     7.40    -21.57  1.00000
  14320     7.40    -21.52  1.00000
  14321     7.40    -21.47  1.00000
  14322     7.40    -21.42  1.00000
  14323     7.40    -21.37  1.00000
  14324     7.40    -21.32  1.00000
  14325     7.40    -21.27  1.00000
  14326     7.40    -21.22  1.00000
  14327     7.40    -21.17  1.00000
  14328     7.40    -21.12  1.00000
  14329     7.40    -21.07  1.00000
  14330     7.40    -21.02  1.00000
  14331     7.40    -20.97  1.00000
  14332     7.40    -20.92  1.00000
  14333     7.40    -20.87  1.00000
  14334     7.40    -20.82  1.00000
  14335     7.40    -20.77  1.00000
  14336     7.40    -20.72  1.00000
  14337     7.40    -20.67  1.00000
  14338     7.40    -20.62  1.00000
  14339     7.40    -20.57  1.00000
  14340     7.40    -20.52  1.00000
  14341     7.40    -20.47  1.00000
  14342     7.40    -20.42  1.00000
  14343     7.40    -20.37  1.00000
  14344     7.40    -20.32  1.00000
  14345     7.40    -20.27  1.00000
  14346     7.40    -20.22  1.00000
  14347     7.40    -20.17  1.00000
  14348     7.40    -20.12  1.00000
  14349     7.40    -20.07  1.00000
  14350     7.40    -20.02  1.00000
  14351     7.40    -19.97  1.00000
  14352     7.40    -19.92  1.00000
  14353     7.40    -19.87  1.00000
  14354     7.40    -19.82  1.00000
  14355     7.40    -19.77  1.00000
  14356     7.40    -19.72  1.00000
  14357     7.40    -19.67  1.00000
  14358     7.40    -19.62  1.00000
  14359     7.40    -19.57  1.00000
  14360     7.40    -19.52  1.00000
  14361     7.40    -19.47  1.00000
  14362     7.40    -19.42  1.00000
  14363     7.40    -19.37  1.00000
  14364     7.40    -19.32  1.00000
  14365     7.40    -19.27  1.00000
  14366     7.40    -19.22  1.00000
  14367     7.40    -19.17  1.00000
  14368     7.40    -19.12  1.00000
  14369     7.40    -19.07  1.00000
  14370     7.40    -19.02  1.00000
  14371     7.40    -18.97  1.00000
  14372     7.40    -18.92  1.00000
  14373     7.40    -18.87  1.00000
  14374     7.40    -18.82  1.00000
  14375     7.40    -18.77  1.00000
  14376     7.40    -18.72  1.00000
  14377     7.40    -18.67  1.00000
  14378     7.40    -18.62  1.00000
  14379     7.40    -18.57  1.00000
  14380     7.40    -18.52  1.00000
  14381     7.40    -18.47  1.00000
  14382     7.40    -18.42  1.00000
  14383     7.40    -18.37  1.00000
  14384     7.40    -18.32  1.00000
  14385     7.40    -18.27  1.00000
  14386     7.40    -18.22  1.00000
  14387     7.40    -18.17  1.00000
  14388     7.40    -18.12  1.00000
  14389     7.40    -18.07  1.00000
  14390     7.40    -18.02  1.00000
  14391     7.40    -17.97  1.00000
  14392     7.40    -17.92  1.00000
  14393     7.40    -17.87  1.00000
  14394     7.40    -17.82  1.00000
  14395     7.40    -17.77  1.00000
  14396     7.40    -17.72  1.00000
  14397     7.40    -17.67  1.00000
  14398     7.40    -17.62  1.00000
  14399     7.40    -17.57  1.00000
  14400     7.40    -17.52  1.00000
  14401     7.40    -17.47  1.00000
  14402     7.40    -17.42  1.00000
  14403     7.40    -17.37  1.00000
  14404     7.40    -17.32  1.00000
  14405     7.40    -17.27  1.00000
  14406     7.40    -17.22  1.00000
  14407     7.40    -17.17  1.00000
  14408     7.40    -17.12  1.00000
  14409     7.40    -17.07  1.00000
  14410     7.40    -17.02  1.00000
  14411     7.40    -16.97  1.00000
  14412     7.40    -16.92  1.00000
  14413     7.40    -16.87  1.00000
  14414     7.40    -16.82  1.00000
  14415     7.40    -16.77  1.00000
  14416     7.40    -16.72  1.00000
  14417     7.40    -16.67  1.00000
  14418     7.40    -16.62  1.00000
  14419     7.40    -16.57  1.00000
  14420     7.40    -16.52  1.00000
  14421     7.40    -16.47  1.00000
  14422     7.40    -16.42  1.00000
  14423     7.40    -16.37  1.00000
  14424     7.40    -16.32  1.00000
  14425     7.40    -16.27  1.00000
  14426     7.40    -16.22  1.00000
  14427     7.40    -16.17  1.00000
  14428     7.40    -16.12  1.00000
  14429     7.40    -16.07  1.00000
  14430     7.40    -16.02  1.00000
  14431     7.40    -15.97  1.00000
  14432     7.40    -15.92  1.00000
  14433     7.40    -15.87  1.00000
  14434     7.40    -15.82  1.00000
  14435     7.40    -15.77  1.00000
  14436     7.40    -15.72  1.00000
  14437     7.40    -15.67  1.00000
  14438     7.40    -15.62  1.00000
  14439     7.40    -15.57  1.00000
  14440     7.40    -15.52  1.00000
  14441     7.40    -15.47  1.00000
  14442     7.40    -15.42  1.00000
  14443     7.40    -15.37  1.00000
  14444     7.45    -22.47  1.00000
  14445     7.45    -22.42  1.00000
  14446     7.45    -22.37  1.00000
  14447     7.45    -22.32  1.00000
  14448     7.45    -22.27  1.00000
  14449     7.45    -22.22  1.00000
  14450     7.45    -22.17  1.00000
  14451     7.45    -22.12  1.00000
  14452     7.45    -22.07  1.00000
  14453     7.45    -22.02  1.00000
  14454     7.45    -21.97  1.00000
  14455     7.45    -21.92  1.00000
  14456     7.45    -21.87  1.00000
  14457     7.45    -21.82  1.00000
  14458     7.45    -21.77  1.00000
  14459     7.45    -21.72  1.00000
  14460     7.45    -21.67  1.00000
  14461     7.45    -21.62  1.00000
  14462     7.45    -21.57  1.00000
  14463     7.45    -21.52  1.00000
  14464     7.45    -21.47  1.00000
  14465     7.45    -21.42  1.00000
  14466     7.45    -21.37  1.00000
  14467     7.45    -21.32  1.00000
  14468     7.45    -21.27  1.00000
  14469     7.45    -21.22  1.00000
  14470     7.45    -21.17  1.00000
  14471     7.45    -21.12  1.00000
  14472     7.45    -21.07  1.00000
  14473     7.45    -21.02  1.00000
  14474     7.45    -20.97  1.00000
  14475     7.45    -20.92  1.00000
  14476     7.45    -20.87  1.00000
  14477     7.45    -20.82  1.00000
  14478     7.45    -20.77  1.00000
  14479     7.45    -20.72  1.00000
  14480     7.45    -20.67  1.00000
  14481     7.45    -20.62  1.00000
  14482     7.45    -20.57  1.00000
  14483     7.45    -20.52  1.00000
  14484     7.45    -20.47  1.00000
  14485     7.45    -20.42  1.00000
  14486     7.45    -20.37  1.00000
  14487     7.45    -20.32  1.00000
  14488     7.45    -20.27  1.00000
  14489     7.45    -20.22  1.00000
  14490     7.45    -20.17  1.00000
  14491     7.45    -20.12  1.00000
  14492     7.45    -20.07  1.00000
  14493     7.45    -20.02  1.00000
  14494     7.45    -19.97  1.00000
  14495     7.45    -19.92  1.00000
  14496     7.45    -19.87  1.00000
  14497     7.45    -19.82  1.00000
  14498     7.45    -19.77  1.00000
  14499     7.45    -19.72  1.00000
  14500     7.45    -19.67  1.00000
  14501     7.45    -19.62  1.00000
  14502     7.45    -19.57  1.00000
  14503     7.45    -19.52  1.00000
  14504     7.45    -19.47  1.00000
  14505     7.45    -19.42  1.00000
  14506     7.45    -19.37  1.00000
  14507     7.45    -19.32  1.00000
  14508     7.45    -19.27  1.00000
  14509     7.45    -19.22  1.00000
  14510     7.45    -19.17  1.00000
  14511     7.45    -19.12  1.00000
  14512     7.45    -19.07  1.00000
  14513     7.45    -19.02  1.00000
  14514     7.45    -18.97  1.00000
  14515     7.45    -18.92  1.00000
  14516     7.45    -18.87  1.00000
  14517     7.45    -18.82  1.00000
  14518     7.45    -18.77  1.00000
  14519     7.45    -18.72  1.00000
  14520     7.45    -18.67  1.00000
  14521     7.45    -18.62  1.00000
  14522     7.45    -18.57  1.00000
  14523     7.45    -18.52  1.00000
  14524     7.45    -18.47  1.00000
  14525     7.45    -18.42  1.00000
  14526     7.45    -18.37  1.00000
  14527     7.45    -18.32  1.00000
  14528     7.45    -18.27  1.00000
  14529     7.45    -18.22  1.00000
  14530     7.45    -18.17  1.00000
  14531     7.45    -18.12  1.00000
  14532     7.45    -18.07  1.00000
  14533     7.45    -18.02  1.00000
  14534     7.45    -17.97  1.00000
  14535     7.45    -17.92  1.00000
  14536     7.45    -17.87  1.00000
  14537     7.45    -17.82  1.00000
  14538     7.45    -17.77  1.00000
  14539     7.45    -17.72  1.00000
  14540     7.45    -17.67  1.00000
  14541     7.45    -17.62  1.00000
  14542     7.45    -17.57  1.00000
  14543     7.45    -17.52  1.00000
  14544     7.45    -17.47  1.00000
  14545     7.45    -17.42  1.00000
  14546     7.45    -17.37  1.00000
  14547     7.45    -17.32  1.00000
  14548     7.45    -17.27  1.00000
  14549     7.45    -17.22  1.00000
  14550     7.45    -17.17  1.00000
  14551     7.45    -17.12  1.00000
  14552     7.45    -17.07  1.00000
  14553     7.45    -17.02  1.00000
  14554     7.45    -16.97  1.00000
  14555     7.45    -16.92  1.00000
  14556     7.45    -16.87  1.00000
  14557     7.45    -16.82  1.00000
  14558     7.45    -16.77  1.00000
  14559     7.45    -16.72  1.00000
  14560     7.45    -16.67  1.00000
  14561     7.45    -16.62  1.00000
  14562     7.45    -16.57  1.00000
  14563     7.45    -16.52  1.00000
  14564     7.45    -16.47  1.00000
  14565     7.45    -16.42  1.00000
  14566     7.45    -16.37  1.00000
  14567     7.45    -16.32  1.00000
  14568     7.45    -16.27  1.00000
  14569     7.45    -16.22  1.00000
  14570     7.45    -16.17  1.00000
  14571     7.45    -16.12  1.00000
  14572     7.45    -16.07  1.00000
  14573     7.45    -16.02  1.00000
  14574     7.45    -15.97  1.00000
  14575     7.45    -15.92  1.00000
  14576     7.45    -15.87  1.00000
  14577     7.45    -15.82  1.00000
  14578     7.45    -15.77  1.00000
  14579     7.45    -15.72  1.00000
  14580     7.45    -15.67  1.00000
  14581     7.45    -15.62  1.00000
  14582     7.45    -15.57  1.00000
  14583     7.45    -15.52  1.00000
  14584     7.45    -15.47  1.00000
  14585     7.45    -15.42  1.00000
  14586     7.45    -15.37  1.00000
  14587     7.50    -22.47  1.00000
  14588     7.50    -22.42  1.00000
  14589     7.50    -22.37  1.00000
  14590     7.50    -22.32  1.00000
  14591     7.50    -22.27  1.00000
  14592     7.50    -22.22  1.00000
  14593     7.50    -22.17  1.00000
  14594     7.50    -22.12  1.00000
  14595     7.50    -22.07  1.00000
  14596     7.50    -22.02  1.00000
  14597     7.50    -21.97  1.00000
  14598     7.50    -21.92  1.00000
  14599     7.50    -21.87  1.00000
  14600     7.50    -21.82  1.00000
  14601     7.50    -21.77  1.00000
  14602     7.50    -21.72  1.00000
  14603     7.50    -21.67  1.00000
  14604     7.50    -21.62  1.00000
  14605     7.50    -21.57  1.00000
  14606     7.50    -21.52  1.00000
  14607     7.50    -21.47  1.00000
  14608     7.50    -21.42  1.00000
  14609     7.50    -21.37  1.00000
  14610     7.50    -21.32  1.00000
  14611     7.50    -21.27  1.00000
  14612     7.50    -21.22  1.00000
  14613     7.50    -21.17  1.00000
  14614     7.50    -21.12  1.00000
  14615     7.50    -21.07  1.00000
  14616     7.50    -21.02  1.00000
  14617     7.50    -20.97  1.00000
  14618     7.50    -20.92  1.00000
  14619     7.50    -20.87  1.00000
  14620     7.50    -20.82  1.00000
  14621     7.50    -20.77  1.00000
  14622     7.50    -20.72  1.00000
  14623     7.50    -20.67  1.00000
  14624     7.50    -20.62  1.00000
  14625     7.50    -20.57  1.00000
  14626     7.50    -20.52  1.00000
  14627     7.50    -20.47  1.00000
  14628     7.50    -20.42  1.00000
  14629     7.50    -20.37  1.00000
  14630     7.50    -20.32  1.00000
  14631     7.50    -20.27  1.00000
  14632     7.50    -20.22  1.00000
  14633     7.50    -20.17  1.00000
  14634     7.50    -20.12  1.00000
  14635     7.50    -20.07  1.00000
  14636     7.50    -20.02  1.00000
  14637     7.50    -19.97  1.00000
  14638     7.50    -19.92  1.00000
  14639     7.50    -19.87  1.00000
  14640     7.50    -19.82  1.00000
  14641     7.50    -19.77  1.00000
  14642     7.50    -19.72  1.00000
  14643     7.50    -19.67  1.00000
  14644     7.50    -19.62  1.00000
  14645     7.50    -19.57  1.00000
  14646     7.50    -19.52  1.00000
  14647     7.50    -19.47  1.00000
  14648     7.50    -19.42  1.00000
  14649     7.50    -19.37  1.00000
  14650     7.50    -19.32  1.00000
  14651     7.50    -19.27  1.00000
  14652     7.50    -19.22  1.00000
  14653     7.50    -19.17  1.00000
  14654     7.50    -19.12  1.00000
  14655     7.50    -19.07  1.00000
  14656     7.50    -19.02  1.00000
  14657     7.50    -18.97  1.00000
  14658     7.50    -18.92  1.00000
  14659     7.50    -18.87  1.00000
  14660     7.50    -18.82  1.00000
  14661     7.50    -18.77  1.00000
  14662     7.50    -18.72  1.00000
  14663     7.50    -18.67  1.00000
  14664     7.50    -18.62  1.00000
  14665     7.50    -18.57  1.00000
  14666     7.50    -18.52  1.00000
  14667     7.50    -18.47  1.00000
  14668     7.50    -18.42  1.00000
  14669     7.50    -18.37  1.00000
  14670     7.50    -18.32  1.00000
  14671     7.50    -18.27  1.00000
  14672     7.50    -18.22  1.00000
  14673     7.50    -18.17  1.00000
  14674     7.50    -18.12  1.00000
  14675     7.50    -18.07  1.00000
  14676     7.50    -18.02  1.00000
  14677     7.50    -17.97  1.00000
  14678     7.50    -17.92  1.00000
  14679     7.50    -17.87  1.00000
  14680     7.50    -17.82  1.00000
  14681     7.50    -17.77  1.00000
  14682     7.50    -17.72  1.00000
  14683     7.50    -17.67  1.00000
  14684     7.50    -17.62  1.00000
  14685     7.50    -17.57  1.00000
  14686     7.50    -17.52  1.00000
  14687     7.50    -17.47  1.00000
  14688     7.50    -17.42  1.00000
  14689     7.50    -17.37  1.00000
  14690     7.50    -17.32  1.00000
  14691     7.50    -17.27  1.00000
  14692     7.50    -17.22  1.00000
  14693     7.50    -17.17  1.00000
  14694     7.50    -17.12  1.00000
  14695     7.50    -17.07  1.00000
  14696     7.50    -17.02  1.00000
  14697     7.50    -16.97  1.00000
  14698     7.50    -16.92  1.00000
  14699     7.50    -16.87  1.00000
  14700     7.50    -16.82  1.00000
  14701     7.50    -16.77  1.00000
  14702     7.50    -16.72  1.00000
  14703     7.50    -16.67  1.00000
  14704     7.50    -16.62  1.00000
  14705     7.50    -16.57  1.00000
  14706     7.50    -16.52  1.00000
  14707     7.50    -16.47  1.00000
  14708     7.50    -16.42  1.00000
  14709     7.50    -16.37  1.00000
  14710     7.50    -16.32  1.00000
  14711     7.50    -16.27  1.00000
  14712     7.50    -16.22  1.00000
  14713     7.50    -16.17  1.00000
  14714     7.50    -16.12  1.00000
  14715     7.50    -16.07  1.00000
  14716     7.50    -16.02  1.00000
  14717     7.50    -15.97  1.00000
  14718     7.50    -15.92  1.00000
  14719     7.50    -15.87  1.00000
  14720     7.50    -15.82  1.00000
  14721     7.50    -15.77  1.00000
  14722     7.50    -15.72  1.00000
  14723     7.50    -15.67  1.00000
  14724     7.50    -15.62  1.00000
  14725     7.50    -15.57  1.00000
  14726     7.50    -15.52  1.00000
  14727     7.50    -15.47  1.00000
  14728     7.50    -15.42  1.00000
  14729     7.50    -15.37  1.00000
  14730     7.55    -22.47  1.00000
  14731     7.55    -22.42  1.00000
  14732     7.55    -22.37  1.00000
  14733     7.55    -22.32  1.00000
  14734     7.55    -22.27  1.00000
  14735     7.55    -22.22  1.00000
  14736     7.55    -22.17  1.00000
  14737     7.55    -22.12  1.00000
  14738     7.55    -22.07  1.00000
  14739     7.55    -22.02  1.00000
  14740     7.55    -21.97  1.00000
  14741     7.55    -21.92  1.00000
  14742     7.55    -21.87  1.00000
  14743     7.55    -21.82  1.00000
  14744     7.55    -21.77  1.00000
  14745     7.55    -21.72  1.00000
  14746     7.55    -21.67  1.00000
  14747     7.55    -21.62  1.00000
  14748     7.55    -21.57  1.00000
  14749     7.55    -21.52  1.00000
  14750     7.55    -21.47  1.00000
  14751     7.55    -21.42  1.00000
  14752     7.55    -21.37  1.00000
  14753     7.55    -21.32  1.00000
  14754     7.55    -21.27  1.00000
  14755     7.55    -21.22  1.00000
  14756     7.55    -21.17  1.00000
  14757     7.55    -21.12  1.00000
  14758     7.55    -21.07  1.00000
  14759     7.55    -21.02  1.00000
  14760     7.55    -20.97  1.00000
  14761     7.55    -20.92  1.00000
  14762     7.55    -20.87  1.00000
  14763     7.55    -20.82  1.00000
  14764     7.55    -20.77  1.00000
  14765     7.55    -20.72  1.00000
  14766     7.55    -20.67  1.00000
  14767     7.55    -20.62  1.00000
  14768     7.55    -20.57  1.00000
  14769     7.55    -20.52  1.00000
  14770     7.55    -20.47  1.00000
  14771     7.55    -20.42  1.00000
  14772     7.55    -20.37  1.00000
  14773     7.55    -20.32  1.00000
  14774     7.55    -20.27  1.00000
  14775     7.55    -20.22  1.00000
  14776     7.55    -20.17  1.00000
  14777     7.55    -20.12  1.00000
  14778     7.55    -20.07  1.00000
  14779     7.55    -20.02  1.00000
  14780     7.55    -19.97  1.00000
  14781     7.55    -19.92  1.00000
  14782     7.55    -19.87  1.00000
  14783     7.55    -19.82  1.00000
  14784     7.55    -19.77  1.00000
  14785     7.55    -19.72  1.00000
  14786     7.55    -19.67  1.00000
  14787     7.55    -19.62  1.00000
  14788     7.55    -19.57  1.00000
  14789     7.55    -19.52  1.00000
  14790     7.55    -19.47  1.00000
  14791     7.55    -19.42  1.00000
  14792     7.55    -19.37  1.00000
  14793     7.55    -19.32  1.00000
  14794     7.55    -19.27  1.00000
  14795     7.55    -19.22  1.00000
  14796     7.55    -19.17  1.00000
  14797     7.55    -19.12  1.00000
  14798     7.55    -19.07  1.00000
  14799     7.55    -19.02  1.00000
  14800     7.55    -18.97  1.00000
  14801     7.55    -18.92  1.00000
  14802     7.55    -18.87  1.00000
  14803     7.55    -18.82  1.00000
  14804     7.55    -18.77  1.00000
  14805     7.55    -18.72  1.00000
  14806     7.55    -18.67  1.00000
  14807     7.55    -18.62  1.00000
  14808     7.55    -18.57  1.00000
  14809     7.55    -18.52  1.00000
  14810     7.55    -18.47  1.00000
  14811     7.55    -18.42  1.00000
  14812     7.55    -18.37  1.00000
  14813     7.55    -18.32  1.00000
  14814     7.55    -18.27  1.00000
  14815     7.55    -18.22  1.00000
  14816     7.55    -18.17  1.00000
  14817     7.55    -18.12  1.00000
  14818     7.55    -18.07  1.00000
  14819     7.55    -18.02  1.00000
  14820     7.55    -17.97  1.00000
  14821     7.55    -17.92  1.00000
  14822     7.55    -17.87  1.00000
  14823     7.55    -17.82  1.00000
  14824     7.55    -17.77  1.00000
  14825     7.55    -17.72  1.00000
  14826     7.55    -17.67  1.00000
  14827     7.55    -17.62  1.00000
  14828     7.55    -17.57  1.00000
  14829     7.55    -17.52  1.00000
  14830     7.55    -17.47  1.00000
  14831     7.55    -17.42  1.00000
  14832     7.55    -17.37  1.00000
  14833     7.55    -17.32  1.00000
  14834     7.55    -17.27  1.00000
  14835     7.55    -17.22  1.00000
  14836     7.55    -17.17  1.00000
  14837     7.55    -17.12  1.00000
  14838     7.55    -17.07  1.00000
  14839     7.55    -17.02  1.00000
  14840     7.55    -16.97  1.00000
  14841     7.55    -16.92  1.00000
  14842     7.55    -16.87  1.00000
  14843     7.55    -16.82  1.00000
  14844     7.55    -16.77  1.00000
  14845     7.55    -16.72  1.00000
  14846     7.55    -16.67  1.00000
  14847     7.55    -16.62  1.00000
  14848     7.55    -16.57  1.00000
  14849     7.55    -16.52  1.00000
  14850     7.55    -16.47  1.00000
  14851     7.55    -16.42  1.00000
  14852     7.55    -16.37  1.00000
  14853     7.55    -16.32  1.00000
  14854     7.55    -16.27  1.00000
  14855     7.55    -16.22  1.00000
  14856     7.55    -16.17  1.00000
  14857     7.55    -16.12  1.00000
  14858     7.55    -16.07  1.00000
  14859     7.55    -16.02  1.00000
  14860     7.55    -15.97  1.00000
  14861     7.55    -15.92  1.00000
  14862     7.55    -15.87  1.00000
  14863     7.55    -15.82  1.00000
  14864     7.55    -15.77  1.00000
  14865     7.55    -15.72  1.00000
  14866     7.55    -15.67  1.00000
  14867     7.55    -15.62  1.00000
  14868     7.55    -15.57  1.00000
  14869     7.55    -15.52  1.00000
  14870     7.55    -15.47  1.00000
  14871     7.55    -15.42  1.00000
  14872     7.55    -15.37  1.00000
  14873     7.60    -22.47  1.00000
  14874     7.60    -22.42  1.00000
  14875     7.60    -22.37  1.00000
  14876     7.60    -22.32  1.00000
  14877     7.60    -22.27  1.00000
  14878     7.60    -22.22  1.00000
  14879     7.60    -22.17  1.00000
  14880     7.60    -22.12  1.00000
  14881     7.60    -22.07  1.00000
  14882     7.60    -22.02  1.00000
  14883     7.60    -21.97  1.00000
  14884     7.60    -21.92  1.00000
  14885     7.60    -21.87  1.00000
  14886     7.60    -21.82  1.00000
  14887     7.60    -21.77  1.00000
  14888     7.60    -21.72  1.00000
  14889     7.60    -21.67  1.00000
  14890     7.60    -21.62  1.00000
  14891     7.60    -21.57  1.00000
  14892     7.60    -21.52  1.00000
  14893     7.60    -21.47  1.00000
  14894     7.60    -21.42  1.00000
  14895     7.60    -21.37  1.00000
  14896     7.60    -21.32  1.00000
  14897     7.60    -21.27  1.00000
  14898     7.60    -21.22  1.00000
  14899     7.60    -21.17  1.00000
  14900     7.60    -21.12  1.00000
  14901     7.60    -21.07  1.00000
  14902     7.60    -21.02  1.00000
  14903     7.60    -20.97  1.00000
  14904     7.60    -20.92  1.00000
  14905     7.60    -20.87  1.00000
  14906     7.60    -20.82  1.00000
  14907     7.60    -20.77  1.00000
  14908     7.60    -20.72  1.00000
  14909     7.60    -20.67  1.00000
  14910     7.60    -20.62  1.00000
  14911     7.60    -20.57  1.00000
  14912     7.60    -20.52  1.00000
  14913     7.60    -20.47  1.00000
  14914     7.60    -20.42  1.00000
  14915     7.60    -20.37  1.00000
  14916     7.60    -20.32  1.00000
  14917     7.60    -20.27  1.00000
  14918     7.60    -20.22  1.00000
  14919     7.60    -20.17  1.00000
  14920     7.60    -20.12  1.00000
  14921     7.60    -20.07  1.00000
  14922     7.60    -20.02  1.00000
  14923     7.60    -19.97  1.00000
  14924     7.60    -19.92  1.00000
  14925     7.60    -19.87  1.00000
  14926     7.60    -19.82  1.00000
  14927     7.60    -19.77  1.00000
  14928     7.60    -19.72  1.00000
  14929     7.60    -19.67  1.00000
  14930     7.60    -19.62  1.00000
  14931     7.60    -19.57  1.00000
  14932     7.60    -19.52  1.00000
  14933     7.60    -19.47  1.00000
  14934     7.60    -19.42  1.00000
  14935     7.60    -19.37  1.00000
  14936     7.60    -19.32  1.00000
  14937     7.60    -19.27  1.00000
  14938     7.60    -19.22  1.00000
  14939     7.60    -19.17  1.00000
  14940     7.60    -19.12  1.00000
  14941     7.60    -19.07  1.00000
  14942     7.60    -19.02  1.00000
  14943     7.60    -18.97  1.00000
  14944     7.60    -18.92  1.00000
  14945     7.60    -18.87  1.00000
  14946     7.60    -18.82  1.00000
  14947     7.60    -18.77  1.00000
  14948     7.60    -18.72  1.00000
  14949     7.60    -18.67  1.00000
  14950     7.60    -18.62  1.00000
  14951     7.60    -18.57  1.00000
  14952     7.60    -18.52  1.00000
  14953     7.60    -18.47  1.00000
  14954     7.60    -18.42  1.00000
  14955     7.60    -18.37  1.00000
  14956     7.60    -18.32  1.00000
  14957     7.60    -18.27  1.00000
  14958     7.60    -18.22  1.00000
  14959     7.60    -18.17  1.00000
  14960     7.60    -18.12  1.00000
  14961     7.60    -18.07  1.00000
  14962     7.60    -18.02  1.00000
  14963     7.60    -17.97  1.00000
  14964     7.60    -17.92  1.00000
  14965     7.60    -17.87  1.00000
  14966     7.60    -17.82  1.00000
  14967     7.60    -17.77  1.00000
  14968     7.60    -17.72  1.00000
  14969     7.60    -17.67  1.00000
  14970     7.60    -17.62  1.00000
  14971     7.60    -17.57  1.00000
  14972     7.60    -17.52  1.00000
  14973     7.60    -17.47  1.00000
  14974     7.60    -17.42  1.00000
  14975     7.60    -17.37  1.00000
  14976     7.60    -17.32  1.00000
  14977     7.60    -17.27  1.00000
  14978     7.60    -17.22  1.00000
  14979     7.60    -17.17  1.00000
  14980     7.60    -17.12  1.00000
  14981     7.60    -17.07  1.00000
  14982     7.60    -17.02  1.00000
  14983     7.60    -16.97  1.00000
  14984     7.60    -16.92  1.00000
  14985     7.60    -16.87  1.00000
  14986     7.60    -16.82  1.00000
  14987     7.60    -16.77  1.00000
  14988     7.60    -16.72  1.00000
  14989     7.60    -16.67  1.00000
  14990     7.60    -16.62  1.00000
  14991     7.60    -16.57  1.00000
  14992     7.60    -16.52  1.00000
  14993     7.60    -16.47  1.00000
  14994     7.60    -16.42  1.00000
  14995     7.60    -16.37  1.00000
  14996     7.60    -16.32  1.00000
  14997     7.60    -16.27  1.00000
  14998     7.60    -16.22  1.00000
  14999     7.60    -16.17  1.00000
  15000     7.60    -16.12  1.00000
  15001     7.60    -16.07  1.00000
  15002     7.60    -16.02  1.00000
  15003     7.60    -15.97  1.00000
  15004     7.60    -15.92  1.00000
  15005     7.60    -15.87  1.00000
  15006     7.60    -15.82  1.00000
  15007     7.60    -15.77  1.00000
  15008     7.60    -15.72  1.00000
  15009     7.60    -15.67  1.00000
  15010     7.60    -15.62  1.00000
  15011     7.60    -15.57  1.00000
  15012     7.60    -15.52  1.00000
  15013     7.60    -15.47  1.00000
  15014     7.60    -15.42  1.00000
  15015     7.60    -15.37  1.00000
  15016     7.65    -22.47  1.00000
  15017     7.65    -22.42  1.00000
  15018     7.65    -22.37  1.00000
  15019     7.65    -22.32  1.00000
  15020     7.65    -22.27  1.00000
  15021     7.65    -22.22  1.00000
  15022     7.65    -22.17  1.00000
  15023     7.65    -22.12  1.00000
  15024     7.65    -22.07  1.00000
  15025     7.65    -22.02  1.00000
  15026     7.65    -21.97  1.00000
  15027     7.65    -21.92  1.00000
  15028     7.65    -21.87  1.00000
  15029     7.65    -21.82  1.00000
  15030     7.65    -21.77  1.00000
  15031     7.65    -21.72  1.00000
  15032     7.65    -21.67  1.00000
  15033     7.65    -21.62  1.00000
  15034     7.65    -21.57  1.00000
  15035     7.65    -21.52  1.00000
  15036     7.65    -21.47  1.00000
  15037     7.65    -21.42  1.00000
  15038     7.65    -21.37  1.00000
  15039     7.65    -21.32  1.00000
  15040     7.65    -21.27  1.00000
  15041     7.65    -21.22  1.00000
  15042     7.65    -21.17  1.00000
  15043     7.65    -21.12  1.00000
  15044     7.65    -21.07  1.00000
  15045     7.65    -21.02  1.00000
  15046     7.65    -20.97  1.00000
  15047     7.65    -20.92  1.00000
  15048     7.65    -20.87  1.00000
  15049     7.65    -20.82  1.00000
  15050     7.65    -20.77  1.00000
  15051     7.65    -20.72  1.00000
  15052     7.65    -20.67  1.00000
  15053     7.65    -20.62  1.00000
  15054     7.65    -20.57  1.00000
  15055     7.65    -20.52  1.00000
  15056     7.65    -20.47  1.00000
  15057     7.65    -20.42  1.00000
  15058     7.65    -20.37  1.00000
  15059     7.65    -20.32  1.00000
  15060     7.65    -20.27  1.00000
  15061     7.65    -20.22  1.00000
  15062     7.65    -20.17  1.00000
  15063     7.65    -20.12  1.00000
  15064     7.65    -20.07  1.00000
  15065     7.65    -20.02  1.00000
  15066     7.65    -19.97  1.00000
  15067     7.65    -19.92  1.00000
  15068     7.65    -19.87  1.00000
  15069     7.65    -19.82  1.00000
  15070     7.65    -19.77  1.00000
  15071     7.65    -19.72  1.00000
  15072     7.65    -19.67  1.00000
  15073     7.65    -19.62  1.00000
  15074     7.65    -19.57  1.00000
  15075     7.65    -19.52  1.00000
  15076     7.65    -19.47  1.00000
  15077     7.65    -19.42  1.00000
  15078     7.65    -19.37  1.00000
  15079     7.65    -19.32  1.00000
  15080     7.65    -19.27  1.00000
  15081     7.65    -19.22  1.00000
  15082     7.65    -19.17  1.00000
  15083     7.65    -19.12  1.00000
  15084     7.65    -19.07  1.00000
  15085     7.65    -19.02  1.00000
  15086     7.65    -18.97  1.00000
  15087     7.65    -18.92  1.00000
  15088     7.65    -18.87  1.00000
  15089     7.65    -18.82  1.00000
  15090     7.65    -18.77  1.00000
  15091     7.65    -18.72  1.00000
  15092     7.65    -18.67  1.00000
  15093     7.65    -18.62  1.00000
  15094     7.65    -18.57  1.00000
  15095     7.65    -18.52  1.00000
  15096     7.65    -18.47  1.00000
  15097     7.65    -18.42  1.00000
  15098     7.65    -18.37  1.00000
  15099     7.65    -18.32  1.00000
  15100     7.65    -18.27  1.00000
  15101     7.65    -18.22  1.00000
  15102     7.65    -18.17  1.00000
  15103     7.65    -18.12  1.00000
  15104     7.65    -18.07  1.00000
  15105     7.65    -18.02  1.00000
  15106     7.65    -17.97  1.00000
  15107     7.65    -17.92  1.00000
  15108     7.65    -17.87  1.00000
  15109     7.65    -17.82  1.00000
  15110     7.65    -17.77  1.00000
  15111     7.65    -17.72  1.00000
  15112     7.65    -17.67  1.00000
  15113     7.65    -17.62  1.00000
  15114     7.65    -17.57  1.00000
  15115     7.65    -17.52  1.00000
  15116     7.65    -17.47  1.00000
  15117     7.65    -17.42  1.00000
  15118     7.65    -17.37  1.00000
  15119     7.65    -17.32  1.00000
  15120     7.65    -17.27  1.00000
  15121     7.65    -17.22  1.00000
  15122     7.65    -17.17  1.00000
  15123     7.65    -17.12  1.00000
  15124     7.65    -17.07  1.00000
  15125     7.65    -17.02  1.00000
  15126     7.65    -16.97  1.00000
  15127     7.65    -16.92  1.00000
  15128     7.65    -16.87  1.00000
  15129     7.65    -16.82  1.00000
  15130     7.65    -16.77  1.00000
  15131     7.65    -16.72  1.00000
  15132     7.65    -16.67  1.00000
  15133     7.65    -16.62  1.00000
  15134     7.65    -16.57  1.00000
  15135     7.65    -16.52  1.00000
  15136     7.65    -16.47  1.00000
  15137     7.65    -16.42  1.00000
  15138     7.65    -16.37  1.00000
  15139     7.65    -16.32  1.00000
  15140     7.65    -16.27  1.00000
  15141     7.65    -16.22  1.00000
  15142     7.65    -16.17  1.00000
  15143     7.65    -16.12  1.00000
  15144     7.65    -16.07  1.00000
  15145     7.65    -16.02  1.00000
  15146     7.65    -15.97  1.00000
  15147     7.65    -15.92  1.00000
  15148     7.65    -15.87  1.00000
  15149     7.65    -15.82  1.00000
  15150     7.65    -15.77  1.00000
  15151     7.65    -15.72  1.00000
  15152     7.65    -15.67  1.00000
  15153     7.65    -15.62  1.00000
  15154     7.65    -15.57  1.00000
  15155     7.65    -15.52  1.00000
  15156     7.65    -15.47  1.00000
  15157     7.65    -15.42  1.00000
  15158     7.65    -15.37  1.00000
  15159     7.70    -22.47  1.00000
  15160     7.70    -22.42  1.00000
  15161     7.70    -22.37  1.00000
  15162     7.70    -22.32  1.00000
  15163     7.70    -22.27  1.00000
  15164     7.70    -22.22  1.00000
  15165     7.70    -22.17  1.00000
  15166     7.70    -22.12  1.00000
  15167     7.70    -22.07  1.00000
  15168     7.70    -22.02  1.00000
  15169     7.70    -21.97  1.00000
  15170     7.70    -21.92  1.00000
  15171     7.70    -21.87  1.00000
  15172     7.70    -21.82  1.00000
  15173     7.70    -21.77  1.00000
  15174     7.70    -21.72  1.00000
  15175     7.70    -21.67  1.00000
  15176     7.70    -21.62  1.00000
  15177     7.70    -21.57  1.00000
  15178     7.70    -21.52  1.00000
  15179     7.70    -21.47  1.00000
  15180     7.70    -21.42  1.00000
  15181     7.70    -21.37  1.00000
  15182     7.70    -21.32  1.00000
  15183     7.70    -21.27  1.00000
  15184     7.70    -21.22  1.00000
  15185     7.70    -21.17  1.00000
  15186     7.70    -21.12  1.00000
  15187     7.70    -21.07  1.00000
  15188     7.70    -21.02  1.00000
  15189     7.70    -20.97  1.00000
  15190     7.70    -20.92  1.00000
  15191     7.70    -20.87  1.00000
  15192     7.70    -20.82  1.00000
  15193     7.70    -20.77  1.00000
  15194     7.70    -20.72  1.00000
  15195     7.70    -20.67  1.00000
  15196     7.70    -20.62  1.00000
  15197     7.70    -20.57  1.00000
  15198     7.70    -20.52  1.00000
  15199     7.70    -20.47  1.00000
  15200     7.70    -20.42  1.00000
  15201     7.70    -20.37  1.00000
  15202     7.70    -20.32  1.00000
  15203     7.70    -20.27  1.00000
  15204     7.70    -20.22  1.00000
  15205     7.70    -20.17  1.00000
  15206     7.70    -20.12  1.00000
  15207     7.70    -20.07  1.00000
  15208     7.70    -20.02  1.00000
  15209     7.70    -19.97  1.00000
  15210     7.70    -19.92  1.00000
  15211     7.70    -19.87  1.00000
  15212     7.70    -19.82  1.00000
  15213     7.70    -19.77  1.00000
  15214     7.70    -19.72  1.00000
  15215     7.70    -19.67  1.00000
  15216     7.70    -19.62  1.00000
  15217     7.70    -19.57  1.00000
  15218     7.70    -19.52  1.00000
  15219     7.70    -19.47  1.00000
  15220     7.70    -19.42  1.00000
  15221     7.70    -19.37  1.00000
  15222     7.70    -19.32  1.00000
  15223     7.70    -19.27  1.00000
  15224     7.70    -19.22  1.00000
  15225     7.70    -19.17  1.00000
  15226     7.70    -19.12  1.00000
  15227     7.70    -19.07  1.00000
  15228     7.70    -19.02  1.00000
  15229     7.70    -18.97  1.00000
  15230     7.70    -18.92  1.00000
  15231     7.70    -18.87  1.00000
  15232     7.70    -18.82  1.00000
  15233     7.70    -18.77  1.00000
  15234     7.70    -18.72  1.00000
  15235     7.70    -18.67  1.00000
  15236     7.70    -18.62  1.00000
  15237     7.70    -18.57  1.00000
  15238     7.70    -18.52  1.00000
  15239     7.70    -18.47  1.00000
  15240     7.70    -18.42  1.00000
  15241     7.70    -18.37  1.00000
  15242     7.70    -18.32  1.00000
  15243     7.70    -18.27  1.00000
  15244     7.70    -18.22  1.00000
  15245     7.70    -18.17  1.00000
  15246     7.70    -18.12  1.00000
  15247     7.70    -18.07  1.00000
  15248     7.70    -18.02  1.00000
  15249     7.70    -17.97  1.00000
  15250     7.70    -17.92  1.00000
  15251     7.70    -17.87  1.00000
  15252     7.70    -17.82  1.00000
  15253     7.70    -17.77  1.00000
  15254     7.70    -17.72  1.00000
  15255     7.70    -17.67  1.00000
  15256     7.70    -17.62  1.00000
  15257     7.70    -17.57  1.00000
  15258     7.70    -17.52  1.00000
  15259     7.70    -17.47  1.00000
  15260     7.70    -17.42  1.00000
  15261     7.70    -17.37  1.00000
  15262     7.70    -17.32  1.00000
  15263     7.70    -17.27  1.00000
  15264     7.70    -17.22  1.00000
  15265     7.70    -17.17  1.00000
  15266     7.70    -17.12  1.00000
  15267     7.70    -17.07  1.00000
  15268     7.70    -17.02  1.00000
  15269     7.70    -16.97  1.00000
  15270     7.70    -16.92  1.00000
  15271     7.70    -16.87  1.00000
  15272     7.70    -16.82  1.00000
  15273     7.70    -16.77  1.00000
  15274     7.70    -16.72  1.00000
  15275     7.70    -16.67  1.00000
  15276     7.70    -16.62  1.00000
  15277     7.70    -16.57  1.00000
  15278     7.70    -16.52  1.00000
  15279     7.70    -16.47  1.00000
  15280     7.70    -16.42  1.00000
  15281     7.70    -16.37  1.00000
  15282     7.70    -16.32  1.00000
  15283     7.70    -16.27  1.00000
  15284     7.70    -16.22  1.00000
  15285     7.70    -16.17  1.00000
  15286     7.70    -16.12  1.00000
  15287     7.70    -16.07  1.00000
  15288     7.70    -16.02  1.00000
  15289     7.70    -15.97  1.00000
  15290     7.70    -15.92  1.00000
  15291     7.70    -15.87  1.00000
  15292     7.70    -15.82  1.00000
  15293     7.70    -15.77  1.00000
  15294     7.70    -15.72  1.00000
  15295     7.70    -15.67  1.00000
  15296     7.70    -15.62  1.00000
  15297     7.70    -15.57  1.00000
  15298     7.70    -15.52  1.00000
  15299     7.70    -15.47  1.00000
  15300     7.70    -15.42  1.00000
  15301     7.70    -15.37  1.00000
  15302     7.75    -22.47  1.00000
  15303     7.75    -22.42  1.00000
  15304     7.75    -22.37  1.00000
  15305     7.75    -22.32  1.00000
  15306     7.75    -22.27  1.00000
  15307     7.75    -22.22  1.00000
  15308     7.75    -22.17  1.00000
  15309     7.75    -22.12  1.00000
  15310     7.75    -22.07  1.00000
  15311     7.75    -22.02  1.00000
  15312     7.75    -21.97  1.00000
  15313     7.75    -21.92  1.00000
  15314     7.75    -21.87  1.00000
  15315     7.75    -21.82  1.00000
  15316     7.75    -21.77  1.00000
  15317     7.75    -21.72  1.00000
  15318     7.75    -21.67  1.00000
  15319     7.75    -21.62  1.00000
  15320     7.75    -21.57  1.00000
  15321     7.75    -21.52  1.00000
  15322     7.75    -21.47  1.00000
  15323     7.75    -21.42  1.00000
  15324     7.75    -21.37  1.00000
  15325     7.75    -21.32  1.00000
  15326     7.75    -21.27  1.00000
  15327     7.75    -21.22  1.00000
  15328     7.75    -21.17  1.00000
  15329     7.75    -21.12  1.00000
  15330     7.75    -21.07  1.00000
  15331     7.75    -21.02  1.00000
  15332     7.75    -20.97  1.00000
  15333     7.75    -20.92  1.00000
  15334     7.75    -20.87  1.00000
  15335     7.75    -20.82  1.00000
  15336     7.75    -20.77  1.00000
  15337     7.75    -20.72  1.00000
  15338     7.75    -20.67  1.00000
  15339     7.75    -20.62  1.00000
  15340     7.75    -20.57  1.00000
  15341     7.75    -20.52  1.00000
  15342     7.75    -20.47  1.00000
  15343     7.75    -20.42  1.00000
  15344     7.75    -20.37  1.00000
  15345     7.75    -20.32  1.00000
  15346     7.75    -20.27  1.00000
  15347     7.75    -20.22  1.00000
  15348     7.75    -20.17  1.00000
  15349     7.75    -20.12  1.00000
  15350     7.75    -20.07  1.00000
  15351     7.75    -20.02  1.00000
  15352     7.75    -19.97  1.00000
  15353     7.75    -19.92  1.00000
  15354     7.75    -19.87  1.00000
  15355     7.75    -19.82  1.00000
  15356     7.75    -19.77  1.00000
  15357     7.75    -19.72  1.00000
  15358     7.75    -19.67  1.00000
  15359     7.75    -19.62  1.00000
  15360     7.75    -19.57  1.00000
  15361     7.75    -19.52  1.00000
  15362     7.75    -19.47  1.00000
  15363     7.75    -19.42  1.00000
  15364     7.75    -19.37  1.00000
  15365     7.75    -19.32  1.00000
  15366     7.75    -19.27  1.00000
  15367     7.75    -19.22  1.00000
  15368     7.75    -19.17  1.00000
  15369     7.75    -19.12  1.00000
  15370     7.75    -19.07  1.00000
  15371     7.75    -19.02  1.00000
  15372     7.75    -18.97  1.00000
  15373     7.75    -18.92  1.00000
  15374     7.75    -18.87  1.00000
  15375     7.75    -18.82  1.00000
  15376     7.75    -18.77  1.00000
  15377     7.75    -18.72  1.00000
  15378     7.75    -18.67  1.00000
  15379     7.75    -18.62  1.00000
  15380     7.75    -18.57  1.00000
  15381     7.75    -18.52  1.00000
  15382     7.75    -18.47  1.00000
  15383     7.75    -18.42  1.00000
  15384     7.75    -18.37  1.00000
  15385     7.75    -18.32  1.00000
  15386     7.75    -18.27  1.00000
  15387     7.75    -18.22  1.00000
  15388     7.75    -18.17  1.00000
  15389     7.75    -18.12  1.00000
  15390     7.75    -18.07  1.00000
  15391     7.75    -18.02  1.00000
  15392     7.75    -17.97  1.00000
  15393     7.75    -17.92  1.00000
  15394     7.75    -17.87  1.00000
  15395     7.75    -17.82  1.00000
  15396     7.75    -17.77  1.00000
  15397     7.75    -17.72  1.00000
  15398     7.75    -17.67  1.00000
  15399     7.75    -17.62  1.00000
  15400     7.75    -17.57  1.00000
  15401     7.75    -17.52  1.00000
  15402     7.75    -17.47  1.00000
  15403     7.75    -17.42  1.00000
  15404     7.75    -17.37  1.00000
  15405     7.75    -17.32  1.00000
  15406     7.75    -17.27  1.00000
  15407     7.75    -17.22  1.00000
  15408     7.75    -17.17  1.00000
  15409     7.75    -17.12  1.00000
  15410     7.75    -17.07  1.00000
  15411     7.75    -17.02  1.00000
  15412     7.75    -16.97  1.00000
  15413     7.75    -16.92  1.00000
  15414     7.75    -16.87  1.00000
  15415     7.75    -16.82  1.00000
  15416     7.75    -16.77  1.00000
  15417     7.75    -16.72  1.00000
  15418     7.75    -16.67  1.00000
  15419     7.75    -16.62  1.00000
  15420     7.75    -16.57  1.00000
  15421     7.75    -16.52  1.00000
  15422     7.75    -16.47  1.00000
  15423     7.75    -16.42  1.00000
  15424     7.75    -16.37  1.00000
  15425     7.75    -16.32  1.00000
  15426     7.75    -16.27  1.00000
  15427     7.75    -16.22  1.00000
  15428     7.75    -16.17  1.00000
  15429     7.75    -16.12  1.00000
  15430     7.75    -16.07  1.00000
  15431     7.75    -16.02  1.00000
  15432     7.75    -15.97  1.00000
  15433     7.75    -15.92  1.00000
  15434     7.75    -15.87  1.00000
  15435     7.75    -15.82  1.00000
  15436     7.75    -15.77  1.00000
  15437     7.75    -15.72  1.00000
  15438     7.75    -15.67  1.00000
  15439     7.75    -15.62  1.00000
  15440     7.75    -15.57  1.00000
  15441     7.75    -15.52  1.00000
  15442     7.75    -15.47  1.00000
  15443     7.75    -15.42  1.00000
  15444     7.75    -15.37  1.00000
  15445     7.80    -22.47  1.00000
  15446     7.80    -22.42  1.00000
  15447     7.80    -22.37  1.00000
  15448     7.80    -22.32  1.00000
  15449     7.80    -22.27  1.00000
  15450     7.80    -22.22  1.00000
  15451     7.80    -22.17  1.00000
  15452     7.80    -22.12  1.00000
  15453     7.80    -22.07  1.00000
  15454     7.80    -22.02  1.00000
  15455     7.80    -21.97  1.00000
  15456     7.80    -21.92  1.00000
  15457     7.80    -21.87  1.00000
  15458     7.80    -21.82  1.00000
  15459     7.80    -21.77  1.00000
  15460     7.80    -21.72  1.00000
  15461     7.80    -21.67  1.00000
  15462     7.80    -21.62  1.00000
  15463     7.80    -21.57  1.00000
  15464     7.80    -21.52  1.00000
  15465     7.80    -21.47  1.00000
  15466     7.80    -21.42  1.00000
  15467     7.80    -21.37  1.00000
  15468     7.80    -21.32  1.00000
  15469     7.80    -21.27  1.00000
  15470     7.80    -21.22  1.00000
  15471     7.80    -21.17  1.00000
  15472     7.80    -21.12  1.00000
  15473     7.80    -21.07  1.00000
  15474     7.80    -21.02  1.00000
  15475     7.80    -20.97  1.00000
  15476     7.80    -20.92  1.00000
  15477     7.80    -20.87  1.00000
  15478     7.80    -20.82  1.00000
  15479     7.80    -20.77  1.00000
  15480     7.80    -20.72  1.00000
  15481     7.80    -20.67  1.00000
  15482     7.80    -20.62  1.00000
  15483     7.80    -20.57  1.00000
  15484     7.80    -20.52  1.00000
  15485     7.80    -20.47  1.00000
  15486     7.80    -20.42  1.00000
  15487     7.80    -20.37  1.00000
  15488     7.80    -20.32  1.00000
  15489     7.80    -20.27  1.00000
  15490     7.80    -20.22  1.00000
  15491     7.80    -20.17  1.00000
  15492     7.80    -20.12  1.00000
  15493     7.80    -20.07  1.00000
  15494     7.80    -20.02  1.00000
  15495     7.80    -19.97  1.00000
  15496     7.80    -19.92  1.00000
  15497     7.80    -19.87  1.00000
  15498     7.80    -19.82  1.00000
  15499     7.80    -19.77  1.00000
  15500     7.80    -19.72  1.00000
  15501     7.80    -19.67  1.00000
  15502     7.80    -19.62  1.00000
  15503     7.80    -19.57  1.00000
  15504     7.80    -19.52  1.00000
  15505     7.80    -19.47  1.00000
  15506     7.80    -19.42  1.00000
  15507     7.80    -19.37  1.00000
  15508     7.80    -19.32  1.00000
  15509     7.80    -19.27  1.00000
  15510     7.80    -19.22  1.00000
  15511     7.80    -19.17  1.00000
  15512     7.80    -19.12  1.00000
  15513     7.80    -19.07  1.00000
  15514     7.80    -19.02  1.00000
  15515     7.80    -18.97  1.00000
  15516     7.80    -18.92  1.00000
  15517     7.80    -18.87  1.00000
  15518     7.80    -18.82  1.00000
  15519     7.80    -18.77  1.00000
  15520     7.80    -18.72  1.00000
  15521     7.80    -18.67  1.00000
  15522     7.80    -18.62  1.00000
  15523     7.80    -18.57  1.00000
  15524     7.80    -18.52  1.00000
  15525     7.80    -18.47  1.00000
  15526     7.80    -18.42  1.00000
  15527     7.80    -18.37  1.00000
  15528     7.80    -18.32  1.00000
  15529     7.80    -18.27  1.00000
  15530     7.80    -18.22  1.00000
  15531     7.80    -18.17  1.00000
  15532     7.80    -18.12  1.00000
  15533     7.80    -18.07  1.00000
  15534     7.80    -18.02  1.00000
  15535     7.80    -17.97  1.00000
  15536     7.80    -17.92  1.00000
  15537     7.80    -17.87  1.00000
  15538     7.80    -17.82  1.00000
  15539     7.80    -17.77  1.00000
  15540     7.80    -17.72  1.00000
  15541     7.80    -17.67  1.00000
  15542     7.80    -17.62  1.00000
  15543     7.80    -17.57  1.00000
  15544     7.80    -17.52  1.00000
  15545     7.80    -17.47  1.00000
  15546     7.80    -17.42  1.00000
  15547     7.80    -17.37  1.00000
  15548     7.80    -17.32  1.00000
  15549     7.80    -17.27  1.00000
  15550     7.80    -17.22  1.00000
  15551     7.80    -17.17  1.00000
  15552     7.80    -17.12  1.00000
  15553     7.80    -17.07  1.00000
  15554     7.80    -17.02  1.00000
  15555     7.80    -16.97  1.00000
  15556     7.80    -16.92  1.00000
  15557     7.80    -16.87  1.00000
  15558     7.80    -16.82  1.00000
  15559     7.80    -16.77  1.00000
  15560     7.80    -16.72  1.00000
  15561     7.80    -16.67  1.00000
  15562     7.80    -16.62  1.00000
  15563     7.80    -16.57  1.00000
  15564     7.80    -16.52  1.00000
  15565     7.80    -16.47  1.00000
  15566     7.80    -16.42  1.00000
  15567     7.80    -16.37  1.00000
  15568     7.80    -16.32  1.00000
  15569     7.80    -16.27  1.00000
  15570     7.80    -16.22  1.00000
  15571     7.80    -16.17  1.00000
  15572     7.80    -16.12  1.00000
  15573     7.80    -16.07  1.00000
  15574     7.80    -16.02  1.00000
  15575     7.80    -15.97  1.00000
  15576     7.80    -15.92  1.00000
  15577     7.80    -15.87  1.00000
  15578     7.80    -15.82  1.00000
  15579     7.80    -15.77  1.00000
  15580     7.80    -15.72  1.00000
  15581     7.80    -15.67  1.00000
  15582     7.80    -15.62  1.00000
  15583     7.80    -15.57  1.00000
  15584     7.80    -15.52  1.00000
  15585     7.80    -15.47  1.00000
  15586     7.80    -15.42  1.00000
  15587     7.80    -15.37  1.00000
  15588     7.85    -22.47  1.00000
  15589     7.85    -22.42  1.00000
  15590     7.85    -22.37  1.00000
  15591     7.85    -22.32  1.00000
  15592     7.85    -22.27  1.00000
  15593     7.85    -22.22  1.00000
  15594     7.85    -22.17  1.00000
  15595     7.85    -22.12  1.00000
  15596     7.85    -22.07  1.00000
  15597     7.85    -22.02  1.00000
  15598     7.85    -21.97  1.00000
  15599     7.85    -21.92  1.00000
  15600     7.85    -21.87  1.00000
  15601     7.85    -21.82  1.00000
  15602     7.85    -21.77  1.00000
  15603     7.85    -21.72  1.00000
  15604     7.85    -21.67  1.00000
  15605     7.85    -21.62  1.00000
  15606     7.85    -21.57  1.00000
  15607     7.85    -21.52  1.00000
  15608     7.85    -21.47  1.00000
  15609     7.85    -21.42  1.00000
  15610     7.85    -21.37  1.00000
  15611     7.85    -21.32  1.00000
  15612     7.85    -21.27  1.00000
  15613     7.85    -21.22  1.00000
  15614     7.85    -21.17  1.00000
  15615     7.85    -21.12  1.00000
  15616     7.85    -21.07  1.00000
  15617     7.85    -21.02  1.00000
  15618     7.85    -20.97  1.00000
  15619     7.85    -20.92  1.00000
  15620     7.85    -20.87  1.00000
  15621     7.85    -20.82  1.00000
  15622     7.85    -20.77  1.00000
  15623     7.85    -20.72  1.00000
  15624     7.85    -20.67  1.00000
  15625     7.85    -20.62  1.00000
  15626     7.85    -20.57  1.00000
  15627     7.85    -20.52  1.00000
  15628     7.85    -20.47  1.00000
  15629     7.85    -20.42  1.00000
  15630     7.85    -20.37  1.00000
  15631     7.85    -20.32  1.00000
  15632     7.85    -20.27  1.00000
  15633     7.85    -20.22  1.00000
  15634     7.85    -20.17  1.00000
  15635     7.85    -20.12  1.00000
  15636     7.85    -20.07  1.00000
  15637     7.85    -20.02  1.00000
  15638     7.85    -19.97  1.00000
  15639     7.85    -19.92  1.00000
  15640     7.85    -19.87  1.00000
  15641     7.85    -19.82  1.00000
  15642     7.85    -19.77  1.00000
  15643     7.85    -19.72  1.00000
  15644     7.85    -19.67  1.00000
  15645     7.85    -19.62  1.00000
  15646     7.85    -19.57  1.00000
  15647     7.85    -19.52  1.00000
  15648     7.85    -19.47  1.00000
  15649     7.85    -19.42  1.00000
  15650     7.85    -19.37  1.00000
  15651     7.85    -19.32  1.00000
  15652     7.85    -19.27  1.00000
  15653     7.85    -19.22  1.00000
  15654     7.85    -19.17  1.00000
  15655     7.85    -19.12  1.00000
  15656     7.85    -19.07  1.00000
  15657     7.85    -19.02  1.00000
  15658     7.85    -18.97  1.00000
  15659     7.85    -18.92  1.00000
  15660     7.85    -18.87  1.00000
  15661     7.85    -18.82  1.00000
  15662     7.85    -18.77  1.00000
  15663     7.85    -18.72  1.00000
  15664     7.85    -18.67  1.00000
  15665     7.85    -18.62  1.00000
  15666     7.85    -18.57  1.00000
  15667     7.85    -18.52  1.00000
  15668     7.85    -18.47  1.00000
  15669     7.85    -18.42  1.00000
  15670     7.85    -18.37  1.00000
  15671     7.85    -18.32  1.00000
  15672     7.85    -18.27  1.00000
  15673     7.85    -18.22  1.00000
  15674     7.85    -18.17  1.00000
  15675     7.85    -18.12  1.00000
  15676     7.85    -18.07  1.00000
  15677     7.85    -18.02  1.00000
  15678     7.85    -17.97  1.00000
  15679     7.85    -17.92  1.00000
  15680     7.85    -17.87  1.00000
  15681     7.85    -17.82  1.00000
  15682     7.85    -17.77  1.00000
  15683     7.85    -17.72  1.00000
  15684     7.85    -17.67  1.00000
  15685     7.85    -17.62  1.00000
  15686     7.85    -17.57  1.00000
  15687     7.85    -17.52  1.00000
  15688     7.85    -17.47  1.00000
  15689     7.85    -17.42  1.00000
  15690     7.85    -17.37  1.00000
  15691     7.85    -17.32  1.00000
  15692     7.85    -17.27  1.00000
  15693     7.85    -17.22  1.00000
  15694     7.85    -17.17  1.00000
  15695     7.85    -17.12  1.00000
  15696     7.85    -17.07  1.00000
  15697     7.85    -17.02  1.00000
  15698     7.85    -16.97  1.00000
  15699     7.85    -16.92  1.00000
  15700     7.85    -16.87  1.00000
  15701     7.85    -16.82  1.00000
  15702     7.85    -16.77  1.00000
  15703     7.85    -16.72  1.00000
  15704     7.85    -16.67  1.00000
  15705     7.85    -16.62  1.00000
  15706     7.85    -16.57  1.00000
  15707     7.85    -16.52  1.00000
  15708     7.85    -16.47  1.00000
  15709     7.85    -16.42  1.00000
  15710     7.85    -16.37  1.00000
  15711     7.85    -16.32  1.00000
  15712     7.85    -16.27  1.00000
  15713     7.85    -16.22  1.00000
  15714     7.85    -16.17  1.00000
  15715     7.85    -16.12  1.00000
  15716     7.85    -16.07  1.00000
  15717     7.85    -16.02  1.00000
  15718     7.85    -15.97  1.00000
  15719     7.85    -15.92  1.00000
  15720     7.85    -15.87  1.00000
  15721     7.85    -15.82  1.00000
  15722     7.85    -15.77  1.00000
  15723     7.85    -15.72  1.00000
  15724     7.85    -15.67  1.00000
  15725     7.85    -15.62  1.00000
  15726     7.85    -15.57  1.00000
  15727     7.85    -15.52  1.00000
  15728     7.85    -15.47  1.00000
  15729     7.85    -15.42  1.00000
  15730     7.85    -15.37  1.00000
  15731     7.90    -22.47  1.00000
  15732     7.90    -22.42  1.00000
  15733     7.90    -22.37  1.00000
  15734     7.90    -22.32  1.00000
  15735     7.90    -22.27  1.00000
  15736     7.90    -22.22  1.00000
  15737     7.90    -22.17  1.00000
  15738     7.90    -22.12  1.00000
  15739     7.90    -22.07  1.00000
  15740     7.90    -22.02  1.00000
  15741     7.90    -21.97  1.00000
  15742     7.90    -21.92  1.00000
  15743     7.90    -21.87  1.00000
  15744     7.90    -21.82  1.00000
  15745     7.90    -21.77  1.00000
  15746     7.90    -21.72  1.00000
  15747     7.90    -21.67  1.00000
  15748     7.90    -21.62  1.00000
  15749     7.90    -21.57  1.00000
  15750     7.90    -21.52  1.00000
  15751     7.90    -21.47  1.00000
  15752     7.90    -21.42  1.00000
  15753     7.90    -21.37  1.00000
  15754     7.90    -21.32  1.00000
  15755     7.90    -21.27  1.00000
  15756     7.90    -21.22  1.00000
  15757     7.90    -21.17  1.00000
  15758     7.90    -21.12  1.00000
  15759     7.90    -21.07  1.00000
  15760     7.90    -21.02  1.00000
  15761     7.90    -20.97  1.00000
  15762     7.90    -20.92  1.00000
  15763     7.90    -20.87  1.00000
  15764     7.90    -20.82  1.00000
  15765     7.90    -20.77  1.00000
  15766     7.90    -20.72  1.00000
  15767     7.90    -20.67  1.00000
  15768     7.90    -20.62  1.00000
  15769     7.90    -20.57  1.00000
  15770     7.90    -20.52  1.00000
  15771     7.90    -20.47  1.00000
  15772     7.90    -20.42  1.00000
  15773     7.90    -20.37  1.00000
  15774     7.90    -20.32  1.00000
  15775     7.90    -20.27  1.00000
  15776     7.90    -20.22  1.00000
  15777     7.90    -20.17  1.00000
  15778     7.90    -20.12  1.00000
  15779     7.90    -20.07  1.00000
  15780     7.90    -20.02  1.00000
  15781     7.90    -19.97  1.00000
  15782     7.90    -19.92  1.00000
  15783     7.90    -19.87  1.00000
  15784     7.90    -19.82  1.00000
  15785     7.90    -19.77  1.00000
  15786     7.90    -19.72  1.00000
  15787     7.90    -19.67  1.00000
  15788     7.90    -19.62  1.00000
  15789     7.90    -19.57  1.00000
  15790     7.90    -19.52  1.00000
  15791     7.90    -19.47  1.00000
  15792     7.90    -19.42  1.00000
  15793     7.90    -19.37  1.00000
  15794     7.90    -19.32  1.00000
  15795     7.90    -19.27  1.00000
  15796     7.90    -19.22  1.00000
  15797     7.90    -19.17  1.00000
  15798     7.90    -19.12  1.00000
  15799     7.90    -19.07  1.00000
  15800     7.90    -19.02  1.00000
  15801     7.90    -18.97  1.00000
  15802     7.90    -18.92  1.00000
  15803     7.90    -18.87  1.00000
  15804     7.90    -18.82  1.00000
  15805     7.90    -18.77  1.00000
  15806     7.90    -18.72  1.00000
  15807     7.90    -18.67  1.00000
  15808     7.90    -18.62  1.00000
  15809     7.90    -18.57  1.00000
  15810     7.90    -18.52  1.00000
  15811     7.90    -18.47  1.00000
  15812     7.90    -18.42  1.00000
  15813     7.90    -18.37  1.00000
  15814     7.90    -18.32  1.00000
  15815     7.90    -18.27  1.00000
  15816     7.90    -18.22  1.00000
  15817     7.90    -18.17  1.00000
  15818     7.90    -18.12  1.00000
  15819     7.90    -18.07  1.00000
  15820     7.90    -18.02  1.00000
  15821     7.90    -17.97  1.00000
  15822     7.90    -17.92  1.00000
  15823     7.90    -17.87  1.00000
  15824     7.90    -17.82  1.00000
  15825     7.90    -17.77  1.00000
  15826     7.90    -17.72  1.00000
  15827     7.90    -17.67  1.00000
  15828     7.90    -17.62  1.00000
  15829     7.90    -17.57  1.00000
  15830     7.90    -17.52  1.00000
  15831     7.90    -17.47  1.00000
  15832     7.90    -17.42  1.00000
  15833     7.90    -17.37  1.00000
  15834     7.90    -17.32  1.00000
  15835     7.90    -17.27  1.00000
  15836     7.90    -17.22  1.00000
  15837     7.90    -17.17  1.00000
  15838     7.90    -17.12  1.00000
  15839     7.90    -17.07  1.00000
  15840     7.90    -17.02  1.00000
  15841     7.90    -16.97  1.00000
  15842     7.90    -16.92  1.00000
  15843     7.90    -16.87  1.00000
  15844     7.90    -16.82  1.00000
  15845     7.90    -16.77  1.00000
  15846     7.90    -16.72  1.00000
  15847     7.90    -16.67  1.00000
  15848     7.90    -16.62  1.00000
  15849     7.90    -16.57  1.00000
  15850     7.90    -16.52  1.00000
  15851     7.90    -16.47  1.00000
  15852     7.90    -16.42  1.00000
  15853     7.90    -16.37  1.00000
  15854     7.90    -16.32  1.00000
  15855     7.90    -16.27  1.00000
  15856     7.90    -16.22  1.00000
  15857     7.90    -16.17  1.00000
  15858     7.90    -16.12  1.00000
  15859     7.90    -16.07  1.00000
  15860     7.90    -16.02  1.00000
  15861     7.90    -15.97  1.00000
  15862     7.90    -15.92  1.00000
  15863     7.90    -15.87  1.00000
  15864     7.90    -15.82  1.00000
  15865     7.90    -15.77  1.00000
  15866     7.90    -15.72  1.00000
  15867     7.90    -15.67  1.00000
  15868     7.90    -15.62  1.00000
  15869     7.90    -15.57  1.00000
  15870     7.90    -15.52  1.00000
  15871     7.90    -15.47  1.00000
  15872     7.90    -15.42  1.00000
  15873     7.90    -15.37  1.00000
  15874     7.95    -22.47  1.00000
  15875     7.95    -22.42  1.00000
  15876     7.95    -22.37  1.00000
  15877     7.95    -22.32  1.00000
  15878     7.95    -22.27  1.00000
  15879     7.95    -22.22  1.00000
  15880     7.95    -22.17  1.00000
  15881     7.95    -22.12  1.00000
  15882     7.95    -22.07  1.00000
  15883     7.95    -22.02  1.00000
  15884     7.95    -21.97  1.00000
  15885     7.95    -21.92  1.00000
  15886     7.95    -21.87  1.00000
  15887     7.95    -21.82  1.00000
  15888     7.95    -21.77  1.00000
  15889     7.95    -21.72  1.00000
  15890     7.95    -21.67  1.00000
  15891     7.95    -21.62  1.00000
  15892     7.95    -21.57  1.00000
  15893     7.95    -21.52  1.00000
  15894     7.95    -21.47  1.00000
  15895     7.95    -21.42  1.00000
  15896     7.95    -21.37  1.00000
  15897     7.95    -21.32  1.00000
  15898     7.95    -21.27  1.00000
  15899     7.95    -21.22  1.00000
  15900     7.95    -21.17  1.00000
  15901     7.95    -21.12  1.00000
  15902     7.95    -21.07  1.00000
  15903     7.95    -21.02  1.00000
  15904     7.95    -20.97  1.00000
  15905     7.95    -20.92  1.00000
  15906     7.95    -20.87  1.00000
  15907     7.95    -20.82  1.00000
  15908     7.95    -20.77  1.00000
  15909     7.95    -20.72  1.00000
  15910     7.95    -20.67  1.00000
  15911     7.95    -20.62  1.00000
  15912     7.95    -20.57  1.00000
  15913     7.95    -20.52  1.00000
  15914     7.95    -20.47  1.00000
  15915     7.95    -20.42  1.00000
  15916     7.95    -20.37  1.00000
  15917     7.95    -20.32  1.00000
  15918     7.95    -20.27  1.00000
  15919     7.95    -20.22  1.00000
  15920     7.95    -20.17  1.00000
  15921     7.95    -20.12  1.00000
  15922     7.95    -20.07  1.00000
  15923     7.95    -20.02  1.00000
  15924     7.95    -19.97  1.00000
  15925     7.95    -19.92  1.00000
  15926     7.95    -19.87  1.00000
  15927     7.95    -19.82  1.00000
  15928     7.95    -19.77  1.00000
  15929     7.95    -19.72  1.00000
  15930     7.95    -19.67  1.00000
  15931     7.95    -19.62  1.00000
  15932     7.95    -19.57  1.00000
  15933     7.95    -19.52  1.00000
  15934     7.95    -19.47  1.00000
  15935     7.95    -19.42  1.00000
  15936     7.95    -19.37  1.00000
  15937     7.95    -19.32  1.00000
  15938     7.95    -19.27  1.00000
  15939     7.95    -19.22  1.00000
  15940     7.95    -19.17  1.00000
  15941     7.95    -19.12  1.00000
  15942     7.95    -19.07  1.00000
  15943     7.95    -19.02  1.00000
  15944     7.95    -18.97  1.00000
  15945     7.95    -18.92  1.00000
  15946     7.95    -18.87  1.00000
  15947     7.95    -18.82  1.00000
  15948     7.95    -18.77  1.00000
  15949     7.95    -18.72  1.00000
  15950     7.95    -18.67  1.00000
  15951     7.95    -18.62  1.00000
  15952     7.95    -18.57  1.00000
  15953     7.95    -18.52  1.00000
  15954     7.95    -18.47  1.00000
  15955     7.95    -18.42  1.00000
  15956     7.95    -18.37  1.00000
  15957     7.95    -18.32  1.00000
  15958     7.95    -18.27  1.00000
  15959     7.95    -18.22  1.00000
  15960     7.95    -18.17  1.00000
  15961     7.95    -18.12  1.00000
  15962     7.95    -18.07  1.00000
  15963     7.95    -18.02  1.00000
  15964     7.95    -17.97  1.00000
  15965     7.95    -17.92  1.00000
  15966     7.95    -17.87  1.00000
  15967     7.95    -17.82  1.00000
  15968     7.95    -17.77  1.00000
  15969     7.95    -17.72  1.00000
  15970     7.95    -17.67  1.00000
  15971     7.95    -17.62  1.00000
  15972     7.95    -17.57  1.00000
  15973     7.95    -17.52  1.00000
  15974     7.95    -17.47  1.00000
  15975     7.95    -17.42  1.00000
  15976     7.95    -17.37  1.00000
  15977     7.95    -17.32  1.00000
  15978     7.95    -17.27  1.00000
  15979     7.95    -17.22  1.00000
  15980     7.95    -17.17  1.00000
  15981     7.95    -17.12  1.00000
  15982     7.95    -17.07  1.00000
  15983     7.95    -17.02  1.00000
  15984     7.95    -16.97  1.00000
  15985     7.95    -16.92  1.00000
  15986     7.95    -16.87  1.00000
  15987     7.95    -16.82  1.00000
  15988     7.95    -16.77  1.00000
  15989     7.95    -16.72  1.00000
  15990     7.95    -16.67  1.00000
  15991     7.95    -16.62  1.00000
  15992     7.95    -16.57  1.00000
  15993     7.95    -16.52  1.00000
  15994     7.95    -16.47  1.00000
  15995     7.95    -16.42  1.00000
  15996     7.95    -16.37  1.00000
  15997     7.95    -16.32  1.00000
  15998     7.95    -16.27  1.00000
  15999     7.95    -16.22  1.00000
  16000     7.95    -16.17  1.00000
  16001     7.95    -16.12  1.00000
  16002     7.95    -16.07  1.00000
  16003     7.95    -16.02  1.00000
  16004     7.95    -15.97  1.00000
  16005     7.95    -15.92  1.00000
  16006     7.95    -15.87  1.00000
  16007     7.95    -15.82  1.00000
  16008     7.95    -15.77  1.00000
  16009     7.95    -15.72  1.00000
  16010     7.95    -15.67  1.00000
  16011     7.95    -15.62  1.00000
  16012     7.95    -15.57  1.00000
  16013     7.95    -15.52  1.00000
  16014     7.95    -15.47  1.00000
  16015     7.95    -15.42  1.00000
  16016     7.95    -15.37  1.00000
  16017     8.00    -22.47  1.00000
  16018     8.00    -22.42  1.00000
  16019     8.00    -22.37  1.00000
  16020     8.00    -22.32  1.00000
  16021     8.00    -22.27  1.00000
  16022     8.00    -22.22  1.00000
  16023     8.00    -22.17  1.00000
  16024     8.00    -22.12  1.00000
  16025     8.00    -22.07  1.00000
  16026     8.00    -22.02  1.00000
  16027     8.00    -21.97  1.00000
  16028     8.00    -21.92  1.00000
  16029     8.00    -21.87  1.00000
  16030     8.00    -21.82  1.00000
  16031     8.00    -21.77  1.00000
  16032     8.00    -21.72  1.00000
  16033     8.00    -21.67  1.00000
  16034     8.00    -21.62  1.00000
  16035     8.00    -21.57  1.00000
  16036     8.00    -21.52  1.00000
  16037     8.00    -21.47  1.00000
  16038     8.00    -21.42  1.00000
  16039     8.00    -21.37  1.00000
  16040     8.00    -21.32  1.00000
  16041     8.00    -21.27  1.00000
  16042     8.00    -21.22  1.00000
  16043     8.00    -21.17  1.00000
  16044     8.00    -21.12  1.00000
  16045     8.00    -21.07  1.00000
  16046     8.00    -21.02  1.00000
  16047     8.00    -20.97  1.00000
  16048     8.00    -20.92  1.00000
  16049     8.00    -20.87  1.00000
  16050     8.00    -20.82  1.00000
  16051     8.00    -20.77  1.00000
  16052     8.00    -20.72  1.00000
  16053     8.00    -20.67  1.00000
  16054     8.00    -20.62  1.00000
  16055     8.00    -20.57  1.00000
  16056     8.00    -20.52  1.00000
  16057     8.00    -20.47  1.00000
  16058     8.00    -20.42  1.00000
  16059     8.00    -20.37  1.00000
  16060     8.00    -20.32  1.00000
  16061     8.00    -20.27  1.00000
  16062     8.00    -20.22  1.00000
  16063     8.00    -20.17  1.00000
  16064     8.00    -20.12  1.00000
  16065     8.00    -20.07  1.00000
  16066     8.00    -20.02  1.00000
  16067     8.00    -19.97  1.00000
  16068     8.00    -19.92  1.00000
  16069     8.00    -19.87  1.00000
  16070     8.00    -19.82  1.00000
  16071     8.00    -19.77  1.00000
  16072     8.00    -19.72  1.00000
  16073     8.00    -19.67  1.00000
  16074     8.00    -19.62  1.00000
  16075     8.00    -19.57  1.00000
  16076     8.00    -19.52  1.00000
  16077     8.00    -19.47  1.00000
  16078     8.00    -19.42  1.00000
  16079     8.00    -19.37  1.00000
  16080     8.00    -19.32  1.00000
  16081     8.00    -19.27  1.00000
  16082     8.00    -19.22  1.00000
  16083     8.00    -19.17  1.00000
  16084     8.00    -19.12  1.00000
  16085     8.00    -19.07  1.00000
  16086     8.00    -19.02  1.00000
  16087     8.00    -18.97  1.00000
  16088     8.00    -18.92  1.00000
  16089     8.00    -18.87  1.00000
  16090     8.00    -18.82  1.00000
  16091     8.00    -18.77  1.00000
  16092     8.00    -18.72  1.00000
  16093     8.00    -18.67  1.00000
  16094     8.00    -18.62  1.00000
  16095     8.00    -18.57  1.00000
  16096     8.00    -18.52  1.00000
  16097     8.00    -18.47  1.00000
  16098     8.00    -18.42  1.00000
  16099     8.00    -18.37  1.00000
  16100     8.00    -18.32  1.00000
  16101     8.00    -18.27  1.00000
  16102     8.00    -18.22  1.00000
  16103     8.00    -18.17  1.00000
  16104     8.00    -18.12  1.00000
  16105     8.00    -18.07  1.00000
  16106     8.00    -18.02  1.00000
  16107     8.00    -17.97  1.00000
  16108     8.00    -17.92  1.00000
  16109     8.00    -17.87  1.00000
  16110     8.00    -17.82  1.00000
  16111     8.00    -17.77  1.00000
  16112     8.00    -17.72  1.00000
  16113     8.00    -17.67  1.00000
  16114     8.00    -17.62  1.00000
  16115     8.00    -17.57  1.00000
  16116     8.00    -17.52  1.00000
  16117     8.00    -17.47  1.00000
  16118     8.00    -17.42  1.00000
  16119     8.00    -17.37  1.00000
  16120     8.00    -17.32  1.00000
  16121     8.00    -17.27  1.00000
  16122     8.00    -17.22  1.00000
  16123     8.00    -17.17  1.00000
  16124     8.00    -17.12  1.00000
  16125     8.00    -17.07  1.00000
  16126     8.00    -17.02  1.00000
  16127     8.00    -16.97  1.00000
  16128     8.00    -16.92  1.00000
  16129     8.00    -16.87  1.00000
  16130     8.00    -16.82  1.00000
  16131     8.00    -16.77  1.00000
  16132     8.00    -16.72  1.00000
  16133     8.00    -16.67  1.00000
  16134     8.00    -16.62  1.00000
  16135     8.00    -16.57  1.00000
  16136     8.00    -16.52  1.00000
  16137     8.00    -16.47  1.00000
  16138     8.00    -16.42  1.00000
  16139     8.00    -16.37  1.00000
  16140     8.00    -16.32  1.00000
  16141     8.00    -16.27  1.00000
  16142     8.00    -16.22  1.00000
  16143     8.00    -16.17  1.00000
  16144     8.00    -16.12  1.00000
  16145     8.00    -16.07  1.00000
  16146     8.00    -16.02  1.00000
  16147     8.00    -15.97  1.00000
  16148     8.00    -15.92  1.00000
  16149     8.00    -15.87  1.00000
  16150     8.00    -15.82  1.00000
  16151     8.00    -15.77  1.00000
  16152     8.00    -15.72  1.00000
  16153     8.00    -15.67  1.00000
  16154     8.00    -15.62  1.00000
  16155     8.00    -15.57  1.00000
  16156     8.00    -15.52  1.00000
  16157     8.00    -15.47  1.00000
  16158     8.00    -15.42  1.00000
  16159     8.00    -15.37  1.00000
  16160     8.05    -22.47  1.00000
  16161     8.05    -22.42  1.00000
  16162     8.05    -22.37  1.00000
  16163     8.05    -22.32  1.00000
  16164     8.05    -22.27  1.00000
  16165     8.05    -22.22  1.00000
  16166     8.05    -22.17  1.00000
  16167     8.05    -22.12  1.00000
  16168     8.05    -22.07  1.00000
  16169     8.05    -22.02  1.00000
  16170     8.05    -21.97  1.00000
  16171     8.05    -21.92  1.00000
  16172     8.05    -21.87  1.00000
  16173     8.05    -21.82  1.00000
  16174     8.05    -21.77  1.00000
  16175     8.05    -21.72  1.00000
  16176     8.05    -21.67  1.00000
  16177     8.05    -21.62  1.00000
  16178     8.05    -21.57  1.00000
  16179     8.05    -21.52  1.00000
  16180     8.05    -21.47  1.00000
  16181     8.05    -21.42  1.00000
  16182     8.05    -21.37  1.00000
  16183     8.05    -21.32  1.00000
  16184     8.05    -21.27  1.00000
  16185     8.05    -21.22  1.00000
  16186     8.05    -21.17  1.00000
  16187     8.05    -21.12  1.00000
  16188     8.05    -21.07  1.00000
  16189     8.05    -21.02  1.00000
  16190     8.05    -20.97  1.00000
  16191     8.05    -20.92  1.00000
  16192     8.05    -20.87  1.00000
  16193     8.05    -20.82  1.00000
  16194     8.05    -20.77  1.00000
  16195     8.05    -20.72  1.00000
  16196     8.05    -20.67  1.00000
  16197     8.05    -20.62  1.00000
  16198     8.05    -20.57  1.00000
  16199     8.05    -20.52  1.00000
  16200     8.05    -20.47  1.00000
  16201     8.05    -20.42  1.00000
  16202     8.05    -20.37  1.00000
  16203     8.05    -20.32  1.00000
  16204     8.05    -20.27  1.00000
  16205     8.05    -20.22  1.00000
  16206     8.05    -20.17  1.00000
  16207     8.05    -20.12  1.00000
  16208     8.05    -20.07  1.00000
  16209     8.05    -20.02  1.00000
  16210     8.05    -19.97  1.00000
  16211     8.05    -19.92  1.00000
  16212     8.05    -19.87  1.00000
  16213     8.05    -19.82  1.00000
  16214     8.05    -19.77  1.00000
  16215     8.05    -19.72  1.00000
  16216     8.05    -19.67  1.00000
  16217     8.05    -19.62  1.00000
  16218     8.05    -19.57  1.00000
  16219     8.05    -19.52  1.00000
  16220     8.05    -19.47  1.00000
  16221     8.05    -19.42  1.00000
  16222     8.05    -19.37  1.00000
  16223     8.05    -19.32  1.00000
  16224     8.05    -19.27  1.00000
  16225     8.05    -19.22  1.00000
  16226     8.05    -19.17  1.00000
  16227     8.05    -19.12  1.00000
  16228     8.05    -19.07  1.00000
  16229     8.05    -19.02  1.00000
  16230     8.05    -18.97  1.00000
  16231     8.05    -18.92  1.00000
  16232     8.05    -18.87  1.00000
  16233     8.05    -18.82  1.00000
  16234     8.05    -18.77  1.00000
  16235     8.05    -18.72  1.00000
  16236     8.05    -18.67  1.00000
  16237     8.05    -18.62  1.00000
  16238     8.05    -18.57  1.00000
  16239     8.05    -18.52  1.00000
  16240     8.05    -18.47  1.00000
  16241     8.05    -18.42  1.00000
  16242     8.05    -18.37  1.00000
  16243     8.05    -18.32  1.00000
  16244     8.05    -18.27  1.00000
  16245     8.05    -18.22  1.00000
  16246     8.05    -18.17  1.00000
  16247     8.05    -18.12  1.00000
  16248     8.05    -18.07  1.00000
  16249     8.05    -18.02  1.00000
  16250     8.05    -17.97  1.00000
  16251     8.05    -17.92  1.00000
  16252     8.05    -17.87  1.00000
  16253     8.05    -17.82  1.00000
  16254     8.05    -17.77  1.00000
  16255     8.05    -17.72  1.00000
  16256     8.05    -17.67  1.00000
  16257     8.05    -17.62  1.00000
  16258     8.05    -17.57  1.00000
  16259     8.05    -17.52  1.00000
  16260     8.05    -17.47  1.00000
  16261     8.05    -17.42  1.00000
  16262     8.05    -17.37  1.00000
  16263     8.05    -17.32  1.00000
  16264     8.05    -17.27  1.00000
  16265     8.05    -17.22  1.00000
  16266     8.05    -17.17  1.00000
  16267     8.05    -17.12  1.00000
  16268     8.05    -17.07  1.00000
  16269     8.05    -17.02  1.00000
  16270     8.05    -16.97  1.00000
  16271     8.05    -16.92  1.00000
  16272     8.05    -16.87  1.00000
  16273     8.05    -16.82  1.00000
  16274     8.05    -16.77  1.00000
  16275     8.05    -16.72  1.00000
  16276     8.05    -16.67  1.00000
  16277     8.05    -16.62  1.00000
  16278     8.05    -16.57  1.00000
  16279     8.05    -16.52  1.00000
  16280     8.05    -16.47  1.00000
  16281     8.05    -16.42  1.00000
  16282     8.05    -16.37  1.00000
  16283     8.05    -16.32  1.00000
  16284     8.05    -16.27  1.00000
  16285     8.05    -16.22  1.00000
  16286     8.05    -16.17  1.00000
  16287     8.05    -16.12  1.00000
  16288     8.05    -16.07  1.00000
  16289     8.05    -16.02  1.00000
  16290     8.05    -15.97  1.00000
  16291     8.05    -15.92  1.00000
  16292     8.05    -15.87  1.00000
  16293     8.05    -15.82  1.00000
  16294     8.05    -15.77  1.00000
  16295     8.05    -15.72  1.00000
  16296     8.05    -15.67  1.00000
  16297     8.05    -15.62  1.00000
  16298     8.05    -15.57  1.00000
  16299     8.05    -15.52  1.00000
  16300     8.05    -15.47  1.00000
  16301     8.05    -15.42  1.00000
  16302     8.05    -15.37  1.00000
  16303     8.10    -22.47  1.00000
  16304     8.10    -22.42  1.00000
  16305     8.10    -22.37  1.00000
  16306     8.10    -22.32  1.00000
  16307     8.10    -22.27  1.00000
  16308     8.10    -22.22  1.00000
  16309     8.10    -22.17  1.00000
  16310     8.10    -22.12  1.00000
  16311     8.10    -22.07  1.00000
  16312     8.10    -22.02  1.00000
  16313     8.10    -21.97  1.00000
  16314     8.10    -21.92  1.00000
  16315     8.10    -21.87  1.00000
  16316     8.10    -21.82  1.00000
  16317     8.10    -21.77  1.00000
  16318     8.10    -21.72  1.00000
  16319     8.10    -21.67  1.00000
  16320     8.10    -21.62  1.00000
  16321     8.10    -21.57  1.00000
  16322     8.10    -21.52  1.00000
  16323     8.10    -21.47  1.00000
  16324     8.10    -21.42  1.00000
  16325     8.10    -21.37  1.00000
  16326     8.10    -21.32  1.00000
  16327     8.10    -21.27  1.00000
  16328     8.10    -21.22  1.00000
  16329     8.10    -21.17  1.00000
  16330     8.10    -21.12  1.00000
  16331     8.10    -21.07  1.00000
  16332     8.10    -21.02  1.00000
  16333     8.10    -20.97  1.00000
  16334     8.10    -20.92  1.00000
  16335     8.10    -20.87  1.00000
  16336     8.10    -20.82  1.00000
  16337     8.10    -20.77  1.00000
  16338     8.10    -20.72  1.00000
  16339     8.10    -20.67  1.00000
  16340     8.10    -20.62  1.00000
  16341     8.10    -20.57  1.00000
  16342     8.10    -20.52  1.00000
  16343     8.10    -20.47  1.00000
  16344     8.10    -20.42  1.00000
  16345     8.10    -20.37  1.00000
  16346     8.10    -20.32  1.00000
  16347     8.10    -20.27  1.00000
  16348     8.10    -20.22  1.00000
  16349     8.10    -20.17  1.00000
  16350     8.10    -20.12  1.00000
  16351     8.10    -20.07  1.00000
  16352     8.10    -20.02  1.00000
  16353     8.10    -19.97  1.00000
  16354     8.10    -19.92  1.00000
  16355     8.10    -19.87  1.00000
  16356     8.10    -19.82  1.00000
  16357     8.10    -19.77  1.00000
  16358     8.10    -19.72  1.00000
  16359     8.10    -19.67  1.00000
  16360     8.10    -19.62  1.00000
  16361     8.10    -19.57  1.00000
  16362     8.10    -19.52  1.00000
  16363     8.10    -19.47  1.00000
  16364     8.10    -19.42  1.00000
  16365     8.10    -19.37  1.00000
  16366     8.10    -19.32  1.00000
  16367     8.10    -19.27  1.00000
  16368     8.10    -19.22  1.00000
  16369     8.10    -19.17  1.00000
  16370     8.10    -19.12  1.00000
  16371     8.10    -19.07  1.00000
  16372     8.10    -19.02  1.00000
  16373     8.10    -18.97  1.00000
  16374     8.10    -18.92  1.00000
  16375     8.10    -18.87  1.00000
  16376     8.10    -18.82  1.00000
  16377     8.10    -18.77  1.00000
  16378     8.10    -18.72  1.00000
  16379     8.10    -18.67  1.00000
  16380     8.10    -18.62  1.00000
  16381     8.10    -18.57  1.00000
  16382     8.10    -18.52  1.00000
  16383     8.10    -18.47  1.00000
  16384     8.10    -18.42  1.00000
  16385     8.10    -18.37  1.00000
  16386     8.10    -18.32  1.00000
  16387     8.10    -18.27  1.00000
  16388     8.10    -18.22  1.00000
  16389     8.10    -18.17  1.00000
  16390     8.10    -18.12  1.00000
  16391     8.10    -18.07  1.00000
  16392     8.10    -18.02  1.00000
  16393     8.10    -17.97  1.00000
  16394     8.10    -17.92  1.00000
  16395     8.10    -17.87  1.00000
  16396     8.10    -17.82  1.00000
  16397     8.10    -17.77  1.00000
  16398     8.10    -17.72  1.00000
  16399     8.10    -17.67  1.00000
  16400     8.10    -17.62  1.00000
  16401     8.10    -17.57  1.00000
  16402     8.10    -17.52  1.00000
  16403     8.10    -17.47  1.00000
  16404     8.10    -17.42  1.00000
  16405     8.10    -17.37  1.00000
  16406     8.10    -17.32  1.00000
  16407     8.10    -17.27  1.00000
  16408     8.10    -17.22  1.00000
  16409     8.10    -17.17  1.00000
  16410     8.10    -17.12  1.00000
  16411     8.10    -17.07  1.00000
  16412     8.10    -17.02  1.00000
  16413     8.10    -16.97  1.00000
  16414     8.10    -16.92  1.00000
  16415     8.10    -16.87  1.00000
  16416     8.10    -16.82  1.00000
  16417     8.10    -16.77  1.00000
  16418     8.10    -16.72  1.00000
  16419     8.10    -16.67  1.00000
  16420     8.10    -16.62  1.00000
  16421     8.10    -16.57  1.00000
  16422     8.10    -16.52  1.00000
  16423     8.10    -16.47  1.00000
  16424     8.10    -16.42  1.00000
  16425     8.10    -16.37  1.00000
  16426     8.10    -16.32  1.00000
  16427     8.10    -16.27  1.00000
  16428     8.10    -16.22  1.00000
  16429     8.10    -16.17  1.00000
  16430     8.10    -16.12  1.00000
  16431     8.10    -16.07  1.00000
  16432     8.10    -16.02  1.00000
  16433     8.10    -15.97  1.00000
  16434     8.10    -15.92  1.00000
  16435     8.10    -15.87  1.00000
  16436     8.10    -15.82  1.00000
  16437     8.10    -15.77  1.00000
  16438     8.10    -15.72  1.00000
  16439     8.10    -15.67  1.00000
  16440     8.10    -15.62  1.00000
  16441     8.10    -15.57  1.00000
  16442     8.10    -15.52  1.00000
  16443     8.10    -15.47  1.00000
  16444     8.10    -15.42  1.00000
  16445     8.10    -15.37  1.00000
  16446     8.15    -22.47  1.00000
  16447     8.15    -22.42  1.00000
  16448     8.15    -22.37  1.00000
  16449     8.15    -22.32  1.00000
  16450     8.15    -22.27  1.00000
  16451     8.15    -22.22  1.00000
  16452     8.15    -22.17  1.00000
  16453     8.15    -22.12  1.00000
  16454     8.15    -22.07  1.00000
  16455     8.15    -22.02  1.00000
  16456     8.15    -21.97  1.00000
  16457     8.15    -21.92  1.00000
  16458     8.15    -21.87  1.00000
  16459     8.15    -21.82  1.00000
  16460     8.15    -21.77  1.00000
  16461     8.15    -21.72  1.00000
  16462     8.15    -21.67  1.00000
  16463     8.15    -21.62  1.00000
  16464     8.15    -21.57  1.00000
  16465     8.15    -21.52  1.00000
  16466     8.15    -21.47  1.00000
  16467     8.15    -21.42  1.00000
  16468     8.15    -21.37  1.00000
  16469     8.15    -21.32  1.00000
  16470     8.15    -21.27  1.00000
  16471     8.15    -21.22  1.00000
  16472     8.15    -21.17  1.00000
  16473     8.15    -21.12  1.00000
  16474     8.15    -21.07  1.00000
  16475     8.15    -21.02  1.00000
  16476     8.15    -20.97  1.00000
  16477     8.15    -20.92  1.00000
  16478     8.15    -20.87  1.00000
  16479     8.15    -20.82  1.00000
  16480     8.15    -20.77  1.00000
  16481     8.15    -20.72  1.00000
  16482     8.15    -20.67  1.00000
  16483     8.15    -20.62  1.00000
  16484     8.15    -20.57  1.00000
  16485     8.15    -20.52  1.00000
  16486     8.15    -20.47  1.00000
  16487     8.15    -20.42  1.00000
  16488     8.15    -20.37  1.00000
  16489     8.15    -20.32  1.00000
  16490     8.15    -20.27  1.00000
  16491     8.15    -20.22  1.00000
  16492     8.15    -20.17  1.00000
  16493     8.15    -20.12  1.00000
  16494     8.15    -20.07  1.00000
  16495     8.15    -20.02  1.00000
  16496     8.15    -19.97  1.00000
  16497     8.15    -19.92  1.00000
  16498     8.15    -19.87  1.00000
  16499     8.15    -19.82  1.00000
  16500     8.15    -19.77  1.00000
  16501     8.15    -19.72  1.00000
  16502     8.15    -19.67  1.00000
  16503     8.15    -19.62  1.00000
  16504     8.15    -19.57  1.00000
  16505     8.15    -19.52  1.00000
  16506     8.15    -19.47  1.00000
  16507     8.15    -19.42  1.00000
  16508     8.15    -19.37  1.00000
  16509     8.15    -19.32  1.00000
  16510     8.15    -19.27  1.00000
  16511     8.15    -19.22  1.00000
  16512     8.15    -19.17  1.00000
  16513     8.15    -19.12  1.00000
  16514     8.15    -19.07  1.00000
  16515     8.15    -19.02  1.00000
  16516     8.15    -18.97  1.00000
  16517     8.15    -18.92  1.00000
  16518     8.15    -18.87  1.00000
  16519     8.15    -18.82  1.00000
  16520     8.15    -18.77  1.00000
  16521     8.15    -18.72  1.00000
  16522     8.15    -18.67  1.00000
  16523     8.15    -18.62  1.00000
  16524     8.15    -18.57  1.00000
  16525     8.15    -18.52  1.00000
  16526     8.15    -18.47  1.00000
  16527     8.15    -18.42  1.00000
  16528     8.15    -18.37  1.00000
  16529     8.15    -18.32  1.00000
  16530     8.15    -18.27  1.00000
  16531     8.15    -18.22  1.00000
  16532     8.15    -18.17  1.00000
  16533     8.15    -18.12  1.00000
  16534     8.15    -18.07  1.00000
  16535     8.15    -18.02  1.00000
  16536     8.15    -17.97  1.00000
  16537     8.15    -17.92  1.00000
  16538     8.15    -17.87  1.00000
  16539     8.15    -17.82  1.00000
  16540     8.15    -17.77  1.00000
  16541     8.15    -17.72  1.00000
  16542     8.15    -17.67  1.00000
  16543     8.15    -17.62  1.00000
  16544     8.15    -17.57  1.00000
  16545     8.15    -17.52  1.00000
  16546     8.15    -17.47  1.00000
  16547     8.15    -17.42  1.00000
  16548     8.15    -17.37  1.00000
  16549     8.15    -17.32  1.00000
  16550     8.15    -17.27  1.00000
  16551     8.15    -17.22  1.00000
  16552     8.15    -17.17  1.00000
  16553     8.15    -17.12  1.00000
  16554     8.15    -17.07  1.00000
  16555     8.15    -17.02  1.00000
  16556     8.15    -16.97  1.00000
  16557     8.15    -16.92  1.00000
  16558     8.15    -16.87  1.00000
  16559     8.15    -16.82  1.00000
  16560     8.15    -16.77  1.00000
  16561     8.15    -16.72  1.00000
  16562     8.15    -16.67  1.00000
  16563     8.15    -16.62  1.00000
  16564     8.15    -16.57  1.00000
  16565     8.15    -16.52  1.00000
  16566     8.15    -16.47  1.00000
  16567     8.15    -16.42  1.00000
  16568     8.15    -16.37  1.00000
  16569     8.15    -16.32  1.00000
  16570     8.15    -16.27  1.00000
  16571     8.15    -16.22  1.00000
  16572     8.15    -16.17  1.00000
  16573     8.15    -16.12  1.00000
  16574     8.15    -16.07  1.00000
  16575     8.15    -16.02  1.00000
  16576     8.15    -15.97  1.00000
  16577     8.15    -15.92  1.00000
  16578     8.15    -15.87  1.00000
  16579     8.15    -15.82  1.00000
  16580     8.15    -15.77  1.00000
  16581     8.15    -15.72  1.00000
  16582     8.15    -15.67  1.00000
  16583     8.15    -15.62  1.00000
  16584     8.15    -15.57  1.00000
  16585     8.15    -15.52  1.00000
  16586     8.15    -15.47  1.00000
  16587     8.15    -15.42  1.00000
  16588     8.15    -15.37  1.00000
  16589     8.20    -22.47  1.00000
  16590     8.20    -22.42  1.00000
  16591     8.20    -22.37  1.00000
  16592     8.20    -22.32  1.00000
  16593     8.20    -22.27  1.00000
  16594     8.20    -22.22  1.00000
  16595     8.20    -22.17  1.00000
  16596     8.20    -22.12  1.00000
  16597     8.20    -22.07  1.00000
  16598     8.20    -22.02  1.00000
  16599     8.20    -21.97  1.00000
  16600     8.20    -21.92  1.00000
  16601     8.20    -21.87  1.00000
  16602     8.20    -21.82  1.00000
  16603     8.20    -21.77  1.00000
  16604     8.20    -21.72  1.00000
  16605     8.20    -21.67  1.00000
  16606     8.20    -21.62  1.00000
  16607     8.20    -21.57  1.00000
  16608     8.20    -21.52  1.00000
  16609     8.20    -21.47  1.00000
  16610     8.20    -21.42  1.00000
  16611     8.20    -21.37  1.00000
  16612     8.20    -21.32  1.00000
  16613     8.20    -21.27  1.00000
  16614     8.20    -21.22  1.00000
  16615     8.20    -21.17  1.00000
  16616     8.20    -21.12  1.00000
  16617     8.20    -21.07  1.00000
  16618     8.20    -21.02  1.00000
  16619     8.20    -20.97  1.00000
  16620     8.20    -20.92  1.00000
  16621     8.20    -20.87  1.00000
  16622     8.20    -20.82  1.00000
  16623     8.20    -20.77  1.00000
  16624     8.20    -20.72  1.00000
  16625     8.20    -20.67  1.00000
  16626     8.20    -20.62  1.00000
  16627     8.20    -20.57  1.00000
  16628     8.20    -20.52  1.00000
  16629     8.20    -20.47  1.00000
  16630     8.20    -20.42  1.00000
  16631     8.20    -20.37  1.00000
  16632     8.20    -20.32  1.00000
  16633     8.20    -20.27  1.00000
  16634     8.20    -20.22  1.00000
  16635     8.20    -20.17  1.00000
  16636     8.20    -20.12  1.00000
  16637     8.20    -20.07  1.00000
  16638     8.20    -20.02  1.00000
  16639     8.20    -19.97  1.00000
  16640     8.20    -19.92  1.00000
  16641     8.20    -19.87  1.00000
  16642     8.20    -19.82  1.00000
  16643     8.20    -19.77  1.00000
  16644     8.20    -19.72  1.00000
  16645     8.20    -19.67  1.00000
  16646     8.20    -19.62  1.00000
  16647     8.20    -19.57  1.00000
  16648     8.20    -19.52  1.00000
  16649     8.20    -19.47  1.00000
  16650     8.20    -19.42  1.00000
  16651     8.20    -19.37  1.00000
  16652     8.20    -19.32  1.00000
  16653     8.20    -19.27  1.00000
  16654     8.20    -19.22  1.00000
  16655     8.20    -19.17  1.00000
  16656     8.20    -19.12  1.00000
  16657     8.20    -19.07  1.00000
  16658     8.20    -19.02  1.00000
  16659     8.20    -18.97  1.00000
  16660     8.20    -18.92  1.00000
  16661     8.20    -18.87  1.00000
  16662     8.20    -18.82  1.00000
  16663     8.20    -18.77  1.00000
  16664     8.20    -18.72  1.00000
  16665     8.20    -18.67  1.00000
  16666     8.20    -18.62  1.00000
  16667     8.20    -18.57  1.00000
  16668     8.20    -18.52  1.00000
  16669     8.20    -18.47  1.00000
  16670     8.20    -18.42  1.00000
  16671     8.20    -18.37  1.00000
  16672     8.20    -18.32  1.00000
  16673     8.20    -18.27  1.00000
  16674     8.20    -18.22  1.00000
  16675     8.20    -18.17  1.00000
  16676     8.20    -18.12  1.00000
  16677     8.20    -18.07  1.00000
  16678     8.20    -18.02  1.00000
  16679     8.20    -17.97  1.00000
  16680     8.20    -17.92  1.00000
  16681     8.20    -17.87  1.00000
  16682     8.20    -17.82  1.00000
  16683     8.20    -17.77  1.00000
  16684     8.20    -17.72  1.00000
  16685     8.20    -17.67  1.00000
  16686     8.20    -17.62  1.00000
  16687     8.20    -17.57  1.00000
  16688     8.20    -17.52  1.00000
  16689     8.20    -17.47  1.00000
  16690     8.20    -17.42  1.00000
  16691     8.20    -17.37  1.00000
  16692     8.20    -17.32  1.00000
  16693     8.20    -17.27  1.00000
  16694     8.20    -17.22  1.00000
  16695     8.20    -17.17  1.00000
  16696     8.20    -17.12  1.00000
  16697     8.20    -17.07  1.00000
  16698     8.20    -17.02  1.00000
  16699     8.20    -16.97  1.00000
  16700     8.20    -16.92  1.00000
  16701     8.20    -16.87  1.00000
  16702     8.20    -16.82  1.00000
  16703     8.20    -16.77  1.00000
  16704     8.20    -16.72  1.00000
  16705     8.20    -16.67  1.00000
  16706     8.20    -16.62  1.00000
  16707     8.20    -16.57  1.00000
  16708     8.20    -16.52  1.00000
  16709     8.20    -16.47  1.00000
  16710     8.20    -16.42  1.00000
  16711     8.20    -16.37  1.00000
  16712     8.20    -16.32  1.00000
  16713     8.20    -16.27  1.00000
  16714     8.20    -16.22  1.00000
  16715     8.20    -16.17  1.00000
  16716     8.20    -16.12  1.00000
  16717     8.20    -16.07  1.00000
  16718     8.20    -16.02  1.00000
  16719     8.20    -15.97  1.00000
  16720     8.20    -15.92  1.00000
  16721     8.20    -15.87  1.00000
  16722     8.20    -15.82  1.00000
  16723     8.20    -15.77  1.00000
  16724     8.20    -15.72  1.00000
  16725     8.20    -15.67  1.00000
  16726     8.20    -15.62  1.00000
  16727     8.20    -15.57  1.00000
  16728     8.20    -15.52  1.00000
  16729     8.20    -15.47  1.00000
  16730     8.20    -15.42  1.00000
  16731     8.20    -15.37  1.00000
  16732     8.25    -22.47  1.00000
  16733     8.25    -22.42  1.00000
  16734     8.25    -22.37  1.00000
  16735     8.25    -22.32  1.00000
  16736     8.25    -22.27  1.00000
  16737     8.25    -22.22  1.00000
  16738     8.25    -22.17  1.00000
  16739     8.25    -22.12  1.00000
  16740     8.25    -22.07  1.00000
  16741     8.25    -22.02  1.00000
  16742     8.25    -21.97  1.00000
  16743     8.25    -21.92  1.00000
  16744     8.25    -21.87  1.00000
  16745     8.25    -21.82  1.00000
  16746     8.25    -21.77  1.00000
  16747     8.25    -21.72  1.00000
  16748     8.25    -21.67  1.00000
  16749     8.25    -21.62  1.00000
  16750     8.25    -21.57  1.00000
  16751     8.25    -21.52  1.00000
  16752     8.25    -21.47  1.00000
  16753     8.25    -21.42  1.00000
  16754     8.25    -21.37  1.00000
  16755     8.25    -21.32  1.00000
  16756     8.25    -21.27  1.00000
  16757     8.25    -21.22  1.00000
  16758     8.25    -21.17  1.00000
  16759     8.25    -21.12  1.00000
  16760     8.25    -21.07  1.00000
  16761     8.25    -21.02  1.00000
  16762     8.25    -20.97  1.00000
  16763     8.25    -20.92  1.00000
  16764     8.25    -20.87  1.00000
  16765     8.25    -20.82  1.00000
  16766     8.25    -20.77  1.00000
  16767     8.25    -20.72  1.00000
  16768     8.25    -20.67  1.00000
  16769     8.25    -20.62  1.00000
  16770     8.25    -20.57  1.00000
  16771     8.25    -20.52  1.00000
  16772     8.25    -20.47  1.00000
  16773     8.25    -20.42  1.00000
  16774     8.25    -20.37  1.00000
  16775     8.25    -20.32  1.00000
  16776     8.25    -20.27  1.00000
  16777     8.25    -20.22  1.00000
  16778     8.25    -20.17  1.00000
  16779     8.25    -20.12  1.00000
  16780     8.25    -20.07  1.00000
  16781     8.25    -20.02  1.00000
  16782     8.25    -19.97  1.00000
  16783     8.25    -19.92  1.00000
  16784     8.25    -19.87  1.00000
  16785     8.25    -19.82  1.00000
  16786     8.25    -19.77  1.00000
  16787     8.25    -19.72  1.00000
  16788     8.25    -19.67  1.00000
  16789     8.25    -19.62  1.00000
  16790     8.25    -19.57  1.00000
  16791     8.25    -19.52  1.00000
  16792     8.25    -19.47  1.00000
  16793     8.25    -19.42  1.00000
  16794     8.25    -19.37  1.00000
  16795     8.25    -19.32  1.00000
  16796     8.25    -19.27  1.00000
  16797     8.25    -19.22  1.00000
  16798     8.25    -19.17  1.00000
  16799     8.25    -19.12  1.00000
  16800     8.25    -19.07  1.00000
  16801     8.25    -19.02  1.00000
  16802     8.25    -18.97  1.00000
  16803     8.25    -18.92  1.00000
  16804     8.25    -18.87  1.00000
  16805     8.25    -18.82  1.00000
  16806     8.25    -18.77  1.00000
  16807     8.25    -18.72  1.00000
  16808     8.25    -18.67  1.00000
  16809     8.25    -18.62  1.00000
  16810     8.25    -18.57  1.00000
  16811     8.25    -18.52  1.00000
  16812     8.25    -18.47  1.00000
  16813     8.25    -18.42  1.00000
  16814     8.25    -18.37  1.00000
  16815     8.25    -18.32  1.00000
  16816     8.25    -18.27  1.00000
  16817     8.25    -18.22  1.00000
  16818     8.25    -18.17  1.00000
  16819     8.25    -18.12  1.00000
  16820     8.25    -18.07  1.00000
  16821     8.25    -18.02  1.00000
  16822     8.25    -17.97  1.00000
  16823     8.25    -17.92  1.00000
  16824     8.25    -17.87  1.00000
  16825     8.25    -17.82  1.00000
  16826     8.25    -17.77  1.00000
  16827     8.25    -17.72  1.00000
  16828     8.25    -17.67  1.00000
  16829     8.25    -17.62  1.00000
  16830     8.25    -17.57  1.00000
  16831     8.25    -17.52  1.00000
  16832     8.25    -17.47  1.00000
  16833     8.25    -17.42  1.00000
  16834     8.25    -17.37  1.00000
  16835     8.25    -17.32  1.00000
  16836     8.25    -17.27  1.00000
  16837     8.25    -17.22  1.00000
  16838     8.25    -17.17  1.00000
  16839     8.25    -17.12  1.00000
  16840     8.25    -17.07  1.00000
  16841     8.25    -17.02  1.00000
  16842     8.25    -16.97  1.00000
  16843     8.25    -16.92  1.00000
  16844     8.25    -16.87  1.00000
  16845     8.25    -16.82  1.00000
  16846     8.25    -16.77  1.00000
  16847     8.25    -16.72  1.00000
  16848     8.25    -16.67  1.00000
  16849     8.25    -16.62  1.00000
  16850     8.25    -16.57  1.00000
  16851     8.25    -16.52  1.00000
  16852     8.25    -16.47  1.00000
  16853     8.25    -16.42  1.00000
  16854     8.25    -16.37  1.00000
  16855     8.25    -16.32  1.00000
  16856     8.25    -16.27  1.00000
  16857     8.25    -16.22  1.00000
  16858     8.25    -16.17  1.00000
  16859     8.25    -16.12  1.00000
  16860     8.25    -16.07  1.00000
  16861     8.25    -16.02  1.00000
  16862     8.25    -15.97  1.00000
  16863     8.25    -15.92  1.00000
  16864     8.25    -15.87  1.00000
  16865     8.25    -15.82  1.00000
  16866     8.25    -15.77  1.00000
  16867     8.25    -15.72  1.00000
  16868     8.25    -15.67  1.00000
  16869     8.25    -15.62  1.00000
  16870     8.25    -15.57  1.00000
  16871     8.25    -15.52  1.00000
  16872     8.25    -15.47  1.00000
  16873     8.25    -15.42  1.00000
  16874     8.25    -15.37  1.00000
  16875     8.30    -22.47  1.00000
  16876     8.30    -22.42  1.00000
  16877     8.30    -22.37  1.00000
  16878     8.30    -22.32  1.00000
  16879     8.30    -22.27  1.00000
  16880     8.30    -22.22  1.00000
  16881     8.30    -22.17  1.00000
  16882     8.30    -22.12  1.00000
  16883     8.30    -22.07  1.00000
  16884     8.30    -22.02  1.00000
  16885     8.30    -21.97  1.00000
  16886     8.30    -21.92  1.00000
  16887     8.30    -21.87  1.00000
  16888     8.30    -21.82  1.00000
  16889     8.30    -21.77  1.00000
  16890     8.30    -21.72  1.00000
  16891     8.30    -21.67  1.00000
  16892     8.30    -21.62  1.00000
  16893     8.30    -21.57  1.00000
  16894     8.30    -21.52  1.00000
  16895     8.30    -21.47  1.00000
  16896     8.30    -21.42  1.00000
  16897     8.30    -21.37  1.00000
  16898     8.30    -21.32  1.00000
  16899     8.30    -21.27  1.00000
  16900     8.30    -21.22  1.00000
  16901     8.30    -21.17  1.00000
  16902     8.30    -21.12  1.00000
  16903     8.30    -21.07  1.00000
  16904     8.30    -21.02  1.00000
  16905     8.30    -20.97  1.00000
  16906     8.30    -20.92  1.00000
  16907     8.30    -20.87  1.00000
  16908     8.30    -20.82  1.00000
  16909     8.30    -20.77  1.00000
  16910     8.30    -20.72  1.00000
  16911     8.30    -20.67  1.00000
  16912     8.30    -20.62  1.00000
  16913     8.30    -20.57  1.00000
  16914     8.30    -20.52  1.00000
  16915     8.30    -20.47  1.00000
  16916     8.30    -20.42  1.00000
  16917     8.30    -20.37  1.00000
  16918     8.30    -20.32  1.00000
  16919     8.30    -20.27  1.00000
  16920     8.30    -20.22  1.00000
  16921     8.30    -20.17  1.00000
  16922     8.30    -20.12  1.00000
  16923     8.30    -20.07  1.00000
  16924     8.30    -20.02  1.00000
  16925     8.30    -19.97  1.00000
  16926     8.30    -19.92  1.00000
  16927     8.30    -19.87  1.00000
  16928     8.30    -19.82  1.00000
  16929     8.30    -19.77  1.00000
  16930     8.30    -19.72  1.00000
  16931     8.30    -19.67  1.00000
  16932     8.30    -19.62  1.00000
  16933     8.30    -19.57  1.00000
  16934     8.30    -19.52  1.00000
  16935     8.30    -19.47  1.00000
  16936     8.30    -19.42  1.00000
  16937     8.30    -19.37  1.00000
  16938     8.30    -19.32  1.00000
  16939     8.30    -19.27  1.00000
  16940     8.30    -19.22  1.00000
  16941     8.30    -19.17  1.00000
  16942     8.30    -19.12  1.00000
  16943     8.30    -19.07  1.00000
  16944     8.30    -19.02  1.00000
  16945     8.30    -18.97  1.00000
  16946     8.30    -18.92  1.00000
  16947     8.30    -18.87  1.00000
  16948     8.30    -18.82  1.00000
  16949     8.30    -18.77  1.00000
  16950     8.30    -18.72  1.00000
  16951     8.30    -18.67  1.00000
  16952     8.30    -18.62  1.00000
  16953     8.30    -18.57  1.00000
  16954     8.30    -18.52  1.00000
  16955     8.30    -18.47  1.00000
  16956     8.30    -18.42  1.00000
  16957     8.30    -18.37  1.00000
  16958     8.30    -18.32  1.00000
  16959     8.30    -18.27  1.00000
  16960     8.30    -18.22  1.00000
  16961     8.30    -18.17  1.00000
  16962     8.30    -18.12  1.00000
  16963     8.30    -18.07  1.00000
  16964     8.30    -18.02  1.00000
  16965     8.30    -17.97  1.00000
  16966     8.30    -17.92  1.00000
  16967     8.30    -17.87  1.00000
  16968     8.30    -17.82  1.00000
  16969     8.30    -17.77  1.00000
  16970     8.30    -17.72  1.00000
  16971     8.30    -17.67  1.00000
  16972     8.30    -17.62  1.00000
  16973     8.30    -17.57  1.00000
  16974     8.30    -17.52  1.00000
  16975     8.30    -17.47  1.00000
  16976     8.30    -17.42  1.00000
  16977     8.30    -17.37  1.00000
  16978     8.30    -17.32  1.00000
  16979     8.30    -17.27  1.00000
  16980     8.30    -17.22  1.00000
  16981     8.30    -17.17  1.00000
  16982     8.30    -17.12  1.00000
  16983     8.30    -17.07  1.00000
  16984     8.30    -17.02  1.00000
  16985     8.30    -16.97  1.00000
  16986     8.30    -16.92  1.00000
  16987     8.30    -16.87  1.00000
  16988     8.30    -16.82  1.00000
  16989     8.30    -16.77  1.00000
  16990     8.30    -16.72  1.00000
  16991     8.30    -16.67  1.00000
  16992     8.30    -16.62  1.00000
  16993     8.30    -16.57  1.00000
  16994     8.30    -16.52  1.00000
  16995     8.30    -16.47  1.00000
  16996     8.30    -16.42  1.00000
  16997     8.30    -16.37  1.00000
  16998     8.30    -16.32  1.00000
  16999     8.30    -16.27  1.00000
  17000     8.30    -16.22  1.00000
  17001     8.30    -16.17  1.00000
  17002     8.30    -16.12  1.00000
  17003     8.30    -16.07  1.00000
  17004     8.30    -16.02  1.00000
  17005     8.30    -15.97  1.00000
  17006     8.30    -15.92  1.00000
  17007     8.30    -15.87  1.00000
  17008     8.30    -15.82  1.00000
  17009     8.30    -15.77  1.00000
  17010     8.30    -15.72  1.00000
  17011     8.30    -15.67  1.00000
  17012     8.30    -15.62  1.00000
  17013     8.30    -15.57  1.00000
  17014     8.30    -15.52  1.00000
  17015     8.30    -15.47  1.00000
  17016     8.30    -15.42  1.00000
  17017     8.30    -15.37  1.00000
  17018     8.35    -22.47  1.00000
  17019     8.35    -22.42  1.00000
  17020     8.35    -22.37  1.00000
  17021     8.35    -22.32  1.00000
  17022     8.35    -22.27  1.00000
  17023     8.35    -22.22  1.00000
  17024     8.35    -22.17  1.00000
  17025     8.35    -22.12  1.00000
  17026     8.35    -22.07  1.00000
  17027     8.35    -22.02  1.00000
  17028     8.35    -21.97  1.00000
  17029     8.35    -21.92  1.00000
  17030     8.35    -21.87  1.00000
  17031     8.35    -21.82  1.00000
  17032     8.35    -21.77  1.00000
  17033     8.35    -21.72  1.00000
  17034     8.35    -21.67  1.00000
  17035     8.35    -21.62  1.00000
  17036     8.35    -21.57  1.00000
  17037     8.35    -21.52  1.00000
  17038     8.35    -21.47  1.00000
  17039     8.35    -21.42  1.00000
  17040     8.35    -21.37  1.00000
  17041     8.35    -21.32  1.00000
  17042     8.35    -21.27  1.00000
  17043     8.35    -21.22  1.00000
  17044     8.35    -21.17  1.00000
  17045     8.35    -21.12  1.00000
  17046     8.35    -21.07  1.00000
  17047     8.35    -21.02  1.00000
  17048     8.35    -20.97  1.00000
  17049     8.35    -20.92  1.00000
  17050     8.35    -20.87  1.00000
  17051     8.35    -20.82  1.00000
  17052     8.35    -20.77  1.00000
  17053     8.35    -20.72  1.00000
  17054     8.35    -20.67  1.00000
  17055     8.35    -20.62  1.00000
  17056     8.35    -20.57  1.00000
  17057     8.35    -20.52  1.00000
  17058     8.35    -20.47  1.00000
  17059     8.35    -20.42  1.00000
  17060     8.35    -20.37  1.00000
  17061     8.35    -20.32  1.00000
  17062     8.35    -20.27  1.00000
  17063     8.35    -20.22  1.00000
  17064     8.35    -20.17  1.00000
  17065     8.35    -20.12  1.00000
  17066     8.35    -20.07  1.00000
  17067     8.35    -20.02  1.00000
  17068     8.35    -19.97  1.00000
  17069     8.35    -19.92  1.00000
  17070     8.35    -19.87  1.00000
  17071     8.35    -19.82  1.00000
  17072     8.35    -19.77  1.00000
  17073     8.35    -19.72  1.00000
  17074     8.35    -19.67  1.00000
  17075     8.35    -19.62  1.00000
  17076     8.35    -19.57  1.00000
  17077     8.35    -19.52  1.00000
  17078     8.35    -19.47  1.00000
  17079     8.35    -19.42  1.00000
  17080     8.35    -19.37  1.00000
  17081     8.35    -19.32  1.00000
  17082     8.35    -19.27  1.00000
  17083     8.35    -19.22  1.00000
  17084     8.35    -19.17  1.00000
  17085     8.35    -19.12  1.00000
  17086     8.35    -19.07  1.00000
  17087     8.35    -19.02  1.00000
  17088     8.35    -18.97  1.00000
  17089     8.35    -18.92  1.00000
  17090     8.35    -18.87  1.00000
  17091     8.35    -18.82  1.00000
  17092     8.35    -18.77  1.00000
  17093     8.35    -18.72  1.00000
  17094     8.35    -18.67  1.00000
  17095     8.35    -18.62  1.00000
  17096     8.35    -18.57  1.00000
  17097     8.35    -18.52  1.00000
  17098     8.35    -18.47  1.00000
  17099     8.35    -18.42  1.00000
  17100     8.35    -18.37  1.00000
  17101     8.35    -18.32  1.00000
  17102     8.35    -18.27  1.00000
  17103     8.35    -18.22  1.00000
  17104     8.35    -18.17  1.00000
  17105     8.35    -18.12  1.00000
  17106     8.35    -18.07  1.00000
  17107     8.35    -18.02  1.00000
  17108     8.35    -17.97  1.00000
  17109     8.35    -17.92  1.00000
  17110     8.35    -17.87  1.00000
  17111     8.35    -17.82  1.00000
  17112     8.35    -17.77  1.00000
  17113     8.35    -17.72  1.00000
  17114     8.35    -17.67  1.00000
  17115     8.35    -17.62  1.00000
  17116     8.35    -17.57  1.00000
  17117     8.35    -17.52  1.00000
  17118     8.35    -17.47  1.00000
  17119     8.35    -17.42  1.00000
  17120     8.35    -17.37  1.00000
  17121     8.35    -17.32  1.00000
  17122     8.35    -17.27  1.00000
  17123     8.35    -17.22  1.00000
  17124     8.35    -17.17  1.00000
  17125     8.35    -17.12  1.00000
  17126     8.35    -17.07  1.00000
  17127     8.35    -17.02  1.00000
  17128     8.35    -16.97  1.00000
  17129     8.35    -16.92  1.00000
  17130     8.35    -16.87  1.00000
  17131     8.35    -16.82  1.00000
  17132     8.35    -16.77  1.00000
  17133     8.35    -16.72  1.00000
  17134     8.35    -16.67  1.00000
  17135     8.35    -16.62  1.00000
  17136     8.35    -16.57  1.00000
  17137     8.35    -16.52  1.00000
  17138     8.35    -16.47  1.00000
  17139     8.35    -16.42  1.00000
  17140     8.35    -16.37  1.00000
  17141     8.35    -16.32  1.00000
  17142     8.35    -16.27  1.00000
  17143     8.35    -16.22  1.00000
  17144     8.35    -16.17  1.00000
  17145     8.35    -16.12  1.00000
  17146     8.35    -16.07  1.00000
  17147     8.35    -16.02  1.00000
  17148     8.35    -15.97  1.00000
  17149     8.35    -15.92  1.00000
  17150     8.35    -15.87  1.00000
  17151     8.35    -15.82  1.00000
  17152     8.35    -15.77  1.00000
  17153     8.35    -15.72  1.00000
  17154     8.35    -15.67  1.00000
  17155     8.35    -15.62  1.00000
  17156     8.35    -15.57  1.00000
  17157     8.35    -15.52  1.00000
  17158     8.35    -15.47  1.00000
  17159     8.35    -15.42  1.00000
  17160     8.35    -15.37  1.00000
  17161     8.40    -22.47  1.00000
  17162     8.40    -22.42  1.00000
  17163     8.40    -22.37  1.00000
  17164     8.40    -22.32  1.00000
  17165     8.40    -22.27  1.00000
  17166     8.40    -22.22  1.00000
  17167     8.40    -22.17  1.00000
  17168     8.40    -22.12  1.00000
  17169     8.40    -22.07  1.00000
  17170     8.40    -22.02  1.00000
  17171     8.40    -21.97  1.00000
  17172     8.40    -21.92  1.00000
  17173     8.40    -21.87  1.00000
  17174     8.40    -21.82  1.00000
  17175     8.40    -21.77  1.00000
  17176     8.40    -21.72  1.00000
  17177     8.40    -21.67  1.00000
  17178     8.40    -21.62  1.00000
  17179     8.40    -21.57  1.00000
  17180     8.40    -21.52  1.00000
  17181     8.40    -21.47  1.00000
  17182     8.40    -21.42  1.00000
  17183     8.40    -21.37  1.00000
  17184     8.40    -21.32  1.00000
  17185     8.40    -21.27  1.00000
  17186     8.40    -21.22  1.00000
  17187     8.40    -21.17  1.00000
  17188     8.40    -21.12  1.00000
  17189     8.40    -21.07  1.00000
  17190     8.40    -21.02  1.00000
  17191     8.40    -20.97  1.00000
  17192     8.40    -20.92  1.00000
  17193     8.40    -20.87  1.00000
  17194     8.40    -20.82  1.00000
  17195     8.40    -20.77  1.00000
  17196     8.40    -20.72  1.00000
  17197     8.40    -20.67  1.00000
  17198     8.40    -20.62  1.00000
  17199     8.40    -20.57  1.00000
  17200     8.40    -20.52  1.00000
  17201     8.40    -20.47  1.00000
  17202     8.40    -20.42  1.00000
  17203     8.40    -20.37  1.00000
  17204     8.40    -20.32  1.00000
  17205     8.40    -20.27  1.00000
  17206     8.40    -20.22  1.00000
  17207     8.40    -20.17  1.00000
  17208     8.40    -20.12  1.00000
  17209     8.40    -20.07  1.00000
  17210     8.40    -20.02  1.00000
  17211     8.40    -19.97  1.00000
  17212     8.40    -19.92  1.00000
  17213     8.40    -19.87  1.00000
  17214     8.40    -19.82  1.00000
  17215     8.40    -19.77  1.00000
  17216     8.40    -19.72  1.00000
  17217     8.40    -19.67  1.00000
  17218     8.40    -19.62  1.00000
  17219     8.40    -19.57  1.00000
  17220     8.40    -19.52  1.00000
  17221     8.40    -19.47  1.00000
  17222     8.40    -19.42  1.00000
  17223     8.40    -19.37  1.00000
  17224     8.40    -19.32  1.00000
  17225     8.40    -19.27  1.00000
  17226     8.40    -19.22  1.00000
  17227     8.40    -19.17  1.00000
  17228     8.40    -19.12  1.00000
  17229     8.40    -19.07  1.00000
  17230     8.40    -19.02  1.00000
  17231     8.40    -18.97  1.00000
  17232     8.40    -18.92  1.00000
  17233     8.40    -18.87  1.00000
  17234     8.40    -18.82  1.00000
  17235     8.40    -18.77  1.00000
  17236     8.40    -18.72  1.00000
  17237     8.40    -18.67  1.00000
  17238     8.40    -18.62  1.00000
  17239     8.40    -18.57  1.00000
  17240     8.40    -18.52  1.00000
  17241     8.40    -18.47  1.00000
  17242     8.40    -18.42  1.00000
  17243     8.40    -18.37  1.00000
  17244     8.40    -18.32  1.00000
  17245     8.40    -18.27  1.00000
  17246     8.40    -18.22  1.00000
  17247     8.40    -18.17  1.00000
  17248     8.40    -18.12  1.00000
  17249     8.40    -18.07  1.00000
  17250     8.40    -18.02  1.00000
  17251     8.40    -17.97  1.00000
  17252     8.40    -17.92  1.00000
  17253     8.40    -17.87  1.00000
  17254     8.40    -17.82  1.00000
  17255     8.40    -17.77  1.00000
  17256     8.40    -17.72  1.00000
  17257     8.40    -17.67  1.00000
  17258     8.40    -17.62  1.00000
  17259     8.40    -17.57  1.00000
  17260     8.40    -17.52  1.00000
  17261     8.40    -17.47  1.00000
  17262     8.40    -17.42  1.00000
  17263     8.40    -17.37  1.00000
  17264     8.40    -17.32  1.00000
  17265     8.40    -17.27  1.00000
  17266     8.40    -17.22  1.00000
  17267     8.40    -17.17  1.00000
  17268     8.40    -17.12  1.00000
  17269     8.40    -17.07  1.00000
  17270     8.40    -17.02  1.00000
  17271     8.40    -16.97  1.00000
  17272     8.40    -16.92  1.00000
  17273     8.40    -16.87  1.00000
  17274     8.40    -16.82  1.00000
  17275     8.40    -16.77  1.00000
  17276     8.40    -16.72  1.00000
  17277     8.40    -16.67  1.00000
  17278     8.40    -16.62  1.00000
  17279     8.40    -16.57  1.00000
  17280     8.40    -16.52  1.00000
  17281     8.40    -16.47  1.00000
  17282     8.40    -16.42  1.00000
  17283     8.40    -16.37  1.00000
  17284     8.40    -16.32  1.00000
  17285     8.40    -16.27  1.00000
  17286     8.40    -16.22  1.00000
  17287     8.40    -16.17  1.00000
  17288     8.40    -16.12  1.00000
  17289     8.40    -16.07  1.00000
  17290     8.40    -16.02  1.00000
  17291     8.40    -15.97  1.00000
  17292     8.40    -15.92  1.00000
  17293     8.40    -15.87  1.00000
  17294     8.40    -15.82  1.00000
  17295     8.40    -15.77  1.00000
  17296     8.40    -15.72  1.00000
  17297     8.40    -15.67  1.00000
  17298     8.40    -15.62  1.00000
  17299     8.40    -15.57  1.00000
  17300     8.40    -15.52  1.00000
  17301     8.40    -15.47  1.00000
  17302     8.40    -15.42  1.00000
  17303     8.40    -15.37  1.00000
  17304     8.45    -22.47  1.00000
  17305     8.45    -22.42  1.00000
  17306     8.45    -22.37  1.00000
  17307     8.45    -22.32  1.00000
  17308     8.45    -22.27  1.00000
  17309     8.45    -22.22  1.00000
  17310     8.45    -22.17  1.00000
  17311     8.45    -22.12  1.00000
  17312     8.45    -22.07  1.00000
  17313     8.45    -22.02  1.00000
  17314     8.45    -21.97  1.00000
  17315     8.45    -21.92  1.00000
  17316     8.45    -21.87  1.00000
  17317     8.45    -21.82  1.00000
  17318     8.45    -21.77  1.00000
  17319     8.45    -21.72  1.00000
  17320     8.45    -21.67  1.00000
  17321     8.45    -21.62  1.00000
  17322     8.45    -21.57  1.00000
  17323     8.45    -21.52  1.00000
  17324     8.45    -21.47  1.00000
  17325     8.45    -21.42  1.00000
  17326     8.45    -21.37  1.00000
  17327     8.45    -21.32  1.00000
  17328     8.45    -21.27  1.00000
  17329     8.45    -21.22  1.00000
  17330     8.45    -21.17  1.00000
  17331     8.45    -21.12  1.00000
  17332     8.45    -21.07  1.00000
  17333     8.45    -21.02  1.00000
  17334     8.45    -20.97  1.00000
  17335     8.45    -20.92  1.00000
  17336     8.45    -20.87  1.00000
  17337     8.45    -20.82  1.00000
  17338     8.45    -20.77  1.00000
  17339     8.45    -20.72  1.00000
  17340     8.45    -20.67  1.00000
  17341     8.45    -20.62  1.00000
  17342     8.45    -20.57  1.00000
  17343     8.45    -20.52  1.00000
  17344     8.45    -20.47  1.00000
  17345     8.45    -20.42  1.00000
  17346     8.45    -20.37  1.00000
  17347     8.45    -20.32  1.00000
  17348     8.45    -20.27  1.00000
  17349     8.45    -20.22  1.00000
  17350     8.45    -20.17  1.00000
  17351     8.45    -20.12  1.00000
  17352     8.45    -20.07  1.00000
  17353     8.45    -20.02  1.00000
  17354     8.45    -19.97  1.00000
  17355     8.45    -19.92  1.00000
  17356     8.45    -19.87  1.00000
  17357     8.45    -19.82  1.00000
  17358     8.45    -19.77  1.00000
  17359     8.45    -19.72  1.00000
  17360     8.45    -19.67  1.00000
  17361     8.45    -19.62  1.00000
  17362     8.45    -19.57  1.00000
  17363     8.45    -19.52  1.00000
  17364     8.45    -19.47  1.00000
  17365     8.45    -19.42  1.00000
  17366     8.45    -19.37  1.00000
  17367     8.45    -19.32  1.00000
  17368     8.45    -19.27  1.00000
  17369     8.45    -19.22  1.00000
  17370     8.45    -19.17  1.00000
  17371     8.45    -19.12  1.00000
  17372     8.45    -19.07  1.00000
  17373     8.45    -19.02  1.00000
  17374     8.45    -18.97  1.00000
  17375     8.45    -18.92  1.00000
  17376     8.45    -18.87  1.00000
  17377     8.45    -18.82  1.00000
  17378     8.45    -18.77  1.00000
  17379     8.45    -18.72  1.00000
  17380     8.45    -18.67  1.00000
  17381     8.45    -18.62  1.00000
  17382     8.45    -18.57  1.00000
  17383     8.45    -18.52  1.00000
  17384     8.45    -18.47  1.00000
  17385     8.45    -18.42  1.00000
  17386     8.45    -18.37  1.00000
  17387     8.45    -18.32  1.00000
  17388     8.45    -18.27  1.00000
  17389     8.45    -18.22  1.00000
  17390     8.45    -18.17  1.00000
  17391     8.45    -18.12  1.00000
  17392     8.45    -18.07  1.00000
  17393     8.45    -18.02  1.00000
  17394     8.45    -17.97  1.00000
  17395     8.45    -17.92  1.00000
  17396     8.45    -17.87  1.00000
  17397     8.45    -17.82  1.00000
  17398     8.45    -17.77  1.00000
  17399     8.45    -17.72  1.00000
  17400     8.45    -17.67  1.00000
  17401     8.45    -17.62  1.00000
  17402     8.45    -17.57  1.00000
  17403     8.45    -17.52  1.00000
  17404     8.45    -17.47  1.00000
  17405     8.45    -17.42  1.00000
  17406     8.45    -17.37  1.00000
  17407     8.45    -17.32  1.00000
  17408     8.45    -17.27  1.00000
  17409     8.45    -17.22  1.00000
  17410     8.45    -17.17  1.00000
  17411     8.45    -17.12  1.00000
  17412     8.45    -17.07  1.00000
  17413     8.45    -17.02  1.00000
  17414     8.45    -16.97  1.00000
  17415     8.45    -16.92  1.00000
  17416     8.45    -16.87  1.00000
  17417     8.45    -16.82  1.00000
  17418     8.45    -16.77  1.00000
  17419     8.45    -16.72  1.00000
  17420     8.45    -16.67  1.00000
  17421     8.45    -16.62  1.00000
  17422     8.45    -16.57  1.00000
  17423     8.45    -16.52  1.00000
  17424     8.45    -16.47  1.00000
  17425     8.45    -16.42  1.00000
  17426     8.45    -16.37  1.00000
  17427     8.45    -16.32  1.00000
  17428     8.45    -16.27  1.00000
  17429     8.45    -16.22  1.00000
  17430     8.45    -16.17  1.00000
  17431     8.45    -16.12  1.00000
  17432     8.45    -16.07  1.00000
  17433     8.45    -16.02  1.00000
  17434     8.45    -15.97  1.00000
  17435     8.45    -15.92  1.00000
  17436     8.45    -15.87  1.00000
  17437     8.45    -15.82  1.00000
  17438     8.45    -15.77  1.00000
  17439     8.45    -15.72  1.00000
  17440     8.45    -15.67  1.00000
  17441     8.45    -15.62  1.00000
  17442     8.45    -15.57  1.00000
  17443     8.45    -15.52  1.00000
  17444     8.45    -15.47  1.00000
  17445     8.45    -15.42  1.00000
  17446     8.45    -15.37  1.00000
  17447     8.50    -22.47  1.00000
  17448     8.50    -22.42  1.00000
  17449     8.50    -22.37  1.00000
  17450     8.50    -22.32  1.00000
  17451     8.50    -22.27  1.00000
  17452     8.50    -22.22  1.00000
  17453     8.50    -22.17  1.00000
  17454     8.50    -22.12  1.00000
  17455     8.50    -22.07  1.00000
  17456     8.50    -22.02  1.00000
  17457     8.50    -21.97  1.00000
  17458     8.50    -21.92  1.00000
  17459     8.50    -21.87  1.00000
  17460     8.50    -21.82  1.00000
  17461     8.50    -21.77  1.00000
  17462     8.50    -21.72  1.00000
  17463     8.50    -21.67  1.00000
  17464     8.50    -21.62  1.00000
  17465     8.50    -21.57  1.00000
  17466     8.50    -21.52  1.00000
  17467     8.50    -21.47  1.00000
  17468     8.50    -21.42  1.00000
  17469     8.50    -21.37  1.00000
  17470     8.50    -21.32  1.00000
  17471     8.50    -21.27  1.00000
  17472     8.50    -21.22  1.00000
  17473     8.50    -21.17  1.00000
  17474     8.50    -21.12  1.00000
  17475     8.50    -21.07  1.00000
  17476     8.50    -21.02  1.00000
  17477     8.50    -20.97  1.00000
  17478     8.50    -20.92  1.00000
  17479     8.50    -20.87  1.00000
  17480     8.50    -20.82  1.00000
  17481     8.50    -20.77  1.00000
  17482     8.50    -20.72  1.00000
  17483     8.50    -20.67  1.00000
  17484     8.50    -20.62  1.00000
  17485     8.50    -20.57  1.00000
  17486     8.50    -20.52  1.00000
  17487     8.50    -20.47  1.00000
  17488     8.50    -20.42  1.00000
  17489     8.50    -20.37  1.00000
  17490     8.50    -20.32  1.00000
  17491     8.50    -20.27  1.00000
  17492     8.50    -20.22  1.00000
  17493     8.50    -20.17  1.00000
  17494     8.50    -20.12  1.00000
  17495     8.50    -20.07  1.00000
  17496     8.50    -20.02  1.00000
  17497     8.50    -19.97  1.00000
  17498     8.50    -19.92  1.00000
  17499     8.50    -19.87  1.00000
  17500     8.50    -19.82  1.00000
  17501     8.50    -19.77  1.00000
  17502     8.50    -19.72  1.00000
  17503     8.50    -19.67  1.00000
  17504     8.50    -19.62  1.00000
  17505     8.50    -19.57  1.00000
  17506     8.50    -19.52  1.00000
  17507     8.50    -19.47  1.00000
  17508     8.50    -19.42  1.00000
  17509     8.50    -19.37  1.00000
  17510     8.50    -19.32  1.00000
  17511     8.50    -19.27  1.00000
  17512     8.50    -19.22  1.00000
  17513     8.50    -19.17  1.00000
  17514     8.50    -19.12  1.00000
  17515     8.50    -19.07  1.00000
  17516     8.50    -19.02  1.00000
  17517     8.50    -18.97  1.00000
  17518     8.50    -18.92  1.00000
  17519     8.50    -18.87  1.00000
  17520     8.50    -18.82  1.00000
  17521     8.50    -18.77  1.00000
  17522     8.50    -18.72  1.00000
  17523     8.50    -18.67  1.00000
  17524     8.50    -18.62  1.00000
  17525     8.50    -18.57  1.00000
  17526     8.50    -18.52  1.00000
  17527     8.50    -18.47  1.00000
  17528     8.50    -18.42  1.00000
  17529     8.50    -18.37  1.00000
  17530     8.50    -18.32  1.00000
  17531     8.50    -18.27  1.00000
  17532     8.50    -18.22  1.00000
  17533     8.50    -18.17  1.00000
  17534     8.50    -18.12  1.00000
  17535     8.50    -18.07  1.00000
  17536     8.50    -18.02  1.00000
  17537     8.50    -17.97  1.00000
  17538     8.50    -17.92  1.00000
  17539     8.50    -17.87  1.00000
  17540     8.50    -17.82  1.00000
  17541     8.50    -17.77  1.00000
  17542     8.50    -17.72  1.00000
  17543     8.50    -17.67  1.00000
  17544     8.50    -17.62  1.00000
  17545     8.50    -17.57  1.00000
  17546     8.50    -17.52  1.00000
  17547     8.50    -17.47  1.00000
  17548     8.50    -17.42  1.00000
  17549     8.50    -17.37  1.00000
  17550     8.50    -17.32  1.00000
  17551     8.50    -17.27  1.00000
  17552     8.50    -17.22  1.00000
  17553     8.50    -17.17  1.00000
  17554     8.50    -17.12  1.00000
  17555     8.50    -17.07  1.00000
  17556     8.50    -17.02  1.00000
  17557     8.50    -16.97  1.00000
  17558     8.50    -16.92  1.00000
  17559     8.50    -16.87  1.00000
  17560     8.50    -16.82  1.00000
  17561     8.50    -16.77  1.00000
  17562     8.50    -16.72  1.00000
  17563     8.50    -16.67  1.00000
  17564     8.50    -16.62  1.00000
  17565     8.50    -16.57  1.00000
  17566     8.50    -16.52  1.00000
  17567     8.50    -16.47  1.00000
  17568     8.50    -16.42  1.00000
  17569     8.50    -16.37  1.00000
  17570     8.50    -16.32  1.00000
  17571     8.50    -16.27  1.00000
  17572     8.50    -16.22  1.00000
  17573     8.50    -16.17  1.00000
  17574     8.50    -16.12  1.00000
  17575     8.50    -16.07  1.00000
  17576     8.50    -16.02  1.00000
  17577     8.50    -15.97  1.00000
  17578     8.50    -15.92  1.00000
  17579     8.50    -15.87  1.00000
  17580     8.50    -15.82  1.00000
  17581     8.50    -15.77  1.00000
  17582     8.50    -15.72  1.00000
  17583     8.50    -15.67  1.00000
  17584     8.50    -15.62  1.00000
  17585     8.50    -15.57  1.00000
  17586     8.50    -15.52  1.00000
  17587     8.50    -15.47  1.00000
  17588     8.50    -15.42  1.00000
  17589     8.50    -15.37  1.00000
  17590     8.55    -22.47  1.00000
  17591     8.55    -22.42  1.00000
  17592     8.55    -22.37  1.00000
  17593     8.55    -22.32  1.00000
  17594     8.55    -22.27  1.00000
  17595     8.55    -22.22  1.00000
  17596     8.55    -22.17  1.00000
  17597     8.55    -22.12  1.00000
  17598     8.55    -22.07  1.00000
  17599     8.55    -22.02  1.00000
  17600     8.55    -21.97  1.00000
  17601     8.55    -21.92  1.00000
  17602     8.55    -21.87  1.00000
  17603     8.55    -21.82  1.00000
  17604     8.55    -21.77  1.00000
  17605     8.55    -21.72  1.00000
  17606     8.55    -21.67  1.00000
  17607     8.55    -21.62  1.00000
  17608     8.55    -21.57  1.00000
  17609     8.55    -21.52  1.00000
  17610     8.55    -21.47  1.00000
  17611     8.55    -21.42  1.00000
  17612     8.55    -21.37  1.00000
  17613     8.55    -21.32  1.00000
  17614     8.55    -21.27  1.00000
  17615     8.55    -21.22  1.00000
  17616     8.55    -21.17  1.00000
  17617     8.55    -21.12  1.00000
  17618     8.55    -21.07  1.00000
  17619     8.55    -21.02  1.00000
  17620     8.55    -20.97  1.00000
  17621     8.55    -20.92  1.00000
  17622     8.55    -20.87  1.00000
  17623     8.55    -20.82  1.00000
  17624     8.55    -20.77  1.00000
  17625     8.55    -20.72  1.00000
  17626     8.55    -20.67  1.00000
  17627     8.55    -20.62  1.00000
  17628     8.55    -20.57  1.00000
  17629     8.55    -20.52  1.00000
  17630     8.55    -20.47  1.00000
  17631     8.55    -20.42  1.00000
  17632     8.55    -20.37  1.00000
  17633     8.55    -20.32  1.00000
  17634     8.55    -20.27  1.00000
  17635     8.55    -20.22  1.00000
  17636     8.55    -20.17  1.00000
  17637     8.55    -20.12  1.00000
  17638     8.55    -20.07  1.00000
  17639     8.55    -20.02  1.00000
  17640     8.55    -19.97  1.00000
  17641     8.55    -19.92  1.00000
  17642     8.55    -19.87  1.00000
  17643     8.55    -19.82  1.00000
  17644     8.55    -19.77  1.00000
  17645     8.55    -19.72  1.00000
  17646     8.55    -19.67  1.00000
  17647     8.55    -19.62  1.00000
  17648     8.55    -19.57  1.00000
  17649     8.55    -19.52  1.00000
  17650     8.55    -19.47  1.00000
  17651     8.55    -19.42  1.00000
  17652     8.55    -19.37  1.00000
  17653     8.55    -19.32  1.00000
  17654     8.55    -19.27  1.00000
  17655     8.55    -19.22  1.00000
  17656     8.55    -19.17  1.00000
  17657     8.55    -19.12  1.00000
  17658     8.55    -19.07  1.00000
  17659     8.55    -19.02  1.00000
  17660     8.55    -18.97  1.00000
  17661     8.55    -18.92  1.00000
  17662     8.55    -18.87  1.00000
  17663     8.55    -18.82  1.00000
  17664     8.55    -18.77  1.00000
  17665     8.55    -18.72  1.00000
  17666     8.55    -18.67  1.00000
  17667     8.55    -18.62  1.00000
  17668     8.55    -18.57  1.00000
  17669     8.55    -18.52  1.00000
  17670     8.55    -18.47  1.00000
  17671     8.55    -18.42  1.00000
  17672     8.55    -18.37  1.00000
  17673     8.55    -18.32  1.00000
  17674     8.55    -18.27  1.00000
  17675     8.55    -18.22  1.00000
  17676     8.55    -18.17  1.00000
  17677     8.55    -18.12  1.00000
  17678     8.55    -18.07  1.00000
  17679     8.55    -18.02  1.00000
  17680     8.55    -17.97  1.00000
  17681     8.55    -17.92  1.00000
  17682     8.55    -17.87  1.00000
  17683     8.55    -17.82  1.00000
  17684     8.55    -17.77  1.00000
  17685     8.55    -17.72  1.00000
  17686     8.55    -17.67  1.00000
  17687     8.55    -17.62  1.00000
  17688     8.55    -17.57  1.00000
  17689     8.55    -17.52  1.00000
  17690     8.55    -17.47  1.00000
  17691     8.55    -17.42  1.00000
  17692     8.55    -17.37  1.00000
  17693     8.55    -17.32  1.00000
  17694     8.55    -17.27  1.00000
  17695     8.55    -17.22  1.00000
  17696     8.55    -17.17  1.00000
  17697     8.55    -17.12  1.00000
  17698     8.55    -17.07  1.00000
  17699     8.55    -17.02  1.00000
  17700     8.55    -16.97  1.00000
  17701     8.55    -16.92  1.00000
  17702     8.55    -16.87  1.00000
  17703     8.55    -16.82  1.00000
  17704     8.55    -16.77  1.00000
  17705     8.55    -16.72  1.00000
  17706     8.55    -16.67  1.00000
  17707     8.55    -16.62  1.00000
  17708     8.55    -16.57  1.00000
  17709     8.55    -16.52  1.00000
  17710     8.55    -16.47  1.00000
  17711     8.55    -16.42  1.00000
  17712     8.55    -16.37  1.00000
  17713     8.55    -16.32  1.00000
  17714     8.55    -16.27  1.00000
  17715     8.55    -16.22  1.00000
  17716     8.55    -16.17  1.00000
  17717     8.55    -16.12  1.00000
  17718     8.55    -16.07  1.00000
  17719     8.55    -16.02  1.00000
  17720     8.55    -15.97  1.00000
  17721     8.55    -15.92  1.00000
  17722     8.55    -15.87  1.00000
  17723     8.55    -15.82  1.00000
  17724     8.55    -15.77  1.00000
  17725     8.55    -15.72  1.00000
  17726     8.55    -15.67  1.00000
  17727     8.55    -15.62  1.00000
  17728     8.55    -15.57  1.00000
  17729     8.55    -15.52  1.00000
  17730     8.55    -15.47  1.00000
  17731     8.55    -15.42  1.00000
  17732     8.55    -15.37  1.00000
  17733     8.60    -22.47  1.00000
  17734     8.60    -22.42  1.00000
  17735     8.60    -22.37  1.00000
  17736     8.60    -22.32  1.00000
  17737     8.60    -22.27  1.00000
  17738     8.60    -22.22  1.00000
  17739     8.60    -22.17  1.00000
  17740     8.60    -22.12  1.00000
  17741     8.60    -22.07  1.00000
  17742     8.60    -22.02  1.00000
  17743     8.60    -21.97  1.00000
  17744     8.60    -21.92  1.00000
  17745     8.60    -21.87  1.00000
  17746     8.60    -21.82  1.00000
  17747     8.60    -21.77  1.00000
  17748     8.60    -21.72  1.00000
  17749     8.60    -21.67  1.00000
  17750     8.60    -21.62  1.00000
  17751     8.60    -21.57  1.00000
  17752     8.60    -21.52  1.00000
  17753     8.60    -21.47  1.00000
  17754     8.60    -21.42  1.00000
  17755     8.60    -21.37  1.00000
  17756     8.60    -21.32  1.00000
  17757     8.60    -21.27  1.00000
  17758     8.60    -21.22  1.00000
  17759     8.60    -21.17  1.00000
  17760     8.60    -21.12  1.00000
  17761     8.60    -21.07  1.00000
  17762     8.60    -21.02  1.00000
  17763     8.60    -20.97  1.00000
  17764     8.60    -20.92  1.00000
  17765     8.60    -20.87  1.00000
  17766     8.60    -20.82  1.00000
  17767     8.60    -20.77  1.00000
  17768     8.60    -20.72  1.00000
  17769     8.60    -20.67  1.00000
  17770     8.60    -20.62  1.00000
  17771     8.60    -20.57  1.00000
  17772     8.60    -20.52  1.00000
  17773     8.60    -20.47  1.00000
  17774     8.60    -20.42  1.00000
  17775     8.60    -20.37  1.00000
  17776     8.60    -20.32  1.00000
  17777     8.60    -20.27  1.00000
  17778     8.60    -20.22  1.00000
  17779     8.60    -20.17  1.00000
  17780     8.60    -20.12  1.00000
  17781     8.60    -20.07  1.00000
  17782     8.60    -20.02  1.00000
  17783     8.60    -19.97  1.00000
  17784     8.60    -19.92  1.00000
  17785     8.60    -19.87  1.00000
  17786     8.60    -19.82  1.00000
  17787     8.60    -19.77  1.00000
  17788     8.60    -19.72  1.00000
  17789     8.60    -19.67  1.00000
  17790     8.60    -19.62  1.00000
  17791     8.60    -19.57  1.00000
  17792     8.60    -19.52  1.00000
  17793     8.60    -19.47  1.00000
  17794     8.60    -19.42  1.00000
  17795     8.60    -19.37  1.00000
  17796     8.60    -19.32  1.00000
  17797     8.60    -19.27  1.00000
  17798     8.60    -19.22  1.00000
  17799     8.60    -19.17  1.00000
  17800     8.60    -19.12  1.00000
  17801     8.60    -19.07  1.00000
  17802     8.60    -19.02  1.00000
  17803     8.60    -18.97  1.00000
  17804     8.60    -18.92  1.00000
  17805     8.60    -18.87  1.00000
  17806     8.60    -18.82  1.00000
  17807     8.60    -18.77  1.00000
  17808     8.60    -18.72  1.00000
  17809     8.60    -18.67  1.00000
  17810     8.60    -18.62  1.00000
  17811     8.60    -18.57  1.00000
  17812     8.60    -18.52  1.00000
  17813     8.60    -18.47  1.00000
  17814     8.60    -18.42  1.00000
  17815     8.60    -18.37  1.00000
  17816     8.60    -18.32  1.00000
  17817     8.60    -18.27  1.00000
  17818     8.60    -18.22  1.00000
  17819     8.60    -18.17  1.00000
  17820     8.60    -18.12  1.00000
  17821     8.60    -18.07  1.00000
  17822     8.60    -18.02  1.00000
  17823     8.60    -17.97  1.00000
  17824     8.60    -17.92  1.00000
  17825     8.60    -17.87  1.00000
  17826     8.60    -17.82  1.00000
  17827     8.60    -17.77  1.00000
  17828     8.60    -17.72  1.00000
  17829     8.60    -17.67  1.00000
  17830     8.60    -17.62  1.00000
  17831     8.60    -17.57  1.00000
  17832     8.60    -17.52  1.00000
  17833     8.60    -17.47  1.00000
  17834     8.60    -17.42  1.00000
  17835     8.60    -17.37  1.00000
  17836     8.60    -17.32  1.00000
  17837     8.60    -17.27  1.00000
  17838     8.60    -17.22  1.00000
  17839     8.60    -17.17  1.00000
  17840     8.60    -17.12  1.00000
  17841     8.60    -17.07  1.00000
  17842     8.60    -17.02  1.00000
  17843     8.60    -16.97  1.00000
  17844     8.60    -16.92  1.00000
  17845     8.60    -16.87  1.00000
  17846     8.60    -16.82  1.00000
  17847     8.60    -16.77  1.00000
  17848     8.60    -16.72  1.00000
  17849     8.60    -16.67  1.00000
  17850     8.60    -16.62  1.00000
  17851     8.60    -16.57  1.00000
  17852     8.60    -16.52  1.00000
  17853     8.60    -16.47  1.00000
  17854     8.60    -16.42  1.00000
  17855     8.60    -16.37  1.00000
  17856     8.60    -16.32  1.00000
  17857     8.60    -16.27  1.00000
  17858     8.60    -16.22  1.00000
  17859     8.60    -16.17  1.00000
  17860     8.60    -16.12  1.00000
  17861     8.60    -16.07  1.00000
  17862     8.60    -16.02  1.00000
  17863     8.60    -15.97  1.00000
  17864     8.60    -15.92  1.00000
  17865     8.60    -15.87  1.00000
  17866     8.60    -15.82  1.00000
  17867     8.60    -15.77  1.00000
  17868     8.60    -15.72  1.00000
  17869     8.60    -15.67  1.00000
  17870     8.60    -15.62  1.00000
  17871     8.60    -15.57  1.00000
  17872     8.60    -15.52  1.00000
  17873     8.60    -15.47  1.00000
  17874     8.60    -15.42  1.00000
  17875     8.60    -15.37  1.00000
  17876     8.65    -22.47  1.00000
  17877     8.65    -22.42  1.00000
  17878     8.65    -22.37  1.00000
  17879     8.65    -22.32  1.00000
  17880     8.65    -22.27  1.00000
  17881     8.65    -22.22  1.00000
  17882     8.65    -22.17  1.00000
  17883     8.65    -22.12  1.00000
  17884     8.65    -22.07  1.00000
  17885     8.65    -22.02  1.00000
  17886     8.65    -21.97  1.00000
  17887     8.65    -21.92  1.00000
  17888     8.65    -21.87  1.00000
  17889     8.65    -21.82  1.00000
  17890     8.65    -21.77  1.00000
  17891     8.65    -21.72  1.00000
  17892     8.65    -21.67  1.00000
  17893     8.65    -21.62  1.00000
  17894     8.65    -21.57  1.00000
  17895     8.65    -21.52  1.00000
  17896     8.65    -21.47  1.00000
  17897     8.65    -21.42  1.00000
  17898     8.65    -21.37  1.00000
  17899     8.65    -21.32  1.00000
  17900     8.65    -21.27  1.00000
  17901     8.65    -21.22  1.00000
  17902     8.65    -21.17  1.00000
  17903     8.65    -21.12  1.00000
  17904     8.65    -21.07  1.00000
  17905     8.65    -21.02  1.00000
  17906     8.65    -20.97  1.00000
  17907     8.65    -20.92  1.00000
  17908     8.65    -20.87  1.00000
  17909     8.65    -20.82  1.00000
  17910     8.65    -20.77  1.00000
  17911     8.65    -20.72  1.00000
  17912     8.65    -20.67  1.00000
  17913     8.65    -20.62  1.00000
  17914     8.65    -20.57  1.00000
  17915     8.65    -20.52  1.00000
  17916     8.65    -20.47  1.00000
  17917     8.65    -20.42  1.00000
  17918     8.65    -20.37  1.00000
  17919     8.65    -20.32  1.00000
  17920     8.65    -20.27  1.00000
  17921     8.65    -20.22  1.00000
  17922     8.65    -20.17  1.00000
  17923     8.65    -20.12  1.00000
  17924     8.65    -20.07  1.00000
  17925     8.65    -20.02  1.00000
  17926     8.65    -19.97  1.00000
  17927     8.65    -19.92  1.00000
  17928     8.65    -19.87  1.00000
  17929     8.65    -19.82  1.00000
  17930     8.65    -19.77  1.00000
  17931     8.65    -19.72  1.00000
  17932     8.65    -19.67  1.00000
  17933     8.65    -19.62  1.00000
  17934     8.65    -19.57  1.00000
  17935     8.65    -19.52  1.00000
  17936     8.65    -19.47  1.00000
  17937     8.65    -19.42  1.00000
  17938     8.65    -19.37  1.00000
  17939     8.65    -19.32  1.00000
  17940     8.65    -19.27  1.00000
  17941     8.65    -19.22  1.00000
  17942     8.65    -19.17  1.00000
  17943     8.65    -19.12  1.00000
  17944     8.65    -19.07  1.00000
  17945     8.65    -19.02  1.00000
  17946     8.65    -18.97  1.00000
  17947     8.65    -18.92  1.00000
  17948     8.65    -18.87  1.00000
  17949     8.65    -18.82  1.00000
  17950     8.65    -18.77  1.00000
  17951     8.65    -18.72  1.00000
  17952     8.65    -18.67  1.00000
  17953     8.65    -18.62  1.00000
  17954     8.65    -18.57  1.00000
  17955     8.65    -18.52  1.00000
  17956     8.65    -18.47  1.00000
  17957     8.65    -18.42  1.00000
  17958     8.65    -18.37  1.00000
  17959     8.65    -18.32  1.00000
  17960     8.65    -18.27  1.00000
  17961     8.65    -18.22  1.00000
  17962     8.65    -18.17  1.00000
  17963     8.65    -18.12  1.00000
  17964     8.65    -18.07  1.00000
  17965     8.65    -18.02  1.00000
  17966     8.65    -17.97  1.00000
  17967     8.65    -17.92  1.00000
  17968     8.65    -17.87  1.00000
  17969     8.65    -17.82  1.00000
  17970     8.65    -17.77  1.00000
  17971     8.65    -17.72  1.00000
  17972     8.65    -17.67  1.00000
  17973     8.65    -17.62  1.00000
  17974     8.65    -17.57  1.00000
  17975     8.65    -17.52  1.00000
  17976     8.65    -17.47  1.00000
  17977     8.65    -17.42  1.00000
  17978     8.65    -17.37  1.00000
  17979     8.65    -17.32  1.00000
  17980     8.65    -17.27  1.00000
  17981     8.65    -17.22  1.00000
  17982     8.65    -17.17  1.00000
  17983     8.65    -17.12  1.00000
  17984     8.65    -17.07  1.00000
  17985     8.65    -17.02  1.00000
  17986     8.65    -16.97  1.00000
  17987     8.65    -16.92  1.00000
  17988     8.65    -16.87  1.00000
  17989     8.65    -16.82  1.00000
  17990     8.65    -16.77  1.00000
  17991     8.65    -16.72  1.00000
  17992     8.65    -16.67  1.00000
  17993     8.65    -16.62  1.00000
  17994     8.65    -16.57  1.00000
  17995     8.65    -16.52  1.00000
  17996     8.65    -16.47  1.00000
  17997     8.65    -16.42  1.00000
  17998     8.65    -16.37  1.00000
  17999     8.65    -16.32  1.00000
  18000     8.65    -16.27  1.00000
  18001     8.65    -16.22  1.00000
  18002     8.65    -16.17  1.00000
  18003     8.65    -16.12  1.00000
  18004     8.65    -16.07  1.00000
  18005     8.65    -16.02  1.00000
  18006     8.65    -15.97  1.00000
  18007     8.65    -15.92  1.00000
  18008     8.65    -15.87  1.00000
  18009     8.65    -15.82  1.00000
  18010     8.65    -15.77  1.00000
  18011     8.65    -15.72  1.00000
  18012     8.65    -15.67  1.00000
  18013     8.65    -15.62  1.00000
  18014     8.65    -15.57  1.00000
  18015     8.65    -15.52  1.00000
  18016     8.65    -15.47  1.00000
  18017     8.65    -15.42  1.00000
  18018     8.65    -15.37  1.00000
  18019     8.70    -22.47  1.00000
  18020     8.70    -22.42  1.00000
  18021     8.70    -22.37  1.00000
  18022     8.70    -22.32  1.00000
  18023     8.70    -22.27  1.00000
  18024     8.70    -22.22  1.00000
  18025     8.70    -22.17  1.00000
  18026     8.70    -22.12  1.00000
  18027     8.70    -22.07  1.00000
  18028     8.70    -22.02  1.00000
  18029     8.70    -21.97  1.00000
  18030     8.70    -21.92  1.00000
  18031     8.70    -21.87  1.00000
  18032     8.70    -21.82  1.00000
  18033     8.70    -21.77  1.00000
  18034     8.70    -21.72  1.00000
  18035     8.70    -21.67  1.00000
  18036     8.70    -21.62  1.00000
  18037     8.70    -21.57  1.00000
  18038     8.70    -21.52  1.00000
  18039     8.70    -21.47  1.00000
  18040     8.70    -21.42  1.00000
  18041     8.70    -21.37  1.00000
  18042     8.70    -21.32  1.00000
  18043     8.70    -21.27  1.00000
  18044     8.70    -21.22  1.00000
  18045     8.70    -21.17  1.00000
  18046     8.70    -21.12  1.00000
  18047     8.70    -21.07  1.00000
  18048     8.70    -21.02  1.00000
  18049     8.70    -20.97  1.00000
  18050     8.70    -20.92  1.00000
  18051     8.70    -20.87  1.00000
  18052     8.70    -20.82  1.00000
  18053     8.70    -20.77  1.00000
  18054     8.70    -20.72  1.00000
  18055     8.70    -20.67  1.00000
  18056     8.70    -20.62  1.00000
  18057     8.70    -20.57  1.00000
  18058     8.70    -20.52  1.00000
  18059     8.70    -20.47  1.00000
  18060     8.70    -20.42  1.00000
  18061     8.70    -20.37  1.00000
  18062     8.70    -20.32  1.00000
  18063     8.70    -20.27  1.00000
  18064     8.70    -20.22  1.00000
  18065     8.70    -20.17  1.00000
  18066     8.70    -20.12  1.00000
  18067     8.70    -20.07  1.00000
  18068     8.70    -20.02  1.00000
  18069     8.70    -19.97  1.00000
  18070     8.70    -19.92  1.00000
  18071     8.70    -19.87  1.00000
  18072     8.70    -19.82  1.00000
  18073     8.70    -19.77  1.00000
  18074     8.70    -19.72  1.00000
  18075     8.70    -19.67  1.00000
  18076     8.70    -19.62  1.00000
  18077     8.70    -19.57  1.00000
  18078     8.70    -19.52  1.00000
  18079     8.70    -19.47  1.00000
  18080     8.70    -19.42  1.00000
  18081     8.70    -19.37  1.00000
  18082     8.70    -19.32  1.00000
  18083     8.70    -19.27  1.00000
  18084     8.70    -19.22  1.00000
  18085     8.70    -19.17  1.00000
  18086     8.70    -19.12  1.00000
  18087     8.70    -19.07  1.00000
  18088     8.70    -19.02  1.00000
  18089     8.70    -18.97  1.00000
  18090     8.70    -18.92  1.00000
  18091     8.70    -18.87  1.00000
  18092     8.70    -18.82  1.00000
  18093     8.70    -18.77  1.00000
  18094     8.70    -18.72  1.00000
  18095     8.70    -18.67  1.00000
  18096     8.70    -18.62  1.00000
  18097     8.70    -18.57  1.00000
  18098     8.70    -18.52  1.00000
  18099     8.70    -18.47  1.00000
  18100     8.70    -18.42  1.00000
  18101     8.70    -18.37  1.00000
  18102     8.70    -18.32  1.00000
  18103     8.70    -18.27  1.00000
  18104     8.70    -18.22  1.00000
  18105     8.70    -18.17  1.00000
  18106     8.70    -18.12  1.00000
  18107     8.70    -18.07  1.00000
  18108     8.70    -18.02  1.00000
  18109     8.70    -17.97  1.00000
  18110     8.70    -17.92  1.00000
  18111     8.70    -17.87  1.00000
  18112     8.70    -17.82  1.00000
  18113     8.70    -17.77  1.00000
  18114     8.70    -17.72  1.00000
  18115     8.70    -17.67  1.00000
  18116     8.70    -17.62  1.00000
  18117     8.70    -17.57  1.00000
  18118     8.70    -17.52  1.00000
  18119     8.70    -17.47  1.00000
  18120     8.70    -17.42  1.00000
  18121     8.70    -17.37  1.00000
  18122     8.70    -17.32  1.00000
  18123     8.70    -17.27  1.00000
  18124     8.70    -17.22  1.00000
  18125     8.70    -17.17  1.00000
  18126     8.70    -17.12  1.00000
  18127     8.70    -17.07  1.00000
  18128     8.70    -17.02  1.00000
  18129     8.70    -16.97  1.00000
  18130     8.70    -16.92  1.00000
  18131     8.70    -16.87  1.00000
  18132     8.70    -16.82  1.00000
  18133     8.70    -16.77  1.00000
  18134     8.70    -16.72  1.00000
  18135     8.70    -16.67  1.00000
  18136     8.70    -16.62  1.00000
  18137     8.70    -16.57  1.00000
  18138     8.70    -16.52  1.00000
  18139     8.70    -16.47  1.00000
  18140     8.70    -16.42  1.00000
  18141     8.70    -16.37  1.00000
  18142     8.70    -16.32  1.00000
  18143     8.70    -16.27  1.00000
  18144     8.70    -16.22  1.00000
  18145     8.70    -16.17  1.00000
  18146     8.70    -16.12  1.00000
  18147     8.70    -16.07  1.00000
  18148     8.70    -16.02  1.00000
  18149     8.70    -15.97  1.00000
  18150     8.70    -15.92  1.00000
  18151     8.70    -15.87  1.00000
  18152     8.70    -15.82  1.00000
  18153     8.70    -15.77  1.00000
  18154     8.70    -15.72  1.00000
  18155     8.70    -15.67  1.00000
  18156     8.70    -15.62  1.00000
  18157     8.70    -15.57  1.00000
  18158     8.70    -15.52  1.00000
  18159     8.70    -15.47  1.00000
  18160     8.70    -15.42  1.00000
  18161     8.70    -15.37  1.00000
  18162     8.75    -22.47  1.00000
  18163     8.75    -22.42  1.00000
  18164     8.75    -22.37  1.00000
  18165     8.75    -22.32  1.00000
  18166     8.75    -22.27  1.00000
  18167     8.75    -22.22  1.00000
  18168     8.75    -22.17  1.00000
  18169     8.75    -22.12  1.00000
  18170     8.75    -22.07  1.00000
  18171     8.75    -22.02  1.00000
  18172     8.75    -21.97  1.00000
  18173     8.75    -21.92  1.00000
  18174     8.75    -21.87  1.00000
  18175     8.75    -21.82  1.00000
  18176     8.75    -21.77  1.00000
  18177     8.75    -21.72  1.00000
  18178     8.75    -21.67  1.00000
  18179     8.75    -21.62  1.00000
  18180     8.75    -21.57  1.00000
  18181     8.75    -21.52  1.00000
  18182     8.75    -21.47  1.00000
  18183     8.75    -21.42  1.00000
  18184     8.75    -21.37  1.00000
  18185     8.75    -21.32  1.00000
  18186     8.75    -21.27  1.00000
  18187     8.75    -21.22  1.00000
  18188     8.75    -21.17  1.00000
  18189     8.75    -21.12  1.00000
  18190     8.75    -21.07  1.00000
  18191     8.75    -21.02  1.00000
  18192     8.75    -20.97  1.00000
  18193     8.75    -20.92  1.00000
  18194     8.75    -20.87  1.00000
  18195     8.75    -20.82  1.00000
  18196     8.75    -20.77  1.00000
  18197     8.75    -20.72  1.00000
  18198     8.75    -20.67  1.00000
  18199     8.75    -20.62  1.00000
  18200     8.75    -20.57  1.00000
  18201     8.75    -20.52  1.00000
  18202     8.75    -20.47  1.00000
  18203     8.75    -20.42  1.00000
  18204     8.75    -20.37  1.00000
  18205     8.75    -20.32  1.00000
  18206     8.75    -20.27  1.00000
  18207     8.75    -20.22  1.00000
  18208     8.75    -20.17  1.00000
  18209     8.75    -20.12  1.00000
  18210     8.75    -20.07  1.00000
  18211     8.75    -20.02  1.00000
  18212     8.75    -19.97  1.00000
  18213     8.75    -19.92  1.00000
  18214     8.75    -19.87  1.00000
  18215     8.75    -19.82  1.00000
  18216     8.75    -19.77  1.00000
  18217     8.75    -19.72  1.00000
  18218     8.75    -19.67  1.00000
  18219     8.75    -19.62  1.00000
  18220     8.75    -19.57  1.00000
  18221     8.75    -19.52  1.00000
  18222     8.75    -19.47  1.00000
  18223     8.75    -19.42  1.00000
  18224     8.75    -19.37  1.00000
  18225     8.75    -19.32  1.00000
  18226     8.75    -19.27  1.00000
  18227     8.75    -19.22  1.00000
  18228     8.75    -19.17  1.00000
  18229     8.75    -19.12  1.00000
  18230     8.75    -19.07  1.00000
  18231     8.75    -19.02  1.00000
  18232     8.75    -18.97  1.00000
  18233     8.75    -18.92  1.00000
  18234     8.75    -18.87  1.00000
  18235     8.75    -18.82  1.00000
  18236     8.75    -18.77  1.00000
  18237     8.75    -18.72  1.00000
  18238     8.75    -18.67  1.00000
  18239     8.75    -18.62  1.00000
  18240     8.75    -18.57  1.00000
  18241     8.75    -18.52  1.00000
  18242     8.75    -18.47  1.00000
  18243     8.75    -18.42  1.00000
  18244     8.75    -18.37  1.00000
  18245     8.75    -18.32  1.00000
  18246     8.75    -18.27  1.00000
  18247     8.75    -18.22  1.00000
  18248     8.75    -18.17  1.00000
  18249     8.75    -18.12  1.00000
  18250     8.75    -18.07  1.00000
  18251     8.75    -18.02  1.00000
  18252     8.75    -17.97  1.00000
  18253     8.75    -17.92  1.00000
  18254     8.75    -17.87  1.00000
  18255     8.75    -17.82  1.00000
  18256     8.75    -17.77  1.00000
  18257     8.75    -17.72  1.00000
  18258     8.75    -17.67  1.00000
  18259     8.75    -17.62  1.00000
  18260     8.75    -17.57  1.00000
  18261     8.75    -17.52  1.00000
  18262     8.75    -17.47  1.00000
  18263     8.75    -17.42  1.00000
  18264     8.75    -17.37  1.00000
  18265     8.75    -17.32  1.00000
  18266     8.75    -17.27  1.00000
  18267     8.75    -17.22  1.00000
  18268     8.75    -17.17  1.00000
  18269     8.75    -17.12  1.00000
  18270     8.75    -17.07  1.00000
  18271     8.75    -17.02  1.00000
  18272     8.75    -16.97  1.00000
  18273     8.75    -16.92  1.00000
  18274     8.75    -16.87  1.00000
  18275     8.75    -16.82  1.00000
  18276     8.75    -16.77  1.00000
  18277     8.75    -16.72  1.00000
  18278     8.75    -16.67  1.00000
  18279     8.75    -16.62  1.00000
  18280     8.75    -16.57  1.00000
  18281     8.75    -16.52  1.00000
  18282     8.75    -16.47  1.00000
  18283     8.75    -16.42  1.00000
  18284     8.75    -16.37  1.00000
  18285     8.75    -16.32  1.00000
  18286     8.75    -16.27  1.00000
  18287     8.75    -16.22  1.00000
  18288     8.75    -16.17  1.00000
  18289     8.75    -16.12  1.00000
  18290     8.75    -16.07  1.00000
  18291     8.75    -16.02  1.00000
  18292     8.75    -15.97  1.00000
  18293     8.75    -15.92  1.00000
  18294     8.75    -15.87  1.00000
  18295     8.75    -15.82  1.00000
  18296     8.75    -15.77  1.00000
  18297     8.75    -15.72  1.00000
  18298     8.75    -15.67  1.00000
  18299     8.75    -15.62  1.00000
  18300     8.75    -15.57  1.00000
  18301     8.75    -15.52  1.00000
  18302     8.75    -15.47  1.00000
  18303     8.75    -15.42  1.00000
  18304     8.75    -15.37  1.00000
  18305     8.80    -22.47  1.00000
  18306     8.80    -22.42  1.00000
  18307     8.80    -22.37  1.00000
  18308     8.80    -22.32  1.00000
  18309     8.80    -22.27  1.00000
  18310     8.80    -22.22  1.00000
  18311     8.80    -22.17  1.00000
  18312     8.80    -22.12  1.00000
  18313     8.80    -22.07  1.00000
  18314     8.80    -22.02  1.00000
  18315     8.80    -21.97  1.00000
  18316     8.80    -21.92  1.00000
  18317     8.80    -21.87  1.00000
  18318     8.80    -21.82  1.00000
  18319     8.80    -21.77  1.00000
  18320     8.80    -21.72  1.00000
  18321     8.80    -21.67  1.00000
  18322     8.80    -21.62  1.00000
  18323     8.80    -21.57  1.00000
  18324     8.80    -21.52  1.00000
  18325     8.80    -21.47  1.00000
  18326     8.80    -21.42  1.00000
  18327     8.80    -21.37  1.00000
  18328     8.80    -21.32  1.00000
  18329     8.80    -21.27  1.00000
  18330     8.80    -21.22  1.00000
  18331     8.80    -21.17  1.00000
  18332     8.80    -21.12  1.00000
  18333     8.80    -21.07  1.00000
  18334     8.80    -21.02  1.00000
  18335     8.80    -20.97  1.00000
  18336     8.80    -20.92  1.00000
  18337     8.80    -20.87  1.00000
  18338     8.80    -20.82  1.00000
  18339     8.80    -20.77  1.00000
  18340     8.80    -20.72  1.00000
  18341     8.80    -20.67  1.00000
  18342     8.80    -20.62  1.00000
  18343     8.80    -20.57  1.00000
  18344     8.80    -20.52  1.00000
  18345     8.80    -20.47  1.00000
  18346     8.80    -20.42  1.00000
  18347     8.80    -20.37  1.00000
  18348     8.80    -20.32  1.00000
  18349     8.80    -20.27  1.00000
  18350     8.80    -20.22  1.00000
  18351     8.80    -20.17  1.00000
  18352     8.80    -20.12  1.00000
  18353     8.80    -20.07  1.00000
  18354     8.80    -20.02  1.00000
  18355     8.80    -19.97  1.00000
  18356     8.80    -19.92  1.00000
  18357     8.80    -19.87  1.00000
  18358     8.80    -19.82  1.00000
  18359     8.80    -19.77  1.00000
  18360     8.80    -19.72  1.00000
  18361     8.80    -19.67  1.00000
  18362     8.80    -19.62  1.00000
  18363     8.80    -19.57  1.00000
  18364     8.80    -19.52  1.00000
  18365     8.80    -19.47  1.00000
  18366     8.80    -19.42  1.00000
  18367     8.80    -19.37  1.00000
  18368     8.80    -19.32  1.00000
  18369     8.80    -19.27  1.00000
  18370     8.80    -19.22  1.00000
  18371     8.80    -19.17  1.00000
  18372     8.80    -19.12  1.00000
  18373     8.80    -19.07  1.00000
  18374     8.80    -19.02  1.00000
  18375     8.80    -18.97  1.00000
  18376     8.80    -18.92  1.00000
  18377     8.80    -18.87  1.00000
  18378     8.80    -18.82  1.00000
  18379     8.80    -18.77  1.00000
  18380     8.80    -18.72  1.00000
  18381     8.80    -18.67  1.00000
  18382     8.80    -18.62  1.00000
  18383     8.80    -18.57  1.00000
  18384     8.80    -18.52  1.00000
  18385     8.80    -18.47  1.00000
  18386     8.80    -18.42  1.00000
  18387     8.80    -18.37  1.00000
  18388     8.80    -18.32  1.00000
  18389     8.80    -18.27  1.00000
  18390     8.80    -18.22  1.00000
  18391     8.80    -18.17  1.00000
  18392     8.80    -18.12  1.00000
  18393     8.80    -18.07  1.00000
  18394     8.80    -18.02  1.00000
  18395     8.80    -17.97  1.00000
  18396     8.80    -17.92  1.00000
  18397     8.80    -17.87  1.00000
  18398     8.80    -17.82  1.00000
  18399     8.80    -17.77  1.00000
  18400     8.80    -17.72  1.00000
  18401     8.80    -17.67  1.00000
  18402     8.80    -17.62  1.00000
  18403     8.80    -17.57  1.00000
  18404     8.80    -17.52  1.00000
  18405     8.80    -17.47  1.00000
  18406     8.80    -17.42  1.00000
  18407     8.80    -17.37  1.00000
  18408     8.80    -17.32  1.00000
  18409     8.80    -17.27  1.00000
  18410     8.80    -17.22  1.00000
  18411     8.80    -17.17  1.00000
  18412     8.80    -17.12  1.00000
  18413     8.80    -17.07  1.00000
  18414     8.80    -17.02  1.00000
  18415     8.80    -16.97  1.00000
  18416     8.80    -16.92  1.00000
  18417     8.80    -16.87  1.00000
  18418     8.80    -16.82  1.00000
  18419     8.80    -16.77  1.00000
  18420     8.80    -16.72  1.00000
  18421     8.80    -16.67  1.00000
  18422     8.80    -16.62  1.00000
  18423     8.80    -16.57  1.00000
  18424     8.80    -16.52  1.00000
  18425     8.80    -16.47  1.00000
  18426     8.80    -16.42  1.00000
  18427     8.80    -16.37  1.00000
  18428     8.80    -16.32  1.00000
  18429     8.80    -16.27  1.00000
  18430     8.80    -16.22  1.00000
  18431     8.80    -16.17  1.00000
  18432     8.80    -16.12  1.00000
  18433     8.80    -16.07  1.00000
  18434     8.80    -16.02  1.00000
  18435     8.80    -15.97  1.00000
  18436     8.80    -15.92  1.00000
  18437     8.80    -15.87  1.00000
  18438     8.80    -15.82  1.00000
  18439     8.80    -15.77  1.00000
  18440     8.80    -15.72  1.00000
  18441     8.80    -15.67  1.00000
  18442     8.80    -15.62  1.00000
  18443     8.80    -15.57  1.00000
  18444     8.80    -15.52  1.00000
  18445     8.80    -15.47  1.00000
  18446     8.80    -15.42  1.00000
  18447     8.80    -15.37  1.00000
  18448     8.85    -22.47  1.00000
  18449     8.85    -22.42  1.00000
  18450     8.85    -22.37  1.00000
  18451     8.85    -22.32  1.00000
  18452     8.85    -22.27  1.00000
  18453     8.85    -22.22  1.00000
  18454     8.85    -22.17  1.00000
  18455     8.85    -22.12  1.00000
  18456     8.85    -22.07  1.00000
  18457     8.85    -22.02  1.00000
  18458     8.85    -21.97  1.00000
  18459     8.85    -21.92  1.00000
  18460     8.85    -21.87  1.00000
  18461     8.85    -21.82  1.00000
  18462     8.85    -21.77  1.00000
  18463     8.85    -21.72  1.00000
  18464     8.85    -21.67  1.00000
  18465     8.85    -21.62  1.00000
  18466     8.85    -21.57  1.00000
  18467     8.85    -21.52  1.00000
  18468     8.85    -21.47  1.00000
  18469     8.85    -21.42  1.00000
  18470     8.85    -21.37  1.00000
  18471     8.85    -21.32  1.00000
  18472     8.85    -21.27  1.00000
  18473     8.85    -21.22  1.00000
  18474     8.85    -21.17  1.00000
  18475     8.85    -21.12  1.00000
  18476     8.85    -21.07  1.00000
  18477     8.85    -21.02  1.00000
  18478     8.85    -20.97  1.00000
  18479     8.85    -20.92  1.00000
  18480     8.85    -20.87  1.00000
  18481     8.85    -20.82  1.00000
  18482     8.85    -20.77  1.00000
  18483     8.85    -20.72  1.00000
  18484     8.85    -20.67  1.00000
  18485     8.85    -20.62  1.00000
  18486     8.85    -20.57  1.00000
  18487     8.85    -20.52  1.00000
  18488     8.85    -20.47  1.00000
  18489     8.85    -20.42  1.00000
  18490     8.85    -20.37  1.00000
  18491     8.85    -20.32  1.00000
  18492     8.85    -20.27  1.00000
  18493     8.85    -20.22  1.00000
  18494     8.85    -20.17  1.00000
  18495     8.85    -20.12  1.00000
  18496     8.85    -20.07  1.00000
  18497     8.85    -20.02  1.00000
  18498     8.85    -19.97  1.00000
  18499     8.85    -19.92  1.00000
  18500     8.85    -19.87  1.00000
  18501     8.85    -19.82  1.00000
  18502     8.85    -19.77  1.00000
  18503     8.85    -19.72  1.00000
  18504     8.85    -19.67  1.00000
  18505     8.85    -19.62  1.00000
  18506     8.85    -19.57  1.00000
  18507     8.85    -19.52  1.00000
  18508     8.85    -19.47  1.00000
  18509     8.85    -19.42  1.00000
  18510     8.85    -19.37  1.00000
  18511     8.85    -19.32  1.00000
  18512     8.85    -19.27  1.00000
  18513     8.85    -19.22  1.00000
  18514     8.85    -19.17  1.00000
  18515     8.85    -19.12  1.00000
  18516     8.85    -19.07  1.00000
  18517     8.85    -19.02  1.00000
  18518     8.85    -18.97  1.00000
  18519     8.85    -18.92  1.00000
  18520     8.85    -18.87  1.00000
  18521     8.85    -18.82  1.00000
  18522     8.85    -18.77  1.00000
  18523     8.85    -18.72  1.00000
  18524     8.85    -18.67  1.00000
  18525     8.85    -18.62  1.00000
  18526     8.85    -18.57  1.00000
  18527     8.85    -18.52  1.00000
  18528     8.85    -18.47  1.00000
  18529     8.85    -18.42  1.00000
  18530     8.85    -18.37  1.00000
  18531     8.85    -18.32  1.00000
  18532     8.85    -18.27  1.00000
  18533     8.85    -18.22  1.00000
  18534     8.85    -18.17  1.00000
  18535     8.85    -18.12  1.00000
  18536     8.85    -18.07  1.00000
  18537     8.85    -18.02  1.00000
  18538     8.85    -17.97  1.00000
  18539     8.85    -17.92  1.00000
  18540     8.85    -17.87  1.00000
  18541     8.85    -17.82  1.00000
  18542     8.85    -17.77  1.00000
  18543     8.85    -17.72  1.00000
  18544     8.85    -17.67  1.00000
  18545     8.85    -17.62  1.00000
  18546     8.85    -17.57  1.00000
  18547     8.85    -17.52  1.00000
  18548     8.85    -17.47  1.00000
  18549     8.85    -17.42  1.00000
  18550     8.85    -17.37  1.00000
  18551     8.85    -17.32  1.00000
  18552     8.85    -17.27  1.00000
  18553     8.85    -17.22  1.00000
  18554     8.85    -17.17  1.00000
  18555     8.85    -17.12  1.00000
  18556     8.85    -17.07  1.00000
  18557     8.85    -17.02  1.00000
  18558     8.85    -16.97  1.00000
  18559     8.85    -16.92  1.00000
  18560     8.85    -16.87  1.00000
  18561     8.85    -16.82  1.00000
  18562     8.85    -16.77  1.00000
  18563     8.85    -16.72  1.00000
  18564     8.85    -16.67  1.00000
  18565     8.85    -16.62  1.00000
  18566     8.85    -16.57  1.00000
  18567     8.85    -16.52  1.00000
  18568     8.85    -16.47  1.00000
  18569     8.85    -16.42  1.00000
  18570     8.85    -16.37  1.00000
  18571     8.85    -16.32  1.00000
  18572     8.85    -16.27  1.00000
  18573     8.85    -16.22  1.00000
  18574     8.85    -16.17  1.00000
  18575     8.85    -16.12  1.00000
  18576     8.85    -16.07  1.00000
  18577     8.85    -16.02  1.00000
  18578     8.85    -15.97  1.00000
  18579     8.85    -15.92  1.00000
  18580     8.85    -15.87  1.00000
  18581     8.85    -15.82  1.00000
  18582     8.85    -15.77  1.00000
  18583     8.85    -15.72  1.00000
  18584     8.85    -15.67  1.00000
  18585     8.85    -15.62  1.00000
  18586     8.85    -15.57  1.00000
  18587     8.85    -15.52  1.00000
  18588     8.85    -15.47  1.00000
  18589     8.85    -15.42  1.00000
  18590     8.85    -15.37  1.00000
  18591     8.90    -22.47  1.00000
  18592     8.90    -22.42  1.00000
  18593     8.90    -22.37  1.00000
  18594     8.90    -22.32  1.00000
  18595     8.90    -22.27  1.00000
  18596     8.90    -22.22  1.00000
  18597     8.90    -22.17  1.00000
  18598     8.90    -22.12  1.00000
  18599     8.90    -22.07  1.00000
  18600     8.90    -22.02  1.00000
  18601     8.90    -21.97  1.00000
  18602     8.90    -21.92  1.00000
  18603     8.90    -21.87  1.00000
  18604     8.90    -21.82  1.00000
  18605     8.90    -21.77  1.00000
  18606     8.90    -21.72  1.00000
  18607     8.90    -21.67  1.00000
  18608     8.90    -21.62  1.00000
  18609     8.90    -21.57  1.00000
  18610     8.90    -21.52  1.00000
  18611     8.90    -21.47  1.00000
  18612     8.90    -21.42  1.00000
  18613     8.90    -21.37  1.00000
  18614     8.90    -21.32  1.00000
  18615     8.90    -21.27  1.00000
  18616     8.90    -21.22  1.00000
  18617     8.90    -21.17  1.00000
  18618     8.90    -21.12  1.00000
  18619     8.90    -21.07  1.00000
  18620     8.90    -21.02  1.00000
  18621     8.90    -20.97  1.00000
  18622     8.90    -20.92  1.00000
  18623     8.90    -20.87  1.00000
  18624     8.90    -20.82  1.00000
  18625     8.90    -20.77  1.00000
  18626     8.90    -20.72  1.00000
  18627     8.90    -20.67  1.00000
  18628     8.90    -20.62  1.00000
  18629     8.90    -20.57  1.00000
  18630     8.90    -20.52  1.00000
  18631     8.90    -20.47  1.00000
  18632     8.90    -20.42  1.00000
  18633     8.90    -20.37  1.00000
  18634     8.90    -20.32  1.00000
  18635     8.90    -20.27  1.00000
  18636     8.90    -20.22  1.00000
  18637     8.90    -20.17  1.00000
  18638     8.90    -20.12  1.00000
  18639     8.90    -20.07  1.00000
  18640     8.90    -20.02  1.00000
  18641     8.90    -19.97  1.00000
  18642     8.90    -19.92  1.00000
  18643     8.90    -19.87  1.00000
  18644     8.90    -19.82  1.00000
  18645     8.90    -19.77  1.00000
  18646     8.90    -19.72  1.00000
  18647     8.90    -19.67  1.00000
  18648     8.90    -19.62  1.00000
  18649     8.90    -19.57  1.00000
  18650     8.90    -19.52  1.00000
  18651     8.90    -19.47  1.00000
  18652     8.90    -19.42  1.00000
  18653     8.90    -19.37  1.00000
  18654     8.90    -19.32  1.00000
  18655     8.90    -19.27  1.00000
  18656     8.90    -19.22  1.00000
  18657     8.90    -19.17  1.00000
  18658     8.90    -19.12  1.00000
  18659     8.90    -19.07  1.00000
  18660     8.90    -19.02  1.00000
  18661     8.90    -18.97  1.00000
  18662     8.90    -18.92  1.00000
  18663     8.90    -18.87  1.00000
  18664     8.90    -18.82  1.00000
  18665     8.90    -18.77  1.00000
  18666     8.90    -18.72  1.00000
  18667     8.90    -18.67  1.00000
  18668     8.90    -18.62  1.00000
  18669     8.90    -18.57  1.00000
  18670     8.90    -18.52  1.00000
  18671     8.90    -18.47  1.00000
  18672     8.90    -18.42  1.00000
  18673     8.90    -18.37  1.00000
  18674     8.90    -18.32  1.00000
  18675     8.90    -18.27  1.00000
  18676     8.90    -18.22  1.00000
  18677     8.90    -18.17  1.00000
  18678     8.90    -18.12  1.00000
  18679     8.90    -18.07  1.00000
  18680     8.90    -18.02  1.00000
  18681     8.90    -17.97  1.00000
  18682     8.90    -17.92  1.00000
  18683     8.90    -17.87  1.00000
  18684     8.90    -17.82  1.00000
  18685     8.90    -17.77  1.00000
  18686     8.90    -17.72  1.00000
  18687     8.90    -17.67  1.00000
  18688     8.90    -17.62  1.00000
  18689     8.90    -17.57  1.00000
  18690     8.90    -17.52  1.00000
  18691     8.90    -17.47  1.00000
  18692     8.90    -17.42  1.00000
  18693     8.90    -17.37  1.00000
  18694     8.90    -17.32  1.00000
  18695     8.90    -17.27  1.00000
  18696     8.90    -17.22  1.00000
  18697     8.90    -17.17  1.00000
  18698     8.90    -17.12  1.00000
  18699     8.90    -17.07  1.00000
  18700     8.90    -17.02  1.00000
  18701     8.90    -16.97  1.00000
  18702     8.90    -16.92  1.00000
  18703     8.90    -16.87  1.00000
  18704     8.90    -16.82  1.00000
  18705     8.90    -16.77  1.00000
  18706     8.90    -16.72  1.00000
  18707     8.90    -16.67  1.00000
  18708     8.90    -16.62  1.00000
  18709     8.90    -16.57  1.00000
  18710     8.90    -16.52  1.00000
  18711     8.90    -16.47  1.00000
  18712     8.90    -16.42  1.00000
  18713     8.90    -16.37  1.00000
  18714     8.90    -16.32  1.00000
  18715     8.90    -16.27  1.00000
  18716     8.90    -16.22  1.00000
  18717     8.90    -16.17  1.00000
  18718     8.90    -16.12  1.00000
  18719     8.90    -16.07  1.00000
  18720     8.90    -16.02  1.00000
  18721     8.90    -15.97  1.00000
  18722     8.90    -15.92  1.00000
  18723     8.90    -15.87  1.00000
  18724     8.90    -15.82  1.00000
  18725     8.90    -15.77  1.00000
  18726     8.90    -15.72  1.00000
  18727     8.90    -15.67  1.00000
  18728     8.90    -15.62  1.00000
  18729     8.90    -15.57  1.00000
  18730     8.90    -15.52  1.00000
  18731     8.90    -15.47  1.00000
  18732     8.90    -15.42  1.00000
  18733     8.90    -15.37  1.00000
  18734     8.95    -22.47  1.00000
  18735     8.95    -22.42  1.00000
  18736     8.95    -22.37  1.00000
  18737     8.95    -22.32  1.00000
  18738     8.95    -22.27  1.00000
  18739     8.95    -22.22  1.00000
  18740     8.95    -22.17  1.00000
  18741     8.95    -22.12  1.00000
  18742     8.95    -22.07  1.00000
  18743     8.95    -22.02  1.00000
  18744     8.95    -21.97  1.00000
  18745     8.95    -21.92  1.00000
  18746     8.95    -21.87  1.00000
  18747     8.95    -21.82  1.00000
  18748     8.95    -21.77  1.00000
  18749     8.95    -21.72  1.00000
  18750     8.95    -21.67  1.00000
  18751     8.95    -21.62  1.00000
  18752     8.95    -21.57  1.00000
  18753     8.95    -21.52  1.00000
  18754     8.95    -21.47  1.00000
  18755     8.95    -21.42  1.00000
  18756     8.95    -21.37  1.00000
  18757     8.95    -21.32  1.00000
  18758     8.95    -21.27  1.00000
  18759     8.95    -21.22  1.00000
  18760     8.95    -21.17  1.00000
  18761     8.95    -21.12  1.00000
  18762     8.95    -21.07  1.00000
  18763     8.95    -21.02  1.00000
  18764     8.95    -20.97  1.00000
  18765     8.95    -20.92  1.00000
  18766     8.95    -20.87  1.00000
  18767     8.95    -20.82  1.00000
  18768     8.95    -20.77  1.00000
  18769     8.95    -20.72  1.00000
  18770     8.95    -20.67  1.00000
  18771     8.95    -20.62  1.00000
  18772     8.95    -20.57  1.00000
  18773     8.95    -20.52  1.00000
  18774     8.95    -20.47  1.00000
  18775     8.95    -20.42  1.00000
  18776     8.95    -20.37  1.00000
  18777     8.95    -20.32  1.00000
  18778     8.95    -20.27  1.00000
  18779     8.95    -20.22  1.00000
  18780     8.95    -20.17  1.00000
  18781     8.95    -20.12  1.00000
  18782     8.95    -20.07  1.00000
  18783     8.95    -20.02  1.00000
  18784     8.95    -19.97  1.00000
  18785     8.95    -19.92  1.00000
  18786     8.95    -19.87  1.00000
  18787     8.95    -19.82  1.00000
  18788     8.95    -19.77  1.00000
  18789     8.95    -19.72  1.00000
  18790     8.95    -19.67  1.00000
  18791     8.95    -19.62  1.00000
  18792     8.95    -19.57  1.00000
  18793     8.95    -19.52  1.00000
  18794     8.95    -19.47  1.00000
  18795     8.95    -19.42  1.00000
  18796     8.95    -19.37  1.00000
  18797     8.95    -19.32  1.00000
  18798     8.95    -19.27  1.00000
  18799     8.95    -19.22  1.00000
  18800     8.95    -19.17  1.00000
  18801     8.95    -19.12  1.00000
  18802     8.95    -19.07  1.00000
  18803     8.95    -19.02  1.00000
  18804     8.95    -18.97  1.00000
  18805     8.95    -18.92  1.00000
  18806     8.95    -18.87  1.00000
  18807     8.95    -18.82  1.00000
  18808     8.95    -18.77  1.00000
  18809     8.95    -18.72  1.00000
  18810     8.95    -18.67  1.00000
  18811     8.95    -18.62  1.00000
  18812     8.95    -18.57  1.00000
  18813     8.95    -18.52  1.00000
  18814     8.95    -18.47  1.00000
  18815     8.95    -18.42  1.00000
  18816     8.95    -18.37  1.00000
  18817     8.95    -18.32  1.00000
  18818     8.95    -18.27  1.00000
  18819     8.95    -18.22  1.00000
  18820     8.95    -18.17  1.00000
  18821     8.95    -18.12  1.00000
  18822     8.95    -18.07  1.00000
  18823     8.95    -18.02  1.00000
  18824     8.95    -17.97  1.00000
  18825     8.95    -17.92  1.00000
  18826     8.95    -17.87  1.00000
  18827     8.95    -17.82  1.00000
  18828     8.95    -17.77  1.00000
  18829     8.95    -17.72  1.00000
  18830     8.95    -17.67  1.00000
  18831     8.95    -17.62  1.00000
  18832     8.95    -17.57  1.00000
  18833     8.95    -17.52  1.00000
  18834     8.95    -17.47  1.00000
  18835     8.95    -17.42  1.00000
  18836     8.95    -17.37  1.00000
  18837     8.95    -17.32  1.00000
  18838     8.95    -17.27  1.00000
  18839     8.95    -17.22  1.00000
  18840     8.95    -17.17  1.00000
  18841     8.95    -17.12  1.00000
  18842     8.95    -17.07  1.00000
  18843     8.95    -17.02  1.00000
  18844     8.95    -16.97  1.00000
  18845     8.95    -16.92  1.00000
  18846     8.95    -16.87  1.00000
  18847     8.95    -16.82  1.00000
  18848     8.95    -16.77  1.00000
  18849     8.95    -16.72  1.00000
  18850     8.95    -16.67  1.00000
  18851     8.95    -16.62  1.00000
  18852     8.95    -16.57  1.00000
  18853     8.95    -16.52  1.00000
  18854     8.95    -16.47  1.00000
  18855     8.95    -16.42  1.00000
  18856     8.95    -16.37  1.00000
  18857     8.95    -16.32  1.00000
  18858     8.95    -16.27  1.00000
  18859     8.95    -16.22  1.00000
  18860     8.95    -16.17  1.00000
  18861     8.95    -16.12  1.00000
  18862     8.95    -16.07  1.00000
  18863     8.95    -16.02  1.00000
  18864     8.95    -15.97  1.00000
  18865     8.95    -15.92  1.00000
  18866     8.95    -15.87  1.00000
  18867     8.95    -15.82  1.00000
  18868     8.95    -15.77  1.00000
  18869     8.95    -15.72  1.00000
  18870     8.95    -15.67  1.00000
  18871     8.95    -15.62  1.00000
  18872     8.95    -15.57  1.00000
  18873     8.95    -15.52  1.00000
  18874     8.95    -15.47  1.00000
  18875     8.95    -15.42  1.00000
  18876     8.95    -15.37  1.00000
  18877     9.00    -22.47  1.00000
  18878     9.00    -22.42  1.00000
  18879     9.00    -22.37  1.00000
  18880     9.00    -22.32  1.00000
  18881     9.00    -22.27  1.00000
  18882     9.00    -22.22  1.00000
  18883     9.00    -22.17  1.00000
  18884     9.00    -22.12  1.00000
  18885     9.00    -22.07  1.00000
  18886     9.00    -22.02  1.00000
  18887     9.00    -21.97  1.00000
  18888     9.00    -21.92  1.00000
  18889     9.00    -21.87  1.00000
  18890     9.00    -21.82  1.00000
  18891     9.00    -21.77  1.00000
  18892     9.00    -21.72  1.00000
  18893     9.00    -21.67  1.00000
  18894     9.00    -21.62  1.00000
  18895     9.00    -21.57  1.00000
  18896     9.00    -21.52  1.00000
  18897     9.00    -21.47  1.00000
  18898     9.00    -21.42  1.00000
  18899     9.00    -21.37  1.00000
  18900     9.00    -21.32  1.00000
  18901     9.00    -21.27  1.00000
  18902     9.00    -21.22  1.00000
  18903     9.00    -21.17  1.00000
  18904     9.00    -21.12  1.00000
  18905     9.00    -21.07  1.00000
  18906     9.00    -21.02  1.00000
  18907     9.00    -20.97  1.00000
  18908     9.00    -20.92  1.00000
  18909     9.00    -20.87  1.00000
  18910     9.00    -20.82  1.00000
  18911     9.00    -20.77  1.00000
  18912     9.00    -20.72  1.00000
  18913     9.00    -20.67  1.00000
  18914     9.00    -20.62  1.00000
  18915     9.00    -20.57  1.00000
  18916     9.00    -20.52  1.00000
  18917     9.00    -20.47  1.00000
  18918     9.00    -20.42  1.00000
  18919     9.00    -20.37  1.00000
  18920     9.00    -20.32  1.00000
  18921     9.00    -20.27  1.00000
  18922     9.00    -20.22  1.00000
  18923     9.00    -20.17  1.00000
  18924     9.00    -20.12  1.00000
  18925     9.00    -20.07  1.00000
  18926     9.00    -20.02  1.00000
  18927     9.00    -19.97  1.00000
  18928     9.00    -19.92  1.00000
  18929     9.00    -19.87  1.00000
  18930     9.00    -19.82  1.00000
  18931     9.00    -19.77  1.00000
  18932     9.00    -19.72  1.00000
  18933     9.00    -19.67  1.00000
  18934     9.00    -19.62  1.00000
  18935     9.00    -19.57  1.00000
  18936     9.00    -19.52  1.00000
  18937     9.00    -19.47  1.00000
  18938     9.00    -19.42  1.00000
  18939     9.00    -19.37  1.00000
  18940     9.00    -19.32  1.00000
  18941     9.00    -19.27  1.00000
  18942     9.00    -19.22  1.00000
  18943     9.00    -19.17  1.00000
  18944     9.00    -19.12  1.00000
  18945     9.00    -19.07  1.00000
  18946     9.00    -19.02  1.00000
  18947     9.00    -18.97  1.00000
  18948     9.00    -18.92  1.00000
  18949     9.00    -18.87  1.00000
  18950     9.00    -18.82  1.00000
  18951     9.00    -18.77  1.00000
  18952     9.00    -18.72  1.00000
  18953     9.00    -18.67  1.00000
  18954     9.00    -18.62  1.00000
  18955     9.00    -18.57  1.00000
  18956     9.00    -18.52  1.00000
  18957     9.00    -18.47  1.00000
  18958     9.00    -18.42  1.00000
  18959     9.00    -18.37  1.00000
  18960     9.00    -18.32  1.00000
  18961     9.00    -18.27  1.00000
  18962     9.00    -18.22  1.00000
  18963     9.00    -18.17  1.00000
  18964     9.00    -18.12  1.00000
  18965     9.00    -18.07  1.00000
  18966     9.00    -18.02  1.00000
  18967     9.00    -17.97  1.00000
  18968     9.00    -17.92  1.00000
  18969     9.00    -17.87  1.00000
  18970     9.00    -17.82  1.00000
  18971     9.00    -17.77  1.00000
  18972     9.00    -17.72  1.00000
  18973     9.00    -17.67  1.00000
  18974     9.00    -17.62  1.00000
  18975     9.00    -17.57  1.00000
  18976     9.00    -17.52  1.00000
  18977     9.00    -17.47  1.00000
  18978     9.00    -17.42  1.00000
  18979     9.00    -17.37  1.00000
  18980     9.00    -17.32  1.00000
  18981     9.00    -17.27  1.00000
  18982     9.00    -17.22  1.00000
  18983     9.00    -17.17  1.00000
  18984     9.00    -17.12  1.00000
  18985     9.00    -17.07  1.00000
  18986     9.00    -17.02  1.00000
  18987     9.00    -16.97  1.00000
  18988     9.00    -16.92  1.00000
  18989     9.00    -16.87  1.00000
  18990     9.00    -16.82  1.00000
  18991     9.00    -16.77  1.00000
  18992     9.00    -16.72  1.00000
  18993     9.00    -16.67  1.00000
  18994     9.00    -16.62  1.00000
  18995     9.00    -16.57  1.00000
  18996     9.00    -16.52  1.00000
  18997     9.00    -16.47  1.00000
  18998     9.00    -16.42  1.00000
  18999     9.00    -16.37  1.00000
  19000     9.00    -16.32  1.00000
  19001     9.00    -16.27  1.00000
  19002     9.00    -16.22  1.00000
  19003     9.00    -16.17  1.00000
  19004     9.00    -16.12  1.00000
  19005     9.00    -16.07  1.00000
  19006     9.00    -16.02  1.00000
  19007     9.00    -15.97  1.00000
  19008     9.00    -15.92  1.00000
  19009     9.00    -15.87  1.00000
  19010     9.00    -15.82  1.00000
  19011     9.00    -15.77  1.00000
  19012     9.00    -15.72  1.00000
  19013     9.00    -15.67  1.00000
  19014     9.00    -15.62  1.00000
  19015     9.00    -15.57  1.00000
  19016     9.00    -15.52  1.00000
  19017     9.00    -15.47  1.00000
  19018     9.00    -15.42  1.00000
  19019     9.00    -15.37  1.00000
  19020     9.05    -22.47  1.00000
  19021     9.05    -22.42  1.00000
  19022     9.05    -22.37  1.00000
  19023     9.05    -22.32  1.00000
  19024     9.05    -22.27  1.00000
  19025     9.05    -22.22  1.00000
  19026     9.05    -22.17  1.00000
  19027     9.05    -22.12  1.00000
  19028     9.05    -22.07  1.00000
  19029     9.05    -22.02  1.00000
  19030     9.05    -21.97  1.00000
  19031     9.05    -21.92  1.00000
  19032     9.05    -21.87  1.00000
  19033     9.05    -21.82  1.00000
  19034     9.05    -21.77  1.00000
  19035     9.05    -21.72  1.00000
  19036     9.05    -21.67  1.00000
  19037     9.05    -21.62  1.00000
  19038     9.05    -21.57  1.00000
  19039     9.05    -21.52  1.00000
  19040     9.05    -21.47  1.00000
  19041     9.05    -21.42  1.00000
  19042     9.05    -21.37  1.00000
  19043     9.05    -21.32  1.00000
  19044     9.05    -21.27  1.00000
  19045     9.05    -21.22  1.00000
  19046     9.05    -21.17  1.00000
  19047     9.05    -21.12  1.00000
  19048     9.05    -21.07  1.00000
  19049     9.05    -21.02  1.00000
  19050     9.05    -20.97  1.00000
  19051     9.05    -20.92  1.00000
  19052     9.05    -20.87  1.00000
  19053     9.05    -20.82  1.00000
  19054     9.05    -20.77  1.00000
  19055     9.05    -20.72  1.00000
  19056     9.05    -20.67  1.00000
  19057     9.05    -20.62  1.00000
  19058     9.05    -20.57  1.00000
  19059     9.05    -20.52  1.00000
  19060     9.05    -20.47  1.00000
  19061     9.05    -20.42  1.00000
  19062     9.05    -20.37  1.00000
  19063     9.05    -20.32  1.00000
  19064     9.05    -20.27  1.00000
  19065     9.05    -20.22  1.00000
  19066     9.05    -20.17  1.00000
  19067     9.05    -20.12  1.00000
  19068     9.05    -20.07  1.00000
  19069     9.05    -20.02  1.00000
  19070     9.05    -19.97  1.00000
  19071     9.05    -19.92  1.00000
  19072     9.05    -19.87  1.00000
  19073     9.05    -19.82  1.00000
  19074     9.05    -19.77  1.00000
  19075     9.05    -19.72  1.00000
  19076     9.05    -19.67  1.00000
  19077     9.05    -19.62  1.00000
  19078     9.05    -19.57  1.00000
  19079     9.05    -19.52  1.00000
  19080     9.05    -19.47  1.00000
  19081     9.05    -19.42  1.00000
  19082     9.05    -19.37  1.00000
  19083     9.05    -19.32  1.00000
  19084     9.05    -19.27  1.00000
  19085     9.05    -19.22  1.00000
  19086     9.05    -19.17  1.00000
  19087     9.05    -19.12  1.00000
  19088     9.05    -19.07  1.00000
  19089     9.05    -19.02  1.00000
  19090     9.05    -18.97  1.00000
  19091     9.05    -18.92  1.00000
  19092     9.05    -18.87  1.00000
  19093     9.05    -18.82  1.00000
  19094     9.05    -18.77  1.00000
  19095     9.05    -18.72  1.00000
  19096     9.05    -18.67  1.00000
  19097     9.05    -18.62  1.00000
  19098     9.05    -18.57  1.00000
  19099     9.05    -18.52  1.00000
  19100     9.05    -18.47  1.00000
  19101     9.05    -18.42  1.00000
  19102     9.05    -18.37  1.00000
  19103     9.05    -18.32  1.00000
  19104     9.05    -18.27  1.00000
  19105     9.05    -18.22  1.00000
  19106     9.05    -18.17  1.00000
  19107     9.05    -18.12  1.00000
  19108     9.05    -18.07  1.00000
  19109     9.05    -18.02  1.00000
  19110     9.05    -17.97  1.00000
  19111     9.05    -17.92  1.00000
  19112     9.05    -17.87  1.00000
  19113     9.05    -17.82  1.00000
  19114     9.05    -17.77  1.00000
  19115     9.05    -17.72  1.00000
  19116     9.05    -17.67  1.00000
  19117     9.05    -17.62  1.00000
  19118     9.05    -17.57  1.00000
  19119     9.05    -17.52  1.00000
  19120     9.05    -17.47  1.00000
  19121     9.05    -17.42  1.00000
  19122     9.05    -17.37  1.00000
  19123     9.05    -17.32  1.00000
  19124     9.05    -17.27  1.00000
  19125     9.05    -17.22  1.00000
  19126     9.05    -17.17  1.00000
  19127     9.05    -17.12  1.00000
  19128     9.05    -17.07  1.00000
  19129     9.05    -17.02  1.00000
  19130     9.05    -16.97  1.00000
  19131     9.05    -16.92  1.00000
  19132     9.05    -16.87  1.00000
  19133     9.05    -16.82  1.00000
  19134     9.05    -16.77  1.00000
  19135     9.05    -16.72  1.00000
  19136     9.05    -16.67  1.00000
  19137     9.05    -16.62  1.00000
  19138     9.05    -16.57  1.00000
  19139     9.05    -16.52  1.00000
  19140     9.05    -16.47  1.00000
  19141     9.05    -16.42  1.00000
  19142     9.05    -16.37  1.00000
  19143     9.05    -16.32  1.00000
  19144     9.05    -16.27  1.00000
  19145     9.05    -16.22  1.00000
  19146     9.05    -16.17  1.00000
  19147     9.05    -16.12  1.00000
  19148     9.05    -16.07  1.00000
  19149     9.05    -16.02  1.00000
  19150     9.05    -15.97  1.00000
  19151     9.05    -15.92  1.00000
  19152     9.05    -15.87  1.00000
  19153     9.05    -15.82  1.00000
  19154     9.05    -15.77  1.00000
  19155     9.05    -15.72  1.00000
  19156     9.05    -15.67  1.00000
  19157     9.05    -15.62  1.00000
  19158     9.05    -15.57  1.00000
  19159     9.05    -15.52  1.00000
  19160     9.05    -15.47  1.00000
  19161     9.05    -15.42  1.00000
  19162     9.05    -15.37  1.00000
  19163     9.10    -22.47  1.00000
  19164     9.10    -22.42  1.00000
  19165     9.10    -22.37  1.00000
  19166     9.10    -22.32  1.00000
  19167     9.10    -22.27  1.00000
  19168     9.10    -22.22  1.00000
  19169     9.10    -22.17  1.00000
  19170     9.10    -22.12  1.00000
  19171     9.10    -22.07  1.00000
  19172     9.10    -22.02  1.00000
  19173     9.10    -21.97  1.00000
  19174     9.10    -21.92  1.00000
  19175     9.10    -21.87  1.00000
  19176     9.10    -21.82  1.00000
  19177     9.10    -21.77  1.00000
  19178     9.10    -21.72  1.00000
  19179     9.10    -21.67  1.00000
  19180     9.10    -21.62  1.00000
  19181     9.10    -21.57  1.00000
  19182     9.10    -21.52  1.00000
  19183     9.10    -21.47  1.00000
  19184     9.10    -21.42  1.00000
  19185     9.10    -21.37  1.00000
  19186     9.10    -21.32  1.00000
  19187     9.10    -21.27  1.00000
  19188     9.10    -21.22  1.00000
  19189     9.10    -21.17  1.00000
  19190     9.10    -21.12  1.00000
  19191     9.10    -21.07  1.00000
  19192     9.10    -21.02  1.00000
  19193     9.10    -20.97  1.00000
  19194     9.10    -20.92  1.00000
  19195     9.10    -20.87  1.00000
  19196     9.10    -20.82  1.00000
  19197     9.10    -20.77  1.00000
  19198     9.10    -20.72  1.00000
  19199     9.10    -20.67  1.00000
  19200     9.10    -20.62  1.00000
  19201     9.10    -20.57  1.00000
  19202     9.10    -20.52  1.00000
  19203     9.10    -20.47  1.00000
  19204     9.10    -20.42  1.00000
  19205     9.10    -20.37  1.00000
  19206     9.10    -20.32  1.00000
  19207     9.10    -20.27  1.00000
  19208     9.10    -20.22  1.00000
  19209     9.10    -20.17  1.00000
  19210     9.10    -20.12  1.00000
  19211     9.10    -20.07  1.00000
  19212     9.10    -20.02  1.00000
  19213     9.10    -19.97  1.00000
  19214     9.10    -19.92  1.00000
  19215     9.10    -19.87  1.00000
  19216     9.10    -19.82  1.00000
  19217     9.10    -19.77  1.00000
  19218     9.10    -19.72  1.00000
  19219     9.10    -19.67  1.00000
  19220     9.10    -19.62  1.00000
  19221     9.10    -19.57  1.00000
  19222     9.10    -19.52  1.00000
  19223     9.10    -19.47  1.00000
  19224     9.10    -19.42  1.00000
  19225     9.10    -19.37  1.00000
  19226     9.10    -19.32  1.00000
  19227     9.10    -19.27  1.00000
  19228     9.10    -19.22  1.00000
  19229     9.10    -19.17  1.00000
  19230     9.10    -19.12  1.00000
  19231     9.10    -19.07  1.00000
  19232     9.10    -19.02  1.00000
  19233     9.10    -18.97  1.00000
  19234     9.10    -18.92  1.00000
  19235     9.10    -18.87  1.00000
  19236     9.10    -18.82  1.00000
  19237     9.10    -18.77  1.00000
  19238     9.10    -18.72  1.00000
  19239     9.10    -18.67  1.00000
  19240     9.10    -18.62  1.00000
  19241     9.10    -18.57  1.00000
  19242     9.10    -18.52  1.00000
  19243     9.10    -18.47  1.00000
  19244     9.10    -18.42  1.00000
  19245     9.10    -18.37  1.00000
  19246     9.10    -18.32  1.00000
  19247     9.10    -18.27  1.00000
  19248     9.10    -18.22  1.00000
  19249     9.10    -18.17  1.00000
  19250     9.10    -18.12  1.00000
  19251     9.10    -18.07  1.00000
  19252     9.10    -18.02  1.00000
  19253     9.10    -17.97  1.00000
  19254     9.10    -17.92  1.00000
  19255     9.10    -17.87  1.00000
  19256     9.10    -17.82  1.00000
  19257     9.10    -17.77  1.00000
  19258     9.10    -17.72  1.00000
  19259     9.10    -17.67  1.00000
  19260     9.10    -17.62  1.00000
  19261     9.10    -17.57  1.00000
  19262     9.10    -17.52  1.00000
  19263     9.10    -17.47  1.00000
  19264     9.10    -17.42  1.00000
  19265     9.10    -17.37  1.00000
  19266     9.10    -17.32  1.00000
  19267     9.10    -17.27  1.00000
  19268     9.10    -17.22  1.00000
  19269     9.10    -17.17  1.00000
  19270     9.10    -17.12  1.00000
  19271     9.10    -17.07  1.00000
  19272     9.10    -17.02  1.00000
  19273     9.10    -16.97  1.00000
  19274     9.10    -16.92  1.00000
  19275     9.10    -16.87  1.00000
  19276     9.10    -16.82  1.00000
  19277     9.10    -16.77  1.00000
  19278     9.10    -16.72  1.00000
  19279     9.10    -16.67  1.00000
  19280     9.10    -16.62  1.00000
  19281     9.10    -16.57  1.00000
  19282     9.10    -16.52  1.00000
  19283     9.10    -16.47  1.00000
  19284     9.10    -16.42  1.00000
  19285     9.10    -16.37  1.00000
  19286     9.10    -16.32  1.00000
  19287     9.10    -16.27  1.00000
  19288     9.10    -16.22  1.00000
  19289     9.10    -16.17  1.00000
  19290     9.10    -16.12  1.00000
  19291     9.10    -16.07  1.00000
  19292     9.10    -16.02  1.00000
  19293     9.10    -15.97  1.00000
  19294     9.10    -15.92  1.00000
  19295     9.10    -15.87  1.00000
  19296     9.10    -15.82  1.00000
  19297     9.10    -15.77  1.00000
  19298     9.10    -15.72  1.00000
  19299     9.10    -15.67  1.00000
  19300     9.10    -15.62  1.00000
  19301     9.10    -15.57  1.00000
  19302     9.10    -15.52  1.00000
  19303     9.10    -15.47  1.00000
  19304     9.10    -15.42  1.00000
  19305     9.10    -15.37  1.00000
  19306     9.15    -22.47  1.00000
  19307     9.15    -22.42  1.00000
  19308     9.15    -22.37  1.00000
  19309     9.15    -22.32  1.00000
  19310     9.15    -22.27  1.00000
  19311     9.15    -22.22  1.00000
  19312     9.15    -22.17  1.00000
  19313     9.15    -22.12  1.00000
  19314     9.15    -22.07  1.00000
  19315     9.15    -22.02  1.00000
  19316     9.15    -21.97  1.00000
  19317     9.15    -21.92  1.00000
  19318     9.15    -21.87  1.00000
  19319     9.15    -21.82  1.00000
  19320     9.15    -21.77  1.00000
  19321     9.15    -21.72  1.00000
  19322     9.15    -21.67  1.00000
  19323     9.15    -21.62  1.00000
  19324     9.15    -21.57  1.00000
  19325     9.15    -21.52  1.00000
  19326     9.15    -21.47  1.00000
  19327     9.15    -21.42  1.00000
  19328     9.15    -21.37  1.00000
  19329     9.15    -21.32  1.00000
  19330     9.15    -21.27  1.00000
  19331     9.15    -21.22  1.00000
  19332     9.15    -21.17  1.00000
  19333     9.15    -21.12  1.00000
  19334     9.15    -21.07  1.00000
  19335     9.15    -21.02  1.00000
  19336     9.15    -20.97  1.00000
  19337     9.15    -20.92  1.00000
  19338     9.15    -20.87  1.00000
  19339     9.15    -20.82  1.00000
  19340     9.15    -20.77  1.00000
  19341     9.15    -20.72  1.00000
  19342     9.15    -20.67  1.00000
  19343     9.15    -20.62  1.00000
  19344     9.15    -20.57  1.00000
  19345     9.15    -20.52  1.00000
  19346     9.15    -20.47  1.00000
  19347     9.15    -20.42  1.00000
  19348     9.15    -20.37  1.00000
  19349     9.15    -20.32  1.00000
  19350     9.15    -20.27  1.00000
  19351     9.15    -20.22  1.00000
  19352     9.15    -20.17  1.00000
  19353     9.15    -20.12  1.00000
  19354     9.15    -20.07  1.00000
  19355     9.15    -20.02  1.00000
  19356     9.15    -19.97  1.00000
  19357     9.15    -19.92  1.00000
  19358     9.15    -19.87  1.00000
  19359     9.15    -19.82  1.00000
  19360     9.15    -19.77  1.00000
  19361     9.15    -19.72  1.00000
  19362     9.15    -19.67  1.00000
  19363     9.15    -19.62  1.00000
  19364     9.15    -19.57  1.00000
  19365     9.15    -19.52  1.00000
  19366     9.15    -19.47  1.00000
  19367     9.15    -19.42  1.00000
  19368     9.15    -19.37  1.00000
  19369     9.15    -19.32  1.00000
  19370     9.15    -19.27  1.00000
  19371     9.15    -19.22  1.00000
  19372     9.15    -19.17  1.00000
  19373     9.15    -19.12  1.00000
  19374     9.15    -19.07  1.00000
  19375     9.15    -19.02  1.00000
  19376     9.15    -18.97  1.00000
  19377     9.15    -18.92  1.00000
  19378     9.15    -18.87  1.00000
  19379     9.15    -18.82  1.00000
  19380     9.15    -18.77  1.00000
  19381     9.15    -18.72  1.00000
  19382     9.15    -18.67  1.00000
  19383     9.15    -18.62  1.00000
  19384     9.15    -18.57  1.00000
  19385     9.15    -18.52  1.00000
  19386     9.15    -18.47  1.00000
  19387     9.15    -18.42  1.00000
  19388     9.15    -18.37  1.00000
  19389     9.15    -18.32  1.00000
  19390     9.15    -18.27  1.00000
  19391     9.15    -18.22  1.00000
  19392     9.15    -18.17  1.00000
  19393     9.15    -18.12  1.00000
  19394     9.15    -18.07  1.00000
  19395     9.15    -18.02  1.00000
  19396     9.15    -17.97  1.00000
  19397     9.15    -17.92  1.00000
  19398     9.15    -17.87  1.00000
  19399     9.15    -17.82  1.00000
  19400     9.15    -17.77  1.00000
  19401     9.15    -17.72  1.00000
  19402     9.15    -17.67  1.00000
  19403     9.15    -17.62  1.00000
  19404     9.15    -17.57  1.00000
  19405     9.15    -17.52  1.00000
  19406     9.15    -17.47  1.00000
  19407     9.15    -17.42  1.00000
  19408     9.15    -17.37  1.00000
  19409     9.15    -17.32  1.00000
  19410     9.15    -17.27  1.00000
  19411     9.15    -17.22  1.00000
  19412     9.15    -17.17  1.00000
  19413     9.15    -17.12  1.00000
  19414     9.15    -17.07  1.00000
  19415     9.15    -17.02  1.00000
  19416     9.15    -16.97  1.00000
  19417     9.15    -16.92  1.00000
  19418     9.15    -16.87  1.00000
  19419     9.15    -16.82  1.00000
  19420     9.15    -16.77  1.00000
  19421     9.15    -16.72  1.00000
  19422     9.15    -16.67  1.00000
  19423     9.15    -16.62  1.00000
  19424     9.15    -16.57  1.00000
  19425     9.15    -16.52  1.00000
  19426     9.15    -16.47  1.00000
  19427     9.15    -16.42  1.00000
  19428     9.15    -16.37  1.00000
  19429     9.15    -16.32  1.00000
  19430     9.15    -16.27  1.00000
  19431     9.15    -16.22  1.00000
  19432     9.15    -16.17  1.00000
  19433     9.15    -16.12  1.00000
  19434     9.15    -16.07  1.00000
  19435     9.15    -16.02  1.00000
  19436     9.15    -15.97  1.00000
  19437     9.15    -15.92  1.00000
  19438     9.15    -15.87  1.00000
  19439     9.15    -15.82  1.00000
  19440     9.15    -15.77  1.00000
  19441     9.15    -15.72  1.00000
  19442     9.15    -15.67  1.00000
  19443     9.15    -15.62  1.00000
  19444     9.15    -15.57  1.00000
  19445     9.15    -15.52  1.00000
  19446     9.15    -15.47  1.00000
  19447     9.15    -15.42  1.00000
  19448     9.15    -15.37  1.00000
  19449     9.20    -22.47  1.00000
  19450     9.20    -22.42  1.00000
  19451     9.20    -22.37  1.00000
  19452     9.20    -22.32  1.00000
  19453     9.20    -22.27  1.00000
  19454     9.20    -22.22  1.00000
  19455     9.20    -22.17  1.00000
  19456     9.20    -22.12  1.00000
  19457     9.20    -22.07  1.00000
  19458     9.20    -22.02  1.00000
  19459     9.20    -21.97  1.00000
  19460     9.20    -21.92  1.00000
  19461     9.20    -21.87  1.00000
  19462     9.20    -21.82  1.00000
  19463     9.20    -21.77  1.00000
  19464     9.20    -21.72  1.00000
  19465     9.20    -21.67  1.00000
  19466     9.20    -21.62  1.00000
  19467     9.20    -21.57  1.00000
  19468     9.20    -21.52  1.00000
  19469     9.20    -21.47  1.00000
  19470     9.20    -21.42  1.00000
  19471     9.20    -21.37  1.00000
  19472     9.20    -21.32  1.00000
  19473     9.20    -21.27  1.00000
  19474     9.20    -21.22  1.00000
  19475     9.20    -21.17  1.00000
  19476     9.20    -21.12  1.00000
  19477     9.20    -21.07  1.00000
  19478     9.20    -21.02  1.00000
  19479     9.20    -20.97  1.00000
  19480     9.20    -20.92  1.00000
  19481     9.20    -20.87  1.00000
  19482     9.20    -20.82  1.00000
  19483     9.20    -20.77  1.00000
  19484     9.20    -20.72  1.00000
  19485     9.20    -20.67  1.00000
  19486     9.20    -20.62  1.00000
  19487     9.20    -20.57  1.00000
  19488     9.20    -20.52  1.00000
  19489     9.20    -20.47  1.00000
  19490     9.20    -20.42  1.00000
  19491     9.20    -20.37  1.00000
  19492     9.20    -20.32  1.00000
  19493     9.20    -20.27  1.00000
  19494     9.20    -20.22  1.00000
  19495     9.20    -20.17  1.00000
  19496     9.20    -20.12  1.00000
  19497     9.20    -20.07  1.00000
  19498     9.20    -20.02  1.00000
  19499     9.20    -19.97  1.00000
  19500     9.20    -19.92  1.00000
  19501     9.20    -19.87  1.00000
  19502     9.20    -19.82  1.00000
  19503     9.20    -19.77  1.00000
  19504     9.20    -19.72  1.00000
  19505     9.20    -19.67  1.00000
  19506     9.20    -19.62  1.00000
  19507     9.20    -19.57  1.00000
  19508     9.20    -19.52  1.00000
  19509     9.20    -19.47  1.00000
  19510     9.20    -19.42  1.00000
  19511     9.20    -19.37  1.00000
  19512     9.20    -19.32  1.00000
  19513     9.20    -19.27  1.00000
  19514     9.20    -19.22  1.00000
  19515     9.20    -19.17  1.00000
  19516     9.20    -19.12  1.00000
  19517     9.20    -19.07  1.00000
  19518     9.20    -19.02  1.00000
  19519     9.20    -18.97  1.00000
  19520     9.20    -18.92  1.00000
  19521     9.20    -18.87  1.00000
  19522     9.20    -18.82  1.00000
  19523     9.20    -18.77  1.00000
  19524     9.20    -18.72  1.00000
  19525     9.20    -18.67  1.00000
  19526     9.20    -18.62  1.00000
  19527     9.20    -18.57  1.00000
  19528     9.20    -18.52  1.00000
  19529     9.20    -18.47  1.00000
  19530     9.20    -18.42  1.00000
  19531     9.20    -18.37  1.00000
  19532     9.20    -18.32  1.00000
  19533     9.20    -18.27  1.00000
  19534     9.20    -18.22  1.00000
  19535     9.20    -18.17  1.00000
  19536     9.20    -18.12  1.00000
  19537     9.20    -18.07  1.00000
  19538     9.20    -18.02  1.00000
  19539     9.20    -17.97  1.00000
  19540     9.20    -17.92  1.00000
  19541     9.20    -17.87  1.00000
  19542     9.20    -17.82  1.00000
  19543     9.20    -17.77  1.00000
  19544     9.20    -17.72  1.00000
  19545     9.20    -17.67  1.00000
  19546     9.20    -17.62  1.00000
  19547     9.20    -17.57  1.00000
  19548     9.20    -17.52  1.00000
  19549     9.20    -17.47  1.00000
  19550     9.20    -17.42  1.00000
  19551     9.20    -17.37  1.00000
  19552     9.20    -17.32  1.00000
  19553     9.20    -17.27  1.00000
  19554     9.20    -17.22  1.00000
  19555     9.20    -17.17  1.00000
  19556     9.20    -17.12  1.00000
  19557     9.20    -17.07  1.00000
  19558     9.20    -17.02  1.00000
  19559     9.20    -16.97  1.00000
  19560     9.20    -16.92  1.00000
  19561     9.20    -16.87  1.00000
  19562     9.20    -16.82  1.00000
  19563     9.20    -16.77  1.00000
  19564     9.20    -16.72  1.00000
  19565     9.20    -16.67  1.00000
  19566     9.20    -16.62  1.00000
  19567     9.20    -16.57  1.00000
  19568     9.20    -16.52  1.00000
  19569     9.20    -16.47  1.00000
  19570     9.20    -16.42  1.00000
  19571     9.20    -16.37  1.00000
  19572     9.20    -16.32  1.00000
  19573     9.20    -16.27  1.00000
  19574     9.20    -16.22  1.00000
  19575     9.20    -16.17  1.00000
  19576     9.20    -16.12  1.00000
  19577     9.20    -16.07  1.00000
  19578     9.20    -16.02  1.00000
  19579     9.20    -15.97  1.00000
  19580     9.20    -15.92  1.00000
  19581     9.20    -15.87  1.00000
  19582     9.20    -15.82  1.00000
  19583     9.20    -15.77  1.00000
  19584     9.20    -15.72  1.00000
  19585     9.20    -15.67  1.00000
  19586     9.20    -15.62  1.00000
  19587     9.20    -15.57  1.00000
  19588     9.20    -15.52  1.00000
  19589     9.20    -15.47  1.00000
  19590     9.20    -15.42  1.00000
  19591     9.20    -15.37  1.00000
  19592     9.25    -22.47  1.00000
  19593     9.25    -22.42  1.00000
  19594     9.25    -22.37  1.00000
  19595     9.25    -22.32  1.00000
  19596     9.25    -22.27  1.00000
  19597     9.25    -22.22  1.00000
  19598     9.25    -22.17  1.00000
  19599     9.25    -22.12  1.00000
  19600     9.25    -22.07  1.00000
  19601     9.25    -22.02  1.00000
  19602     9.25    -21.97  1.00000
  19603     9.25    -21.92  1.00000
  19604     9.25    -21.87  1.00000
  19605     9.25    -21.82  1.00000
  19606     9.25    -21.77  1.00000
  19607     9.25    -21.72  1.00000
  19608     9.25    -21.67  1.00000
  19609     9.25    -21.62  1.00000
  19610     9.25    -21.57  1.00000
  19611     9.25    -21.52  1.00000
  19612     9.25    -21.47  1.00000
  19613     9.25    -21.42  1.00000
  19614     9.25    -21.37  1.00000
  19615     9.25    -21.32  1.00000
  19616     9.25    -21.27  1.00000
  19617     9.25    -21.22  1.00000
  19618     9.25    -21.17  1.00000
  19619     9.25    -21.12  1.00000
  19620     9.25    -21.07  1.00000
  19621     9.25    -21.02  1.00000
  19622     9.25    -20.97  1.00000
  19623     9.25    -20.92  1.00000
  19624     9.25    -20.87  1.00000
  19625     9.25    -20.82  1.00000
  19626     9.25    -20.77  1.00000
  19627     9.25    -20.72  1.00000
  19628     9.25    -20.67  1.00000
  19629     9.25    -20.62  1.00000
  19630     9.25    -20.57  1.00000
  19631     9.25    -20.52  1.00000
  19632     9.25    -20.47  1.00000
  19633     9.25    -20.42  1.00000
  19634     9.25    -20.37  1.00000
  19635     9.25    -20.32  1.00000
  19636     9.25    -20.27  1.00000
  19637     9.25    -20.22  1.00000
  19638     9.25    -20.17  1.00000
  19639     9.25    -20.12  1.00000
  19640     9.25    -20.07  1.00000
  19641     9.25    -20.02  1.00000
  19642     9.25    -19.97  1.00000
  19643     9.25    -19.92  1.00000
  19644     9.25    -19.87  1.00000
  19645     9.25    -19.82  1.00000
  19646     9.25    -19.77  1.00000
  19647     9.25    -19.72  1.00000
  19648     9.25    -19.67  1.00000
  19649     9.25    -19.62  1.00000
  19650     9.25    -19.57  1.00000
  19651     9.25    -19.52  1.00000
  19652     9.25    -19.47  1.00000
  19653     9.25    -19.42  1.00000
  19654     9.25    -19.37  1.00000
  19655     9.25    -19.32  1.00000
  19656     9.25    -19.27  1.00000
  19657     9.25    -19.22  1.00000
  19658     9.25    -19.17  1.00000
  19659     9.25    -19.12  1.00000
  19660     9.25    -19.07  1.00000
  19661     9.25    -19.02  1.00000
  19662     9.25    -18.97  1.00000
  19663     9.25    -18.92  1.00000
  19664     9.25    -18.87  1.00000
  19665     9.25    -18.82  1.00000
  19666     9.25    -18.77  1.00000
  19667     9.25    -18.72  1.00000
  19668     9.25    -18.67  1.00000
  19669     9.25    -18.62  1.00000
  19670     9.25    -18.57  1.00000
  19671     9.25    -18.52  1.00000
  19672     9.25    -18.47  1.00000
  19673     9.25    -18.42  1.00000
  19674     9.25    -18.37  1.00000
  19675     9.25    -18.32  1.00000
  19676     9.25    -18.27  1.00000
  19677     9.25    -18.22  1.00000
  19678     9.25    -18.17  1.00000
  19679     9.25    -18.12  1.00000
  19680     9.25    -18.07  1.00000
  19681     9.25    -18.02  1.00000
  19682     9.25    -17.97  1.00000
  19683     9.25    -17.92  1.00000
  19684     9.25    -17.87  1.00000
  19685     9.25    -17.82  1.00000
  19686     9.25    -17.77  1.00000
  19687     9.25    -17.72  1.00000
  19688     9.25    -17.67  1.00000
  19689     9.25    -17.62  1.00000
  19690     9.25    -17.57  1.00000
  19691     9.25    -17.52  1.00000
  19692     9.25    -17.47  1.00000
  19693     9.25    -17.42  1.00000
  19694     9.25    -17.37  1.00000
  19695     9.25    -17.32  1.00000
  19696     9.25    -17.27  1.00000
  19697     9.25    -17.22  1.00000
  19698     9.25    -17.17  1.00000
  19699     9.25    -17.12  1.00000
  19700     9.25    -17.07  1.00000
  19701     9.25    -17.02  1.00000
  19702     9.25    -16.97  1.00000
  19703     9.25    -16.92  1.00000
  19704     9.25    -16.87  1.00000
  19705     9.25    -16.82  1.00000
  19706     9.25    -16.77  1.00000
  19707     9.25    -16.72  1.00000
  19708     9.25    -16.67  1.00000
  19709     9.25    -16.62  1.00000
  19710     9.25    -16.57  1.00000
  19711     9.25    -16.52  1.00000
  19712     9.25    -16.47  1.00000
  19713     9.25    -16.42  1.00000
  19714     9.25    -16.37  1.00000
  19715     9.25    -16.32  1.00000
  19716     9.25    -16.27  1.00000
  19717     9.25    -16.22  1.00000
  19718     9.25    -16.17  1.00000
  19719     9.25    -16.12  1.00000
  19720     9.25    -16.07  1.00000
  19721     9.25    -16.02  1.00000
  19722     9.25    -15.97  1.00000
  19723     9.25    -15.92  1.00000
  19724     9.25    -15.87  1.00000
  19725     9.25    -15.82  1.00000
  19726     9.25    -15.77  1.00000
  19727     9.25    -15.72  1.00000
  19728     9.25    -15.67  1.00000
  19729     9.25    -15.62  1.00000
  19730     9.25    -15.57  1.00000
  19731     9.25    -15.52  1.00000
  19732     9.25    -15.47  1.00000
  19733     9.25    -15.42  1.00000
  19734     9.25    -15.37  1.00000
  19735     9.30    -22.47  1.00000
  19736     9.30    -22.42  1.00000
  19737     9.30    -22.37  1.00000
  19738     9.30    -22.32  1.00000
  19739     9.30    -22.27  1.00000
  19740     9.30    -22.22  1.00000
  19741     9.30    -22.17  1.00000
  19742     9.30    -22.12  1.00000
  19743     9.30    -22.07  1.00000
  19744     9.30    -22.02  1.00000
  19745     9.30    -21.97  1.00000
  19746     9.30    -21.92  1.00000
  19747     9.30    -21.87  1.00000
  19748     9.30    -21.82  1.00000
  19749     9.30    -21.77  1.00000
  19750     9.30    -21.72  1.00000
  19751     9.30    -21.67  1.00000
  19752     9.30    -21.62  1.00000
  19753     9.30    -21.57  1.00000
  19754     9.30    -21.52  1.00000
  19755     9.30    -21.47  1.00000
  19756     9.30    -21.42  1.00000
  19757     9.30    -21.37  1.00000
  19758     9.30    -21.32  1.00000
  19759     9.30    -21.27  1.00000
  19760     9.30    -21.22  1.00000
  19761     9.30    -21.17  1.00000
  19762     9.30    -21.12  1.00000
  19763     9.30    -21.07  1.00000
  19764     9.30    -21.02  1.00000
  19765     9.30    -20.97  1.00000
  19766     9.30    -20.92  1.00000
  19767     9.30    -20.87  1.00000
  19768     9.30    -20.82  1.00000
  19769     9.30    -20.77  1.00000
  19770     9.30    -20.72  1.00000
  19771     9.30    -20.67  1.00000
  19772     9.30    -20.62  1.00000
  19773     9.30    -20.57  1.00000
  19774     9.30    -20.52  1.00000
  19775     9.30    -20.47  1.00000
  19776     9.30    -20.42  1.00000
  19777     9.30    -20.37  1.00000
  19778     9.30    -20.32  1.00000
  19779     9.30    -20.27  1.00000
  19780     9.30    -20.22  1.00000
  19781     9.30    -20.17  1.00000
  19782     9.30    -20.12  1.00000
  19783     9.30    -20.07  1.00000
  19784     9.30    -20.02  1.00000
  19785     9.30    -19.97  1.00000
  19786     9.30    -19.92  1.00000
  19787     9.30    -19.87  1.00000
  19788     9.30    -19.82  1.00000
  19789     9.30    -19.77  1.00000
  19790     9.30    -19.72  1.00000
  19791     9.30    -19.67  1.00000
  19792     9.30    -19.62  1.00000
  19793     9.30    -19.57  1.00000
  19794     9.30    -19.52  1.00000
  19795     9.30    -19.47  1.00000
  19796     9.30    -19.42  1.00000
  19797     9.30    -19.37  1.00000
  19798     9.30    -19.32  1.00000
  19799     9.30    -19.27  1.00000
  19800     9.30    -19.22  1.00000
  19801     9.30    -19.17  1.00000
  19802     9.30    -19.12  1.00000
  19803     9.30    -19.07  1.00000
  19804     9.30    -19.02  1.00000
  19805     9.30    -18.97  1.00000
  19806     9.30    -18.92  1.00000
  19807     9.30    -18.87  1.00000
  19808     9.30    -18.82  1.00000
  19809     9.30    -18.77  1.00000
  19810     9.30    -18.72  1.00000
  19811     9.30    -18.67  1.00000
  19812     9.30    -18.62  1.00000
  19813     9.30    -18.57  1.00000
  19814     9.30    -18.52  1.00000
  19815     9.30    -18.47  1.00000
  19816     9.30    -18.42  1.00000
  19817     9.30    -18.37  1.00000
  19818     9.30    -18.32  1.00000
  19819     9.30    -18.27  1.00000
  19820     9.30    -18.22  1.00000
  19821     9.30    -18.17  1.00000
  19822     9.30    -18.12  1.00000
  19823     9.30    -18.07  1.00000
  19824     9.30    -18.02  1.00000
  19825     9.30    -17.97  1.00000
  19826     9.30    -17.92  1.00000
  19827     9.30    -17.87  1.00000
  19828     9.30    -17.82  1.00000
  19829     9.30    -17.77  1.00000
  19830     9.30    -17.72  1.00000
  19831     9.30    -17.67  1.00000
  19832     9.30    -17.62  1.00000
  19833     9.30    -17.57  1.00000
  19834     9.30    -17.52  1.00000
  19835     9.30    -17.47  1.00000
  19836     9.30    -17.42  1.00000
  19837     9.30    -17.37  1.00000
  19838     9.30    -17.32  1.00000
  19839     9.30    -17.27  1.00000
  19840     9.30    -17.22  1.00000
  19841     9.30    -17.17  1.00000
  19842     9.30    -17.12  1.00000
  19843     9.30    -17.07  1.00000
  19844     9.30    -17.02  1.00000
  19845     9.30    -16.97  1.00000
  19846     9.30    -16.92  1.00000
  19847     9.30    -16.87  1.00000
  19848     9.30    -16.82  1.00000
  19849     9.30    -16.77  1.00000
  19850     9.30    -16.72  1.00000
  19851     9.30    -16.67  1.00000
  19852     9.30    -16.62  1.00000
  19853     9.30    -16.57  1.00000
  19854     9.30    -16.52  1.00000
  19855     9.30    -16.47  1.00000
  19856     9.30    -16.42  1.00000
  19857     9.30    -16.37  1.00000
  19858     9.30    -16.32  1.00000
  19859     9.30    -16.27  1.00000
  19860     9.30    -16.22  1.00000
  19861     9.30    -16.17  1.00000
  19862     9.30    -16.12  1.00000
  19863     9.30    -16.07  1.00000
  19864     9.30    -16.02  1.00000
  19865     9.30    -15.97  1.00000
  19866     9.30    -15.92  1.00000
  19867     9.30    -15.87  1.00000
  19868     9.30    -15.82  1.00000
  19869     9.30    -15.77  1.00000
  19870     9.30    -15.72  1.00000
  19871     9.30    -15.67  1.00000
  19872     9.30    -15.62  1.00000
  19873     9.30    -15.57  1.00000
  19874     9.30    -15.52  1.00000
  19875     9.30    -15.47  1.00000
  19876     9.30    -15.42  1.00000
  19877     9.30    -15.37  1.00000
  19878     9.35    -22.47  1.00000
  19879     9.35    -22.42  1.00000
  19880     9.35    -22.37  1.00000
  19881     9.35    -22.32  1.00000
  19882     9.35    -22.27  1.00000
  19883     9.35    -22.22  1.00000
  19884     9.35    -22.17  1.00000
  19885     9.35    -22.12  1.00000
  19886     9.35    -22.07  1.00000
  19887     9.35    -22.02  1.00000
  19888     9.35    -21.97  1.00000
  19889     9.35    -21.92  1.00000
  19890     9.35    -21.87  1.00000
  19891     9.35    -21.82  1.00000
  19892     9.35    -21.77  1.00000
  19893     9.35    -21.72  1.00000
  19894     9.35    -21.67  1.00000
  19895     9.35    -21.62  1.00000
  19896     9.35    -21.57  1.00000
  19897     9.35    -21.52  1.00000
  19898     9.35    -21.47  1.00000
  19899     9.35    -21.42  1.00000
  19900     9.35    -21.37  1.00000
  19901     9.35    -21.32  1.00000
  19902     9.35    -21.27  1.00000
  19903     9.35    -21.22  1.00000
  19904     9.35    -21.17  1.00000
  19905     9.35    -21.12  1.00000
  19906     9.35    -21.07  1.00000
  19907     9.35    -21.02  1.00000
  19908     9.35    -20.97  1.00000
  19909     9.35    -20.92  1.00000
  19910     9.35    -20.87  1.00000
  19911     9.35    -20.82  1.00000
  19912     9.35    -20.77  1.00000
  19913     9.35    -20.72  1.00000
  19914     9.35    -20.67  1.00000
  19915     9.35    -20.62  1.00000
  19916     9.35    -20.57  1.00000
  19917     9.35    -20.52  1.00000
  19918     9.35    -20.47  1.00000
  19919     9.35    -20.42  1.00000
  19920     9.35    -20.37  1.00000
  19921     9.35    -20.32  1.00000
  19922     9.35    -20.27  1.00000
  19923     9.35    -20.22  1.00000
  19924     9.35    -20.17  1.00000
  19925     9.35    -20.12  1.00000
  19926     9.35    -20.07  1.00000
  19927     9.35    -20.02  1.00000
  19928     9.35    -19.97  1.00000
  19929     9.35    -19.92  1.00000
  19930     9.35    -19.87  1.00000
  19931     9.35    -19.82  1.00000
  19932     9.35    -19.77  1.00000
  19933     9.35    -19.72  1.00000
  19934     9.35    -19.67  1.00000
  19935     9.35    -19.62  1.00000
  19936     9.35    -19.57  1.00000
  19937     9.35    -19.52  1.00000
  19938     9.35    -19.47  1.00000
  19939     9.35    -19.42  1.00000
  19940     9.35    -19.37  1.00000
  19941     9.35    -19.32  1.00000
  19942     9.35    -19.27  1.00000
  19943     9.35    -19.22  1.00000
  19944     9.35    -19.17  1.00000
  19945     9.35    -19.12  1.00000
  19946     9.35    -19.07  1.00000
  19947     9.35    -19.02  1.00000
  19948     9.35    -18.97  1.00000
  19949     9.35    -18.92  1.00000
  19950     9.35    -18.87  1.00000
  19951     9.35    -18.82  1.00000
  19952     9.35    -18.77  1.00000
  19953     9.35    -18.72  1.00000
  19954     9.35    -18.67  1.00000
  19955     9.35    -18.62  1.00000
  19956     9.35    -18.57  1.00000
  19957     9.35    -18.52  1.00000
  19958     9.35    -18.47  1.00000
  19959     9.35    -18.42  1.00000
  19960     9.35    -18.37  1.00000
  19961     9.35    -18.32  1.00000
  19962     9.35    -18.27  1.00000
  19963     9.35    -18.22  1.00000
  19964     9.35    -18.17  1.00000
  19965     9.35    -18.12  1.00000
  19966     9.35    -18.07  1.00000
  19967     9.35    -18.02  1.00000
  19968     9.35    -17.97  1.00000
  19969     9.35    -17.92  1.00000
  19970     9.35    -17.87  1.00000
  19971     9.35    -17.82  1.00000
  19972     9.35    -17.77  1.00000
  19973     9.35    -17.72  1.00000
  19974     9.35    -17.67  1.00000
  19975     9.35    -17.62  1.00000
  19976     9.35    -17.57  1.00000
  19977     9.35    -17.52  1.00000
  19978     9.35    -17.47  1.00000
  19979     9.35    -17.42  1.00000
  19980     9.35    -17.37  1.00000
  19981     9.35    -17.32  1.00000
  19982     9.35    -17.27  1.00000
  19983     9.35    -17.22  1.00000
  19984     9.35    -17.17  1.00000
  19985     9.35    -17.12  1.00000
  19986     9.35    -17.07  1.00000
  19987     9.35    -17.02  1.00000
  19988     9.35    -16.97  1.00000
  19989     9.35    -16.92  1.00000
  19990     9.35    -16.87  1.00000
  19991     9.35    -16.82  1.00000
  19992     9.35    -16.77  1.00000
  19993     9.35    -16.72  1.00000
  19994     9.35    -16.67  1.00000
  19995     9.35    -16.62  1.00000
  19996     9.35    -16.57  1.00000
  19997     9.35    -16.52  1.00000
  19998     9.35    -16.47  1.00000
  19999     9.35    -16.42  1.00000
  20000     9.35    -16.37  1.00000
  20001     9.35    -16.32  1.00000
  20002     9.35    -16.27  1.00000
  20003     9.35    -16.22  1.00000
  20004     9.35    -16.17  1.00000
  20005     9.35    -16.12  1.00000
  20006     9.35    -16.07  1.00000
  20007     9.35    -16.02  1.00000
  20008     9.35    -15.97  1.00000
  20009     9.35    -15.92  1.00000
  20010     9.35    -15.87  1.00000
  20011     9.35    -15.82  1.00000
  20012     9.35    -15.77  1.00000
  20013     9.35    -15.72  1.00000
  20014     9.35    -15.67  1.00000
  20015     9.35    -15.62  1.00000
  20016     9.35    -15.57  1.00000
  20017     9.35    -15.52  1.00000
  20018     9.35    -15.47  1.00000
  20019     9.35    -15.42  1.00000
  20020     9.35    -15.37  1.00000
  20021     9.40    -22.47  1.00000
  20022     9.40    -22.42  1.00000
  20023     9.40    -22.37  1.00000
  20024     9.40    -22.32  1.00000
  20025     9.40    -22.27  1.00000
  20026     9.40    -22.22  1.00000
  20027     9.40    -22.17  1.00000
  20028     9.40    -22.12  1.00000
  20029     9.40    -22.07  1.00000
  20030     9.40    -22.02  1.00000
  20031     9.40    -21.97  1.00000
  20032     9.40    -21.92  1.00000
  20033     9.40    -21.87  1.00000
  20034     9.40    -21.82  1.00000
  20035     9.40    -21.77  1.00000
  20036     9.40    -21.72  1.00000
  20037     9.40    -21.67  1.00000
  20038     9.40    -21.62  1.00000
  20039     9.40    -21.57  1.00000
  20040     9.40    -21.52  1.00000
  20041     9.40    -21.47  1.00000
  20042     9.40    -21.42  1.00000
  20043     9.40    -21.37  1.00000
  20044     9.40    -21.32  1.00000
  20045     9.40    -21.27  1.00000
  20046     9.40    -21.22  1.00000
  20047     9.40    -21.17  1.00000
  20048     9.40    -21.12  1.00000
  20049     9.40    -21.07  1.00000
  20050     9.40    -21.02  1.00000
  20051     9.40    -20.97  1.00000
  20052     9.40    -20.92  1.00000
  20053     9.40    -20.87  1.00000
  20054     9.40    -20.82  1.00000
  20055     9.40    -20.77  1.00000
  20056     9.40    -20.72  1.00000
  20057     9.40    -20.67  1.00000
  20058     9.40    -20.62  1.00000
  20059     9.40    -20.57  1.00000
  20060     9.40    -20.52  1.00000
  20061     9.40    -20.47  1.00000
  20062     9.40    -20.42  1.00000
  20063     9.40    -20.37  1.00000
  20064     9.40    -20.32  1.00000
  20065     9.40    -20.27  1.00000
  20066     9.40    -20.22  1.00000
  20067     9.40    -20.17  1.00000
  20068     9.40    -20.12  1.00000
  20069     9.40    -20.07  1.00000
  20070     9.40    -20.02  1.00000
  20071     9.40    -19.97  1.00000
  20072     9.40    -19.92  1.00000
  20073     9.40    -19.87  1.00000
  20074     9.40    -19.82  1.00000
  20075     9.40    -19.77  1.00000
  20076     9.40    -19.72  1.00000
  20077     9.40    -19.67  1.00000
  20078     9.40    -19.62  1.00000
  20079     9.40    -19.57  1.00000
  20080     9.40    -19.52  1.00000
  20081     9.40    -19.47  1.00000
  20082     9.40    -19.42  1.00000
  20083     9.40    -19.37  1.00000
  20084     9.40    -19.32  1.00000
  20085     9.40    -19.27  1.00000
  20086     9.40    -19.22  1.00000
  20087     9.40    -19.17  1.00000
  20088     9.40    -19.12  1.00000
  20089     9.40    -19.07  1.00000
  20090     9.40    -19.02  1.00000
  20091     9.40    -18.97  1.00000
  20092     9.40    -18.92  1.00000
  20093     9.40    -18.87  1.00000
  20094     9.40    -18.82  1.00000
  20095     9.40    -18.77  1.00000
  20096     9.40    -18.72  1.00000
  20097     9.40    -18.67  1.00000
  20098     9.40    -18.62  1.00000
  20099     9.40    -18.57  1.00000
  20100     9.40    -18.52  1.00000
  20101     9.40    -18.47  1.00000
  20102     9.40    -18.42  1.00000
  20103     9.40    -18.37  1.00000
  20104     9.40    -18.32  1.00000
  20105     9.40    -18.27  1.00000
  20106     9.40    -18.22  1.00000
  20107     9.40    -18.17  1.00000
  20108     9.40    -18.12  1.00000
  20109     9.40    -18.07  1.00000
  20110     9.40    -18.02  1.00000
  20111     9.40    -17.97  1.00000
  20112     9.40    -17.92  1.00000
  20113     9.40    -17.87  1.00000
  20114     9.40    -17.82  1.00000
  20115     9.40    -17.77  1.00000
  20116     9.40    -17.72  1.00000
  20117     9.40    -17.67  1.00000
  20118     9.40    -17.62  1.00000
  20119     9.40    -17.57  1.00000
  20120     9.40    -17.52  1.00000
  20121     9.40    -17.47  1.00000
  20122     9.40    -17.42  1.00000
  20123     9.40    -17.37  1.00000
  20124     9.40    -17.32  1.00000
  20125     9.40    -17.27  1.00000
  20126     9.40    -17.22  1.00000
  20127     9.40    -17.17  1.00000
  20128     9.40    -17.12  1.00000
  20129     9.40    -17.07  1.00000
  20130     9.40    -17.02  1.00000
  20131     9.40    -16.97  1.00000
  20132     9.40    -16.92  1.00000
  20133     9.40    -16.87  1.00000
  20134     9.40    -16.82  1.00000
  20135     9.40    -16.77  1.00000
  20136     9.40    -16.72  1.00000
  20137     9.40    -16.67  1.00000
  20138     9.40    -16.62  1.00000
  20139     9.40    -16.57  1.00000
  20140     9.40    -16.52  1.00000
  20141     9.40    -16.47  1.00000
  20142     9.40    -16.42  1.00000
  20143     9.40    -16.37  1.00000
  20144     9.40    -16.32  1.00000
  20145     9.40    -16.27  1.00000
  20146     9.40    -16.22  1.00000
  20147     9.40    -16.17  1.00000
  20148     9.40    -16.12  1.00000
  20149     9.40    -16.07  1.00000
  20150     9.40    -16.02  1.00000
  20151     9.40    -15.97  1.00000
  20152     9.40    -15.92  1.00000
  20153     9.40    -15.87  1.00000
  20154     9.40    -15.82  1.00000
  20155     9.40    -15.77  1.00000
  20156     9.40    -15.72  1.00000
  20157     9.40    -15.67  1.00000
  20158     9.40    -15.62  1.00000
  20159     9.40    -15.57  1.00000
  20160     9.40    -15.52  1.00000
  20161     9.40    -15.47  1.00000
  20162     9.40    -15.42  1.00000
  20163     9.40    -15.37  1.00000
  20164     9.45    -22.47  1.00000
  20165     9.45    -22.42  1.00000
  20166     9.45    -22.37  1.00000
  20167     9.45    -22.32  1.00000
  20168     9.45    -22.27  1.00000
  20169     9.45    -22.22  1.00000
  20170     9.45    -22.17  1.00000
  20171     9.45    -22.12  1.00000
  20172     9.45    -22.07  1.00000
  20173     9.45    -22.02  1.00000
  20174     9.45    -21.97  1.00000
  20175     9.45    -21.92  1.00000
  20176     9.45    -21.87  1.00000
  20177     9.45    -21.82  1.00000
  20178     9.45    -21.77  1.00000
  20179     9.45    -21.72  1.00000
  20180     9.45    -21.67  1.00000
  20181     9.45    -21.62  1.00000
  20182     9.45    -21.57  1.00000
  20183     9.45    -21.52  1.00000
  20184     9.45    -21.47  1.00000
  20185     9.45    -21.42  1.00000
  20186     9.45    -21.37  1.00000
  20187     9.45    -21.32  1.00000
  20188     9.45    -21.27  1.00000
  20189     9.45    -21.22  1.00000
  20190     9.45    -21.17  1.00000
  20191     9.45    -21.12  1.00000
  20192     9.45    -21.07  1.00000
  20193     9.45    -21.02  1.00000
  20194     9.45    -20.97  1.00000
  20195     9.45    -20.92  1.00000
  20196     9.45    -20.87  1.00000
  20197     9.45    -20.82  1.00000
  20198     9.45    -20.77  1.00000
  20199     9.45    -20.72  1.00000
  20200     9.45    -20.67  1.00000
  20201     9.45    -20.62  1.00000
  20202     9.45    -20.57  1.00000
  20203     9.45    -20.52  1.00000
  20204     9.45    -20.47  1.00000
  20205     9.45    -20.42  1.00000
  20206     9.45    -20.37  1.00000
  20207     9.45    -20.32  1.00000
  20208     9.45    -20.27  1.00000
  20209     9.45    -20.22  1.00000
  20210     9.45    -20.17  1.00000
  20211     9.45    -20.12  1.00000
  20212     9.45    -20.07  1.00000
  20213     9.45    -20.02  1.00000
  20214     9.45    -19.97  1.00000
  20215     9.45    -19.92  1.00000
  20216     9.45    -19.87  1.00000
  20217     9.45    -19.82  1.00000
  20218     9.45    -19.77  1.00000
  20219     9.45    -19.72  1.00000
  20220     9.45    -19.67  1.00000
  20221     9.45    -19.62  1.00000
  20222     9.45    -19.57  1.00000
  20223     9.45    -19.52  1.00000
  20224     9.45    -19.47  1.00000
  20225     9.45    -19.42  1.00000
  20226     9.45    -19.37  1.00000
  20227     9.45    -19.32  1.00000
  20228     9.45    -19.27  1.00000
  20229     9.45    -19.22  1.00000
  20230     9.45    -19.17  1.00000
  20231     9.45    -19.12  1.00000
  20232     9.45    -19.07  1.00000
  20233     9.45    -19.02  1.00000
  20234     9.45    -18.97  1.00000
  20235     9.45    -18.92  1.00000
  20236     9.45    -18.87  1.00000
  20237     9.45    -18.82  1.00000
  20238     9.45    -18.77  1.00000
  20239     9.45    -18.72  1.00000
  20240     9.45    -18.67  1.00000
  20241     9.45    -18.62  1.00000
  20242     9.45    -18.57  1.00000
  20243     9.45    -18.52  1.00000
  20244     9.45    -18.47  1.00000
  20245     9.45    -18.42  1.00000
  20246     9.45    -18.37  1.00000
  20247     9.45    -18.32  1.00000
  20248     9.45    -18.27  1.00000
  20249     9.45    -18.22  1.00000
  20250     9.45    -18.17  1.00000
  20251     9.45    -18.12  1.00000
  20252     9.45    -18.07  1.00000
  20253     9.45    -18.02  1.00000
  20254     9.45    -17.97  1.00000
  20255     9.45    -17.92  1.00000
  20256     9.45    -17.87  1.00000
  20257     9.45    -17.82  1.00000
  20258     9.45    -17.77  1.00000
  20259     9.45    -17.72  1.00000
  20260     9.45    -17.67  1.00000
  20261     9.45    -17.62  1.00000
  20262     9.45    -17.57  1.00000
  20263     9.45    -17.52  1.00000
  20264     9.45    -17.47  1.00000
  20265     9.45    -17.42  1.00000
  20266     9.45    -17.37  1.00000
  20267     9.45    -17.32  1.00000
  20268     9.45    -17.27  1.00000
  20269     9.45    -17.22  1.00000
  20270     9.45    -17.17  1.00000
  20271     9.45    -17.12  1.00000
  20272     9.45    -17.07  1.00000
  20273     9.45    -17.02  1.00000
  20274     9.45    -16.97  1.00000
  20275     9.45    -16.92  1.00000
  20276     9.45    -16.87  1.00000
  20277     9.45    -16.82  1.00000
  20278     9.45    -16.77  1.00000
  20279     9.45    -16.72  1.00000
  20280     9.45    -16.67  1.00000
  20281     9.45    -16.62  1.00000
  20282     9.45    -16.57  1.00000
  20283     9.45    -16.52  1.00000
  20284     9.45    -16.47  1.00000
  20285     9.45    -16.42  1.00000
  20286     9.45    -16.37  1.00000
  20287     9.45    -16.32  1.00000
  20288     9.45    -16.27  1.00000
  20289     9.45    -16.22  1.00000
  20290     9.45    -16.17  1.00000
  20291     9.45    -16.12  1.00000
  20292     9.45    -16.07  1.00000
  20293     9.45    -16.02  1.00000
  20294     9.45    -15.97  1.00000
  20295     9.45    -15.92  1.00000
  20296     9.45    -15.87  1.00000
  20297     9.45    -15.82  1.00000
  20298     9.45    -15.77  1.00000
  20299     9.45    -15.72  1.00000
  20300     9.45    -15.67  1.00000
  20301     9.45    -15.62  1.00000
  20302     9.45    -15.57  1.00000
  20303     9.45    -15.52  1.00000
  20304     9.45    -15.47  1.00000
  20305     9.45    -15.42  1.00000
  20306     9.45    -15.37  1.00000
  20307     9.50    -22.47  1.00000
  20308     9.50    -22.42  1.00000
  20309     9.50    -22.37  1.00000
  20310     9.50    -22.32  1.00000
  20311     9.50    -22.27  1.00000
  20312     9.50    -22.22  1.00000
  20313     9.50    -22.17  1.00000
  20314     9.50    -22.12  1.00000
  20315     9.50    -22.07  1.00000
  20316     9.50    -22.02  1.00000
  20317     9.50    -21.97  1.00000
  20318     9.50    -21.92  1.00000
  20319     9.50    -21.87  1.00000
  20320     9.50    -21.82  1.00000
  20321     9.50    -21.77  1.00000
  20322     9.50    -21.72  1.00000
  20323     9.50    -21.67  1.00000
  20324     9.50    -21.62  1.00000
  20325     9.50    -21.57  1.00000
  20326     9.50    -21.52  1.00000
  20327     9.50    -21.47  1.00000
  20328     9.50    -21.42  1.00000
  20329     9.50    -21.37  1.00000
  20330     9.50    -21.32  1.00000
  20331     9.50    -21.27  1.00000
  20332     9.50    -21.22  1.00000
  20333     9.50    -21.17  1.00000
  20334     9.50    -21.12  1.00000
  20335     9.50    -21.07  1.00000
  20336     9.50    -21.02  1.00000
  20337     9.50    -20.97  1.00000
  20338     9.50    -20.92  1.00000
  20339     9.50    -20.87  1.00000
  20340     9.50    -20.82  1.00000
  20341     9.50    -20.77  1.00000
  20342     9.50    -20.72  1.00000
  20343     9.50    -20.67  1.00000
  20344     9.50    -20.62  1.00000
  20345     9.50    -20.57  1.00000
  20346     9.50    -20.52  1.00000
  20347     9.50    -20.47  1.00000
  20348     9.50    -20.42  1.00000
  20349     9.50    -20.37  1.00000
  20350     9.50    -20.32  1.00000
  20351     9.50    -20.27  1.00000
  20352     9.50    -20.22  1.00000
  20353     9.50    -20.17  1.00000
  20354     9.50    -20.12  1.00000
  20355     9.50    -20.07  1.00000
  20356     9.50    -20.02  1.00000
  20357     9.50    -19.97  1.00000
  20358     9.50    -19.92  1.00000
  20359     9.50    -19.87  1.00000
  20360     9.50    -19.82  1.00000
  20361     9.50    -19.77  1.00000
  20362     9.50    -19.72  1.00000
  20363     9.50    -19.67  1.00000
  20364     9.50    -19.62  1.00000
  20365     9.50    -19.57  1.00000
  20366     9.50    -19.52  1.00000
  20367     9.50    -19.47  1.00000
  20368     9.50    -19.42  1.00000
  20369     9.50    -19.37  1.00000
  20370     9.50    -19.32  1.00000
  20371     9.50    -19.27  1.00000
  20372     9.50    -19.22  1.00000
  20373     9.50    -19.17  1.00000
  20374     9.50    -19.12  1.00000
  20375     9.50    -19.07  1.00000
  20376     9.50    -19.02  1.00000
  20377     9.50    -18.97  1.00000
  20378     9.50    -18.92  1.00000
  20379     9.50    -18.87  1.00000
  20380     9.50    -18.82  1.00000
  20381     9.50    -18.77  1.00000
  20382     9.50    -18.72  1.00000
  20383     9.50    -18.67  1.00000
  20384     9.50    -18.62  1.00000
  20385     9.50    -18.57  1.00000
  20386     9.50    -18.52  1.00000
  20387     9.50    -18.47  1.00000
  20388     9.50    -18.42  1.00000
  20389     9.50    -18.37  1.00000
  20390     9.50    -18.32  1.00000
  20391     9.50    -18.27  1.00000
  20392     9.50    -18.22  1.00000
  20393     9.50    -18.17  1.00000
  20394     9.50    -18.12  1.00000
  20395     9.50    -18.07  1.00000
  20396     9.50    -18.02  1.00000
  20397     9.50    -17.97  1.00000
  20398     9.50    -17.92  1.00000
  20399     9.50    -17.87  1.00000
  20400     9.50    -17.82  1.00000
  20401     9.50    -17.77  1.00000
  20402     9.50    -17.72  1.00000
  20403     9.50    -17.67  1.00000
  20404     9.50    -17.62  1.00000
  20405     9.50    -17.57  1.00000
  20406     9.50    -17.52  1.00000
  20407     9.50    -17.47  1.00000
  20408     9.50    -17.42  1.00000
  20409     9.50    -17.37  1.00000
  20410     9.50    -17.32  1.00000
  20411     9.50    -17.27  1.00000
  20412     9.50    -17.22  1.00000
  20413     9.50    -17.17  1.00000
  20414     9.50    -17.12  1.00000
  20415     9.50    -17.07  1.00000
  20416     9.50    -17.02  1.00000
  20417     9.50    -16.97  1.00000
  20418     9.50    -16.92  1.00000
  20419     9.50    -16.87  1.00000
  20420     9.50    -16.82  1.00000
  20421     9.50    -16.77  1.00000
  20422     9.50    -16.72  1.00000
  20423     9.50    -16.67  1.00000
  20424     9.50    -16.62  1.00000
  20425     9.50    -16.57  1.00000
  20426     9.50    -16.52  1.00000
  20427     9.50    -16.47  1.00000
  20428     9.50    -16.42  1.00000
  20429     9.50    -16.37  1.00000
  20430     9.50    -16.32  1.00000
  20431     9.50    -16.27  1.00000
  20432     9.50    -16.22  1.00000
  20433     9.50    -16.17  1.00000
  20434     9.50    -16.12  1.00000
  20435     9.50    -16.07  1.00000
  20436     9.50    -16.02  1.00000
  20437     9.50    -15.97  1.00000
  20438     9.50    -15.92  1.00000
  20439     9.50    -15.87  1.00000
  20440     9.50    -15.82  1.00000
  20441     9.50    -15.77  1.00000
  20442     9.50    -15.72  1.00000
  20443     9.50    -15.67  1.00000
  20444     9.50    -15.62  1.00000
  20445     9.50    -15.57  1.00000
  20446     9.50    -15.52  1.00000
  20447     9.50    -15.47  1.00000
  20448     9.50    -15.42  1.00000
  20449     9.50    -15.37  1.00000
  20450     9.55    -22.47  1.00000
  20451     9.55    -22.42  1.00000
  20452     9.55    -22.37  1.00000
  20453     9.55    -22.32  1.00000
  20454     9.55    -22.27  1.00000
  20455     9.55    -22.22  1.00000
  20456     9.55    -22.17  1.00000
  20457     9.55    -22.12  1.00000
  20458     9.55    -22.07  1.00000
  20459     9.55    -22.02  1.00000
  20460     9.55    -21.97  1.00000
  20461     9.55    -21.92  1.00000
  20462     9.55    -21.87  1.00000
  20463     9.55    -21.82  1.00000
  20464     9.55    -21.77  1.00000
  20465     9.55    -21.72  1.00000
  20466     9.55    -21.67  1.00000
  20467     9.55    -21.62  1.00000
  20468     9.55    -21.57  1.00000
  20469     9.55    -21.52  1.00000
  20470     9.55    -21.47  1.00000
  20471     9.55    -21.42  1.00000
  20472     9.55    -21.37  1.00000
  20473     9.55    -21.32  1.00000
  20474     9.55    -21.27  1.00000
  20475     9.55    -21.22  1.00000
  20476     9.55    -21.17  1.00000
  20477     9.55    -21.12  1.00000
  20478     9.55    -21.07  1.00000
  20479     9.55    -21.02  1.00000
  20480     9.55    -20.97  1.00000
  20481     9.55    -20.92  1.00000
  20482     9.55    -20.87  1.00000
  20483     9.55    -20.82  1.00000
  20484     9.55    -20.77  1.00000
  20485     9.55    -20.72  1.00000
  20486     9.55    -20.67  1.00000
  20487     9.55    -20.62  1.00000
  20488     9.55    -20.57  1.00000
  20489     9.55    -20.52  1.00000
  20490     9.55    -20.47  1.00000
  20491     9.55    -20.42  1.00000
  20492     9.55    -20.37  1.00000
  20493     9.55    -20.32  1.00000
  20494     9.55    -20.27  1.00000
  20495     9.55    -20.22  1.00000
  20496     9.55    -20.17  1.00000
  20497     9.55    -20.12  1.00000
  20498     9.55    -20.07  1.00000
  20499     9.55    -20.02  1.00000
  20500     9.55    -19.97  1.00000
  20501     9.55    -19.92  1.00000
  20502     9.55    -19.87  1.00000
  20503     9.55    -19.82  1.00000
  20504     9.55    -19.77  1.00000
  20505     9.55    -19.72  1.00000
  20506     9.55    -19.67  1.00000
  20507     9.55    -19.62  1.00000
  20508     9.55    -19.57  1.00000
  20509     9.55    -19.52  1.00000
  20510     9.55    -19.47  1.00000
  20511     9.55    -19.42  1.00000
  20512     9.55    -19.37  1.00000
  20513     9.55    -19.32  1.00000
  20514     9.55    -19.27  1.00000
  20515     9.55    -19.22  1.00000
  20516     9.55    -19.17  1.00000
  20517     9.55    -19.12  1.00000
  20518     9.55    -19.07  1.00000
  20519     9.55    -19.02  1.00000
  20520     9.55    -18.97  1.00000
  20521     9.55    -18.92  1.00000
  20522     9.55    -18.87  1.00000
  20523     9.55    -18.82  1.00000
  20524     9.55    -18.77  1.00000
  20525     9.55    -18.72  1.00000
  20526     9.55    -18.67  1.00000
  20527     9.55    -18.62  1.00000
  20528     9.55    -18.57  1.00000
  20529     9.55    -18.52  1.00000
  20530     9.55    -18.47  1.00000
  20531     9.55    -18.42  1.00000
  20532     9.55    -18.37  1.00000
  20533     9.55    -18.32  1.00000
  20534     9.55    -18.27  1.00000
  20535     9.55    -18.22  1.00000
  20536     9.55    -18.17  1.00000
  20537     9.55    -18.12  1.00000
  20538     9.55    -18.07  1.00000
  20539     9.55    -18.02  1.00000
  20540     9.55    -17.97  1.00000
  20541     9.55    -17.92  1.00000
  20542     9.55    -17.87  1.00000
  20543     9.55    -17.82  1.00000
  20544     9.55    -17.77  1.00000
  20545     9.55    -17.72  1.00000
  20546     9.55    -17.67  1.00000
  20547     9.55    -17.62  1.00000
  20548     9.55    -17.57  1.00000
  20549     9.55    -17.52  1.00000
  20550     9.55    -17.47  1.00000
  20551     9.55    -17.42  1.00000
  20552     9.55    -17.37  1.00000
  20553     9.55    -17.32  1.00000
  20554     9.55    -17.27  1.00000
  20555     9.55    -17.22  1.00000
  20556     9.55    -17.17  1.00000
  20557     9.55    -17.12  1.00000
  20558     9.55    -17.07  1.00000
  20559     9.55    -17.02  1.00000
  20560     9.55    -16.97  1.00000
  20561     9.55    -16.92  1.00000
  20562     9.55    -16.87  1.00000
  20563     9.55    -16.82  1.00000
  20564     9.55    -16.77  1.00000
  20565     9.55    -16.72  1.00000
  20566     9.55    -16.67  1.00000
  20567     9.55    -16.62  1.00000
  20568     9.55    -16.57  1.00000
  20569     9.55    -16.52  1.00000
  20570     9.55    -16.47  1.00000
  20571     9.55    -16.42  1.00000
  20572     9.55    -16.37  1.00000
  20573     9.55    -16.32  1.00000
  20574     9.55    -16.27  1.00000
  20575     9.55    -16.22  1.00000
  20576     9.55    -16.17  1.00000
  20577     9.55    -16.12  1.00000
  20578     9.55    -16.07  1.00000
  20579     9.55    -16.02  1.00000
  20580     9.55    -15.97  1.00000
  20581     9.55    -15.92  1.00000
  20582     9.55    -15.87  1.00000
  20583     9.55    -15.82  1.00000
  20584     9.55    -15.77  1.00000
  20585     9.55    -15.72  1.00000
  20586     9.55    -15.67  1.00000
  20587     9.55    -15.62  1.00000
  20588     9.55    -15.57  1.00000
  20589     9.55    -15.52  1.00000
  20590     9.55    -15.47  1.00000
  20591     9.55    -15.42  1.00000
  20592     9.55    -15.37  1.00000
  20593     9.60    -22.47  1.00000
  20594     9.60    -22.42  1.00000
  20595     9.60    -22.37  1.00000
  20596     9.60    -22.32  1.00000
  20597     9.60    -22.27  1.00000
  20598     9.60    -22.22  1.00000
  20599     9.60    -22.17  1.00000
  20600     9.60    -22.12  1.00000
  20601     9.60    -22.07  1.00000
  20602     9.60    -22.02  1.00000
  20603     9.60    -21.97  1.00000
  20604     9.60    -21.92  1.00000
  20605     9.60    -21.87  1.00000
  20606     9.60    -21.82  1.00000
  20607     9.60    -21.77  1.00000
  20608     9.60    -21.72  1.00000
  20609     9.60    -21.67  1.00000
  20610     9.60    -21.62  1.00000
  20611     9.60    -21.57  1.00000
  20612     9.60    -21.52  1.00000
  20613     9.60    -21.47  1.00000
  20614     9.60    -21.42  1.00000
  20615     9.60    -21.37  1.00000
  20616     9.60    -21.32  1.00000
  20617     9.60    -21.27  1.00000
  20618     9.60    -21.22  1.00000
  20619     9.60    -21.17  1.00000
  20620     9.60    -21.12  1.00000
  20621     9.60    -21.07  1.00000
  20622     9.60    -21.02  1.00000
  20623     9.60    -20.97  1.00000
  20624     9.60    -20.92  1.00000
  20625     9.60    -20.87  1.00000
  20626     9.60    -20.82  1.00000
  20627     9.60    -20.77  1.00000
  20628     9.60    -20.72  1.00000
  20629     9.60    -20.67  1.00000
  20630     9.60    -20.62  1.00000
  20631     9.60    -20.57  1.00000
  20632     9.60    -20.52  1.00000
  20633     9.60    -20.47  1.00000
  20634     9.60    -20.42  1.00000
  20635     9.60    -20.37  1.00000
  20636     9.60    -20.32  1.00000
  20637     9.60    -20.27  1.00000
  20638     9.60    -20.22  1.00000
  20639     9.60    -20.17  1.00000
  20640     9.60    -20.12  1.00000
  20641     9.60    -20.07  1.00000
  20642     9.60    -20.02  1.00000
  20643     9.60    -19.97  1.00000
  20644     9.60    -19.92  1.00000
  20645     9.60    -19.87  1.00000
  20646     9.60    -19.82  1.00000
  20647     9.60    -19.77  1.00000
  20648     9.60    -19.72  1.00000
  20649     9.60    -19.67  1.00000
  20650     9.60    -19.62  1.00000
  20651     9.60    -19.57  1.00000
  20652     9.60    -19.52  1.00000
  20653     9.60    -19.47  1.00000
  20654     9.60    -19.42  1.00000
  20655     9.60    -19.37  1.00000
  20656     9.60    -19.32  1.00000
  20657     9.60    -19.27  1.00000
  20658     9.60    -19.22  1.00000
  20659     9.60    -19.17  1.00000
  20660     9.60    -19.12  1.00000
  20661     9.60    -19.07  1.00000
  20662     9.60    -19.02  1.00000
  20663     9.60    -18.97  1.00000
  20664     9.60    -18.92  1.00000
  20665     9.60    -18.87  1.00000
  20666     9.60    -18.82  1.00000
  20667     9.60    -18.77  1.00000
  20668     9.60    -18.72  1.00000
  20669     9.60    -18.67  1.00000
  20670     9.60    -18.62  1.00000
  20671     9.60    -18.57  1.00000
  20672     9.60    -18.52  1.00000
  20673     9.60    -18.47  1.00000
  20674     9.60    -18.42  1.00000
  20675     9.60    -18.37  1.00000
  20676     9.60    -18.32  1.00000
  20677     9.60    -18.27  1.00000
  20678     9.60    -18.22  1.00000
  20679     9.60    -18.17  1.00000
  20680     9.60    -18.12  1.00000
  20681     9.60    -18.07  1.00000
  20682     9.60    -18.02  1.00000
  20683     9.60    -17.97  1.00000
  20684     9.60    -17.92  1.00000
  20685     9.60    -17.87  1.00000
  20686     9.60    -17.82  1.00000
  20687     9.60    -17.77  1.00000
  20688     9.60    -17.72  1.00000
  20689     9.60    -17.67  1.00000
  20690     9.60    -17.62  1.00000
  20691     9.60    -17.57  1.00000
  20692     9.60    -17.52  1.00000
  20693     9.60    -17.47  1.00000
  20694     9.60    -17.42  1.00000
  20695     9.60    -17.37  1.00000
  20696     9.60    -17.32  1.00000
  20697     9.60    -17.27  1.00000
  20698     9.60    -17.22  1.00000
  20699     9.60    -17.17  1.00000
  20700     9.60    -17.12  1.00000
  20701     9.60    -17.07  1.00000
  20702     9.60    -17.02  1.00000
  20703     9.60    -16.97  1.00000
  20704     9.60    -16.92  1.00000
  20705     9.60    -16.87  1.00000
  20706     9.60    -16.82  1.00000
  20707     9.60    -16.77  1.00000
  20708     9.60    -16.72  1.00000
  20709     9.60    -16.67  1.00000
  20710     9.60    -16.62  1.00000
  20711     9.60    -16.57  1.00000
  20712     9.60    -16.52  1.00000
  20713     9.60    -16.47  1.00000
  20714     9.60    -16.42  1.00000
  20715     9.60    -16.37  1.00000
  20716     9.60    -16.32  1.00000
  20717     9.60    -16.27  1.00000
  20718     9.60    -16.22  1.00000
  20719     9.60    -16.17  1.00000
  20720     9.60    -16.12  1.00000
  20721     9.60    -16.07  1.00000
  20722     9.60    -16.02  1.00000
  20723     9.60    -15.97  1.00000
  20724     9.60    -15.92  1.00000
  20725     9.60    -15.87  1.00000
  20726     9.60    -15.82  1.00000
  20727     9.60    -15.77  1.00000
  20728     9.60    -15.72  1.00000
  20729     9.60    -15.67  1.00000
  20730     9.60    -15.62  1.00000
  20731     9.60    -15.57  1.00000
  20732     9.60    -15.52  1.00000
  20733     9.60    -15.47  1.00000
  20734     9.60    -15.42  1.00000
  20735     9.60    -15.37  1.00000
  20736     9.65    -22.47  1.00000
  20737     9.65    -22.42  1.00000
  20738     9.65    -22.37  1.00000
  20739     9.65    -22.32  1.00000
  20740     9.65    -22.27  1.00000
  20741     9.65    -22.22  1.00000
  20742     9.65    -22.17  1.00000
  20743     9.65    -22.12  1.00000
  20744     9.65    -22.07  1.00000
  20745     9.65    -22.02  1.00000
  20746     9.65    -21.97  1.00000
  20747     9.65    -21.92  1.00000
  20748     9.65    -21.87  1.00000
  20749     9.65    -21.82  1.00000
  20750     9.65    -21.77  1.00000
  20751     9.65    -21.72  1.00000
  20752     9.65    -21.67  1.00000
  20753     9.65    -21.62  1.00000
  20754     9.65    -21.57  1.00000
  20755     9.65    -21.52  1.00000
  20756     9.65    -21.47  1.00000
  20757     9.65    -21.42  1.00000
  20758     9.65    -21.37  1.00000
  20759     9.65    -21.32  1.00000
  20760     9.65    -21.27  1.00000
  20761     9.65    -21.22  1.00000
  20762     9.65    -21.17  1.00000
  20763     9.65    -21.12  1.00000
  20764     9.65    -21.07  1.00000
  20765     9.65    -21.02  1.00000
  20766     9.65    -20.97  1.00000
  20767     9.65    -20.92  1.00000
  20768     9.65    -20.87  1.00000
  20769     9.65    -20.82  1.00000
  20770     9.65    -20.77  1.00000
  20771     9.65    -20.72  1.00000
  20772     9.65    -20.67  1.00000
  20773     9.65    -20.62  1.00000
  20774     9.65    -20.57  1.00000
  20775     9.65    -20.52  1.00000
  20776     9.65    -20.47  1.00000
  20777     9.65    -20.42  1.00000
  20778     9.65    -20.37  1.00000
  20779     9.65    -20.32  1.00000
  20780     9.65    -20.27  1.00000
  20781     9.65    -20.22  1.00000
  20782     9.65    -20.17  1.00000
  20783     9.65    -20.12  1.00000
  20784     9.65    -20.07  1.00000
  20785     9.65    -20.02  1.00000
  20786     9.65    -19.97  1.00000
  20787     9.65    -19.92  1.00000
  20788     9.65    -19.87  1.00000
  20789     9.65    -19.82  1.00000
  20790     9.65    -19.77  1.00000
  20791     9.65    -19.72  1.00000
  20792     9.65    -19.67  1.00000
  20793     9.65    -19.62  1.00000
  20794     9.65    -19.57  1.00000
  20795     9.65    -19.52  1.00000
  20796     9.65    -19.47  1.00000
  20797     9.65    -19.42  1.00000
  20798     9.65    -19.37  1.00000
  20799     9.65    -19.32  1.00000
  20800     9.65    -19.27  1.00000
  20801     9.65    -19.22  1.00000
  20802     9.65    -19.17  1.00000
  20803     9.65    -19.12  1.00000
  20804     9.65    -19.07  1.00000
  20805     9.65    -19.02  1.00000
  20806     9.65    -18.97  1.00000
  20807     9.65    -18.92  1.00000
  20808     9.65    -18.87  1.00000
  20809     9.65    -18.82  1.00000
  20810     9.65    -18.77  1.00000
  20811     9.65    -18.72  1.00000
  20812     9.65    -18.67  1.00000
  20813     9.65    -18.62  1.00000
  20814     9.65    -18.57  1.00000
  20815     9.65    -18.52  1.00000
  20816     9.65    -18.47  1.00000
  20817     9.65    -18.42  1.00000
  20818     9.65    -18.37  1.00000
  20819     9.65    -18.32  1.00000
  20820     9.65    -18.27  1.00000
  20821     9.65    -18.22  1.00000
  20822     9.65    -18.17  1.00000
  20823     9.65    -18.12  1.00000
  20824     9.65    -18.07  1.00000
  20825     9.65    -18.02  1.00000
  20826     9.65    -17.97  1.00000
  20827     9.65    -17.92  1.00000
  20828     9.65    -17.87  1.00000
  20829     9.65    -17.82  1.00000
  20830     9.65    -17.77  1.00000
  20831     9.65    -17.72  1.00000
  20832     9.65    -17.67  1.00000
  20833     9.65    -17.62  1.00000
  20834     9.65    -17.57  1.00000
  20835     9.65    -17.52  1.00000
  20836     9.65    -17.47  1.00000
  20837     9.65    -17.42  1.00000
  20838     9.65    -17.37  1.00000
  20839     9.65    -17.32  1.00000
  20840     9.65    -17.27  1.00000
  20841     9.65    -17.22  1.00000
  20842     9.65    -17.17  1.00000
  20843     9.65    -17.12  1.00000
  20844     9.65    -17.07  1.00000
  20845     9.65    -17.02  1.00000
  20846     9.65    -16.97  1.00000
  20847     9.65    -16.92  1.00000
  20848     9.65    -16.87  1.00000
  20849     9.65    -16.82  1.00000
  20850     9.65    -16.77  1.00000
  20851     9.65    -16.72  1.00000
  20852     9.65    -16.67  1.00000
  20853     9.65    -16.62  1.00000
  20854     9.65    -16.57  1.00000
  20855     9.65    -16.52  1.00000
  20856     9.65    -16.47  1.00000
  20857     9.65    -16.42  1.00000
  20858     9.65    -16.37  1.00000
  20859     9.65    -16.32  1.00000
  20860     9.65    -16.27  1.00000
  20861     9.65    -16.22  1.00000
  20862     9.65    -16.17  1.00000
  20863     9.65    -16.12  1.00000
  20864     9.65    -16.07  1.00000
  20865     9.65    -16.02  1.00000
  20866     9.65    -15.97  1.00000
  20867     9.65    -15.92  1.00000
  20868     9.65    -15.87  1.00000
  20869     9.65    -15.82  1.00000
  20870     9.65    -15.77  1.00000
  20871     9.65    -15.72  1.00000
  20872     9.65    -15.67  1.00000
  20873     9.65    -15.62  1.00000
  20874     9.65    -15.57  1.00000
  20875     9.65    -15.52  1.00000
  20876     9.65    -15.47  1.00000
  20877     9.65    -15.42  1.00000
  20878     9.65    -15.37  1.00000
  20879     9.70    -22.47  1.00000
  20880     9.70    -22.42  1.00000
  20881     9.70    -22.37  1.00000
  20882     9.70    -22.32  1.00000
  20883     9.70    -22.27  1.00000
  20884     9.70    -22.22  1.00000
  20885     9.70    -22.17  1.00000
  20886     9.70    -22.12  1.00000
  20887     9.70    -22.07  1.00000
  20888     9.70    -22.02  1.00000
  20889     9.70    -21.97  1.00000
  20890     9.70    -21.92  1.00000
  20891     9.70    -21.87  1.00000
  20892     9.70    -21.82  1.00000
  20893     9.70    -21.77  1.00000
  20894     9.70    -21.72  1.00000
  20895     9.70    -21.67  1.00000
  20896     9.70    -21.62  1.00000
  20897     9.70    -21.57  1.00000
  20898     9.70    -21.52  1.00000
  20899     9.70    -21.47  1.00000
  20900     9.70    -21.42  1.00000
  20901     9.70    -21.37  1.00000
  20902     9.70    -21.32  1.00000
  20903     9.70    -21.27  1.00000
  20904     9.70    -21.22  1.00000
  20905     9.70    -21.17  1.00000
  20906     9.70    -21.12  1.00000
  20907     9.70    -21.07  1.00000
  20908     9.70    -21.02  1.00000
  20909     9.70    -20.97  1.00000
  20910     9.70    -20.92  1.00000
  20911     9.70    -20.87  1.00000
  20912     9.70    -20.82  1.00000
  20913     9.70    -20.77  1.00000
  20914     9.70    -20.72  1.00000
  20915     9.70    -20.67  1.00000
  20916     9.70    -20.62  1.00000
  20917     9.70    -20.57  1.00000
  20918     9.70    -20.52  1.00000
  20919     9.70    -20.47  1.00000
  20920     9.70    -20.42  1.00000
  20921     9.70    -20.37  1.00000
  20922     9.70    -20.32  1.00000
  20923     9.70    -20.27  1.00000
  20924     9.70    -20.22  1.00000
  20925     9.70    -20.17  1.00000
  20926     9.70    -20.12  1.00000
  20927     9.70    -20.07  1.00000
  20928     9.70    -20.02  1.00000
  20929     9.70    -19.97  1.00000
  20930     9.70    -19.92  1.00000
  20931     9.70    -19.87  1.00000
  20932     9.70    -19.82  1.00000
  20933     9.70    -19.77  1.00000
  20934     9.70    -19.72  1.00000
  20935     9.70    -19.67  1.00000
  20936     9.70    -19.62  1.00000
  20937     9.70    -19.57  1.00000
  20938     9.70    -19.52  1.00000
  20939     9.70    -19.47  1.00000
  20940     9.70    -19.42  1.00000
  20941     9.70    -19.37  1.00000
  20942     9.70    -19.32  1.00000
  20943     9.70    -19.27  1.00000
  20944     9.70    -19.22  1.00000
  20945     9.70    -19.17  1.00000
  20946     9.70    -19.12  1.00000
  20947     9.70    -19.07  1.00000
  20948     9.70    -19.02  1.00000
  20949     9.70    -18.97  1.00000
  20950     9.70    -18.92  1.00000
  20951     9.70    -18.87  1.00000
  20952     9.70    -18.82  1.00000
  20953     9.70    -18.77  1.00000
  20954     9.70    -18.72  1.00000
  20955     9.70    -18.67  1.00000
  20956     9.70    -18.62  1.00000
  20957     9.70    -18.57  1.00000
  20958     9.70    -18.52  1.00000
  20959     9.70    -18.47  1.00000
  20960     9.70    -18.42  1.00000
  20961     9.70    -18.37  1.00000
  20962     9.70    -18.32  1.00000
  20963     9.70    -18.27  1.00000
  20964     9.70    -18.22  1.00000
  20965     9.70    -18.17  1.00000
  20966     9.70    -18.12  1.00000
  20967     9.70    -18.07  1.00000
  20968     9.70    -18.02  1.00000
  20969     9.70    -17.97  1.00000
  20970     9.70    -17.92  1.00000
  20971     9.70    -17.87  1.00000
  20972     9.70    -17.82  1.00000
  20973     9.70    -17.77  1.00000
  20974     9.70    -17.72  1.00000
  20975     9.70    -17.67  1.00000
  20976     9.70    -17.62  1.00000
  20977     9.70    -17.57  1.00000
  20978     9.70    -17.52  1.00000
  20979     9.70    -17.47  1.00000
  20980     9.70    -17.42  1.00000
  20981     9.70    -17.37  1.00000
  20982     9.70    -17.32  1.00000
  20983     9.70    -17.27  1.00000
  20984     9.70    -17.22  1.00000
  20985     9.70    -17.17  1.00000
  20986     9.70    -17.12  1.00000
  20987     9.70    -17.07  1.00000
  20988     9.70    -17.02  1.00000
  20989     9.70    -16.97  1.00000
  20990     9.70    -16.92  1.00000
  20991     9.70    -16.87  1.00000
  20992     9.70    -16.82  1.00000
  20993     9.70    -16.77  1.00000
  20994     9.70    -16.72  1.00000
  20995     9.70    -16.67  1.00000
  20996     9.70    -16.62  1.00000
  20997     9.70    -16.57  1.00000
  20998     9.70    -16.52  1.00000
  20999     9.70    -16.47  1.00000
  21000     9.70    -16.42  1.00000
  21001     9.70    -16.37  1.00000
  21002     9.70    -16.32  1.00000
  21003     9.70    -16.27  1.00000
  21004     9.70    -16.22  1.00000
  21005     9.70    -16.17  1.00000
  21006     9.70    -16.12  1.00000
  21007     9.70    -16.07  1.00000
  21008     9.70    -16.02  1.00000
  21009     9.70    -15.97  1.00000
  21010     9.70    -15.92  1.00000
  21011     9.70    -15.87  1.00000
  21012     9.70    -15.82  1.00000
  21013     9.70    -15.77  1.00000
  21014     9.70    -15.72  1.00000
  21015     9.70    -15.67  1.00000
  21016     9.70    -15.62  1.00000
  21017     9.70    -15.57  1.00000
  21018     9.70    -15.52  1.00000
  21019     9.70    -15.47  1.00000
  21020     9.70    -15.42  1.00000
  21021     9.70    -15.37  1.00000
  21022     9.75    -22.47  1.00000
  21023     9.75    -22.42  1.00000
  21024     9.75    -22.37  1.00000
  21025     9.75    -22.32  1.00000
  21026     9.75    -22.27  1.00000
  21027     9.75    -22.22  1.00000
  21028     9.75    -22.17  1.00000
  21029     9.75    -22.12  1.00000
  21030     9.75    -22.07  1.00000
  21031     9.75    -22.02  1.00000
  21032     9.75    -21.97  1.00000
  21033     9.75    -21.92  1.00000
  21034     9.75    -21.87  1.00000
  21035     9.75    -21.82  1.00000
  21036     9.75    -21.77  1.00000
  21037     9.75    -21.72  1.00000
  21038     9.75    -21.67  1.00000
  21039     9.75    -21.62  1.00000
  21040     9.75    -21.57  1.00000
  21041     9.75    -21.52  1.00000
  21042     9.75    -21.47  1.00000
  21043     9.75    -21.42  1.00000
  21044     9.75    -21.37  1.00000
  21045     9.75    -21.32  1.00000
  21046     9.75    -21.27  1.00000
  21047     9.75    -21.22  1.00000
  21048     9.75    -21.17  1.00000
  21049     9.75    -21.12  1.00000
  21050     9.75    -21.07  1.00000
  21051     9.75    -21.02  1.00000
  21052     9.75    -20.97  1.00000
  21053     9.75    -20.92  1.00000
  21054     9.75    -20.87  1.00000
  21055     9.75    -20.82  1.00000
  21056     9.75    -20.77  1.00000
  21057     9.75    -20.72  1.00000
  21058     9.75    -20.67  1.00000
  21059     9.75    -20.62  1.00000
  21060     9.75    -20.57  1.00000
  21061     9.75    -20.52  1.00000
  21062     9.75    -20.47  1.00000
  21063     9.75    -20.42  1.00000
  21064     9.75    -20.37  1.00000
  21065     9.75    -20.32  1.00000
  21066     9.75    -20.27  1.00000
  21067     9.75    -20.22  1.00000
  21068     9.75    -20.17  1.00000
  21069     9.75    -20.12  1.00000
  21070     9.75    -20.07  1.00000
  21071     9.75    -20.02  1.00000
  21072     9.75    -19.97  1.00000
  21073     9.75    -19.92  1.00000
  21074     9.75    -19.87  1.00000
  21075     9.75    -19.82  1.00000
  21076     9.75    -19.77  1.00000
  21077     9.75    -19.72  1.00000
  21078     9.75    -19.67  1.00000
  21079     9.75    -19.62  1.00000
  21080     9.75    -19.57  1.00000
  21081     9.75    -19.52  1.00000
  21082     9.75    -19.47  1.00000
  21083     9.75    -19.42  1.00000
  21084     9.75    -19.37  1.00000
  21085     9.75    -19.32  1.00000
  21086     9.75    -19.27  1.00000
  21087     9.75    -19.22  1.00000
  21088     9.75    -19.17  1.00000
  21089     9.75    -19.12  1.00000
  21090     9.75    -19.07  1.00000
  21091     9.75    -19.02  1.00000
  21092     9.75    -18.97  1.00000
  21093     9.75    -18.92  1.00000
  21094     9.75    -18.87  1.00000
  21095     9.75    -18.82  1.00000
  21096     9.75    -18.77  1.00000
  21097     9.75    -18.72  1.00000
  21098     9.75    -18.67  1.00000
  21099     9.75    -18.62  1.00000
  21100     9.75    -18.57  1.00000
  21101     9.75    -18.52  1.00000
  21102     9.75    -18.47  1.00000
  21103     9.75    -18.42  1.00000
  21104     9.75    -18.37  1.00000
  21105     9.75    -18.32  1.00000
  21106     9.75    -18.27  1.00000
  21107     9.75    -18.22  1.00000
  21108     9.75    -18.17  1.00000
  21109     9.75    -18.12  1.00000
  21110     9.75    -18.07  1.00000
  21111     9.75    -18.02  1.00000
  21112     9.75    -17.97  1.00000
  21113     9.75    -17.92  1.00000
  21114     9.75    -17.87  1.00000
  21115     9.75    -17.82  1.00000
  21116     9.75    -17.77  1.00000
  21117     9.75    -17.72  1.00000
  21118     9.75    -17.67  1.00000
  21119     9.75    -17.62  1.00000
  21120     9.75    -17.57  1.00000
  21121     9.75    -17.52  1.00000
  21122     9.75    -17.47  1.00000
  21123     9.75    -17.42  1.00000
  21124     9.75    -17.37  1.00000
  21125     9.75    -17.32  1.00000
  21126     9.75    -17.27  1.00000
  21127     9.75    -17.22  1.00000
  21128     9.75    -17.17  1.00000
  21129     9.75    -17.12  1.00000
  21130     9.75    -17.07  1.00000
  21131     9.75    -17.02  1.00000
  21132     9.75    -16.97  1.00000
  21133     9.75    -16.92  1.00000
  21134     9.75    -16.87  1.00000
  21135     9.75    -16.82  1.00000
  21136     9.75    -16.77  1.00000
  21137     9.75    -16.72  1.00000
  21138     9.75    -16.67  1.00000
  21139     9.75    -16.62  1.00000
  21140     9.75    -16.57  1.00000
  21141     9.75    -16.52  1.00000
  21142     9.75    -16.47  1.00000
  21143     9.75    -16.42  1.00000
  21144     9.75    -16.37  1.00000
  21145     9.75    -16.32  1.00000
  21146     9.75    -16.27  1.00000
  21147     9.75    -16.22  1.00000
  21148     9.75    -16.17  1.00000
  21149     9.75    -16.12  1.00000
  21150     9.75    -16.07  1.00000
  21151     9.75    -16.02  1.00000
  21152     9.75    -15.97  1.00000
  21153     9.75    -15.92  1.00000
  21154     9.75    -15.87  1.00000
  21155     9.75    -15.82  1.00000
  21156     9.75    -15.77  1.00000
  21157     9.75    -15.72  1.00000
  21158     9.75    -15.67  1.00000
  21159     9.75    -15.62  1.00000
  21160     9.75    -15.57  1.00000
  21161     9.75    -15.52  1.00000
  21162     9.75    -15.47  1.00000
  21163     9.75    -15.42  1.00000
  21164     9.75    -15.37  1.00000
  21165     9.80    -22.47  1.00000
  21166     9.80    -22.42  1.00000
  21167     9.80    -22.37  1.00000
  21168     9.80    -22.32  1.00000
  21169     9.80    -22.27  1.00000
  21170     9.80    -22.22  1.00000
  21171     9.80    -22.17  1.00000
  21172     9.80    -22.12  1.00000
  21173     9.80    -22.07  1.00000
  21174     9.80    -22.02  1.00000
  21175     9.80    -21.97  1.00000
  21176     9.80    -21.92  1.00000
  21177     9.80    -21.87  1.00000
  21178     9.80    -21.82  1.00000
  21179     9.80    -21.77  1.00000
  21180     9.80    -21.72  1.00000
  21181     9.80    -21.67  1.00000
  21182     9.80    -21.62  1.00000
  21183     9.80    -21.57  1.00000
  21184     9.80    -21.52  1.00000
  21185     9.80    -21.47  1.00000
  21186     9.80    -21.42  1.00000
  21187     9.80    -21.37  1.00000
  21188     9.80    -21.32  1.00000
  21189     9.80    -21.27  1.00000
  21190     9.80    -21.22  1.00000
  21191     9.80    -21.17  1.00000
  21192     9.80    -21.12  1.00000
  21193     9.80    -21.07  1.00000
  21194     9.80    -21.02  1.00000
  21195     9.80    -20.97  1.00000
  21196     9.80    -20.92  1.00000
  21197     9.80    -20.87  1.00000
  21198     9.80    -20.82  1.00000
  21199     9.80    -20.77  1.00000
  21200     9.80    -20.72  1.00000
  21201     9.80    -20.67  1.00000
  21202     9.80    -20.62  1.00000
  21203     9.80    -20.57  1.00000
  21204     9.80    -20.52  1.00000
  21205     9.80    -20.47  1.00000
  21206     9.80    -20.42  1.00000
  21207     9.80    -20.37  1.00000
  21208     9.80    -20.32  1.00000
  21209     9.80    -20.27  1.00000
  21210     9.80    -20.22  1.00000
  21211     9.80    -20.17  1.00000
  21212     9.80    -20.12  1.00000
  21213     9.80    -20.07  1.00000
  21214     9.80    -20.02  1.00000
  21215     9.80    -19.97  1.00000
  21216     9.80    -19.92  1.00000
  21217     9.80    -19.87  1.00000
  21218     9.80    -19.82  1.00000
  21219     9.80    -19.77  1.00000
  21220     9.80    -19.72  1.00000
  21221     9.80    -19.67  1.00000
  21222     9.80    -19.62  1.00000
  21223     9.80    -19.57  1.00000
  21224     9.80    -19.52  1.00000
  21225     9.80    -19.47  1.00000
  21226     9.80    -19.42  1.00000
  21227     9.80    -19.37  1.00000
  21228     9.80    -19.32  1.00000
  21229     9.80    -19.27  1.00000
  21230     9.80    -19.22  1.00000
  21231     9.80    -19.17  1.00000
  21232     9.80    -19.12  1.00000
  21233     9.80    -19.07  1.00000
  21234     9.80    -19.02  1.00000
  21235     9.80    -18.97  1.00000
  21236     9.80    -18.92  1.00000
  21237     9.80    -18.87  1.00000
  21238     9.80    -18.82  1.00000
  21239     9.80    -18.77  1.00000
  21240     9.80    -18.72  1.00000
  21241     9.80    -18.67  1.00000
  21242     9.80    -18.62  1.00000
  21243     9.80    -18.57  1.00000
  21244     9.80    -18.52  1.00000
  21245     9.80    -18.47  1.00000
  21246     9.80    -18.42  1.00000
  21247     9.80    -18.37  1.00000
  21248     9.80    -18.32  1.00000
  21249     9.80    -18.27  1.00000
  21250     9.80    -18.22  1.00000
  21251     9.80    -18.17  1.00000
  21252     9.80    -18.12  1.00000
  21253     9.80    -18.07  1.00000
  21254     9.80    -18.02  1.00000
  21255     9.80    -17.97  1.00000
  21256     9.80    -17.92  1.00000
  21257     9.80    -17.87  1.00000
  21258     9.80    -17.82  1.00000
  21259     9.80    -17.77  1.00000
  21260     9.80    -17.72  1.00000
  21261     9.80    -17.67  1.00000
  21262     9.80    -17.62  1.00000
  21263     9.80    -17.57  1.00000
  21264     9.80    -17.52  1.00000
  21265     9.80    -17.47  1.00000
  21266     9.80    -17.42  1.00000
  21267     9.80    -17.37  1.00000
  21268     9.80    -17.32  1.00000
  21269     9.80    -17.27  1.00000
  21270     9.80    -17.22  1.00000
  21271     9.80    -17.17  1.00000
  21272     9.80    -17.12  1.00000
  21273     9.80    -17.07  1.00000
  21274     9.80    -17.02  1.00000
  21275     9.80    -16.97  1.00000
  21276     9.80    -16.92  1.00000
  21277     9.80    -16.87  1.00000
  21278     9.80    -16.82  1.00000
  21279     9.80    -16.77  1.00000
  21280     9.80    -16.72  1.00000
  21281     9.80    -16.67  1.00000
  21282     9.80    -16.62  1.00000
  21283     9.80    -16.57  1.00000
  21284     9.80    -16.52  1.00000
  21285     9.80    -16.47  1.00000
  21286     9.80    -16.42  1.00000
  21287     9.80    -16.37  1.00000
  21288     9.80    -16.32  1.00000
  21289     9.80    -16.27  1.00000
  21290     9.80    -16.22  1.00000
  21291     9.80    -16.17  1.00000
  21292     9.80    -16.12  1.00000
  21293     9.80    -16.07  1.00000
  21294     9.80    -16.02  1.00000
  21295     9.80    -15.97  1.00000
  21296     9.80    -15.92  1.00000
  21297     9.80    -15.87  1.00000
  21298     9.80    -15.82  1.00000
  21299     9.80    -15.77  1.00000
  21300     9.80    -15.72  1.00000
  21301     9.80    -15.67  1.00000
  21302     9.80    -15.62  1.00000
  21303     9.80    -15.57  1.00000
  21304     9.80    -15.52  1.00000
  21305     9.80    -15.47  1.00000
  21306     9.80    -15.42  1.00000
  21307     9.80    -15.37  1.00000
  21308     9.85    -22.47  1.00000
  21309     9.85    -22.42  1.00000
  21310     9.85    -22.37  1.00000
  21311     9.85    -22.32  1.00000
  21312     9.85    -22.27  1.00000
  21313     9.85    -22.22  1.00000
  21314     9.85    -22.17  1.00000
  21315     9.85    -22.12  1.00000
  21316     9.85    -22.07  1.00000
  21317     9.85    -22.02  1.00000
  21318     9.85    -21.97  1.00000
  21319     9.85    -21.92  1.00000
  21320     9.85    -21.87  1.00000
  21321     9.85    -21.82  1.00000
  21322     9.85    -21.77  1.00000
  21323     9.85    -21.72  1.00000
  21324     9.85    -21.67  1.00000
  21325     9.85    -21.62  1.00000
  21326     9.85    -21.57  1.00000
  21327     9.85    -21.52  1.00000
  21328     9.85    -21.47  1.00000
  21329     9.85    -21.42  1.00000
  21330     9.85    -21.37  1.00000
  21331     9.85    -21.32  1.00000
  21332     9.85    -21.27  1.00000
  21333     9.85    -21.22  1.00000
  21334     9.85    -21.17  1.00000
  21335     9.85    -21.12  1.00000
  21336     9.85    -21.07  1.00000
  21337     9.85    -21.02  1.00000
  21338     9.85    -20.97  1.00000
  21339     9.85    -20.92  1.00000
  21340     9.85    -20.87  1.00000
  21341     9.85    -20.82  1.00000
  21342     9.85    -20.77  1.00000
  21343     9.85    -20.72  1.00000
  21344     9.85    -20.67  1.00000
  21345     9.85    -20.62  1.00000
  21346     9.85    -20.57  1.00000
  21347     9.85    -20.52  1.00000
  21348     9.85    -20.47  1.00000
  21349     9.85    -20.42  1.00000
  21350     9.85    -20.37  1.00000
  21351     9.85    -20.32  1.00000
  21352     9.85    -20.27  1.00000
  21353     9.85    -20.22  1.00000
  21354     9.85    -20.17  1.00000
  21355     9.85    -20.12  1.00000
  21356     9.85    -20.07  1.00000
  21357     9.85    -20.02  1.00000
  21358     9.85    -19.97  1.00000
  21359     9.85    -19.92  1.00000
  21360     9.85    -19.87  1.00000
  21361     9.85    -19.82  1.00000
  21362     9.85    -19.77  1.00000
  21363     9.85    -19.72  1.00000
  21364     9.85    -19.67  1.00000
  21365     9.85    -19.62  1.00000
  21366     9.85    -19.57  1.00000
  21367     9.85    -19.52  1.00000
  21368     9.85    -19.47  1.00000
  21369     9.85    -19.42  1.00000
  21370     9.85    -19.37  1.00000
  21371     9.85    -19.32  1.00000
  21372     9.85    -19.27  1.00000
  21373     9.85    -19.22  1.00000
  21374     9.85    -19.17  1.00000
  21375     9.85    -19.12  1.00000
  21376     9.85    -19.07  1.00000
  21377     9.85    -19.02  1.00000
  21378     9.85    -18.97  1.00000
  21379     9.85    -18.92  1.00000
  21380     9.85    -18.87  1.00000
  21381     9.85    -18.82  1.00000
  21382     9.85    -18.77  1.00000
  21383     9.85    -18.72  1.00000
  21384     9.85    -18.67  1.00000
  21385     9.85    -18.62  1.00000
  21386     9.85    -18.57  1.00000
  21387     9.85    -18.52  1.00000
  21388     9.85    -18.47  1.00000
  21389     9.85    -18.42  1.00000
  21390     9.85    -18.37  1.00000
  21391     9.85    -18.32  1.00000
  21392     9.85    -18.27  1.00000
  21393     9.85    -18.22  1.00000
  21394     9.85    -18.17  1.00000
  21395     9.85    -18.12  1.00000
  21396     9.85    -18.07  1.00000
  21397     9.85    -18.02  1.00000
  21398     9.85    -17.97  1.00000
  21399     9.85    -17.92  1.00000
  21400     9.85    -17.87  1.00000
  21401     9.85    -17.82  1.00000
  21402     9.85    -17.77  1.00000
  21403     9.85    -17.72  1.00000
  21404     9.85    -17.67  1.00000
  21405     9.85    -17.62  1.00000
  21406     9.85    -17.57  1.00000
  21407     9.85    -17.52  1.00000
  21408     9.85    -17.47  1.00000
  21409     9.85    -17.42  1.00000
  21410     9.85    -17.37  1.00000
  21411     9.85    -17.32  1.00000
  21412     9.85    -17.27  1.00000
  21413     9.85    -17.22  1.00000
  21414     9.85    -17.17  1.00000
  21415     9.85    -17.12  1.00000
  21416     9.85    -17.07  1.00000
  21417     9.85    -17.02  1.00000
  21418     9.85    -16.97  1.00000
  21419     9.85    -16.92  1.00000
  21420     9.85    -16.87  1.00000
  21421     9.85    -16.82  1.00000
  21422     9.85    -16.77  1.00000
  21423     9.85    -16.72  1.00000
  21424     9.85    -16.67  1.00000
  21425     9.85    -16.62  1.00000
  21426     9.85    -16.57  1.00000
  21427     9.85    -16.52  1.00000
  21428     9.85    -16.47  1.00000
  21429     9.85    -16.42  1.00000
  21430     9.85    -16.37  1.00000
  21431     9.85    -16.32  1.00000
  21432     9.85    -16.27  1.00000
  21433     9.85    -16.22  1.00000
  21434     9.85    -16.17  1.00000
  21435     9.85    -16.12  1.00000
  21436     9.85    -16.07  1.00000
  21437     9.85    -16.02  1.00000
  21438     9.85    -15.97  1.00000
  21439     9.85    -15.92  1.00000
  21440     9.85    -15.87  1.00000
  21441     9.85    -15.82  1.00000
  21442     9.85    -15.77  1.00000
  21443     9.85    -15.72  1.00000
  21444     9.85    -15.67  1.00000
  21445     9.85    -15.62  1.00000
  21446     9.85    -15.57  1.00000
  21447     9.85    -15.52  1.00000
  21448     9.85    -15.47  1.00000
  21449     9.85    -15.42  1.00000
  21450     9.85    -15.37  1.00000
  21451     9.90    -22.47  1.00000
  21452     9.90    -22.42  1.00000
  21453     9.90    -22.37  1.00000
  21454     9.90    -22.32  1.00000
  21455     9.90    -22.27  1.00000
  21456     9.90    -22.22  1.00000
  21457     9.90    -22.17  1.00000
  21458     9.90    -22.12  1.00000
  21459     9.90    -22.07  1.00000
  21460     9.90    -22.02  1.00000
  21461     9.90    -21.97  1.00000
  21462     9.90    -21.92  1.00000
  21463     9.90    -21.87  1.00000
  21464     9.90    -21.82  1.00000
  21465     9.90    -21.77  1.00000
  21466     9.90    -21.72  1.00000
  21467     9.90    -21.67  1.00000
  21468     9.90    -21.62  1.00000
  21469     9.90    -21.57  1.00000
  21470     9.90    -21.52  1.00000
  21471     9.90    -21.47  1.00000
  21472     9.90    -21.42  1.00000
  21473     9.90    -21.37  1.00000
  21474     9.90    -21.32  1.00000
  21475     9.90    -21.27  1.00000
  21476     9.90    -21.22  1.00000
  21477     9.90    -21.17  1.00000
  21478     9.90    -21.12  1.00000
  21479     9.90    -21.07  1.00000
  21480     9.90    -21.02  1.00000
  21481     9.90    -20.97  1.00000
  21482     9.90    -20.92  1.00000
  21483     9.90    -20.87  1.00000
  21484     9.90    -20.82  1.00000
  21485     9.90    -20.77  1.00000
  21486     9.90    -20.72  1.00000
  21487     9.90    -20.67  1.00000
  21488     9.90    -20.62  1.00000
  21489     9.90    -20.57  1.00000
  21490     9.90    -20.52  1.00000
  21491     9.90    -20.47  1.00000
  21492     9.90    -20.42  1.00000
  21493     9.90    -20.37  1.00000
  21494     9.90    -20.32  1.00000
  21495     9.90    -20.27  1.00000
  21496     9.90    -20.22  1.00000
  21497     9.90    -20.17  1.00000
  21498     9.90    -20.12  1.00000
  21499     9.90    -20.07  1.00000
  21500     9.90    -20.02  1.00000
  21501     9.90    -19.97  1.00000
  21502     9.90    -19.92  1.00000
  21503     9.90    -19.87  1.00000
  21504     9.90    -19.82  1.00000
  21505     9.90    -19.77  1.00000
  21506     9.90    -19.72  1.00000
  21507     9.90    -19.67  1.00000
  21508     9.90    -19.62  1.00000
  21509     9.90    -19.57  1.00000
  21510     9.90    -19.52  1.00000
  21511     9.90    -19.47  1.00000
  21512     9.90    -19.42  1.00000
  21513     9.90    -19.37  1.00000
  21514     9.90    -19.32  1.00000
  21515     9.90    -19.27  1.00000
  21516     9.90    -19.22  1.00000
  21517     9.90    -19.17  1.00000
  21518     9.90    -19.12  1.00000
  21519     9.90    -19.07  1.00000
  21520     9.90    -19.02  1.00000
  21521     9.90    -18.97  1.00000
  21522     9.90    -18.92  1.00000
  21523     9.90    -18.87  1.00000
  21524     9.90    -18.82  1.00000
  21525     9.90    -18.77  1.00000
  21526     9.90    -18.72  1.00000
  21527     9.90    -18.67  1.00000
  21528     9.90    -18.62  1.00000
  21529     9.90    -18.57  1.00000
  21530     9.90    -18.52  1.00000
  21531     9.90    -18.47  1.00000
  21532     9.90    -18.42  1.00000
  21533     9.90    -18.37  1.00000
  21534     9.90    -18.32  1.00000
  21535     9.90    -18.27  1.00000
  21536     9.90    -18.22  1.00000
  21537     9.90    -18.17  1.00000
  21538     9.90    -18.12  1.00000
  21539     9.90    -18.07  1.00000
  21540     9.90    -18.02  1.00000
  21541     9.90    -17.97  1.00000
  21542     9.90    -17.92  1.00000
  21543     9.90    -17.87  1.00000
  21544     9.90    -17.82  1.00000
  21545     9.90    -17.77  1.00000
  21546     9.90    -17.72  1.00000
  21547     9.90    -17.67  1.00000
  21548     9.90    -17.62  1.00000
  21549     9.90    -17.57  1.00000
  21550     9.90    -17.52  1.00000
  21551     9.90    -17.47  1.00000
  21552     9.90    -17.42  1.00000
  21553     9.90    -17.37  1.00000
  21554     9.90    -17.32  1.00000
  21555     9.90    -17.27  1.00000
  21556     9.90    -17.22  1.00000
  21557     9.90    -17.17  1.00000
  21558     9.90    -17.12  1.00000
  21559     9.90    -17.07  1.00000
  21560     9.90    -17.02  1.00000
  21561     9.90    -16.97  1.00000
  21562     9.90    -16.92  1.00000
  21563     9.90    -16.87  1.00000
  21564     9.90    -16.82  1.00000
  21565     9.90    -16.77  1.00000
  21566     9.90    -16.72  1.00000
  21567     9.90    -16.67  1.00000
  21568     9.90    -16.62  1.00000
  21569     9.90    -16.57  1.00000
  21570     9.90    -16.52  1.00000
  21571     9.90    -16.47  1.00000
  21572     9.90    -16.42  1.00000
  21573     9.90    -16.37  1.00000
  21574     9.90    -16.32  1.00000
  21575     9.90    -16.27  1.00000
  21576     9.90    -16.22  1.00000
  21577     9.90    -16.17  1.00000
  21578     9.90    -16.12  1.00000
  21579     9.90    -16.07  1.00000
  21580     9.90    -16.02  1.00000
  21581     9.90    -15.97  1.00000
  21582     9.90    -15.92  1.00000
  21583     9.90    -15.87  1.00000
  21584     9.90    -15.82  1.00000
  21585     9.90    -15.77  1.00000
  21586     9.90    -15.72  1.00000
  21587     9.90    -15.67  1.00000
  21588     9.90    -15.62  1.00000
  21589     9.90    -15.57  1.00000
  21590     9.90    -15.52  1.00000
  21591     9.90    -15.47  1.00000
  21592     9.90    -15.42  1.00000
  21593     9.90    -15.37  1.00000
  21594     9.95    -22.47  1.00000
  21595     9.95    -22.42  1.00000
  21596     9.95    -22.37  1.00000
  21597     9.95    -22.32  1.00000
  21598     9.95    -22.27  1.00000
  21599     9.95    -22.22  1.00000
  21600     9.95    -22.17  1.00000
  21601     9.95    -22.12  1.00000
  21602     9.95    -22.07  1.00000
  21603     9.95    -22.02  1.00000
  21604     9.95    -21.97  1.00000
  21605     9.95    -21.92  1.00000
  21606     9.95    -21.87  1.00000
  21607     9.95    -21.82  1.00000
  21608     9.95    -21.77  1.00000
  21609     9.95    -21.72  1.00000
  21610     9.95    -21.67  1.00000
  21611     9.95    -21.62  1.00000
  21612     9.95    -21.57  1.00000
  21613     9.95    -21.52  1.00000
  21614     9.95    -21.47  1.00000
  21615     9.95    -21.42  1.00000
  21616     9.95    -21.37  1.00000
  21617     9.95    -21.32  1.00000
  21618     9.95    -21.27  1.00000
  21619     9.95    -21.22  1.00000
  21620     9.95    -21.17  1.00000
  21621     9.95    -21.12  1.00000
  21622     9.95    -21.07  1.00000
  21623     9.95    -21.02  1.00000
  21624     9.95    -20.97  1.00000
  21625     9.95    -20.92  1.00000
  21626     9.95    -20.87  1.00000
  21627     9.95    -20.82  1.00000
  21628     9.95    -20.77  1.00000
  21629     9.95    -20.72  1.00000
  21630     9.95    -20.67  1.00000
  21631     9.95    -20.62  1.00000
  21632     9.95    -20.57  1.00000
  21633     9.95    -20.52  1.00000
  21634     9.95    -20.47  1.00000
  21635     9.95    -20.42  1.00000
  21636     9.95    -20.37  1.00000
  21637     9.95    -20.32  1.00000
  21638     9.95    -20.27  1.00000
  21639     9.95    -20.22  1.00000
  21640     9.95    -20.17  1.00000
  21641     9.95    -20.12  1.00000
  21642     9.95    -20.07  1.00000
  21643     9.95    -20.02  1.00000
  21644     9.95    -19.97  1.00000
  21645     9.95    -19.92  1.00000
  21646     9.95    -19.87  1.00000
  21647     9.95    -19.82  1.00000
  21648     9.95    -19.77  1.00000
  21649     9.95    -19.72  1.00000
  21650     9.95    -19.67  1.00000
  21651     9.95    -19.62  1.00000
  21652     9.95    -19.57  1.00000
  21653     9.95    -19.52  1.00000
  21654     9.95    -19.47  1.00000
  21655     9.95    -19.42  1.00000
  21656     9.95    -19.37  1.00000
  21657     9.95    -19.32  1.00000
  21658     9.95    -19.27  1.00000
  21659     9.95    -19.22  1.00000
  21660     9.95    -19.17  1.00000
  21661     9.95    -19.12  1.00000
  21662     9.95    -19.07  1.00000
  21663     9.95    -19.02  1.00000
  21664     9.95    -18.97  1.00000
  21665     9.95    -18.92  1.00000
  21666     9.95    -18.87  1.00000
  21667     9.95    -18.82  1.00000
  21668     9.95    -18.77  1.00000
  21669     9.95    -18.72  1.00000
  21670     9.95    -18.67  1.00000
  21671     9.95    -18.62  1.00000
  21672     9.95    -18.57  1.00000
  21673     9.95    -18.52  1.00000
  21674     9.95    -18.47  1.00000
  21675     9.95    -18.42  1.00000
  21676     9.95    -18.37  1.00000
  21677     9.95    -18.32  1.00000
  21678     9.95    -18.27  1.00000
  21679     9.95    -18.22  1.00000
  21680     9.95    -18.17  1.00000
  21681     9.95    -18.12  1.00000
  21682     9.95    -18.07  1.00000
  21683     9.95    -18.02  1.00000
  21684     9.95    -17.97  1.00000
  21685     9.95    -17.92  1.00000
  21686     9.95    -17.87  1.00000
  21687     9.95    -17.82  1.00000
  21688     9.95    -17.77  1.00000
  21689     9.95    -17.72  1.00000
  21690     9.95    -17.67  1.00000
  21691     9.95    -17.62  1.00000
  21692     9.95    -17.57  1.00000
  21693     9.95    -17.52  1.00000
  21694     9.95    -17.47  1.00000
  21695     9.95    -17.42  1.00000
  21696     9.95    -17.37  1.00000
  21697     9.95    -17.32  1.00000
  21698     9.95    -17.27  1.00000
  21699     9.95    -17.22  1.00000
  21700     9.95    -17.17  1.00000
  21701     9.95    -17.12  1.00000
  21702     9.95    -17.07  1.00000
  21703     9.95    -17.02  1.00000
  21704     9.95    -16.97  1.00000
  21705     9.95    -16.92  1.00000
  21706     9.95    -16.87  1.00000
  21707     9.95    -16.82  1.00000
  21708     9.95    -16.77  1.00000
  21709     9.95    -16.72  1.00000
  21710     9.95    -16.67  1.00000
  21711     9.95    -16.62  1.00000
  21712     9.95    -16.57  1.00000
  21713     9.95    -16.52  1.00000
  21714     9.95    -16.47  1.00000
  21715     9.95    -16.42  1.00000
  21716     9.95    -16.37  1.00000
  21717     9.95    -16.32  1.00000
  21718     9.95    -16.27  1.00000
  21719     9.95    -16.22  1.00000
  21720     9.95    -16.17  1.00000
  21721     9.95    -16.12  1.00000
  21722     9.95    -16.07  1.00000
  21723     9.95    -16.02  1.00000
  21724     9.95    -15.97  1.00000
  21725     9.95    -15.92  1.00000
  21726     9.95    -15.87  1.00000
  21727     9.95    -15.82  1.00000
  21728     9.95    -15.77  1.00000
  21729     9.95    -15.72  1.00000
  21730     9.95    -15.67  1.00000
  21731     9.95    -15.62  1.00000
  21732     9.95    -15.57  1.00000
  21733     9.95    -15.52  1.00000
  21734     9.95    -15.47  1.00000
  21735     9.95    -15.42  1.00000
  21736     9.95    -15.37  1.00000
  21737     10.00   -22.47  1.00000
  21738     10.00   -22.42  1.00000
  21739     10.00   -22.37  1.00000
  21740     10.00   -22.32  1.00000
  21741     10.00   -22.27  1.00000
  21742     10.00   -22.22  1.00000
  21743     10.00   -22.17  1.00000
  21744     10.00   -22.12  1.00000
  21745     10.00   -22.07  1.00000
  21746     10.00   -22.02  1.00000
  21747     10.00   -21.97  1.00000
  21748     10.00   -21.92  1.00000
  21749     10.00   -21.87  1.00000
  21750     10.00   -21.82  1.00000
  21751     10.00   -21.77  1.00000
  21752     10.00   -21.72  1.00000
  21753     10.00   -21.67  1.00000
  21754     10.00   -21.62  1.00000
  21755     10.00   -21.57  1.00000
  21756     10.00   -21.52  1.00000
  21757     10.00   -21.47  1.00000
  21758     10.00   -21.42  1.00000
  21759     10.00   -21.37  1.00000
  21760     10.00   -21.32  1.00000
  21761     10.00   -21.27  1.00000
  21762     10.00   -21.22  1.00000
  21763     10.00   -21.17  1.00000
  21764     10.00   -21.12  1.00000
  21765     10.00   -21.07  1.00000
  21766     10.00   -21.02  1.00000
  21767     10.00   -20.97  1.00000
  21768     10.00   -20.92  1.00000
  21769     10.00   -20.87  1.00000
  21770     10.00   -20.82  1.00000
  21771     10.00   -20.77  1.00000
  21772     10.00   -20.72  1.00000
  21773     10.00   -20.67  1.00000
  21774     10.00   -20.62  1.00000
  21775     10.00   -20.57  1.00000
  21776     10.00   -20.52  1.00000
  21777     10.00   -20.47  1.00000
  21778     10.00   -20.42  1.00000
  21779     10.00   -20.37  1.00000
  21780     10.00   -20.32  1.00000
  21781     10.00   -20.27  1.00000
  21782     10.00   -20.22  1.00000
  21783     10.00   -20.17  1.00000
  21784     10.00   -20.12  1.00000
  21785     10.00   -20.07  1.00000
  21786     10.00   -20.02  1.00000
  21787     10.00   -19.97  1.00000
  21788     10.00   -19.92  1.00000
  21789     10.00   -19.87  1.00000
  21790     10.00   -19.82  1.00000
  21791     10.00   -19.77  1.00000
  21792     10.00   -19.72  1.00000
  21793     10.00   -19.67  1.00000
  21794     10.00   -19.62  1.00000
  21795     10.00   -19.57  1.00000
  21796     10.00   -19.52  1.00000
  21797     10.00   -19.47  1.00000
  21798     10.00   -19.42  1.00000
  21799     10.00   -19.37  1.00000
  21800     10.00   -19.32  1.00000
  21801     10.00   -19.27  1.00000
  21802     10.00   -19.22  1.00000
  21803     10.00   -19.17  1.00000
  21804     10.00   -19.12  1.00000
  21805     10.00   -19.07  1.00000
  21806     10.00   -19.02  1.00000
  21807     10.00   -18.97  1.00000
  21808     10.00   -18.92  1.00000
  21809     10.00   -18.87  1.00000
  21810     10.00   -18.82  1.00000
  21811     10.00   -18.77  1.00000
  21812     10.00   -18.72  1.00000
  21813     10.00   -18.67  1.00000
  21814     10.00   -18.62  1.00000
  21815     10.00   -18.57  1.00000
  21816     10.00   -18.52  1.00000
  21817     10.00   -18.47  1.00000
  21818     10.00   -18.42  1.00000
  21819     10.00   -18.37  1.00000
  21820     10.00   -18.32  1.00000
  21821     10.00   -18.27  1.00000
  21822     10.00   -18.22  1.00000
  21823     10.00   -18.17  1.00000
  21824     10.00   -18.12  1.00000
  21825     10.00   -18.07  1.00000
  21826     10.00   -18.02  1.00000
  21827     10.00   -17.97  1.00000
  21828     10.00   -17.92  1.00000
  21829     10.00   -17.87  1.00000
  21830     10.00   -17.82  1.00000
  21831     10.00   -17.77  1.00000
  21832     10.00   -17.72  1.00000
  21833     10.00   -17.67  1.00000
  21834     10.00   -17.62  1.00000
  21835     10.00   -17.57  1.00000
  21836     10.00   -17.52  1.00000
  21837     10.00   -17.47  1.00000
  21838     10.00   -17.42  1.00000
  21839     10.00   -17.37  1.00000
  21840     10.00   -17.32  1.00000
  21841     10.00   -17.27  1.00000
  21842     10.00   -17.22  1.00000
  21843     10.00   -17.17  1.00000
  21844     10.00   -17.12  1.00000
  21845     10.00   -17.07  1.00000
  21846     10.00   -17.02  1.00000
  21847     10.00   -16.97  1.00000
  21848     10.00   -16.92  1.00000
  21849     10.00   -16.87  1.00000
  21850     10.00   -16.82  1.00000
  21851     10.00   -16.77  1.00000
  21852     10.00   -16.72  1.00000
  21853     10.00   -16.67  1.00000
  21854     10.00   -16.62  1.00000
  21855     10.00   -16.57  1.00000
  21856     10.00   -16.52  1.00000
  21857     10.00   -16.47  1.00000
  21858     10.00   -16.42  1.00000
  21859     10.00   -16.37  1.00000
  21860     10.00   -16.32  1.00000
  21861     10.00   -16.27  1.00000
  21862     10.00   -16.22  1.00000
  21863     10.00   -16.17  1.00000
  21864     10.00   -16.12  1.00000
  21865     10.00   -16.07  1.00000
  21866     10.00   -16.02  1.00000
  21867     10.00   -15.97  1.00000
  21868     10.00   -15.92  1.00000
  21869     10.00   -15.87  1.00000
  21870     10.00   -15.82  1.00000
  21871     10.00   -15.77  1.00000
  21872     10.00   -15.72  1.00000
  21873     10.00   -15.67  1.00000
  21874     10.00   -15.62  1.00000
  21875     10.00   -15.57  1.00000
  21876     10.00   -15.52  1.00000
  21877     10.00   -15.47  1.00000
  21878     10.00   -15.42  1.00000
  21879     10.00   -15.37  1.00000
  21880     10.05   -22.47  1.00000
  21881     10.05   -22.42  1.00000
  21882     10.05   -22.37  1.00000
  21883     10.05   -22.32  1.00000
  21884     10.05   -22.27  1.00000
  21885     10.05   -22.22  1.00000
  21886     10.05   -22.17  1.00000
  21887     10.05   -22.12  1.00000
  21888     10.05   -22.07  1.00000
  21889     10.05   -22.02  1.00000
  21890     10.05   -21.97  1.00000
  21891     10.05   -21.92  1.00000
  21892     10.05   -21.87  1.00000
  21893     10.05   -21.82  1.00000
  21894     10.05   -21.77  1.00000
  21895     10.05   -21.72  1.00000
  21896     10.05   -21.67  1.00000
  21897     10.05   -21.62  1.00000
  21898     10.05   -21.57  1.00000
  21899     10.05   -21.52  1.00000
  21900     10.05   -21.47  1.00000
  21901     10.05   -21.42  1.00000
  21902     10.05   -21.37  1.00000
  21903     10.05   -21.32  1.00000
  21904     10.05   -21.27  1.00000
  21905     10.05   -21.22  1.00000
  21906     10.05   -21.17  1.00000
  21907     10.05   -21.12  1.00000
  21908     10.05   -21.07  1.00000
  21909     10.05   -21.02  1.00000
  21910     10.05   -20.97  1.00000
  21911     10.05   -20.92  1.00000
  21912     10.05   -20.87  1.00000
  21913     10.05   -20.82  1.00000
  21914     10.05   -20.77  1.00000
  21915     10.05   -20.72  1.00000
  21916     10.05   -20.67  1.00000
  21917     10.05   -20.62  1.00000
  21918     10.05   -20.57  1.00000
  21919     10.05   -20.52  1.00000
  21920     10.05   -20.47  1.00000
  21921     10.05   -20.42  1.00000
  21922     10.05   -20.37  1.00000
  21923     10.05   -20.32  1.00000
  21924     10.05   -20.27  1.00000
  21925     10.05   -20.22  1.00000
  21926     10.05   -20.17  1.00000
  21927     10.05   -20.12  1.00000
  21928     10.05   -20.07  1.00000
  21929     10.05   -20.02  1.00000
  21930     10.05   -19.97  1.00000
  21931     10.05   -19.92  1.00000
  21932     10.05   -19.87  1.00000
  21933     10.05   -19.82  1.00000
  21934     10.05   -19.77  1.00000
  21935     10.05   -19.72  1.00000
  21936     10.05   -19.67  1.00000
  21937     10.05   -19.62  1.00000
  21938     10.05   -19.57  1.00000
  21939     10.05   -19.52  1.00000
  21940     10.05   -19.47  1.00000
  21941     10.05   -19.42  1.00000
  21942     10.05   -19.37  1.00000
  21943     10.05   -19.32  1.00000
  21944     10.05   -19.27  1.00000
  21945     10.05   -19.22  1.00000
  21946     10.05   -19.17  1.00000
  21947     10.05   -19.12  1.00000
  21948     10.05   -19.07  1.00000
  21949     10.05   -19.02  1.00000
  21950     10.05   -18.97  1.00000
  21951     10.05   -18.92  1.00000
  21952     10.05   -18.87  1.00000
  21953     10.05   -18.82  1.00000
  21954     10.05   -18.77  1.00000
  21955     10.05   -18.72  1.00000
  21956     10.05   -18.67  1.00000
  21957     10.05   -18.62  1.00000
  21958     10.05   -18.57  1.00000
  21959     10.05   -18.52  1.00000
  21960     10.05   -18.47  1.00000
  21961     10.05   -18.42  1.00000
  21962     10.05   -18.37  1.00000
  21963     10.05   -18.32  1.00000
  21964     10.05   -18.27  1.00000
  21965     10.05   -18.22  1.00000
  21966     10.05   -18.17  1.00000
  21967     10.05   -18.12  1.00000
  21968     10.05   -18.07  1.00000
  21969     10.05   -18.02  1.00000
  21970     10.05   -17.97  1.00000
  21971     10.05   -17.92  1.00000
  21972     10.05   -17.87  1.00000
  21973     10.05   -17.82  1.00000
  21974     10.05   -17.77  1.00000
  21975     10.05   -17.72  1.00000
  21976     10.05   -17.67  1.00000
  21977     10.05   -17.62  1.00000
  21978     10.05   -17.57  1.00000
  21979     10.05   -17.52  1.00000
  21980     10.05   -17.47  1.00000
  21981     10.05   -17.42  1.00000
  21982     10.05   -17.37  1.00000
  21983     10.05   -17.32  1.00000
  21984     10.05   -17.27  1.00000
  21985     10.05   -17.22  1.00000
  21986     10.05   -17.17  1.00000
  21987     10.05   -17.12  1.00000
  21988     10.05   -17.07  1.00000
  21989     10.05   -17.02  1.00000
  21990     10.05   -16.97  1.00000
  21991     10.05   -16.92  1.00000
  21992     10.05   -16.87  1.00000
  21993     10.05   -16.82  1.00000
  21994     10.05   -16.77  1.00000
  21995     10.05   -16.72  1.00000
  21996     10.05   -16.67  1.00000
  21997     10.05   -16.62  1.00000
  21998     10.05   -16.57  1.00000
  21999     10.05   -16.52  1.00000
  22000     10.05   -16.47  1.00000
  22001     10.05   -16.42  1.00000
  22002     10.05   -16.37  1.00000
  22003     10.05   -16.32  1.00000
  22004     10.05   -16.27  1.00000
  22005     10.05   -16.22  1.00000
  22006     10.05   -16.17  1.00000
  22007     10.05   -16.12  1.00000
  22008     10.05   -16.07  1.00000
  22009     10.05   -16.02  1.00000
  22010     10.05   -15.97  1.00000
  22011     10.05   -15.92  1.00000
  22012     10.05   -15.87  1.00000
  22013     10.05   -15.82  1.00000
  22014     10.05   -15.77  1.00000
  22015     10.05   -15.72  1.00000
  22016     10.05   -15.67  1.00000
  22017     10.05   -15.62  1.00000
  22018     10.05   -15.57  1.00000
  22019     10.05   -15.52  1.00000
  22020     10.05   -15.47  1.00000
  22021     10.05   -15.42  1.00000
  22022     10.05   -15.37  1.00000
  22023     10.10   -22.47  1.00000
  22024     10.10   -22.42  1.00000
  22025     10.10   -22.37  1.00000
  22026     10.10   -22.32  1.00000
  22027     10.10   -22.27  1.00000
  22028     10.10   -22.22  1.00000
  22029     10.10   -22.17  1.00000
  22030     10.10   -22.12  1.00000
  22031     10.10   -22.07  1.00000
  22032     10.10   -22.02  1.00000
  22033     10.10   -21.97  1.00000
  22034     10.10   -21.92  1.00000
  22035     10.10   -21.87  1.00000
  22036     10.10   -21.82  1.00000
  22037     10.10   -21.77  1.00000
  22038     10.10   -21.72  1.00000
  22039     10.10   -21.67  1.00000
  22040     10.10   -21.62  1.00000
  22041     10.10   -21.57  1.00000
  22042     10.10   -21.52  1.00000
  22043     10.10   -21.47  1.00000
  22044     10.10   -21.42  1.00000
  22045     10.10   -21.37  1.00000
  22046     10.10   -21.32  1.00000
  22047     10.10   -21.27  1.00000
  22048     10.10   -21.22  1.00000
  22049     10.10   -21.17  1.00000
  22050     10.10   -21.12  1.00000
  22051     10.10   -21.07  1.00000
  22052     10.10   -21.02  1.00000
  22053     10.10   -20.97  1.00000
  22054     10.10   -20.92  1.00000
  22055     10.10   -20.87  1.00000
  22056     10.10   -20.82  1.00000
  22057     10.10   -20.77  1.00000
  22058     10.10   -20.72  1.00000
  22059     10.10   -20.67  1.00000
  22060     10.10   -20.62  1.00000
  22061     10.10   -20.57  1.00000
  22062     10.10   -20.52  1.00000
  22063     10.10   -20.47  1.00000
  22064     10.10   -20.42  1.00000
  22065     10.10   -20.37  1.00000
  22066     10.10   -20.32  1.00000
  22067     10.10   -20.27  1.00000
  22068     10.10   -20.22  1.00000
  22069     10.10   -20.17  1.00000
  22070     10.10   -20.12  1.00000
  22071     10.10   -20.07  1.00000
  22072     10.10   -20.02  1.00000
  22073     10.10   -19.97  1.00000
  22074     10.10   -19.92  1.00000
  22075     10.10   -19.87  1.00000
  22076     10.10   -19.82  1.00000
  22077     10.10   -19.77  1.00000
  22078     10.10   -19.72  1.00000
  22079     10.10   -19.67  1.00000
  22080     10.10   -19.62  1.00000
  22081     10.10   -19.57  1.00000
  22082     10.10   -19.52  1.00000
  22083     10.10   -19.47  1.00000
  22084     10.10   -19.42  1.00000
  22085     10.10   -19.37  1.00000
  22086     10.10   -19.32  1.00000
  22087     10.10   -19.27  1.00000
  22088     10.10   -19.22  1.00000
  22089     10.10   -19.17  1.00000
  22090     10.10   -19.12  1.00000
  22091     10.10   -19.07  1.00000
  22092     10.10   -19.02  1.00000
  22093     10.10   -18.97  1.00000
  22094     10.10   -18.92  1.00000
  22095     10.10   -18.87  1.00000
  22096     10.10   -18.82  1.00000
  22097     10.10   -18.77  1.00000
  22098     10.10   -18.72  1.00000
  22099     10.10   -18.67  1.00000
  22100     10.10   -18.62  1.00000
  22101     10.10   -18.57  1.00000
  22102     10.10   -18.52  1.00000
  22103     10.10   -18.47  1.00000
  22104     10.10   -18.42  1.00000
  22105     10.10   -18.37  1.00000
  22106     10.10   -18.32  1.00000
  22107     10.10   -18.27  1.00000
  22108     10.10   -18.22  1.00000
  22109     10.10   -18.17  1.00000
  22110     10.10   -18.12  1.00000
  22111     10.10   -18.07  1.00000
  22112     10.10   -18.02  1.00000
  22113     10.10   -17.97  1.00000
  22114     10.10   -17.92  1.00000
  22115     10.10   -17.87  1.00000
  22116     10.10   -17.82  1.00000
  22117     10.10   -17.77  1.00000
  22118     10.10   -17.72  1.00000
  22119     10.10   -17.67  1.00000
  22120     10.10   -17.62  1.00000
  22121     10.10   -17.57  1.00000
  22122     10.10   -17.52  1.00000
  22123     10.10   -17.47  1.00000
  22124     10.10   -17.42  1.00000
  22125     10.10   -17.37  1.00000
  22126     10.10   -17.32  1.00000
  22127     10.10   -17.27  1.00000
  22128     10.10   -17.22  1.00000
  22129     10.10   -17.17  1.00000
  22130     10.10   -17.12  1.00000
  22131     10.10   -17.07  1.00000
  22132     10.10   -17.02  1.00000
  22133     10.10   -16.97  1.00000
  22134     10.10   -16.92  1.00000
  22135     10.10   -16.87  1.00000
  22136     10.10   -16.82  1.00000
  22137     10.10   -16.77  1.00000
  22138     10.10   -16.72  1.00000
  22139     10.10   -16.67  1.00000
  22140     10.10   -16.62  1.00000
  22141     10.10   -16.57  1.00000
  22142     10.10   -16.52  1.00000
  22143     10.10   -16.47  1.00000
  22144     10.10   -16.42  1.00000
  22145     10.10   -16.37  1.00000
  22146     10.10   -16.32  1.00000
  22147     10.10   -16.27  1.00000
  22148     10.10   -16.22  1.00000
  22149     10.10   -16.17  1.00000
  22150     10.10   -16.12  1.00000
  22151     10.10   -16.07  1.00000
  22152     10.10   -16.02  1.00000
  22153     10.10   -15.97  1.00000
  22154     10.10   -15.92  1.00000
  22155     10.10   -15.87  1.00000
  22156     10.10   -15.82  1.00000
  22157     10.10   -15.77  1.00000
  22158     10.10   -15.72  1.00000
  22159     10.10   -15.67  1.00000
  22160     10.10   -15.62  1.00000
  22161     10.10   -15.57  1.00000
  22162     10.10   -15.52  1.00000
  22163     10.10   -15.47  1.00000
  22164     10.10   -15.42  1.00000
  22165     10.10   -15.37  1.00000
  22166     10.15   -22.47  1.00000
  22167     10.15   -22.42  1.00000
  22168     10.15   -22.37  1.00000
  22169     10.15   -22.32  1.00000
  22170     10.15   -22.27  1.00000
  22171     10.15   -22.22  1.00000
  22172     10.15   -22.17  1.00000
  22173     10.15   -22.12  1.00000
  22174     10.15   -22.07  1.00000
  22175     10.15   -22.02  1.00000
  22176     10.15   -21.97  1.00000
  22177     10.15   -21.92  1.00000
  22178     10.15   -21.87  1.00000
  22179     10.15   -21.82  1.00000
  22180     10.15   -21.77  1.00000
  22181     10.15   -21.72  1.00000
  22182     10.15   -21.67  1.00000
  22183     10.15   -21.62  1.00000
  22184     10.15   -21.57  1.00000
  22185     10.15   -21.52  1.00000
  22186     10.15   -21.47  1.00000
  22187     10.15   -21.42  1.00000
  22188     10.15   -21.37  1.00000
  22189     10.15   -21.32  1.00000
  22190     10.15   -21.27  1.00000
  22191     10.15   -21.22  1.00000
  22192     10.15   -21.17  1.00000
  22193     10.15   -21.12  1.00000
  22194     10.15   -21.07  1.00000
  22195     10.15   -21.02  1.00000
  22196     10.15   -20.97  1.00000
  22197     10.15   -20.92  1.00000
  22198     10.15   -20.87  1.00000
  22199     10.15   -20.82  1.00000
  22200     10.15   -20.77  1.00000
  22201     10.15   -20.72  1.00000
  22202     10.15   -20.67  1.00000
  22203     10.15   -20.62  1.00000
  22204     10.15   -20.57  1.00000
  22205     10.15   -20.52  1.00000
  22206     10.15   -20.47  1.00000
  22207     10.15   -20.42  1.00000
  22208     10.15   -20.37  1.00000
  22209     10.15   -20.32  1.00000
  22210     10.15   -20.27  1.00000
  22211     10.15   -20.22  1.00000
  22212     10.15   -20.17  1.00000
  22213     10.15   -20.12  1.00000
  22214     10.15   -20.07  1.00000
  22215     10.15   -20.02  1.00000
  22216     10.15   -19.97  1.00000
  22217     10.15   -19.92  1.00000
  22218     10.15   -19.87  1.00000
  22219     10.15   -19.82  1.00000
  22220     10.15   -19.77  1.00000
  22221     10.15   -19.72  1.00000
  22222     10.15   -19.67  1.00000
  22223     10.15   -19.62  1.00000
  22224     10.15   -19.57  1.00000
  22225     10.15   -19.52  1.00000
  22226     10.15   -19.47  1.00000
  22227     10.15   -19.42  1.00000
  22228     10.15   -19.37  1.00000
  22229     10.15   -19.32  1.00000
  22230     10.15   -19.27  1.00000
  22231     10.15   -19.22  1.00000
  22232     10.15   -19.17  1.00000
  22233     10.15   -19.12  1.00000
  22234     10.15   -19.07  1.00000
  22235     10.15   -19.02  1.00000
  22236     10.15   -18.97  1.00000
  22237     10.15   -18.92  1.00000
  22238     10.15   -18.87  1.00000
  22239     10.15   -18.82  1.00000
  22240     10.15   -18.77  1.00000
  22241     10.15   -18.72  1.00000
  22242     10.15   -18.67  1.00000
  22243     10.15   -18.62  1.00000
  22244     10.15   -18.57  1.00000
  22245     10.15   -18.52  1.00000
  22246     10.15   -18.47  1.00000
  22247     10.15   -18.42  1.00000
  22248     10.15   -18.37  1.00000
  22249     10.15   -18.32  1.00000
  22250     10.15   -18.27  1.00000
  22251     10.15   -18.22  1.00000
  22252     10.15   -18.17  1.00000
  22253     10.15   -18.12  1.00000
  22254     10.15   -18.07  1.00000
  22255     10.15   -18.02  1.00000
  22256     10.15   -17.97  1.00000
  22257     10.15   -17.92  1.00000
  22258     10.15   -17.87  1.00000
  22259     10.15   -17.82  1.00000
  22260     10.15   -17.77  1.00000
  22261     10.15   -17.72  1.00000
  22262     10.15   -17.67  1.00000
  22263     10.15   -17.62  1.00000
  22264     10.15   -17.57  1.00000
  22265     10.15   -17.52  1.00000
  22266     10.15   -17.47  1.00000
  22267     10.15   -17.42  1.00000
  22268     10.15   -17.37  1.00000
  22269     10.15   -17.32  1.00000
  22270     10.15   -17.27  1.00000
  22271     10.15   -17.22  1.00000
  22272     10.15   -17.17  1.00000
  22273     10.15   -17.12  1.00000
  22274     10.15   -17.07  1.00000
  22275     10.15   -17.02  1.00000
  22276     10.15   -16.97  1.00000
  22277     10.15   -16.92  1.00000
  22278     10.15   -16.87  1.00000
  22279     10.15   -16.82  1.00000
  22280     10.15   -16.77  1.00000
  22281     10.15   -16.72  1.00000
  22282     10.15   -16.67  1.00000
  22283     10.15   -16.62  1.00000
  22284     10.15   -16.57  1.00000
  22285     10.15   -16.52  1.00000
  22286     10.15   -16.47  1.00000
  22287     10.15   -16.42  1.00000
  22288     10.15   -16.37  1.00000
  22289     10.15   -16.32  1.00000
  22290     10.15   -16.27  1.00000
  22291     10.15   -16.22  1.00000
  22292     10.15   -16.17  1.00000
  22293     10.15   -16.12  1.00000
  22294     10.15   -16.07  1.00000
  22295     10.15   -16.02  1.00000
  22296     10.15   -15.97  1.00000
  22297     10.15   -15.92  1.00000
  22298     10.15   -15.87  1.00000
  22299     10.15   -15.82  1.00000
  22300     10.15   -15.77  1.00000
  22301     10.15   -15.72  1.00000
  22302     10.15   -15.67  1.00000
  22303     10.15   -15.62  1.00000
  22304     10.15   -15.57  1.00000
  22305     10.15   -15.52  1.00000
  22306     10.15   -15.47  1.00000
  22307     10.15   -15.42  1.00000
  22308     10.15   -15.37  1.00000
  22309     10.20   -22.47  1.00000
  22310     10.20   -22.42  1.00000
  22311     10.20   -22.37  1.00000
  22312     10.20   -22.32  1.00000
  22313     10.20   -22.27  1.00000
  22314     10.20   -22.22  1.00000
  22315     10.20   -22.17  1.00000
  22316     10.20   -22.12  1.00000
  22317     10.20   -22.07  1.00000
  22318     10.20   -22.02  1.00000
  22319     10.20   -21.97  1.00000
  22320     10.20   -21.92  1.00000
  22321     10.20   -21.87  1.00000
  22322     10.20   -21.82  1.00000
  22323     10.20   -21.77  1.00000
  22324     10.20   -21.72  1.00000
  22325     10.20   -21.67  1.00000
  22326     10.20   -21.62  1.00000
  22327     10.20   -21.57  1.00000
  22328     10.20   -21.52  1.00000
  22329     10.20   -21.47  1.00000
  22330     10.20   -21.42  1.00000
  22331     10.20   -21.37  1.00000
  22332     10.20   -21.32  1.00000
  22333     10.20   -21.27  1.00000
  22334     10.20   -21.22  1.00000
  22335     10.20   -21.17  1.00000
  22336     10.20   -21.12  1.00000
  22337     10.20   -21.07  1.00000
  22338     10.20   -21.02  1.00000
  22339     10.20   -20.97  1.00000
  22340     10.20   -20.92  1.00000
  22341     10.20   -20.87  1.00000
  22342     10.20   -20.82  1.00000
  22343     10.20   -20.77  1.00000
  22344     10.20   -20.72  1.00000
  22345     10.20   -20.67  1.00000
  22346     10.20   -20.62  1.00000
  22347     10.20   -20.57  1.00000
  22348     10.20   -20.52  1.00000
  22349     10.20   -20.47  1.00000
  22350     10.20   -20.42  1.00000
  22351     10.20   -20.37  1.00000
  22352     10.20   -20.32  1.00000
  22353     10.20   -20.27  1.00000
  22354     10.20   -20.22  1.00000
  22355     10.20   -20.17  1.00000
  22356     10.20   -20.12  1.00000
  22357     10.20   -20.07  1.00000
  22358     10.20   -20.02  1.00000
  22359     10.20   -19.97  1.00000
  22360     10.20   -19.92  1.00000
  22361     10.20   -19.87  1.00000
  22362     10.20   -19.82  1.00000
  22363     10.20   -19.77  1.00000
  22364     10.20   -19.72  1.00000
  22365     10.20   -19.67  1.00000
  22366     10.20   -19.62  1.00000
  22367     10.20   -19.57  1.00000
  22368     10.20   -19.52  1.00000
  22369     10.20   -19.47  1.00000
  22370     10.20   -19.42  1.00000
  22371     10.20   -19.37  1.00000
  22372     10.20   -19.32  1.00000
  22373     10.20   -19.27  1.00000
  22374     10.20   -19.22  1.00000
  22375     10.20   -19.17  1.00000
  22376     10.20   -19.12  1.00000
  22377     10.20   -19.07  1.00000
  22378     10.20   -19.02  1.00000
  22379     10.20   -18.97  1.00000
  22380     10.20   -18.92  1.00000
  22381     10.20   -18.87  1.00000
  22382     10.20   -18.82  1.00000
  22383     10.20   -18.77  1.00000
  22384     10.20   -18.72  1.00000
  22385     10.20   -18.67  1.00000
  22386     10.20   -18.62  1.00000
  22387     10.20   -18.57  1.00000
  22388     10.20   -18.52  1.00000
  22389     10.20   -18.47  1.00000
  22390     10.20   -18.42  1.00000
  22391     10.20   -18.37  1.00000
  22392     10.20   -18.32  1.00000
  22393     10.20   -18.27  1.00000
  22394     10.20   -18.22  1.00000
  22395     10.20   -18.17  1.00000
  22396     10.20   -18.12  1.00000
  22397     10.20   -18.07  1.00000
  22398     10.20   -18.02  1.00000
  22399     10.20   -17.97  1.00000
  22400     10.20   -17.92  1.00000
  22401     10.20   -17.87  1.00000
  22402     10.20   -17.82  1.00000
  22403     10.20   -17.77  1.00000
  22404     10.20   -17.72  1.00000
  22405     10.20   -17.67  1.00000
  22406     10.20   -17.62  1.00000
  22407     10.20   -17.57  1.00000
  22408     10.20   -17.52  1.00000
  22409     10.20   -17.47  1.00000
  22410     10.20   -17.42  1.00000
  22411     10.20   -17.37  1.00000
  22412     10.20   -17.32  1.00000
  22413     10.20   -17.27  1.00000
  22414     10.20   -17.22  1.00000
  22415     10.20   -17.17  1.00000
  22416     10.20   -17.12  1.00000
  22417     10.20   -17.07  1.00000
  22418     10.20   -17.02  1.00000
  22419     10.20   -16.97  1.00000
  22420     10.20   -16.92  1.00000
  22421     10.20   -16.87  1.00000
  22422     10.20   -16.82  1.00000
  22423     10.20   -16.77  1.00000
  22424     10.20   -16.72  1.00000
  22425     10.20   -16.67  1.00000
  22426     10.20   -16.62  1.00000
  22427     10.20   -16.57  1.00000
  22428     10.20   -16.52  1.00000
  22429     10.20   -16.47  1.00000
  22430     10.20   -16.42  1.00000
  22431     10.20   -16.37  1.00000
  22432     10.20   -16.32  1.00000
  22433     10.20   -16.27  1.00000
  22434     10.20   -16.22  1.00000
  22435     10.20   -16.17  1.00000
  22436     10.20   -16.12  1.00000
  22437     10.20   -16.07  1.00000
  22438     10.20   -16.02  1.00000
  22439     10.20   -15.97  1.00000
  22440     10.20   -15.92  1.00000
  22441     10.20   -15.87  1.00000
  22442     10.20   -15.82  1.00000
  22443     10.20   -15.77  1.00000
  22444     10.20   -15.72  1.00000
  22445     10.20   -15.67  1.00000
  22446     10.20   -15.62  1.00000
  22447     10.20   -15.57  1.00000
  22448     10.20   -15.52  1.00000
  22449     10.20   -15.47  1.00000
  22450     10.20   -15.42  1.00000
  22451     10.20   -15.37  1.00000
  22452     10.25   -22.47  1.00000
  22453     10.25   -22.42  1.00000
  22454     10.25   -22.37  1.00000
  22455     10.25   -22.32  1.00000
  22456     10.25   -22.27  1.00000
  22457     10.25   -22.22  1.00000
  22458     10.25   -22.17  1.00000
  22459     10.25   -22.12  1.00000
  22460     10.25   -22.07  1.00000
  22461     10.25   -22.02  1.00000
  22462     10.25   -21.97  1.00000
  22463     10.25   -21.92  1.00000
  22464     10.25   -21.87  1.00000
  22465     10.25   -21.82  1.00000
  22466     10.25   -21.77  1.00000
  22467     10.25   -21.72  1.00000
  22468     10.25   -21.67  1.00000
  22469     10.25   -21.62  1.00000
  22470     10.25   -21.57  1.00000
  22471     10.25   -21.52  1.00000
  22472     10.25   -21.47  1.00000
  22473     10.25   -21.42  1.00000
  22474     10.25   -21.37  1.00000
  22475     10.25   -21.32  1.00000
  22476     10.25   -21.27  1.00000
  22477     10.25   -21.22  1.00000
  22478     10.25   -21.17  1.00000
  22479     10.25   -21.12  1.00000
  22480     10.25   -21.07  1.00000
  22481     10.25   -21.02  1.00000
  22482     10.25   -20.97  1.00000
  22483     10.25   -20.92  1.00000
  22484     10.25   -20.87  1.00000
  22485     10.25   -20.82  1.00000
  22486     10.25   -20.77  1.00000
  22487     10.25   -20.72  1.00000
  22488     10.25   -20.67  1.00000
  22489     10.25   -20.62  1.00000
  22490     10.25   -20.57  1.00000
  22491     10.25   -20.52  1.00000
  22492     10.25   -20.47  1.00000
  22493     10.25   -20.42  1.00000
  22494     10.25   -20.37  1.00000
  22495     10.25   -20.32  1.00000
  22496     10.25   -20.27  1.00000
  22497     10.25   -20.22  1.00000
  22498     10.25   -20.17  1.00000
  22499     10.25   -20.12  1.00000
  22500     10.25   -20.07  1.00000
  22501     10.25   -20.02  1.00000
  22502     10.25   -19.97  1.00000
  22503     10.25   -19.92  1.00000
  22504     10.25   -19.87  1.00000
  22505     10.25   -19.82  1.00000
  22506     10.25   -19.77  1.00000
  22507     10.25   -19.72  1.00000
  22508     10.25   -19.67  1.00000
  22509     10.25   -19.62  1.00000
  22510     10.25   -19.57  1.00000
  22511     10.25   -19.52  1.00000
  22512     10.25   -19.47  1.00000
  22513     10.25   -19.42  1.00000
  22514     10.25   -19.37  1.00000
  22515     10.25   -19.32  1.00000
  22516     10.25   -19.27  1.00000
  22517     10.25   -19.22  1.00000
  22518     10.25   -19.17  1.00000
  22519     10.25   -19.12  1.00000
  22520     10.25   -19.07  1.00000
  22521     10.25   -19.02  1.00000
  22522     10.25   -18.97  1.00000
  22523     10.25   -18.92  1.00000
  22524     10.25   -18.87  1.00000
  22525     10.25   -18.82  1.00000
  22526     10.25   -18.77  1.00000
  22527     10.25   -18.72  1.00000
  22528     10.25   -18.67  1.00000
  22529     10.25   -18.62  1.00000
  22530     10.25   -18.57  1.00000
  22531     10.25   -18.52  1.00000
  22532     10.25   -18.47  1.00000
  22533     10.25   -18.42  1.00000
  22534     10.25   -18.37  1.00000
  22535     10.25   -18.32  1.00000
  22536     10.25   -18.27  1.00000
  22537     10.25   -18.22  1.00000
  22538     10.25   -18.17  1.00000
  22539     10.25   -18.12  1.00000
  22540     10.25   -18.07  1.00000
  22541     10.25   -18.02  1.00000
  22542     10.25   -17.97  1.00000
  22543     10.25   -17.92  1.00000
  22544     10.25   -17.87  1.00000
  22545     10.25   -17.82  1.00000
  22546     10.25   -17.77  1.00000
  22547     10.25   -17.72  1.00000
  22548     10.25   -17.67  1.00000
  22549     10.25   -17.62  1.00000
  22550     10.25   -17.57  1.00000
  22551     10.25   -17.52  1.00000
  22552     10.25   -17.47  1.00000
  22553     10.25   -17.42  1.00000
  22554     10.25   -17.37  1.00000
  22555     10.25   -17.32  1.00000
  22556     10.25   -17.27  1.00000
  22557     10.25   -17.22  1.00000
  22558     10.25   -17.17  1.00000
  22559     10.25   -17.12  1.00000
  22560     10.25   -17.07  1.00000
  22561     10.25   -17.02  1.00000
  22562     10.25   -16.97  1.00000
  22563     10.25   -16.92  1.00000
  22564     10.25   -16.87  1.00000
  22565     10.25   -16.82  1.00000
  22566     10.25   -16.77  1.00000
  22567     10.25   -16.72  1.00000
  22568     10.25   -16.67  1.00000
  22569     10.25   -16.62  1.00000
  22570     10.25   -16.57  1.00000
  22571     10.25   -16.52  1.00000
  22572     10.25   -16.47  1.00000
  22573     10.25   -16.42  1.00000
  22574     10.25   -16.37  1.00000
  22575     10.25   -16.32  1.00000
  22576     10.25   -16.27  1.00000
  22577     10.25   -16.22  1.00000
  22578     10.25   -16.17  1.00000
  22579     10.25   -16.12  1.00000
  22580     10.25   -16.07  1.00000
  22581     10.25   -16.02  1.00000
  22582     10.25   -15.97  1.00000
  22583     10.25   -15.92  1.00000
  22584     10.25   -15.87  1.00000
  22585     10.25   -15.82  1.00000
  22586     10.25   -15.77  1.00000
  22587     10.25   -15.72  1.00000
  22588     10.25   -15.67  1.00000
  22589     10.25   -15.62  1.00000
  22590     10.25   -15.57  1.00000
  22591     10.25   -15.52  1.00000
  22592     10.25   -15.47  1.00000
  22593     10.25   -15.42  1.00000
  22594     10.25   -15.37  1.00000
  22595     10.30   -22.47  1.00000
  22596     10.30   -22.42  1.00000
  22597     10.30   -22.37  1.00000
  22598     10.30   -22.32  1.00000
  22599     10.30   -22.27  1.00000
  22600     10.30   -22.22  1.00000
  22601     10.30   -22.17  1.00000
  22602     10.30   -22.12  1.00000
  22603     10.30   -22.07  1.00000
  22604     10.30   -22.02  1.00000
  22605     10.30   -21.97  1.00000
  22606     10.30   -21.92  1.00000
  22607     10.30   -21.87  1.00000
  22608     10.30   -21.82  1.00000
  22609     10.30   -21.77  1.00000
  22610     10.30   -21.72  1.00000
  22611     10.30   -21.67  1.00000
  22612     10.30   -21.62  1.00000
  22613     10.30   -21.57  1.00000
  22614     10.30   -21.52  1.00000
  22615     10.30   -21.47  1.00000
  22616     10.30   -21.42  1.00000
  22617     10.30   -21.37  1.00000
  22618     10.30   -21.32  1.00000
  22619     10.30   -21.27  1.00000
  22620     10.30   -21.22  1.00000
  22621     10.30   -21.17  1.00000
  22622     10.30   -21.12  1.00000
  22623     10.30   -21.07  1.00000
  22624     10.30   -21.02  1.00000
  22625     10.30   -20.97  1.00000
  22626     10.30   -20.92  1.00000
  22627     10.30   -20.87  1.00000
  22628     10.30   -20.82  1.00000
  22629     10.30   -20.77  1.00000
  22630     10.30   -20.72  1.00000
  22631     10.30   -20.67  1.00000
  22632     10.30   -20.62  1.00000
  22633     10.30   -20.57  1.00000
  22634     10.30   -20.52  1.00000
  22635     10.30   -20.47  1.00000
  22636     10.30   -20.42  1.00000
  22637     10.30   -20.37  1.00000
  22638     10.30   -20.32  1.00000
  22639     10.30   -20.27  1.00000
  22640     10.30   -20.22  1.00000
  22641     10.30   -20.17  1.00000
  22642     10.30   -20.12  1.00000
  22643     10.30   -20.07  1.00000
  22644     10.30   -20.02  1.00000
  22645     10.30   -19.97  1.00000
  22646     10.30   -19.92  1.00000
  22647     10.30   -19.87  1.00000
  22648     10.30   -19.82  1.00000
  22649     10.30   -19.77  1.00000
  22650     10.30   -19.72  1.00000
  22651     10.30   -19.67  1.00000
  22652     10.30   -19.62  1.00000
  22653     10.30   -19.57  1.00000
  22654     10.30   -19.52  1.00000
  22655     10.30   -19.47  1.00000
  22656     10.30   -19.42  1.00000
  22657     10.30   -19.37  1.00000
  22658     10.30   -19.32  1.00000
  22659     10.30   -19.27  1.00000
  22660     10.30   -19.22  1.00000
  22661     10.30   -19.17  1.00000
  22662     10.30   -19.12  1.00000
  22663     10.30   -19.07  1.00000
  22664     10.30   -19.02  1.00000
  22665     10.30   -18.97  1.00000
  22666     10.30   -18.92  1.00000
  22667     10.30   -18.87  1.00000
  22668     10.30   -18.82  1.00000
  22669     10.30   -18.77  1.00000
  22670     10.30   -18.72  1.00000
  22671     10.30   -18.67  1.00000
  22672     10.30   -18.62  1.00000
  22673     10.30   -18.57  1.00000
  22674     10.30   -18.52  1.00000
  22675     10.30   -18.47  1.00000
  22676     10.30   -18.42  1.00000
  22677     10.30   -18.37  1.00000
  22678     10.30   -18.32  1.00000
  22679     10.30   -18.27  1.00000
  22680     10.30   -18.22  1.00000
  22681     10.30   -18.17  1.00000
  22682     10.30   -18.12  1.00000
  22683     10.30   -18.07  1.00000
  22684     10.30   -18.02  1.00000
  22685     10.30   -17.97  1.00000
  22686     10.30   -17.92  1.00000
  22687     10.30   -17.87  1.00000
  22688     10.30   -17.82  1.00000
  22689     10.30   -17.77  1.00000
  22690     10.30   -17.72  1.00000
  22691     10.30   -17.67  1.00000
  22692     10.30   -17.62  1.00000
  22693     10.30   -17.57  1.00000
  22694     10.30   -17.52  1.00000
  22695     10.30   -17.47  1.00000
  22696     10.30   -17.42  1.00000
  22697     10.30   -17.37  1.00000
  22698     10.30   -17.32  1.00000
  22699     10.30   -17.27  1.00000
  22700     10.30   -17.22  1.00000
  22701     10.30   -17.17  1.00000
  22702     10.30   -17.12  1.00000
  22703     10.30   -17.07  1.00000
  22704     10.30   -17.02  1.00000
  22705     10.30   -16.97  1.00000
  22706     10.30   -16.92  1.00000
  22707     10.30   -16.87  1.00000
  22708     10.30   -16.82  1.00000
  22709     10.30   -16.77  1.00000
  22710     10.30   -16.72  1.00000
  22711     10.30   -16.67  1.00000
  22712     10.30   -16.62  1.00000
  22713     10.30   -16.57  1.00000
  22714     10.30   -16.52  1.00000
  22715     10.30   -16.47  1.00000
  22716     10.30   -16.42  1.00000
  22717     10.30   -16.37  1.00000
  22718     10.30   -16.32  1.00000
  22719     10.30   -16.27  1.00000
  22720     10.30   -16.22  1.00000
  22721     10.30   -16.17  1.00000
  22722     10.30   -16.12  1.00000
  22723     10.30   -16.07  1.00000
  22724     10.30   -16.02  1.00000
  22725     10.30   -15.97  1.00000
  22726     10.30   -15.92  1.00000
  22727     10.30   -15.87  1.00000
  22728     10.30   -15.82  1.00000
  22729     10.30   -15.77  1.00000
  22730     10.30   -15.72  1.00000
  22731     10.30   -15.67  1.00000
  22732     10.30   -15.62  1.00000
  22733     10.30   -15.57  1.00000
  22734     10.30   -15.52  1.00000
  22735     10.30   -15.47  1.00000
  22736     10.30   -15.42  1.00000
  22737     10.30   -15.37  1.00000
  22738     10.35   -22.47  1.00000
  22739     10.35   -22.42  1.00000
  22740     10.35   -22.37  1.00000
  22741     10.35   -22.32  1.00000
  22742     10.35   -22.27  1.00000
  22743     10.35   -22.22  1.00000
  22744     10.35   -22.17  1.00000
  22745     10.35   -22.12  1.00000
  22746     10.35   -22.07  1.00000
  22747     10.35   -22.02  1.00000
  22748     10.35   -21.97  1.00000
  22749     10.35   -21.92  1.00000
  22750     10.35   -21.87  1.00000
  22751     10.35   -21.82  1.00000
  22752     10.35   -21.77  1.00000
  22753     10.35   -21.72  1.00000
  22754     10.35   -21.67  1.00000
  22755     10.35   -21.62  1.00000
  22756     10.35   -21.57  1.00000
  22757     10.35   -21.52  1.00000
  22758     10.35   -21.47  1.00000
  22759     10.35   -21.42  1.00000
  22760     10.35   -21.37  1.00000
  22761     10.35   -21.32  1.00000
  22762     10.35   -21.27  1.00000
  22763     10.35   -21.22  1.00000
  22764     10.35   -21.17  1.00000
  22765     10.35   -21.12  1.00000
  22766     10.35   -21.07  1.00000
  22767     10.35   -21.02  1.00000
  22768     10.35   -20.97  1.00000
  22769     10.35   -20.92  1.00000
  22770     10.35   -20.87  1.00000
  22771     10.35   -20.82  1.00000
  22772     10.35   -20.77  1.00000
  22773     10.35   -20.72  1.00000
  22774     10.35   -20.67  1.00000
  22775     10.35   -20.62  1.00000
  22776     10.35   -20.57  1.00000
  22777     10.35   -20.52  1.00000
  22778     10.35   -20.47  1.00000
  22779     10.35   -20.42  1.00000
  22780     10.35   -20.37  1.00000
  22781     10.35   -20.32  1.00000
  22782     10.35   -20.27  1.00000
  22783     10.35   -20.22  1.00000
  22784     10.35   -20.17  1.00000
  22785     10.35   -20.12  1.00000
  22786     10.35   -20.07  1.00000
  22787     10.35   -20.02  1.00000
  22788     10.35   -19.97  1.00000
  22789     10.35   -19.92  1.00000
  22790     10.35   -19.87  1.00000
  22791     10.35   -19.82  1.00000
  22792     10.35   -19.77  1.00000
  22793     10.35   -19.72  1.00000
  22794     10.35   -19.67  1.00000
  22795     10.35   -19.62  1.00000
  22796     10.35   -19.57  1.00000
  22797     10.35   -19.52  1.00000
  22798     10.35   -19.47  1.00000
  22799     10.35   -19.42  1.00000
  22800     10.35   -19.37  1.00000
  22801     10.35   -19.32  1.00000
  22802     10.35   -19.27  1.00000
  22803     10.35   -19.22  1.00000
  22804     10.35   -19.17  1.00000
  22805     10.35   -19.12  1.00000
  22806     10.35   -19.07  1.00000
  22807     10.35   -19.02  1.00000
  22808     10.35   -18.97  1.00000
  22809     10.35   -18.92  1.00000
  22810     10.35   -18.87  1.00000
  22811     10.35   -18.82  1.00000
  22812     10.35   -18.77  1.00000
  22813     10.35   -18.72  1.00000
  22814     10.35   -18.67  1.00000
  22815     10.35   -18.62  1.00000
  22816     10.35   -18.57  1.00000
  22817     10.35   -18.52  1.00000
  22818     10.35   -18.47  1.00000
  22819     10.35   -18.42  1.00000
  22820     10.35   -18.37  1.00000
  22821     10.35   -18.32  1.00000
  22822     10.35   -18.27  1.00000
  22823     10.35   -18.22  1.00000
  22824     10.35   -18.17  1.00000
  22825     10.35   -18.12  1.00000
  22826     10.35   -18.07  1.00000
  22827     10.35   -18.02  1.00000
  22828     10.35   -17.97  1.00000
  22829     10.35   -17.92  1.00000
  22830     10.35   -17.87  1.00000
  22831     10.35   -17.82  1.00000
  22832     10.35   -17.77  1.00000
  22833     10.35   -17.72  1.00000
  22834     10.35   -17.67  1.00000
  22835     10.35   -17.62  1.00000
  22836     10.35   -17.57  1.00000
  22837     10.35   -17.52  1.00000
  22838     10.35   -17.47  1.00000
  22839     10.35   -17.42  1.00000
  22840     10.35   -17.37  1.00000
  22841     10.35   -17.32  1.00000
  22842     10.35   -17.27  1.00000
  22843     10.35   -17.22  1.00000
  22844     10.35   -17.17  1.00000
  22845     10.35   -17.12  1.00000
  22846     10.35   -17.07  1.00000
  22847     10.35   -17.02  1.00000
  22848     10.35   -16.97  1.00000
  22849     10.35   -16.92  1.00000
  22850     10.35   -16.87  1.00000
  22851     10.35   -16.82  1.00000
  22852     10.35   -16.77  1.00000
  22853     10.35   -16.72  1.00000
  22854     10.35   -16.67  1.00000
  22855     10.35   -16.62  1.00000
  22856     10.35   -16.57  1.00000
  22857     10.35   -16.52  1.00000
  22858     10.35   -16.47  1.00000
  22859     10.35   -16.42  1.00000
  22860     10.35   -16.37  1.00000
  22861     10.35   -16.32  1.00000
  22862     10.35   -16.27  1.00000
  22863     10.35   -16.22  1.00000
  22864     10.35   -16.17  1.00000
  22865     10.35   -16.12  1.00000
  22866     10.35   -16.07  1.00000
  22867     10.35   -16.02  1.00000
  22868     10.35   -15.97  1.00000
  22869     10.35   -15.92  1.00000
  22870     10.35   -15.87  1.00000
  22871     10.35   -15.82  1.00000
  22872     10.35   -15.77  1.00000
  22873     10.35   -15.72  1.00000
  22874     10.35   -15.67  1.00000
  22875     10.35   -15.62  1.00000
  22876     10.35   -15.57  1.00000
  22877     10.35   -15.52  1.00000
  22878     10.35   -15.47  1.00000
  22879     10.35   -15.42  1.00000
  22880     10.35   -15.37  1.00000
  22881     10.40   -22.47  1.00000
  22882     10.40   -22.42  1.00000
  22883     10.40   -22.37  1.00000
  22884     10.40   -22.32  1.00000
  22885     10.40   -22.27  1.00000
  22886     10.40   -22.22  1.00000
  22887     10.40   -22.17  1.00000
  22888     10.40   -22.12  1.00000
  22889     10.40   -22.07  1.00000
  22890     10.40   -22.02  1.00000
  22891     10.40   -21.97  1.00000
  22892     10.40   -21.92  1.00000
  22893     10.40   -21.87  1.00000
  22894     10.40   -21.82  1.00000
  22895     10.40   -21.77  1.00000
  22896     10.40   -21.72  1.00000
  22897     10.40   -21.67  1.00000
  22898     10.40   -21.62  1.00000
  22899     10.40   -21.57  1.00000
  22900     10.40   -21.52  1.00000
  22901     10.40   -21.47  1.00000
  22902     10.40   -21.42  1.00000
  22903     10.40   -21.37  1.00000
  22904     10.40   -21.32  1.00000
  22905     10.40   -21.27  1.00000
  22906     10.40   -21.22  1.00000
  22907     10.40   -21.17  1.00000
  22908     10.40   -21.12  1.00000
  22909     10.40   -21.07  1.00000
  22910     10.40   -21.02  1.00000
  22911     10.40   -20.97  1.00000
  22912     10.40   -20.92  1.00000
  22913     10.40   -20.87  1.00000
  22914     10.40   -20.82  1.00000
  22915     10.40   -20.77  1.00000
  22916     10.40   -20.72  1.00000
  22917     10.40   -20.67  1.00000
  22918     10.40   -20.62  1.00000
  22919     10.40   -20.57  1.00000
  22920     10.40   -20.52  1.00000
  22921     10.40   -20.47  1.00000
  22922     10.40   -20.42  1.00000
  22923     10.40   -20.37  1.00000
  22924     10.40   -20.32  1.00000
  22925     10.40   -20.27  1.00000
  22926     10.40   -20.22  1.00000
  22927     10.40   -20.17  1.00000
  22928     10.40   -20.12  1.00000
  22929     10.40   -20.07  1.00000
  22930     10.40   -20.02  1.00000
  22931     10.40   -19.97  1.00000
  22932     10.40   -19.92  1.00000
  22933     10.40   -19.87  1.00000
  22934     10.40   -19.82  1.00000
  22935     10.40   -19.77  1.00000
  22936     10.40   -19.72  1.00000
  22937     10.40   -19.67  1.00000
  22938     10.40   -19.62  1.00000
  22939     10.40   -19.57  1.00000
  22940     10.40   -19.52  1.00000
  22941     10.40   -19.47  1.00000
  22942     10.40   -19.42  1.00000
  22943     10.40   -19.37  1.00000
  22944     10.40   -19.32  1.00000
  22945     10.40   -19.27  1.00000
  22946     10.40   -19.22  1.00000
  22947     10.40   -19.17  1.00000
  22948     10.40   -19.12  1.00000
  22949     10.40   -19.07  1.00000
  22950     10.40   -19.02  1.00000
  22951     10.40   -18.97  1.00000
  22952     10.40   -18.92  1.00000
  22953     10.40   -18.87  1.00000
  22954     10.40   -18.82  1.00000
  22955     10.40   -18.77  1.00000
  22956     10.40   -18.72  1.00000
  22957     10.40   -18.67  1.00000
  22958     10.40   -18.62  1.00000
  22959     10.40   -18.57  1.00000
  22960     10.40   -18.52  1.00000
  22961     10.40   -18.47  1.00000
  22962     10.40   -18.42  1.00000
  22963     10.40   -18.37  1.00000
  22964     10.40   -18.32  1.00000
  22965     10.40   -18.27  1.00000
  22966     10.40   -18.22  1.00000
  22967     10.40   -18.17  1.00000
  22968     10.40   -18.12  1.00000
  22969     10.40   -18.07  1.00000
  22970     10.40   -18.02  1.00000
  22971     10.40   -17.97  1.00000
  22972     10.40   -17.92  1.00000
  22973     10.40   -17.87  1.00000
  22974     10.40   -17.82  1.00000
  22975     10.40   -17.77  1.00000
  22976     10.40   -17.72  1.00000
  22977     10.40   -17.67  1.00000
  22978     10.40   -17.62  1.00000
  22979     10.40   -17.57  1.00000
  22980     10.40   -17.52  1.00000
  22981     10.40   -17.47  1.00000
  22982     10.40   -17.42  1.00000
  22983     10.40   -17.37  1.00000
  22984     10.40   -17.32  1.00000
  22985     10.40   -17.27  1.00000
  22986     10.40   -17.22  1.00000
  22987     10.40   -17.17  1.00000
  22988     10.40   -17.12  1.00000
  22989     10.40   -17.07  1.00000
  22990     10.40   -17.02  1.00000
  22991     10.40   -16.97  1.00000
  22992     10.40   -16.92  1.00000
  22993     10.40   -16.87  1.00000
  22994     10.40   -16.82  1.00000
  22995     10.40   -16.77  1.00000
  22996     10.40   -16.72  1.00000
  22997     10.40   -16.67  1.00000
  22998     10.40   -16.62  1.00000
  22999     10.40   -16.57  1.00000
  23000     10.40   -16.52  1.00000
  23001     10.40   -16.47  1.00000
  23002     10.40   -16.42  1.00000
  23003     10.40   -16.37  1.00000
  23004     10.40   -16.32  1.00000
  23005     10.40   -16.27  1.00000
  23006     10.40   -16.22  1.00000
  23007     10.40   -16.17  1.00000
  23008     10.40   -16.12  1.00000
  23009     10.40   -16.07  1.00000
  23010     10.40   -16.02  1.00000
  23011     10.40   -15.97  1.00000
  23012     10.40   -15.92  1.00000
  23013     10.40   -15.87  1.00000
  23014     10.40   -15.82  1.00000
  23015     10.40   -15.77  1.00000
  23016     10.40   -15.72  1.00000
  23017     10.40   -15.67  1.00000
  23018     10.40   -15.62  1.00000
  23019     10.40   -15.57  1.00000
  23020     10.40   -15.52  1.00000
  23021     10.40   -15.47  1.00000
  23022     10.40   -15.42  1.00000
  23023     10.40   -15.37  1.00000
  23024     10.45   -22.47  1.00000
  23025     10.45   -22.42  1.00000
  23026     10.45   -22.37  1.00000
  23027     10.45   -22.32  1.00000
  23028     10.45   -22.27  1.00000
  23029     10.45   -22.22  1.00000
  23030     10.45   -22.17  1.00000
  23031     10.45   -22.12  1.00000
  23032     10.45   -22.07  1.00000
  23033     10.45   -22.02  1.00000
  23034     10.45   -21.97  1.00000
  23035     10.45   -21.92  1.00000
  23036     10.45   -21.87  1.00000
  23037     10.45   -21.82  1.00000
  23038     10.45   -21.77  1.00000
  23039     10.45   -21.72  1.00000
  23040     10.45   -21.67  1.00000
  23041     10.45   -21.62  1.00000
  23042     10.45   -21.57  1.00000
  23043     10.45   -21.52  1.00000
  23044     10.45   -21.47  1.00000
  23045     10.45   -21.42  1.00000
  23046     10.45   -21.37  1.00000
  23047     10.45   -21.32  1.00000
  23048     10.45   -21.27  1.00000
  23049     10.45   -21.22  1.00000
  23050     10.45   -21.17  1.00000
  23051     10.45   -21.12  1.00000
  23052     10.45   -21.07  1.00000
  23053     10.45   -21.02  1.00000
  23054     10.45   -20.97  1.00000
  23055     10.45   -20.92  1.00000
  23056     10.45   -20.87  1.00000
  23057     10.45   -20.82  1.00000
  23058     10.45   -20.77  1.00000
  23059     10.45   -20.72  1.00000
  23060     10.45   -20.67  1.00000
  23061     10.45   -20.62  1.00000
  23062     10.45   -20.57  1.00000
  23063     10.45   -20.52  1.00000
  23064     10.45   -20.47  1.00000
  23065     10.45   -20.42  1.00000
  23066     10.45   -20.37  1.00000
  23067     10.45   -20.32  1.00000
  23068     10.45   -20.27  1.00000
  23069     10.45   -20.22  1.00000
  23070     10.45   -20.17  1.00000
  23071     10.45   -20.12  1.00000
  23072     10.45   -20.07  1.00000
  23073     10.45   -20.02  1.00000
  23074     10.45   -19.97  1.00000
  23075     10.45   -19.92  1.00000
  23076     10.45   -19.87  1.00000
  23077     10.45   -19.82  1.00000
  23078     10.45   -19.77  1.00000
  23079     10.45   -19.72  1.00000
  23080     10.45   -19.67  1.00000
  23081     10.45   -19.62  1.00000
  23082     10.45   -19.57  1.00000
  23083     10.45   -19.52  1.00000
  23084     10.45   -19.47  1.00000
  23085     10.45   -19.42  1.00000
  23086     10.45   -19.37  1.00000
  23087     10.45   -19.32  1.00000
  23088     10.45   -19.27  1.00000
  23089     10.45   -19.22  1.00000
  23090     10.45   -19.17  1.00000
  23091     10.45   -19.12  1.00000
  23092     10.45   -19.07  1.00000
  23093     10.45   -19.02  1.00000
  23094     10.45   -18.97  1.00000
  23095     10.45   -18.92  1.00000
  23096     10.45   -18.87  1.00000
  23097     10.45   -18.82  1.00000
  23098     10.45   -18.77  1.00000
  23099     10.45   -18.72  1.00000
  23100     10.45   -18.67  1.00000
  23101     10.45   -18.62  1.00000
  23102     10.45   -18.57  1.00000
  23103     10.45   -18.52  1.00000
  23104     10.45   -18.47  1.00000
  23105     10.45   -18.42  1.00000
  23106     10.45   -18.37  1.00000
  23107     10.45   -18.32  1.00000
  23108     10.45   -18.27  1.00000
  23109     10.45   -18.22  1.00000
  23110     10.45   -18.17  1.00000
  23111     10.45   -18.12  1.00000
  23112     10.45   -18.07  1.00000
  23113     10.45   -18.02  1.00000
  23114     10.45   -17.97  1.00000
  23115     10.45   -17.92  1.00000
  23116     10.45   -17.87  1.00000
  23117     10.45   -17.82  1.00000
  23118     10.45   -17.77  1.00000
  23119     10.45   -17.72  1.00000
  23120     10.45   -17.67  1.00000
  23121     10.45   -17.62  1.00000
  23122     10.45   -17.57  1.00000
  23123     10.45   -17.52  1.00000
  23124     10.45   -17.47  1.00000
  23125     10.45   -17.42  1.00000
  23126     10.45   -17.37  1.00000
  23127     10.45   -17.32  1.00000
  23128     10.45   -17.27  1.00000
  23129     10.45   -17.22  1.00000
  23130     10.45   -17.17  1.00000
  23131     10.45   -17.12  1.00000
  23132     10.45   -17.07  1.00000
  23133     10.45   -17.02  1.00000
  23134     10.45   -16.97  1.00000
  23135     10.45   -16.92  1.00000
  23136     10.45   -16.87  1.00000
  23137     10.45   -16.82  1.00000
  23138     10.45   -16.77  1.00000
  23139     10.45   -16.72  1.00000
  23140     10.45   -16.67  1.00000
  23141     10.45   -16.62  1.00000
  23142     10.45   -16.57  1.00000
  23143     10.45   -16.52  1.00000
  23144     10.45   -16.47  1.00000
  23145     10.45   -16.42  1.00000
  23146     10.45   -16.37  1.00000
  23147     10.45   -16.32  1.00000
  23148     10.45   -16.27  1.00000
  23149     10.45   -16.22  1.00000
  23150     10.45   -16.17  1.00000
  23151     10.45   -16.12  1.00000
  23152     10.45   -16.07  1.00000
  23153     10.45   -16.02  1.00000
  23154     10.45   -15.97  1.00000
  23155     10.45   -15.92  1.00000
  23156     10.45   -15.87  1.00000
  23157     10.45   -15.82  1.00000
  23158     10.45   -15.77  1.00000
  23159     10.45   -15.72  1.00000
  23160     10.45   -15.67  1.00000
  23161     10.45   -15.62  1.00000
  23162     10.45   -15.57  1.00000
  23163     10.45   -15.52  1.00000
  23164     10.45   -15.47  1.00000
  23165     10.45   -15.42  1.00000
  23166     10.45   -15.37  1.00000
  23167     10.50   -22.47  1.00000
  23168     10.50   -22.42  1.00000
  23169     10.50   -22.37  1.00000
  23170     10.50   -22.32  1.00000
  23171     10.50   -22.27  1.00000
  23172     10.50   -22.22  1.00000
  23173     10.50   -22.17  1.00000
  23174     10.50   -22.12  1.00000
  23175     10.50   -22.07  1.00000
  23176     10.50   -22.02  1.00000
  23177     10.50   -21.97  1.00000
  23178     10.50   -21.92  1.00000
  23179     10.50   -21.87  1.00000
  23180     10.50   -21.82  1.00000
  23181     10.50   -21.77  1.00000
  23182     10.50   -21.72  1.00000
  23183     10.50   -21.67  1.00000
  23184     10.50   -21.62  1.00000
  23185     10.50   -21.57  1.00000
  23186     10.50   -21.52  1.00000
  23187     10.50   -21.47  1.00000
  23188     10.50   -21.42  1.00000
  23189     10.50   -21.37  1.00000
  23190     10.50   -21.32  1.00000
  23191     10.50   -21.27  1.00000
  23192     10.50   -21.22  1.00000
  23193     10.50   -21.17  1.00000
  23194     10.50   -21.12  1.00000
  23195     10.50   -21.07  1.00000
  23196     10.50   -21.02  1.00000
  23197     10.50   -20.97  1.00000
  23198     10.50   -20.92  1.00000
  23199     10.50   -20.87  1.00000
  23200     10.50   -20.82  1.00000
  23201     10.50   -20.77  1.00000
  23202     10.50   -20.72  1.00000
  23203     10.50   -20.67  1.00000
  23204     10.50   -20.62  1.00000
  23205     10.50   -20.57  1.00000
  23206     10.50   -20.52  1.00000
  23207     10.50   -20.47  1.00000
  23208     10.50   -20.42  1.00000
  23209     10.50   -20.37  1.00000
  23210     10.50   -20.32  1.00000
  23211     10.50   -20.27  1.00000
  23212     10.50   -20.22  1.00000
  23213     10.50   -20.17  1.00000
  23214     10.50   -20.12  1.00000
  23215     10.50   -20.07  1.00000
  23216     10.50   -20.02  1.00000
  23217     10.50   -19.97  1.00000
  23218     10.50   -19.92  1.00000
  23219     10.50   -19.87  1.00000
  23220     10.50   -19.82  1.00000
  23221     10.50   -19.77  1.00000
  23222     10.50   -19.72  1.00000
  23223     10.50   -19.67  1.00000
  23224     10.50   -19.62  1.00000
  23225     10.50   -19.57  1.00000
  23226     10.50   -19.52  1.00000
  23227     10.50   -19.47  1.00000
  23228     10.50   -19.42  1.00000
  23229     10.50   -19.37  1.00000
  23230     10.50   -19.32  1.00000
  23231     10.50   -19.27  1.00000
  23232     10.50   -19.22  1.00000
  23233     10.50   -19.17  1.00000
  23234     10.50   -19.12  1.00000
  23235     10.50   -19.07  1.00000
  23236     10.50   -19.02  1.00000
  23237     10.50   -18.97  1.00000
  23238     10.50   -18.92  1.00000
  23239     10.50   -18.87  1.00000
  23240     10.50   -18.82  1.00000
  23241     10.50   -18.77  1.00000
  23242     10.50   -18.72  1.00000
  23243     10.50   -18.67  1.00000
  23244     10.50   -18.62  1.00000
  23245     10.50   -18.57  1.00000
  23246     10.50   -18.52  1.00000
  23247     10.50   -18.47  1.00000
  23248     10.50   -18.42  1.00000
  23249     10.50   -18.37  1.00000
  23250     10.50   -18.32  1.00000
  23251     10.50   -18.27  1.00000
  23252     10.50   -18.22  1.00000
  23253     10.50   -18.17  1.00000
  23254     10.50   -18.12  1.00000
  23255     10.50   -18.07  1.00000
  23256     10.50   -18.02  1.00000
  23257     10.50   -17.97  1.00000
  23258     10.50   -17.92  1.00000
  23259     10.50   -17.87  1.00000
  23260     10.50   -17.82  1.00000
  23261     10.50   -17.77  1.00000
  23262     10.50   -17.72  1.00000
  23263     10.50   -17.67  1.00000
  23264     10.50   -17.62  1.00000
  23265     10.50   -17.57  1.00000
  23266     10.50   -17.52  1.00000
  23267     10.50   -17.47  1.00000
  23268     10.50   -17.42  1.00000
  23269     10.50   -17.37  1.00000
  23270     10.50   -17.32  1.00000
  23271     10.50   -17.27  1.00000
  23272     10.50   -17.22  1.00000
  23273     10.50   -17.17  1.00000
  23274     10.50   -17.12  1.00000
  23275     10.50   -17.07  1.00000
  23276     10.50   -17.02  1.00000
  23277     10.50   -16.97  1.00000
  23278     10.50   -16.92  1.00000
  23279     10.50   -16.87  1.00000
  23280     10.50   -16.82  1.00000
  23281     10.50   -16.77  1.00000
  23282     10.50   -16.72  1.00000
  23283     10.50   -16.67  1.00000
  23284     10.50   -16.62  1.00000
  23285     10.50   -16.57  1.00000
  23286     10.50   -16.52  1.00000
  23287     10.50   -16.47  1.00000
  23288     10.50   -16.42  1.00000
  23289     10.50   -16.37  1.00000
  23290     10.50   -16.32  1.00000
  23291     10.50   -16.27  1.00000
  23292     10.50   -16.22  1.00000
  23293     10.50   -16.17  1.00000
  23294     10.50   -16.12  1.00000
  23295     10.50   -16.07  1.00000
  23296     10.50   -16.02  1.00000
  23297     10.50   -15.97  1.00000
  23298     10.50   -15.92  1.00000
  23299     10.50   -15.87  1.00000
  23300     10.50   -15.82  1.00000
  23301     10.50   -15.77  1.00000
  23302     10.50   -15.72  1.00000
  23303     10.50   -15.67  1.00000
  23304     10.50   -15.62  1.00000
  23305     10.50   -15.57  1.00000
  23306     10.50   -15.52  1.00000
  23307     10.50   -15.47  1.00000
  23308     10.50   -15.42  1.00000
  23309     10.50   -15.37  1.00000
  23310     10.55   -22.47  1.00000
  23311     10.55   -22.42  1.00000
  23312     10.55   -22.37  1.00000
  23313     10.55   -22.32  1.00000
  23314     10.55   -22.27  1.00000
  23315     10.55   -22.22  1.00000
  23316     10.55   -22.17  1.00000
  23317     10.55   -22.12  1.00000
  23318     10.55   -22.07  1.00000
  23319     10.55   -22.02  1.00000
  23320     10.55   -21.97  1.00000
  23321     10.55   -21.92  1.00000
  23322     10.55   -21.87  1.00000
  23323     10.55   -21.82  1.00000
  23324     10.55   -21.77  1.00000
  23325     10.55   -21.72  1.00000
  23326     10.55   -21.67  1.00000
  23327     10.55   -21.62  1.00000
  23328     10.55   -21.57  1.00000
  23329     10.55   -21.52  1.00000
  23330     10.55   -21.47  1.00000
  23331     10.55   -21.42  1.00000
  23332     10.55   -21.37  1.00000
  23333     10.55   -21.32  1.00000
  23334     10.55   -21.27  1.00000
  23335     10.55   -21.22  1.00000
  23336     10.55   -21.17  1.00000
  23337     10.55   -21.12  1.00000
  23338     10.55   -21.07  1.00000
  23339     10.55   -21.02  1.00000
  23340     10.55   -20.97  1.00000
  23341     10.55   -20.92  1.00000
  23342     10.55   -20.87  1.00000
  23343     10.55   -20.82  1.00000
  23344     10.55   -20.77  1.00000
  23345     10.55   -20.72  1.00000
  23346     10.55   -20.67  1.00000
  23347     10.55   -20.62  1.00000
  23348     10.55   -20.57  1.00000
  23349     10.55   -20.52  1.00000
  23350     10.55   -20.47  1.00000
  23351     10.55   -20.42  1.00000
  23352     10.55   -20.37  1.00000
  23353     10.55   -20.32  1.00000
  23354     10.55   -20.27  1.00000
  23355     10.55   -20.22  1.00000
  23356     10.55   -20.17  1.00000
  23357     10.55   -20.12  1.00000
  23358     10.55   -20.07  1.00000
  23359     10.55   -20.02  1.00000
  23360     10.55   -19.97  1.00000
  23361     10.55   -19.92  1.00000
  23362     10.55   -19.87  1.00000
  23363     10.55   -19.82  1.00000
  23364     10.55   -19.77  1.00000
  23365     10.55   -19.72  1.00000
  23366     10.55   -19.67  1.00000
  23367     10.55   -19.62  1.00000
  23368     10.55   -19.57  1.00000
  23369     10.55   -19.52  1.00000
  23370     10.55   -19.47  1.00000
  23371     10.55   -19.42  1.00000
  23372     10.55   -19.37  1.00000
  23373     10.55   -19.32  1.00000
  23374     10.55   -19.27  1.00000
  23375     10.55   -19.22  1.00000
  23376     10.55   -19.17  1.00000
  23377     10.55   -19.12  1.00000
  23378     10.55   -19.07  1.00000
  23379     10.55   -19.02  1.00000
  23380     10.55   -18.97  1.00000
  23381     10.55   -18.92  1.00000
  23382     10.55   -18.87  1.00000
  23383     10.55   -18.82  1.00000
  23384     10.55   -18.77  1.00000
  23385     10.55   -18.72  1.00000
  23386     10.55   -18.67  1.00000
  23387     10.55   -18.62  1.00000
  23388     10.55   -18.57  1.00000
  23389     10.55   -18.52  1.00000
  23390     10.55   -18.47  1.00000
  23391     10.55   -18.42  1.00000
  23392     10.55   -18.37  1.00000
  23393     10.55   -18.32  1.00000
  23394     10.55   -18.27  1.00000
  23395     10.55   -18.22  1.00000
  23396     10.55   -18.17  1.00000
  23397     10.55   -18.12  1.00000
  23398     10.55   -18.07  1.00000
  23399     10.55   -18.02  1.00000
  23400     10.55   -17.97  1.00000
  23401     10.55   -17.92  1.00000
  23402     10.55   -17.87  1.00000
  23403     10.55   -17.82  1.00000
  23404     10.55   -17.77  1.00000
  23405     10.55   -17.72  1.00000
  23406     10.55   -17.67  1.00000
  23407     10.55   -17.62  1.00000
  23408     10.55   -17.57  1.00000
  23409     10.55   -17.52  1.00000
  23410     10.55   -17.47  1.00000
  23411     10.55   -17.42  1.00000
  23412     10.55   -17.37  1.00000
  23413     10.55   -17.32  1.00000
  23414     10.55   -17.27  1.00000
  23415     10.55   -17.22  1.00000
  23416     10.55   -17.17  1.00000
  23417     10.55   -17.12  1.00000
  23418     10.55   -17.07  1.00000
  23419     10.55   -17.02  1.00000
  23420     10.55   -16.97  1.00000
  23421     10.55   -16.92  1.00000
  23422     10.55   -16.87  1.00000
  23423     10.55   -16.82  1.00000
  23424     10.55   -16.77  1.00000
  23425     10.55   -16.72  1.00000
  23426     10.55   -16.67  1.00000
  23427     10.55   -16.62  1.00000
  23428     10.55   -16.57  1.00000
  23429     10.55   -16.52  1.00000
  23430     10.55   -16.47  1.00000
  23431     10.55   -16.42  1.00000
  23432     10.55   -16.37  1.00000
  23433     10.55   -16.32  1.00000
  23434     10.55   -16.27  1.00000
  23435     10.55   -16.22  1.00000
  23436     10.55   -16.17  1.00000
  23437     10.55   -16.12  1.00000
  23438     10.55   -16.07  1.00000
  23439     10.55   -16.02  1.00000
  23440     10.55   -15.97  1.00000
  23441     10.55   -15.92  1.00000
  23442     10.55   -15.87  1.00000
  23443     10.55   -15.82  1.00000
  23444     10.55   -15.77  1.00000
  23445     10.55   -15.72  1.00000
  23446     10.55   -15.67  1.00000
  23447     10.55   -15.62  1.00000
  23448     10.55   -15.57  1.00000
  23449     10.55   -15.52  1.00000
  23450     10.55   -15.47  1.00000
  23451     10.55   -15.42  1.00000
  23452     10.55   -15.37  1.00000
  23453     10.60   -22.47  1.00000
  23454     10.60   -22.42  1.00000
  23455     10.60   -22.37  1.00000
  23456     10.60   -22.32  1.00000
  23457     10.60   -22.27  1.00000
  23458     10.60   -22.22  1.00000
  23459     10.60   -22.17  1.00000
  23460     10.60   -22.12  1.00000
  23461     10.60   -22.07  1.00000
  23462     10.60   -22.02  1.00000
  23463     10.60   -21.97  1.00000
  23464     10.60   -21.92  1.00000
  23465     10.60   -21.87  1.00000
  23466     10.60   -21.82  1.00000
  23467     10.60   -21.77  1.00000
  23468     10.60   -21.72  1.00000
  23469     10.60   -21.67  1.00000
  23470     10.60   -21.62  1.00000
  23471     10.60   -21.57  1.00000
  23472     10.60   -21.52  1.00000
  23473     10.60   -21.47  1.00000
  23474     10.60   -21.42  1.00000
  23475     10.60   -21.37  1.00000
  23476     10.60   -21.32  1.00000
  23477     10.60   -21.27  1.00000
  23478     10.60   -21.22  1.00000
  23479     10.60   -21.17  1.00000
  23480     10.60   -21.12  1.00000
  23481     10.60   -21.07  1.00000
  23482     10.60   -21.02  1.00000
  23483     10.60   -20.97  1.00000
  23484     10.60   -20.92  1.00000
  23485     10.60   -20.87  1.00000
  23486     10.60   -20.82  1.00000
  23487     10.60   -20.77  1.00000
  23488     10.60   -20.72  1.00000
  23489     10.60   -20.67  1.00000
  23490     10.60   -20.62  1.00000
  23491     10.60   -20.57  1.00000
  23492     10.60   -20.52  1.00000
  23493     10.60   -20.47  1.00000
  23494     10.60   -20.42  1.00000
  23495     10.60   -20.37  1.00000
  23496     10.60   -20.32  1.00000
  23497     10.60   -20.27  1.00000
  23498     10.60   -20.22  1.00000
  23499     10.60   -20.17  1.00000
  23500     10.60   -20.12  1.00000
  23501     10.60   -20.07  1.00000
  23502     10.60   -20.02  1.00000
  23503     10.60   -19.97  1.00000
  23504     10.60   -19.92  1.00000
  23505     10.60   -19.87  1.00000
  23506     10.60   -19.82  1.00000
  23507     10.60   -19.77  1.00000
  23508     10.60   -19.72  1.00000
  23509     10.60   -19.67  1.00000
  23510     10.60   -19.62  1.00000
  23511     10.60   -19.57  1.00000
  23512     10.60   -19.52  1.00000
  23513     10.60   -19.47  1.00000
  23514     10.60   -19.42  1.00000
  23515     10.60   -19.37  1.00000
  23516     10.60   -19.32  1.00000
  23517     10.60   -19.27  1.00000
  23518     10.60   -19.22  1.00000
  23519     10.60   -19.17  1.00000
  23520     10.60   -19.12  1.00000
  23521     10.60   -19.07  1.00000
  23522     10.60   -19.02  1.00000
  23523     10.60   -18.97  1.00000
  23524     10.60   -18.92  1.00000
  23525     10.60   -18.87  1.00000
  23526     10.60   -18.82  1.00000
  23527     10.60   -18.77  1.00000
  23528     10.60   -18.72  1.00000
  23529     10.60   -18.67  1.00000
  23530     10.60   -18.62  1.00000
  23531     10.60   -18.57  1.00000
  23532     10.60   -18.52  1.00000
  23533     10.60   -18.47  1.00000
  23534     10.60   -18.42  1.00000
  23535     10.60   -18.37  1.00000
  23536     10.60   -18.32  1.00000
  23537     10.60   -18.27  1.00000
  23538     10.60   -18.22  1.00000
  23539     10.60   -18.17  1.00000
  23540     10.60   -18.12  1.00000
  23541     10.60   -18.07  1.00000
  23542     10.60   -18.02  1.00000
  23543     10.60   -17.97  1.00000
  23544     10.60   -17.92  1.00000
  23545     10.60   -17.87  1.00000
  23546     10.60   -17.82  1.00000
  23547     10.60   -17.77  1.00000
  23548     10.60   -17.72  1.00000
  23549     10.60   -17.67  1.00000
  23550     10.60   -17.62  1.00000
  23551     10.60   -17.57  1.00000
  23552     10.60   -17.52  1.00000
  23553     10.60   -17.47  1.00000
  23554     10.60   -17.42  1.00000
  23555     10.60   -17.37  1.00000
  23556     10.60   -17.32  1.00000
  23557     10.60   -17.27  1.00000
  23558     10.60   -17.22  1.00000
  23559     10.60   -17.17  1.00000
  23560     10.60   -17.12  1.00000
  23561     10.60   -17.07  1.00000
  23562     10.60   -17.02  1.00000
  23563     10.60   -16.97  1.00000
  23564     10.60   -16.92  1.00000
  23565     10.60   -16.87  1.00000
  23566     10.60   -16.82  1.00000
  23567     10.60   -16.77  1.00000
  23568     10.60   -16.72  1.00000
  23569     10.60   -16.67  1.00000
  23570     10.60   -16.62  1.00000
  23571     10.60   -16.57  1.00000
  23572     10.60   -16.52  1.00000
  23573     10.60   -16.47  1.00000
  23574     10.60   -16.42  1.00000
  23575     10.60   -16.37  1.00000
  23576     10.60   -16.32  1.00000
  23577     10.60   -16.27  1.00000
  23578     10.60   -16.22  1.00000
  23579     10.60   -16.17  1.00000
  23580     10.60   -16.12  1.00000
  23581     10.60   -16.07  1.00000
  23582     10.60   -16.02  1.00000
  23583     10.60   -15.97  1.00000
  23584     10.60   -15.92  1.00000
  23585     10.60   -15.87  1.00000
  23586     10.60   -15.82  1.00000
  23587     10.60   -15.77  1.00000
  23588     10.60   -15.72  1.00000
  23589     10.60   -15.67  1.00000
  23590     10.60   -15.62  1.00000
  23591     10.60   -15.57  1.00000
  23592     10.60   -15.52  1.00000
  23593     10.60   -15.47  1.00000
  23594     10.60   -15.42  1.00000
  23595     10.60   -15.37  1.00000
  23596     10.65   -22.47  1.00000
  23597     10.65   -22.42  1.00000
  23598     10.65   -22.37  1.00000
  23599     10.65   -22.32  1.00000
  23600     10.65   -22.27  1.00000
  23601     10.65   -22.22  1.00000
  23602     10.65   -22.17  1.00000
  23603     10.65   -22.12  1.00000
  23604     10.65   -22.07  1.00000
  23605     10.65   -22.02  1.00000
  23606     10.65   -21.97  1.00000
  23607     10.65   -21.92  1.00000
  23608     10.65   -21.87  1.00000
  23609     10.65   -21.82  1.00000
  23610     10.65   -21.77  1.00000
  23611     10.65   -21.72  1.00000
  23612     10.65   -21.67  1.00000
  23613     10.65   -21.62  1.00000
  23614     10.65   -21.57  1.00000
  23615     10.65   -21.52  1.00000
  23616     10.65   -21.47  1.00000
  23617     10.65   -21.42  1.00000
  23618     10.65   -21.37  1.00000
  23619     10.65   -21.32  1.00000
  23620     10.65   -21.27  1.00000
  23621     10.65   -21.22  1.00000
  23622     10.65   -21.17  1.00000
  23623     10.65   -21.12  1.00000
  23624     10.65   -21.07  1.00000
  23625     10.65   -21.02  1.00000
  23626     10.65   -20.97  1.00000
  23627     10.65   -20.92  1.00000
  23628     10.65   -20.87  1.00000
  23629     10.65   -20.82  1.00000
  23630     10.65   -20.77  1.00000
  23631     10.65   -20.72  1.00000
  23632     10.65   -20.67  1.00000
  23633     10.65   -20.62  1.00000
  23634     10.65   -20.57  1.00000
  23635     10.65   -20.52  1.00000
  23636     10.65   -20.47  1.00000
  23637     10.65   -20.42  1.00000
  23638     10.65   -20.37  1.00000
  23639     10.65   -20.32  1.00000
  23640     10.65   -20.27  1.00000
  23641     10.65   -20.22  1.00000
  23642     10.65   -20.17  1.00000
  23643     10.65   -20.12  1.00000
  23644     10.65   -20.07  1.00000
  23645     10.65   -20.02  1.00000
  23646     10.65   -19.97  1.00000
  23647     10.65   -19.92  1.00000
  23648     10.65   -19.87  1.00000
  23649     10.65   -19.82  1.00000
  23650     10.65   -19.77  1.00000
  23651     10.65   -19.72  1.00000
  23652     10.65   -19.67  1.00000
  23653     10.65   -19.62  1.00000
  23654     10.65   -19.57  1.00000
  23655     10.65   -19.52  1.00000
  23656     10.65   -19.47  1.00000
  23657     10.65   -19.42  1.00000
  23658     10.65   -19.37  1.00000
  23659     10.65   -19.32  1.00000
  23660     10.65   -19.27  1.00000
  23661     10.65   -19.22  1.00000
  23662     10.65   -19.17  1.00000
  23663     10.65   -19.12  1.00000
  23664     10.65   -19.07  1.00000
  23665     10.65   -19.02  1.00000
  23666     10.65   -18.97  1.00000
  23667     10.65   -18.92  1.00000
  23668     10.65   -18.87  1.00000
  23669     10.65   -18.82  1.00000
  23670     10.65   -18.77  1.00000
  23671     10.65   -18.72  1.00000
  23672     10.65   -18.67  1.00000
  23673     10.65   -18.62  1.00000
  23674     10.65   -18.57  1.00000
  23675     10.65   -18.52  1.00000
  23676     10.65   -18.47  1.00000
  23677     10.65   -18.42  1.00000
  23678     10.65   -18.37  1.00000
  23679     10.65   -18.32  1.00000
  23680     10.65   -18.27  1.00000
  23681     10.65   -18.22  1.00000
  23682     10.65   -18.17  1.00000
  23683     10.65   -18.12  1.00000
  23684     10.65   -18.07  1.00000
  23685     10.65   -18.02  1.00000
  23686     10.65   -17.97  1.00000
  23687     10.65   -17.92  1.00000
  23688     10.65   -17.87  1.00000
  23689     10.65   -17.82  1.00000
  23690     10.65   -17.77  1.00000
  23691     10.65   -17.72  1.00000
  23692     10.65   -17.67  1.00000
  23693     10.65   -17.62  1.00000
  23694     10.65   -17.57  1.00000
  23695     10.65   -17.52  1.00000
  23696     10.65   -17.47  1.00000
  23697     10.65   -17.42  1.00000
  23698     10.65   -17.37  1.00000
  23699     10.65   -17.32  1.00000
  23700     10.65   -17.27  1.00000
  23701     10.65   -17.22  1.00000
  23702     10.65   -17.17  1.00000
  23703     10.65   -17.12  1.00000
  23704     10.65   -17.07  1.00000
  23705     10.65   -17.02  1.00000
  23706     10.65   -16.97  1.00000
  23707     10.65   -16.92  1.00000
  23708     10.65   -16.87  1.00000
  23709     10.65   -16.82  1.00000
  23710     10.65   -16.77  1.00000
  23711     10.65   -16.72  1.00000
  23712     10.65   -16.67  1.00000
  23713     10.65   -16.62  1.00000
  23714     10.65   -16.57  1.00000
  23715     10.65   -16.52  1.00000
  23716     10.65   -16.47  1.00000
  23717     10.65   -16.42  1.00000
  23718     10.65   -16.37  1.00000
  23719     10.65   -16.32  1.00000
  23720     10.65   -16.27  1.00000
  23721     10.65   -16.22  1.00000
  23722     10.65   -16.17  1.00000
  23723     10.65   -16.12  1.00000
  23724     10.65   -16.07  1.00000
  23725     10.65   -16.02  1.00000
  23726     10.65   -15.97  1.00000
  23727     10.65   -15.92  1.00000
  23728     10.65   -15.87  1.00000
  23729     10.65   -15.82  1.00000
  23730     10.65   -15.77  1.00000
  23731     10.65   -15.72  1.00000
  23732     10.65   -15.67  1.00000
  23733     10.65   -15.62  1.00000
  23734     10.65   -15.57  1.00000
  23735     10.65   -15.52  1.00000
  23736     10.65   -15.47  1.00000
  23737     10.65   -15.42  1.00000
  23738     10.65   -15.37  1.00000
  23739     10.70   -22.47  1.00000
  23740     10.70   -22.42  1.00000
  23741     10.70   -22.37  1.00000
  23742     10.70   -22.32  1.00000
  23743     10.70   -22.27  1.00000
  23744     10.70   -22.22  1.00000
  23745     10.70   -22.17  1.00000
  23746     10.70   -22.12  1.00000
  23747     10.70   -22.07  1.00000
  23748     10.70   -22.02  1.00000
  23749     10.70   -21.97  1.00000
  23750     10.70   -21.92  1.00000
  23751     10.70   -21.87  1.00000
  23752     10.70   -21.82  1.00000
  23753     10.70   -21.77  1.00000
  23754     10.70   -21.72  1.00000
  23755     10.70   -21.67  1.00000
  23756     10.70   -21.62  1.00000
  23757     10.70   -21.57  1.00000
  23758     10.70   -21.52  1.00000
  23759     10.70   -21.47  1.00000
  23760     10.70   -21.42  1.00000
  23761     10.70   -21.37  1.00000
  23762     10.70   -21.32  1.00000
  23763     10.70   -21.27  1.00000
  23764     10.70   -21.22  1.00000
  23765     10.70   -21.17  1.00000
  23766     10.70   -21.12  1.00000
  23767     10.70   -21.07  1.00000
  23768     10.70   -21.02  1.00000
  23769     10.70   -20.97  1.00000
  23770     10.70   -20.92  1.00000
  23771     10.70   -20.87  1.00000
  23772     10.70   -20.82  1.00000
  23773     10.70   -20.77  1.00000
  23774     10.70   -20.72  1.00000
  23775     10.70   -20.67  1.00000
  23776     10.70   -20.62  1.00000
  23777     10.70   -20.57  1.00000
  23778     10.70   -20.52  1.00000
  23779     10.70   -20.47  1.00000
  23780     10.70   -20.42  1.00000
  23781     10.70   -20.37  1.00000
  23782     10.70   -20.32  1.00000
  23783     10.70   -20.27  1.00000
  23784     10.70   -20.22  1.00000
  23785     10.70   -20.17  1.00000
  23786     10.70   -20.12  1.00000
  23787     10.70   -20.07  1.00000
  23788     10.70   -20.02  1.00000
  23789     10.70   -19.97  1.00000
  23790     10.70   -19.92  1.00000
  23791     10.70   -19.87  1.00000
  23792     10.70   -19.82  1.00000
  23793     10.70   -19.77  1.00000
  23794     10.70   -19.72  1.00000
  23795     10.70   -19.67  1.00000
  23796     10.70   -19.62  1.00000
  23797     10.70   -19.57  1.00000
  23798     10.70   -19.52  1.00000
  23799     10.70   -19.47  1.00000
  23800     10.70   -19.42  1.00000
  23801     10.70   -19.37  1.00000
  23802     10.70   -19.32  1.00000
  23803     10.70   -19.27  1.00000
  23804     10.70   -19.22  1.00000
  23805     10.70   -19.17  1.00000
  23806     10.70   -19.12  1.00000
  23807     10.70   -19.07  1.00000
  23808     10.70   -19.02  1.00000
  23809     10.70   -18.97  1.00000
  23810     10.70   -18.92  1.00000
  23811     10.70   -18.87  1.00000
  23812     10.70   -18.82  1.00000
  23813     10.70   -18.77  1.00000
  23814     10.70   -18.72  1.00000
  23815     10.70   -18.67  1.00000
  23816     10.70   -18.62  1.00000
  23817     10.70   -18.57  1.00000
  23818     10.70   -18.52  1.00000
  23819     10.70   -18.47  1.00000
  23820     10.70   -18.42  1.00000
  23821     10.70   -18.37  1.00000
  23822     10.70   -18.32  1.00000
  23823     10.70   -18.27  1.00000
  23824     10.70   -18.22  1.00000
  23825     10.70   -18.17  1.00000
  23826     10.70   -18.12  1.00000
  23827     10.70   -18.07  1.00000
  23828     10.70   -18.02  1.00000
  23829     10.70   -17.97  1.00000
  23830     10.70   -17.92  1.00000
  23831     10.70   -17.87  1.00000
  23832     10.70   -17.82  1.00000
  23833     10.70   -17.77  1.00000
  23834     10.70   -17.72  1.00000
  23835     10.70   -17.67  1.00000
  23836     10.70   -17.62  1.00000
  23837     10.70   -17.57  1.00000
  23838     10.70   -17.52  1.00000
  23839     10.70   -17.47  1.00000
  23840     10.70   -17.42  1.00000
  23841     10.70   -17.37  1.00000
  23842     10.70   -17.32  1.00000
  23843     10.70   -17.27  1.00000
  23844     10.70   -17.22  1.00000
  23845     10.70   -17.17  1.00000
  23846     10.70   -17.12  1.00000
  23847     10.70   -17.07  1.00000
  23848     10.70   -17.02  1.00000
  23849     10.70   -16.97  1.00000
  23850     10.70   -16.92  1.00000
  23851     10.70   -16.87  1.00000
  23852     10.70   -16.82  1.00000
  23853     10.70   -16.77  1.00000
  23854     10.70   -16.72  1.00000
  23855     10.70   -16.67  1.00000
  23856     10.70   -16.62  1.00000
  23857     10.70   -16.57  1.00000
  23858     10.70   -16.52  1.00000
  23859     10.70   -16.47  1.00000
  23860     10.70   -16.42  1.00000
  23861     10.70   -16.37  1.00000
  23862     10.70   -16.32  1.00000
  23863     10.70   -16.27  1.00000
  23864     10.70   -16.22  1.00000
  23865     10.70   -16.17  1.00000
  23866     10.70   -16.12  1.00000
  23867     10.70   -16.07  1.00000
  23868     10.70   -16.02  1.00000
  23869     10.70   -15.97  1.00000
  23870     10.70   -15.92  1.00000
  23871     10.70   -15.87  1.00000
  23872     10.70   -15.82  1.00000
  23873     10.70   -15.77  1.00000
  23874     10.70   -15.72  1.00000
  23875     10.70   -15.67  1.00000
  23876     10.70   -15.62  1.00000
  23877     10.70   -15.57  1.00000
  23878     10.70   -15.52  1.00000
  23879     10.70   -15.47  1.00000
  23880     10.70   -15.42  1.00000
  23881     10.70   -15.37  1.00000
  23882     10.75   -22.47  1.00000
  23883     10.75   -22.42  1.00000
  23884     10.75   -22.37  1.00000
  23885     10.75   -22.32  1.00000
  23886     10.75   -22.27  1.00000
  23887     10.75   -22.22  1.00000
  23888     10.75   -22.17  1.00000
  23889     10.75   -22.12  1.00000
  23890     10.75   -22.07  1.00000
  23891     10.75   -22.02  1.00000
  23892     10.75   -21.97  1.00000
  23893     10.75   -21.92  1.00000
  23894     10.75   -21.87  1.00000
  23895     10.75   -21.82  1.00000
  23896     10.75   -21.77  1.00000
  23897     10.75   -21.72  1.00000
  23898     10.75   -21.67  1.00000
  23899     10.75   -21.62  1.00000
  23900     10.75   -21.57  1.00000
  23901     10.75   -21.52  1.00000
  23902     10.75   -21.47  1.00000
  23903     10.75   -21.42  1.00000
  23904     10.75   -21.37  1.00000
  23905     10.75   -21.32  1.00000
  23906     10.75   -21.27  1.00000
  23907     10.75   -21.22  1.00000
  23908     10.75   -21.17  1.00000
  23909     10.75   -21.12  1.00000
  23910     10.75   -21.07  1.00000
  23911     10.75   -21.02  1.00000
  23912     10.75   -20.97  1.00000
  23913     10.75   -20.92  1.00000
  23914     10.75   -20.87  1.00000
  23915     10.75   -20.82  1.00000
  23916     10.75   -20.77  1.00000
  23917     10.75   -20.72  1.00000
  23918     10.75   -20.67  1.00000
  23919     10.75   -20.62  1.00000
  23920     10.75   -20.57  1.00000
  23921     10.75   -20.52  1.00000
  23922     10.75   -20.47  1.00000
  23923     10.75   -20.42  1.00000
  23924     10.75   -20.37  1.00000
  23925     10.75   -20.32  1.00000
  23926     10.75   -20.27  1.00000
  23927     10.75   -20.22  1.00000
  23928     10.75   -20.17  1.00000
  23929     10.75   -20.12  1.00000
  23930     10.75   -20.07  1.00000
  23931     10.75   -20.02  1.00000
  23932     10.75   -19.97  1.00000
  23933     10.75   -19.92  1.00000
  23934     10.75   -19.87  1.00000
  23935     10.75   -19.82  1.00000
  23936     10.75   -19.77  1.00000
  23937     10.75   -19.72  1.00000
  23938     10.75   -19.67  1.00000
  23939     10.75   -19.62  1.00000
  23940     10.75   -19.57  1.00000
  23941     10.75   -19.52  1.00000
  23942     10.75   -19.47  1.00000
  23943     10.75   -19.42  1.00000
  23944     10.75   -19.37  1.00000
  23945     10.75   -19.32  1.00000
  23946     10.75   -19.27  1.00000
  23947     10.75   -19.22  1.00000
  23948     10.75   -19.17  1.00000
  23949     10.75   -19.12  1.00000
  23950     10.75   -19.07  1.00000
  23951     10.75   -19.02  1.00000
  23952     10.75   -18.97  1.00000
  23953     10.75   -18.92  1.00000
  23954     10.75   -18.87  1.00000
  23955     10.75   -18.82  1.00000
  23956     10.75   -18.77  1.00000
  23957     10.75   -18.72  1.00000
  23958     10.75   -18.67  1.00000
  23959     10.75   -18.62  1.00000
  23960     10.75   -18.57  1.00000
  23961     10.75   -18.52  1.00000
  23962     10.75   -18.47  1.00000
  23963     10.75   -18.42  1.00000
  23964     10.75   -18.37  1.00000
  23965     10.75   -18.32  1.00000
  23966     10.75   -18.27  1.00000
  23967     10.75   -18.22  1.00000
  23968     10.75   -18.17  1.00000
  23969     10.75   -18.12  1.00000
  23970     10.75   -18.07  1.00000
  23971     10.75   -18.02  1.00000
  23972     10.75   -17.97  1.00000
  23973     10.75   -17.92  1.00000
  23974     10.75   -17.87  1.00000
  23975     10.75   -17.82  1.00000
  23976     10.75   -17.77  1.00000
  23977     10.75   -17.72  1.00000
  23978     10.75   -17.67  1.00000
  23979     10.75   -17.62  1.00000
  23980     10.75   -17.57  1.00000
  23981     10.75   -17.52  1.00000
  23982     10.75   -17.47  1.00000
  23983     10.75   -17.42  1.00000
  23984     10.75   -17.37  1.00000
  23985     10.75   -17.32  1.00000
  23986     10.75   -17.27  1.00000
  23987     10.75   -17.22  1.00000
  23988     10.75   -17.17  1.00000
  23989     10.75   -17.12  1.00000
  23990     10.75   -17.07  1.00000
  23991     10.75   -17.02  1.00000
  23992     10.75   -16.97  1.00000
  23993     10.75   -16.92  1.00000
  23994     10.75   -16.87  1.00000
  23995     10.75   -16.82  1.00000
  23996     10.75   -16.77  1.00000
  23997     10.75   -16.72  1.00000
  23998     10.75   -16.67  1.00000
  23999     10.75   -16.62  1.00000
  24000     10.75   -16.57  1.00000
  24001     10.75   -16.52  1.00000
  24002     10.75   -16.47  1.00000
  24003     10.75   -16.42  1.00000
  24004     10.75   -16.37  1.00000
  24005     10.75   -16.32  1.00000
  24006     10.75   -16.27  1.00000
  24007     10.75   -16.22  1.00000
  24008     10.75   -16.17  1.00000
  24009     10.75   -16.12  1.00000
  24010     10.75   -16.07  1.00000
  24011     10.75   -16.02  1.00000
  24012     10.75   -15.97  1.00000
  24013     10.75   -15.92  1.00000
  24014     10.75   -15.87  1.00000
  24015     10.75   -15.82  1.00000
  24016     10.75   -15.77  1.00000
  24017     10.75   -15.72  1.00000
  24018     10.75   -15.67  1.00000
  24019     10.75   -15.62  1.00000
  24020     10.75   -15.57  1.00000
  24021     10.75   -15.52  1.00000
  24022     10.75   -15.47  1.00000
  24023     10.75   -15.42  1.00000
  24024     10.75   -15.37  1.00000
  24025     10.80   -22.47  1.00000
  24026     10.80   -22.42  1.00000
  24027     10.80   -22.37  1.00000
  24028     10.80   -22.32  1.00000
  24029     10.80   -22.27  1.00000
  24030     10.80   -22.22  1.00000
  24031     10.80   -22.17  1.00000
  24032     10.80   -22.12  1.00000
  24033     10.80   -22.07  1.00000
  24034     10.80   -22.02  1.00000
  24035     10.80   -21.97  1.00000
  24036     10.80   -21.92  1.00000
  24037     10.80   -21.87  1.00000
  24038     10.80   -21.82  1.00000
  24039     10.80   -21.77  1.00000
  24040     10.80   -21.72  1.00000
  24041     10.80   -21.67  1.00000
  24042     10.80   -21.62  1.00000
  24043     10.80   -21.57  1.00000
  24044     10.80   -21.52  1.00000
  24045     10.80   -21.47  1.00000
  24046     10.80   -21.42  1.00000
  24047     10.80   -21.37  1.00000
  24048     10.80   -21.32  1.00000
  24049     10.80   -21.27  1.00000
  24050     10.80   -21.22  1.00000
  24051     10.80   -21.17  1.00000
  24052     10.80   -21.12  1.00000
  24053     10.80   -21.07  1.00000
  24054     10.80   -21.02  1.00000
  24055     10.80   -20.97  1.00000
  24056     10.80   -20.92  1.00000
  24057     10.80   -20.87  1.00000
  24058     10.80   -20.82  1.00000
  24059     10.80   -20.77  1.00000
  24060     10.80   -20.72  1.00000
  24061     10.80   -20.67  1.00000
  24062     10.80   -20.62  1.00000
  24063     10.80   -20.57  1.00000
  24064     10.80   -20.52  1.00000
  24065     10.80   -20.47  1.00000
  24066     10.80   -20.42  1.00000
  24067     10.80   -20.37  1.00000
  24068     10.80   -20.32  1.00000
  24069     10.80   -20.27  1.00000
  24070     10.80   -20.22  1.00000
  24071     10.80   -20.17  1.00000
  24072     10.80   -20.12  1.00000
  24073     10.80   -20.07  1.00000
  24074     10.80   -20.02  1.00000
  24075     10.80   -19.97  1.00000
  24076     10.80   -19.92  1.00000
  24077     10.80   -19.87  1.00000
  24078     10.80   -19.82  1.00000
  24079     10.80   -19.77  1.00000
  24080     10.80   -19.72  1.00000
  24081     10.80   -19.67  1.00000
  24082     10.80   -19.62  1.00000
  24083     10.80   -19.57  1.00000
  24084     10.80   -19.52  1.00000
  24085     10.80   -19.47  1.00000
  24086     10.80   -19.42  1.00000
  24087     10.80   -19.37  1.00000
  24088     10.80   -19.32  1.00000
  24089     10.80   -19.27  1.00000
  24090     10.80   -19.22  1.00000
  24091     10.80   -19.17  1.00000
  24092     10.80   -19.12  1.00000
  24093     10.80   -19.07  1.00000
  24094     10.80   -19.02  1.00000
  24095     10.80   -18.97  1.00000
  24096     10.80   -18.92  1.00000
  24097     10.80   -18.87  1.00000
  24098     10.80   -18.82  1.00000
  24099     10.80   -18.77  1.00000
  24100     10.80   -18.72  1.00000
  24101     10.80   -18.67  1.00000
  24102     10.80   -18.62  1.00000
  24103     10.80   -18.57  1.00000
  24104     10.80   -18.52  1.00000
  24105     10.80   -18.47  1.00000
  24106     10.80   -18.42  1.00000
  24107     10.80   -18.37  1.00000
  24108     10.80   -18.32  1.00000
  24109     10.80   -18.27  1.00000
  24110     10.80   -18.22  1.00000
  24111     10.80   -18.17  1.00000
  24112     10.80   -18.12  1.00000
  24113     10.80   -18.07  1.00000
  24114     10.80   -18.02  1.00000
  24115     10.80   -17.97  1.00000
  24116     10.80   -17.92  1.00000
  24117     10.80   -17.87  1.00000
  24118     10.80   -17.82  1.00000
  24119     10.80   -17.77  1.00000
  24120     10.80   -17.72  1.00000
  24121     10.80   -17.67  1.00000
  24122     10.80   -17.62  1.00000
  24123     10.80   -17.57  1.00000
  24124     10.80   -17.52  1.00000
  24125     10.80   -17.47  1.00000
  24126     10.80   -17.42  1.00000
  24127     10.80   -17.37  1.00000
  24128     10.80   -17.32  1.00000
  24129     10.80   -17.27  1.00000
  24130     10.80   -17.22  1.00000
  24131     10.80   -17.17  1.00000
  24132     10.80   -17.12  1.00000
  24133     10.80   -17.07  1.00000
  24134     10.80   -17.02  1.00000
  24135     10.80   -16.97  1.00000
  24136     10.80   -16.92  1.00000
  24137     10.80   -16.87  1.00000
  24138     10.80   -16.82  1.00000
  24139     10.80   -16.77  1.00000
  24140     10.80   -16.72  1.00000
  24141     10.80   -16.67  1.00000
  24142     10.80   -16.62  1.00000
  24143     10.80   -16.57  1.00000
  24144     10.80   -16.52  1.00000
  24145     10.80   -16.47  1.00000
  24146     10.80   -16.42  1.00000
  24147     10.80   -16.37  1.00000
  24148     10.80   -16.32  1.00000
  24149     10.80   -16.27  1.00000
  24150     10.80   -16.22  1.00000
  24151     10.80   -16.17  1.00000
  24152     10.80   -16.12  1.00000
  24153     10.80   -16.07  1.00000
  24154     10.80   -16.02  1.00000
  24155     10.80   -15.97  1.00000
  24156     10.80   -15.92  1.00000
  24157     10.80   -15.87  1.00000
  24158     10.80   -15.82  1.00000
  24159     10.80   -15.77  1.00000
  24160     10.80   -15.72  1.00000
  24161     10.80   -15.67  1.00000
  24162     10.80   -15.62  1.00000
  24163     10.80   -15.57  1.00000
  24164     10.80   -15.52  1.00000
  24165     10.80   -15.47  1.00000
  24166     10.80   -15.42  1.00000
  24167     10.80   -15.37  1.00000
  24168     10.85   -22.47  1.00000
  24169     10.85   -22.42  1.00000
  24170     10.85   -22.37  1.00000
  24171     10.85   -22.32  1.00000
  24172     10.85   -22.27  1.00000
  24173     10.85   -22.22  1.00000
  24174     10.85   -22.17  1.00000
  24175     10.85   -22.12  1.00000
  24176     10.85   -22.07  1.00000
  24177     10.85   -22.02  1.00000
  24178     10.85   -21.97  1.00000
  24179     10.85   -21.92  1.00000
  24180     10.85   -21.87  1.00000
  24181     10.85   -21.82  1.00000
  24182     10.85   -21.77  1.00000
  24183     10.85   -21.72  1.00000
  24184     10.85   -21.67  1.00000
  24185     10.85   -21.62  1.00000
  24186     10.85   -21.57  1.00000
  24187     10.85   -21.52  1.00000
  24188     10.85   -21.47  1.00000
  24189     10.85   -21.42  1.00000
  24190     10.85   -21.37  1.00000
  24191     10.85   -21.32  1.00000
  24192     10.85   -21.27  1.00000
  24193     10.85   -21.22  1.00000
  24194     10.85   -21.17  1.00000
  24195     10.85   -21.12  1.00000
  24196     10.85   -21.07  1.00000
  24197     10.85   -21.02  1.00000
  24198     10.85   -20.97  1.00000
  24199     10.85   -20.92  1.00000
  24200     10.85   -20.87  1.00000
  24201     10.85   -20.82  1.00000
  24202     10.85   -20.77  1.00000
  24203     10.85   -20.72  1.00000
  24204     10.85   -20.67  1.00000
  24205     10.85   -20.62  1.00000
  24206     10.85   -20.57  1.00000
  24207     10.85   -20.52  1.00000
  24208     10.85   -20.47  1.00000
  24209     10.85   -20.42  1.00000
  24210     10.85   -20.37  1.00000
  24211     10.85   -20.32  1.00000
  24212     10.85   -20.27  1.00000
  24213     10.85   -20.22  1.00000
  24214     10.85   -20.17  1.00000
  24215     10.85   -20.12  1.00000
  24216     10.85   -20.07  1.00000
  24217     10.85   -20.02  1.00000
  24218     10.85   -19.97  1.00000
  24219     10.85   -19.92  1.00000
  24220     10.85   -19.87  1.00000
  24221     10.85   -19.82  1.00000
  24222     10.85   -19.77  1.00000
  24223     10.85   -19.72  1.00000
  24224     10.85   -19.67  1.00000
  24225     10.85   -19.62  1.00000
  24226     10.85   -19.57  1.00000
  24227     10.85   -19.52  1.00000
  24228     10.85   -19.47  1.00000
  24229     10.85   -19.42  1.00000
  24230     10.85   -19.37  1.00000
  24231     10.85   -19.32  1.00000
  24232     10.85   -19.27  1.00000
  24233     10.85   -19.22  1.00000
  24234     10.85   -19.17  1.00000
  24235     10.85   -19.12  1.00000
  24236     10.85   -19.07  1.00000
  24237     10.85   -19.02  1.00000
  24238     10.85   -18.97  1.00000
  24239     10.85   -18.92  1.00000
  24240     10.85   -18.87  1.00000
  24241     10.85   -18.82  1.00000
  24242     10.85   -18.77  1.00000
  24243     10.85   -18.72  1.00000
  24244     10.85   -18.67  1.00000
  24245     10.85   -18.62  1.00000
  24246     10.85   -18.57  1.00000
  24247     10.85   -18.52  1.00000
  24248     10.85   -18.47  1.00000
  24249     10.85   -18.42  1.00000
  24250     10.85   -18.37  1.00000
  24251     10.85   -18.32  1.00000
  24252     10.85   -18.27  1.00000
  24253     10.85   -18.22  1.00000
  24254     10.85   -18.17  1.00000
  24255     10.85   -18.12  1.00000
  24256     10.85   -18.07  1.00000
  24257     10.85   -18.02  1.00000
  24258     10.85   -17.97  1.00000
  24259     10.85   -17.92  1.00000
  24260     10.85   -17.87  1.00000
  24261     10.85   -17.82  1.00000
  24262     10.85   -17.77  1.00000
  24263     10.85   -17.72  1.00000
  24264     10.85   -17.67  1.00000
  24265     10.85   -17.62  1.00000
  24266     10.85   -17.57  1.00000
  24267     10.85   -17.52  1.00000
  24268     10.85   -17.47  1.00000
  24269     10.85   -17.42  1.00000
  24270     10.85   -17.37  1.00000
  24271     10.85   -17.32  1.00000
  24272     10.85   -17.27  1.00000
  24273     10.85   -17.22  1.00000
  24274     10.85   -17.17  1.00000
  24275     10.85   -17.12  1.00000
  24276     10.85   -17.07  1.00000
  24277     10.85   -17.02  1.00000
  24278     10.85   -16.97  1.00000
  24279     10.85   -16.92  1.00000
  24280     10.85   -16.87  1.00000
  24281     10.85   -16.82  1.00000
  24282     10.85   -16.77  1.00000
  24283     10.85   -16.72  1.00000
  24284     10.85   -16.67  1.00000
  24285     10.85   -16.62  1.00000
  24286     10.85   -16.57  1.00000
  24287     10.85   -16.52  1.00000
  24288     10.85   -16.47  1.00000
  24289     10.85   -16.42  1.00000
  24290     10.85   -16.37  1.00000
  24291     10.85   -16.32  1.00000
  24292     10.85   -16.27  1.00000
  24293     10.85   -16.22  1.00000
  24294     10.85   -16.17  1.00000
  24295     10.85   -16.12  1.00000
  24296     10.85   -16.07  1.00000
  24297     10.85   -16.02  1.00000
  24298     10.85   -15.97  1.00000
  24299     10.85   -15.92  1.00000
  24300     10.85   -15.87  1.00000
  24301     10.85   -15.82  1.00000
  24302     10.85   -15.77  1.00000
  24303     10.85   -15.72  1.00000
  24304     10.85   -15.67  1.00000
  24305     10.85   -15.62  1.00000
  24306     10.85   -15.57  1.00000
  24307     10.85   -15.52  1.00000
  24308     10.85   -15.47  1.00000
  24309     10.85   -15.42  1.00000
  24310     10.85   -15.37  1.00000
  24311     10.90   -22.47  1.00000
  24312     10.90   -22.42  1.00000
  24313     10.90   -22.37  1.00000
  24314     10.90   -22.32  1.00000
  24315     10.90   -22.27  1.00000
  24316     10.90   -22.22  1.00000
  24317     10.90   -22.17  1.00000
  24318     10.90   -22.12  1.00000
  24319     10.90   -22.07  1.00000
  24320     10.90   -22.02  1.00000
  24321     10.90   -21.97  1.00000
  24322     10.90   -21.92  1.00000
  24323     10.90   -21.87  1.00000
  24324     10.90   -21.82  1.00000
  24325     10.90   -21.77  1.00000
  24326     10.90   -21.72  1.00000
  24327     10.90   -21.67  1.00000
  24328     10.90   -21.62  1.00000
  24329     10.90   -21.57  1.00000
  24330     10.90   -21.52  1.00000
  24331     10.90   -21.47  1.00000
  24332     10.90   -21.42  1.00000
  24333     10.90   -21.37  1.00000
  24334     10.90   -21.32  1.00000
  24335     10.90   -21.27  1.00000
  24336     10.90   -21.22  1.00000
  24337     10.90   -21.17  1.00000
  24338     10.90   -21.12  1.00000
  24339     10.90   -21.07  1.00000
  24340     10.90   -21.02  1.00000
  24341     10.90   -20.97  1.00000
  24342     10.90   -20.92  1.00000
  24343     10.90   -20.87  1.00000
  24344     10.90   -20.82  1.00000
  24345     10.90   -20.77  1.00000
  24346     10.90   -20.72  1.00000
  24347     10.90   -20.67  1.00000
  24348     10.90   -20.62  1.00000
  24349     10.90   -20.57  1.00000
  24350     10.90   -20.52  1.00000
  24351     10.90   -20.47  1.00000
  24352     10.90   -20.42  1.00000
  24353     10.90   -20.37  1.00000
  24354     10.90   -20.32  1.00000
  24355     10.90   -20.27  1.00000
  24356     10.90   -20.22  1.00000
  24357     10.90   -20.17  1.00000
  24358     10.90   -20.12  1.00000
  24359     10.90   -20.07  1.00000
  24360     10.90   -20.02  1.00000
  24361     10.90   -19.97  1.00000
  24362     10.90   -19.92  1.00000
  24363     10.90   -19.87  1.00000
  24364     10.90   -19.82  1.00000
  24365     10.90   -19.77  1.00000
  24366     10.90   -19.72  1.00000
  24367     10.90   -19.67  1.00000
  24368     10.90   -19.62  1.00000
  24369     10.90   -19.57  1.00000
  24370     10.90   -19.52  1.00000
  24371     10.90   -19.47  1.00000
  24372     10.90   -19.42  1.00000
  24373     10.90   -19.37  1.00000
  24374     10.90   -19.32  1.00000
  24375     10.90   -19.27  1.00000
  24376     10.90   -19.22  1.00000
  24377     10.90   -19.17  1.00000
  24378     10.90   -19.12  1.00000
  24379     10.90   -19.07  1.00000
  24380     10.90   -19.02  1.00000
  24381     10.90   -18.97  1.00000
  24382     10.90   -18.92  1.00000
  24383     10.90   -18.87  1.00000
  24384     10.90   -18.82  1.00000
  24385     10.90   -18.77  1.00000
  24386     10.90   -18.72  1.00000
  24387     10.90   -18.67  1.00000
  24388     10.90   -18.62  1.00000
  24389     10.90   -18.57  1.00000
  24390     10.90   -18.52  1.00000
  24391     10.90   -18.47  1.00000
  24392     10.90   -18.42  1.00000
  24393     10.90   -18.37  1.00000
  24394     10.90   -18.32  1.00000
  24395     10.90   -18.27  1.00000
  24396     10.90   -18.22  1.00000
  24397     10.90   -18.17  1.00000
  24398     10.90   -18.12  1.00000
  24399     10.90   -18.07  1.00000
  24400     10.90   -18.02  1.00000
  24401     10.90   -17.97  1.00000
  24402     10.90   -17.92  1.00000
  24403     10.90   -17.87  1.00000
  24404     10.90   -17.82  1.00000
  24405     10.90   -17.77  1.00000
  24406     10.90   -17.72  1.00000
  24407     10.90   -17.67  1.00000
  24408     10.90   -17.62  1.00000
  24409     10.90   -17.57  1.00000
  24410     10.90   -17.52  1.00000
  24411     10.90   -17.47  1.00000
  24412     10.90   -17.42  1.00000
  24413     10.90   -17.37  1.00000
  24414     10.90   -17.32  1.00000
  24415     10.90   -17.27  1.00000
  24416     10.90   -17.22  1.00000
  24417     10.90   -17.17  1.00000
  24418     10.90   -17.12  1.00000
  24419     10.90   -17.07  1.00000
  24420     10.90   -17.02  1.00000
  24421     10.90   -16.97  1.00000
  24422     10.90   -16.92  1.00000
  24423     10.90   -16.87  1.00000
  24424     10.90   -16.82  1.00000
  24425     10.90   -16.77  1.00000
  24426     10.90   -16.72  1.00000
  24427     10.90   -16.67  1.00000
  24428     10.90   -16.62  1.00000
  24429     10.90   -16.57  1.00000
  24430     10.90   -16.52  1.00000
  24431     10.90   -16.47  1.00000
  24432     10.90   -16.42  1.00000
  24433     10.90   -16.37  1.00000
  24434     10.90   -16.32  1.00000
  24435     10.90   -16.27  1.00000
  24436     10.90   -16.22  1.00000
  24437     10.90   -16.17  1.00000
  24438     10.90   -16.12  1.00000
  24439     10.90   -16.07  1.00000
  24440     10.90   -16.02  1.00000
  24441     10.90   -15.97  1.00000
  24442     10.90   -15.92  1.00000
  24443     10.90   -15.87  1.00000
  24444     10.90   -15.82  1.00000
  24445     10.90   -15.77  1.00000
  24446     10.90   -15.72  1.00000
  24447     10.90   -15.67  1.00000
  24448     10.90   -15.62  1.00000
  24449     10.90   -15.57  1.00000
  24450     10.90   -15.52  1.00000
  24451     10.90   -15.47  1.00000
  24452     10.90   -15.42  1.00000
  24453     10.90   -15.37  1.00000
  24454     10.95   -22.47  1.00000
  24455     10.95   -22.42  1.00000
  24456     10.95   -22.37  1.00000
  24457     10.95   -22.32  1.00000
  24458     10.95   -22.27  1.00000
  24459     10.95   -22.22  1.00000
  24460     10.95   -22.17  1.00000
  24461     10.95   -22.12  1.00000
  24462     10.95   -22.07  1.00000
  24463     10.95   -22.02  1.00000
  24464     10.95   -21.97  1.00000
  24465     10.95   -21.92  1.00000
  24466     10.95   -21.87  1.00000
  24467     10.95   -21.82  1.00000
  24468     10.95   -21.77  1.00000
  24469     10.95   -21.72  1.00000
  24470     10.95   -21.67  1.00000
  24471     10.95   -21.62  1.00000
  24472     10.95   -21.57  1.00000
  24473     10.95   -21.52  1.00000
  24474     10.95   -21.47  1.00000
  24475     10.95   -21.42  1.00000
  24476     10.95   -21.37  1.00000
  24477     10.95   -21.32  1.00000
  24478     10.95   -21.27  1.00000
  24479     10.95   -21.22  1.00000
  24480     10.95   -21.17  1.00000
  24481     10.95   -21.12  1.00000
  24482     10.95   -21.07  1.00000
  24483     10.95   -21.02  1.00000
  24484     10.95   -20.97  1.00000
  24485     10.95   -20.92  1.00000
  24486     10.95   -20.87  1.00000
  24487     10.95   -20.82  1.00000
  24488     10.95   -20.77  1.00000
  24489     10.95   -20.72  1.00000
  24490     10.95   -20.67  1.00000
  24491     10.95   -20.62  1.00000
  24492     10.95   -20.57  1.00000
  24493     10.95   -20.52  1.00000
  24494     10.95   -20.47  1.00000
  24495     10.95   -20.42  1.00000
  24496     10.95   -20.37  1.00000
  24497     10.95   -20.32  1.00000
  24498     10.95   -20.27  1.00000
  24499     10.95   -20.22  1.00000
  24500     10.95   -20.17  1.00000
  24501     10.95   -20.12  1.00000
  24502     10.95   -20.07  1.00000
  24503     10.95   -20.02  1.00000
  24504     10.95   -19.97  1.00000
  24505     10.95   -19.92  1.00000
  24506     10.95   -19.87  1.00000
  24507     10.95   -19.82  1.00000
  24508     10.95   -19.77  1.00000
  24509     10.95   -19.72  1.00000
  24510     10.95   -19.67  1.00000
  24511     10.95   -19.62  1.00000
  24512     10.95   -19.57  1.00000
  24513     10.95   -19.52  1.00000
  24514     10.95   -19.47  1.00000
  24515     10.95   -19.42  1.00000
  24516     10.95   -19.37  1.00000
  24517     10.95   -19.32  1.00000
  24518     10.95   -19.27  1.00000
  24519     10.95   -19.22  1.00000
  24520     10.95   -19.17  1.00000
  24521     10.95   -19.12  1.00000
  24522     10.95   -19.07  1.00000
  24523     10.95   -19.02  1.00000
  24524     10.95   -18.97  1.00000
  24525     10.95   -18.92  1.00000
  24526     10.95   -18.87  1.00000
  24527     10.95   -18.82  1.00000
  24528     10.95   -18.77  1.00000
  24529     10.95   -18.72  1.00000
  24530     10.95   -18.67  1.00000
  24531     10.95   -18.62  1.00000
  24532     10.95   -18.57  1.00000
  24533     10.95   -18.52  1.00000
  24534     10.95   -18.47  1.00000
  24535     10.95   -18.42  1.00000
  24536     10.95   -18.37  1.00000
  24537     10.95   -18.32  1.00000
  24538     10.95   -18.27  1.00000
  24539     10.95   -18.22  1.00000
  24540     10.95   -18.17  1.00000
  24541     10.95   -18.12  1.00000
  24542     10.95   -18.07  1.00000
  24543     10.95   -18.02  1.00000
  24544     10.95   -17.97  1.00000
  24545     10.95   -17.92  1.00000
  24546     10.95   -17.87  1.00000
  24547     10.95   -17.82  1.00000
  24548     10.95   -17.77  1.00000
  24549     10.95   -17.72  1.00000
  24550     10.95   -17.67  1.00000
  24551     10.95   -17.62  1.00000
  24552     10.95   -17.57  1.00000
  24553     10.95   -17.52  1.00000
  24554     10.95   -17.47  1.00000
  24555     10.95   -17.42  1.00000
  24556     10.95   -17.37  1.00000
  24557     10.95   -17.32  1.00000
  24558     10.95   -17.27  1.00000
  24559     10.95   -17.22  1.00000
  24560     10.95   -17.17  1.00000
  24561     10.95   -17.12  1.00000
  24562     10.95   -17.07  1.00000
  24563     10.95   -17.02  1.00000
  24564     10.95   -16.97  1.00000
  24565     10.95   -16.92  1.00000
  24566     10.95   -16.87  1.00000
  24567     10.95   -16.82  1.00000
  24568     10.95   -16.77  1.00000
  24569     10.95   -16.72  1.00000
  24570     10.95   -16.67  1.00000
  24571     10.95   -16.62  1.00000
  24572     10.95   -16.57  1.00000
  24573     10.95   -16.52  1.00000
  24574     10.95   -16.47  1.00000
  24575     10.95   -16.42  1.00000
  24576     10.95   -16.37  1.00000
  24577     10.95   -16.32  1.00000
  24578     10.95   -16.27  1.00000
  24579     10.95   -16.22  1.00000
  24580     10.95   -16.17  1.00000
  24581     10.95   -16.12  1.00000
  24582     10.95   -16.07  1.00000
  24583     10.95   -16.02  1.00000
  24584     10.95   -15.97  1.00000
  24585     10.95   -15.92  1.00000
  24586     10.95   -15.87  1.00000
  24587     10.95   -15.82  1.00000
  24588     10.95   -15.77  1.00000
  24589     10.95   -15.72  1.00000
  24590     10.95   -15.67  1.00000
  24591     10.95   -15.62  1.00000
  24592     10.95   -15.57  1.00000
  24593     10.95   -15.52  1.00000
  24594     10.95   -15.47  1.00000
  24595     10.95   -15.42  1.00000
  24596     10.95   -15.37  1.00000
  24597     11.00   -22.47  1.00000
  24598     11.00   -22.42  1.00000
  24599     11.00   -22.37  1.00000
  24600     11.00   -22.32  1.00000
  24601     11.00   -22.27  1.00000
  24602     11.00   -22.22  1.00000
  24603     11.00   -22.17  1.00000
  24604     11.00   -22.12  1.00000
  24605     11.00   -22.07  1.00000
  24606     11.00   -22.02  1.00000
  24607     11.00   -21.97  1.00000
  24608     11.00   -21.92  1.00000
  24609     11.00   -21.87  1.00000
  24610     11.00   -21.82  1.00000
  24611     11.00   -21.77  1.00000
  24612     11.00   -21.72  1.00000
  24613     11.00   -21.67  1.00000
  24614     11.00   -21.62  1.00000
  24615     11.00   -21.57  1.00000
  24616     11.00   -21.52  1.00000
  24617     11.00   -21.47  1.00000
  24618     11.00   -21.42  1.00000
  24619     11.00   -21.37  1.00000
  24620     11.00   -21.32  1.00000
  24621     11.00   -21.27  1.00000
  24622     11.00   -21.22  1.00000
  24623     11.00   -21.17  1.00000
  24624     11.00   -21.12  1.00000
  24625     11.00   -21.07  1.00000
  24626     11.00   -21.02  1.00000
  24627     11.00   -20.97  1.00000
  24628     11.00   -20.92  1.00000
  24629     11.00   -20.87  1.00000
  24630     11.00   -20.82  1.00000
  24631     11.00   -20.77  1.00000
  24632     11.00   -20.72  1.00000
  24633     11.00   -20.67  1.00000
  24634     11.00   -20.62  1.00000
  24635     11.00   -20.57  1.00000
  24636     11.00   -20.52  1.00000
  24637     11.00   -20.47  1.00000
  24638     11.00   -20.42  1.00000
  24639     11.00   -20.37  1.00000
  24640     11.00   -20.32  1.00000
  24641     11.00   -20.27  1.00000
  24642     11.00   -20.22  1.00000
  24643     11.00   -20.17  1.00000
  24644     11.00   -20.12  1.00000
  24645     11.00   -20.07  1.00000
  24646     11.00   -20.02  1.00000
  24647     11.00   -19.97  1.00000
  24648     11.00   -19.92  1.00000
  24649     11.00   -19.87  1.00000
  24650     11.00   -19.82  1.00000
  24651     11.00   -19.77  1.00000
  24652     11.00   -19.72  1.00000
  24653     11.00   -19.67  1.00000
  24654     11.00   -19.62  1.00000
  24655     11.00   -19.57  1.00000
  24656     11.00   -19.52  1.00000
  24657     11.00   -19.47  1.00000
  24658     11.00   -19.42  1.00000
  24659     11.00   -19.37  1.00000
  24660     11.00   -19.32  1.00000
  24661     11.00   -19.27  1.00000
  24662     11.00   -19.22  1.00000
  24663     11.00   -19.17  1.00000
  24664     11.00   -19.12  1.00000
  24665     11.00   -19.07  1.00000
  24666     11.00   -19.02  1.00000
  24667     11.00   -18.97  1.00000
  24668     11.00   -18.92  1.00000
  24669     11.00   -18.87  1.00000
  24670     11.00   -18.82  1.00000
  24671     11.00   -18.77  1.00000
  24672     11.00   -18.72  1.00000
  24673     11.00   -18.67  1.00000
  24674     11.00   -18.62  1.00000
  24675     11.00   -18.57  1.00000
  24676     11.00   -18.52  1.00000
  24677     11.00   -18.47  1.00000
  24678     11.00   -18.42  1.00000
  24679     11.00   -18.37  1.00000
  24680     11.00   -18.32  1.00000
  24681     11.00   -18.27  1.00000
  24682     11.00   -18.22  1.00000
  24683     11.00   -18.17  1.00000
  24684     11.00   -18.12  1.00000
  24685     11.00   -18.07  1.00000
  24686     11.00   -18.02  1.00000
  24687     11.00   -17.97  1.00000
  24688     11.00   -17.92  1.00000
  24689     11.00   -17.87  1.00000
  24690     11.00   -17.82  1.00000
  24691     11.00   -17.77  1.00000
  24692     11.00   -17.72  1.00000
  24693     11.00   -17.67  1.00000
  24694     11.00   -17.62  1.00000
  24695     11.00   -17.57  1.00000
  24696     11.00   -17.52  1.00000
  24697     11.00   -17.47  1.00000
  24698     11.00   -17.42  1.00000
  24699     11.00   -17.37  1.00000
  24700     11.00   -17.32  1.00000
  24701     11.00   -17.27  1.00000
  24702     11.00   -17.22  1.00000
  24703     11.00   -17.17  1.00000
  24704     11.00   -17.12  1.00000
  24705     11.00   -17.07  1.00000
  24706     11.00   -17.02  1.00000
  24707     11.00   -16.97  1.00000
  24708     11.00   -16.92  1.00000
  24709     11.00   -16.87  1.00000
  24710     11.00   -16.82  1.00000
  24711     11.00   -16.77  1.00000
  24712     11.00   -16.72  1.00000
  24713     11.00   -16.67  1.00000
  24714     11.00   -16.62  1.00000
  24715     11.00   -16.57  1.00000
  24716     11.00   -16.52  1.00000
  24717     11.00   -16.47  1.00000
  24718     11.00   -16.42  1.00000
  24719     11.00   -16.37  1.00000
  24720     11.00   -16.32  1.00000
  24721     11.00   -16.27  1.00000
  24722     11.00   -16.22  1.00000
  24723     11.00   -16.17  1.00000
  24724     11.00   -16.12  1.00000
  24725     11.00   -16.07  1.00000
  24726     11.00   -16.02  1.00000
  24727     11.00   -15.97  1.00000
  24728     11.00   -15.92  1.00000
  24729     11.00   -15.87  1.00000
  24730     11.00   -15.82  1.00000
  24731     11.00   -15.77  1.00000
  24732     11.00   -15.72  1.00000
  24733     11.00   -15.67  1.00000
  24734     11.00   -15.62  1.00000
  24735     11.00   -15.57  1.00000
  24736     11.00   -15.52  1.00000
  24737     11.00   -15.47  1.00000
  24738     11.00   -15.42  1.00000
  24739     11.00   -15.37  1.00000
  24740     11.05   -22.47  1.00000
  24741     11.05   -22.42  1.00000
  24742     11.05   -22.37  1.00000
  24743     11.05   -22.32  1.00000
  24744     11.05   -22.27  1.00000
  24745     11.05   -22.22  1.00000
  24746     11.05   -22.17  1.00000
  24747     11.05   -22.12  1.00000
  24748     11.05   -22.07  1.00000
  24749     11.05   -22.02  1.00000
  24750     11.05   -21.97  1.00000
  24751     11.05   -21.92  1.00000
  24752     11.05   -21.87  1.00000
  24753     11.05   -21.82  1.00000
  24754     11.05   -21.77  1.00000
  24755     11.05   -21.72  1.00000
  24756     11.05   -21.67  1.00000
  24757     11.05   -21.62  1.00000
  24758     11.05   -21.57  1.00000
  24759     11.05   -21.52  1.00000
  24760     11.05   -21.47  1.00000
  24761     11.05   -21.42  1.00000
  24762     11.05   -21.37  1.00000
  24763     11.05   -21.32  1.00000
  24764     11.05   -21.27  1.00000
  24765     11.05   -21.22  1.00000
  24766     11.05   -21.17  1.00000
  24767     11.05   -21.12  1.00000
  24768     11.05   -21.07  1.00000
  24769     11.05   -21.02  1.00000
  24770     11.05   -20.97  1.00000
  24771     11.05   -20.92  1.00000
  24772     11.05   -20.87  1.00000
  24773     11.05   -20.82  1.00000
  24774     11.05   -20.77  1.00000
  24775     11.05   -20.72  1.00000
  24776     11.05   -20.67  1.00000
  24777     11.05   -20.62  1.00000
  24778     11.05   -20.57  1.00000
  24779     11.05   -20.52  1.00000
  24780     11.05   -20.47  1.00000
  24781     11.05   -20.42  1.00000
  24782     11.05   -20.37  1.00000
  24783     11.05   -20.32  1.00000
  24784     11.05   -20.27  1.00000
  24785     11.05   -20.22  1.00000
  24786     11.05   -20.17  1.00000
  24787     11.05   -20.12  1.00000
  24788     11.05   -20.07  1.00000
  24789     11.05   -20.02  1.00000
  24790     11.05   -19.97  1.00000
  24791     11.05   -19.92  1.00000
  24792     11.05   -19.87  1.00000
  24793     11.05   -19.82  1.00000
  24794     11.05   -19.77  1.00000
  24795     11.05   -19.72  1.00000
  24796     11.05   -19.67  1.00000
  24797     11.05   -19.62  1.00000
  24798     11.05   -19.57  1.00000
  24799     11.05   -19.52  1.00000
  24800     11.05   -19.47  1.00000
  24801     11.05   -19.42  1.00000
  24802     11.05   -19.37  1.00000
  24803     11.05   -19.32  1.00000
  24804     11.05   -19.27  1.00000
  24805     11.05   -19.22  1.00000
  24806     11.05   -19.17  1.00000
  24807     11.05   -19.12  1.00000
  24808     11.05   -19.07  1.00000
  24809     11.05   -19.02  1.00000
  24810     11.05   -18.97  1.00000
  24811     11.05   -18.92  1.00000
  24812     11.05   -18.87  1.00000
  24813     11.05   -18.82  1.00000
  24814     11.05   -18.77  1.00000
  24815     11.05   -18.72  1.00000
  24816     11.05   -18.67  1.00000
  24817     11.05   -18.62  1.00000
  24818     11.05   -18.57  1.00000
  24819     11.05   -18.52  1.00000
  24820     11.05   -18.47  1.00000
  24821     11.05   -18.42  1.00000
  24822     11.05   -18.37  1.00000
  24823     11.05   -18.32  1.00000
  24824     11.05   -18.27  1.00000
  24825     11.05   -18.22  1.00000
  24826     11.05   -18.17  1.00000
  24827     11.05   -18.12  1.00000
  24828     11.05   -18.07  1.00000
  24829     11.05   -18.02  1.00000
  24830     11.05   -17.97  1.00000
  24831     11.05   -17.92  1.00000
  24832     11.05   -17.87  1.00000
  24833     11.05   -17.82  1.00000
  24834     11.05   -17.77  1.00000
  24835     11.05   -17.72  1.00000
  24836     11.05   -17.67  1.00000
  24837     11.05   -17.62  1.00000
  24838     11.05   -17.57  1.00000
  24839     11.05   -17.52  1.00000
  24840     11.05   -17.47  1.00000
  24841     11.05   -17.42  1.00000
  24842     11.05   -17.37  1.00000
  24843     11.05   -17.32  1.00000
  24844     11.05   -17.27  1.00000
  24845     11.05   -17.22  1.00000
  24846     11.05   -17.17  1.00000
  24847     11.05   -17.12  1.00000
  24848     11.05   -17.07  1.00000
  24849     11.05   -17.02  1.00000
  24850     11.05   -16.97  1.00000
  24851     11.05   -16.92  1.00000
  24852     11.05   -16.87  1.00000
  24853     11.05   -16.82  1.00000
  24854     11.05   -16.77  1.00000
  24855     11.05   -16.72  1.00000
  24856     11.05   -16.67  1.00000
  24857     11.05   -16.62  1.00000
  24858     11.05   -16.57  1.00000
  24859     11.05   -16.52  1.00000
  24860     11.05   -16.47  1.00000
  24861     11.05   -16.42  1.00000
  24862     11.05   -16.37  1.00000
  24863     11.05   -16.32  1.00000
  24864     11.05   -16.27  1.00000
  24865     11.05   -16.22  1.00000
  24866     11.05   -16.17  1.00000
  24867     11.05   -16.12  1.00000
  24868     11.05   -16.07  1.00000
  24869     11.05   -16.02  1.00000
  24870     11.05   -15.97  1.00000
  24871     11.05   -15.92  1.00000
  24872     11.05   -15.87  1.00000
  24873     11.05   -15.82  1.00000
  24874     11.05   -15.77  1.00000
  24875     11.05   -15.72  1.00000
  24876     11.05   -15.67  1.00000
  24877     11.05   -15.62  1.00000
  24878     11.05   -15.57  1.00000
  24879     11.05   -15.52  1.00000
  24880     11.05   -15.47  1.00000
  24881     11.05   -15.42  1.00000
  24882     11.05   -15.37  1.00000
  24883     11.10   -22.47  1.00000
  24884     11.10   -22.42  1.00000
  24885     11.10   -22.37  1.00000
  24886     11.10   -22.32  1.00000
  24887     11.10   -22.27  1.00000
  24888     11.10   -22.22  1.00000
  24889     11.10   -22.17  1.00000
  24890     11.10   -22.12  1.00000
  24891     11.10   -22.07  1.00000
  24892     11.10   -22.02  1.00000
  24893     11.10   -21.97  1.00000
  24894     11.10   -21.92  1.00000
  24895     11.10   -21.87  1.00000
  24896     11.10   -21.82  1.00000
  24897     11.10   -21.77  1.00000
  24898     11.10   -21.72  1.00000
  24899     11.10   -21.67  1.00000
  24900     11.10   -21.62  1.00000
  24901     11.10   -21.57  1.00000
  24902     11.10   -21.52  1.00000
  24903     11.10   -21.47  1.00000
  24904     11.10   -21.42  1.00000
  24905     11.10   -21.37  1.00000
  24906     11.10   -21.32  1.00000
  24907     11.10   -21.27  1.00000
  24908     11.10   -21.22  1.00000
  24909     11.10   -21.17  1.00000
  24910     11.10   -21.12  1.00000
  24911     11.10   -21.07  1.00000
  24912     11.10   -21.02  1.00000
  24913     11.10   -20.97  1.00000
  24914     11.10   -20.92  1.00000
  24915     11.10   -20.87  1.00000
  24916     11.10   -20.82  1.00000
  24917     11.10   -20.77  1.00000
  24918     11.10   -20.72  1.00000
  24919     11.10   -20.67  1.00000
  24920     11.10   -20.62  1.00000
  24921     11.10   -20.57  1.00000
  24922     11.10   -20.52  1.00000
  24923     11.10   -20.47  1.00000
  24924     11.10   -20.42  1.00000
  24925     11.10   -20.37  1.00000
  24926     11.10   -20.32  1.00000
  24927     11.10   -20.27  1.00000
  24928     11.10   -20.22  1.00000
  24929     11.10   -20.17  1.00000
  24930     11.10   -20.12  1.00000
  24931     11.10   -20.07  1.00000
  24932     11.10   -20.02  1.00000
  24933     11.10   -19.97  1.00000
  24934     11.10   -19.92  1.00000
  24935     11.10   -19.87  1.00000
  24936     11.10   -19.82  1.00000
  24937     11.10   -19.77  1.00000
  24938     11.10   -19.72  1.00000
  24939     11.10   -19.67  1.00000
  24940     11.10   -19.62  1.00000
  24941     11.10   -19.57  1.00000
  24942     11.10   -19.52  1.00000
  24943     11.10   -19.47  1.00000
  24944     11.10   -19.42  1.00000
  24945     11.10   -19.37  1.00000
  24946     11.10   -19.32  1.00000
  24947     11.10   -19.27  1.00000
  24948     11.10   -19.22  1.00000
  24949     11.10   -19.17  1.00000
  24950     11.10   -19.12  1.00000
  24951     11.10   -19.07  1.00000
  24952     11.10   -19.02  1.00000
  24953     11.10   -18.97  1.00000
  24954     11.10   -18.92  1.00000
  24955     11.10   -18.87  1.00000
  24956     11.10   -18.82  1.00000
  24957     11.10   -18.77  1.00000
  24958     11.10   -18.72  1.00000
  24959     11.10   -18.67  1.00000
  24960     11.10   -18.62  1.00000
  24961     11.10   -18.57  1.00000
  24962     11.10   -18.52  1.00000
  24963     11.10   -18.47  1.00000
  24964     11.10   -18.42  1.00000
  24965     11.10   -18.37  1.00000
  24966     11.10   -18.32  1.00000
  24967     11.10   -18.27  1.00000
  24968     11.10   -18.22  1.00000
  24969     11.10   -18.17  1.00000
  24970     11.10   -18.12  1.00000
  24971     11.10   -18.07  1.00000
  24972     11.10   -18.02  1.00000
  24973     11.10   -17.97  1.00000
  24974     11.10   -17.92  1.00000
  24975     11.10   -17.87  1.00000
  24976     11.10   -17.82  1.00000
  24977     11.10   -17.77  1.00000
  24978     11.10   -17.72  1.00000
  24979     11.10   -17.67  1.00000
  24980     11.10   -17.62  1.00000
  24981     11.10   -17.57  1.00000
  24982     11.10   -17.52  1.00000
  24983     11.10   -17.47  1.00000
  24984     11.10   -17.42  1.00000
  24985     11.10   -17.37  1.00000
  24986     11.10   -17.32  1.00000
  24987     11.10   -17.27  1.00000
  24988     11.10   -17.22  1.00000
  24989     11.10   -17.17  1.00000
  24990     11.10   -17.12  1.00000
  24991     11.10   -17.07  1.00000
  24992     11.10   -17.02  1.00000
  24993     11.10   -16.97  1.00000
  24994     11.10   -16.92  1.00000
  24995     11.10   -16.87  1.00000
  24996     11.10   -16.82  1.00000
  24997     11.10   -16.77  1.00000
  24998     11.10   -16.72  1.00000
  24999     11.10   -16.67  1.00000
  25000     11.10   -16.62  1.00000
  25001     11.10   -16.57  1.00000
  25002     11.10   -16.52  1.00000
  25003     11.10   -16.47  1.00000
  25004     11.10   -16.42  1.00000
  25005     11.10   -16.37  1.00000
  25006     11.10   -16.32  1.00000
  25007     11.10   -16.27  1.00000
  25008     11.10   -16.22  1.00000
  25009     11.10   -16.17  1.00000
  25010     11.10   -16.12  1.00000
  25011     11.10   -16.07  1.00000
  25012     11.10   -16.02  1.00000
  25013     11.10   -15.97  1.00000
  25014     11.10   -15.92  1.00000
  25015     11.10   -15.87  1.00000
  25016     11.10   -15.82  1.00000
  25017     11.10   -15.77  1.00000
  25018     11.10   -15.72  1.00000
  25019     11.10   -15.67  1.00000
  25020     11.10   -15.62  1.00000
  25021     11.10   -15.57  1.00000
  25022     11.10   -15.52  1.00000
  25023     11.10   -15.47  1.00000
  25024     11.10   -15.42  1.00000
  25025     11.10   -15.37  1.00000
  25026     11.15   -22.47  1.00000
  25027     11.15   -22.42  1.00000
  25028     11.15   -22.37  1.00000
  25029     11.15   -22.32  1.00000
  25030     11.15   -22.27  1.00000
  25031     11.15   -22.22  1.00000
  25032     11.15   -22.17  1.00000
  25033     11.15   -22.12  1.00000
  25034     11.15   -22.07  1.00000
  25035     11.15   -22.02  1.00000
  25036     11.15   -21.97  1.00000
  25037     11.15   -21.92  1.00000
  25038     11.15   -21.87  1.00000
  25039     11.15   -21.82  1.00000
  25040     11.15   -21.77  1.00000
  25041     11.15   -21.72  1.00000
  25042     11.15   -21.67  1.00000
  25043     11.15   -21.62  1.00000
  25044     11.15   -21.57  1.00000
  25045     11.15   -21.52  1.00000
  25046     11.15   -21.47  1.00000
  25047     11.15   -21.42  1.00000
  25048     11.15   -21.37  1.00000
  25049     11.15   -21.32  1.00000
  25050     11.15   -21.27  1.00000
  25051     11.15   -21.22  1.00000
  25052     11.15   -21.17  1.00000
  25053     11.15   -21.12  1.00000
  25054     11.15   -21.07  1.00000
  25055     11.15   -21.02  1.00000
  25056     11.15   -20.97  1.00000
  25057     11.15   -20.92  1.00000
  25058     11.15   -20.87  1.00000
  25059     11.15   -20.82  1.00000
  25060     11.15   -20.77  1.00000
  25061     11.15   -20.72  1.00000
  25062     11.15   -20.67  1.00000
  25063     11.15   -20.62  1.00000
  25064     11.15   -20.57  1.00000
  25065     11.15   -20.52  1.00000
  25066     11.15   -20.47  1.00000
  25067     11.15   -20.42  1.00000
  25068     11.15   -20.37  1.00000
  25069     11.15   -20.32  1.00000
  25070     11.15   -20.27  1.00000
  25071     11.15   -20.22  1.00000
  25072     11.15   -20.17  1.00000
  25073     11.15   -20.12  1.00000
  25074     11.15   -20.07  1.00000
  25075     11.15   -20.02  1.00000
  25076     11.15   -19.97  1.00000
  25077     11.15   -19.92  1.00000
  25078     11.15   -19.87  1.00000
  25079     11.15   -19.82  1.00000
  25080     11.15   -19.77  1.00000
  25081     11.15   -19.72  1.00000
  25082     11.15   -19.67  1.00000
  25083     11.15   -19.62  1.00000
  25084     11.15   -19.57  1.00000
  25085     11.15   -19.52  1.00000
  25086     11.15   -19.47  1.00000
  25087     11.15   -19.42  1.00000
  25088     11.15   -19.37  1.00000
  25089     11.15   -19.32  1.00000
  25090     11.15   -19.27  1.00000
  25091     11.15   -19.22  1.00000
  25092     11.15   -19.17  1.00000
  25093     11.15   -19.12  1.00000
  25094     11.15   -19.07  1.00000
  25095     11.15   -19.02  1.00000
  25096     11.15   -18.97  1.00000
  25097     11.15   -18.92  1.00000
  25098     11.15   -18.87  1.00000
  25099     11.15   -18.82  1.00000
  25100     11.15   -18.77  1.00000
  25101     11.15   -18.72  1.00000
  25102     11.15   -18.67  1.00000
  25103     11.15   -18.62  1.00000
  25104     11.15   -18.57  1.00000
  25105     11.15   -18.52  1.00000
  25106     11.15   -18.47  1.00000
  25107     11.15   -18.42  1.00000
  25108     11.15   -18.37  1.00000
  25109     11.15   -18.32  1.00000
  25110     11.15   -18.27  1.00000
  25111     11.15   -18.22  1.00000
  25112     11.15   -18.17  1.00000
  25113     11.15   -18.12  1.00000
  25114     11.15   -18.07  1.00000
  25115     11.15   -18.02  1.00000
  25116     11.15   -17.97  1.00000
  25117     11.15   -17.92  1.00000
  25118     11.15   -17.87  1.00000
  25119     11.15   -17.82  1.00000
  25120     11.15   -17.77  1.00000
  25121     11.15   -17.72  1.00000
  25122     11.15   -17.67  1.00000
  25123     11.15   -17.62  1.00000
  25124     11.15   -17.57  1.00000
  25125     11.15   -17.52  1.00000
  25126     11.15   -17.47  1.00000
  25127     11.15   -17.42  1.00000
  25128     11.15   -17.37  1.00000
  25129     11.15   -17.32  1.00000
  25130     11.15   -17.27  1.00000
  25131     11.15   -17.22  1.00000
  25132     11.15   -17.17  1.00000
  25133     11.15   -17.12  1.00000
  25134     11.15   -17.07  1.00000
  25135     11.15   -17.02  1.00000
  25136     11.15   -16.97  1.00000
  25137     11.15   -16.92  1.00000
  25138     11.15   -16.87  1.00000
  25139     11.15   -16.82  1.00000
  25140     11.15   -16.77  1.00000
  25141     11.15   -16.72  1.00000
  25142     11.15   -16.67  1.00000
  25143     11.15   -16.62  1.00000
  25144     11.15   -16.57  1.00000
  25145     11.15   -16.52  1.00000
  25146     11.15   -16.47  1.00000
  25147     11.15   -16.42  1.00000
  25148     11.15   -16.37  1.00000
  25149     11.15   -16.32  1.00000
  25150     11.15   -16.27  1.00000
  25151     11.15   -16.22  1.00000
  25152     11.15   -16.17  1.00000
  25153     11.15   -16.12  1.00000
  25154     11.15   -16.07  1.00000
  25155     11.15   -16.02  1.00000
  25156     11.15   -15.97  1.00000
  25157     11.15   -15.92  1.00000
  25158     11.15   -15.87  1.00000
  25159     11.15   -15.82  1.00000
  25160     11.15   -15.77  1.00000
  25161     11.15   -15.72  1.00000
  25162     11.15   -15.67  1.00000
  25163     11.15   -15.62  1.00000
  25164     11.15   -15.57  1.00000
  25165     11.15   -15.52  1.00000
  25166     11.15   -15.47  1.00000
  25167     11.15   -15.42  1.00000
  25168     11.15   -15.37  1.00000
  25169     11.20   -22.47  1.00000
  25170     11.20   -22.42  1.00000
  25171     11.20   -22.37  1.00000
  25172     11.20   -22.32  1.00000
  25173     11.20   -22.27  1.00000
  25174     11.20   -22.22  1.00000
  25175     11.20   -22.17  1.00000
  25176     11.20   -22.12  1.00000
  25177     11.20   -22.07  1.00000
  25178     11.20   -22.02  1.00000
  25179     11.20   -21.97  1.00000
  25180     11.20   -21.92  1.00000
  25181     11.20   -21.87  1.00000
  25182     11.20   -21.82  1.00000
  25183     11.20   -21.77  1.00000
  25184     11.20   -21.72  1.00000
  25185     11.20   -21.67  1.00000
  25186     11.20   -21.62  1.00000
  25187     11.20   -21.57  1.00000
  25188     11.20   -21.52  1.00000
  25189     11.20   -21.47  1.00000
  25190     11.20   -21.42  1.00000
  25191     11.20   -21.37  1.00000
  25192     11.20   -21.32  1.00000
  25193     11.20   -21.27  1.00000
  25194     11.20   -21.22  1.00000
  25195     11.20   -21.17  1.00000
  25196     11.20   -21.12  1.00000
  25197     11.20   -21.07  1.00000
  25198     11.20   -21.02  1.00000
  25199     11.20   -20.97  1.00000
  25200     11.20   -20.92  1.00000
  25201     11.20   -20.87  1.00000
  25202     11.20   -20.82  1.00000
  25203     11.20   -20.77  1.00000
  25204     11.20   -20.72  1.00000
  25205     11.20   -20.67  1.00000
  25206     11.20   -20.62  1.00000
  25207     11.20   -20.57  1.00000
  25208     11.20   -20.52  1.00000
  25209     11.20   -20.47  1.00000
  25210     11.20   -20.42  1.00000
  25211     11.20   -20.37  1.00000
  25212     11.20   -20.32  1.00000
  25213     11.20   -20.27  1.00000
  25214     11.20   -20.22  1.00000
  25215     11.20   -20.17  1.00000
  25216     11.20   -20.12  1.00000
  25217     11.20   -20.07  1.00000
  25218     11.20   -20.02  1.00000
  25219     11.20   -19.97  1.00000
  25220     11.20   -19.92  1.00000
  25221     11.20   -19.87  1.00000
  25222     11.20   -19.82  1.00000
  25223     11.20   -19.77  1.00000
  25224     11.20   -19.72  1.00000
  25225     11.20   -19.67  1.00000
  25226     11.20   -19.62  1.00000
  25227     11.20   -19.57  1.00000
  25228     11.20   -19.52  1.00000
  25229     11.20   -19.47  1.00000
  25230     11.20   -19.42  1.00000
  25231     11.20   -19.37  1.00000
  25232     11.20   -19.32  1.00000
  25233     11.20   -19.27  1.00000
  25234     11.20   -19.22  1.00000
  25235     11.20   -19.17  1.00000
  25236     11.20   -19.12  1.00000
  25237     11.20   -19.07  1.00000
  25238     11.20   -19.02  1.00000
  25239     11.20   -18.97  1.00000
  25240     11.20   -18.92  1.00000
  25241     11.20   -18.87  1.00000
  25242     11.20   -18.82  1.00000
  25243     11.20   -18.77  1.00000
  25244     11.20   -18.72  1.00000
  25245     11.20   -18.67  1.00000
  25246     11.20   -18.62  1.00000
  25247     11.20   -18.57  1.00000
  25248     11.20   -18.52  1.00000
  25249     11.20   -18.47  1.00000
  25250     11.20   -18.42  1.00000
  25251     11.20   -18.37  1.00000
  25252     11.20   -18.32  1.00000
  25253     11.20   -18.27  1.00000
  25254     11.20   -18.22  1.00000
  25255     11.20   -18.17  1.00000
  25256     11.20   -18.12  1.00000
  25257     11.20   -18.07  1.00000
  25258     11.20   -18.02  1.00000
  25259     11.20   -17.97  1.00000
  25260     11.20   -17.92  1.00000
  25261     11.20   -17.87  1.00000
  25262     11.20   -17.82  1.00000
  25263     11.20   -17.77  1.00000
  25264     11.20   -17.72  1.00000
  25265     11.20   -17.67  1.00000
  25266     11.20   -17.62  1.00000
  25267     11.20   -17.57  1.00000
  25268     11.20   -17.52  1.00000
  25269     11.20   -17.47  1.00000
  25270     11.20   -17.42  1.00000
  25271     11.20   -17.37  1.00000
  25272     11.20   -17.32  1.00000
  25273     11.20   -17.27  1.00000
  25274     11.20   -17.22  1.00000
  25275     11.20   -17.17  1.00000
  25276     11.20   -17.12  1.00000
  25277     11.20   -17.07  1.00000
  25278     11.20   -17.02  1.00000
  25279     11.20   -16.97  1.00000
  25280     11.20   -16.92  1.00000
  25281     11.20   -16.87  1.00000
  25282     11.20   -16.82  1.00000
  25283     11.20   -16.77  1.00000
  25284     11.20   -16.72  1.00000
  25285     11.20   -16.67  1.00000
  25286     11.20   -16.62  1.00000
  25287     11.20   -16.57  1.00000
  25288     11.20   -16.52  1.00000
  25289     11.20   -16.47  1.00000
  25290     11.20   -16.42  1.00000
  25291     11.20   -16.37  1.00000
  25292     11.20   -16.32  1.00000
  25293     11.20   -16.27  1.00000
  25294     11.20   -16.22  1.00000
  25295     11.20   -16.17  1.00000
  25296     11.20   -16.12  1.00000
  25297     11.20   -16.07  1.00000
  25298     11.20   -16.02  1.00000
  25299     11.20   -15.97  1.00000
  25300     11.20   -15.92  1.00000
  25301     11.20   -15.87  1.00000
  25302     11.20   -15.82  1.00000
  25303     11.20   -15.77  1.00000
  25304     11.20   -15.72  1.00000
  25305     11.20   -15.67  1.00000
  25306     11.20   -15.62  1.00000
  25307     11.20   -15.57  1.00000
  25308     11.20   -15.52  1.00000
  25309     11.20   -15.47  1.00000
  25310     11.20   -15.42  1.00000
  25311     11.20   -15.37  1.00000
