# LRD Data from Krishna from Kocevski et al
# Survey: UNCOVER
# The value or p is taken to be 1 for now
# counter   z       M1450   p
  1         2.25    -22.85  1.00000
  2         2.25    -22.80  1.00000
  3         2.25    -22.75  1.00000
  4         2.25    -22.70  1.00000
  5         2.25    -22.65  1.00000
  6         2.25    -22.60  1.00000
  7         2.25    -22.55  1.00000
  8         2.25    -22.50  1.00000
  9         2.25    -22.45  1.00000
  10        2.25    -22.40  1.00000
  11        2.25    -22.35  1.00000
  12        2.25    -22.30  1.00000
  13        2.25    -22.25  1.00000
  14        2.25    -22.20  1.00000
  15        2.25    -22.15  1.00000
  16        2.25    -22.10  1.00000
  17        2.25    -22.05  1.00000
  18        2.25    -22.00  1.00000
  19        2.25    -21.95  1.00000
  20        2.25    -21.90  1.00000
  21        2.25    -21.85  1.00000
  22        2.25    -21.80  1.00000
  23        2.25    -21.75  1.00000
  24        2.25    -21.70  1.00000
  25        2.25    -21.65  1.00000
  26        2.25    -21.60  1.00000
  27        2.25    -21.55  1.00000
  28        2.25    -21.50  1.00000
  29        2.25    -21.45  1.00000
  30        2.25    -21.40  1.00000
  31        2.25    -21.35  1.00000
  32        2.25    -21.30  1.00000
  33        2.25    -21.25  1.00000
  34        2.25    -21.20  1.00000
  35        2.25    -21.15  1.00000
  36        2.25    -21.10  1.00000
  37        2.25    -21.05  1.00000
  38        2.25    -21.00  1.00000
  39        2.25    -20.95  1.00000
  40        2.25    -20.90  1.00000
  41        2.25    -20.85  1.00000
  42        2.25    -20.80  1.00000
  43        2.25    -20.75  1.00000
  44        2.25    -20.70  1.00000
  45        2.25    -20.65  1.00000
  46        2.25    -20.60  1.00000
  47        2.25    -20.55  1.00000
  48        2.25    -20.50  1.00000
  49        2.25    -20.45  1.00000
  50        2.25    -20.40  1.00000
  51        2.25    -20.35  1.00000
  52        2.25    -20.30  1.00000
  53        2.25    -20.25  1.00000
  54        2.25    -20.20  1.00000
  55        2.25    -20.15  1.00000
  56        2.25    -20.10  1.00000
  57        2.25    -20.05  1.00000
  58        2.25    -20.00  1.00000
  59        2.25    -19.95  1.00000
  60        2.25    -19.90  1.00000
  61        2.25    -19.85  1.00000
  62        2.25    -19.80  1.00000
  63        2.25    -19.75  1.00000
  64        2.25    -19.70  1.00000
  65        2.25    -19.65  1.00000
  66        2.25    -19.60  1.00000
  67        2.25    -19.55  1.00000
  68        2.25    -19.50  1.00000
  69        2.25    -19.45  1.00000
  70        2.25    -19.40  1.00000
  71        2.25    -19.35  1.00000
  72        2.25    -19.30  1.00000
  73        2.25    -19.25  1.00000
  74        2.25    -19.20  1.00000
  75        2.25    -19.15  1.00000
  76        2.25    -19.10  1.00000
  77        2.25    -19.05  1.00000
  78        2.25    -19.00  1.00000
  79        2.25    -18.95  1.00000
  80        2.25    -18.90  1.00000
  81        2.25    -18.85  1.00000
  82        2.25    -18.80  1.00000
  83        2.25    -18.75  1.00000
  84        2.25    -18.70  1.00000
  85        2.25    -18.65  1.00000
  86        2.25    -18.60  1.00000
  87        2.25    -18.55  1.00000
  88        2.25    -18.50  1.00000
  89        2.25    -18.45  1.00000
  90        2.25    -18.40  1.00000
  91        2.25    -18.35  1.00000
  92        2.25    -18.30  1.00000
  93        2.25    -18.25  1.00000
  94        2.25    -18.20  1.00000
  95        2.25    -18.15  1.00000
  96        2.25    -18.10  1.00000
  97        2.25    -18.05  1.00000
  98        2.25    -18.00  1.00000
  99        2.25    -17.95  1.00000
  100       2.25    -17.90  1.00000
  101       2.25    -17.85  1.00000
  102       2.25    -17.80  1.00000
  103       2.25    -17.75  1.00000
  104       2.25    -17.70  1.00000
  105       2.25    -17.65  1.00000
  106       2.25    -17.60  1.00000
  107       2.25    -17.55  1.00000
  108       2.25    -17.50  1.00000
  109       2.25    -17.45  1.00000
  110       2.25    -17.40  1.00000
  111       2.25    -17.35  1.00000
  112       2.25    -17.30  1.00000
  113       2.25    -17.25  1.00000
  114       2.25    -17.20  1.00000
  115       2.25    -17.15  1.00000
  116       2.25    -17.10  1.00000
  117       2.25    -17.05  1.00000
  118       2.25    -17.00  1.00000
  119       2.25    -16.95  1.00000
  120       2.25    -16.90  1.00000
  121       2.25    -16.85  1.00000
  122       2.25    -16.80  1.00000
  123       2.25    -16.75  1.00000
  124       2.25    -16.70  1.00000
  125       2.25    -16.65  1.00000
  126       2.25    -16.60  1.00000
  127       2.25    -16.55  1.00000
  128       2.25    -16.50  1.00000
  129       2.25    -16.45  1.00000
  130       2.25    -16.40  1.00000
  131       2.25    -16.35  1.00000
  132       2.25    -16.30  1.00000
  133       2.25    -16.25  1.00000
  134       2.25    -16.20  1.00000
  135       2.25    -16.15  1.00000
  136       2.25    -16.10  1.00000
  137       2.25    -16.05  1.00000
  138       2.25    -16.00  1.00000
  139       2.25    -15.95  1.00000
  140       2.25    -15.90  1.00000
  141       2.25    -15.85  1.00000
  142       2.25    -15.80  1.00000
  143       2.25    -15.75  1.00000
  144       2.25    -15.70  1.00000
  145       2.25    -15.65  1.00000
  146       2.25    -15.60  1.00000
  147       2.25    -15.55  1.00000
  148       2.25    -15.50  1.00000
  149       2.25    -15.45  1.00000
  150       2.25    -15.40  1.00000
  151       2.25    -15.35  1.00000
  152       2.30    -22.85  1.00000
  153       2.30    -22.80  1.00000
  154       2.30    -22.75  1.00000
  155       2.30    -22.70  1.00000
  156       2.30    -22.65  1.00000
  157       2.30    -22.60  1.00000
  158       2.30    -22.55  1.00000
  159       2.30    -22.50  1.00000
  160       2.30    -22.45  1.00000
  161       2.30    -22.40  1.00000
  162       2.30    -22.35  1.00000
  163       2.30    -22.30  1.00000
  164       2.30    -22.25  1.00000
  165       2.30    -22.20  1.00000
  166       2.30    -22.15  1.00000
  167       2.30    -22.10  1.00000
  168       2.30    -22.05  1.00000
  169       2.30    -22.00  1.00000
  170       2.30    -21.95  1.00000
  171       2.30    -21.90  1.00000
  172       2.30    -21.85  1.00000
  173       2.30    -21.80  1.00000
  174       2.30    -21.75  1.00000
  175       2.30    -21.70  1.00000
  176       2.30    -21.65  1.00000
  177       2.30    -21.60  1.00000
  178       2.30    -21.55  1.00000
  179       2.30    -21.50  1.00000
  180       2.30    -21.45  1.00000
  181       2.30    -21.40  1.00000
  182       2.30    -21.35  1.00000
  183       2.30    -21.30  1.00000
  184       2.30    -21.25  1.00000
  185       2.30    -21.20  1.00000
  186       2.30    -21.15  1.00000
  187       2.30    -21.10  1.00000
  188       2.30    -21.05  1.00000
  189       2.30    -21.00  1.00000
  190       2.30    -20.95  1.00000
  191       2.30    -20.90  1.00000
  192       2.30    -20.85  1.00000
  193       2.30    -20.80  1.00000
  194       2.30    -20.75  1.00000
  195       2.30    -20.70  1.00000
  196       2.30    -20.65  1.00000
  197       2.30    -20.60  1.00000
  198       2.30    -20.55  1.00000
  199       2.30    -20.50  1.00000
  200       2.30    -20.45  1.00000
  201       2.30    -20.40  1.00000
  202       2.30    -20.35  1.00000
  203       2.30    -20.30  1.00000
  204       2.30    -20.25  1.00000
  205       2.30    -20.20  1.00000
  206       2.30    -20.15  1.00000
  207       2.30    -20.10  1.00000
  208       2.30    -20.05  1.00000
  209       2.30    -20.00  1.00000
  210       2.30    -19.95  1.00000
  211       2.30    -19.90  1.00000
  212       2.30    -19.85  1.00000
  213       2.30    -19.80  1.00000
  214       2.30    -19.75  1.00000
  215       2.30    -19.70  1.00000
  216       2.30    -19.65  1.00000
  217       2.30    -19.60  1.00000
  218       2.30    -19.55  1.00000
  219       2.30    -19.50  1.00000
  220       2.30    -19.45  1.00000
  221       2.30    -19.40  1.00000
  222       2.30    -19.35  1.00000
  223       2.30    -19.30  1.00000
  224       2.30    -19.25  1.00000
  225       2.30    -19.20  1.00000
  226       2.30    -19.15  1.00000
  227       2.30    -19.10  1.00000
  228       2.30    -19.05  1.00000
  229       2.30    -19.00  1.00000
  230       2.30    -18.95  1.00000
  231       2.30    -18.90  1.00000
  232       2.30    -18.85  1.00000
  233       2.30    -18.80  1.00000
  234       2.30    -18.75  1.00000
  235       2.30    -18.70  1.00000
  236       2.30    -18.65  1.00000
  237       2.30    -18.60  1.00000
  238       2.30    -18.55  1.00000
  239       2.30    -18.50  1.00000
  240       2.30    -18.45  1.00000
  241       2.30    -18.40  1.00000
  242       2.30    -18.35  1.00000
  243       2.30    -18.30  1.00000
  244       2.30    -18.25  1.00000
  245       2.30    -18.20  1.00000
  246       2.30    -18.15  1.00000
  247       2.30    -18.10  1.00000
  248       2.30    -18.05  1.00000
  249       2.30    -18.00  1.00000
  250       2.30    -17.95  1.00000
  251       2.30    -17.90  1.00000
  252       2.30    -17.85  1.00000
  253       2.30    -17.80  1.00000
  254       2.30    -17.75  1.00000
  255       2.30    -17.70  1.00000
  256       2.30    -17.65  1.00000
  257       2.30    -17.60  1.00000
  258       2.30    -17.55  1.00000
  259       2.30    -17.50  1.00000
  260       2.30    -17.45  1.00000
  261       2.30    -17.40  1.00000
  262       2.30    -17.35  1.00000
  263       2.30    -17.30  1.00000
  264       2.30    -17.25  1.00000
  265       2.30    -17.20  1.00000
  266       2.30    -17.15  1.00000
  267       2.30    -17.10  1.00000
  268       2.30    -17.05  1.00000
  269       2.30    -17.00  1.00000
  270       2.30    -16.95  1.00000
  271       2.30    -16.90  1.00000
  272       2.30    -16.85  1.00000
  273       2.30    -16.80  1.00000
  274       2.30    -16.75  1.00000
  275       2.30    -16.70  1.00000
  276       2.30    -16.65  1.00000
  277       2.30    -16.60  1.00000
  278       2.30    -16.55  1.00000
  279       2.30    -16.50  1.00000
  280       2.30    -16.45  1.00000
  281       2.30    -16.40  1.00000
  282       2.30    -16.35  1.00000
  283       2.30    -16.30  1.00000
  284       2.30    -16.25  1.00000
  285       2.30    -16.20  1.00000
  286       2.30    -16.15  1.00000
  287       2.30    -16.10  1.00000
  288       2.30    -16.05  1.00000
  289       2.30    -16.00  1.00000
  290       2.30    -15.95  1.00000
  291       2.30    -15.90  1.00000
  292       2.30    -15.85  1.00000
  293       2.30    -15.80  1.00000
  294       2.30    -15.75  1.00000
  295       2.30    -15.70  1.00000
  296       2.30    -15.65  1.00000
  297       2.30    -15.60  1.00000
  298       2.30    -15.55  1.00000
  299       2.30    -15.50  1.00000
  300       2.30    -15.45  1.00000
  301       2.30    -15.40  1.00000
  302       2.30    -15.35  1.00000
  303       2.35    -22.85  1.00000
  304       2.35    -22.80  1.00000
  305       2.35    -22.75  1.00000
  306       2.35    -22.70  1.00000
  307       2.35    -22.65  1.00000
  308       2.35    -22.60  1.00000
  309       2.35    -22.55  1.00000
  310       2.35    -22.50  1.00000
  311       2.35    -22.45  1.00000
  312       2.35    -22.40  1.00000
  313       2.35    -22.35  1.00000
  314       2.35    -22.30  1.00000
  315       2.35    -22.25  1.00000
  316       2.35    -22.20  1.00000
  317       2.35    -22.15  1.00000
  318       2.35    -22.10  1.00000
  319       2.35    -22.05  1.00000
  320       2.35    -22.00  1.00000
  321       2.35    -21.95  1.00000
  322       2.35    -21.90  1.00000
  323       2.35    -21.85  1.00000
  324       2.35    -21.80  1.00000
  325       2.35    -21.75  1.00000
  326       2.35    -21.70  1.00000
  327       2.35    -21.65  1.00000
  328       2.35    -21.60  1.00000
  329       2.35    -21.55  1.00000
  330       2.35    -21.50  1.00000
  331       2.35    -21.45  1.00000
  332       2.35    -21.40  1.00000
  333       2.35    -21.35  1.00000
  334       2.35    -21.30  1.00000
  335       2.35    -21.25  1.00000
  336       2.35    -21.20  1.00000
  337       2.35    -21.15  1.00000
  338       2.35    -21.10  1.00000
  339       2.35    -21.05  1.00000
  340       2.35    -21.00  1.00000
  341       2.35    -20.95  1.00000
  342       2.35    -20.90  1.00000
  343       2.35    -20.85  1.00000
  344       2.35    -20.80  1.00000
  345       2.35    -20.75  1.00000
  346       2.35    -20.70  1.00000
  347       2.35    -20.65  1.00000
  348       2.35    -20.60  1.00000
  349       2.35    -20.55  1.00000
  350       2.35    -20.50  1.00000
  351       2.35    -20.45  1.00000
  352       2.35    -20.40  1.00000
  353       2.35    -20.35  1.00000
  354       2.35    -20.30  1.00000
  355       2.35    -20.25  1.00000
  356       2.35    -20.20  1.00000
  357       2.35    -20.15  1.00000
  358       2.35    -20.10  1.00000
  359       2.35    -20.05  1.00000
  360       2.35    -20.00  1.00000
  361       2.35    -19.95  1.00000
  362       2.35    -19.90  1.00000
  363       2.35    -19.85  1.00000
  364       2.35    -19.80  1.00000
  365       2.35    -19.75  1.00000
  366       2.35    -19.70  1.00000
  367       2.35    -19.65  1.00000
  368       2.35    -19.60  1.00000
  369       2.35    -19.55  1.00000
  370       2.35    -19.50  1.00000
  371       2.35    -19.45  1.00000
  372       2.35    -19.40  1.00000
  373       2.35    -19.35  1.00000
  374       2.35    -19.30  1.00000
  375       2.35    -19.25  1.00000
  376       2.35    -19.20  1.00000
  377       2.35    -19.15  1.00000
  378       2.35    -19.10  1.00000
  379       2.35    -19.05  1.00000
  380       2.35    -19.00  1.00000
  381       2.35    -18.95  1.00000
  382       2.35    -18.90  1.00000
  383       2.35    -18.85  1.00000
  384       2.35    -18.80  1.00000
  385       2.35    -18.75  1.00000
  386       2.35    -18.70  1.00000
  387       2.35    -18.65  1.00000
  388       2.35    -18.60  1.00000
  389       2.35    -18.55  1.00000
  390       2.35    -18.50  1.00000
  391       2.35    -18.45  1.00000
  392       2.35    -18.40  1.00000
  393       2.35    -18.35  1.00000
  394       2.35    -18.30  1.00000
  395       2.35    -18.25  1.00000
  396       2.35    -18.20  1.00000
  397       2.35    -18.15  1.00000
  398       2.35    -18.10  1.00000
  399       2.35    -18.05  1.00000
  400       2.35    -18.00  1.00000
  401       2.35    -17.95  1.00000
  402       2.35    -17.90  1.00000
  403       2.35    -17.85  1.00000
  404       2.35    -17.80  1.00000
  405       2.35    -17.75  1.00000
  406       2.35    -17.70  1.00000
  407       2.35    -17.65  1.00000
  408       2.35    -17.60  1.00000
  409       2.35    -17.55  1.00000
  410       2.35    -17.50  1.00000
  411       2.35    -17.45  1.00000
  412       2.35    -17.40  1.00000
  413       2.35    -17.35  1.00000
  414       2.35    -17.30  1.00000
  415       2.35    -17.25  1.00000
  416       2.35    -17.20  1.00000
  417       2.35    -17.15  1.00000
  418       2.35    -17.10  1.00000
  419       2.35    -17.05  1.00000
  420       2.35    -17.00  1.00000
  421       2.35    -16.95  1.00000
  422       2.35    -16.90  1.00000
  423       2.35    -16.85  1.00000
  424       2.35    -16.80  1.00000
  425       2.35    -16.75  1.00000
  426       2.35    -16.70  1.00000
  427       2.35    -16.65  1.00000
  428       2.35    -16.60  1.00000
  429       2.35    -16.55  1.00000
  430       2.35    -16.50  1.00000
  431       2.35    -16.45  1.00000
  432       2.35    -16.40  1.00000
  433       2.35    -16.35  1.00000
  434       2.35    -16.30  1.00000
  435       2.35    -16.25  1.00000
  436       2.35    -16.20  1.00000
  437       2.35    -16.15  1.00000
  438       2.35    -16.10  1.00000
  439       2.35    -16.05  1.00000
  440       2.35    -16.00  1.00000
  441       2.35    -15.95  1.00000
  442       2.35    -15.90  1.00000
  443       2.35    -15.85  1.00000
  444       2.35    -15.80  1.00000
  445       2.35    -15.75  1.00000
  446       2.35    -15.70  1.00000
  447       2.35    -15.65  1.00000
  448       2.35    -15.60  1.00000
  449       2.35    -15.55  1.00000
  450       2.35    -15.50  1.00000
  451       2.35    -15.45  1.00000
  452       2.35    -15.40  1.00000
  453       2.35    -15.35  1.00000
  454       2.40    -22.85  1.00000
  455       2.40    -22.80  1.00000
  456       2.40    -22.75  1.00000
  457       2.40    -22.70  1.00000
  458       2.40    -22.65  1.00000
  459       2.40    -22.60  1.00000
  460       2.40    -22.55  1.00000
  461       2.40    -22.50  1.00000
  462       2.40    -22.45  1.00000
  463       2.40    -22.40  1.00000
  464       2.40    -22.35  1.00000
  465       2.40    -22.30  1.00000
  466       2.40    -22.25  1.00000
  467       2.40    -22.20  1.00000
  468       2.40    -22.15  1.00000
  469       2.40    -22.10  1.00000
  470       2.40    -22.05  1.00000
  471       2.40    -22.00  1.00000
  472       2.40    -21.95  1.00000
  473       2.40    -21.90  1.00000
  474       2.40    -21.85  1.00000
  475       2.40    -21.80  1.00000
  476       2.40    -21.75  1.00000
  477       2.40    -21.70  1.00000
  478       2.40    -21.65  1.00000
  479       2.40    -21.60  1.00000
  480       2.40    -21.55  1.00000
  481       2.40    -21.50  1.00000
  482       2.40    -21.45  1.00000
  483       2.40    -21.40  1.00000
  484       2.40    -21.35  1.00000
  485       2.40    -21.30  1.00000
  486       2.40    -21.25  1.00000
  487       2.40    -21.20  1.00000
  488       2.40    -21.15  1.00000
  489       2.40    -21.10  1.00000
  490       2.40    -21.05  1.00000
  491       2.40    -21.00  1.00000
  492       2.40    -20.95  1.00000
  493       2.40    -20.90  1.00000
  494       2.40    -20.85  1.00000
  495       2.40    -20.80  1.00000
  496       2.40    -20.75  1.00000
  497       2.40    -20.70  1.00000
  498       2.40    -20.65  1.00000
  499       2.40    -20.60  1.00000
  500       2.40    -20.55  1.00000
  501       2.40    -20.50  1.00000
  502       2.40    -20.45  1.00000
  503       2.40    -20.40  1.00000
  504       2.40    -20.35  1.00000
  505       2.40    -20.30  1.00000
  506       2.40    -20.25  1.00000
  507       2.40    -20.20  1.00000
  508       2.40    -20.15  1.00000
  509       2.40    -20.10  1.00000
  510       2.40    -20.05  1.00000
  511       2.40    -20.00  1.00000
  512       2.40    -19.95  1.00000
  513       2.40    -19.90  1.00000
  514       2.40    -19.85  1.00000
  515       2.40    -19.80  1.00000
  516       2.40    -19.75  1.00000
  517       2.40    -19.70  1.00000
  518       2.40    -19.65  1.00000
  519       2.40    -19.60  1.00000
  520       2.40    -19.55  1.00000
  521       2.40    -19.50  1.00000
  522       2.40    -19.45  1.00000
  523       2.40    -19.40  1.00000
  524       2.40    -19.35  1.00000
  525       2.40    -19.30  1.00000
  526       2.40    -19.25  1.00000
  527       2.40    -19.20  1.00000
  528       2.40    -19.15  1.00000
  529       2.40    -19.10  1.00000
  530       2.40    -19.05  1.00000
  531       2.40    -19.00  1.00000
  532       2.40    -18.95  1.00000
  533       2.40    -18.90  1.00000
  534       2.40    -18.85  1.00000
  535       2.40    -18.80  1.00000
  536       2.40    -18.75  1.00000
  537       2.40    -18.70  1.00000
  538       2.40    -18.65  1.00000
  539       2.40    -18.60  1.00000
  540       2.40    -18.55  1.00000
  541       2.40    -18.50  1.00000
  542       2.40    -18.45  1.00000
  543       2.40    -18.40  1.00000
  544       2.40    -18.35  1.00000
  545       2.40    -18.30  1.00000
  546       2.40    -18.25  1.00000
  547       2.40    -18.20  1.00000
  548       2.40    -18.15  1.00000
  549       2.40    -18.10  1.00000
  550       2.40    -18.05  1.00000
  551       2.40    -18.00  1.00000
  552       2.40    -17.95  1.00000
  553       2.40    -17.90  1.00000
  554       2.40    -17.85  1.00000
  555       2.40    -17.80  1.00000
  556       2.40    -17.75  1.00000
  557       2.40    -17.70  1.00000
  558       2.40    -17.65  1.00000
  559       2.40    -17.60  1.00000
  560       2.40    -17.55  1.00000
  561       2.40    -17.50  1.00000
  562       2.40    -17.45  1.00000
  563       2.40    -17.40  1.00000
  564       2.40    -17.35  1.00000
  565       2.40    -17.30  1.00000
  566       2.40    -17.25  1.00000
  567       2.40    -17.20  1.00000
  568       2.40    -17.15  1.00000
  569       2.40    -17.10  1.00000
  570       2.40    -17.05  1.00000
  571       2.40    -17.00  1.00000
  572       2.40    -16.95  1.00000
  573       2.40    -16.90  1.00000
  574       2.40    -16.85  1.00000
  575       2.40    -16.80  1.00000
  576       2.40    -16.75  1.00000
  577       2.40    -16.70  1.00000
  578       2.40    -16.65  1.00000
  579       2.40    -16.60  1.00000
  580       2.40    -16.55  1.00000
  581       2.40    -16.50  1.00000
  582       2.40    -16.45  1.00000
  583       2.40    -16.40  1.00000
  584       2.40    -16.35  1.00000
  585       2.40    -16.30  1.00000
  586       2.40    -16.25  1.00000
  587       2.40    -16.20  1.00000
  588       2.40    -16.15  1.00000
  589       2.40    -16.10  1.00000
  590       2.40    -16.05  1.00000
  591       2.40    -16.00  1.00000
  592       2.40    -15.95  1.00000
  593       2.40    -15.90  1.00000
  594       2.40    -15.85  1.00000
  595       2.40    -15.80  1.00000
  596       2.40    -15.75  1.00000
  597       2.40    -15.70  1.00000
  598       2.40    -15.65  1.00000
  599       2.40    -15.60  1.00000
  600       2.40    -15.55  1.00000
  601       2.40    -15.50  1.00000
  602       2.40    -15.45  1.00000
  603       2.40    -15.40  1.00000
  604       2.40    -15.35  1.00000
  605       2.45    -22.85  1.00000
  606       2.45    -22.80  1.00000
  607       2.45    -22.75  1.00000
  608       2.45    -22.70  1.00000
  609       2.45    -22.65  1.00000
  610       2.45    -22.60  1.00000
  611       2.45    -22.55  1.00000
  612       2.45    -22.50  1.00000
  613       2.45    -22.45  1.00000
  614       2.45    -22.40  1.00000
  615       2.45    -22.35  1.00000
  616       2.45    -22.30  1.00000
  617       2.45    -22.25  1.00000
  618       2.45    -22.20  1.00000
  619       2.45    -22.15  1.00000
  620       2.45    -22.10  1.00000
  621       2.45    -22.05  1.00000
  622       2.45    -22.00  1.00000
  623       2.45    -21.95  1.00000
  624       2.45    -21.90  1.00000
  625       2.45    -21.85  1.00000
  626       2.45    -21.80  1.00000
  627       2.45    -21.75  1.00000
  628       2.45    -21.70  1.00000
  629       2.45    -21.65  1.00000
  630       2.45    -21.60  1.00000
  631       2.45    -21.55  1.00000
  632       2.45    -21.50  1.00000
  633       2.45    -21.45  1.00000
  634       2.45    -21.40  1.00000
  635       2.45    -21.35  1.00000
  636       2.45    -21.30  1.00000
  637       2.45    -21.25  1.00000
  638       2.45    -21.20  1.00000
  639       2.45    -21.15  1.00000
  640       2.45    -21.10  1.00000
  641       2.45    -21.05  1.00000
  642       2.45    -21.00  1.00000
  643       2.45    -20.95  1.00000
  644       2.45    -20.90  1.00000
  645       2.45    -20.85  1.00000
  646       2.45    -20.80  1.00000
  647       2.45    -20.75  1.00000
  648       2.45    -20.70  1.00000
  649       2.45    -20.65  1.00000
  650       2.45    -20.60  1.00000
  651       2.45    -20.55  1.00000
  652       2.45    -20.50  1.00000
  653       2.45    -20.45  1.00000
  654       2.45    -20.40  1.00000
  655       2.45    -20.35  1.00000
  656       2.45    -20.30  1.00000
  657       2.45    -20.25  1.00000
  658       2.45    -20.20  1.00000
  659       2.45    -20.15  1.00000
  660       2.45    -20.10  1.00000
  661       2.45    -20.05  1.00000
  662       2.45    -20.00  1.00000
  663       2.45    -19.95  1.00000
  664       2.45    -19.90  1.00000
  665       2.45    -19.85  1.00000
  666       2.45    -19.80  1.00000
  667       2.45    -19.75  1.00000
  668       2.45    -19.70  1.00000
  669       2.45    -19.65  1.00000
  670       2.45    -19.60  1.00000
  671       2.45    -19.55  1.00000
  672       2.45    -19.50  1.00000
  673       2.45    -19.45  1.00000
  674       2.45    -19.40  1.00000
  675       2.45    -19.35  1.00000
  676       2.45    -19.30  1.00000
  677       2.45    -19.25  1.00000
  678       2.45    -19.20  1.00000
  679       2.45    -19.15  1.00000
  680       2.45    -19.10  1.00000
  681       2.45    -19.05  1.00000
  682       2.45    -19.00  1.00000
  683       2.45    -18.95  1.00000
  684       2.45    -18.90  1.00000
  685       2.45    -18.85  1.00000
  686       2.45    -18.80  1.00000
  687       2.45    -18.75  1.00000
  688       2.45    -18.70  1.00000
  689       2.45    -18.65  1.00000
  690       2.45    -18.60  1.00000
  691       2.45    -18.55  1.00000
  692       2.45    -18.50  1.00000
  693       2.45    -18.45  1.00000
  694       2.45    -18.40  1.00000
  695       2.45    -18.35  1.00000
  696       2.45    -18.30  1.00000
  697       2.45    -18.25  1.00000
  698       2.45    -18.20  1.00000
  699       2.45    -18.15  1.00000
  700       2.45    -18.10  1.00000
  701       2.45    -18.05  1.00000
  702       2.45    -18.00  1.00000
  703       2.45    -17.95  1.00000
  704       2.45    -17.90  1.00000
  705       2.45    -17.85  1.00000
  706       2.45    -17.80  1.00000
  707       2.45    -17.75  1.00000
  708       2.45    -17.70  1.00000
  709       2.45    -17.65  1.00000
  710       2.45    -17.60  1.00000
  711       2.45    -17.55  1.00000
  712       2.45    -17.50  1.00000
  713       2.45    -17.45  1.00000
  714       2.45    -17.40  1.00000
  715       2.45    -17.35  1.00000
  716       2.45    -17.30  1.00000
  717       2.45    -17.25  1.00000
  718       2.45    -17.20  1.00000
  719       2.45    -17.15  1.00000
  720       2.45    -17.10  1.00000
  721       2.45    -17.05  1.00000
  722       2.45    -17.00  1.00000
  723       2.45    -16.95  1.00000
  724       2.45    -16.90  1.00000
  725       2.45    -16.85  1.00000
  726       2.45    -16.80  1.00000
  727       2.45    -16.75  1.00000
  728       2.45    -16.70  1.00000
  729       2.45    -16.65  1.00000
  730       2.45    -16.60  1.00000
  731       2.45    -16.55  1.00000
  732       2.45    -16.50  1.00000
  733       2.45    -16.45  1.00000
  734       2.45    -16.40  1.00000
  735       2.45    -16.35  1.00000
  736       2.45    -16.30  1.00000
  737       2.45    -16.25  1.00000
  738       2.45    -16.20  1.00000
  739       2.45    -16.15  1.00000
  740       2.45    -16.10  1.00000
  741       2.45    -16.05  1.00000
  742       2.45    -16.00  1.00000
  743       2.45    -15.95  1.00000
  744       2.45    -15.90  1.00000
  745       2.45    -15.85  1.00000
  746       2.45    -15.80  1.00000
  747       2.45    -15.75  1.00000
  748       2.45    -15.70  1.00000
  749       2.45    -15.65  1.00000
  750       2.45    -15.60  1.00000
  751       2.45    -15.55  1.00000
  752       2.45    -15.50  1.00000
  753       2.45    -15.45  1.00000
  754       2.45    -15.40  1.00000
  755       2.45    -15.35  1.00000
  756       2.50    -22.85  1.00000
  757       2.50    -22.80  1.00000
  758       2.50    -22.75  1.00000
  759       2.50    -22.70  1.00000
  760       2.50    -22.65  1.00000
  761       2.50    -22.60  1.00000
  762       2.50    -22.55  1.00000
  763       2.50    -22.50  1.00000
  764       2.50    -22.45  1.00000
  765       2.50    -22.40  1.00000
  766       2.50    -22.35  1.00000
  767       2.50    -22.30  1.00000
  768       2.50    -22.25  1.00000
  769       2.50    -22.20  1.00000
  770       2.50    -22.15  1.00000
  771       2.50    -22.10  1.00000
  772       2.50    -22.05  1.00000
  773       2.50    -22.00  1.00000
  774       2.50    -21.95  1.00000
  775       2.50    -21.90  1.00000
  776       2.50    -21.85  1.00000
  777       2.50    -21.80  1.00000
  778       2.50    -21.75  1.00000
  779       2.50    -21.70  1.00000
  780       2.50    -21.65  1.00000
  781       2.50    -21.60  1.00000
  782       2.50    -21.55  1.00000
  783       2.50    -21.50  1.00000
  784       2.50    -21.45  1.00000
  785       2.50    -21.40  1.00000
  786       2.50    -21.35  1.00000
  787       2.50    -21.30  1.00000
  788       2.50    -21.25  1.00000
  789       2.50    -21.20  1.00000
  790       2.50    -21.15  1.00000
  791       2.50    -21.10  1.00000
  792       2.50    -21.05  1.00000
  793       2.50    -21.00  1.00000
  794       2.50    -20.95  1.00000
  795       2.50    -20.90  1.00000
  796       2.50    -20.85  1.00000
  797       2.50    -20.80  1.00000
  798       2.50    -20.75  1.00000
  799       2.50    -20.70  1.00000
  800       2.50    -20.65  1.00000
  801       2.50    -20.60  1.00000
  802       2.50    -20.55  1.00000
  803       2.50    -20.50  1.00000
  804       2.50    -20.45  1.00000
  805       2.50    -20.40  1.00000
  806       2.50    -20.35  1.00000
  807       2.50    -20.30  1.00000
  808       2.50    -20.25  1.00000
  809       2.50    -20.20  1.00000
  810       2.50    -20.15  1.00000
  811       2.50    -20.10  1.00000
  812       2.50    -20.05  1.00000
  813       2.50    -20.00  1.00000
  814       2.50    -19.95  1.00000
  815       2.50    -19.90  1.00000
  816       2.50    -19.85  1.00000
  817       2.50    -19.80  1.00000
  818       2.50    -19.75  1.00000
  819       2.50    -19.70  1.00000
  820       2.50    -19.65  1.00000
  821       2.50    -19.60  1.00000
  822       2.50    -19.55  1.00000
  823       2.50    -19.50  1.00000
  824       2.50    -19.45  1.00000
  825       2.50    -19.40  1.00000
  826       2.50    -19.35  1.00000
  827       2.50    -19.30  1.00000
  828       2.50    -19.25  1.00000
  829       2.50    -19.20  1.00000
  830       2.50    -19.15  1.00000
  831       2.50    -19.10  1.00000
  832       2.50    -19.05  1.00000
  833       2.50    -19.00  1.00000
  834       2.50    -18.95  1.00000
  835       2.50    -18.90  1.00000
  836       2.50    -18.85  1.00000
  837       2.50    -18.80  1.00000
  838       2.50    -18.75  1.00000
  839       2.50    -18.70  1.00000
  840       2.50    -18.65  1.00000
  841       2.50    -18.60  1.00000
  842       2.50    -18.55  1.00000
  843       2.50    -18.50  1.00000
  844       2.50    -18.45  1.00000
  845       2.50    -18.40  1.00000
  846       2.50    -18.35  1.00000
  847       2.50    -18.30  1.00000
  848       2.50    -18.25  1.00000
  849       2.50    -18.20  1.00000
  850       2.50    -18.15  1.00000
  851       2.50    -18.10  1.00000
  852       2.50    -18.05  1.00000
  853       2.50    -18.00  1.00000
  854       2.50    -17.95  1.00000
  855       2.50    -17.90  1.00000
  856       2.50    -17.85  1.00000
  857       2.50    -17.80  1.00000
  858       2.50    -17.75  1.00000
  859       2.50    -17.70  1.00000
  860       2.50    -17.65  1.00000
  861       2.50    -17.60  1.00000
  862       2.50    -17.55  1.00000
  863       2.50    -17.50  1.00000
  864       2.50    -17.45  1.00000
  865       2.50    -17.40  1.00000
  866       2.50    -17.35  1.00000
  867       2.50    -17.30  1.00000
  868       2.50    -17.25  1.00000
  869       2.50    -17.20  1.00000
  870       2.50    -17.15  1.00000
  871       2.50    -17.10  1.00000
  872       2.50    -17.05  1.00000
  873       2.50    -17.00  1.00000
  874       2.50    -16.95  1.00000
  875       2.50    -16.90  1.00000
  876       2.50    -16.85  1.00000
  877       2.50    -16.80  1.00000
  878       2.50    -16.75  1.00000
  879       2.50    -16.70  1.00000
  880       2.50    -16.65  1.00000
  881       2.50    -16.60  1.00000
  882       2.50    -16.55  1.00000
  883       2.50    -16.50  1.00000
  884       2.50    -16.45  1.00000
  885       2.50    -16.40  1.00000
  886       2.50    -16.35  1.00000
  887       2.50    -16.30  1.00000
  888       2.50    -16.25  1.00000
  889       2.50    -16.20  1.00000
  890       2.50    -16.15  1.00000
  891       2.50    -16.10  1.00000
  892       2.50    -16.05  1.00000
  893       2.50    -16.00  1.00000
  894       2.50    -15.95  1.00000
  895       2.50    -15.90  1.00000
  896       2.50    -15.85  1.00000
  897       2.50    -15.80  1.00000
  898       2.50    -15.75  1.00000
  899       2.50    -15.70  1.00000
  900       2.50    -15.65  1.00000
  901       2.50    -15.60  1.00000
  902       2.50    -15.55  1.00000
  903       2.50    -15.50  1.00000
  904       2.50    -15.45  1.00000
  905       2.50    -15.40  1.00000
  906       2.50    -15.35  1.00000
  907       2.55    -22.85  1.00000
  908       2.55    -22.80  1.00000
  909       2.55    -22.75  1.00000
  910       2.55    -22.70  1.00000
  911       2.55    -22.65  1.00000
  912       2.55    -22.60  1.00000
  913       2.55    -22.55  1.00000
  914       2.55    -22.50  1.00000
  915       2.55    -22.45  1.00000
  916       2.55    -22.40  1.00000
  917       2.55    -22.35  1.00000
  918       2.55    -22.30  1.00000
  919       2.55    -22.25  1.00000
  920       2.55    -22.20  1.00000
  921       2.55    -22.15  1.00000
  922       2.55    -22.10  1.00000
  923       2.55    -22.05  1.00000
  924       2.55    -22.00  1.00000
  925       2.55    -21.95  1.00000
  926       2.55    -21.90  1.00000
  927       2.55    -21.85  1.00000
  928       2.55    -21.80  1.00000
  929       2.55    -21.75  1.00000
  930       2.55    -21.70  1.00000
  931       2.55    -21.65  1.00000
  932       2.55    -21.60  1.00000
  933       2.55    -21.55  1.00000
  934       2.55    -21.50  1.00000
  935       2.55    -21.45  1.00000
  936       2.55    -21.40  1.00000
  937       2.55    -21.35  1.00000
  938       2.55    -21.30  1.00000
  939       2.55    -21.25  1.00000
  940       2.55    -21.20  1.00000
  941       2.55    -21.15  1.00000
  942       2.55    -21.10  1.00000
  943       2.55    -21.05  1.00000
  944       2.55    -21.00  1.00000
  945       2.55    -20.95  1.00000
  946       2.55    -20.90  1.00000
  947       2.55    -20.85  1.00000
  948       2.55    -20.80  1.00000
  949       2.55    -20.75  1.00000
  950       2.55    -20.70  1.00000
  951       2.55    -20.65  1.00000
  952       2.55    -20.60  1.00000
  953       2.55    -20.55  1.00000
  954       2.55    -20.50  1.00000
  955       2.55    -20.45  1.00000
  956       2.55    -20.40  1.00000
  957       2.55    -20.35  1.00000
  958       2.55    -20.30  1.00000
  959       2.55    -20.25  1.00000
  960       2.55    -20.20  1.00000
  961       2.55    -20.15  1.00000
  962       2.55    -20.10  1.00000
  963       2.55    -20.05  1.00000
  964       2.55    -20.00  1.00000
  965       2.55    -19.95  1.00000
  966       2.55    -19.90  1.00000
  967       2.55    -19.85  1.00000
  968       2.55    -19.80  1.00000
  969       2.55    -19.75  1.00000
  970       2.55    -19.70  1.00000
  971       2.55    -19.65  1.00000
  972       2.55    -19.60  1.00000
  973       2.55    -19.55  1.00000
  974       2.55    -19.50  1.00000
  975       2.55    -19.45  1.00000
  976       2.55    -19.40  1.00000
  977       2.55    -19.35  1.00000
  978       2.55    -19.30  1.00000
  979       2.55    -19.25  1.00000
  980       2.55    -19.20  1.00000
  981       2.55    -19.15  1.00000
  982       2.55    -19.10  1.00000
  983       2.55    -19.05  1.00000
  984       2.55    -19.00  1.00000
  985       2.55    -18.95  1.00000
  986       2.55    -18.90  1.00000
  987       2.55    -18.85  1.00000
  988       2.55    -18.80  1.00000
  989       2.55    -18.75  1.00000
  990       2.55    -18.70  1.00000
  991       2.55    -18.65  1.00000
  992       2.55    -18.60  1.00000
  993       2.55    -18.55  1.00000
  994       2.55    -18.50  1.00000
  995       2.55    -18.45  1.00000
  996       2.55    -18.40  1.00000
  997       2.55    -18.35  1.00000
  998       2.55    -18.30  1.00000
  999       2.55    -18.25  1.00000
  1000      2.55    -18.20  1.00000
  1001      2.55    -18.15  1.00000
  1002      2.55    -18.10  1.00000
  1003      2.55    -18.05  1.00000
  1004      2.55    -18.00  1.00000
  1005      2.55    -17.95  1.00000
  1006      2.55    -17.90  1.00000
  1007      2.55    -17.85  1.00000
  1008      2.55    -17.80  1.00000
  1009      2.55    -17.75  1.00000
  1010      2.55    -17.70  1.00000
  1011      2.55    -17.65  1.00000
  1012      2.55    -17.60  1.00000
  1013      2.55    -17.55  1.00000
  1014      2.55    -17.50  1.00000
  1015      2.55    -17.45  1.00000
  1016      2.55    -17.40  1.00000
  1017      2.55    -17.35  1.00000
  1018      2.55    -17.30  1.00000
  1019      2.55    -17.25  1.00000
  1020      2.55    -17.20  1.00000
  1021      2.55    -17.15  1.00000
  1022      2.55    -17.10  1.00000
  1023      2.55    -17.05  1.00000
  1024      2.55    -17.00  1.00000
  1025      2.55    -16.95  1.00000
  1026      2.55    -16.90  1.00000
  1027      2.55    -16.85  1.00000
  1028      2.55    -16.80  1.00000
  1029      2.55    -16.75  1.00000
  1030      2.55    -16.70  1.00000
  1031      2.55    -16.65  1.00000
  1032      2.55    -16.60  1.00000
  1033      2.55    -16.55  1.00000
  1034      2.55    -16.50  1.00000
  1035      2.55    -16.45  1.00000
  1036      2.55    -16.40  1.00000
  1037      2.55    -16.35  1.00000
  1038      2.55    -16.30  1.00000
  1039      2.55    -16.25  1.00000
  1040      2.55    -16.20  1.00000
  1041      2.55    -16.15  1.00000
  1042      2.55    -16.10  1.00000
  1043      2.55    -16.05  1.00000
  1044      2.55    -16.00  1.00000
  1045      2.55    -15.95  1.00000
  1046      2.55    -15.90  1.00000
  1047      2.55    -15.85  1.00000
  1048      2.55    -15.80  1.00000
  1049      2.55    -15.75  1.00000
  1050      2.55    -15.70  1.00000
  1051      2.55    -15.65  1.00000
  1052      2.55    -15.60  1.00000
  1053      2.55    -15.55  1.00000
  1054      2.55    -15.50  1.00000
  1055      2.55    -15.45  1.00000
  1056      2.55    -15.40  1.00000
  1057      2.55    -15.35  1.00000
  1058      2.60    -22.85  1.00000
  1059      2.60    -22.80  1.00000
  1060      2.60    -22.75  1.00000
  1061      2.60    -22.70  1.00000
  1062      2.60    -22.65  1.00000
  1063      2.60    -22.60  1.00000
  1064      2.60    -22.55  1.00000
  1065      2.60    -22.50  1.00000
  1066      2.60    -22.45  1.00000
  1067      2.60    -22.40  1.00000
  1068      2.60    -22.35  1.00000
  1069      2.60    -22.30  1.00000
  1070      2.60    -22.25  1.00000
  1071      2.60    -22.20  1.00000
  1072      2.60    -22.15  1.00000
  1073      2.60    -22.10  1.00000
  1074      2.60    -22.05  1.00000
  1075      2.60    -22.00  1.00000
  1076      2.60    -21.95  1.00000
  1077      2.60    -21.90  1.00000
  1078      2.60    -21.85  1.00000
  1079      2.60    -21.80  1.00000
  1080      2.60    -21.75  1.00000
  1081      2.60    -21.70  1.00000
  1082      2.60    -21.65  1.00000
  1083      2.60    -21.60  1.00000
  1084      2.60    -21.55  1.00000
  1085      2.60    -21.50  1.00000
  1086      2.60    -21.45  1.00000
  1087      2.60    -21.40  1.00000
  1088      2.60    -21.35  1.00000
  1089      2.60    -21.30  1.00000
  1090      2.60    -21.25  1.00000
  1091      2.60    -21.20  1.00000
  1092      2.60    -21.15  1.00000
  1093      2.60    -21.10  1.00000
  1094      2.60    -21.05  1.00000
  1095      2.60    -21.00  1.00000
  1096      2.60    -20.95  1.00000
  1097      2.60    -20.90  1.00000
  1098      2.60    -20.85  1.00000
  1099      2.60    -20.80  1.00000
  1100      2.60    -20.75  1.00000
  1101      2.60    -20.70  1.00000
  1102      2.60    -20.65  1.00000
  1103      2.60    -20.60  1.00000
  1104      2.60    -20.55  1.00000
  1105      2.60    -20.50  1.00000
  1106      2.60    -20.45  1.00000
  1107      2.60    -20.40  1.00000
  1108      2.60    -20.35  1.00000
  1109      2.60    -20.30  1.00000
  1110      2.60    -20.25  1.00000
  1111      2.60    -20.20  1.00000
  1112      2.60    -20.15  1.00000
  1113      2.60    -20.10  1.00000
  1114      2.60    -20.05  1.00000
  1115      2.60    -20.00  1.00000
  1116      2.60    -19.95  1.00000
  1117      2.60    -19.90  1.00000
  1118      2.60    -19.85  1.00000
  1119      2.60    -19.80  1.00000
  1120      2.60    -19.75  1.00000
  1121      2.60    -19.70  1.00000
  1122      2.60    -19.65  1.00000
  1123      2.60    -19.60  1.00000
  1124      2.60    -19.55  1.00000
  1125      2.60    -19.50  1.00000
  1126      2.60    -19.45  1.00000
  1127      2.60    -19.40  1.00000
  1128      2.60    -19.35  1.00000
  1129      2.60    -19.30  1.00000
  1130      2.60    -19.25  1.00000
  1131      2.60    -19.20  1.00000
  1132      2.60    -19.15  1.00000
  1133      2.60    -19.10  1.00000
  1134      2.60    -19.05  1.00000
  1135      2.60    -19.00  1.00000
  1136      2.60    -18.95  1.00000
  1137      2.60    -18.90  1.00000
  1138      2.60    -18.85  1.00000
  1139      2.60    -18.80  1.00000
  1140      2.60    -18.75  1.00000
  1141      2.60    -18.70  1.00000
  1142      2.60    -18.65  1.00000
  1143      2.60    -18.60  1.00000
  1144      2.60    -18.55  1.00000
  1145      2.60    -18.50  1.00000
  1146      2.60    -18.45  1.00000
  1147      2.60    -18.40  1.00000
  1148      2.60    -18.35  1.00000
  1149      2.60    -18.30  1.00000
  1150      2.60    -18.25  1.00000
  1151      2.60    -18.20  1.00000
  1152      2.60    -18.15  1.00000
  1153      2.60    -18.10  1.00000
  1154      2.60    -18.05  1.00000
  1155      2.60    -18.00  1.00000
  1156      2.60    -17.95  1.00000
  1157      2.60    -17.90  1.00000
  1158      2.60    -17.85  1.00000
  1159      2.60    -17.80  1.00000
  1160      2.60    -17.75  1.00000
  1161      2.60    -17.70  1.00000
  1162      2.60    -17.65  1.00000
  1163      2.60    -17.60  1.00000
  1164      2.60    -17.55  1.00000
  1165      2.60    -17.50  1.00000
  1166      2.60    -17.45  1.00000
  1167      2.60    -17.40  1.00000
  1168      2.60    -17.35  1.00000
  1169      2.60    -17.30  1.00000
  1170      2.60    -17.25  1.00000
  1171      2.60    -17.20  1.00000
  1172      2.60    -17.15  1.00000
  1173      2.60    -17.10  1.00000
  1174      2.60    -17.05  1.00000
  1175      2.60    -17.00  1.00000
  1176      2.60    -16.95  1.00000
  1177      2.60    -16.90  1.00000
  1178      2.60    -16.85  1.00000
  1179      2.60    -16.80  1.00000
  1180      2.60    -16.75  1.00000
  1181      2.60    -16.70  1.00000
  1182      2.60    -16.65  1.00000
  1183      2.60    -16.60  1.00000
  1184      2.60    -16.55  1.00000
  1185      2.60    -16.50  1.00000
  1186      2.60    -16.45  1.00000
  1187      2.60    -16.40  1.00000
  1188      2.60    -16.35  1.00000
  1189      2.60    -16.30  1.00000
  1190      2.60    -16.25  1.00000
  1191      2.60    -16.20  1.00000
  1192      2.60    -16.15  1.00000
  1193      2.60    -16.10  1.00000
  1194      2.60    -16.05  1.00000
  1195      2.60    -16.00  1.00000
  1196      2.60    -15.95  1.00000
  1197      2.60    -15.90  1.00000
  1198      2.60    -15.85  1.00000
  1199      2.60    -15.80  1.00000
  1200      2.60    -15.75  1.00000
  1201      2.60    -15.70  1.00000
  1202      2.60    -15.65  1.00000
  1203      2.60    -15.60  1.00000
  1204      2.60    -15.55  1.00000
  1205      2.60    -15.50  1.00000
  1206      2.60    -15.45  1.00000
  1207      2.60    -15.40  1.00000
  1208      2.60    -15.35  1.00000
  1209      2.65    -22.85  1.00000
  1210      2.65    -22.80  1.00000
  1211      2.65    -22.75  1.00000
  1212      2.65    -22.70  1.00000
  1213      2.65    -22.65  1.00000
  1214      2.65    -22.60  1.00000
  1215      2.65    -22.55  1.00000
  1216      2.65    -22.50  1.00000
  1217      2.65    -22.45  1.00000
  1218      2.65    -22.40  1.00000
  1219      2.65    -22.35  1.00000
  1220      2.65    -22.30  1.00000
  1221      2.65    -22.25  1.00000
  1222      2.65    -22.20  1.00000
  1223      2.65    -22.15  1.00000
  1224      2.65    -22.10  1.00000
  1225      2.65    -22.05  1.00000
  1226      2.65    -22.00  1.00000
  1227      2.65    -21.95  1.00000
  1228      2.65    -21.90  1.00000
  1229      2.65    -21.85  1.00000
  1230      2.65    -21.80  1.00000
  1231      2.65    -21.75  1.00000
  1232      2.65    -21.70  1.00000
  1233      2.65    -21.65  1.00000
  1234      2.65    -21.60  1.00000
  1235      2.65    -21.55  1.00000
  1236      2.65    -21.50  1.00000
  1237      2.65    -21.45  1.00000
  1238      2.65    -21.40  1.00000
  1239      2.65    -21.35  1.00000
  1240      2.65    -21.30  1.00000
  1241      2.65    -21.25  1.00000
  1242      2.65    -21.20  1.00000
  1243      2.65    -21.15  1.00000
  1244      2.65    -21.10  1.00000
  1245      2.65    -21.05  1.00000
  1246      2.65    -21.00  1.00000
  1247      2.65    -20.95  1.00000
  1248      2.65    -20.90  1.00000
  1249      2.65    -20.85  1.00000
  1250      2.65    -20.80  1.00000
  1251      2.65    -20.75  1.00000
  1252      2.65    -20.70  1.00000
  1253      2.65    -20.65  1.00000
  1254      2.65    -20.60  1.00000
  1255      2.65    -20.55  1.00000
  1256      2.65    -20.50  1.00000
  1257      2.65    -20.45  1.00000
  1258      2.65    -20.40  1.00000
  1259      2.65    -20.35  1.00000
  1260      2.65    -20.30  1.00000
  1261      2.65    -20.25  1.00000
  1262      2.65    -20.20  1.00000
  1263      2.65    -20.15  1.00000
  1264      2.65    -20.10  1.00000
  1265      2.65    -20.05  1.00000
  1266      2.65    -20.00  1.00000
  1267      2.65    -19.95  1.00000
  1268      2.65    -19.90  1.00000
  1269      2.65    -19.85  1.00000
  1270      2.65    -19.80  1.00000
  1271      2.65    -19.75  1.00000
  1272      2.65    -19.70  1.00000
  1273      2.65    -19.65  1.00000
  1274      2.65    -19.60  1.00000
  1275      2.65    -19.55  1.00000
  1276      2.65    -19.50  1.00000
  1277      2.65    -19.45  1.00000
  1278      2.65    -19.40  1.00000
  1279      2.65    -19.35  1.00000
  1280      2.65    -19.30  1.00000
  1281      2.65    -19.25  1.00000
  1282      2.65    -19.20  1.00000
  1283      2.65    -19.15  1.00000
  1284      2.65    -19.10  1.00000
  1285      2.65    -19.05  1.00000
  1286      2.65    -19.00  1.00000
  1287      2.65    -18.95  1.00000
  1288      2.65    -18.90  1.00000
  1289      2.65    -18.85  1.00000
  1290      2.65    -18.80  1.00000
  1291      2.65    -18.75  1.00000
  1292      2.65    -18.70  1.00000
  1293      2.65    -18.65  1.00000
  1294      2.65    -18.60  1.00000
  1295      2.65    -18.55  1.00000
  1296      2.65    -18.50  1.00000
  1297      2.65    -18.45  1.00000
  1298      2.65    -18.40  1.00000
  1299      2.65    -18.35  1.00000
  1300      2.65    -18.30  1.00000
  1301      2.65    -18.25  1.00000
  1302      2.65    -18.20  1.00000
  1303      2.65    -18.15  1.00000
  1304      2.65    -18.10  1.00000
  1305      2.65    -18.05  1.00000
  1306      2.65    -18.00  1.00000
  1307      2.65    -17.95  1.00000
  1308      2.65    -17.90  1.00000
  1309      2.65    -17.85  1.00000
  1310      2.65    -17.80  1.00000
  1311      2.65    -17.75  1.00000
  1312      2.65    -17.70  1.00000
  1313      2.65    -17.65  1.00000
  1314      2.65    -17.60  1.00000
  1315      2.65    -17.55  1.00000
  1316      2.65    -17.50  1.00000
  1317      2.65    -17.45  1.00000
  1318      2.65    -17.40  1.00000
  1319      2.65    -17.35  1.00000
  1320      2.65    -17.30  1.00000
  1321      2.65    -17.25  1.00000
  1322      2.65    -17.20  1.00000
  1323      2.65    -17.15  1.00000
  1324      2.65    -17.10  1.00000
  1325      2.65    -17.05  1.00000
  1326      2.65    -17.00  1.00000
  1327      2.65    -16.95  1.00000
  1328      2.65    -16.90  1.00000
  1329      2.65    -16.85  1.00000
  1330      2.65    -16.80  1.00000
  1331      2.65    -16.75  1.00000
  1332      2.65    -16.70  1.00000
  1333      2.65    -16.65  1.00000
  1334      2.65    -16.60  1.00000
  1335      2.65    -16.55  1.00000
  1336      2.65    -16.50  1.00000
  1337      2.65    -16.45  1.00000
  1338      2.65    -16.40  1.00000
  1339      2.65    -16.35  1.00000
  1340      2.65    -16.30  1.00000
  1341      2.65    -16.25  1.00000
  1342      2.65    -16.20  1.00000
  1343      2.65    -16.15  1.00000
  1344      2.65    -16.10  1.00000
  1345      2.65    -16.05  1.00000
  1346      2.65    -16.00  1.00000
  1347      2.65    -15.95  1.00000
  1348      2.65    -15.90  1.00000
  1349      2.65    -15.85  1.00000
  1350      2.65    -15.80  1.00000
  1351      2.65    -15.75  1.00000
  1352      2.65    -15.70  1.00000
  1353      2.65    -15.65  1.00000
  1354      2.65    -15.60  1.00000
  1355      2.65    -15.55  1.00000
  1356      2.65    -15.50  1.00000
  1357      2.65    -15.45  1.00000
  1358      2.65    -15.40  1.00000
  1359      2.65    -15.35  1.00000
  1360      2.70    -22.85  1.00000
  1361      2.70    -22.80  1.00000
  1362      2.70    -22.75  1.00000
  1363      2.70    -22.70  1.00000
  1364      2.70    -22.65  1.00000
  1365      2.70    -22.60  1.00000
  1366      2.70    -22.55  1.00000
  1367      2.70    -22.50  1.00000
  1368      2.70    -22.45  1.00000
  1369      2.70    -22.40  1.00000
  1370      2.70    -22.35  1.00000
  1371      2.70    -22.30  1.00000
  1372      2.70    -22.25  1.00000
  1373      2.70    -22.20  1.00000
  1374      2.70    -22.15  1.00000
  1375      2.70    -22.10  1.00000
  1376      2.70    -22.05  1.00000
  1377      2.70    -22.00  1.00000
  1378      2.70    -21.95  1.00000
  1379      2.70    -21.90  1.00000
  1380      2.70    -21.85  1.00000
  1381      2.70    -21.80  1.00000
  1382      2.70    -21.75  1.00000
  1383      2.70    -21.70  1.00000
  1384      2.70    -21.65  1.00000
  1385      2.70    -21.60  1.00000
  1386      2.70    -21.55  1.00000
  1387      2.70    -21.50  1.00000
  1388      2.70    -21.45  1.00000
  1389      2.70    -21.40  1.00000
  1390      2.70    -21.35  1.00000
  1391      2.70    -21.30  1.00000
  1392      2.70    -21.25  1.00000
  1393      2.70    -21.20  1.00000
  1394      2.70    -21.15  1.00000
  1395      2.70    -21.10  1.00000
  1396      2.70    -21.05  1.00000
  1397      2.70    -21.00  1.00000
  1398      2.70    -20.95  1.00000
  1399      2.70    -20.90  1.00000
  1400      2.70    -20.85  1.00000
  1401      2.70    -20.80  1.00000
  1402      2.70    -20.75  1.00000
  1403      2.70    -20.70  1.00000
  1404      2.70    -20.65  1.00000
  1405      2.70    -20.60  1.00000
  1406      2.70    -20.55  1.00000
  1407      2.70    -20.50  1.00000
  1408      2.70    -20.45  1.00000
  1409      2.70    -20.40  1.00000
  1410      2.70    -20.35  1.00000
  1411      2.70    -20.30  1.00000
  1412      2.70    -20.25  1.00000
  1413      2.70    -20.20  1.00000
  1414      2.70    -20.15  1.00000
  1415      2.70    -20.10  1.00000
  1416      2.70    -20.05  1.00000
  1417      2.70    -20.00  1.00000
  1418      2.70    -19.95  1.00000
  1419      2.70    -19.90  1.00000
  1420      2.70    -19.85  1.00000
  1421      2.70    -19.80  1.00000
  1422      2.70    -19.75  1.00000
  1423      2.70    -19.70  1.00000
  1424      2.70    -19.65  1.00000
  1425      2.70    -19.60  1.00000
  1426      2.70    -19.55  1.00000
  1427      2.70    -19.50  1.00000
  1428      2.70    -19.45  1.00000
  1429      2.70    -19.40  1.00000
  1430      2.70    -19.35  1.00000
  1431      2.70    -19.30  1.00000
  1432      2.70    -19.25  1.00000
  1433      2.70    -19.20  1.00000
  1434      2.70    -19.15  1.00000
  1435      2.70    -19.10  1.00000
  1436      2.70    -19.05  1.00000
  1437      2.70    -19.00  1.00000
  1438      2.70    -18.95  1.00000
  1439      2.70    -18.90  1.00000
  1440      2.70    -18.85  1.00000
  1441      2.70    -18.80  1.00000
  1442      2.70    -18.75  1.00000
  1443      2.70    -18.70  1.00000
  1444      2.70    -18.65  1.00000
  1445      2.70    -18.60  1.00000
  1446      2.70    -18.55  1.00000
  1447      2.70    -18.50  1.00000
  1448      2.70    -18.45  1.00000
  1449      2.70    -18.40  1.00000
  1450      2.70    -18.35  1.00000
  1451      2.70    -18.30  1.00000
  1452      2.70    -18.25  1.00000
  1453      2.70    -18.20  1.00000
  1454      2.70    -18.15  1.00000
  1455      2.70    -18.10  1.00000
  1456      2.70    -18.05  1.00000
  1457      2.70    -18.00  1.00000
  1458      2.70    -17.95  1.00000
  1459      2.70    -17.90  1.00000
  1460      2.70    -17.85  1.00000
  1461      2.70    -17.80  1.00000
  1462      2.70    -17.75  1.00000
  1463      2.70    -17.70  1.00000
  1464      2.70    -17.65  1.00000
  1465      2.70    -17.60  1.00000
  1466      2.70    -17.55  1.00000
  1467      2.70    -17.50  1.00000
  1468      2.70    -17.45  1.00000
  1469      2.70    -17.40  1.00000
  1470      2.70    -17.35  1.00000
  1471      2.70    -17.30  1.00000
  1472      2.70    -17.25  1.00000
  1473      2.70    -17.20  1.00000
  1474      2.70    -17.15  1.00000
  1475      2.70    -17.10  1.00000
  1476      2.70    -17.05  1.00000
  1477      2.70    -17.00  1.00000
  1478      2.70    -16.95  1.00000
  1479      2.70    -16.90  1.00000
  1480      2.70    -16.85  1.00000
  1481      2.70    -16.80  1.00000
  1482      2.70    -16.75  1.00000
  1483      2.70    -16.70  1.00000
  1484      2.70    -16.65  1.00000
  1485      2.70    -16.60  1.00000
  1486      2.70    -16.55  1.00000
  1487      2.70    -16.50  1.00000
  1488      2.70    -16.45  1.00000
  1489      2.70    -16.40  1.00000
  1490      2.70    -16.35  1.00000
  1491      2.70    -16.30  1.00000
  1492      2.70    -16.25  1.00000
  1493      2.70    -16.20  1.00000
  1494      2.70    -16.15  1.00000
  1495      2.70    -16.10  1.00000
  1496      2.70    -16.05  1.00000
  1497      2.70    -16.00  1.00000
  1498      2.70    -15.95  1.00000
  1499      2.70    -15.90  1.00000
  1500      2.70    -15.85  1.00000
  1501      2.70    -15.80  1.00000
  1502      2.70    -15.75  1.00000
  1503      2.70    -15.70  1.00000
  1504      2.70    -15.65  1.00000
  1505      2.70    -15.60  1.00000
  1506      2.70    -15.55  1.00000
  1507      2.70    -15.50  1.00000
  1508      2.70    -15.45  1.00000
  1509      2.70    -15.40  1.00000
  1510      2.70    -15.35  1.00000
  1511      2.75    -22.85  1.00000
  1512      2.75    -22.80  1.00000
  1513      2.75    -22.75  1.00000
  1514      2.75    -22.70  1.00000
  1515      2.75    -22.65  1.00000
  1516      2.75    -22.60  1.00000
  1517      2.75    -22.55  1.00000
  1518      2.75    -22.50  1.00000
  1519      2.75    -22.45  1.00000
  1520      2.75    -22.40  1.00000
  1521      2.75    -22.35  1.00000
  1522      2.75    -22.30  1.00000
  1523      2.75    -22.25  1.00000
  1524      2.75    -22.20  1.00000
  1525      2.75    -22.15  1.00000
  1526      2.75    -22.10  1.00000
  1527      2.75    -22.05  1.00000
  1528      2.75    -22.00  1.00000
  1529      2.75    -21.95  1.00000
  1530      2.75    -21.90  1.00000
  1531      2.75    -21.85  1.00000
  1532      2.75    -21.80  1.00000
  1533      2.75    -21.75  1.00000
  1534      2.75    -21.70  1.00000
  1535      2.75    -21.65  1.00000
  1536      2.75    -21.60  1.00000
  1537      2.75    -21.55  1.00000
  1538      2.75    -21.50  1.00000
  1539      2.75    -21.45  1.00000
  1540      2.75    -21.40  1.00000
  1541      2.75    -21.35  1.00000
  1542      2.75    -21.30  1.00000
  1543      2.75    -21.25  1.00000
  1544      2.75    -21.20  1.00000
  1545      2.75    -21.15  1.00000
  1546      2.75    -21.10  1.00000
  1547      2.75    -21.05  1.00000
  1548      2.75    -21.00  1.00000
  1549      2.75    -20.95  1.00000
  1550      2.75    -20.90  1.00000
  1551      2.75    -20.85  1.00000
  1552      2.75    -20.80  1.00000
  1553      2.75    -20.75  1.00000
  1554      2.75    -20.70  1.00000
  1555      2.75    -20.65  1.00000
  1556      2.75    -20.60  1.00000
  1557      2.75    -20.55  1.00000
  1558      2.75    -20.50  1.00000
  1559      2.75    -20.45  1.00000
  1560      2.75    -20.40  1.00000
  1561      2.75    -20.35  1.00000
  1562      2.75    -20.30  1.00000
  1563      2.75    -20.25  1.00000
  1564      2.75    -20.20  1.00000
  1565      2.75    -20.15  1.00000
  1566      2.75    -20.10  1.00000
  1567      2.75    -20.05  1.00000
  1568      2.75    -20.00  1.00000
  1569      2.75    -19.95  1.00000
  1570      2.75    -19.90  1.00000
  1571      2.75    -19.85  1.00000
  1572      2.75    -19.80  1.00000
  1573      2.75    -19.75  1.00000
  1574      2.75    -19.70  1.00000
  1575      2.75    -19.65  1.00000
  1576      2.75    -19.60  1.00000
  1577      2.75    -19.55  1.00000
  1578      2.75    -19.50  1.00000
  1579      2.75    -19.45  1.00000
  1580      2.75    -19.40  1.00000
  1581      2.75    -19.35  1.00000
  1582      2.75    -19.30  1.00000
  1583      2.75    -19.25  1.00000
  1584      2.75    -19.20  1.00000
  1585      2.75    -19.15  1.00000
  1586      2.75    -19.10  1.00000
  1587      2.75    -19.05  1.00000
  1588      2.75    -19.00  1.00000
  1589      2.75    -18.95  1.00000
  1590      2.75    -18.90  1.00000
  1591      2.75    -18.85  1.00000
  1592      2.75    -18.80  1.00000
  1593      2.75    -18.75  1.00000
  1594      2.75    -18.70  1.00000
  1595      2.75    -18.65  1.00000
  1596      2.75    -18.60  1.00000
  1597      2.75    -18.55  1.00000
  1598      2.75    -18.50  1.00000
  1599      2.75    -18.45  1.00000
  1600      2.75    -18.40  1.00000
  1601      2.75    -18.35  1.00000
  1602      2.75    -18.30  1.00000
  1603      2.75    -18.25  1.00000
  1604      2.75    -18.20  1.00000
  1605      2.75    -18.15  1.00000
  1606      2.75    -18.10  1.00000
  1607      2.75    -18.05  1.00000
  1608      2.75    -18.00  1.00000
  1609      2.75    -17.95  1.00000
  1610      2.75    -17.90  1.00000
  1611      2.75    -17.85  1.00000
  1612      2.75    -17.80  1.00000
  1613      2.75    -17.75  1.00000
  1614      2.75    -17.70  1.00000
  1615      2.75    -17.65  1.00000
  1616      2.75    -17.60  1.00000
  1617      2.75    -17.55  1.00000
  1618      2.75    -17.50  1.00000
  1619      2.75    -17.45  1.00000
  1620      2.75    -17.40  1.00000
  1621      2.75    -17.35  1.00000
  1622      2.75    -17.30  1.00000
  1623      2.75    -17.25  1.00000
  1624      2.75    -17.20  1.00000
  1625      2.75    -17.15  1.00000
  1626      2.75    -17.10  1.00000
  1627      2.75    -17.05  1.00000
  1628      2.75    -17.00  1.00000
  1629      2.75    -16.95  1.00000
  1630      2.75    -16.90  1.00000
  1631      2.75    -16.85  1.00000
  1632      2.75    -16.80  1.00000
  1633      2.75    -16.75  1.00000
  1634      2.75    -16.70  1.00000
  1635      2.75    -16.65  1.00000
  1636      2.75    -16.60  1.00000
  1637      2.75    -16.55  1.00000
  1638      2.75    -16.50  1.00000
  1639      2.75    -16.45  1.00000
  1640      2.75    -16.40  1.00000
  1641      2.75    -16.35  1.00000
  1642      2.75    -16.30  1.00000
  1643      2.75    -16.25  1.00000
  1644      2.75    -16.20  1.00000
  1645      2.75    -16.15  1.00000
  1646      2.75    -16.10  1.00000
  1647      2.75    -16.05  1.00000
  1648      2.75    -16.00  1.00000
  1649      2.75    -15.95  1.00000
  1650      2.75    -15.90  1.00000
  1651      2.75    -15.85  1.00000
  1652      2.75    -15.80  1.00000
  1653      2.75    -15.75  1.00000
  1654      2.75    -15.70  1.00000
  1655      2.75    -15.65  1.00000
  1656      2.75    -15.60  1.00000
  1657      2.75    -15.55  1.00000
  1658      2.75    -15.50  1.00000
  1659      2.75    -15.45  1.00000
  1660      2.75    -15.40  1.00000
  1661      2.75    -15.35  1.00000
  1662      2.80    -22.85  1.00000
  1663      2.80    -22.80  1.00000
  1664      2.80    -22.75  1.00000
  1665      2.80    -22.70  1.00000
  1666      2.80    -22.65  1.00000
  1667      2.80    -22.60  1.00000
  1668      2.80    -22.55  1.00000
  1669      2.80    -22.50  1.00000
  1670      2.80    -22.45  1.00000
  1671      2.80    -22.40  1.00000
  1672      2.80    -22.35  1.00000
  1673      2.80    -22.30  1.00000
  1674      2.80    -22.25  1.00000
  1675      2.80    -22.20  1.00000
  1676      2.80    -22.15  1.00000
  1677      2.80    -22.10  1.00000
  1678      2.80    -22.05  1.00000
  1679      2.80    -22.00  1.00000
  1680      2.80    -21.95  1.00000
  1681      2.80    -21.90  1.00000
  1682      2.80    -21.85  1.00000
  1683      2.80    -21.80  1.00000
  1684      2.80    -21.75  1.00000
  1685      2.80    -21.70  1.00000
  1686      2.80    -21.65  1.00000
  1687      2.80    -21.60  1.00000
  1688      2.80    -21.55  1.00000
  1689      2.80    -21.50  1.00000
  1690      2.80    -21.45  1.00000
  1691      2.80    -21.40  1.00000
  1692      2.80    -21.35  1.00000
  1693      2.80    -21.30  1.00000
  1694      2.80    -21.25  1.00000
  1695      2.80    -21.20  1.00000
  1696      2.80    -21.15  1.00000
  1697      2.80    -21.10  1.00000
  1698      2.80    -21.05  1.00000
  1699      2.80    -21.00  1.00000
  1700      2.80    -20.95  1.00000
  1701      2.80    -20.90  1.00000
  1702      2.80    -20.85  1.00000
  1703      2.80    -20.80  1.00000
  1704      2.80    -20.75  1.00000
  1705      2.80    -20.70  1.00000
  1706      2.80    -20.65  1.00000
  1707      2.80    -20.60  1.00000
  1708      2.80    -20.55  1.00000
  1709      2.80    -20.50  1.00000
  1710      2.80    -20.45  1.00000
  1711      2.80    -20.40  1.00000
  1712      2.80    -20.35  1.00000
  1713      2.80    -20.30  1.00000
  1714      2.80    -20.25  1.00000
  1715      2.80    -20.20  1.00000
  1716      2.80    -20.15  1.00000
  1717      2.80    -20.10  1.00000
  1718      2.80    -20.05  1.00000
  1719      2.80    -20.00  1.00000
  1720      2.80    -19.95  1.00000
  1721      2.80    -19.90  1.00000
  1722      2.80    -19.85  1.00000
  1723      2.80    -19.80  1.00000
  1724      2.80    -19.75  1.00000
  1725      2.80    -19.70  1.00000
  1726      2.80    -19.65  1.00000
  1727      2.80    -19.60  1.00000
  1728      2.80    -19.55  1.00000
  1729      2.80    -19.50  1.00000
  1730      2.80    -19.45  1.00000
  1731      2.80    -19.40  1.00000
  1732      2.80    -19.35  1.00000
  1733      2.80    -19.30  1.00000
  1734      2.80    -19.25  1.00000
  1735      2.80    -19.20  1.00000
  1736      2.80    -19.15  1.00000
  1737      2.80    -19.10  1.00000
  1738      2.80    -19.05  1.00000
  1739      2.80    -19.00  1.00000
  1740      2.80    -18.95  1.00000
  1741      2.80    -18.90  1.00000
  1742      2.80    -18.85  1.00000
  1743      2.80    -18.80  1.00000
  1744      2.80    -18.75  1.00000
  1745      2.80    -18.70  1.00000
  1746      2.80    -18.65  1.00000
  1747      2.80    -18.60  1.00000
  1748      2.80    -18.55  1.00000
  1749      2.80    -18.50  1.00000
  1750      2.80    -18.45  1.00000
  1751      2.80    -18.40  1.00000
  1752      2.80    -18.35  1.00000
  1753      2.80    -18.30  1.00000
  1754      2.80    -18.25  1.00000
  1755      2.80    -18.20  1.00000
  1756      2.80    -18.15  1.00000
  1757      2.80    -18.10  1.00000
  1758      2.80    -18.05  1.00000
  1759      2.80    -18.00  1.00000
  1760      2.80    -17.95  1.00000
  1761      2.80    -17.90  1.00000
  1762      2.80    -17.85  1.00000
  1763      2.80    -17.80  1.00000
  1764      2.80    -17.75  1.00000
  1765      2.80    -17.70  1.00000
  1766      2.80    -17.65  1.00000
  1767      2.80    -17.60  1.00000
  1768      2.80    -17.55  1.00000
  1769      2.80    -17.50  1.00000
  1770      2.80    -17.45  1.00000
  1771      2.80    -17.40  1.00000
  1772      2.80    -17.35  1.00000
  1773      2.80    -17.30  1.00000
  1774      2.80    -17.25  1.00000
  1775      2.80    -17.20  1.00000
  1776      2.80    -17.15  1.00000
  1777      2.80    -17.10  1.00000
  1778      2.80    -17.05  1.00000
  1779      2.80    -17.00  1.00000
  1780      2.80    -16.95  1.00000
  1781      2.80    -16.90  1.00000
  1782      2.80    -16.85  1.00000
  1783      2.80    -16.80  1.00000
  1784      2.80    -16.75  1.00000
  1785      2.80    -16.70  1.00000
  1786      2.80    -16.65  1.00000
  1787      2.80    -16.60  1.00000
  1788      2.80    -16.55  1.00000
  1789      2.80    -16.50  1.00000
  1790      2.80    -16.45  1.00000
  1791      2.80    -16.40  1.00000
  1792      2.80    -16.35  1.00000
  1793      2.80    -16.30  1.00000
  1794      2.80    -16.25  1.00000
  1795      2.80    -16.20  1.00000
  1796      2.80    -16.15  1.00000
  1797      2.80    -16.10  1.00000
  1798      2.80    -16.05  1.00000
  1799      2.80    -16.00  1.00000
  1800      2.80    -15.95  1.00000
  1801      2.80    -15.90  1.00000
  1802      2.80    -15.85  1.00000
  1803      2.80    -15.80  1.00000
  1804      2.80    -15.75  1.00000
  1805      2.80    -15.70  1.00000
  1806      2.80    -15.65  1.00000
  1807      2.80    -15.60  1.00000
  1808      2.80    -15.55  1.00000
  1809      2.80    -15.50  1.00000
  1810      2.80    -15.45  1.00000
  1811      2.80    -15.40  1.00000
  1812      2.80    -15.35  1.00000
  1813      2.85    -22.85  1.00000
  1814      2.85    -22.80  1.00000
  1815      2.85    -22.75  1.00000
  1816      2.85    -22.70  1.00000
  1817      2.85    -22.65  1.00000
  1818      2.85    -22.60  1.00000
  1819      2.85    -22.55  1.00000
  1820      2.85    -22.50  1.00000
  1821      2.85    -22.45  1.00000
  1822      2.85    -22.40  1.00000
  1823      2.85    -22.35  1.00000
  1824      2.85    -22.30  1.00000
  1825      2.85    -22.25  1.00000
  1826      2.85    -22.20  1.00000
  1827      2.85    -22.15  1.00000
  1828      2.85    -22.10  1.00000
  1829      2.85    -22.05  1.00000
  1830      2.85    -22.00  1.00000
  1831      2.85    -21.95  1.00000
  1832      2.85    -21.90  1.00000
  1833      2.85    -21.85  1.00000
  1834      2.85    -21.80  1.00000
  1835      2.85    -21.75  1.00000
  1836      2.85    -21.70  1.00000
  1837      2.85    -21.65  1.00000
  1838      2.85    -21.60  1.00000
  1839      2.85    -21.55  1.00000
  1840      2.85    -21.50  1.00000
  1841      2.85    -21.45  1.00000
  1842      2.85    -21.40  1.00000
  1843      2.85    -21.35  1.00000
  1844      2.85    -21.30  1.00000
  1845      2.85    -21.25  1.00000
  1846      2.85    -21.20  1.00000
  1847      2.85    -21.15  1.00000
  1848      2.85    -21.10  1.00000
  1849      2.85    -21.05  1.00000
  1850      2.85    -21.00  1.00000
  1851      2.85    -20.95  1.00000
  1852      2.85    -20.90  1.00000
  1853      2.85    -20.85  1.00000
  1854      2.85    -20.80  1.00000
  1855      2.85    -20.75  1.00000
  1856      2.85    -20.70  1.00000
  1857      2.85    -20.65  1.00000
  1858      2.85    -20.60  1.00000
  1859      2.85    -20.55  1.00000
  1860      2.85    -20.50  1.00000
  1861      2.85    -20.45  1.00000
  1862      2.85    -20.40  1.00000
  1863      2.85    -20.35  1.00000
  1864      2.85    -20.30  1.00000
  1865      2.85    -20.25  1.00000
  1866      2.85    -20.20  1.00000
  1867      2.85    -20.15  1.00000
  1868      2.85    -20.10  1.00000
  1869      2.85    -20.05  1.00000
  1870      2.85    -20.00  1.00000
  1871      2.85    -19.95  1.00000
  1872      2.85    -19.90  1.00000
  1873      2.85    -19.85  1.00000
  1874      2.85    -19.80  1.00000
  1875      2.85    -19.75  1.00000
  1876      2.85    -19.70  1.00000
  1877      2.85    -19.65  1.00000
  1878      2.85    -19.60  1.00000
  1879      2.85    -19.55  1.00000
  1880      2.85    -19.50  1.00000
  1881      2.85    -19.45  1.00000
  1882      2.85    -19.40  1.00000
  1883      2.85    -19.35  1.00000
  1884      2.85    -19.30  1.00000
  1885      2.85    -19.25  1.00000
  1886      2.85    -19.20  1.00000
  1887      2.85    -19.15  1.00000
  1888      2.85    -19.10  1.00000
  1889      2.85    -19.05  1.00000
  1890      2.85    -19.00  1.00000
  1891      2.85    -18.95  1.00000
  1892      2.85    -18.90  1.00000
  1893      2.85    -18.85  1.00000
  1894      2.85    -18.80  1.00000
  1895      2.85    -18.75  1.00000
  1896      2.85    -18.70  1.00000
  1897      2.85    -18.65  1.00000
  1898      2.85    -18.60  1.00000
  1899      2.85    -18.55  1.00000
  1900      2.85    -18.50  1.00000
  1901      2.85    -18.45  1.00000
  1902      2.85    -18.40  1.00000
  1903      2.85    -18.35  1.00000
  1904      2.85    -18.30  1.00000
  1905      2.85    -18.25  1.00000
  1906      2.85    -18.20  1.00000
  1907      2.85    -18.15  1.00000
  1908      2.85    -18.10  1.00000
  1909      2.85    -18.05  1.00000
  1910      2.85    -18.00  1.00000
  1911      2.85    -17.95  1.00000
  1912      2.85    -17.90  1.00000
  1913      2.85    -17.85  1.00000
  1914      2.85    -17.80  1.00000
  1915      2.85    -17.75  1.00000
  1916      2.85    -17.70  1.00000
  1917      2.85    -17.65  1.00000
  1918      2.85    -17.60  1.00000
  1919      2.85    -17.55  1.00000
  1920      2.85    -17.50  1.00000
  1921      2.85    -17.45  1.00000
  1922      2.85    -17.40  1.00000
  1923      2.85    -17.35  1.00000
  1924      2.85    -17.30  1.00000
  1925      2.85    -17.25  1.00000
  1926      2.85    -17.20  1.00000
  1927      2.85    -17.15  1.00000
  1928      2.85    -17.10  1.00000
  1929      2.85    -17.05  1.00000
  1930      2.85    -17.00  1.00000
  1931      2.85    -16.95  1.00000
  1932      2.85    -16.90  1.00000
  1933      2.85    -16.85  1.00000
  1934      2.85    -16.80  1.00000
  1935      2.85    -16.75  1.00000
  1936      2.85    -16.70  1.00000
  1937      2.85    -16.65  1.00000
  1938      2.85    -16.60  1.00000
  1939      2.85    -16.55  1.00000
  1940      2.85    -16.50  1.00000
  1941      2.85    -16.45  1.00000
  1942      2.85    -16.40  1.00000
  1943      2.85    -16.35  1.00000
  1944      2.85    -16.30  1.00000
  1945      2.85    -16.25  1.00000
  1946      2.85    -16.20  1.00000
  1947      2.85    -16.15  1.00000
  1948      2.85    -16.10  1.00000
  1949      2.85    -16.05  1.00000
  1950      2.85    -16.00  1.00000
  1951      2.85    -15.95  1.00000
  1952      2.85    -15.90  1.00000
  1953      2.85    -15.85  1.00000
  1954      2.85    -15.80  1.00000
  1955      2.85    -15.75  1.00000
  1956      2.85    -15.70  1.00000
  1957      2.85    -15.65  1.00000
  1958      2.85    -15.60  1.00000
  1959      2.85    -15.55  1.00000
  1960      2.85    -15.50  1.00000
  1961      2.85    -15.45  1.00000
  1962      2.85    -15.40  1.00000
  1963      2.85    -15.35  1.00000
  1964      2.90    -22.85  1.00000
  1965      2.90    -22.80  1.00000
  1966      2.90    -22.75  1.00000
  1967      2.90    -22.70  1.00000
  1968      2.90    -22.65  1.00000
  1969      2.90    -22.60  1.00000
  1970      2.90    -22.55  1.00000
  1971      2.90    -22.50  1.00000
  1972      2.90    -22.45  1.00000
  1973      2.90    -22.40  1.00000
  1974      2.90    -22.35  1.00000
  1975      2.90    -22.30  1.00000
  1976      2.90    -22.25  1.00000
  1977      2.90    -22.20  1.00000
  1978      2.90    -22.15  1.00000
  1979      2.90    -22.10  1.00000
  1980      2.90    -22.05  1.00000
  1981      2.90    -22.00  1.00000
  1982      2.90    -21.95  1.00000
  1983      2.90    -21.90  1.00000
  1984      2.90    -21.85  1.00000
  1985      2.90    -21.80  1.00000
  1986      2.90    -21.75  1.00000
  1987      2.90    -21.70  1.00000
  1988      2.90    -21.65  1.00000
  1989      2.90    -21.60  1.00000
  1990      2.90    -21.55  1.00000
  1991      2.90    -21.50  1.00000
  1992      2.90    -21.45  1.00000
  1993      2.90    -21.40  1.00000
  1994      2.90    -21.35  1.00000
  1995      2.90    -21.30  1.00000
  1996      2.90    -21.25  1.00000
  1997      2.90    -21.20  1.00000
  1998      2.90    -21.15  1.00000
  1999      2.90    -21.10  1.00000
  2000      2.90    -21.05  1.00000
  2001      2.90    -21.00  1.00000
  2002      2.90    -20.95  1.00000
  2003      2.90    -20.90  1.00000
  2004      2.90    -20.85  1.00000
  2005      2.90    -20.80  1.00000
  2006      2.90    -20.75  1.00000
  2007      2.90    -20.70  1.00000
  2008      2.90    -20.65  1.00000
  2009      2.90    -20.60  1.00000
  2010      2.90    -20.55  1.00000
  2011      2.90    -20.50  1.00000
  2012      2.90    -20.45  1.00000
  2013      2.90    -20.40  1.00000
  2014      2.90    -20.35  1.00000
  2015      2.90    -20.30  1.00000
  2016      2.90    -20.25  1.00000
  2017      2.90    -20.20  1.00000
  2018      2.90    -20.15  1.00000
  2019      2.90    -20.10  1.00000
  2020      2.90    -20.05  1.00000
  2021      2.90    -20.00  1.00000
  2022      2.90    -19.95  1.00000
  2023      2.90    -19.90  1.00000
  2024      2.90    -19.85  1.00000
  2025      2.90    -19.80  1.00000
  2026      2.90    -19.75  1.00000
  2027      2.90    -19.70  1.00000
  2028      2.90    -19.65  1.00000
  2029      2.90    -19.60  1.00000
  2030      2.90    -19.55  1.00000
  2031      2.90    -19.50  1.00000
  2032      2.90    -19.45  1.00000
  2033      2.90    -19.40  1.00000
  2034      2.90    -19.35  1.00000
  2035      2.90    -19.30  1.00000
  2036      2.90    -19.25  1.00000
  2037      2.90    -19.20  1.00000
  2038      2.90    -19.15  1.00000
  2039      2.90    -19.10  1.00000
  2040      2.90    -19.05  1.00000
  2041      2.90    -19.00  1.00000
  2042      2.90    -18.95  1.00000
  2043      2.90    -18.90  1.00000
  2044      2.90    -18.85  1.00000
  2045      2.90    -18.80  1.00000
  2046      2.90    -18.75  1.00000
  2047      2.90    -18.70  1.00000
  2048      2.90    -18.65  1.00000
  2049      2.90    -18.60  1.00000
  2050      2.90    -18.55  1.00000
  2051      2.90    -18.50  1.00000
  2052      2.90    -18.45  1.00000
  2053      2.90    -18.40  1.00000
  2054      2.90    -18.35  1.00000
  2055      2.90    -18.30  1.00000
  2056      2.90    -18.25  1.00000
  2057      2.90    -18.20  1.00000
  2058      2.90    -18.15  1.00000
  2059      2.90    -18.10  1.00000
  2060      2.90    -18.05  1.00000
  2061      2.90    -18.00  1.00000
  2062      2.90    -17.95  1.00000
  2063      2.90    -17.90  1.00000
  2064      2.90    -17.85  1.00000
  2065      2.90    -17.80  1.00000
  2066      2.90    -17.75  1.00000
  2067      2.90    -17.70  1.00000
  2068      2.90    -17.65  1.00000
  2069      2.90    -17.60  1.00000
  2070      2.90    -17.55  1.00000
  2071      2.90    -17.50  1.00000
  2072      2.90    -17.45  1.00000
  2073      2.90    -17.40  1.00000
  2074      2.90    -17.35  1.00000
  2075      2.90    -17.30  1.00000
  2076      2.90    -17.25  1.00000
  2077      2.90    -17.20  1.00000
  2078      2.90    -17.15  1.00000
  2079      2.90    -17.10  1.00000
  2080      2.90    -17.05  1.00000
  2081      2.90    -17.00  1.00000
  2082      2.90    -16.95  1.00000
  2083      2.90    -16.90  1.00000
  2084      2.90    -16.85  1.00000
  2085      2.90    -16.80  1.00000
  2086      2.90    -16.75  1.00000
  2087      2.90    -16.70  1.00000
  2088      2.90    -16.65  1.00000
  2089      2.90    -16.60  1.00000
  2090      2.90    -16.55  1.00000
  2091      2.90    -16.50  1.00000
  2092      2.90    -16.45  1.00000
  2093      2.90    -16.40  1.00000
  2094      2.90    -16.35  1.00000
  2095      2.90    -16.30  1.00000
  2096      2.90    -16.25  1.00000
  2097      2.90    -16.20  1.00000
  2098      2.90    -16.15  1.00000
  2099      2.90    -16.10  1.00000
  2100      2.90    -16.05  1.00000
  2101      2.90    -16.00  1.00000
  2102      2.90    -15.95  1.00000
  2103      2.90    -15.90  1.00000
  2104      2.90    -15.85  1.00000
  2105      2.90    -15.80  1.00000
  2106      2.90    -15.75  1.00000
  2107      2.90    -15.70  1.00000
  2108      2.90    -15.65  1.00000
  2109      2.90    -15.60  1.00000
  2110      2.90    -15.55  1.00000
  2111      2.90    -15.50  1.00000
  2112      2.90    -15.45  1.00000
  2113      2.90    -15.40  1.00000
  2114      2.90    -15.35  1.00000
  2115      2.95    -22.85  1.00000
  2116      2.95    -22.80  1.00000
  2117      2.95    -22.75  1.00000
  2118      2.95    -22.70  1.00000
  2119      2.95    -22.65  1.00000
  2120      2.95    -22.60  1.00000
  2121      2.95    -22.55  1.00000
  2122      2.95    -22.50  1.00000
  2123      2.95    -22.45  1.00000
  2124      2.95    -22.40  1.00000
  2125      2.95    -22.35  1.00000
  2126      2.95    -22.30  1.00000
  2127      2.95    -22.25  1.00000
  2128      2.95    -22.20  1.00000
  2129      2.95    -22.15  1.00000
  2130      2.95    -22.10  1.00000
  2131      2.95    -22.05  1.00000
  2132      2.95    -22.00  1.00000
  2133      2.95    -21.95  1.00000
  2134      2.95    -21.90  1.00000
  2135      2.95    -21.85  1.00000
  2136      2.95    -21.80  1.00000
  2137      2.95    -21.75  1.00000
  2138      2.95    -21.70  1.00000
  2139      2.95    -21.65  1.00000
  2140      2.95    -21.60  1.00000
  2141      2.95    -21.55  1.00000
  2142      2.95    -21.50  1.00000
  2143      2.95    -21.45  1.00000
  2144      2.95    -21.40  1.00000
  2145      2.95    -21.35  1.00000
  2146      2.95    -21.30  1.00000
  2147      2.95    -21.25  1.00000
  2148      2.95    -21.20  1.00000
  2149      2.95    -21.15  1.00000
  2150      2.95    -21.10  1.00000
  2151      2.95    -21.05  1.00000
  2152      2.95    -21.00  1.00000
  2153      2.95    -20.95  1.00000
  2154      2.95    -20.90  1.00000
  2155      2.95    -20.85  1.00000
  2156      2.95    -20.80  1.00000
  2157      2.95    -20.75  1.00000
  2158      2.95    -20.70  1.00000
  2159      2.95    -20.65  1.00000
  2160      2.95    -20.60  1.00000
  2161      2.95    -20.55  1.00000
  2162      2.95    -20.50  1.00000
  2163      2.95    -20.45  1.00000
  2164      2.95    -20.40  1.00000
  2165      2.95    -20.35  1.00000
  2166      2.95    -20.30  1.00000
  2167      2.95    -20.25  1.00000
  2168      2.95    -20.20  1.00000
  2169      2.95    -20.15  1.00000
  2170      2.95    -20.10  1.00000
  2171      2.95    -20.05  1.00000
  2172      2.95    -20.00  1.00000
  2173      2.95    -19.95  1.00000
  2174      2.95    -19.90  1.00000
  2175      2.95    -19.85  1.00000
  2176      2.95    -19.80  1.00000
  2177      2.95    -19.75  1.00000
  2178      2.95    -19.70  1.00000
  2179      2.95    -19.65  1.00000
  2180      2.95    -19.60  1.00000
  2181      2.95    -19.55  1.00000
  2182      2.95    -19.50  1.00000
  2183      2.95    -19.45  1.00000
  2184      2.95    -19.40  1.00000
  2185      2.95    -19.35  1.00000
  2186      2.95    -19.30  1.00000
  2187      2.95    -19.25  1.00000
  2188      2.95    -19.20  1.00000
  2189      2.95    -19.15  1.00000
  2190      2.95    -19.10  1.00000
  2191      2.95    -19.05  1.00000
  2192      2.95    -19.00  1.00000
  2193      2.95    -18.95  1.00000
  2194      2.95    -18.90  1.00000
  2195      2.95    -18.85  1.00000
  2196      2.95    -18.80  1.00000
  2197      2.95    -18.75  1.00000
  2198      2.95    -18.70  1.00000
  2199      2.95    -18.65  1.00000
  2200      2.95    -18.60  1.00000
  2201      2.95    -18.55  1.00000
  2202      2.95    -18.50  1.00000
  2203      2.95    -18.45  1.00000
  2204      2.95    -18.40  1.00000
  2205      2.95    -18.35  1.00000
  2206      2.95    -18.30  1.00000
  2207      2.95    -18.25  1.00000
  2208      2.95    -18.20  1.00000
  2209      2.95    -18.15  1.00000
  2210      2.95    -18.10  1.00000
  2211      2.95    -18.05  1.00000
  2212      2.95    -18.00  1.00000
  2213      2.95    -17.95  1.00000
  2214      2.95    -17.90  1.00000
  2215      2.95    -17.85  1.00000
  2216      2.95    -17.80  1.00000
  2217      2.95    -17.75  1.00000
  2218      2.95    -17.70  1.00000
  2219      2.95    -17.65  1.00000
  2220      2.95    -17.60  1.00000
  2221      2.95    -17.55  1.00000
  2222      2.95    -17.50  1.00000
  2223      2.95    -17.45  1.00000
  2224      2.95    -17.40  1.00000
  2225      2.95    -17.35  1.00000
  2226      2.95    -17.30  1.00000
  2227      2.95    -17.25  1.00000
  2228      2.95    -17.20  1.00000
  2229      2.95    -17.15  1.00000
  2230      2.95    -17.10  1.00000
  2231      2.95    -17.05  1.00000
  2232      2.95    -17.00  1.00000
  2233      2.95    -16.95  1.00000
  2234      2.95    -16.90  1.00000
  2235      2.95    -16.85  1.00000
  2236      2.95    -16.80  1.00000
  2237      2.95    -16.75  1.00000
  2238      2.95    -16.70  1.00000
  2239      2.95    -16.65  1.00000
  2240      2.95    -16.60  1.00000
  2241      2.95    -16.55  1.00000
  2242      2.95    -16.50  1.00000
  2243      2.95    -16.45  1.00000
  2244      2.95    -16.40  1.00000
  2245      2.95    -16.35  1.00000
  2246      2.95    -16.30  1.00000
  2247      2.95    -16.25  1.00000
  2248      2.95    -16.20  1.00000
  2249      2.95    -16.15  1.00000
  2250      2.95    -16.10  1.00000
  2251      2.95    -16.05  1.00000
  2252      2.95    -16.00  1.00000
  2253      2.95    -15.95  1.00000
  2254      2.95    -15.90  1.00000
  2255      2.95    -15.85  1.00000
  2256      2.95    -15.80  1.00000
  2257      2.95    -15.75  1.00000
  2258      2.95    -15.70  1.00000
  2259      2.95    -15.65  1.00000
  2260      2.95    -15.60  1.00000
  2261      2.95    -15.55  1.00000
  2262      2.95    -15.50  1.00000
  2263      2.95    -15.45  1.00000
  2264      2.95    -15.40  1.00000
  2265      2.95    -15.35  1.00000
  2266      3.00    -22.85  1.00000
  2267      3.00    -22.80  1.00000
  2268      3.00    -22.75  1.00000
  2269      3.00    -22.70  1.00000
  2270      3.00    -22.65  1.00000
  2271      3.00    -22.60  1.00000
  2272      3.00    -22.55  1.00000
  2273      3.00    -22.50  1.00000
  2274      3.00    -22.45  1.00000
  2275      3.00    -22.40  1.00000
  2276      3.00    -22.35  1.00000
  2277      3.00    -22.30  1.00000
  2278      3.00    -22.25  1.00000
  2279      3.00    -22.20  1.00000
  2280      3.00    -22.15  1.00000
  2281      3.00    -22.10  1.00000
  2282      3.00    -22.05  1.00000
  2283      3.00    -22.00  1.00000
  2284      3.00    -21.95  1.00000
  2285      3.00    -21.90  1.00000
  2286      3.00    -21.85  1.00000
  2287      3.00    -21.80  1.00000
  2288      3.00    -21.75  1.00000
  2289      3.00    -21.70  1.00000
  2290      3.00    -21.65  1.00000
  2291      3.00    -21.60  1.00000
  2292      3.00    -21.55  1.00000
  2293      3.00    -21.50  1.00000
  2294      3.00    -21.45  1.00000
  2295      3.00    -21.40  1.00000
  2296      3.00    -21.35  1.00000
  2297      3.00    -21.30  1.00000
  2298      3.00    -21.25  1.00000
  2299      3.00    -21.20  1.00000
  2300      3.00    -21.15  1.00000
  2301      3.00    -21.10  1.00000
  2302      3.00    -21.05  1.00000
  2303      3.00    -21.00  1.00000
  2304      3.00    -20.95  1.00000
  2305      3.00    -20.90  1.00000
  2306      3.00    -20.85  1.00000
  2307      3.00    -20.80  1.00000
  2308      3.00    -20.75  1.00000
  2309      3.00    -20.70  1.00000
  2310      3.00    -20.65  1.00000
  2311      3.00    -20.60  1.00000
  2312      3.00    -20.55  1.00000
  2313      3.00    -20.50  1.00000
  2314      3.00    -20.45  1.00000
  2315      3.00    -20.40  1.00000
  2316      3.00    -20.35  1.00000
  2317      3.00    -20.30  1.00000
  2318      3.00    -20.25  1.00000
  2319      3.00    -20.20  1.00000
  2320      3.00    -20.15  1.00000
  2321      3.00    -20.10  1.00000
  2322      3.00    -20.05  1.00000
  2323      3.00    -20.00  1.00000
  2324      3.00    -19.95  1.00000
  2325      3.00    -19.90  1.00000
  2326      3.00    -19.85  1.00000
  2327      3.00    -19.80  1.00000
  2328      3.00    -19.75  1.00000
  2329      3.00    -19.70  1.00000
  2330      3.00    -19.65  1.00000
  2331      3.00    -19.60  1.00000
  2332      3.00    -19.55  1.00000
  2333      3.00    -19.50  1.00000
  2334      3.00    -19.45  1.00000
  2335      3.00    -19.40  1.00000
  2336      3.00    -19.35  1.00000
  2337      3.00    -19.30  1.00000
  2338      3.00    -19.25  1.00000
  2339      3.00    -19.20  1.00000
  2340      3.00    -19.15  1.00000
  2341      3.00    -19.10  1.00000
  2342      3.00    -19.05  1.00000
  2343      3.00    -19.00  1.00000
  2344      3.00    -18.95  1.00000
  2345      3.00    -18.90  1.00000
  2346      3.00    -18.85  1.00000
  2347      3.00    -18.80  1.00000
  2348      3.00    -18.75  1.00000
  2349      3.00    -18.70  1.00000
  2350      3.00    -18.65  1.00000
  2351      3.00    -18.60  1.00000
  2352      3.00    -18.55  1.00000
  2353      3.00    -18.50  1.00000
  2354      3.00    -18.45  1.00000
  2355      3.00    -18.40  1.00000
  2356      3.00    -18.35  1.00000
  2357      3.00    -18.30  1.00000
  2358      3.00    -18.25  1.00000
  2359      3.00    -18.20  1.00000
  2360      3.00    -18.15  1.00000
  2361      3.00    -18.10  1.00000
  2362      3.00    -18.05  1.00000
  2363      3.00    -18.00  1.00000
  2364      3.00    -17.95  1.00000
  2365      3.00    -17.90  1.00000
  2366      3.00    -17.85  1.00000
  2367      3.00    -17.80  1.00000
  2368      3.00    -17.75  1.00000
  2369      3.00    -17.70  1.00000
  2370      3.00    -17.65  1.00000
  2371      3.00    -17.60  1.00000
  2372      3.00    -17.55  1.00000
  2373      3.00    -17.50  1.00000
  2374      3.00    -17.45  1.00000
  2375      3.00    -17.40  1.00000
  2376      3.00    -17.35  1.00000
  2377      3.00    -17.30  1.00000
  2378      3.00    -17.25  1.00000
  2379      3.00    -17.20  1.00000
  2380      3.00    -17.15  1.00000
  2381      3.00    -17.10  1.00000
  2382      3.00    -17.05  1.00000
  2383      3.00    -17.00  1.00000
  2384      3.00    -16.95  1.00000
  2385      3.00    -16.90  1.00000
  2386      3.00    -16.85  1.00000
  2387      3.00    -16.80  1.00000
  2388      3.00    -16.75  1.00000
  2389      3.00    -16.70  1.00000
  2390      3.00    -16.65  1.00000
  2391      3.00    -16.60  1.00000
  2392      3.00    -16.55  1.00000
  2393      3.00    -16.50  1.00000
  2394      3.00    -16.45  1.00000
  2395      3.00    -16.40  1.00000
  2396      3.00    -16.35  1.00000
  2397      3.00    -16.30  1.00000
  2398      3.00    -16.25  1.00000
  2399      3.00    -16.20  1.00000
  2400      3.00    -16.15  1.00000
  2401      3.00    -16.10  1.00000
  2402      3.00    -16.05  1.00000
  2403      3.00    -16.00  1.00000
  2404      3.00    -15.95  1.00000
  2405      3.00    -15.90  1.00000
  2406      3.00    -15.85  1.00000
  2407      3.00    -15.80  1.00000
  2408      3.00    -15.75  1.00000
  2409      3.00    -15.70  1.00000
  2410      3.00    -15.65  1.00000
  2411      3.00    -15.60  1.00000
  2412      3.00    -15.55  1.00000
  2413      3.00    -15.50  1.00000
  2414      3.00    -15.45  1.00000
  2415      3.00    -15.40  1.00000
  2416      3.00    -15.35  1.00000
  2417      3.05    -22.85  1.00000
  2418      3.05    -22.80  1.00000
  2419      3.05    -22.75  1.00000
  2420      3.05    -22.70  1.00000
  2421      3.05    -22.65  1.00000
  2422      3.05    -22.60  1.00000
  2423      3.05    -22.55  1.00000
  2424      3.05    -22.50  1.00000
  2425      3.05    -22.45  1.00000
  2426      3.05    -22.40  1.00000
  2427      3.05    -22.35  1.00000
  2428      3.05    -22.30  1.00000
  2429      3.05    -22.25  1.00000
  2430      3.05    -22.20  1.00000
  2431      3.05    -22.15  1.00000
  2432      3.05    -22.10  1.00000
  2433      3.05    -22.05  1.00000
  2434      3.05    -22.00  1.00000
  2435      3.05    -21.95  1.00000
  2436      3.05    -21.90  1.00000
  2437      3.05    -21.85  1.00000
  2438      3.05    -21.80  1.00000
  2439      3.05    -21.75  1.00000
  2440      3.05    -21.70  1.00000
  2441      3.05    -21.65  1.00000
  2442      3.05    -21.60  1.00000
  2443      3.05    -21.55  1.00000
  2444      3.05    -21.50  1.00000
  2445      3.05    -21.45  1.00000
  2446      3.05    -21.40  1.00000
  2447      3.05    -21.35  1.00000
  2448      3.05    -21.30  1.00000
  2449      3.05    -21.25  1.00000
  2450      3.05    -21.20  1.00000
  2451      3.05    -21.15  1.00000
  2452      3.05    -21.10  1.00000
  2453      3.05    -21.05  1.00000
  2454      3.05    -21.00  1.00000
  2455      3.05    -20.95  1.00000
  2456      3.05    -20.90  1.00000
  2457      3.05    -20.85  1.00000
  2458      3.05    -20.80  1.00000
  2459      3.05    -20.75  1.00000
  2460      3.05    -20.70  1.00000
  2461      3.05    -20.65  1.00000
  2462      3.05    -20.60  1.00000
  2463      3.05    -20.55  1.00000
  2464      3.05    -20.50  1.00000
  2465      3.05    -20.45  1.00000
  2466      3.05    -20.40  1.00000
  2467      3.05    -20.35  1.00000
  2468      3.05    -20.30  1.00000
  2469      3.05    -20.25  1.00000
  2470      3.05    -20.20  1.00000
  2471      3.05    -20.15  1.00000
  2472      3.05    -20.10  1.00000
  2473      3.05    -20.05  1.00000
  2474      3.05    -20.00  1.00000
  2475      3.05    -19.95  1.00000
  2476      3.05    -19.90  1.00000
  2477      3.05    -19.85  1.00000
  2478      3.05    -19.80  1.00000
  2479      3.05    -19.75  1.00000
  2480      3.05    -19.70  1.00000
  2481      3.05    -19.65  1.00000
  2482      3.05    -19.60  1.00000
  2483      3.05    -19.55  1.00000
  2484      3.05    -19.50  1.00000
  2485      3.05    -19.45  1.00000
  2486      3.05    -19.40  1.00000
  2487      3.05    -19.35  1.00000
  2488      3.05    -19.30  1.00000
  2489      3.05    -19.25  1.00000
  2490      3.05    -19.20  1.00000
  2491      3.05    -19.15  1.00000
  2492      3.05    -19.10  1.00000
  2493      3.05    -19.05  1.00000
  2494      3.05    -19.00  1.00000
  2495      3.05    -18.95  1.00000
  2496      3.05    -18.90  1.00000
  2497      3.05    -18.85  1.00000
  2498      3.05    -18.80  1.00000
  2499      3.05    -18.75  1.00000
  2500      3.05    -18.70  1.00000
  2501      3.05    -18.65  1.00000
  2502      3.05    -18.60  1.00000
  2503      3.05    -18.55  1.00000
  2504      3.05    -18.50  1.00000
  2505      3.05    -18.45  1.00000
  2506      3.05    -18.40  1.00000
  2507      3.05    -18.35  1.00000
  2508      3.05    -18.30  1.00000
  2509      3.05    -18.25  1.00000
  2510      3.05    -18.20  1.00000
  2511      3.05    -18.15  1.00000
  2512      3.05    -18.10  1.00000
  2513      3.05    -18.05  1.00000
  2514      3.05    -18.00  1.00000
  2515      3.05    -17.95  1.00000
  2516      3.05    -17.90  1.00000
  2517      3.05    -17.85  1.00000
  2518      3.05    -17.80  1.00000
  2519      3.05    -17.75  1.00000
  2520      3.05    -17.70  1.00000
  2521      3.05    -17.65  1.00000
  2522      3.05    -17.60  1.00000
  2523      3.05    -17.55  1.00000
  2524      3.05    -17.50  1.00000
  2525      3.05    -17.45  1.00000
  2526      3.05    -17.40  1.00000
  2527      3.05    -17.35  1.00000
  2528      3.05    -17.30  1.00000
  2529      3.05    -17.25  1.00000
  2530      3.05    -17.20  1.00000
  2531      3.05    -17.15  1.00000
  2532      3.05    -17.10  1.00000
  2533      3.05    -17.05  1.00000
  2534      3.05    -17.00  1.00000
  2535      3.05    -16.95  1.00000
  2536      3.05    -16.90  1.00000
  2537      3.05    -16.85  1.00000
  2538      3.05    -16.80  1.00000
  2539      3.05    -16.75  1.00000
  2540      3.05    -16.70  1.00000
  2541      3.05    -16.65  1.00000
  2542      3.05    -16.60  1.00000
  2543      3.05    -16.55  1.00000
  2544      3.05    -16.50  1.00000
  2545      3.05    -16.45  1.00000
  2546      3.05    -16.40  1.00000
  2547      3.05    -16.35  1.00000
  2548      3.05    -16.30  1.00000
  2549      3.05    -16.25  1.00000
  2550      3.05    -16.20  1.00000
  2551      3.05    -16.15  1.00000
  2552      3.05    -16.10  1.00000
  2553      3.05    -16.05  1.00000
  2554      3.05    -16.00  1.00000
  2555      3.05    -15.95  1.00000
  2556      3.05    -15.90  1.00000
  2557      3.05    -15.85  1.00000
  2558      3.05    -15.80  1.00000
  2559      3.05    -15.75  1.00000
  2560      3.05    -15.70  1.00000
  2561      3.05    -15.65  1.00000
  2562      3.05    -15.60  1.00000
  2563      3.05    -15.55  1.00000
  2564      3.05    -15.50  1.00000
  2565      3.05    -15.45  1.00000
  2566      3.05    -15.40  1.00000
  2567      3.05    -15.35  1.00000
  2568      3.10    -22.85  1.00000
  2569      3.10    -22.80  1.00000
  2570      3.10    -22.75  1.00000
  2571      3.10    -22.70  1.00000
  2572      3.10    -22.65  1.00000
  2573      3.10    -22.60  1.00000
  2574      3.10    -22.55  1.00000
  2575      3.10    -22.50  1.00000
  2576      3.10    -22.45  1.00000
  2577      3.10    -22.40  1.00000
  2578      3.10    -22.35  1.00000
  2579      3.10    -22.30  1.00000
  2580      3.10    -22.25  1.00000
  2581      3.10    -22.20  1.00000
  2582      3.10    -22.15  1.00000
  2583      3.10    -22.10  1.00000
  2584      3.10    -22.05  1.00000
  2585      3.10    -22.00  1.00000
  2586      3.10    -21.95  1.00000
  2587      3.10    -21.90  1.00000
  2588      3.10    -21.85  1.00000
  2589      3.10    -21.80  1.00000
  2590      3.10    -21.75  1.00000
  2591      3.10    -21.70  1.00000
  2592      3.10    -21.65  1.00000
  2593      3.10    -21.60  1.00000
  2594      3.10    -21.55  1.00000
  2595      3.10    -21.50  1.00000
  2596      3.10    -21.45  1.00000
  2597      3.10    -21.40  1.00000
  2598      3.10    -21.35  1.00000
  2599      3.10    -21.30  1.00000
  2600      3.10    -21.25  1.00000
  2601      3.10    -21.20  1.00000
  2602      3.10    -21.15  1.00000
  2603      3.10    -21.10  1.00000
  2604      3.10    -21.05  1.00000
  2605      3.10    -21.00  1.00000
  2606      3.10    -20.95  1.00000
  2607      3.10    -20.90  1.00000
  2608      3.10    -20.85  1.00000
  2609      3.10    -20.80  1.00000
  2610      3.10    -20.75  1.00000
  2611      3.10    -20.70  1.00000
  2612      3.10    -20.65  1.00000
  2613      3.10    -20.60  1.00000
  2614      3.10    -20.55  1.00000
  2615      3.10    -20.50  1.00000
  2616      3.10    -20.45  1.00000
  2617      3.10    -20.40  1.00000
  2618      3.10    -20.35  1.00000
  2619      3.10    -20.30  1.00000
  2620      3.10    -20.25  1.00000
  2621      3.10    -20.20  1.00000
  2622      3.10    -20.15  1.00000
  2623      3.10    -20.10  1.00000
  2624      3.10    -20.05  1.00000
  2625      3.10    -20.00  1.00000
  2626      3.10    -19.95  1.00000
  2627      3.10    -19.90  1.00000
  2628      3.10    -19.85  1.00000
  2629      3.10    -19.80  1.00000
  2630      3.10    -19.75  1.00000
  2631      3.10    -19.70  1.00000
  2632      3.10    -19.65  1.00000
  2633      3.10    -19.60  1.00000
  2634      3.10    -19.55  1.00000
  2635      3.10    -19.50  1.00000
  2636      3.10    -19.45  1.00000
  2637      3.10    -19.40  1.00000
  2638      3.10    -19.35  1.00000
  2639      3.10    -19.30  1.00000
  2640      3.10    -19.25  1.00000
  2641      3.10    -19.20  1.00000
  2642      3.10    -19.15  1.00000
  2643      3.10    -19.10  1.00000
  2644      3.10    -19.05  1.00000
  2645      3.10    -19.00  1.00000
  2646      3.10    -18.95  1.00000
  2647      3.10    -18.90  1.00000
  2648      3.10    -18.85  1.00000
  2649      3.10    -18.80  1.00000
  2650      3.10    -18.75  1.00000
  2651      3.10    -18.70  1.00000
  2652      3.10    -18.65  1.00000
  2653      3.10    -18.60  1.00000
  2654      3.10    -18.55  1.00000
  2655      3.10    -18.50  1.00000
  2656      3.10    -18.45  1.00000
  2657      3.10    -18.40  1.00000
  2658      3.10    -18.35  1.00000
  2659      3.10    -18.30  1.00000
  2660      3.10    -18.25  1.00000
  2661      3.10    -18.20  1.00000
  2662      3.10    -18.15  1.00000
  2663      3.10    -18.10  1.00000
  2664      3.10    -18.05  1.00000
  2665      3.10    -18.00  1.00000
  2666      3.10    -17.95  1.00000
  2667      3.10    -17.90  1.00000
  2668      3.10    -17.85  1.00000
  2669      3.10    -17.80  1.00000
  2670      3.10    -17.75  1.00000
  2671      3.10    -17.70  1.00000
  2672      3.10    -17.65  1.00000
  2673      3.10    -17.60  1.00000
  2674      3.10    -17.55  1.00000
  2675      3.10    -17.50  1.00000
  2676      3.10    -17.45  1.00000
  2677      3.10    -17.40  1.00000
  2678      3.10    -17.35  1.00000
  2679      3.10    -17.30  1.00000
  2680      3.10    -17.25  1.00000
  2681      3.10    -17.20  1.00000
  2682      3.10    -17.15  1.00000
  2683      3.10    -17.10  1.00000
  2684      3.10    -17.05  1.00000
  2685      3.10    -17.00  1.00000
  2686      3.10    -16.95  1.00000
  2687      3.10    -16.90  1.00000
  2688      3.10    -16.85  1.00000
  2689      3.10    -16.80  1.00000
  2690      3.10    -16.75  1.00000
  2691      3.10    -16.70  1.00000
  2692      3.10    -16.65  1.00000
  2693      3.10    -16.60  1.00000
  2694      3.10    -16.55  1.00000
  2695      3.10    -16.50  1.00000
  2696      3.10    -16.45  1.00000
  2697      3.10    -16.40  1.00000
  2698      3.10    -16.35  1.00000
  2699      3.10    -16.30  1.00000
  2700      3.10    -16.25  1.00000
  2701      3.10    -16.20  1.00000
  2702      3.10    -16.15  1.00000
  2703      3.10    -16.10  1.00000
  2704      3.10    -16.05  1.00000
  2705      3.10    -16.00  1.00000
  2706      3.10    -15.95  1.00000
  2707      3.10    -15.90  1.00000
  2708      3.10    -15.85  1.00000
  2709      3.10    -15.80  1.00000
  2710      3.10    -15.75  1.00000
  2711      3.10    -15.70  1.00000
  2712      3.10    -15.65  1.00000
  2713      3.10    -15.60  1.00000
  2714      3.10    -15.55  1.00000
  2715      3.10    -15.50  1.00000
  2716      3.10    -15.45  1.00000
  2717      3.10    -15.40  1.00000
  2718      3.10    -15.35  1.00000
  2719      3.15    -22.85  1.00000
  2720      3.15    -22.80  1.00000
  2721      3.15    -22.75  1.00000
  2722      3.15    -22.70  1.00000
  2723      3.15    -22.65  1.00000
  2724      3.15    -22.60  1.00000
  2725      3.15    -22.55  1.00000
  2726      3.15    -22.50  1.00000
  2727      3.15    -22.45  1.00000
  2728      3.15    -22.40  1.00000
  2729      3.15    -22.35  1.00000
  2730      3.15    -22.30  1.00000
  2731      3.15    -22.25  1.00000
  2732      3.15    -22.20  1.00000
  2733      3.15    -22.15  1.00000
  2734      3.15    -22.10  1.00000
  2735      3.15    -22.05  1.00000
  2736      3.15    -22.00  1.00000
  2737      3.15    -21.95  1.00000
  2738      3.15    -21.90  1.00000
  2739      3.15    -21.85  1.00000
  2740      3.15    -21.80  1.00000
  2741      3.15    -21.75  1.00000
  2742      3.15    -21.70  1.00000
  2743      3.15    -21.65  1.00000
  2744      3.15    -21.60  1.00000
  2745      3.15    -21.55  1.00000
  2746      3.15    -21.50  1.00000
  2747      3.15    -21.45  1.00000
  2748      3.15    -21.40  1.00000
  2749      3.15    -21.35  1.00000
  2750      3.15    -21.30  1.00000
  2751      3.15    -21.25  1.00000
  2752      3.15    -21.20  1.00000
  2753      3.15    -21.15  1.00000
  2754      3.15    -21.10  1.00000
  2755      3.15    -21.05  1.00000
  2756      3.15    -21.00  1.00000
  2757      3.15    -20.95  1.00000
  2758      3.15    -20.90  1.00000
  2759      3.15    -20.85  1.00000
  2760      3.15    -20.80  1.00000
  2761      3.15    -20.75  1.00000
  2762      3.15    -20.70  1.00000
  2763      3.15    -20.65  1.00000
  2764      3.15    -20.60  1.00000
  2765      3.15    -20.55  1.00000
  2766      3.15    -20.50  1.00000
  2767      3.15    -20.45  1.00000
  2768      3.15    -20.40  1.00000
  2769      3.15    -20.35  1.00000
  2770      3.15    -20.30  1.00000
  2771      3.15    -20.25  1.00000
  2772      3.15    -20.20  1.00000
  2773      3.15    -20.15  1.00000
  2774      3.15    -20.10  1.00000
  2775      3.15    -20.05  1.00000
  2776      3.15    -20.00  1.00000
  2777      3.15    -19.95  1.00000
  2778      3.15    -19.90  1.00000
  2779      3.15    -19.85  1.00000
  2780      3.15    -19.80  1.00000
  2781      3.15    -19.75  1.00000
  2782      3.15    -19.70  1.00000
  2783      3.15    -19.65  1.00000
  2784      3.15    -19.60  1.00000
  2785      3.15    -19.55  1.00000
  2786      3.15    -19.50  1.00000
  2787      3.15    -19.45  1.00000
  2788      3.15    -19.40  1.00000
  2789      3.15    -19.35  1.00000
  2790      3.15    -19.30  1.00000
  2791      3.15    -19.25  1.00000
  2792      3.15    -19.20  1.00000
  2793      3.15    -19.15  1.00000
  2794      3.15    -19.10  1.00000
  2795      3.15    -19.05  1.00000
  2796      3.15    -19.00  1.00000
  2797      3.15    -18.95  1.00000
  2798      3.15    -18.90  1.00000
  2799      3.15    -18.85  1.00000
  2800      3.15    -18.80  1.00000
  2801      3.15    -18.75  1.00000
  2802      3.15    -18.70  1.00000
  2803      3.15    -18.65  1.00000
  2804      3.15    -18.60  1.00000
  2805      3.15    -18.55  1.00000
  2806      3.15    -18.50  1.00000
  2807      3.15    -18.45  1.00000
  2808      3.15    -18.40  1.00000
  2809      3.15    -18.35  1.00000
  2810      3.15    -18.30  1.00000
  2811      3.15    -18.25  1.00000
  2812      3.15    -18.20  1.00000
  2813      3.15    -18.15  1.00000
  2814      3.15    -18.10  1.00000
  2815      3.15    -18.05  1.00000
  2816      3.15    -18.00  1.00000
  2817      3.15    -17.95  1.00000
  2818      3.15    -17.90  1.00000
  2819      3.15    -17.85  1.00000
  2820      3.15    -17.80  1.00000
  2821      3.15    -17.75  1.00000
  2822      3.15    -17.70  1.00000
  2823      3.15    -17.65  1.00000
  2824      3.15    -17.60  1.00000
  2825      3.15    -17.55  1.00000
  2826      3.15    -17.50  1.00000
  2827      3.15    -17.45  1.00000
  2828      3.15    -17.40  1.00000
  2829      3.15    -17.35  1.00000
  2830      3.15    -17.30  1.00000
  2831      3.15    -17.25  1.00000
  2832      3.15    -17.20  1.00000
  2833      3.15    -17.15  1.00000
  2834      3.15    -17.10  1.00000
  2835      3.15    -17.05  1.00000
  2836      3.15    -17.00  1.00000
  2837      3.15    -16.95  1.00000
  2838      3.15    -16.90  1.00000
  2839      3.15    -16.85  1.00000
  2840      3.15    -16.80  1.00000
  2841      3.15    -16.75  1.00000
  2842      3.15    -16.70  1.00000
  2843      3.15    -16.65  1.00000
  2844      3.15    -16.60  1.00000
  2845      3.15    -16.55  1.00000
  2846      3.15    -16.50  1.00000
  2847      3.15    -16.45  1.00000
  2848      3.15    -16.40  1.00000
  2849      3.15    -16.35  1.00000
  2850      3.15    -16.30  1.00000
  2851      3.15    -16.25  1.00000
  2852      3.15    -16.20  1.00000
  2853      3.15    -16.15  1.00000
  2854      3.15    -16.10  1.00000
  2855      3.15    -16.05  1.00000
  2856      3.15    -16.00  1.00000
  2857      3.15    -15.95  1.00000
  2858      3.15    -15.90  1.00000
  2859      3.15    -15.85  1.00000
  2860      3.15    -15.80  1.00000
  2861      3.15    -15.75  1.00000
  2862      3.15    -15.70  1.00000
  2863      3.15    -15.65  1.00000
  2864      3.15    -15.60  1.00000
  2865      3.15    -15.55  1.00000
  2866      3.15    -15.50  1.00000
  2867      3.15    -15.45  1.00000
  2868      3.15    -15.40  1.00000
  2869      3.15    -15.35  1.00000
  2870      3.20    -22.85  1.00000
  2871      3.20    -22.80  1.00000
  2872      3.20    -22.75  1.00000
  2873      3.20    -22.70  1.00000
  2874      3.20    -22.65  1.00000
  2875      3.20    -22.60  1.00000
  2876      3.20    -22.55  1.00000
  2877      3.20    -22.50  1.00000
  2878      3.20    -22.45  1.00000
  2879      3.20    -22.40  1.00000
  2880      3.20    -22.35  1.00000
  2881      3.20    -22.30  1.00000
  2882      3.20    -22.25  1.00000
  2883      3.20    -22.20  1.00000
  2884      3.20    -22.15  1.00000
  2885      3.20    -22.10  1.00000
  2886      3.20    -22.05  1.00000
  2887      3.20    -22.00  1.00000
  2888      3.20    -21.95  1.00000
  2889      3.20    -21.90  1.00000
  2890      3.20    -21.85  1.00000
  2891      3.20    -21.80  1.00000
  2892      3.20    -21.75  1.00000
  2893      3.20    -21.70  1.00000
  2894      3.20    -21.65  1.00000
  2895      3.20    -21.60  1.00000
  2896      3.20    -21.55  1.00000
  2897      3.20    -21.50  1.00000
  2898      3.20    -21.45  1.00000
  2899      3.20    -21.40  1.00000
  2900      3.20    -21.35  1.00000
  2901      3.20    -21.30  1.00000
  2902      3.20    -21.25  1.00000
  2903      3.20    -21.20  1.00000
  2904      3.20    -21.15  1.00000
  2905      3.20    -21.10  1.00000
  2906      3.20    -21.05  1.00000
  2907      3.20    -21.00  1.00000
  2908      3.20    -20.95  1.00000
  2909      3.20    -20.90  1.00000
  2910      3.20    -20.85  1.00000
  2911      3.20    -20.80  1.00000
  2912      3.20    -20.75  1.00000
  2913      3.20    -20.70  1.00000
  2914      3.20    -20.65  1.00000
  2915      3.20    -20.60  1.00000
  2916      3.20    -20.55  1.00000
  2917      3.20    -20.50  1.00000
  2918      3.20    -20.45  1.00000
  2919      3.20    -20.40  1.00000
  2920      3.20    -20.35  1.00000
  2921      3.20    -20.30  1.00000
  2922      3.20    -20.25  1.00000
  2923      3.20    -20.20  1.00000
  2924      3.20    -20.15  1.00000
  2925      3.20    -20.10  1.00000
  2926      3.20    -20.05  1.00000
  2927      3.20    -20.00  1.00000
  2928      3.20    -19.95  1.00000
  2929      3.20    -19.90  1.00000
  2930      3.20    -19.85  1.00000
  2931      3.20    -19.80  1.00000
  2932      3.20    -19.75  1.00000
  2933      3.20    -19.70  1.00000
  2934      3.20    -19.65  1.00000
  2935      3.20    -19.60  1.00000
  2936      3.20    -19.55  1.00000
  2937      3.20    -19.50  1.00000
  2938      3.20    -19.45  1.00000
  2939      3.20    -19.40  1.00000
  2940      3.20    -19.35  1.00000
  2941      3.20    -19.30  1.00000
  2942      3.20    -19.25  1.00000
  2943      3.20    -19.20  1.00000
  2944      3.20    -19.15  1.00000
  2945      3.20    -19.10  1.00000
  2946      3.20    -19.05  1.00000
  2947      3.20    -19.00  1.00000
  2948      3.20    -18.95  1.00000
  2949      3.20    -18.90  1.00000
  2950      3.20    -18.85  1.00000
  2951      3.20    -18.80  1.00000
  2952      3.20    -18.75  1.00000
  2953      3.20    -18.70  1.00000
  2954      3.20    -18.65  1.00000
  2955      3.20    -18.60  1.00000
  2956      3.20    -18.55  1.00000
  2957      3.20    -18.50  1.00000
  2958      3.20    -18.45  1.00000
  2959      3.20    -18.40  1.00000
  2960      3.20    -18.35  1.00000
  2961      3.20    -18.30  1.00000
  2962      3.20    -18.25  1.00000
  2963      3.20    -18.20  1.00000
  2964      3.20    -18.15  1.00000
  2965      3.20    -18.10  1.00000
  2966      3.20    -18.05  1.00000
  2967      3.20    -18.00  1.00000
  2968      3.20    -17.95  1.00000
  2969      3.20    -17.90  1.00000
  2970      3.20    -17.85  1.00000
  2971      3.20    -17.80  1.00000
  2972      3.20    -17.75  1.00000
  2973      3.20    -17.70  1.00000
  2974      3.20    -17.65  1.00000
  2975      3.20    -17.60  1.00000
  2976      3.20    -17.55  1.00000
  2977      3.20    -17.50  1.00000
  2978      3.20    -17.45  1.00000
  2979      3.20    -17.40  1.00000
  2980      3.20    -17.35  1.00000
  2981      3.20    -17.30  1.00000
  2982      3.20    -17.25  1.00000
  2983      3.20    -17.20  1.00000
  2984      3.20    -17.15  1.00000
  2985      3.20    -17.10  1.00000
  2986      3.20    -17.05  1.00000
  2987      3.20    -17.00  1.00000
  2988      3.20    -16.95  1.00000
  2989      3.20    -16.90  1.00000
  2990      3.20    -16.85  1.00000
  2991      3.20    -16.80  1.00000
  2992      3.20    -16.75  1.00000
  2993      3.20    -16.70  1.00000
  2994      3.20    -16.65  1.00000
  2995      3.20    -16.60  1.00000
  2996      3.20    -16.55  1.00000
  2997      3.20    -16.50  1.00000
  2998      3.20    -16.45  1.00000
  2999      3.20    -16.40  1.00000
  3000      3.20    -16.35  1.00000
  3001      3.20    -16.30  1.00000
  3002      3.20    -16.25  1.00000
  3003      3.20    -16.20  1.00000
  3004      3.20    -16.15  1.00000
  3005      3.20    -16.10  1.00000
  3006      3.20    -16.05  1.00000
  3007      3.20    -16.00  1.00000
  3008      3.20    -15.95  1.00000
  3009      3.20    -15.90  1.00000
  3010      3.20    -15.85  1.00000
  3011      3.20    -15.80  1.00000
  3012      3.20    -15.75  1.00000
  3013      3.20    -15.70  1.00000
  3014      3.20    -15.65  1.00000
  3015      3.20    -15.60  1.00000
  3016      3.20    -15.55  1.00000
  3017      3.20    -15.50  1.00000
  3018      3.20    -15.45  1.00000
  3019      3.20    -15.40  1.00000
  3020      3.20    -15.35  1.00000
  3021      3.25    -22.85  1.00000
  3022      3.25    -22.80  1.00000
  3023      3.25    -22.75  1.00000
  3024      3.25    -22.70  1.00000
  3025      3.25    -22.65  1.00000
  3026      3.25    -22.60  1.00000
  3027      3.25    -22.55  1.00000
  3028      3.25    -22.50  1.00000
  3029      3.25    -22.45  1.00000
  3030      3.25    -22.40  1.00000
  3031      3.25    -22.35  1.00000
  3032      3.25    -22.30  1.00000
  3033      3.25    -22.25  1.00000
  3034      3.25    -22.20  1.00000
  3035      3.25    -22.15  1.00000
  3036      3.25    -22.10  1.00000
  3037      3.25    -22.05  1.00000
  3038      3.25    -22.00  1.00000
  3039      3.25    -21.95  1.00000
  3040      3.25    -21.90  1.00000
  3041      3.25    -21.85  1.00000
  3042      3.25    -21.80  1.00000
  3043      3.25    -21.75  1.00000
  3044      3.25    -21.70  1.00000
  3045      3.25    -21.65  1.00000
  3046      3.25    -21.60  1.00000
  3047      3.25    -21.55  1.00000
  3048      3.25    -21.50  1.00000
  3049      3.25    -21.45  1.00000
  3050      3.25    -21.40  1.00000
  3051      3.25    -21.35  1.00000
  3052      3.25    -21.30  1.00000
  3053      3.25    -21.25  1.00000
  3054      3.25    -21.20  1.00000
  3055      3.25    -21.15  1.00000
  3056      3.25    -21.10  1.00000
  3057      3.25    -21.05  1.00000
  3058      3.25    -21.00  1.00000
  3059      3.25    -20.95  1.00000
  3060      3.25    -20.90  1.00000
  3061      3.25    -20.85  1.00000
  3062      3.25    -20.80  1.00000
  3063      3.25    -20.75  1.00000
  3064      3.25    -20.70  1.00000
  3065      3.25    -20.65  1.00000
  3066      3.25    -20.60  1.00000
  3067      3.25    -20.55  1.00000
  3068      3.25    -20.50  1.00000
  3069      3.25    -20.45  1.00000
  3070      3.25    -20.40  1.00000
  3071      3.25    -20.35  1.00000
  3072      3.25    -20.30  1.00000
  3073      3.25    -20.25  1.00000
  3074      3.25    -20.20  1.00000
  3075      3.25    -20.15  1.00000
  3076      3.25    -20.10  1.00000
  3077      3.25    -20.05  1.00000
  3078      3.25    -20.00  1.00000
  3079      3.25    -19.95  1.00000
  3080      3.25    -19.90  1.00000
  3081      3.25    -19.85  1.00000
  3082      3.25    -19.80  1.00000
  3083      3.25    -19.75  1.00000
  3084      3.25    -19.70  1.00000
  3085      3.25    -19.65  1.00000
  3086      3.25    -19.60  1.00000
  3087      3.25    -19.55  1.00000
  3088      3.25    -19.50  1.00000
  3089      3.25    -19.45  1.00000
  3090      3.25    -19.40  1.00000
  3091      3.25    -19.35  1.00000
  3092      3.25    -19.30  1.00000
  3093      3.25    -19.25  1.00000
  3094      3.25    -19.20  1.00000
  3095      3.25    -19.15  1.00000
  3096      3.25    -19.10  1.00000
  3097      3.25    -19.05  1.00000
  3098      3.25    -19.00  1.00000
  3099      3.25    -18.95  1.00000
  3100      3.25    -18.90  1.00000
  3101      3.25    -18.85  1.00000
  3102      3.25    -18.80  1.00000
  3103      3.25    -18.75  1.00000
  3104      3.25    -18.70  1.00000
  3105      3.25    -18.65  1.00000
  3106      3.25    -18.60  1.00000
  3107      3.25    -18.55  1.00000
  3108      3.25    -18.50  1.00000
  3109      3.25    -18.45  1.00000
  3110      3.25    -18.40  1.00000
  3111      3.25    -18.35  1.00000
  3112      3.25    -18.30  1.00000
  3113      3.25    -18.25  1.00000
  3114      3.25    -18.20  1.00000
  3115      3.25    -18.15  1.00000
  3116      3.25    -18.10  1.00000
  3117      3.25    -18.05  1.00000
  3118      3.25    -18.00  1.00000
  3119      3.25    -17.95  1.00000
  3120      3.25    -17.90  1.00000
  3121      3.25    -17.85  1.00000
  3122      3.25    -17.80  1.00000
  3123      3.25    -17.75  1.00000
  3124      3.25    -17.70  1.00000
  3125      3.25    -17.65  1.00000
  3126      3.25    -17.60  1.00000
  3127      3.25    -17.55  1.00000
  3128      3.25    -17.50  1.00000
  3129      3.25    -17.45  1.00000
  3130      3.25    -17.40  1.00000
  3131      3.25    -17.35  1.00000
  3132      3.25    -17.30  1.00000
  3133      3.25    -17.25  1.00000
  3134      3.25    -17.20  1.00000
  3135      3.25    -17.15  1.00000
  3136      3.25    -17.10  1.00000
  3137      3.25    -17.05  1.00000
  3138      3.25    -17.00  1.00000
  3139      3.25    -16.95  1.00000
  3140      3.25    -16.90  1.00000
  3141      3.25    -16.85  1.00000
  3142      3.25    -16.80  1.00000
  3143      3.25    -16.75  1.00000
  3144      3.25    -16.70  1.00000
  3145      3.25    -16.65  1.00000
  3146      3.25    -16.60  1.00000
  3147      3.25    -16.55  1.00000
  3148      3.25    -16.50  1.00000
  3149      3.25    -16.45  1.00000
  3150      3.25    -16.40  1.00000
  3151      3.25    -16.35  1.00000
  3152      3.25    -16.30  1.00000
  3153      3.25    -16.25  1.00000
  3154      3.25    -16.20  1.00000
  3155      3.25    -16.15  1.00000
  3156      3.25    -16.10  1.00000
  3157      3.25    -16.05  1.00000
  3158      3.25    -16.00  1.00000
  3159      3.25    -15.95  1.00000
  3160      3.25    -15.90  1.00000
  3161      3.25    -15.85  1.00000
  3162      3.25    -15.80  1.00000
  3163      3.25    -15.75  1.00000
  3164      3.25    -15.70  1.00000
  3165      3.25    -15.65  1.00000
  3166      3.25    -15.60  1.00000
  3167      3.25    -15.55  1.00000
  3168      3.25    -15.50  1.00000
  3169      3.25    -15.45  1.00000
  3170      3.25    -15.40  1.00000
  3171      3.25    -15.35  1.00000
  3172      3.30    -22.85  1.00000
  3173      3.30    -22.80  1.00000
  3174      3.30    -22.75  1.00000
  3175      3.30    -22.70  1.00000
  3176      3.30    -22.65  1.00000
  3177      3.30    -22.60  1.00000
  3178      3.30    -22.55  1.00000
  3179      3.30    -22.50  1.00000
  3180      3.30    -22.45  1.00000
  3181      3.30    -22.40  1.00000
  3182      3.30    -22.35  1.00000
  3183      3.30    -22.30  1.00000
  3184      3.30    -22.25  1.00000
  3185      3.30    -22.20  1.00000
  3186      3.30    -22.15  1.00000
  3187      3.30    -22.10  1.00000
  3188      3.30    -22.05  1.00000
  3189      3.30    -22.00  1.00000
  3190      3.30    -21.95  1.00000
  3191      3.30    -21.90  1.00000
  3192      3.30    -21.85  1.00000
  3193      3.30    -21.80  1.00000
  3194      3.30    -21.75  1.00000
  3195      3.30    -21.70  1.00000
  3196      3.30    -21.65  1.00000
  3197      3.30    -21.60  1.00000
  3198      3.30    -21.55  1.00000
  3199      3.30    -21.50  1.00000
  3200      3.30    -21.45  1.00000
  3201      3.30    -21.40  1.00000
  3202      3.30    -21.35  1.00000
  3203      3.30    -21.30  1.00000
  3204      3.30    -21.25  1.00000
  3205      3.30    -21.20  1.00000
  3206      3.30    -21.15  1.00000
  3207      3.30    -21.10  1.00000
  3208      3.30    -21.05  1.00000
  3209      3.30    -21.00  1.00000
  3210      3.30    -20.95  1.00000
  3211      3.30    -20.90  1.00000
  3212      3.30    -20.85  1.00000
  3213      3.30    -20.80  1.00000
  3214      3.30    -20.75  1.00000
  3215      3.30    -20.70  1.00000
  3216      3.30    -20.65  1.00000
  3217      3.30    -20.60  1.00000
  3218      3.30    -20.55  1.00000
  3219      3.30    -20.50  1.00000
  3220      3.30    -20.45  1.00000
  3221      3.30    -20.40  1.00000
  3222      3.30    -20.35  1.00000
  3223      3.30    -20.30  1.00000
  3224      3.30    -20.25  1.00000
  3225      3.30    -20.20  1.00000
  3226      3.30    -20.15  1.00000
  3227      3.30    -20.10  1.00000
  3228      3.30    -20.05  1.00000
  3229      3.30    -20.00  1.00000
  3230      3.30    -19.95  1.00000
  3231      3.30    -19.90  1.00000
  3232      3.30    -19.85  1.00000
  3233      3.30    -19.80  1.00000
  3234      3.30    -19.75  1.00000
  3235      3.30    -19.70  1.00000
  3236      3.30    -19.65  1.00000
  3237      3.30    -19.60  1.00000
  3238      3.30    -19.55  1.00000
  3239      3.30    -19.50  1.00000
  3240      3.30    -19.45  1.00000
  3241      3.30    -19.40  1.00000
  3242      3.30    -19.35  1.00000
  3243      3.30    -19.30  1.00000
  3244      3.30    -19.25  1.00000
  3245      3.30    -19.20  1.00000
  3246      3.30    -19.15  1.00000
  3247      3.30    -19.10  1.00000
  3248      3.30    -19.05  1.00000
  3249      3.30    -19.00  1.00000
  3250      3.30    -18.95  1.00000
  3251      3.30    -18.90  1.00000
  3252      3.30    -18.85  1.00000
  3253      3.30    -18.80  1.00000
  3254      3.30    -18.75  1.00000
  3255      3.30    -18.70  1.00000
  3256      3.30    -18.65  1.00000
  3257      3.30    -18.60  1.00000
  3258      3.30    -18.55  1.00000
  3259      3.30    -18.50  1.00000
  3260      3.30    -18.45  1.00000
  3261      3.30    -18.40  1.00000
  3262      3.30    -18.35  1.00000
  3263      3.30    -18.30  1.00000
  3264      3.30    -18.25  1.00000
  3265      3.30    -18.20  1.00000
  3266      3.30    -18.15  1.00000
  3267      3.30    -18.10  1.00000
  3268      3.30    -18.05  1.00000
  3269      3.30    -18.00  1.00000
  3270      3.30    -17.95  1.00000
  3271      3.30    -17.90  1.00000
  3272      3.30    -17.85  1.00000
  3273      3.30    -17.80  1.00000
  3274      3.30    -17.75  1.00000
  3275      3.30    -17.70  1.00000
  3276      3.30    -17.65  1.00000
  3277      3.30    -17.60  1.00000
  3278      3.30    -17.55  1.00000
  3279      3.30    -17.50  1.00000
  3280      3.30    -17.45  1.00000
  3281      3.30    -17.40  1.00000
  3282      3.30    -17.35  1.00000
  3283      3.30    -17.30  1.00000
  3284      3.30    -17.25  1.00000
  3285      3.30    -17.20  1.00000
  3286      3.30    -17.15  1.00000
  3287      3.30    -17.10  1.00000
  3288      3.30    -17.05  1.00000
  3289      3.30    -17.00  1.00000
  3290      3.30    -16.95  1.00000
  3291      3.30    -16.90  1.00000
  3292      3.30    -16.85  1.00000
  3293      3.30    -16.80  1.00000
  3294      3.30    -16.75  1.00000
  3295      3.30    -16.70  1.00000
  3296      3.30    -16.65  1.00000
  3297      3.30    -16.60  1.00000
  3298      3.30    -16.55  1.00000
  3299      3.30    -16.50  1.00000
  3300      3.30    -16.45  1.00000
  3301      3.30    -16.40  1.00000
  3302      3.30    -16.35  1.00000
  3303      3.30    -16.30  1.00000
  3304      3.30    -16.25  1.00000
  3305      3.30    -16.20  1.00000
  3306      3.30    -16.15  1.00000
  3307      3.30    -16.10  1.00000
  3308      3.30    -16.05  1.00000
  3309      3.30    -16.00  1.00000
  3310      3.30    -15.95  1.00000
  3311      3.30    -15.90  1.00000
  3312      3.30    -15.85  1.00000
  3313      3.30    -15.80  1.00000
  3314      3.30    -15.75  1.00000
  3315      3.30    -15.70  1.00000
  3316      3.30    -15.65  1.00000
  3317      3.30    -15.60  1.00000
  3318      3.30    -15.55  1.00000
  3319      3.30    -15.50  1.00000
  3320      3.30    -15.45  1.00000
  3321      3.30    -15.40  1.00000
  3322      3.30    -15.35  1.00000
  3323      3.35    -22.85  1.00000
  3324      3.35    -22.80  1.00000
  3325      3.35    -22.75  1.00000
  3326      3.35    -22.70  1.00000
  3327      3.35    -22.65  1.00000
  3328      3.35    -22.60  1.00000
  3329      3.35    -22.55  1.00000
  3330      3.35    -22.50  1.00000
  3331      3.35    -22.45  1.00000
  3332      3.35    -22.40  1.00000
  3333      3.35    -22.35  1.00000
  3334      3.35    -22.30  1.00000
  3335      3.35    -22.25  1.00000
  3336      3.35    -22.20  1.00000
  3337      3.35    -22.15  1.00000
  3338      3.35    -22.10  1.00000
  3339      3.35    -22.05  1.00000
  3340      3.35    -22.00  1.00000
  3341      3.35    -21.95  1.00000
  3342      3.35    -21.90  1.00000
  3343      3.35    -21.85  1.00000
  3344      3.35    -21.80  1.00000
  3345      3.35    -21.75  1.00000
  3346      3.35    -21.70  1.00000
  3347      3.35    -21.65  1.00000
  3348      3.35    -21.60  1.00000
  3349      3.35    -21.55  1.00000
  3350      3.35    -21.50  1.00000
  3351      3.35    -21.45  1.00000
  3352      3.35    -21.40  1.00000
  3353      3.35    -21.35  1.00000
  3354      3.35    -21.30  1.00000
  3355      3.35    -21.25  1.00000
  3356      3.35    -21.20  1.00000
  3357      3.35    -21.15  1.00000
  3358      3.35    -21.10  1.00000
  3359      3.35    -21.05  1.00000
  3360      3.35    -21.00  1.00000
  3361      3.35    -20.95  1.00000
  3362      3.35    -20.90  1.00000
  3363      3.35    -20.85  1.00000
  3364      3.35    -20.80  1.00000
  3365      3.35    -20.75  1.00000
  3366      3.35    -20.70  1.00000
  3367      3.35    -20.65  1.00000
  3368      3.35    -20.60  1.00000
  3369      3.35    -20.55  1.00000
  3370      3.35    -20.50  1.00000
  3371      3.35    -20.45  1.00000
  3372      3.35    -20.40  1.00000
  3373      3.35    -20.35  1.00000
  3374      3.35    -20.30  1.00000
  3375      3.35    -20.25  1.00000
  3376      3.35    -20.20  1.00000
  3377      3.35    -20.15  1.00000
  3378      3.35    -20.10  1.00000
  3379      3.35    -20.05  1.00000
  3380      3.35    -20.00  1.00000
  3381      3.35    -19.95  1.00000
  3382      3.35    -19.90  1.00000
  3383      3.35    -19.85  1.00000
  3384      3.35    -19.80  1.00000
  3385      3.35    -19.75  1.00000
  3386      3.35    -19.70  1.00000
  3387      3.35    -19.65  1.00000
  3388      3.35    -19.60  1.00000
  3389      3.35    -19.55  1.00000
  3390      3.35    -19.50  1.00000
  3391      3.35    -19.45  1.00000
  3392      3.35    -19.40  1.00000
  3393      3.35    -19.35  1.00000
  3394      3.35    -19.30  1.00000
  3395      3.35    -19.25  1.00000
  3396      3.35    -19.20  1.00000
  3397      3.35    -19.15  1.00000
  3398      3.35    -19.10  1.00000
  3399      3.35    -19.05  1.00000
  3400      3.35    -19.00  1.00000
  3401      3.35    -18.95  1.00000
  3402      3.35    -18.90  1.00000
  3403      3.35    -18.85  1.00000
  3404      3.35    -18.80  1.00000
  3405      3.35    -18.75  1.00000
  3406      3.35    -18.70  1.00000
  3407      3.35    -18.65  1.00000
  3408      3.35    -18.60  1.00000
  3409      3.35    -18.55  1.00000
  3410      3.35    -18.50  1.00000
  3411      3.35    -18.45  1.00000
  3412      3.35    -18.40  1.00000
  3413      3.35    -18.35  1.00000
  3414      3.35    -18.30  1.00000
  3415      3.35    -18.25  1.00000
  3416      3.35    -18.20  1.00000
  3417      3.35    -18.15  1.00000
  3418      3.35    -18.10  1.00000
  3419      3.35    -18.05  1.00000
  3420      3.35    -18.00  1.00000
  3421      3.35    -17.95  1.00000
  3422      3.35    -17.90  1.00000
  3423      3.35    -17.85  1.00000
  3424      3.35    -17.80  1.00000
  3425      3.35    -17.75  1.00000
  3426      3.35    -17.70  1.00000
  3427      3.35    -17.65  1.00000
  3428      3.35    -17.60  1.00000
  3429      3.35    -17.55  1.00000
  3430      3.35    -17.50  1.00000
  3431      3.35    -17.45  1.00000
  3432      3.35    -17.40  1.00000
  3433      3.35    -17.35  1.00000
  3434      3.35    -17.30  1.00000
  3435      3.35    -17.25  1.00000
  3436      3.35    -17.20  1.00000
  3437      3.35    -17.15  1.00000
  3438      3.35    -17.10  1.00000
  3439      3.35    -17.05  1.00000
  3440      3.35    -17.00  1.00000
  3441      3.35    -16.95  1.00000
  3442      3.35    -16.90  1.00000
  3443      3.35    -16.85  1.00000
  3444      3.35    -16.80  1.00000
  3445      3.35    -16.75  1.00000
  3446      3.35    -16.70  1.00000
  3447      3.35    -16.65  1.00000
  3448      3.35    -16.60  1.00000
  3449      3.35    -16.55  1.00000
  3450      3.35    -16.50  1.00000
  3451      3.35    -16.45  1.00000
  3452      3.35    -16.40  1.00000
  3453      3.35    -16.35  1.00000
  3454      3.35    -16.30  1.00000
  3455      3.35    -16.25  1.00000
  3456      3.35    -16.20  1.00000
  3457      3.35    -16.15  1.00000
  3458      3.35    -16.10  1.00000
  3459      3.35    -16.05  1.00000
  3460      3.35    -16.00  1.00000
  3461      3.35    -15.95  1.00000
  3462      3.35    -15.90  1.00000
  3463      3.35    -15.85  1.00000
  3464      3.35    -15.80  1.00000
  3465      3.35    -15.75  1.00000
  3466      3.35    -15.70  1.00000
  3467      3.35    -15.65  1.00000
  3468      3.35    -15.60  1.00000
  3469      3.35    -15.55  1.00000
  3470      3.35    -15.50  1.00000
  3471      3.35    -15.45  1.00000
  3472      3.35    -15.40  1.00000
  3473      3.35    -15.35  1.00000
  3474      3.40    -22.85  1.00000
  3475      3.40    -22.80  1.00000
  3476      3.40    -22.75  1.00000
  3477      3.40    -22.70  1.00000
  3478      3.40    -22.65  1.00000
  3479      3.40    -22.60  1.00000
  3480      3.40    -22.55  1.00000
  3481      3.40    -22.50  1.00000
  3482      3.40    -22.45  1.00000
  3483      3.40    -22.40  1.00000
  3484      3.40    -22.35  1.00000
  3485      3.40    -22.30  1.00000
  3486      3.40    -22.25  1.00000
  3487      3.40    -22.20  1.00000
  3488      3.40    -22.15  1.00000
  3489      3.40    -22.10  1.00000
  3490      3.40    -22.05  1.00000
  3491      3.40    -22.00  1.00000
  3492      3.40    -21.95  1.00000
  3493      3.40    -21.90  1.00000
  3494      3.40    -21.85  1.00000
  3495      3.40    -21.80  1.00000
  3496      3.40    -21.75  1.00000
  3497      3.40    -21.70  1.00000
  3498      3.40    -21.65  1.00000
  3499      3.40    -21.60  1.00000
  3500      3.40    -21.55  1.00000
  3501      3.40    -21.50  1.00000
  3502      3.40    -21.45  1.00000
  3503      3.40    -21.40  1.00000
  3504      3.40    -21.35  1.00000
  3505      3.40    -21.30  1.00000
  3506      3.40    -21.25  1.00000
  3507      3.40    -21.20  1.00000
  3508      3.40    -21.15  1.00000
  3509      3.40    -21.10  1.00000
  3510      3.40    -21.05  1.00000
  3511      3.40    -21.00  1.00000
  3512      3.40    -20.95  1.00000
  3513      3.40    -20.90  1.00000
  3514      3.40    -20.85  1.00000
  3515      3.40    -20.80  1.00000
  3516      3.40    -20.75  1.00000
  3517      3.40    -20.70  1.00000
  3518      3.40    -20.65  1.00000
  3519      3.40    -20.60  1.00000
  3520      3.40    -20.55  1.00000
  3521      3.40    -20.50  1.00000
  3522      3.40    -20.45  1.00000
  3523      3.40    -20.40  1.00000
  3524      3.40    -20.35  1.00000
  3525      3.40    -20.30  1.00000
  3526      3.40    -20.25  1.00000
  3527      3.40    -20.20  1.00000
  3528      3.40    -20.15  1.00000
  3529      3.40    -20.10  1.00000
  3530      3.40    -20.05  1.00000
  3531      3.40    -20.00  1.00000
  3532      3.40    -19.95  1.00000
  3533      3.40    -19.90  1.00000
  3534      3.40    -19.85  1.00000
  3535      3.40    -19.80  1.00000
  3536      3.40    -19.75  1.00000
  3537      3.40    -19.70  1.00000
  3538      3.40    -19.65  1.00000
  3539      3.40    -19.60  1.00000
  3540      3.40    -19.55  1.00000
  3541      3.40    -19.50  1.00000
  3542      3.40    -19.45  1.00000
  3543      3.40    -19.40  1.00000
  3544      3.40    -19.35  1.00000
  3545      3.40    -19.30  1.00000
  3546      3.40    -19.25  1.00000
  3547      3.40    -19.20  1.00000
  3548      3.40    -19.15  1.00000
  3549      3.40    -19.10  1.00000
  3550      3.40    -19.05  1.00000
  3551      3.40    -19.00  1.00000
  3552      3.40    -18.95  1.00000
  3553      3.40    -18.90  1.00000
  3554      3.40    -18.85  1.00000
  3555      3.40    -18.80  1.00000
  3556      3.40    -18.75  1.00000
  3557      3.40    -18.70  1.00000
  3558      3.40    -18.65  1.00000
  3559      3.40    -18.60  1.00000
  3560      3.40    -18.55  1.00000
  3561      3.40    -18.50  1.00000
  3562      3.40    -18.45  1.00000
  3563      3.40    -18.40  1.00000
  3564      3.40    -18.35  1.00000
  3565      3.40    -18.30  1.00000
  3566      3.40    -18.25  1.00000
  3567      3.40    -18.20  1.00000
  3568      3.40    -18.15  1.00000
  3569      3.40    -18.10  1.00000
  3570      3.40    -18.05  1.00000
  3571      3.40    -18.00  1.00000
  3572      3.40    -17.95  1.00000
  3573      3.40    -17.90  1.00000
  3574      3.40    -17.85  1.00000
  3575      3.40    -17.80  1.00000
  3576      3.40    -17.75  1.00000
  3577      3.40    -17.70  1.00000
  3578      3.40    -17.65  1.00000
  3579      3.40    -17.60  1.00000
  3580      3.40    -17.55  1.00000
  3581      3.40    -17.50  1.00000
  3582      3.40    -17.45  1.00000
  3583      3.40    -17.40  1.00000
  3584      3.40    -17.35  1.00000
  3585      3.40    -17.30  1.00000
  3586      3.40    -17.25  1.00000
  3587      3.40    -17.20  1.00000
  3588      3.40    -17.15  1.00000
  3589      3.40    -17.10  1.00000
  3590      3.40    -17.05  1.00000
  3591      3.40    -17.00  1.00000
  3592      3.40    -16.95  1.00000
  3593      3.40    -16.90  1.00000
  3594      3.40    -16.85  1.00000
  3595      3.40    -16.80  1.00000
  3596      3.40    -16.75  1.00000
  3597      3.40    -16.70  1.00000
  3598      3.40    -16.65  1.00000
  3599      3.40    -16.60  1.00000
  3600      3.40    -16.55  1.00000
  3601      3.40    -16.50  1.00000
  3602      3.40    -16.45  1.00000
  3603      3.40    -16.40  1.00000
  3604      3.40    -16.35  1.00000
  3605      3.40    -16.30  1.00000
  3606      3.40    -16.25  1.00000
  3607      3.40    -16.20  1.00000
  3608      3.40    -16.15  1.00000
  3609      3.40    -16.10  1.00000
  3610      3.40    -16.05  1.00000
  3611      3.40    -16.00  1.00000
  3612      3.40    -15.95  1.00000
  3613      3.40    -15.90  1.00000
  3614      3.40    -15.85  1.00000
  3615      3.40    -15.80  1.00000
  3616      3.40    -15.75  1.00000
  3617      3.40    -15.70  1.00000
  3618      3.40    -15.65  1.00000
  3619      3.40    -15.60  1.00000
  3620      3.40    -15.55  1.00000
  3621      3.40    -15.50  1.00000
  3622      3.40    -15.45  1.00000
  3623      3.40    -15.40  1.00000
  3624      3.40    -15.35  1.00000
  3625      3.45    -22.85  1.00000
  3626      3.45    -22.80  1.00000
  3627      3.45    -22.75  1.00000
  3628      3.45    -22.70  1.00000
  3629      3.45    -22.65  1.00000
  3630      3.45    -22.60  1.00000
  3631      3.45    -22.55  1.00000
  3632      3.45    -22.50  1.00000
  3633      3.45    -22.45  1.00000
  3634      3.45    -22.40  1.00000
  3635      3.45    -22.35  1.00000
  3636      3.45    -22.30  1.00000
  3637      3.45    -22.25  1.00000
  3638      3.45    -22.20  1.00000
  3639      3.45    -22.15  1.00000
  3640      3.45    -22.10  1.00000
  3641      3.45    -22.05  1.00000
  3642      3.45    -22.00  1.00000
  3643      3.45    -21.95  1.00000
  3644      3.45    -21.90  1.00000
  3645      3.45    -21.85  1.00000
  3646      3.45    -21.80  1.00000
  3647      3.45    -21.75  1.00000
  3648      3.45    -21.70  1.00000
  3649      3.45    -21.65  1.00000
  3650      3.45    -21.60  1.00000
  3651      3.45    -21.55  1.00000
  3652      3.45    -21.50  1.00000
  3653      3.45    -21.45  1.00000
  3654      3.45    -21.40  1.00000
  3655      3.45    -21.35  1.00000
  3656      3.45    -21.30  1.00000
  3657      3.45    -21.25  1.00000
  3658      3.45    -21.20  1.00000
  3659      3.45    -21.15  1.00000
  3660      3.45    -21.10  1.00000
  3661      3.45    -21.05  1.00000
  3662      3.45    -21.00  1.00000
  3663      3.45    -20.95  1.00000
  3664      3.45    -20.90  1.00000
  3665      3.45    -20.85  1.00000
  3666      3.45    -20.80  1.00000
  3667      3.45    -20.75  1.00000
  3668      3.45    -20.70  1.00000
  3669      3.45    -20.65  1.00000
  3670      3.45    -20.60  1.00000
  3671      3.45    -20.55  1.00000
  3672      3.45    -20.50  1.00000
  3673      3.45    -20.45  1.00000
  3674      3.45    -20.40  1.00000
  3675      3.45    -20.35  1.00000
  3676      3.45    -20.30  1.00000
  3677      3.45    -20.25  1.00000
  3678      3.45    -20.20  1.00000
  3679      3.45    -20.15  1.00000
  3680      3.45    -20.10  1.00000
  3681      3.45    -20.05  1.00000
  3682      3.45    -20.00  1.00000
  3683      3.45    -19.95  1.00000
  3684      3.45    -19.90  1.00000
  3685      3.45    -19.85  1.00000
  3686      3.45    -19.80  1.00000
  3687      3.45    -19.75  1.00000
  3688      3.45    -19.70  1.00000
  3689      3.45    -19.65  1.00000
  3690      3.45    -19.60  1.00000
  3691      3.45    -19.55  1.00000
  3692      3.45    -19.50  1.00000
  3693      3.45    -19.45  1.00000
  3694      3.45    -19.40  1.00000
  3695      3.45    -19.35  1.00000
  3696      3.45    -19.30  1.00000
  3697      3.45    -19.25  1.00000
  3698      3.45    -19.20  1.00000
  3699      3.45    -19.15  1.00000
  3700      3.45    -19.10  1.00000
  3701      3.45    -19.05  1.00000
  3702      3.45    -19.00  1.00000
  3703      3.45    -18.95  1.00000
  3704      3.45    -18.90  1.00000
  3705      3.45    -18.85  1.00000
  3706      3.45    -18.80  1.00000
  3707      3.45    -18.75  1.00000
  3708      3.45    -18.70  1.00000
  3709      3.45    -18.65  1.00000
  3710      3.45    -18.60  1.00000
  3711      3.45    -18.55  1.00000
  3712      3.45    -18.50  1.00000
  3713      3.45    -18.45  1.00000
  3714      3.45    -18.40  1.00000
  3715      3.45    -18.35  1.00000
  3716      3.45    -18.30  1.00000
  3717      3.45    -18.25  1.00000
  3718      3.45    -18.20  1.00000
  3719      3.45    -18.15  1.00000
  3720      3.45    -18.10  1.00000
  3721      3.45    -18.05  1.00000
  3722      3.45    -18.00  1.00000
  3723      3.45    -17.95  1.00000
  3724      3.45    -17.90  1.00000
  3725      3.45    -17.85  1.00000
  3726      3.45    -17.80  1.00000
  3727      3.45    -17.75  1.00000
  3728      3.45    -17.70  1.00000
  3729      3.45    -17.65  1.00000
  3730      3.45    -17.60  1.00000
  3731      3.45    -17.55  1.00000
  3732      3.45    -17.50  1.00000
  3733      3.45    -17.45  1.00000
  3734      3.45    -17.40  1.00000
  3735      3.45    -17.35  1.00000
  3736      3.45    -17.30  1.00000
  3737      3.45    -17.25  1.00000
  3738      3.45    -17.20  1.00000
  3739      3.45    -17.15  1.00000
  3740      3.45    -17.10  1.00000
  3741      3.45    -17.05  1.00000
  3742      3.45    -17.00  1.00000
  3743      3.45    -16.95  1.00000
  3744      3.45    -16.90  1.00000
  3745      3.45    -16.85  1.00000
  3746      3.45    -16.80  1.00000
  3747      3.45    -16.75  1.00000
  3748      3.45    -16.70  1.00000
  3749      3.45    -16.65  1.00000
  3750      3.45    -16.60  1.00000
  3751      3.45    -16.55  1.00000
  3752      3.45    -16.50  1.00000
  3753      3.45    -16.45  1.00000
  3754      3.45    -16.40  1.00000
  3755      3.45    -16.35  1.00000
  3756      3.45    -16.30  1.00000
  3757      3.45    -16.25  1.00000
  3758      3.45    -16.20  1.00000
  3759      3.45    -16.15  1.00000
  3760      3.45    -16.10  1.00000
  3761      3.45    -16.05  1.00000
  3762      3.45    -16.00  1.00000
  3763      3.45    -15.95  1.00000
  3764      3.45    -15.90  1.00000
  3765      3.45    -15.85  1.00000
  3766      3.45    -15.80  1.00000
  3767      3.45    -15.75  1.00000
  3768      3.45    -15.70  1.00000
  3769      3.45    -15.65  1.00000
  3770      3.45    -15.60  1.00000
  3771      3.45    -15.55  1.00000
  3772      3.45    -15.50  1.00000
  3773      3.45    -15.45  1.00000
  3774      3.45    -15.40  1.00000
  3775      3.45    -15.35  1.00000
  3776      3.50    -22.85  1.00000
  3777      3.50    -22.80  1.00000
  3778      3.50    -22.75  1.00000
  3779      3.50    -22.70  1.00000
  3780      3.50    -22.65  1.00000
  3781      3.50    -22.60  1.00000
  3782      3.50    -22.55  1.00000
  3783      3.50    -22.50  1.00000
  3784      3.50    -22.45  1.00000
  3785      3.50    -22.40  1.00000
  3786      3.50    -22.35  1.00000
  3787      3.50    -22.30  1.00000
  3788      3.50    -22.25  1.00000
  3789      3.50    -22.20  1.00000
  3790      3.50    -22.15  1.00000
  3791      3.50    -22.10  1.00000
  3792      3.50    -22.05  1.00000
  3793      3.50    -22.00  1.00000
  3794      3.50    -21.95  1.00000
  3795      3.50    -21.90  1.00000
  3796      3.50    -21.85  1.00000
  3797      3.50    -21.80  1.00000
  3798      3.50    -21.75  1.00000
  3799      3.50    -21.70  1.00000
  3800      3.50    -21.65  1.00000
  3801      3.50    -21.60  1.00000
  3802      3.50    -21.55  1.00000
  3803      3.50    -21.50  1.00000
  3804      3.50    -21.45  1.00000
  3805      3.50    -21.40  1.00000
  3806      3.50    -21.35  1.00000
  3807      3.50    -21.30  1.00000
  3808      3.50    -21.25  1.00000
  3809      3.50    -21.20  1.00000
  3810      3.50    -21.15  1.00000
  3811      3.50    -21.10  1.00000
  3812      3.50    -21.05  1.00000
  3813      3.50    -21.00  1.00000
  3814      3.50    -20.95  1.00000
  3815      3.50    -20.90  1.00000
  3816      3.50    -20.85  1.00000
  3817      3.50    -20.80  1.00000
  3818      3.50    -20.75  1.00000
  3819      3.50    -20.70  1.00000
  3820      3.50    -20.65  1.00000
  3821      3.50    -20.60  1.00000
  3822      3.50    -20.55  1.00000
  3823      3.50    -20.50  1.00000
  3824      3.50    -20.45  1.00000
  3825      3.50    -20.40  1.00000
  3826      3.50    -20.35  1.00000
  3827      3.50    -20.30  1.00000
  3828      3.50    -20.25  1.00000
  3829      3.50    -20.20  1.00000
  3830      3.50    -20.15  1.00000
  3831      3.50    -20.10  1.00000
  3832      3.50    -20.05  1.00000
  3833      3.50    -20.00  1.00000
  3834      3.50    -19.95  1.00000
  3835      3.50    -19.90  1.00000
  3836      3.50    -19.85  1.00000
  3837      3.50    -19.80  1.00000
  3838      3.50    -19.75  1.00000
  3839      3.50    -19.70  1.00000
  3840      3.50    -19.65  1.00000
  3841      3.50    -19.60  1.00000
  3842      3.50    -19.55  1.00000
  3843      3.50    -19.50  1.00000
  3844      3.50    -19.45  1.00000
  3845      3.50    -19.40  1.00000
  3846      3.50    -19.35  1.00000
  3847      3.50    -19.30  1.00000
  3848      3.50    -19.25  1.00000
  3849      3.50    -19.20  1.00000
  3850      3.50    -19.15  1.00000
  3851      3.50    -19.10  1.00000
  3852      3.50    -19.05  1.00000
  3853      3.50    -19.00  1.00000
  3854      3.50    -18.95  1.00000
  3855      3.50    -18.90  1.00000
  3856      3.50    -18.85  1.00000
  3857      3.50    -18.80  1.00000
  3858      3.50    -18.75  1.00000
  3859      3.50    -18.70  1.00000
  3860      3.50    -18.65  1.00000
  3861      3.50    -18.60  1.00000
  3862      3.50    -18.55  1.00000
  3863      3.50    -18.50  1.00000
  3864      3.50    -18.45  1.00000
  3865      3.50    -18.40  1.00000
  3866      3.50    -18.35  1.00000
  3867      3.50    -18.30  1.00000
  3868      3.50    -18.25  1.00000
  3869      3.50    -18.20  1.00000
  3870      3.50    -18.15  1.00000
  3871      3.50    -18.10  1.00000
  3872      3.50    -18.05  1.00000
  3873      3.50    -18.00  1.00000
  3874      3.50    -17.95  1.00000
  3875      3.50    -17.90  1.00000
  3876      3.50    -17.85  1.00000
  3877      3.50    -17.80  1.00000
  3878      3.50    -17.75  1.00000
  3879      3.50    -17.70  1.00000
  3880      3.50    -17.65  1.00000
  3881      3.50    -17.60  1.00000
  3882      3.50    -17.55  1.00000
  3883      3.50    -17.50  1.00000
  3884      3.50    -17.45  1.00000
  3885      3.50    -17.40  1.00000
  3886      3.50    -17.35  1.00000
  3887      3.50    -17.30  1.00000
  3888      3.50    -17.25  1.00000
  3889      3.50    -17.20  1.00000
  3890      3.50    -17.15  1.00000
  3891      3.50    -17.10  1.00000
  3892      3.50    -17.05  1.00000
  3893      3.50    -17.00  1.00000
  3894      3.50    -16.95  1.00000
  3895      3.50    -16.90  1.00000
  3896      3.50    -16.85  1.00000
  3897      3.50    -16.80  1.00000
  3898      3.50    -16.75  1.00000
  3899      3.50    -16.70  1.00000
  3900      3.50    -16.65  1.00000
  3901      3.50    -16.60  1.00000
  3902      3.50    -16.55  1.00000
  3903      3.50    -16.50  1.00000
  3904      3.50    -16.45  1.00000
  3905      3.50    -16.40  1.00000
  3906      3.50    -16.35  1.00000
  3907      3.50    -16.30  1.00000
  3908      3.50    -16.25  1.00000
  3909      3.50    -16.20  1.00000
  3910      3.50    -16.15  1.00000
  3911      3.50    -16.10  1.00000
  3912      3.50    -16.05  1.00000
  3913      3.50    -16.00  1.00000
  3914      3.50    -15.95  1.00000
  3915      3.50    -15.90  1.00000
  3916      3.50    -15.85  1.00000
  3917      3.50    -15.80  1.00000
  3918      3.50    -15.75  1.00000
  3919      3.50    -15.70  1.00000
  3920      3.50    -15.65  1.00000
  3921      3.50    -15.60  1.00000
  3922      3.50    -15.55  1.00000
  3923      3.50    -15.50  1.00000
  3924      3.50    -15.45  1.00000
  3925      3.50    -15.40  1.00000
  3926      3.50    -15.35  1.00000
  3927      3.55    -22.85  1.00000
  3928      3.55    -22.80  1.00000
  3929      3.55    -22.75  1.00000
  3930      3.55    -22.70  1.00000
  3931      3.55    -22.65  1.00000
  3932      3.55    -22.60  1.00000
  3933      3.55    -22.55  1.00000
  3934      3.55    -22.50  1.00000
  3935      3.55    -22.45  1.00000
  3936      3.55    -22.40  1.00000
  3937      3.55    -22.35  1.00000
  3938      3.55    -22.30  1.00000
  3939      3.55    -22.25  1.00000
  3940      3.55    -22.20  1.00000
  3941      3.55    -22.15  1.00000
  3942      3.55    -22.10  1.00000
  3943      3.55    -22.05  1.00000
  3944      3.55    -22.00  1.00000
  3945      3.55    -21.95  1.00000
  3946      3.55    -21.90  1.00000
  3947      3.55    -21.85  1.00000
  3948      3.55    -21.80  1.00000
  3949      3.55    -21.75  1.00000
  3950      3.55    -21.70  1.00000
  3951      3.55    -21.65  1.00000
  3952      3.55    -21.60  1.00000
  3953      3.55    -21.55  1.00000
  3954      3.55    -21.50  1.00000
  3955      3.55    -21.45  1.00000
  3956      3.55    -21.40  1.00000
  3957      3.55    -21.35  1.00000
  3958      3.55    -21.30  1.00000
  3959      3.55    -21.25  1.00000
  3960      3.55    -21.20  1.00000
  3961      3.55    -21.15  1.00000
  3962      3.55    -21.10  1.00000
  3963      3.55    -21.05  1.00000
  3964      3.55    -21.00  1.00000
  3965      3.55    -20.95  1.00000
  3966      3.55    -20.90  1.00000
  3967      3.55    -20.85  1.00000
  3968      3.55    -20.80  1.00000
  3969      3.55    -20.75  1.00000
  3970      3.55    -20.70  1.00000
  3971      3.55    -20.65  1.00000
  3972      3.55    -20.60  1.00000
  3973      3.55    -20.55  1.00000
  3974      3.55    -20.50  1.00000
  3975      3.55    -20.45  1.00000
  3976      3.55    -20.40  1.00000
  3977      3.55    -20.35  1.00000
  3978      3.55    -20.30  1.00000
  3979      3.55    -20.25  1.00000
  3980      3.55    -20.20  1.00000
  3981      3.55    -20.15  1.00000
  3982      3.55    -20.10  1.00000
  3983      3.55    -20.05  1.00000
  3984      3.55    -20.00  1.00000
  3985      3.55    -19.95  1.00000
  3986      3.55    -19.90  1.00000
  3987      3.55    -19.85  1.00000
  3988      3.55    -19.80  1.00000
  3989      3.55    -19.75  1.00000
  3990      3.55    -19.70  1.00000
  3991      3.55    -19.65  1.00000
  3992      3.55    -19.60  1.00000
  3993      3.55    -19.55  1.00000
  3994      3.55    -19.50  1.00000
  3995      3.55    -19.45  1.00000
  3996      3.55    -19.40  1.00000
  3997      3.55    -19.35  1.00000
  3998      3.55    -19.30  1.00000
  3999      3.55    -19.25  1.00000
  4000      3.55    -19.20  1.00000
  4001      3.55    -19.15  1.00000
  4002      3.55    -19.10  1.00000
  4003      3.55    -19.05  1.00000
  4004      3.55    -19.00  1.00000
  4005      3.55    -18.95  1.00000
  4006      3.55    -18.90  1.00000
  4007      3.55    -18.85  1.00000
  4008      3.55    -18.80  1.00000
  4009      3.55    -18.75  1.00000
  4010      3.55    -18.70  1.00000
  4011      3.55    -18.65  1.00000
  4012      3.55    -18.60  1.00000
  4013      3.55    -18.55  1.00000
  4014      3.55    -18.50  1.00000
  4015      3.55    -18.45  1.00000
  4016      3.55    -18.40  1.00000
  4017      3.55    -18.35  1.00000
  4018      3.55    -18.30  1.00000
  4019      3.55    -18.25  1.00000
  4020      3.55    -18.20  1.00000
  4021      3.55    -18.15  1.00000
  4022      3.55    -18.10  1.00000
  4023      3.55    -18.05  1.00000
  4024      3.55    -18.00  1.00000
  4025      3.55    -17.95  1.00000
  4026      3.55    -17.90  1.00000
  4027      3.55    -17.85  1.00000
  4028      3.55    -17.80  1.00000
  4029      3.55    -17.75  1.00000
  4030      3.55    -17.70  1.00000
  4031      3.55    -17.65  1.00000
  4032      3.55    -17.60  1.00000
  4033      3.55    -17.55  1.00000
  4034      3.55    -17.50  1.00000
  4035      3.55    -17.45  1.00000
  4036      3.55    -17.40  1.00000
  4037      3.55    -17.35  1.00000
  4038      3.55    -17.30  1.00000
  4039      3.55    -17.25  1.00000
  4040      3.55    -17.20  1.00000
  4041      3.55    -17.15  1.00000
  4042      3.55    -17.10  1.00000
  4043      3.55    -17.05  1.00000
  4044      3.55    -17.00  1.00000
  4045      3.55    -16.95  1.00000
  4046      3.55    -16.90  1.00000
  4047      3.55    -16.85  1.00000
  4048      3.55    -16.80  1.00000
  4049      3.55    -16.75  1.00000
  4050      3.55    -16.70  1.00000
  4051      3.55    -16.65  1.00000
  4052      3.55    -16.60  1.00000
  4053      3.55    -16.55  1.00000
  4054      3.55    -16.50  1.00000
  4055      3.55    -16.45  1.00000
  4056      3.55    -16.40  1.00000
  4057      3.55    -16.35  1.00000
  4058      3.55    -16.30  1.00000
  4059      3.55    -16.25  1.00000
  4060      3.55    -16.20  1.00000
  4061      3.55    -16.15  1.00000
  4062      3.55    -16.10  1.00000
  4063      3.55    -16.05  1.00000
  4064      3.55    -16.00  1.00000
  4065      3.55    -15.95  1.00000
  4066      3.55    -15.90  1.00000
  4067      3.55    -15.85  1.00000
  4068      3.55    -15.80  1.00000
  4069      3.55    -15.75  1.00000
  4070      3.55    -15.70  1.00000
  4071      3.55    -15.65  1.00000
  4072      3.55    -15.60  1.00000
  4073      3.55    -15.55  1.00000
  4074      3.55    -15.50  1.00000
  4075      3.55    -15.45  1.00000
  4076      3.55    -15.40  1.00000
  4077      3.55    -15.35  1.00000
  4078      3.60    -22.85  1.00000
  4079      3.60    -22.80  1.00000
  4080      3.60    -22.75  1.00000
  4081      3.60    -22.70  1.00000
  4082      3.60    -22.65  1.00000
  4083      3.60    -22.60  1.00000
  4084      3.60    -22.55  1.00000
  4085      3.60    -22.50  1.00000
  4086      3.60    -22.45  1.00000
  4087      3.60    -22.40  1.00000
  4088      3.60    -22.35  1.00000
  4089      3.60    -22.30  1.00000
  4090      3.60    -22.25  1.00000
  4091      3.60    -22.20  1.00000
  4092      3.60    -22.15  1.00000
  4093      3.60    -22.10  1.00000
  4094      3.60    -22.05  1.00000
  4095      3.60    -22.00  1.00000
  4096      3.60    -21.95  1.00000
  4097      3.60    -21.90  1.00000
  4098      3.60    -21.85  1.00000
  4099      3.60    -21.80  1.00000
  4100      3.60    -21.75  1.00000
  4101      3.60    -21.70  1.00000
  4102      3.60    -21.65  1.00000
  4103      3.60    -21.60  1.00000
  4104      3.60    -21.55  1.00000
  4105      3.60    -21.50  1.00000
  4106      3.60    -21.45  1.00000
  4107      3.60    -21.40  1.00000
  4108      3.60    -21.35  1.00000
  4109      3.60    -21.30  1.00000
  4110      3.60    -21.25  1.00000
  4111      3.60    -21.20  1.00000
  4112      3.60    -21.15  1.00000
  4113      3.60    -21.10  1.00000
  4114      3.60    -21.05  1.00000
  4115      3.60    -21.00  1.00000
  4116      3.60    -20.95  1.00000
  4117      3.60    -20.90  1.00000
  4118      3.60    -20.85  1.00000
  4119      3.60    -20.80  1.00000
  4120      3.60    -20.75  1.00000
  4121      3.60    -20.70  1.00000
  4122      3.60    -20.65  1.00000
  4123      3.60    -20.60  1.00000
  4124      3.60    -20.55  1.00000
  4125      3.60    -20.50  1.00000
  4126      3.60    -20.45  1.00000
  4127      3.60    -20.40  1.00000
  4128      3.60    -20.35  1.00000
  4129      3.60    -20.30  1.00000
  4130      3.60    -20.25  1.00000
  4131      3.60    -20.20  1.00000
  4132      3.60    -20.15  1.00000
  4133      3.60    -20.10  1.00000
  4134      3.60    -20.05  1.00000
  4135      3.60    -20.00  1.00000
  4136      3.60    -19.95  1.00000
  4137      3.60    -19.90  1.00000
  4138      3.60    -19.85  1.00000
  4139      3.60    -19.80  1.00000
  4140      3.60    -19.75  1.00000
  4141      3.60    -19.70  1.00000
  4142      3.60    -19.65  1.00000
  4143      3.60    -19.60  1.00000
  4144      3.60    -19.55  1.00000
  4145      3.60    -19.50  1.00000
  4146      3.60    -19.45  1.00000
  4147      3.60    -19.40  1.00000
  4148      3.60    -19.35  1.00000
  4149      3.60    -19.30  1.00000
  4150      3.60    -19.25  1.00000
  4151      3.60    -19.20  1.00000
  4152      3.60    -19.15  1.00000
  4153      3.60    -19.10  1.00000
  4154      3.60    -19.05  1.00000
  4155      3.60    -19.00  1.00000
  4156      3.60    -18.95  1.00000
  4157      3.60    -18.90  1.00000
  4158      3.60    -18.85  1.00000
  4159      3.60    -18.80  1.00000
  4160      3.60    -18.75  1.00000
  4161      3.60    -18.70  1.00000
  4162      3.60    -18.65  1.00000
  4163      3.60    -18.60  1.00000
  4164      3.60    -18.55  1.00000
  4165      3.60    -18.50  1.00000
  4166      3.60    -18.45  1.00000
  4167      3.60    -18.40  1.00000
  4168      3.60    -18.35  1.00000
  4169      3.60    -18.30  1.00000
  4170      3.60    -18.25  1.00000
  4171      3.60    -18.20  1.00000
  4172      3.60    -18.15  1.00000
  4173      3.60    -18.10  1.00000
  4174      3.60    -18.05  1.00000
  4175      3.60    -18.00  1.00000
  4176      3.60    -17.95  1.00000
  4177      3.60    -17.90  1.00000
  4178      3.60    -17.85  1.00000
  4179      3.60    -17.80  1.00000
  4180      3.60    -17.75  1.00000
  4181      3.60    -17.70  1.00000
  4182      3.60    -17.65  1.00000
  4183      3.60    -17.60  1.00000
  4184      3.60    -17.55  1.00000
  4185      3.60    -17.50  1.00000
  4186      3.60    -17.45  1.00000
  4187      3.60    -17.40  1.00000
  4188      3.60    -17.35  1.00000
  4189      3.60    -17.30  1.00000
  4190      3.60    -17.25  1.00000
  4191      3.60    -17.20  1.00000
  4192      3.60    -17.15  1.00000
  4193      3.60    -17.10  1.00000
  4194      3.60    -17.05  1.00000
  4195      3.60    -17.00  1.00000
  4196      3.60    -16.95  1.00000
  4197      3.60    -16.90  1.00000
  4198      3.60    -16.85  1.00000
  4199      3.60    -16.80  1.00000
  4200      3.60    -16.75  1.00000
  4201      3.60    -16.70  1.00000
  4202      3.60    -16.65  1.00000
  4203      3.60    -16.60  1.00000
  4204      3.60    -16.55  1.00000
  4205      3.60    -16.50  1.00000
  4206      3.60    -16.45  1.00000
  4207      3.60    -16.40  1.00000
  4208      3.60    -16.35  1.00000
  4209      3.60    -16.30  1.00000
  4210      3.60    -16.25  1.00000
  4211      3.60    -16.20  1.00000
  4212      3.60    -16.15  1.00000
  4213      3.60    -16.10  1.00000
  4214      3.60    -16.05  1.00000
  4215      3.60    -16.00  1.00000
  4216      3.60    -15.95  1.00000
  4217      3.60    -15.90  1.00000
  4218      3.60    -15.85  1.00000
  4219      3.60    -15.80  1.00000
  4220      3.60    -15.75  1.00000
  4221      3.60    -15.70  1.00000
  4222      3.60    -15.65  1.00000
  4223      3.60    -15.60  1.00000
  4224      3.60    -15.55  1.00000
  4225      3.60    -15.50  1.00000
  4226      3.60    -15.45  1.00000
  4227      3.60    -15.40  1.00000
  4228      3.60    -15.35  1.00000
  4229      3.65    -22.85  1.00000
  4230      3.65    -22.80  1.00000
  4231      3.65    -22.75  1.00000
  4232      3.65    -22.70  1.00000
  4233      3.65    -22.65  1.00000
  4234      3.65    -22.60  1.00000
  4235      3.65    -22.55  1.00000
  4236      3.65    -22.50  1.00000
  4237      3.65    -22.45  1.00000
  4238      3.65    -22.40  1.00000
  4239      3.65    -22.35  1.00000
  4240      3.65    -22.30  1.00000
  4241      3.65    -22.25  1.00000
  4242      3.65    -22.20  1.00000
  4243      3.65    -22.15  1.00000
  4244      3.65    -22.10  1.00000
  4245      3.65    -22.05  1.00000
  4246      3.65    -22.00  1.00000
  4247      3.65    -21.95  1.00000
  4248      3.65    -21.90  1.00000
  4249      3.65    -21.85  1.00000
  4250      3.65    -21.80  1.00000
  4251      3.65    -21.75  1.00000
  4252      3.65    -21.70  1.00000
  4253      3.65    -21.65  1.00000
  4254      3.65    -21.60  1.00000
  4255      3.65    -21.55  1.00000
  4256      3.65    -21.50  1.00000
  4257      3.65    -21.45  1.00000
  4258      3.65    -21.40  1.00000
  4259      3.65    -21.35  1.00000
  4260      3.65    -21.30  1.00000
  4261      3.65    -21.25  1.00000
  4262      3.65    -21.20  1.00000
  4263      3.65    -21.15  1.00000
  4264      3.65    -21.10  1.00000
  4265      3.65    -21.05  1.00000
  4266      3.65    -21.00  1.00000
  4267      3.65    -20.95  1.00000
  4268      3.65    -20.90  1.00000
  4269      3.65    -20.85  1.00000
  4270      3.65    -20.80  1.00000
  4271      3.65    -20.75  1.00000
  4272      3.65    -20.70  1.00000
  4273      3.65    -20.65  1.00000
  4274      3.65    -20.60  1.00000
  4275      3.65    -20.55  1.00000
  4276      3.65    -20.50  1.00000
  4277      3.65    -20.45  1.00000
  4278      3.65    -20.40  1.00000
  4279      3.65    -20.35  1.00000
  4280      3.65    -20.30  1.00000
  4281      3.65    -20.25  1.00000
  4282      3.65    -20.20  1.00000
  4283      3.65    -20.15  1.00000
  4284      3.65    -20.10  1.00000
  4285      3.65    -20.05  1.00000
  4286      3.65    -20.00  1.00000
  4287      3.65    -19.95  1.00000
  4288      3.65    -19.90  1.00000
  4289      3.65    -19.85  1.00000
  4290      3.65    -19.80  1.00000
  4291      3.65    -19.75  1.00000
  4292      3.65    -19.70  1.00000
  4293      3.65    -19.65  1.00000
  4294      3.65    -19.60  1.00000
  4295      3.65    -19.55  1.00000
  4296      3.65    -19.50  1.00000
  4297      3.65    -19.45  1.00000
  4298      3.65    -19.40  1.00000
  4299      3.65    -19.35  1.00000
  4300      3.65    -19.30  1.00000
  4301      3.65    -19.25  1.00000
  4302      3.65    -19.20  1.00000
  4303      3.65    -19.15  1.00000
  4304      3.65    -19.10  1.00000
  4305      3.65    -19.05  1.00000
  4306      3.65    -19.00  1.00000
  4307      3.65    -18.95  1.00000
  4308      3.65    -18.90  1.00000
  4309      3.65    -18.85  1.00000
  4310      3.65    -18.80  1.00000
  4311      3.65    -18.75  1.00000
  4312      3.65    -18.70  1.00000
  4313      3.65    -18.65  1.00000
  4314      3.65    -18.60  1.00000
  4315      3.65    -18.55  1.00000
  4316      3.65    -18.50  1.00000
  4317      3.65    -18.45  1.00000
  4318      3.65    -18.40  1.00000
  4319      3.65    -18.35  1.00000
  4320      3.65    -18.30  1.00000
  4321      3.65    -18.25  1.00000
  4322      3.65    -18.20  1.00000
  4323      3.65    -18.15  1.00000
  4324      3.65    -18.10  1.00000
  4325      3.65    -18.05  1.00000
  4326      3.65    -18.00  1.00000
  4327      3.65    -17.95  1.00000
  4328      3.65    -17.90  1.00000
  4329      3.65    -17.85  1.00000
  4330      3.65    -17.80  1.00000
  4331      3.65    -17.75  1.00000
  4332      3.65    -17.70  1.00000
  4333      3.65    -17.65  1.00000
  4334      3.65    -17.60  1.00000
  4335      3.65    -17.55  1.00000
  4336      3.65    -17.50  1.00000
  4337      3.65    -17.45  1.00000
  4338      3.65    -17.40  1.00000
  4339      3.65    -17.35  1.00000
  4340      3.65    -17.30  1.00000
  4341      3.65    -17.25  1.00000
  4342      3.65    -17.20  1.00000
  4343      3.65    -17.15  1.00000
  4344      3.65    -17.10  1.00000
  4345      3.65    -17.05  1.00000
  4346      3.65    -17.00  1.00000
  4347      3.65    -16.95  1.00000
  4348      3.65    -16.90  1.00000
  4349      3.65    -16.85  1.00000
  4350      3.65    -16.80  1.00000
  4351      3.65    -16.75  1.00000
  4352      3.65    -16.70  1.00000
  4353      3.65    -16.65  1.00000
  4354      3.65    -16.60  1.00000
  4355      3.65    -16.55  1.00000
  4356      3.65    -16.50  1.00000
  4357      3.65    -16.45  1.00000
  4358      3.65    -16.40  1.00000
  4359      3.65    -16.35  1.00000
  4360      3.65    -16.30  1.00000
  4361      3.65    -16.25  1.00000
  4362      3.65    -16.20  1.00000
  4363      3.65    -16.15  1.00000
  4364      3.65    -16.10  1.00000
  4365      3.65    -16.05  1.00000
  4366      3.65    -16.00  1.00000
  4367      3.65    -15.95  1.00000
  4368      3.65    -15.90  1.00000
  4369      3.65    -15.85  1.00000
  4370      3.65    -15.80  1.00000
  4371      3.65    -15.75  1.00000
  4372      3.65    -15.70  1.00000
  4373      3.65    -15.65  1.00000
  4374      3.65    -15.60  1.00000
  4375      3.65    -15.55  1.00000
  4376      3.65    -15.50  1.00000
  4377      3.65    -15.45  1.00000
  4378      3.65    -15.40  1.00000
  4379      3.65    -15.35  1.00000
  4380      3.70    -22.85  1.00000
  4381      3.70    -22.80  1.00000
  4382      3.70    -22.75  1.00000
  4383      3.70    -22.70  1.00000
  4384      3.70    -22.65  1.00000
  4385      3.70    -22.60  1.00000
  4386      3.70    -22.55  1.00000
  4387      3.70    -22.50  1.00000
  4388      3.70    -22.45  1.00000
  4389      3.70    -22.40  1.00000
  4390      3.70    -22.35  1.00000
  4391      3.70    -22.30  1.00000
  4392      3.70    -22.25  1.00000
  4393      3.70    -22.20  1.00000
  4394      3.70    -22.15  1.00000
  4395      3.70    -22.10  1.00000
  4396      3.70    -22.05  1.00000
  4397      3.70    -22.00  1.00000
  4398      3.70    -21.95  1.00000
  4399      3.70    -21.90  1.00000
  4400      3.70    -21.85  1.00000
  4401      3.70    -21.80  1.00000
  4402      3.70    -21.75  1.00000
  4403      3.70    -21.70  1.00000
  4404      3.70    -21.65  1.00000
  4405      3.70    -21.60  1.00000
  4406      3.70    -21.55  1.00000
  4407      3.70    -21.50  1.00000
  4408      3.70    -21.45  1.00000
  4409      3.70    -21.40  1.00000
  4410      3.70    -21.35  1.00000
  4411      3.70    -21.30  1.00000
  4412      3.70    -21.25  1.00000
  4413      3.70    -21.20  1.00000
  4414      3.70    -21.15  1.00000
  4415      3.70    -21.10  1.00000
  4416      3.70    -21.05  1.00000
  4417      3.70    -21.00  1.00000
  4418      3.70    -20.95  1.00000
  4419      3.70    -20.90  1.00000
  4420      3.70    -20.85  1.00000
  4421      3.70    -20.80  1.00000
  4422      3.70    -20.75  1.00000
  4423      3.70    -20.70  1.00000
  4424      3.70    -20.65  1.00000
  4425      3.70    -20.60  1.00000
  4426      3.70    -20.55  1.00000
  4427      3.70    -20.50  1.00000
  4428      3.70    -20.45  1.00000
  4429      3.70    -20.40  1.00000
  4430      3.70    -20.35  1.00000
  4431      3.70    -20.30  1.00000
  4432      3.70    -20.25  1.00000
  4433      3.70    -20.20  1.00000
  4434      3.70    -20.15  1.00000
  4435      3.70    -20.10  1.00000
  4436      3.70    -20.05  1.00000
  4437      3.70    -20.00  1.00000
  4438      3.70    -19.95  1.00000
  4439      3.70    -19.90  1.00000
  4440      3.70    -19.85  1.00000
  4441      3.70    -19.80  1.00000
  4442      3.70    -19.75  1.00000
  4443      3.70    -19.70  1.00000
  4444      3.70    -19.65  1.00000
  4445      3.70    -19.60  1.00000
  4446      3.70    -19.55  1.00000
  4447      3.70    -19.50  1.00000
  4448      3.70    -19.45  1.00000
  4449      3.70    -19.40  1.00000
  4450      3.70    -19.35  1.00000
  4451      3.70    -19.30  1.00000
  4452      3.70    -19.25  1.00000
  4453      3.70    -19.20  1.00000
  4454      3.70    -19.15  1.00000
  4455      3.70    -19.10  1.00000
  4456      3.70    -19.05  1.00000
  4457      3.70    -19.00  1.00000
  4458      3.70    -18.95  1.00000
  4459      3.70    -18.90  1.00000
  4460      3.70    -18.85  1.00000
  4461      3.70    -18.80  1.00000
  4462      3.70    -18.75  1.00000
  4463      3.70    -18.70  1.00000
  4464      3.70    -18.65  1.00000
  4465      3.70    -18.60  1.00000
  4466      3.70    -18.55  1.00000
  4467      3.70    -18.50  1.00000
  4468      3.70    -18.45  1.00000
  4469      3.70    -18.40  1.00000
  4470      3.70    -18.35  1.00000
  4471      3.70    -18.30  1.00000
  4472      3.70    -18.25  1.00000
  4473      3.70    -18.20  1.00000
  4474      3.70    -18.15  1.00000
  4475      3.70    -18.10  1.00000
  4476      3.70    -18.05  1.00000
  4477      3.70    -18.00  1.00000
  4478      3.70    -17.95  1.00000
  4479      3.70    -17.90  1.00000
  4480      3.70    -17.85  1.00000
  4481      3.70    -17.80  1.00000
  4482      3.70    -17.75  1.00000
  4483      3.70    -17.70  1.00000
  4484      3.70    -17.65  1.00000
  4485      3.70    -17.60  1.00000
  4486      3.70    -17.55  1.00000
  4487      3.70    -17.50  1.00000
  4488      3.70    -17.45  1.00000
  4489      3.70    -17.40  1.00000
  4490      3.70    -17.35  1.00000
  4491      3.70    -17.30  1.00000
  4492      3.70    -17.25  1.00000
  4493      3.70    -17.20  1.00000
  4494      3.70    -17.15  1.00000
  4495      3.70    -17.10  1.00000
  4496      3.70    -17.05  1.00000
  4497      3.70    -17.00  1.00000
  4498      3.70    -16.95  1.00000
  4499      3.70    -16.90  1.00000
  4500      3.70    -16.85  1.00000
  4501      3.70    -16.80  1.00000
  4502      3.70    -16.75  1.00000
  4503      3.70    -16.70  1.00000
  4504      3.70    -16.65  1.00000
  4505      3.70    -16.60  1.00000
  4506      3.70    -16.55  1.00000
  4507      3.70    -16.50  1.00000
  4508      3.70    -16.45  1.00000
  4509      3.70    -16.40  1.00000
  4510      3.70    -16.35  1.00000
  4511      3.70    -16.30  1.00000
  4512      3.70    -16.25  1.00000
  4513      3.70    -16.20  1.00000
  4514      3.70    -16.15  1.00000
  4515      3.70    -16.10  1.00000
  4516      3.70    -16.05  1.00000
  4517      3.70    -16.00  1.00000
  4518      3.70    -15.95  1.00000
  4519      3.70    -15.90  1.00000
  4520      3.70    -15.85  1.00000
  4521      3.70    -15.80  1.00000
  4522      3.70    -15.75  1.00000
  4523      3.70    -15.70  1.00000
  4524      3.70    -15.65  1.00000
  4525      3.70    -15.60  1.00000
  4526      3.70    -15.55  1.00000
  4527      3.70    -15.50  1.00000
  4528      3.70    -15.45  1.00000
  4529      3.70    -15.40  1.00000
  4530      3.70    -15.35  1.00000
  4531      3.75    -22.85  1.00000
  4532      3.75    -22.80  1.00000
  4533      3.75    -22.75  1.00000
  4534      3.75    -22.70  1.00000
  4535      3.75    -22.65  1.00000
  4536      3.75    -22.60  1.00000
  4537      3.75    -22.55  1.00000
  4538      3.75    -22.50  1.00000
  4539      3.75    -22.45  1.00000
  4540      3.75    -22.40  1.00000
  4541      3.75    -22.35  1.00000
  4542      3.75    -22.30  1.00000
  4543      3.75    -22.25  1.00000
  4544      3.75    -22.20  1.00000
  4545      3.75    -22.15  1.00000
  4546      3.75    -22.10  1.00000
  4547      3.75    -22.05  1.00000
  4548      3.75    -22.00  1.00000
  4549      3.75    -21.95  1.00000
  4550      3.75    -21.90  1.00000
  4551      3.75    -21.85  1.00000
  4552      3.75    -21.80  1.00000
  4553      3.75    -21.75  1.00000
  4554      3.75    -21.70  1.00000
  4555      3.75    -21.65  1.00000
  4556      3.75    -21.60  1.00000
  4557      3.75    -21.55  1.00000
  4558      3.75    -21.50  1.00000
  4559      3.75    -21.45  1.00000
  4560      3.75    -21.40  1.00000
  4561      3.75    -21.35  1.00000
  4562      3.75    -21.30  1.00000
  4563      3.75    -21.25  1.00000
  4564      3.75    -21.20  1.00000
  4565      3.75    -21.15  1.00000
  4566      3.75    -21.10  1.00000
  4567      3.75    -21.05  1.00000
  4568      3.75    -21.00  1.00000
  4569      3.75    -20.95  1.00000
  4570      3.75    -20.90  1.00000
  4571      3.75    -20.85  1.00000
  4572      3.75    -20.80  1.00000
  4573      3.75    -20.75  1.00000
  4574      3.75    -20.70  1.00000
  4575      3.75    -20.65  1.00000
  4576      3.75    -20.60  1.00000
  4577      3.75    -20.55  1.00000
  4578      3.75    -20.50  1.00000
  4579      3.75    -20.45  1.00000
  4580      3.75    -20.40  1.00000
  4581      3.75    -20.35  1.00000
  4582      3.75    -20.30  1.00000
  4583      3.75    -20.25  1.00000
  4584      3.75    -20.20  1.00000
  4585      3.75    -20.15  1.00000
  4586      3.75    -20.10  1.00000
  4587      3.75    -20.05  1.00000
  4588      3.75    -20.00  1.00000
  4589      3.75    -19.95  1.00000
  4590      3.75    -19.90  1.00000
  4591      3.75    -19.85  1.00000
  4592      3.75    -19.80  1.00000
  4593      3.75    -19.75  1.00000
  4594      3.75    -19.70  1.00000
  4595      3.75    -19.65  1.00000
  4596      3.75    -19.60  1.00000
  4597      3.75    -19.55  1.00000
  4598      3.75    -19.50  1.00000
  4599      3.75    -19.45  1.00000
  4600      3.75    -19.40  1.00000
  4601      3.75    -19.35  1.00000
  4602      3.75    -19.30  1.00000
  4603      3.75    -19.25  1.00000
  4604      3.75    -19.20  1.00000
  4605      3.75    -19.15  1.00000
  4606      3.75    -19.10  1.00000
  4607      3.75    -19.05  1.00000
  4608      3.75    -19.00  1.00000
  4609      3.75    -18.95  1.00000
  4610      3.75    -18.90  1.00000
  4611      3.75    -18.85  1.00000
  4612      3.75    -18.80  1.00000
  4613      3.75    -18.75  1.00000
  4614      3.75    -18.70  1.00000
  4615      3.75    -18.65  1.00000
  4616      3.75    -18.60  1.00000
  4617      3.75    -18.55  1.00000
  4618      3.75    -18.50  1.00000
  4619      3.75    -18.45  1.00000
  4620      3.75    -18.40  1.00000
  4621      3.75    -18.35  1.00000
  4622      3.75    -18.30  1.00000
  4623      3.75    -18.25  1.00000
  4624      3.75    -18.20  1.00000
  4625      3.75    -18.15  1.00000
  4626      3.75    -18.10  1.00000
  4627      3.75    -18.05  1.00000
  4628      3.75    -18.00  1.00000
  4629      3.75    -17.95  1.00000
  4630      3.75    -17.90  1.00000
  4631      3.75    -17.85  1.00000
  4632      3.75    -17.80  1.00000
  4633      3.75    -17.75  1.00000
  4634      3.75    -17.70  1.00000
  4635      3.75    -17.65  1.00000
  4636      3.75    -17.60  1.00000
  4637      3.75    -17.55  1.00000
  4638      3.75    -17.50  1.00000
  4639      3.75    -17.45  1.00000
  4640      3.75    -17.40  1.00000
  4641      3.75    -17.35  1.00000
  4642      3.75    -17.30  1.00000
  4643      3.75    -17.25  1.00000
  4644      3.75    -17.20  1.00000
  4645      3.75    -17.15  1.00000
  4646      3.75    -17.10  1.00000
  4647      3.75    -17.05  1.00000
  4648      3.75    -17.00  1.00000
  4649      3.75    -16.95  1.00000
  4650      3.75    -16.90  1.00000
  4651      3.75    -16.85  1.00000
  4652      3.75    -16.80  1.00000
  4653      3.75    -16.75  1.00000
  4654      3.75    -16.70  1.00000
  4655      3.75    -16.65  1.00000
  4656      3.75    -16.60  1.00000
  4657      3.75    -16.55  1.00000
  4658      3.75    -16.50  1.00000
  4659      3.75    -16.45  1.00000
  4660      3.75    -16.40  1.00000
  4661      3.75    -16.35  1.00000
  4662      3.75    -16.30  1.00000
  4663      3.75    -16.25  1.00000
  4664      3.75    -16.20  1.00000
  4665      3.75    -16.15  1.00000
  4666      3.75    -16.10  1.00000
  4667      3.75    -16.05  1.00000
  4668      3.75    -16.00  1.00000
  4669      3.75    -15.95  1.00000
  4670      3.75    -15.90  1.00000
  4671      3.75    -15.85  1.00000
  4672      3.75    -15.80  1.00000
  4673      3.75    -15.75  1.00000
  4674      3.75    -15.70  1.00000
  4675      3.75    -15.65  1.00000
  4676      3.75    -15.60  1.00000
  4677      3.75    -15.55  1.00000
  4678      3.75    -15.50  1.00000
  4679      3.75    -15.45  1.00000
  4680      3.75    -15.40  1.00000
  4681      3.75    -15.35  1.00000
  4682      3.80    -22.85  1.00000
  4683      3.80    -22.80  1.00000
  4684      3.80    -22.75  1.00000
  4685      3.80    -22.70  1.00000
  4686      3.80    -22.65  1.00000
  4687      3.80    -22.60  1.00000
  4688      3.80    -22.55  1.00000
  4689      3.80    -22.50  1.00000
  4690      3.80    -22.45  1.00000
  4691      3.80    -22.40  1.00000
  4692      3.80    -22.35  1.00000
  4693      3.80    -22.30  1.00000
  4694      3.80    -22.25  1.00000
  4695      3.80    -22.20  1.00000
  4696      3.80    -22.15  1.00000
  4697      3.80    -22.10  1.00000
  4698      3.80    -22.05  1.00000
  4699      3.80    -22.00  1.00000
  4700      3.80    -21.95  1.00000
  4701      3.80    -21.90  1.00000
  4702      3.80    -21.85  1.00000
  4703      3.80    -21.80  1.00000
  4704      3.80    -21.75  1.00000
  4705      3.80    -21.70  1.00000
  4706      3.80    -21.65  1.00000
  4707      3.80    -21.60  1.00000
  4708      3.80    -21.55  1.00000
  4709      3.80    -21.50  1.00000
  4710      3.80    -21.45  1.00000
  4711      3.80    -21.40  1.00000
  4712      3.80    -21.35  1.00000
  4713      3.80    -21.30  1.00000
  4714      3.80    -21.25  1.00000
  4715      3.80    -21.20  1.00000
  4716      3.80    -21.15  1.00000
  4717      3.80    -21.10  1.00000
  4718      3.80    -21.05  1.00000
  4719      3.80    -21.00  1.00000
  4720      3.80    -20.95  1.00000
  4721      3.80    -20.90  1.00000
  4722      3.80    -20.85  1.00000
  4723      3.80    -20.80  1.00000
  4724      3.80    -20.75  1.00000
  4725      3.80    -20.70  1.00000
  4726      3.80    -20.65  1.00000
  4727      3.80    -20.60  1.00000
  4728      3.80    -20.55  1.00000
  4729      3.80    -20.50  1.00000
  4730      3.80    -20.45  1.00000
  4731      3.80    -20.40  1.00000
  4732      3.80    -20.35  1.00000
  4733      3.80    -20.30  1.00000
  4734      3.80    -20.25  1.00000
  4735      3.80    -20.20  1.00000
  4736      3.80    -20.15  1.00000
  4737      3.80    -20.10  1.00000
  4738      3.80    -20.05  1.00000
  4739      3.80    -20.00  1.00000
  4740      3.80    -19.95  1.00000
  4741      3.80    -19.90  1.00000
  4742      3.80    -19.85  1.00000
  4743      3.80    -19.80  1.00000
  4744      3.80    -19.75  1.00000
  4745      3.80    -19.70  1.00000
  4746      3.80    -19.65  1.00000
  4747      3.80    -19.60  1.00000
  4748      3.80    -19.55  1.00000
  4749      3.80    -19.50  1.00000
  4750      3.80    -19.45  1.00000
  4751      3.80    -19.40  1.00000
  4752      3.80    -19.35  1.00000
  4753      3.80    -19.30  1.00000
  4754      3.80    -19.25  1.00000
  4755      3.80    -19.20  1.00000
  4756      3.80    -19.15  1.00000
  4757      3.80    -19.10  1.00000
  4758      3.80    -19.05  1.00000
  4759      3.80    -19.00  1.00000
  4760      3.80    -18.95  1.00000
  4761      3.80    -18.90  1.00000
  4762      3.80    -18.85  1.00000
  4763      3.80    -18.80  1.00000
  4764      3.80    -18.75  1.00000
  4765      3.80    -18.70  1.00000
  4766      3.80    -18.65  1.00000
  4767      3.80    -18.60  1.00000
  4768      3.80    -18.55  1.00000
  4769      3.80    -18.50  1.00000
  4770      3.80    -18.45  1.00000
  4771      3.80    -18.40  1.00000
  4772      3.80    -18.35  1.00000
  4773      3.80    -18.30  1.00000
  4774      3.80    -18.25  1.00000
  4775      3.80    -18.20  1.00000
  4776      3.80    -18.15  1.00000
  4777      3.80    -18.10  1.00000
  4778      3.80    -18.05  1.00000
  4779      3.80    -18.00  1.00000
  4780      3.80    -17.95  1.00000
  4781      3.80    -17.90  1.00000
  4782      3.80    -17.85  1.00000
  4783      3.80    -17.80  1.00000
  4784      3.80    -17.75  1.00000
  4785      3.80    -17.70  1.00000
  4786      3.80    -17.65  1.00000
  4787      3.80    -17.60  1.00000
  4788      3.80    -17.55  1.00000
  4789      3.80    -17.50  1.00000
  4790      3.80    -17.45  1.00000
  4791      3.80    -17.40  1.00000
  4792      3.80    -17.35  1.00000
  4793      3.80    -17.30  1.00000
  4794      3.80    -17.25  1.00000
  4795      3.80    -17.20  1.00000
  4796      3.80    -17.15  1.00000
  4797      3.80    -17.10  1.00000
  4798      3.80    -17.05  1.00000
  4799      3.80    -17.00  1.00000
  4800      3.80    -16.95  1.00000
  4801      3.80    -16.90  1.00000
  4802      3.80    -16.85  1.00000
  4803      3.80    -16.80  1.00000
  4804      3.80    -16.75  1.00000
  4805      3.80    -16.70  1.00000
  4806      3.80    -16.65  1.00000
  4807      3.80    -16.60  1.00000
  4808      3.80    -16.55  1.00000
  4809      3.80    -16.50  1.00000
  4810      3.80    -16.45  1.00000
  4811      3.80    -16.40  1.00000
  4812      3.80    -16.35  1.00000
  4813      3.80    -16.30  1.00000
  4814      3.80    -16.25  1.00000
  4815      3.80    -16.20  1.00000
  4816      3.80    -16.15  1.00000
  4817      3.80    -16.10  1.00000
  4818      3.80    -16.05  1.00000
  4819      3.80    -16.00  1.00000
  4820      3.80    -15.95  1.00000
  4821      3.80    -15.90  1.00000
  4822      3.80    -15.85  1.00000
  4823      3.80    -15.80  1.00000
  4824      3.80    -15.75  1.00000
  4825      3.80    -15.70  1.00000
  4826      3.80    -15.65  1.00000
  4827      3.80    -15.60  1.00000
  4828      3.80    -15.55  1.00000
  4829      3.80    -15.50  1.00000
  4830      3.80    -15.45  1.00000
  4831      3.80    -15.40  1.00000
  4832      3.80    -15.35  1.00000
  4833      3.85    -22.85  1.00000
  4834      3.85    -22.80  1.00000
  4835      3.85    -22.75  1.00000
  4836      3.85    -22.70  1.00000
  4837      3.85    -22.65  1.00000
  4838      3.85    -22.60  1.00000
  4839      3.85    -22.55  1.00000
  4840      3.85    -22.50  1.00000
  4841      3.85    -22.45  1.00000
  4842      3.85    -22.40  1.00000
  4843      3.85    -22.35  1.00000
  4844      3.85    -22.30  1.00000
  4845      3.85    -22.25  1.00000
  4846      3.85    -22.20  1.00000
  4847      3.85    -22.15  1.00000
  4848      3.85    -22.10  1.00000
  4849      3.85    -22.05  1.00000
  4850      3.85    -22.00  1.00000
  4851      3.85    -21.95  1.00000
  4852      3.85    -21.90  1.00000
  4853      3.85    -21.85  1.00000
  4854      3.85    -21.80  1.00000
  4855      3.85    -21.75  1.00000
  4856      3.85    -21.70  1.00000
  4857      3.85    -21.65  1.00000
  4858      3.85    -21.60  1.00000
  4859      3.85    -21.55  1.00000
  4860      3.85    -21.50  1.00000
  4861      3.85    -21.45  1.00000
  4862      3.85    -21.40  1.00000
  4863      3.85    -21.35  1.00000
  4864      3.85    -21.30  1.00000
  4865      3.85    -21.25  1.00000
  4866      3.85    -21.20  1.00000
  4867      3.85    -21.15  1.00000
  4868      3.85    -21.10  1.00000
  4869      3.85    -21.05  1.00000
  4870      3.85    -21.00  1.00000
  4871      3.85    -20.95  1.00000
  4872      3.85    -20.90  1.00000
  4873      3.85    -20.85  1.00000
  4874      3.85    -20.80  1.00000
  4875      3.85    -20.75  1.00000
  4876      3.85    -20.70  1.00000
  4877      3.85    -20.65  1.00000
  4878      3.85    -20.60  1.00000
  4879      3.85    -20.55  1.00000
  4880      3.85    -20.50  1.00000
  4881      3.85    -20.45  1.00000
  4882      3.85    -20.40  1.00000
  4883      3.85    -20.35  1.00000
  4884      3.85    -20.30  1.00000
  4885      3.85    -20.25  1.00000
  4886      3.85    -20.20  1.00000
  4887      3.85    -20.15  1.00000
  4888      3.85    -20.10  1.00000
  4889      3.85    -20.05  1.00000
  4890      3.85    -20.00  1.00000
  4891      3.85    -19.95  1.00000
  4892      3.85    -19.90  1.00000
  4893      3.85    -19.85  1.00000
  4894      3.85    -19.80  1.00000
  4895      3.85    -19.75  1.00000
  4896      3.85    -19.70  1.00000
  4897      3.85    -19.65  1.00000
  4898      3.85    -19.60  1.00000
  4899      3.85    -19.55  1.00000
  4900      3.85    -19.50  1.00000
  4901      3.85    -19.45  1.00000
  4902      3.85    -19.40  1.00000
  4903      3.85    -19.35  1.00000
  4904      3.85    -19.30  1.00000
  4905      3.85    -19.25  1.00000
  4906      3.85    -19.20  1.00000
  4907      3.85    -19.15  1.00000
  4908      3.85    -19.10  1.00000
  4909      3.85    -19.05  1.00000
  4910      3.85    -19.00  1.00000
  4911      3.85    -18.95  1.00000
  4912      3.85    -18.90  1.00000
  4913      3.85    -18.85  1.00000
  4914      3.85    -18.80  1.00000
  4915      3.85    -18.75  1.00000
  4916      3.85    -18.70  1.00000
  4917      3.85    -18.65  1.00000
  4918      3.85    -18.60  1.00000
  4919      3.85    -18.55  1.00000
  4920      3.85    -18.50  1.00000
  4921      3.85    -18.45  1.00000
  4922      3.85    -18.40  1.00000
  4923      3.85    -18.35  1.00000
  4924      3.85    -18.30  1.00000
  4925      3.85    -18.25  1.00000
  4926      3.85    -18.20  1.00000
  4927      3.85    -18.15  1.00000
  4928      3.85    -18.10  1.00000
  4929      3.85    -18.05  1.00000
  4930      3.85    -18.00  1.00000
  4931      3.85    -17.95  1.00000
  4932      3.85    -17.90  1.00000
  4933      3.85    -17.85  1.00000
  4934      3.85    -17.80  1.00000
  4935      3.85    -17.75  1.00000
  4936      3.85    -17.70  1.00000
  4937      3.85    -17.65  1.00000
  4938      3.85    -17.60  1.00000
  4939      3.85    -17.55  1.00000
  4940      3.85    -17.50  1.00000
  4941      3.85    -17.45  1.00000
  4942      3.85    -17.40  1.00000
  4943      3.85    -17.35  1.00000
  4944      3.85    -17.30  1.00000
  4945      3.85    -17.25  1.00000
  4946      3.85    -17.20  1.00000
  4947      3.85    -17.15  1.00000
  4948      3.85    -17.10  1.00000
  4949      3.85    -17.05  1.00000
  4950      3.85    -17.00  1.00000
  4951      3.85    -16.95  1.00000
  4952      3.85    -16.90  1.00000
  4953      3.85    -16.85  1.00000
  4954      3.85    -16.80  1.00000
  4955      3.85    -16.75  1.00000
  4956      3.85    -16.70  1.00000
  4957      3.85    -16.65  1.00000
  4958      3.85    -16.60  1.00000
  4959      3.85    -16.55  1.00000
  4960      3.85    -16.50  1.00000
  4961      3.85    -16.45  1.00000
  4962      3.85    -16.40  1.00000
  4963      3.85    -16.35  1.00000
  4964      3.85    -16.30  1.00000
  4965      3.85    -16.25  1.00000
  4966      3.85    -16.20  1.00000
  4967      3.85    -16.15  1.00000
  4968      3.85    -16.10  1.00000
  4969      3.85    -16.05  1.00000
  4970      3.85    -16.00  1.00000
  4971      3.85    -15.95  1.00000
  4972      3.85    -15.90  1.00000
  4973      3.85    -15.85  1.00000
  4974      3.85    -15.80  1.00000
  4975      3.85    -15.75  1.00000
  4976      3.85    -15.70  1.00000
  4977      3.85    -15.65  1.00000
  4978      3.85    -15.60  1.00000
  4979      3.85    -15.55  1.00000
  4980      3.85    -15.50  1.00000
  4981      3.85    -15.45  1.00000
  4982      3.85    -15.40  1.00000
  4983      3.85    -15.35  1.00000
  4984      3.90    -22.85  1.00000
  4985      3.90    -22.80  1.00000
  4986      3.90    -22.75  1.00000
  4987      3.90    -22.70  1.00000
  4988      3.90    -22.65  1.00000
  4989      3.90    -22.60  1.00000
  4990      3.90    -22.55  1.00000
  4991      3.90    -22.50  1.00000
  4992      3.90    -22.45  1.00000
  4993      3.90    -22.40  1.00000
  4994      3.90    -22.35  1.00000
  4995      3.90    -22.30  1.00000
  4996      3.90    -22.25  1.00000
  4997      3.90    -22.20  1.00000
  4998      3.90    -22.15  1.00000
  4999      3.90    -22.10  1.00000
  5000      3.90    -22.05  1.00000
  5001      3.90    -22.00  1.00000
  5002      3.90    -21.95  1.00000
  5003      3.90    -21.90  1.00000
  5004      3.90    -21.85  1.00000
  5005      3.90    -21.80  1.00000
  5006      3.90    -21.75  1.00000
  5007      3.90    -21.70  1.00000
  5008      3.90    -21.65  1.00000
  5009      3.90    -21.60  1.00000
  5010      3.90    -21.55  1.00000
  5011      3.90    -21.50  1.00000
  5012      3.90    -21.45  1.00000
  5013      3.90    -21.40  1.00000
  5014      3.90    -21.35  1.00000
  5015      3.90    -21.30  1.00000
  5016      3.90    -21.25  1.00000
  5017      3.90    -21.20  1.00000
  5018      3.90    -21.15  1.00000
  5019      3.90    -21.10  1.00000
  5020      3.90    -21.05  1.00000
  5021      3.90    -21.00  1.00000
  5022      3.90    -20.95  1.00000
  5023      3.90    -20.90  1.00000
  5024      3.90    -20.85  1.00000
  5025      3.90    -20.80  1.00000
  5026      3.90    -20.75  1.00000
  5027      3.90    -20.70  1.00000
  5028      3.90    -20.65  1.00000
  5029      3.90    -20.60  1.00000
  5030      3.90    -20.55  1.00000
  5031      3.90    -20.50  1.00000
  5032      3.90    -20.45  1.00000
  5033      3.90    -20.40  1.00000
  5034      3.90    -20.35  1.00000
  5035      3.90    -20.30  1.00000
  5036      3.90    -20.25  1.00000
  5037      3.90    -20.20  1.00000
  5038      3.90    -20.15  1.00000
  5039      3.90    -20.10  1.00000
  5040      3.90    -20.05  1.00000
  5041      3.90    -20.00  1.00000
  5042      3.90    -19.95  1.00000
  5043      3.90    -19.90  1.00000
  5044      3.90    -19.85  1.00000
  5045      3.90    -19.80  1.00000
  5046      3.90    -19.75  1.00000
  5047      3.90    -19.70  1.00000
  5048      3.90    -19.65  1.00000
  5049      3.90    -19.60  1.00000
  5050      3.90    -19.55  1.00000
  5051      3.90    -19.50  1.00000
  5052      3.90    -19.45  1.00000
  5053      3.90    -19.40  1.00000
  5054      3.90    -19.35  1.00000
  5055      3.90    -19.30  1.00000
  5056      3.90    -19.25  1.00000
  5057      3.90    -19.20  1.00000
  5058      3.90    -19.15  1.00000
  5059      3.90    -19.10  1.00000
  5060      3.90    -19.05  1.00000
  5061      3.90    -19.00  1.00000
  5062      3.90    -18.95  1.00000
  5063      3.90    -18.90  1.00000
  5064      3.90    -18.85  1.00000
  5065      3.90    -18.80  1.00000
  5066      3.90    -18.75  1.00000
  5067      3.90    -18.70  1.00000
  5068      3.90    -18.65  1.00000
  5069      3.90    -18.60  1.00000
  5070      3.90    -18.55  1.00000
  5071      3.90    -18.50  1.00000
  5072      3.90    -18.45  1.00000
  5073      3.90    -18.40  1.00000
  5074      3.90    -18.35  1.00000
  5075      3.90    -18.30  1.00000
  5076      3.90    -18.25  1.00000
  5077      3.90    -18.20  1.00000
  5078      3.90    -18.15  1.00000
  5079      3.90    -18.10  1.00000
  5080      3.90    -18.05  1.00000
  5081      3.90    -18.00  1.00000
  5082      3.90    -17.95  1.00000
  5083      3.90    -17.90  1.00000
  5084      3.90    -17.85  1.00000
  5085      3.90    -17.80  1.00000
  5086      3.90    -17.75  1.00000
  5087      3.90    -17.70  1.00000
  5088      3.90    -17.65  1.00000
  5089      3.90    -17.60  1.00000
  5090      3.90    -17.55  1.00000
  5091      3.90    -17.50  1.00000
  5092      3.90    -17.45  1.00000
  5093      3.90    -17.40  1.00000
  5094      3.90    -17.35  1.00000
  5095      3.90    -17.30  1.00000
  5096      3.90    -17.25  1.00000
  5097      3.90    -17.20  1.00000
  5098      3.90    -17.15  1.00000
  5099      3.90    -17.10  1.00000
  5100      3.90    -17.05  1.00000
  5101      3.90    -17.00  1.00000
  5102      3.90    -16.95  1.00000
  5103      3.90    -16.90  1.00000
  5104      3.90    -16.85  1.00000
  5105      3.90    -16.80  1.00000
  5106      3.90    -16.75  1.00000
  5107      3.90    -16.70  1.00000
  5108      3.90    -16.65  1.00000
  5109      3.90    -16.60  1.00000
  5110      3.90    -16.55  1.00000
  5111      3.90    -16.50  1.00000
  5112      3.90    -16.45  1.00000
  5113      3.90    -16.40  1.00000
  5114      3.90    -16.35  1.00000
  5115      3.90    -16.30  1.00000
  5116      3.90    -16.25  1.00000
  5117      3.90    -16.20  1.00000
  5118      3.90    -16.15  1.00000
  5119      3.90    -16.10  1.00000
  5120      3.90    -16.05  1.00000
  5121      3.90    -16.00  1.00000
  5122      3.90    -15.95  1.00000
  5123      3.90    -15.90  1.00000
  5124      3.90    -15.85  1.00000
  5125      3.90    -15.80  1.00000
  5126      3.90    -15.75  1.00000
  5127      3.90    -15.70  1.00000
  5128      3.90    -15.65  1.00000
  5129      3.90    -15.60  1.00000
  5130      3.90    -15.55  1.00000
  5131      3.90    -15.50  1.00000
  5132      3.90    -15.45  1.00000
  5133      3.90    -15.40  1.00000
  5134      3.90    -15.35  1.00000
  5135      3.95    -22.85  1.00000
  5136      3.95    -22.80  1.00000
  5137      3.95    -22.75  1.00000
  5138      3.95    -22.70  1.00000
  5139      3.95    -22.65  1.00000
  5140      3.95    -22.60  1.00000
  5141      3.95    -22.55  1.00000
  5142      3.95    -22.50  1.00000
  5143      3.95    -22.45  1.00000
  5144      3.95    -22.40  1.00000
  5145      3.95    -22.35  1.00000
  5146      3.95    -22.30  1.00000
  5147      3.95    -22.25  1.00000
  5148      3.95    -22.20  1.00000
  5149      3.95    -22.15  1.00000
  5150      3.95    -22.10  1.00000
  5151      3.95    -22.05  1.00000
  5152      3.95    -22.00  1.00000
  5153      3.95    -21.95  1.00000
  5154      3.95    -21.90  1.00000
  5155      3.95    -21.85  1.00000
  5156      3.95    -21.80  1.00000
  5157      3.95    -21.75  1.00000
  5158      3.95    -21.70  1.00000
  5159      3.95    -21.65  1.00000
  5160      3.95    -21.60  1.00000
  5161      3.95    -21.55  1.00000
  5162      3.95    -21.50  1.00000
  5163      3.95    -21.45  1.00000
  5164      3.95    -21.40  1.00000
  5165      3.95    -21.35  1.00000
  5166      3.95    -21.30  1.00000
  5167      3.95    -21.25  1.00000
  5168      3.95    -21.20  1.00000
  5169      3.95    -21.15  1.00000
  5170      3.95    -21.10  1.00000
  5171      3.95    -21.05  1.00000
  5172      3.95    -21.00  1.00000
  5173      3.95    -20.95  1.00000
  5174      3.95    -20.90  1.00000
  5175      3.95    -20.85  1.00000
  5176      3.95    -20.80  1.00000
  5177      3.95    -20.75  1.00000
  5178      3.95    -20.70  1.00000
  5179      3.95    -20.65  1.00000
  5180      3.95    -20.60  1.00000
  5181      3.95    -20.55  1.00000
  5182      3.95    -20.50  1.00000
  5183      3.95    -20.45  1.00000
  5184      3.95    -20.40  1.00000
  5185      3.95    -20.35  1.00000
  5186      3.95    -20.30  1.00000
  5187      3.95    -20.25  1.00000
  5188      3.95    -20.20  1.00000
  5189      3.95    -20.15  1.00000
  5190      3.95    -20.10  1.00000
  5191      3.95    -20.05  1.00000
  5192      3.95    -20.00  1.00000
  5193      3.95    -19.95  1.00000
  5194      3.95    -19.90  1.00000
  5195      3.95    -19.85  1.00000
  5196      3.95    -19.80  1.00000
  5197      3.95    -19.75  1.00000
  5198      3.95    -19.70  1.00000
  5199      3.95    -19.65  1.00000
  5200      3.95    -19.60  1.00000
  5201      3.95    -19.55  1.00000
  5202      3.95    -19.50  1.00000
  5203      3.95    -19.45  1.00000
  5204      3.95    -19.40  1.00000
  5205      3.95    -19.35  1.00000
  5206      3.95    -19.30  1.00000
  5207      3.95    -19.25  1.00000
  5208      3.95    -19.20  1.00000
  5209      3.95    -19.15  1.00000
  5210      3.95    -19.10  1.00000
  5211      3.95    -19.05  1.00000
  5212      3.95    -19.00  1.00000
  5213      3.95    -18.95  1.00000
  5214      3.95    -18.90  1.00000
  5215      3.95    -18.85  1.00000
  5216      3.95    -18.80  1.00000
  5217      3.95    -18.75  1.00000
  5218      3.95    -18.70  1.00000
  5219      3.95    -18.65  1.00000
  5220      3.95    -18.60  1.00000
  5221      3.95    -18.55  1.00000
  5222      3.95    -18.50  1.00000
  5223      3.95    -18.45  1.00000
  5224      3.95    -18.40  1.00000
  5225      3.95    -18.35  1.00000
  5226      3.95    -18.30  1.00000
  5227      3.95    -18.25  1.00000
  5228      3.95    -18.20  1.00000
  5229      3.95    -18.15  1.00000
  5230      3.95    -18.10  1.00000
  5231      3.95    -18.05  1.00000
  5232      3.95    -18.00  1.00000
  5233      3.95    -17.95  1.00000
  5234      3.95    -17.90  1.00000
  5235      3.95    -17.85  1.00000
  5236      3.95    -17.80  1.00000
  5237      3.95    -17.75  1.00000
  5238      3.95    -17.70  1.00000
  5239      3.95    -17.65  1.00000
  5240      3.95    -17.60  1.00000
  5241      3.95    -17.55  1.00000
  5242      3.95    -17.50  1.00000
  5243      3.95    -17.45  1.00000
  5244      3.95    -17.40  1.00000
  5245      3.95    -17.35  1.00000
  5246      3.95    -17.30  1.00000
  5247      3.95    -17.25  1.00000
  5248      3.95    -17.20  1.00000
  5249      3.95    -17.15  1.00000
  5250      3.95    -17.10  1.00000
  5251      3.95    -17.05  1.00000
  5252      3.95    -17.00  1.00000
  5253      3.95    -16.95  1.00000
  5254      3.95    -16.90  1.00000
  5255      3.95    -16.85  1.00000
  5256      3.95    -16.80  1.00000
  5257      3.95    -16.75  1.00000
  5258      3.95    -16.70  1.00000
  5259      3.95    -16.65  1.00000
  5260      3.95    -16.60  1.00000
  5261      3.95    -16.55  1.00000
  5262      3.95    -16.50  1.00000
  5263      3.95    -16.45  1.00000
  5264      3.95    -16.40  1.00000
  5265      3.95    -16.35  1.00000
  5266      3.95    -16.30  1.00000
  5267      3.95    -16.25  1.00000
  5268      3.95    -16.20  1.00000
  5269      3.95    -16.15  1.00000
  5270      3.95    -16.10  1.00000
  5271      3.95    -16.05  1.00000
  5272      3.95    -16.00  1.00000
  5273      3.95    -15.95  1.00000
  5274      3.95    -15.90  1.00000
  5275      3.95    -15.85  1.00000
  5276      3.95    -15.80  1.00000
  5277      3.95    -15.75  1.00000
  5278      3.95    -15.70  1.00000
  5279      3.95    -15.65  1.00000
  5280      3.95    -15.60  1.00000
  5281      3.95    -15.55  1.00000
  5282      3.95    -15.50  1.00000
  5283      3.95    -15.45  1.00000
  5284      3.95    -15.40  1.00000
  5285      3.95    -15.35  1.00000
  5286      4.00    -22.85  1.00000
  5287      4.00    -22.80  1.00000
  5288      4.00    -22.75  1.00000
  5289      4.00    -22.70  1.00000
  5290      4.00    -22.65  1.00000
  5291      4.00    -22.60  1.00000
  5292      4.00    -22.55  1.00000
  5293      4.00    -22.50  1.00000
  5294      4.00    -22.45  1.00000
  5295      4.00    -22.40  1.00000
  5296      4.00    -22.35  1.00000
  5297      4.00    -22.30  1.00000
  5298      4.00    -22.25  1.00000
  5299      4.00    -22.20  1.00000
  5300      4.00    -22.15  1.00000
  5301      4.00    -22.10  1.00000
  5302      4.00    -22.05  1.00000
  5303      4.00    -22.00  1.00000
  5304      4.00    -21.95  1.00000
  5305      4.00    -21.90  1.00000
  5306      4.00    -21.85  1.00000
  5307      4.00    -21.80  1.00000
  5308      4.00    -21.75  1.00000
  5309      4.00    -21.70  1.00000
  5310      4.00    -21.65  1.00000
  5311      4.00    -21.60  1.00000
  5312      4.00    -21.55  1.00000
  5313      4.00    -21.50  1.00000
  5314      4.00    -21.45  1.00000
  5315      4.00    -21.40  1.00000
  5316      4.00    -21.35  1.00000
  5317      4.00    -21.30  1.00000
  5318      4.00    -21.25  1.00000
  5319      4.00    -21.20  1.00000
  5320      4.00    -21.15  1.00000
  5321      4.00    -21.10  1.00000
  5322      4.00    -21.05  1.00000
  5323      4.00    -21.00  1.00000
  5324      4.00    -20.95  1.00000
  5325      4.00    -20.90  1.00000
  5326      4.00    -20.85  1.00000
  5327      4.00    -20.80  1.00000
  5328      4.00    -20.75  1.00000
  5329      4.00    -20.70  1.00000
  5330      4.00    -20.65  1.00000
  5331      4.00    -20.60  1.00000
  5332      4.00    -20.55  1.00000
  5333      4.00    -20.50  1.00000
  5334      4.00    -20.45  1.00000
  5335      4.00    -20.40  1.00000
  5336      4.00    -20.35  1.00000
  5337      4.00    -20.30  1.00000
  5338      4.00    -20.25  1.00000
  5339      4.00    -20.20  1.00000
  5340      4.00    -20.15  1.00000
  5341      4.00    -20.10  1.00000
  5342      4.00    -20.05  1.00000
  5343      4.00    -20.00  1.00000
  5344      4.00    -19.95  1.00000
  5345      4.00    -19.90  1.00000
  5346      4.00    -19.85  1.00000
  5347      4.00    -19.80  1.00000
  5348      4.00    -19.75  1.00000
  5349      4.00    -19.70  1.00000
  5350      4.00    -19.65  1.00000
  5351      4.00    -19.60  1.00000
  5352      4.00    -19.55  1.00000
  5353      4.00    -19.50  1.00000
  5354      4.00    -19.45  1.00000
  5355      4.00    -19.40  1.00000
  5356      4.00    -19.35  1.00000
  5357      4.00    -19.30  1.00000
  5358      4.00    -19.25  1.00000
  5359      4.00    -19.20  1.00000
  5360      4.00    -19.15  1.00000
  5361      4.00    -19.10  1.00000
  5362      4.00    -19.05  1.00000
  5363      4.00    -19.00  1.00000
  5364      4.00    -18.95  1.00000
  5365      4.00    -18.90  1.00000
  5366      4.00    -18.85  1.00000
  5367      4.00    -18.80  1.00000
  5368      4.00    -18.75  1.00000
  5369      4.00    -18.70  1.00000
  5370      4.00    -18.65  1.00000
  5371      4.00    -18.60  1.00000
  5372      4.00    -18.55  1.00000
  5373      4.00    -18.50  1.00000
  5374      4.00    -18.45  1.00000
  5375      4.00    -18.40  1.00000
  5376      4.00    -18.35  1.00000
  5377      4.00    -18.30  1.00000
  5378      4.00    -18.25  1.00000
  5379      4.00    -18.20  1.00000
  5380      4.00    -18.15  1.00000
  5381      4.00    -18.10  1.00000
  5382      4.00    -18.05  1.00000
  5383      4.00    -18.00  1.00000
  5384      4.00    -17.95  1.00000
  5385      4.00    -17.90  1.00000
  5386      4.00    -17.85  1.00000
  5387      4.00    -17.80  1.00000
  5388      4.00    -17.75  1.00000
  5389      4.00    -17.70  1.00000
  5390      4.00    -17.65  1.00000
  5391      4.00    -17.60  1.00000
  5392      4.00    -17.55  1.00000
  5393      4.00    -17.50  1.00000
  5394      4.00    -17.45  1.00000
  5395      4.00    -17.40  1.00000
  5396      4.00    -17.35  1.00000
  5397      4.00    -17.30  1.00000
  5398      4.00    -17.25  1.00000
  5399      4.00    -17.20  1.00000
  5400      4.00    -17.15  1.00000
  5401      4.00    -17.10  1.00000
  5402      4.00    -17.05  1.00000
  5403      4.00    -17.00  1.00000
  5404      4.00    -16.95  1.00000
  5405      4.00    -16.90  1.00000
  5406      4.00    -16.85  1.00000
  5407      4.00    -16.80  1.00000
  5408      4.00    -16.75  1.00000
  5409      4.00    -16.70  1.00000
  5410      4.00    -16.65  1.00000
  5411      4.00    -16.60  1.00000
  5412      4.00    -16.55  1.00000
  5413      4.00    -16.50  1.00000
  5414      4.00    -16.45  1.00000
  5415      4.00    -16.40  1.00000
  5416      4.00    -16.35  1.00000
  5417      4.00    -16.30  1.00000
  5418      4.00    -16.25  1.00000
  5419      4.00    -16.20  1.00000
  5420      4.00    -16.15  1.00000
  5421      4.00    -16.10  1.00000
  5422      4.00    -16.05  1.00000
  5423      4.00    -16.00  1.00000
  5424      4.00    -15.95  1.00000
  5425      4.00    -15.90  1.00000
  5426      4.00    -15.85  1.00000
  5427      4.00    -15.80  1.00000
  5428      4.00    -15.75  1.00000
  5429      4.00    -15.70  1.00000
  5430      4.00    -15.65  1.00000
  5431      4.00    -15.60  1.00000
  5432      4.00    -15.55  1.00000
  5433      4.00    -15.50  1.00000
  5434      4.00    -15.45  1.00000
  5435      4.00    -15.40  1.00000
  5436      4.00    -15.35  1.00000
  5437      4.05    -22.85  1.00000
  5438      4.05    -22.80  1.00000
  5439      4.05    -22.75  1.00000
  5440      4.05    -22.70  1.00000
  5441      4.05    -22.65  1.00000
  5442      4.05    -22.60  1.00000
  5443      4.05    -22.55  1.00000
  5444      4.05    -22.50  1.00000
  5445      4.05    -22.45  1.00000
  5446      4.05    -22.40  1.00000
  5447      4.05    -22.35  1.00000
  5448      4.05    -22.30  1.00000
  5449      4.05    -22.25  1.00000
  5450      4.05    -22.20  1.00000
  5451      4.05    -22.15  1.00000
  5452      4.05    -22.10  1.00000
  5453      4.05    -22.05  1.00000
  5454      4.05    -22.00  1.00000
  5455      4.05    -21.95  1.00000
  5456      4.05    -21.90  1.00000
  5457      4.05    -21.85  1.00000
  5458      4.05    -21.80  1.00000
  5459      4.05    -21.75  1.00000
  5460      4.05    -21.70  1.00000
  5461      4.05    -21.65  1.00000
  5462      4.05    -21.60  1.00000
  5463      4.05    -21.55  1.00000
  5464      4.05    -21.50  1.00000
  5465      4.05    -21.45  1.00000
  5466      4.05    -21.40  1.00000
  5467      4.05    -21.35  1.00000
  5468      4.05    -21.30  1.00000
  5469      4.05    -21.25  1.00000
  5470      4.05    -21.20  1.00000
  5471      4.05    -21.15  1.00000
  5472      4.05    -21.10  1.00000
  5473      4.05    -21.05  1.00000
  5474      4.05    -21.00  1.00000
  5475      4.05    -20.95  1.00000
  5476      4.05    -20.90  1.00000
  5477      4.05    -20.85  1.00000
  5478      4.05    -20.80  1.00000
  5479      4.05    -20.75  1.00000
  5480      4.05    -20.70  1.00000
  5481      4.05    -20.65  1.00000
  5482      4.05    -20.60  1.00000
  5483      4.05    -20.55  1.00000
  5484      4.05    -20.50  1.00000
  5485      4.05    -20.45  1.00000
  5486      4.05    -20.40  1.00000
  5487      4.05    -20.35  1.00000
  5488      4.05    -20.30  1.00000
  5489      4.05    -20.25  1.00000
  5490      4.05    -20.20  1.00000
  5491      4.05    -20.15  1.00000
  5492      4.05    -20.10  1.00000
  5493      4.05    -20.05  1.00000
  5494      4.05    -20.00  1.00000
  5495      4.05    -19.95  1.00000
  5496      4.05    -19.90  1.00000
  5497      4.05    -19.85  1.00000
  5498      4.05    -19.80  1.00000
  5499      4.05    -19.75  1.00000
  5500      4.05    -19.70  1.00000
  5501      4.05    -19.65  1.00000
  5502      4.05    -19.60  1.00000
  5503      4.05    -19.55  1.00000
  5504      4.05    -19.50  1.00000
  5505      4.05    -19.45  1.00000
  5506      4.05    -19.40  1.00000
  5507      4.05    -19.35  1.00000
  5508      4.05    -19.30  1.00000
  5509      4.05    -19.25  1.00000
  5510      4.05    -19.20  1.00000
  5511      4.05    -19.15  1.00000
  5512      4.05    -19.10  1.00000
  5513      4.05    -19.05  1.00000
  5514      4.05    -19.00  1.00000
  5515      4.05    -18.95  1.00000
  5516      4.05    -18.90  1.00000
  5517      4.05    -18.85  1.00000
  5518      4.05    -18.80  1.00000
  5519      4.05    -18.75  1.00000
  5520      4.05    -18.70  1.00000
  5521      4.05    -18.65  1.00000
  5522      4.05    -18.60  1.00000
  5523      4.05    -18.55  1.00000
  5524      4.05    -18.50  1.00000
  5525      4.05    -18.45  1.00000
  5526      4.05    -18.40  1.00000
  5527      4.05    -18.35  1.00000
  5528      4.05    -18.30  1.00000
  5529      4.05    -18.25  1.00000
  5530      4.05    -18.20  1.00000
  5531      4.05    -18.15  1.00000
  5532      4.05    -18.10  1.00000
  5533      4.05    -18.05  1.00000
  5534      4.05    -18.00  1.00000
  5535      4.05    -17.95  1.00000
  5536      4.05    -17.90  1.00000
  5537      4.05    -17.85  1.00000
  5538      4.05    -17.80  1.00000
  5539      4.05    -17.75  1.00000
  5540      4.05    -17.70  1.00000
  5541      4.05    -17.65  1.00000
  5542      4.05    -17.60  1.00000
  5543      4.05    -17.55  1.00000
  5544      4.05    -17.50  1.00000
  5545      4.05    -17.45  1.00000
  5546      4.05    -17.40  1.00000
  5547      4.05    -17.35  1.00000
  5548      4.05    -17.30  1.00000
  5549      4.05    -17.25  1.00000
  5550      4.05    -17.20  1.00000
  5551      4.05    -17.15  1.00000
  5552      4.05    -17.10  1.00000
  5553      4.05    -17.05  1.00000
  5554      4.05    -17.00  1.00000
  5555      4.05    -16.95  1.00000
  5556      4.05    -16.90  1.00000
  5557      4.05    -16.85  1.00000
  5558      4.05    -16.80  1.00000
  5559      4.05    -16.75  1.00000
  5560      4.05    -16.70  1.00000
  5561      4.05    -16.65  1.00000
  5562      4.05    -16.60  1.00000
  5563      4.05    -16.55  1.00000
  5564      4.05    -16.50  1.00000
  5565      4.05    -16.45  1.00000
  5566      4.05    -16.40  1.00000
  5567      4.05    -16.35  1.00000
  5568      4.05    -16.30  1.00000
  5569      4.05    -16.25  1.00000
  5570      4.05    -16.20  1.00000
  5571      4.05    -16.15  1.00000
  5572      4.05    -16.10  1.00000
  5573      4.05    -16.05  1.00000
  5574      4.05    -16.00  1.00000
  5575      4.05    -15.95  1.00000
  5576      4.05    -15.90  1.00000
  5577      4.05    -15.85  1.00000
  5578      4.05    -15.80  1.00000
  5579      4.05    -15.75  1.00000
  5580      4.05    -15.70  1.00000
  5581      4.05    -15.65  1.00000
  5582      4.05    -15.60  1.00000
  5583      4.05    -15.55  1.00000
  5584      4.05    -15.50  1.00000
  5585      4.05    -15.45  1.00000
  5586      4.05    -15.40  1.00000
  5587      4.05    -15.35  1.00000
  5588      4.10    -22.85  1.00000
  5589      4.10    -22.80  1.00000
  5590      4.10    -22.75  1.00000
  5591      4.10    -22.70  1.00000
  5592      4.10    -22.65  1.00000
  5593      4.10    -22.60  1.00000
  5594      4.10    -22.55  1.00000
  5595      4.10    -22.50  1.00000
  5596      4.10    -22.45  1.00000
  5597      4.10    -22.40  1.00000
  5598      4.10    -22.35  1.00000
  5599      4.10    -22.30  1.00000
  5600      4.10    -22.25  1.00000
  5601      4.10    -22.20  1.00000
  5602      4.10    -22.15  1.00000
  5603      4.10    -22.10  1.00000
  5604      4.10    -22.05  1.00000
  5605      4.10    -22.00  1.00000
  5606      4.10    -21.95  1.00000
  5607      4.10    -21.90  1.00000
  5608      4.10    -21.85  1.00000
  5609      4.10    -21.80  1.00000
  5610      4.10    -21.75  1.00000
  5611      4.10    -21.70  1.00000
  5612      4.10    -21.65  1.00000
  5613      4.10    -21.60  1.00000
  5614      4.10    -21.55  1.00000
  5615      4.10    -21.50  1.00000
  5616      4.10    -21.45  1.00000
  5617      4.10    -21.40  1.00000
  5618      4.10    -21.35  1.00000
  5619      4.10    -21.30  1.00000
  5620      4.10    -21.25  1.00000
  5621      4.10    -21.20  1.00000
  5622      4.10    -21.15  1.00000
  5623      4.10    -21.10  1.00000
  5624      4.10    -21.05  1.00000
  5625      4.10    -21.00  1.00000
  5626      4.10    -20.95  1.00000
  5627      4.10    -20.90  1.00000
  5628      4.10    -20.85  1.00000
  5629      4.10    -20.80  1.00000
  5630      4.10    -20.75  1.00000
  5631      4.10    -20.70  1.00000
  5632      4.10    -20.65  1.00000
  5633      4.10    -20.60  1.00000
  5634      4.10    -20.55  1.00000
  5635      4.10    -20.50  1.00000
  5636      4.10    -20.45  1.00000
  5637      4.10    -20.40  1.00000
  5638      4.10    -20.35  1.00000
  5639      4.10    -20.30  1.00000
  5640      4.10    -20.25  1.00000
  5641      4.10    -20.20  1.00000
  5642      4.10    -20.15  1.00000
  5643      4.10    -20.10  1.00000
  5644      4.10    -20.05  1.00000
  5645      4.10    -20.00  1.00000
  5646      4.10    -19.95  1.00000
  5647      4.10    -19.90  1.00000
  5648      4.10    -19.85  1.00000
  5649      4.10    -19.80  1.00000
  5650      4.10    -19.75  1.00000
  5651      4.10    -19.70  1.00000
  5652      4.10    -19.65  1.00000
  5653      4.10    -19.60  1.00000
  5654      4.10    -19.55  1.00000
  5655      4.10    -19.50  1.00000
  5656      4.10    -19.45  1.00000
  5657      4.10    -19.40  1.00000
  5658      4.10    -19.35  1.00000
  5659      4.10    -19.30  1.00000
  5660      4.10    -19.25  1.00000
  5661      4.10    -19.20  1.00000
  5662      4.10    -19.15  1.00000
  5663      4.10    -19.10  1.00000
  5664      4.10    -19.05  1.00000
  5665      4.10    -19.00  1.00000
  5666      4.10    -18.95  1.00000
  5667      4.10    -18.90  1.00000
  5668      4.10    -18.85  1.00000
  5669      4.10    -18.80  1.00000
  5670      4.10    -18.75  1.00000
  5671      4.10    -18.70  1.00000
  5672      4.10    -18.65  1.00000
  5673      4.10    -18.60  1.00000
  5674      4.10    -18.55  1.00000
  5675      4.10    -18.50  1.00000
  5676      4.10    -18.45  1.00000
  5677      4.10    -18.40  1.00000
  5678      4.10    -18.35  1.00000
  5679      4.10    -18.30  1.00000
  5680      4.10    -18.25  1.00000
  5681      4.10    -18.20  1.00000
  5682      4.10    -18.15  1.00000
  5683      4.10    -18.10  1.00000
  5684      4.10    -18.05  1.00000
  5685      4.10    -18.00  1.00000
  5686      4.10    -17.95  1.00000
  5687      4.10    -17.90  1.00000
  5688      4.10    -17.85  1.00000
  5689      4.10    -17.80  1.00000
  5690      4.10    -17.75  1.00000
  5691      4.10    -17.70  1.00000
  5692      4.10    -17.65  1.00000
  5693      4.10    -17.60  1.00000
  5694      4.10    -17.55  1.00000
  5695      4.10    -17.50  1.00000
  5696      4.10    -17.45  1.00000
  5697      4.10    -17.40  1.00000
  5698      4.10    -17.35  1.00000
  5699      4.10    -17.30  1.00000
  5700      4.10    -17.25  1.00000
  5701      4.10    -17.20  1.00000
  5702      4.10    -17.15  1.00000
  5703      4.10    -17.10  1.00000
  5704      4.10    -17.05  1.00000
  5705      4.10    -17.00  1.00000
  5706      4.10    -16.95  1.00000
  5707      4.10    -16.90  1.00000
  5708      4.10    -16.85  1.00000
  5709      4.10    -16.80  1.00000
  5710      4.10    -16.75  1.00000
  5711      4.10    -16.70  1.00000
  5712      4.10    -16.65  1.00000
  5713      4.10    -16.60  1.00000
  5714      4.10    -16.55  1.00000
  5715      4.10    -16.50  1.00000
  5716      4.10    -16.45  1.00000
  5717      4.10    -16.40  1.00000
  5718      4.10    -16.35  1.00000
  5719      4.10    -16.30  1.00000
  5720      4.10    -16.25  1.00000
  5721      4.10    -16.20  1.00000
  5722      4.10    -16.15  1.00000
  5723      4.10    -16.10  1.00000
  5724      4.10    -16.05  1.00000
  5725      4.10    -16.00  1.00000
  5726      4.10    -15.95  1.00000
  5727      4.10    -15.90  1.00000
  5728      4.10    -15.85  1.00000
  5729      4.10    -15.80  1.00000
  5730      4.10    -15.75  1.00000
  5731      4.10    -15.70  1.00000
  5732      4.10    -15.65  1.00000
  5733      4.10    -15.60  1.00000
  5734      4.10    -15.55  1.00000
  5735      4.10    -15.50  1.00000
  5736      4.10    -15.45  1.00000
  5737      4.10    -15.40  1.00000
  5738      4.10    -15.35  1.00000
  5739      4.15    -22.85  1.00000
  5740      4.15    -22.80  1.00000
  5741      4.15    -22.75  1.00000
  5742      4.15    -22.70  1.00000
  5743      4.15    -22.65  1.00000
  5744      4.15    -22.60  1.00000
  5745      4.15    -22.55  1.00000
  5746      4.15    -22.50  1.00000
  5747      4.15    -22.45  1.00000
  5748      4.15    -22.40  1.00000
  5749      4.15    -22.35  1.00000
  5750      4.15    -22.30  1.00000
  5751      4.15    -22.25  1.00000
  5752      4.15    -22.20  1.00000
  5753      4.15    -22.15  1.00000
  5754      4.15    -22.10  1.00000
  5755      4.15    -22.05  1.00000
  5756      4.15    -22.00  1.00000
  5757      4.15    -21.95  1.00000
  5758      4.15    -21.90  1.00000
  5759      4.15    -21.85  1.00000
  5760      4.15    -21.80  1.00000
  5761      4.15    -21.75  1.00000
  5762      4.15    -21.70  1.00000
  5763      4.15    -21.65  1.00000
  5764      4.15    -21.60  1.00000
  5765      4.15    -21.55  1.00000
  5766      4.15    -21.50  1.00000
  5767      4.15    -21.45  1.00000
  5768      4.15    -21.40  1.00000
  5769      4.15    -21.35  1.00000
  5770      4.15    -21.30  1.00000
  5771      4.15    -21.25  1.00000
  5772      4.15    -21.20  1.00000
  5773      4.15    -21.15  1.00000
  5774      4.15    -21.10  1.00000
  5775      4.15    -21.05  1.00000
  5776      4.15    -21.00  1.00000
  5777      4.15    -20.95  1.00000
  5778      4.15    -20.90  1.00000
  5779      4.15    -20.85  1.00000
  5780      4.15    -20.80  1.00000
  5781      4.15    -20.75  1.00000
  5782      4.15    -20.70  1.00000
  5783      4.15    -20.65  1.00000
  5784      4.15    -20.60  1.00000
  5785      4.15    -20.55  1.00000
  5786      4.15    -20.50  1.00000
  5787      4.15    -20.45  1.00000
  5788      4.15    -20.40  1.00000
  5789      4.15    -20.35  1.00000
  5790      4.15    -20.30  1.00000
  5791      4.15    -20.25  1.00000
  5792      4.15    -20.20  1.00000
  5793      4.15    -20.15  1.00000
  5794      4.15    -20.10  1.00000
  5795      4.15    -20.05  1.00000
  5796      4.15    -20.00  1.00000
  5797      4.15    -19.95  1.00000
  5798      4.15    -19.90  1.00000
  5799      4.15    -19.85  1.00000
  5800      4.15    -19.80  1.00000
  5801      4.15    -19.75  1.00000
  5802      4.15    -19.70  1.00000
  5803      4.15    -19.65  1.00000
  5804      4.15    -19.60  1.00000
  5805      4.15    -19.55  1.00000
  5806      4.15    -19.50  1.00000
  5807      4.15    -19.45  1.00000
  5808      4.15    -19.40  1.00000
  5809      4.15    -19.35  1.00000
  5810      4.15    -19.30  1.00000
  5811      4.15    -19.25  1.00000
  5812      4.15    -19.20  1.00000
  5813      4.15    -19.15  1.00000
  5814      4.15    -19.10  1.00000
  5815      4.15    -19.05  1.00000
  5816      4.15    -19.00  1.00000
  5817      4.15    -18.95  1.00000
  5818      4.15    -18.90  1.00000
  5819      4.15    -18.85  1.00000
  5820      4.15    -18.80  1.00000
  5821      4.15    -18.75  1.00000
  5822      4.15    -18.70  1.00000
  5823      4.15    -18.65  1.00000
  5824      4.15    -18.60  1.00000
  5825      4.15    -18.55  1.00000
  5826      4.15    -18.50  1.00000
  5827      4.15    -18.45  1.00000
  5828      4.15    -18.40  1.00000
  5829      4.15    -18.35  1.00000
  5830      4.15    -18.30  1.00000
  5831      4.15    -18.25  1.00000
  5832      4.15    -18.20  1.00000
  5833      4.15    -18.15  1.00000
  5834      4.15    -18.10  1.00000
  5835      4.15    -18.05  1.00000
  5836      4.15    -18.00  1.00000
  5837      4.15    -17.95  1.00000
  5838      4.15    -17.90  1.00000
  5839      4.15    -17.85  1.00000
  5840      4.15    -17.80  1.00000
  5841      4.15    -17.75  1.00000
  5842      4.15    -17.70  1.00000
  5843      4.15    -17.65  1.00000
  5844      4.15    -17.60  1.00000
  5845      4.15    -17.55  1.00000
  5846      4.15    -17.50  1.00000
  5847      4.15    -17.45  1.00000
  5848      4.15    -17.40  1.00000
  5849      4.15    -17.35  1.00000
  5850      4.15    -17.30  1.00000
  5851      4.15    -17.25  1.00000
  5852      4.15    -17.20  1.00000
  5853      4.15    -17.15  1.00000
  5854      4.15    -17.10  1.00000
  5855      4.15    -17.05  1.00000
  5856      4.15    -17.00  1.00000
  5857      4.15    -16.95  1.00000
  5858      4.15    -16.90  1.00000
  5859      4.15    -16.85  1.00000
  5860      4.15    -16.80  1.00000
  5861      4.15    -16.75  1.00000
  5862      4.15    -16.70  1.00000
  5863      4.15    -16.65  1.00000
  5864      4.15    -16.60  1.00000
  5865      4.15    -16.55  1.00000
  5866      4.15    -16.50  1.00000
  5867      4.15    -16.45  1.00000
  5868      4.15    -16.40  1.00000
  5869      4.15    -16.35  1.00000
  5870      4.15    -16.30  1.00000
  5871      4.15    -16.25  1.00000
  5872      4.15    -16.20  1.00000
  5873      4.15    -16.15  1.00000
  5874      4.15    -16.10  1.00000
  5875      4.15    -16.05  1.00000
  5876      4.15    -16.00  1.00000
  5877      4.15    -15.95  1.00000
  5878      4.15    -15.90  1.00000
  5879      4.15    -15.85  1.00000
  5880      4.15    -15.80  1.00000
  5881      4.15    -15.75  1.00000
  5882      4.15    -15.70  1.00000
  5883      4.15    -15.65  1.00000
  5884      4.15    -15.60  1.00000
  5885      4.15    -15.55  1.00000
  5886      4.15    -15.50  1.00000
  5887      4.15    -15.45  1.00000
  5888      4.15    -15.40  1.00000
  5889      4.15    -15.35  1.00000
  5890      4.20    -22.85  1.00000
  5891      4.20    -22.80  1.00000
  5892      4.20    -22.75  1.00000
  5893      4.20    -22.70  1.00000
  5894      4.20    -22.65  1.00000
  5895      4.20    -22.60  1.00000
  5896      4.20    -22.55  1.00000
  5897      4.20    -22.50  1.00000
  5898      4.20    -22.45  1.00000
  5899      4.20    -22.40  1.00000
  5900      4.20    -22.35  1.00000
  5901      4.20    -22.30  1.00000
  5902      4.20    -22.25  1.00000
  5903      4.20    -22.20  1.00000
  5904      4.20    -22.15  1.00000
  5905      4.20    -22.10  1.00000
  5906      4.20    -22.05  1.00000
  5907      4.20    -22.00  1.00000
  5908      4.20    -21.95  1.00000
  5909      4.20    -21.90  1.00000
  5910      4.20    -21.85  1.00000
  5911      4.20    -21.80  1.00000
  5912      4.20    -21.75  1.00000
  5913      4.20    -21.70  1.00000
  5914      4.20    -21.65  1.00000
  5915      4.20    -21.60  1.00000
  5916      4.20    -21.55  1.00000
  5917      4.20    -21.50  1.00000
  5918      4.20    -21.45  1.00000
  5919      4.20    -21.40  1.00000
  5920      4.20    -21.35  1.00000
  5921      4.20    -21.30  1.00000
  5922      4.20    -21.25  1.00000
  5923      4.20    -21.20  1.00000
  5924      4.20    -21.15  1.00000
  5925      4.20    -21.10  1.00000
  5926      4.20    -21.05  1.00000
  5927      4.20    -21.00  1.00000
  5928      4.20    -20.95  1.00000
  5929      4.20    -20.90  1.00000
  5930      4.20    -20.85  1.00000
  5931      4.20    -20.80  1.00000
  5932      4.20    -20.75  1.00000
  5933      4.20    -20.70  1.00000
  5934      4.20    -20.65  1.00000
  5935      4.20    -20.60  1.00000
  5936      4.20    -20.55  1.00000
  5937      4.20    -20.50  1.00000
  5938      4.20    -20.45  1.00000
  5939      4.20    -20.40  1.00000
  5940      4.20    -20.35  1.00000
  5941      4.20    -20.30  1.00000
  5942      4.20    -20.25  1.00000
  5943      4.20    -20.20  1.00000
  5944      4.20    -20.15  1.00000
  5945      4.20    -20.10  1.00000
  5946      4.20    -20.05  1.00000
  5947      4.20    -20.00  1.00000
  5948      4.20    -19.95  1.00000
  5949      4.20    -19.90  1.00000
  5950      4.20    -19.85  1.00000
  5951      4.20    -19.80  1.00000
  5952      4.20    -19.75  1.00000
  5953      4.20    -19.70  1.00000
  5954      4.20    -19.65  1.00000
  5955      4.20    -19.60  1.00000
  5956      4.20    -19.55  1.00000
  5957      4.20    -19.50  1.00000
  5958      4.20    -19.45  1.00000
  5959      4.20    -19.40  1.00000
  5960      4.20    -19.35  1.00000
  5961      4.20    -19.30  1.00000
  5962      4.20    -19.25  1.00000
  5963      4.20    -19.20  1.00000
  5964      4.20    -19.15  1.00000
  5965      4.20    -19.10  1.00000
  5966      4.20    -19.05  1.00000
  5967      4.20    -19.00  1.00000
  5968      4.20    -18.95  1.00000
  5969      4.20    -18.90  1.00000
  5970      4.20    -18.85  1.00000
  5971      4.20    -18.80  1.00000
  5972      4.20    -18.75  1.00000
  5973      4.20    -18.70  1.00000
  5974      4.20    -18.65  1.00000
  5975      4.20    -18.60  1.00000
  5976      4.20    -18.55  1.00000
  5977      4.20    -18.50  1.00000
  5978      4.20    -18.45  1.00000
  5979      4.20    -18.40  1.00000
  5980      4.20    -18.35  1.00000
  5981      4.20    -18.30  1.00000
  5982      4.20    -18.25  1.00000
  5983      4.20    -18.20  1.00000
  5984      4.20    -18.15  1.00000
  5985      4.20    -18.10  1.00000
  5986      4.20    -18.05  1.00000
  5987      4.20    -18.00  1.00000
  5988      4.20    -17.95  1.00000
  5989      4.20    -17.90  1.00000
  5990      4.20    -17.85  1.00000
  5991      4.20    -17.80  1.00000
  5992      4.20    -17.75  1.00000
  5993      4.20    -17.70  1.00000
  5994      4.20    -17.65  1.00000
  5995      4.20    -17.60  1.00000
  5996      4.20    -17.55  1.00000
  5997      4.20    -17.50  1.00000
  5998      4.20    -17.45  1.00000
  5999      4.20    -17.40  1.00000
  6000      4.20    -17.35  1.00000
  6001      4.20    -17.30  1.00000
  6002      4.20    -17.25  1.00000
  6003      4.20    -17.20  1.00000
  6004      4.20    -17.15  1.00000
  6005      4.20    -17.10  1.00000
  6006      4.20    -17.05  1.00000
  6007      4.20    -17.00  1.00000
  6008      4.20    -16.95  1.00000
  6009      4.20    -16.90  1.00000
  6010      4.20    -16.85  1.00000
  6011      4.20    -16.80  1.00000
  6012      4.20    -16.75  1.00000
  6013      4.20    -16.70  1.00000
  6014      4.20    -16.65  1.00000
  6015      4.20    -16.60  1.00000
  6016      4.20    -16.55  1.00000
  6017      4.20    -16.50  1.00000
  6018      4.20    -16.45  1.00000
  6019      4.20    -16.40  1.00000
  6020      4.20    -16.35  1.00000
  6021      4.20    -16.30  1.00000
  6022      4.20    -16.25  1.00000
  6023      4.20    -16.20  1.00000
  6024      4.20    -16.15  1.00000
  6025      4.20    -16.10  1.00000
  6026      4.20    -16.05  1.00000
  6027      4.20    -16.00  1.00000
  6028      4.20    -15.95  1.00000
  6029      4.20    -15.90  1.00000
  6030      4.20    -15.85  1.00000
  6031      4.20    -15.80  1.00000
  6032      4.20    -15.75  1.00000
  6033      4.20    -15.70  1.00000
  6034      4.20    -15.65  1.00000
  6035      4.20    -15.60  1.00000
  6036      4.20    -15.55  1.00000
  6037      4.20    -15.50  1.00000
  6038      4.20    -15.45  1.00000
  6039      4.20    -15.40  1.00000
  6040      4.20    -15.35  1.00000
  6041      4.25    -22.85  1.00000
  6042      4.25    -22.80  1.00000
  6043      4.25    -22.75  1.00000
  6044      4.25    -22.70  1.00000
  6045      4.25    -22.65  1.00000
  6046      4.25    -22.60  1.00000
  6047      4.25    -22.55  1.00000
  6048      4.25    -22.50  1.00000
  6049      4.25    -22.45  1.00000
  6050      4.25    -22.40  1.00000
  6051      4.25    -22.35  1.00000
  6052      4.25    -22.30  1.00000
  6053      4.25    -22.25  1.00000
  6054      4.25    -22.20  1.00000
  6055      4.25    -22.15  1.00000
  6056      4.25    -22.10  1.00000
  6057      4.25    -22.05  1.00000
  6058      4.25    -22.00  1.00000
  6059      4.25    -21.95  1.00000
  6060      4.25    -21.90  1.00000
  6061      4.25    -21.85  1.00000
  6062      4.25    -21.80  1.00000
  6063      4.25    -21.75  1.00000
  6064      4.25    -21.70  1.00000
  6065      4.25    -21.65  1.00000
  6066      4.25    -21.60  1.00000
  6067      4.25    -21.55  1.00000
  6068      4.25    -21.50  1.00000
  6069      4.25    -21.45  1.00000
  6070      4.25    -21.40  1.00000
  6071      4.25    -21.35  1.00000
  6072      4.25    -21.30  1.00000
  6073      4.25    -21.25  1.00000
  6074      4.25    -21.20  1.00000
  6075      4.25    -21.15  1.00000
  6076      4.25    -21.10  1.00000
  6077      4.25    -21.05  1.00000
  6078      4.25    -21.00  1.00000
  6079      4.25    -20.95  1.00000
  6080      4.25    -20.90  1.00000
  6081      4.25    -20.85  1.00000
  6082      4.25    -20.80  1.00000
  6083      4.25    -20.75  1.00000
  6084      4.25    -20.70  1.00000
  6085      4.25    -20.65  1.00000
  6086      4.25    -20.60  1.00000
  6087      4.25    -20.55  1.00000
  6088      4.25    -20.50  1.00000
  6089      4.25    -20.45  1.00000
  6090      4.25    -20.40  1.00000
  6091      4.25    -20.35  1.00000
  6092      4.25    -20.30  1.00000
  6093      4.25    -20.25  1.00000
  6094      4.25    -20.20  1.00000
  6095      4.25    -20.15  1.00000
  6096      4.25    -20.10  1.00000
  6097      4.25    -20.05  1.00000
  6098      4.25    -20.00  1.00000
  6099      4.25    -19.95  1.00000
  6100      4.25    -19.90  1.00000
  6101      4.25    -19.85  1.00000
  6102      4.25    -19.80  1.00000
  6103      4.25    -19.75  1.00000
  6104      4.25    -19.70  1.00000
  6105      4.25    -19.65  1.00000
  6106      4.25    -19.60  1.00000
  6107      4.25    -19.55  1.00000
  6108      4.25    -19.50  1.00000
  6109      4.25    -19.45  1.00000
  6110      4.25    -19.40  1.00000
  6111      4.25    -19.35  1.00000
  6112      4.25    -19.30  1.00000
  6113      4.25    -19.25  1.00000
  6114      4.25    -19.20  1.00000
  6115      4.25    -19.15  1.00000
  6116      4.25    -19.10  1.00000
  6117      4.25    -19.05  1.00000
  6118      4.25    -19.00  1.00000
  6119      4.25    -18.95  1.00000
  6120      4.25    -18.90  1.00000
  6121      4.25    -18.85  1.00000
  6122      4.25    -18.80  1.00000
  6123      4.25    -18.75  1.00000
  6124      4.25    -18.70  1.00000
  6125      4.25    -18.65  1.00000
  6126      4.25    -18.60  1.00000
  6127      4.25    -18.55  1.00000
  6128      4.25    -18.50  1.00000
  6129      4.25    -18.45  1.00000
  6130      4.25    -18.40  1.00000
  6131      4.25    -18.35  1.00000
  6132      4.25    -18.30  1.00000
  6133      4.25    -18.25  1.00000
  6134      4.25    -18.20  1.00000
  6135      4.25    -18.15  1.00000
  6136      4.25    -18.10  1.00000
  6137      4.25    -18.05  1.00000
  6138      4.25    -18.00  1.00000
  6139      4.25    -17.95  1.00000
  6140      4.25    -17.90  1.00000
  6141      4.25    -17.85  1.00000
  6142      4.25    -17.80  1.00000
  6143      4.25    -17.75  1.00000
  6144      4.25    -17.70  1.00000
  6145      4.25    -17.65  1.00000
  6146      4.25    -17.60  1.00000
  6147      4.25    -17.55  1.00000
  6148      4.25    -17.50  1.00000
  6149      4.25    -17.45  1.00000
  6150      4.25    -17.40  1.00000
  6151      4.25    -17.35  1.00000
  6152      4.25    -17.30  1.00000
  6153      4.25    -17.25  1.00000
  6154      4.25    -17.20  1.00000
  6155      4.25    -17.15  1.00000
  6156      4.25    -17.10  1.00000
  6157      4.25    -17.05  1.00000
  6158      4.25    -17.00  1.00000
  6159      4.25    -16.95  1.00000
  6160      4.25    -16.90  1.00000
  6161      4.25    -16.85  1.00000
  6162      4.25    -16.80  1.00000
  6163      4.25    -16.75  1.00000
  6164      4.25    -16.70  1.00000
  6165      4.25    -16.65  1.00000
  6166      4.25    -16.60  1.00000
  6167      4.25    -16.55  1.00000
  6168      4.25    -16.50  1.00000
  6169      4.25    -16.45  1.00000
  6170      4.25    -16.40  1.00000
  6171      4.25    -16.35  1.00000
  6172      4.25    -16.30  1.00000
  6173      4.25    -16.25  1.00000
  6174      4.25    -16.20  1.00000
  6175      4.25    -16.15  1.00000
  6176      4.25    -16.10  1.00000
  6177      4.25    -16.05  1.00000
  6178      4.25    -16.00  1.00000
  6179      4.25    -15.95  1.00000
  6180      4.25    -15.90  1.00000
  6181      4.25    -15.85  1.00000
  6182      4.25    -15.80  1.00000
  6183      4.25    -15.75  1.00000
  6184      4.25    -15.70  1.00000
  6185      4.25    -15.65  1.00000
  6186      4.25    -15.60  1.00000
  6187      4.25    -15.55  1.00000
  6188      4.25    -15.50  1.00000
  6189      4.25    -15.45  1.00000
  6190      4.25    -15.40  1.00000
  6191      4.25    -15.35  1.00000
  6192      4.30    -22.85  1.00000
  6193      4.30    -22.80  1.00000
  6194      4.30    -22.75  1.00000
  6195      4.30    -22.70  1.00000
  6196      4.30    -22.65  1.00000
  6197      4.30    -22.60  1.00000
  6198      4.30    -22.55  1.00000
  6199      4.30    -22.50  1.00000
  6200      4.30    -22.45  1.00000
  6201      4.30    -22.40  1.00000
  6202      4.30    -22.35  1.00000
  6203      4.30    -22.30  1.00000
  6204      4.30    -22.25  1.00000
  6205      4.30    -22.20  1.00000
  6206      4.30    -22.15  1.00000
  6207      4.30    -22.10  1.00000
  6208      4.30    -22.05  1.00000
  6209      4.30    -22.00  1.00000
  6210      4.30    -21.95  1.00000
  6211      4.30    -21.90  1.00000
  6212      4.30    -21.85  1.00000
  6213      4.30    -21.80  1.00000
  6214      4.30    -21.75  1.00000
  6215      4.30    -21.70  1.00000
  6216      4.30    -21.65  1.00000
  6217      4.30    -21.60  1.00000
  6218      4.30    -21.55  1.00000
  6219      4.30    -21.50  1.00000
  6220      4.30    -21.45  1.00000
  6221      4.30    -21.40  1.00000
  6222      4.30    -21.35  1.00000
  6223      4.30    -21.30  1.00000
  6224      4.30    -21.25  1.00000
  6225      4.30    -21.20  1.00000
  6226      4.30    -21.15  1.00000
  6227      4.30    -21.10  1.00000
  6228      4.30    -21.05  1.00000
  6229      4.30    -21.00  1.00000
  6230      4.30    -20.95  1.00000
  6231      4.30    -20.90  1.00000
  6232      4.30    -20.85  1.00000
  6233      4.30    -20.80  1.00000
  6234      4.30    -20.75  1.00000
  6235      4.30    -20.70  1.00000
  6236      4.30    -20.65  1.00000
  6237      4.30    -20.60  1.00000
  6238      4.30    -20.55  1.00000
  6239      4.30    -20.50  1.00000
  6240      4.30    -20.45  1.00000
  6241      4.30    -20.40  1.00000
  6242      4.30    -20.35  1.00000
  6243      4.30    -20.30  1.00000
  6244      4.30    -20.25  1.00000
  6245      4.30    -20.20  1.00000
  6246      4.30    -20.15  1.00000
  6247      4.30    -20.10  1.00000
  6248      4.30    -20.05  1.00000
  6249      4.30    -20.00  1.00000
  6250      4.30    -19.95  1.00000
  6251      4.30    -19.90  1.00000
  6252      4.30    -19.85  1.00000
  6253      4.30    -19.80  1.00000
  6254      4.30    -19.75  1.00000
  6255      4.30    -19.70  1.00000
  6256      4.30    -19.65  1.00000
  6257      4.30    -19.60  1.00000
  6258      4.30    -19.55  1.00000
  6259      4.30    -19.50  1.00000
  6260      4.30    -19.45  1.00000
  6261      4.30    -19.40  1.00000
  6262      4.30    -19.35  1.00000
  6263      4.30    -19.30  1.00000
  6264      4.30    -19.25  1.00000
  6265      4.30    -19.20  1.00000
  6266      4.30    -19.15  1.00000
  6267      4.30    -19.10  1.00000
  6268      4.30    -19.05  1.00000
  6269      4.30    -19.00  1.00000
  6270      4.30    -18.95  1.00000
  6271      4.30    -18.90  1.00000
  6272      4.30    -18.85  1.00000
  6273      4.30    -18.80  1.00000
  6274      4.30    -18.75  1.00000
  6275      4.30    -18.70  1.00000
  6276      4.30    -18.65  1.00000
  6277      4.30    -18.60  1.00000
  6278      4.30    -18.55  1.00000
  6279      4.30    -18.50  1.00000
  6280      4.30    -18.45  1.00000
  6281      4.30    -18.40  1.00000
  6282      4.30    -18.35  1.00000
  6283      4.30    -18.30  1.00000
  6284      4.30    -18.25  1.00000
  6285      4.30    -18.20  1.00000
  6286      4.30    -18.15  1.00000
  6287      4.30    -18.10  1.00000
  6288      4.30    -18.05  1.00000
  6289      4.30    -18.00  1.00000
  6290      4.30    -17.95  1.00000
  6291      4.30    -17.90  1.00000
  6292      4.30    -17.85  1.00000
  6293      4.30    -17.80  1.00000
  6294      4.30    -17.75  1.00000
  6295      4.30    -17.70  1.00000
  6296      4.30    -17.65  1.00000
  6297      4.30    -17.60  1.00000
  6298      4.30    -17.55  1.00000
  6299      4.30    -17.50  1.00000
  6300      4.30    -17.45  1.00000
  6301      4.30    -17.40  1.00000
  6302      4.30    -17.35  1.00000
  6303      4.30    -17.30  1.00000
  6304      4.30    -17.25  1.00000
  6305      4.30    -17.20  1.00000
  6306      4.30    -17.15  1.00000
  6307      4.30    -17.10  1.00000
  6308      4.30    -17.05  1.00000
  6309      4.30    -17.00  1.00000
  6310      4.30    -16.95  1.00000
  6311      4.30    -16.90  1.00000
  6312      4.30    -16.85  1.00000
  6313      4.30    -16.80  1.00000
  6314      4.30    -16.75  1.00000
  6315      4.30    -16.70  1.00000
  6316      4.30    -16.65  1.00000
  6317      4.30    -16.60  1.00000
  6318      4.30    -16.55  1.00000
  6319      4.30    -16.50  1.00000
  6320      4.30    -16.45  1.00000
  6321      4.30    -16.40  1.00000
  6322      4.30    -16.35  1.00000
  6323      4.30    -16.30  1.00000
  6324      4.30    -16.25  1.00000
  6325      4.30    -16.20  1.00000
  6326      4.30    -16.15  1.00000
  6327      4.30    -16.10  1.00000
  6328      4.30    -16.05  1.00000
  6329      4.30    -16.00  1.00000
  6330      4.30    -15.95  1.00000
  6331      4.30    -15.90  1.00000
  6332      4.30    -15.85  1.00000
  6333      4.30    -15.80  1.00000
  6334      4.30    -15.75  1.00000
  6335      4.30    -15.70  1.00000
  6336      4.30    -15.65  1.00000
  6337      4.30    -15.60  1.00000
  6338      4.30    -15.55  1.00000
  6339      4.30    -15.50  1.00000
  6340      4.30    -15.45  1.00000
  6341      4.30    -15.40  1.00000
  6342      4.30    -15.35  1.00000
  6343      4.35    -22.85  1.00000
  6344      4.35    -22.80  1.00000
  6345      4.35    -22.75  1.00000
  6346      4.35    -22.70  1.00000
  6347      4.35    -22.65  1.00000
  6348      4.35    -22.60  1.00000
  6349      4.35    -22.55  1.00000
  6350      4.35    -22.50  1.00000
  6351      4.35    -22.45  1.00000
  6352      4.35    -22.40  1.00000
  6353      4.35    -22.35  1.00000
  6354      4.35    -22.30  1.00000
  6355      4.35    -22.25  1.00000
  6356      4.35    -22.20  1.00000
  6357      4.35    -22.15  1.00000
  6358      4.35    -22.10  1.00000
  6359      4.35    -22.05  1.00000
  6360      4.35    -22.00  1.00000
  6361      4.35    -21.95  1.00000
  6362      4.35    -21.90  1.00000
  6363      4.35    -21.85  1.00000
  6364      4.35    -21.80  1.00000
  6365      4.35    -21.75  1.00000
  6366      4.35    -21.70  1.00000
  6367      4.35    -21.65  1.00000
  6368      4.35    -21.60  1.00000
  6369      4.35    -21.55  1.00000
  6370      4.35    -21.50  1.00000
  6371      4.35    -21.45  1.00000
  6372      4.35    -21.40  1.00000
  6373      4.35    -21.35  1.00000
  6374      4.35    -21.30  1.00000
  6375      4.35    -21.25  1.00000
  6376      4.35    -21.20  1.00000
  6377      4.35    -21.15  1.00000
  6378      4.35    -21.10  1.00000
  6379      4.35    -21.05  1.00000
  6380      4.35    -21.00  1.00000
  6381      4.35    -20.95  1.00000
  6382      4.35    -20.90  1.00000
  6383      4.35    -20.85  1.00000
  6384      4.35    -20.80  1.00000
  6385      4.35    -20.75  1.00000
  6386      4.35    -20.70  1.00000
  6387      4.35    -20.65  1.00000
  6388      4.35    -20.60  1.00000
  6389      4.35    -20.55  1.00000
  6390      4.35    -20.50  1.00000
  6391      4.35    -20.45  1.00000
  6392      4.35    -20.40  1.00000
  6393      4.35    -20.35  1.00000
  6394      4.35    -20.30  1.00000
  6395      4.35    -20.25  1.00000
  6396      4.35    -20.20  1.00000
  6397      4.35    -20.15  1.00000
  6398      4.35    -20.10  1.00000
  6399      4.35    -20.05  1.00000
  6400      4.35    -20.00  1.00000
  6401      4.35    -19.95  1.00000
  6402      4.35    -19.90  1.00000
  6403      4.35    -19.85  1.00000
  6404      4.35    -19.80  1.00000
  6405      4.35    -19.75  1.00000
  6406      4.35    -19.70  1.00000
  6407      4.35    -19.65  1.00000
  6408      4.35    -19.60  1.00000
  6409      4.35    -19.55  1.00000
  6410      4.35    -19.50  1.00000
  6411      4.35    -19.45  1.00000
  6412      4.35    -19.40  1.00000
  6413      4.35    -19.35  1.00000
  6414      4.35    -19.30  1.00000
  6415      4.35    -19.25  1.00000
  6416      4.35    -19.20  1.00000
  6417      4.35    -19.15  1.00000
  6418      4.35    -19.10  1.00000
  6419      4.35    -19.05  1.00000
  6420      4.35    -19.00  1.00000
  6421      4.35    -18.95  1.00000
  6422      4.35    -18.90  1.00000
  6423      4.35    -18.85  1.00000
  6424      4.35    -18.80  1.00000
  6425      4.35    -18.75  1.00000
  6426      4.35    -18.70  1.00000
  6427      4.35    -18.65  1.00000
  6428      4.35    -18.60  1.00000
  6429      4.35    -18.55  1.00000
  6430      4.35    -18.50  1.00000
  6431      4.35    -18.45  1.00000
  6432      4.35    -18.40  1.00000
  6433      4.35    -18.35  1.00000
  6434      4.35    -18.30  1.00000
  6435      4.35    -18.25  1.00000
  6436      4.35    -18.20  1.00000
  6437      4.35    -18.15  1.00000
  6438      4.35    -18.10  1.00000
  6439      4.35    -18.05  1.00000
  6440      4.35    -18.00  1.00000
  6441      4.35    -17.95  1.00000
  6442      4.35    -17.90  1.00000
  6443      4.35    -17.85  1.00000
  6444      4.35    -17.80  1.00000
  6445      4.35    -17.75  1.00000
  6446      4.35    -17.70  1.00000
  6447      4.35    -17.65  1.00000
  6448      4.35    -17.60  1.00000
  6449      4.35    -17.55  1.00000
  6450      4.35    -17.50  1.00000
  6451      4.35    -17.45  1.00000
  6452      4.35    -17.40  1.00000
  6453      4.35    -17.35  1.00000
  6454      4.35    -17.30  1.00000
  6455      4.35    -17.25  1.00000
  6456      4.35    -17.20  1.00000
  6457      4.35    -17.15  1.00000
  6458      4.35    -17.10  1.00000
  6459      4.35    -17.05  1.00000
  6460      4.35    -17.00  1.00000
  6461      4.35    -16.95  1.00000
  6462      4.35    -16.90  1.00000
  6463      4.35    -16.85  1.00000
  6464      4.35    -16.80  1.00000
  6465      4.35    -16.75  1.00000
  6466      4.35    -16.70  1.00000
  6467      4.35    -16.65  1.00000
  6468      4.35    -16.60  1.00000
  6469      4.35    -16.55  1.00000
  6470      4.35    -16.50  1.00000
  6471      4.35    -16.45  1.00000
  6472      4.35    -16.40  1.00000
  6473      4.35    -16.35  1.00000
  6474      4.35    -16.30  1.00000
  6475      4.35    -16.25  1.00000
  6476      4.35    -16.20  1.00000
  6477      4.35    -16.15  1.00000
  6478      4.35    -16.10  1.00000
  6479      4.35    -16.05  1.00000
  6480      4.35    -16.00  1.00000
  6481      4.35    -15.95  1.00000
  6482      4.35    -15.90  1.00000
  6483      4.35    -15.85  1.00000
  6484      4.35    -15.80  1.00000
  6485      4.35    -15.75  1.00000
  6486      4.35    -15.70  1.00000
  6487      4.35    -15.65  1.00000
  6488      4.35    -15.60  1.00000
  6489      4.35    -15.55  1.00000
  6490      4.35    -15.50  1.00000
  6491      4.35    -15.45  1.00000
  6492      4.35    -15.40  1.00000
  6493      4.35    -15.35  1.00000
  6494      4.40    -22.85  1.00000
  6495      4.40    -22.80  1.00000
  6496      4.40    -22.75  1.00000
  6497      4.40    -22.70  1.00000
  6498      4.40    -22.65  1.00000
  6499      4.40    -22.60  1.00000
  6500      4.40    -22.55  1.00000
  6501      4.40    -22.50  1.00000
  6502      4.40    -22.45  1.00000
  6503      4.40    -22.40  1.00000
  6504      4.40    -22.35  1.00000
  6505      4.40    -22.30  1.00000
  6506      4.40    -22.25  1.00000
  6507      4.40    -22.20  1.00000
  6508      4.40    -22.15  1.00000
  6509      4.40    -22.10  1.00000
  6510      4.40    -22.05  1.00000
  6511      4.40    -22.00  1.00000
  6512      4.40    -21.95  1.00000
  6513      4.40    -21.90  1.00000
  6514      4.40    -21.85  1.00000
  6515      4.40    -21.80  1.00000
  6516      4.40    -21.75  1.00000
  6517      4.40    -21.70  1.00000
  6518      4.40    -21.65  1.00000
  6519      4.40    -21.60  1.00000
  6520      4.40    -21.55  1.00000
  6521      4.40    -21.50  1.00000
  6522      4.40    -21.45  1.00000
  6523      4.40    -21.40  1.00000
  6524      4.40    -21.35  1.00000
  6525      4.40    -21.30  1.00000
  6526      4.40    -21.25  1.00000
  6527      4.40    -21.20  1.00000
  6528      4.40    -21.15  1.00000
  6529      4.40    -21.10  1.00000
  6530      4.40    -21.05  1.00000
  6531      4.40    -21.00  1.00000
  6532      4.40    -20.95  1.00000
  6533      4.40    -20.90  1.00000
  6534      4.40    -20.85  1.00000
  6535      4.40    -20.80  1.00000
  6536      4.40    -20.75  1.00000
  6537      4.40    -20.70  1.00000
  6538      4.40    -20.65  1.00000
  6539      4.40    -20.60  1.00000
  6540      4.40    -20.55  1.00000
  6541      4.40    -20.50  1.00000
  6542      4.40    -20.45  1.00000
  6543      4.40    -20.40  1.00000
  6544      4.40    -20.35  1.00000
  6545      4.40    -20.30  1.00000
  6546      4.40    -20.25  1.00000
  6547      4.40    -20.20  1.00000
  6548      4.40    -20.15  1.00000
  6549      4.40    -20.10  1.00000
  6550      4.40    -20.05  1.00000
  6551      4.40    -20.00  1.00000
  6552      4.40    -19.95  1.00000
  6553      4.40    -19.90  1.00000
  6554      4.40    -19.85  1.00000
  6555      4.40    -19.80  1.00000
  6556      4.40    -19.75  1.00000
  6557      4.40    -19.70  1.00000
  6558      4.40    -19.65  1.00000
  6559      4.40    -19.60  1.00000
  6560      4.40    -19.55  1.00000
  6561      4.40    -19.50  1.00000
  6562      4.40    -19.45  1.00000
  6563      4.40    -19.40  1.00000
  6564      4.40    -19.35  1.00000
  6565      4.40    -19.30  1.00000
  6566      4.40    -19.25  1.00000
  6567      4.40    -19.20  1.00000
  6568      4.40    -19.15  1.00000
  6569      4.40    -19.10  1.00000
  6570      4.40    -19.05  1.00000
  6571      4.40    -19.00  1.00000
  6572      4.40    -18.95  1.00000
  6573      4.40    -18.90  1.00000
  6574      4.40    -18.85  1.00000
  6575      4.40    -18.80  1.00000
  6576      4.40    -18.75  1.00000
  6577      4.40    -18.70  1.00000
  6578      4.40    -18.65  1.00000
  6579      4.40    -18.60  1.00000
  6580      4.40    -18.55  1.00000
  6581      4.40    -18.50  1.00000
  6582      4.40    -18.45  1.00000
  6583      4.40    -18.40  1.00000
  6584      4.40    -18.35  1.00000
  6585      4.40    -18.30  1.00000
  6586      4.40    -18.25  1.00000
  6587      4.40    -18.20  1.00000
  6588      4.40    -18.15  1.00000
  6589      4.40    -18.10  1.00000
  6590      4.40    -18.05  1.00000
  6591      4.40    -18.00  1.00000
  6592      4.40    -17.95  1.00000
  6593      4.40    -17.90  1.00000
  6594      4.40    -17.85  1.00000
  6595      4.40    -17.80  1.00000
  6596      4.40    -17.75  1.00000
  6597      4.40    -17.70  1.00000
  6598      4.40    -17.65  1.00000
  6599      4.40    -17.60  1.00000
  6600      4.40    -17.55  1.00000
  6601      4.40    -17.50  1.00000
  6602      4.40    -17.45  1.00000
  6603      4.40    -17.40  1.00000
  6604      4.40    -17.35  1.00000
  6605      4.40    -17.30  1.00000
  6606      4.40    -17.25  1.00000
  6607      4.40    -17.20  1.00000
  6608      4.40    -17.15  1.00000
  6609      4.40    -17.10  1.00000
  6610      4.40    -17.05  1.00000
  6611      4.40    -17.00  1.00000
  6612      4.40    -16.95  1.00000
  6613      4.40    -16.90  1.00000
  6614      4.40    -16.85  1.00000
  6615      4.40    -16.80  1.00000
  6616      4.40    -16.75  1.00000
  6617      4.40    -16.70  1.00000
  6618      4.40    -16.65  1.00000
  6619      4.40    -16.60  1.00000
  6620      4.40    -16.55  1.00000
  6621      4.40    -16.50  1.00000
  6622      4.40    -16.45  1.00000
  6623      4.40    -16.40  1.00000
  6624      4.40    -16.35  1.00000
  6625      4.40    -16.30  1.00000
  6626      4.40    -16.25  1.00000
  6627      4.40    -16.20  1.00000
  6628      4.40    -16.15  1.00000
  6629      4.40    -16.10  1.00000
  6630      4.40    -16.05  1.00000
  6631      4.40    -16.00  1.00000
  6632      4.40    -15.95  1.00000
  6633      4.40    -15.90  1.00000
  6634      4.40    -15.85  1.00000
  6635      4.40    -15.80  1.00000
  6636      4.40    -15.75  1.00000
  6637      4.40    -15.70  1.00000
  6638      4.40    -15.65  1.00000
  6639      4.40    -15.60  1.00000
  6640      4.40    -15.55  1.00000
  6641      4.40    -15.50  1.00000
  6642      4.40    -15.45  1.00000
  6643      4.40    -15.40  1.00000
  6644      4.40    -15.35  1.00000
  6645      4.45    -22.85  1.00000
  6646      4.45    -22.80  1.00000
  6647      4.45    -22.75  1.00000
  6648      4.45    -22.70  1.00000
  6649      4.45    -22.65  1.00000
  6650      4.45    -22.60  1.00000
  6651      4.45    -22.55  1.00000
  6652      4.45    -22.50  1.00000
  6653      4.45    -22.45  1.00000
  6654      4.45    -22.40  1.00000
  6655      4.45    -22.35  1.00000
  6656      4.45    -22.30  1.00000
  6657      4.45    -22.25  1.00000
  6658      4.45    -22.20  1.00000
  6659      4.45    -22.15  1.00000
  6660      4.45    -22.10  1.00000
  6661      4.45    -22.05  1.00000
  6662      4.45    -22.00  1.00000
  6663      4.45    -21.95  1.00000
  6664      4.45    -21.90  1.00000
  6665      4.45    -21.85  1.00000
  6666      4.45    -21.80  1.00000
  6667      4.45    -21.75  1.00000
  6668      4.45    -21.70  1.00000
  6669      4.45    -21.65  1.00000
  6670      4.45    -21.60  1.00000
  6671      4.45    -21.55  1.00000
  6672      4.45    -21.50  1.00000
  6673      4.45    -21.45  1.00000
  6674      4.45    -21.40  1.00000
  6675      4.45    -21.35  1.00000
  6676      4.45    -21.30  1.00000
  6677      4.45    -21.25  1.00000
  6678      4.45    -21.20  1.00000
  6679      4.45    -21.15  1.00000
  6680      4.45    -21.10  1.00000
  6681      4.45    -21.05  1.00000
  6682      4.45    -21.00  1.00000
  6683      4.45    -20.95  1.00000
  6684      4.45    -20.90  1.00000
  6685      4.45    -20.85  1.00000
  6686      4.45    -20.80  1.00000
  6687      4.45    -20.75  1.00000
  6688      4.45    -20.70  1.00000
  6689      4.45    -20.65  1.00000
  6690      4.45    -20.60  1.00000
  6691      4.45    -20.55  1.00000
  6692      4.45    -20.50  1.00000
  6693      4.45    -20.45  1.00000
  6694      4.45    -20.40  1.00000
  6695      4.45    -20.35  1.00000
  6696      4.45    -20.30  1.00000
  6697      4.45    -20.25  1.00000
  6698      4.45    -20.20  1.00000
  6699      4.45    -20.15  1.00000
  6700      4.45    -20.10  1.00000
  6701      4.45    -20.05  1.00000
  6702      4.45    -20.00  1.00000
  6703      4.45    -19.95  1.00000
  6704      4.45    -19.90  1.00000
  6705      4.45    -19.85  1.00000
  6706      4.45    -19.80  1.00000
  6707      4.45    -19.75  1.00000
  6708      4.45    -19.70  1.00000
  6709      4.45    -19.65  1.00000
  6710      4.45    -19.60  1.00000
  6711      4.45    -19.55  1.00000
  6712      4.45    -19.50  1.00000
  6713      4.45    -19.45  1.00000
  6714      4.45    -19.40  1.00000
  6715      4.45    -19.35  1.00000
  6716      4.45    -19.30  1.00000
  6717      4.45    -19.25  1.00000
  6718      4.45    -19.20  1.00000
  6719      4.45    -19.15  1.00000
  6720      4.45    -19.10  1.00000
  6721      4.45    -19.05  1.00000
  6722      4.45    -19.00  1.00000
  6723      4.45    -18.95  1.00000
  6724      4.45    -18.90  1.00000
  6725      4.45    -18.85  1.00000
  6726      4.45    -18.80  1.00000
  6727      4.45    -18.75  1.00000
  6728      4.45    -18.70  1.00000
  6729      4.45    -18.65  1.00000
  6730      4.45    -18.60  1.00000
  6731      4.45    -18.55  1.00000
  6732      4.45    -18.50  1.00000
  6733      4.45    -18.45  1.00000
  6734      4.45    -18.40  1.00000
  6735      4.45    -18.35  1.00000
  6736      4.45    -18.30  1.00000
  6737      4.45    -18.25  1.00000
  6738      4.45    -18.20  1.00000
  6739      4.45    -18.15  1.00000
  6740      4.45    -18.10  1.00000
  6741      4.45    -18.05  1.00000
  6742      4.45    -18.00  1.00000
  6743      4.45    -17.95  1.00000
  6744      4.45    -17.90  1.00000
  6745      4.45    -17.85  1.00000
  6746      4.45    -17.80  1.00000
  6747      4.45    -17.75  1.00000
  6748      4.45    -17.70  1.00000
  6749      4.45    -17.65  1.00000
  6750      4.45    -17.60  1.00000
  6751      4.45    -17.55  1.00000
  6752      4.45    -17.50  1.00000
  6753      4.45    -17.45  1.00000
  6754      4.45    -17.40  1.00000
  6755      4.45    -17.35  1.00000
  6756      4.45    -17.30  1.00000
  6757      4.45    -17.25  1.00000
  6758      4.45    -17.20  1.00000
  6759      4.45    -17.15  1.00000
  6760      4.45    -17.10  1.00000
  6761      4.45    -17.05  1.00000
  6762      4.45    -17.00  1.00000
  6763      4.45    -16.95  1.00000
  6764      4.45    -16.90  1.00000
  6765      4.45    -16.85  1.00000
  6766      4.45    -16.80  1.00000
  6767      4.45    -16.75  1.00000
  6768      4.45    -16.70  1.00000
  6769      4.45    -16.65  1.00000
  6770      4.45    -16.60  1.00000
  6771      4.45    -16.55  1.00000
  6772      4.45    -16.50  1.00000
  6773      4.45    -16.45  1.00000
  6774      4.45    -16.40  1.00000
  6775      4.45    -16.35  1.00000
  6776      4.45    -16.30  1.00000
  6777      4.45    -16.25  1.00000
  6778      4.45    -16.20  1.00000
  6779      4.45    -16.15  1.00000
  6780      4.45    -16.10  1.00000
  6781      4.45    -16.05  1.00000
  6782      4.45    -16.00  1.00000
  6783      4.45    -15.95  1.00000
  6784      4.45    -15.90  1.00000
  6785      4.45    -15.85  1.00000
  6786      4.45    -15.80  1.00000
  6787      4.45    -15.75  1.00000
  6788      4.45    -15.70  1.00000
  6789      4.45    -15.65  1.00000
  6790      4.45    -15.60  1.00000
  6791      4.45    -15.55  1.00000
  6792      4.45    -15.50  1.00000
  6793      4.45    -15.45  1.00000
  6794      4.45    -15.40  1.00000
  6795      4.45    -15.35  1.00000
  6796      4.50    -22.85  1.00000
  6797      4.50    -22.80  1.00000
  6798      4.50    -22.75  1.00000
  6799      4.50    -22.70  1.00000
  6800      4.50    -22.65  1.00000
  6801      4.50    -22.60  1.00000
  6802      4.50    -22.55  1.00000
  6803      4.50    -22.50  1.00000
  6804      4.50    -22.45  1.00000
  6805      4.50    -22.40  1.00000
  6806      4.50    -22.35  1.00000
  6807      4.50    -22.30  1.00000
  6808      4.50    -22.25  1.00000
  6809      4.50    -22.20  1.00000
  6810      4.50    -22.15  1.00000
  6811      4.50    -22.10  1.00000
  6812      4.50    -22.05  1.00000
  6813      4.50    -22.00  1.00000
  6814      4.50    -21.95  1.00000
  6815      4.50    -21.90  1.00000
  6816      4.50    -21.85  1.00000
  6817      4.50    -21.80  1.00000
  6818      4.50    -21.75  1.00000
  6819      4.50    -21.70  1.00000
  6820      4.50    -21.65  1.00000
  6821      4.50    -21.60  1.00000
  6822      4.50    -21.55  1.00000
  6823      4.50    -21.50  1.00000
  6824      4.50    -21.45  1.00000
  6825      4.50    -21.40  1.00000
  6826      4.50    -21.35  1.00000
  6827      4.50    -21.30  1.00000
  6828      4.50    -21.25  1.00000
  6829      4.50    -21.20  1.00000
  6830      4.50    -21.15  1.00000
  6831      4.50    -21.10  1.00000
  6832      4.50    -21.05  1.00000
  6833      4.50    -21.00  1.00000
  6834      4.50    -20.95  1.00000
  6835      4.50    -20.90  1.00000
  6836      4.50    -20.85  1.00000
  6837      4.50    -20.80  1.00000
  6838      4.50    -20.75  1.00000
  6839      4.50    -20.70  1.00000
  6840      4.50    -20.65  1.00000
  6841      4.50    -20.60  1.00000
  6842      4.50    -20.55  1.00000
  6843      4.50    -20.50  1.00000
  6844      4.50    -20.45  1.00000
  6845      4.50    -20.40  1.00000
  6846      4.50    -20.35  1.00000
  6847      4.50    -20.30  1.00000
  6848      4.50    -20.25  1.00000
  6849      4.50    -20.20  1.00000
  6850      4.50    -20.15  1.00000
  6851      4.50    -20.10  1.00000
  6852      4.50    -20.05  1.00000
  6853      4.50    -20.00  1.00000
  6854      4.50    -19.95  1.00000
  6855      4.50    -19.90  1.00000
  6856      4.50    -19.85  1.00000
  6857      4.50    -19.80  1.00000
  6858      4.50    -19.75  1.00000
  6859      4.50    -19.70  1.00000
  6860      4.50    -19.65  1.00000
  6861      4.50    -19.60  1.00000
  6862      4.50    -19.55  1.00000
  6863      4.50    -19.50  1.00000
  6864      4.50    -19.45  1.00000
  6865      4.50    -19.40  1.00000
  6866      4.50    -19.35  1.00000
  6867      4.50    -19.30  1.00000
  6868      4.50    -19.25  1.00000
  6869      4.50    -19.20  1.00000
  6870      4.50    -19.15  1.00000
  6871      4.50    -19.10  1.00000
  6872      4.50    -19.05  1.00000
  6873      4.50    -19.00  1.00000
  6874      4.50    -18.95  1.00000
  6875      4.50    -18.90  1.00000
  6876      4.50    -18.85  1.00000
  6877      4.50    -18.80  1.00000
  6878      4.50    -18.75  1.00000
  6879      4.50    -18.70  1.00000
  6880      4.50    -18.65  1.00000
  6881      4.50    -18.60  1.00000
  6882      4.50    -18.55  1.00000
  6883      4.50    -18.50  1.00000
  6884      4.50    -18.45  1.00000
  6885      4.50    -18.40  1.00000
  6886      4.50    -18.35  1.00000
  6887      4.50    -18.30  1.00000
  6888      4.50    -18.25  1.00000
  6889      4.50    -18.20  1.00000
  6890      4.50    -18.15  1.00000
  6891      4.50    -18.10  1.00000
  6892      4.50    -18.05  1.00000
  6893      4.50    -18.00  1.00000
  6894      4.50    -17.95  1.00000
  6895      4.50    -17.90  1.00000
  6896      4.50    -17.85  1.00000
  6897      4.50    -17.80  1.00000
  6898      4.50    -17.75  1.00000
  6899      4.50    -17.70  1.00000
  6900      4.50    -17.65  1.00000
  6901      4.50    -17.60  1.00000
  6902      4.50    -17.55  1.00000
  6903      4.50    -17.50  1.00000
  6904      4.50    -17.45  1.00000
  6905      4.50    -17.40  1.00000
  6906      4.50    -17.35  1.00000
  6907      4.50    -17.30  1.00000
  6908      4.50    -17.25  1.00000
  6909      4.50    -17.20  1.00000
  6910      4.50    -17.15  1.00000
  6911      4.50    -17.10  1.00000
  6912      4.50    -17.05  1.00000
  6913      4.50    -17.00  1.00000
  6914      4.50    -16.95  1.00000
  6915      4.50    -16.90  1.00000
  6916      4.50    -16.85  1.00000
  6917      4.50    -16.80  1.00000
  6918      4.50    -16.75  1.00000
  6919      4.50    -16.70  1.00000
  6920      4.50    -16.65  1.00000
  6921      4.50    -16.60  1.00000
  6922      4.50    -16.55  1.00000
  6923      4.50    -16.50  1.00000
  6924      4.50    -16.45  1.00000
  6925      4.50    -16.40  1.00000
  6926      4.50    -16.35  1.00000
  6927      4.50    -16.30  1.00000
  6928      4.50    -16.25  1.00000
  6929      4.50    -16.20  1.00000
  6930      4.50    -16.15  1.00000
  6931      4.50    -16.10  1.00000
  6932      4.50    -16.05  1.00000
  6933      4.50    -16.00  1.00000
  6934      4.50    -15.95  1.00000
  6935      4.50    -15.90  1.00000
  6936      4.50    -15.85  1.00000
  6937      4.50    -15.80  1.00000
  6938      4.50    -15.75  1.00000
  6939      4.50    -15.70  1.00000
  6940      4.50    -15.65  1.00000
  6941      4.50    -15.60  1.00000
  6942      4.50    -15.55  1.00000
  6943      4.50    -15.50  1.00000
  6944      4.50    -15.45  1.00000
  6945      4.50    -15.40  1.00000
  6946      4.50    -15.35  1.00000
  6947      4.55    -22.85  1.00000
  6948      4.55    -22.80  1.00000
  6949      4.55    -22.75  1.00000
  6950      4.55    -22.70  1.00000
  6951      4.55    -22.65  1.00000
  6952      4.55    -22.60  1.00000
  6953      4.55    -22.55  1.00000
  6954      4.55    -22.50  1.00000
  6955      4.55    -22.45  1.00000
  6956      4.55    -22.40  1.00000
  6957      4.55    -22.35  1.00000
  6958      4.55    -22.30  1.00000
  6959      4.55    -22.25  1.00000
  6960      4.55    -22.20  1.00000
  6961      4.55    -22.15  1.00000
  6962      4.55    -22.10  1.00000
  6963      4.55    -22.05  1.00000
  6964      4.55    -22.00  1.00000
  6965      4.55    -21.95  1.00000
  6966      4.55    -21.90  1.00000
  6967      4.55    -21.85  1.00000
  6968      4.55    -21.80  1.00000
  6969      4.55    -21.75  1.00000
  6970      4.55    -21.70  1.00000
  6971      4.55    -21.65  1.00000
  6972      4.55    -21.60  1.00000
  6973      4.55    -21.55  1.00000
  6974      4.55    -21.50  1.00000
  6975      4.55    -21.45  1.00000
  6976      4.55    -21.40  1.00000
  6977      4.55    -21.35  1.00000
  6978      4.55    -21.30  1.00000
  6979      4.55    -21.25  1.00000
  6980      4.55    -21.20  1.00000
  6981      4.55    -21.15  1.00000
  6982      4.55    -21.10  1.00000
  6983      4.55    -21.05  1.00000
  6984      4.55    -21.00  1.00000
  6985      4.55    -20.95  1.00000
  6986      4.55    -20.90  1.00000
  6987      4.55    -20.85  1.00000
  6988      4.55    -20.80  1.00000
  6989      4.55    -20.75  1.00000
  6990      4.55    -20.70  1.00000
  6991      4.55    -20.65  1.00000
  6992      4.55    -20.60  1.00000
  6993      4.55    -20.55  1.00000
  6994      4.55    -20.50  1.00000
  6995      4.55    -20.45  1.00000
  6996      4.55    -20.40  1.00000
  6997      4.55    -20.35  1.00000
  6998      4.55    -20.30  1.00000
  6999      4.55    -20.25  1.00000
  7000      4.55    -20.20  1.00000
  7001      4.55    -20.15  1.00000
  7002      4.55    -20.10  1.00000
  7003      4.55    -20.05  1.00000
  7004      4.55    -20.00  1.00000
  7005      4.55    -19.95  1.00000
  7006      4.55    -19.90  1.00000
  7007      4.55    -19.85  1.00000
  7008      4.55    -19.80  1.00000
  7009      4.55    -19.75  1.00000
  7010      4.55    -19.70  1.00000
  7011      4.55    -19.65  1.00000
  7012      4.55    -19.60  1.00000
  7013      4.55    -19.55  1.00000
  7014      4.55    -19.50  1.00000
  7015      4.55    -19.45  1.00000
  7016      4.55    -19.40  1.00000
  7017      4.55    -19.35  1.00000
  7018      4.55    -19.30  1.00000
  7019      4.55    -19.25  1.00000
  7020      4.55    -19.20  1.00000
  7021      4.55    -19.15  1.00000
  7022      4.55    -19.10  1.00000
  7023      4.55    -19.05  1.00000
  7024      4.55    -19.00  1.00000
  7025      4.55    -18.95  1.00000
  7026      4.55    -18.90  1.00000
  7027      4.55    -18.85  1.00000
  7028      4.55    -18.80  1.00000
  7029      4.55    -18.75  1.00000
  7030      4.55    -18.70  1.00000
  7031      4.55    -18.65  1.00000
  7032      4.55    -18.60  1.00000
  7033      4.55    -18.55  1.00000
  7034      4.55    -18.50  1.00000
  7035      4.55    -18.45  1.00000
  7036      4.55    -18.40  1.00000
  7037      4.55    -18.35  1.00000
  7038      4.55    -18.30  1.00000
  7039      4.55    -18.25  1.00000
  7040      4.55    -18.20  1.00000
  7041      4.55    -18.15  1.00000
  7042      4.55    -18.10  1.00000
  7043      4.55    -18.05  1.00000
  7044      4.55    -18.00  1.00000
  7045      4.55    -17.95  1.00000
  7046      4.55    -17.90  1.00000
  7047      4.55    -17.85  1.00000
  7048      4.55    -17.80  1.00000
  7049      4.55    -17.75  1.00000
  7050      4.55    -17.70  1.00000
  7051      4.55    -17.65  1.00000
  7052      4.55    -17.60  1.00000
  7053      4.55    -17.55  1.00000
  7054      4.55    -17.50  1.00000
  7055      4.55    -17.45  1.00000
  7056      4.55    -17.40  1.00000
  7057      4.55    -17.35  1.00000
  7058      4.55    -17.30  1.00000
  7059      4.55    -17.25  1.00000
  7060      4.55    -17.20  1.00000
  7061      4.55    -17.15  1.00000
  7062      4.55    -17.10  1.00000
  7063      4.55    -17.05  1.00000
  7064      4.55    -17.00  1.00000
  7065      4.55    -16.95  1.00000
  7066      4.55    -16.90  1.00000
  7067      4.55    -16.85  1.00000
  7068      4.55    -16.80  1.00000
  7069      4.55    -16.75  1.00000
  7070      4.55    -16.70  1.00000
  7071      4.55    -16.65  1.00000
  7072      4.55    -16.60  1.00000
  7073      4.55    -16.55  1.00000
  7074      4.55    -16.50  1.00000
  7075      4.55    -16.45  1.00000
  7076      4.55    -16.40  1.00000
  7077      4.55    -16.35  1.00000
  7078      4.55    -16.30  1.00000
  7079      4.55    -16.25  1.00000
  7080      4.55    -16.20  1.00000
  7081      4.55    -16.15  1.00000
  7082      4.55    -16.10  1.00000
  7083      4.55    -16.05  1.00000
  7084      4.55    -16.00  1.00000
  7085      4.55    -15.95  1.00000
  7086      4.55    -15.90  1.00000
  7087      4.55    -15.85  1.00000
  7088      4.55    -15.80  1.00000
  7089      4.55    -15.75  1.00000
  7090      4.55    -15.70  1.00000
  7091      4.55    -15.65  1.00000
  7092      4.55    -15.60  1.00000
  7093      4.55    -15.55  1.00000
  7094      4.55    -15.50  1.00000
  7095      4.55    -15.45  1.00000
  7096      4.55    -15.40  1.00000
  7097      4.55    -15.35  1.00000
  7098      4.60    -22.85  1.00000
  7099      4.60    -22.80  1.00000
  7100      4.60    -22.75  1.00000
  7101      4.60    -22.70  1.00000
  7102      4.60    -22.65  1.00000
  7103      4.60    -22.60  1.00000
  7104      4.60    -22.55  1.00000
  7105      4.60    -22.50  1.00000
  7106      4.60    -22.45  1.00000
  7107      4.60    -22.40  1.00000
  7108      4.60    -22.35  1.00000
  7109      4.60    -22.30  1.00000
  7110      4.60    -22.25  1.00000
  7111      4.60    -22.20  1.00000
  7112      4.60    -22.15  1.00000
  7113      4.60    -22.10  1.00000
  7114      4.60    -22.05  1.00000
  7115      4.60    -22.00  1.00000
  7116      4.60    -21.95  1.00000
  7117      4.60    -21.90  1.00000
  7118      4.60    -21.85  1.00000
  7119      4.60    -21.80  1.00000
  7120      4.60    -21.75  1.00000
  7121      4.60    -21.70  1.00000
  7122      4.60    -21.65  1.00000
  7123      4.60    -21.60  1.00000
  7124      4.60    -21.55  1.00000
  7125      4.60    -21.50  1.00000
  7126      4.60    -21.45  1.00000
  7127      4.60    -21.40  1.00000
  7128      4.60    -21.35  1.00000
  7129      4.60    -21.30  1.00000
  7130      4.60    -21.25  1.00000
  7131      4.60    -21.20  1.00000
  7132      4.60    -21.15  1.00000
  7133      4.60    -21.10  1.00000
  7134      4.60    -21.05  1.00000
  7135      4.60    -21.00  1.00000
  7136      4.60    -20.95  1.00000
  7137      4.60    -20.90  1.00000
  7138      4.60    -20.85  1.00000
  7139      4.60    -20.80  1.00000
  7140      4.60    -20.75  1.00000
  7141      4.60    -20.70  1.00000
  7142      4.60    -20.65  1.00000
  7143      4.60    -20.60  1.00000
  7144      4.60    -20.55  1.00000
  7145      4.60    -20.50  1.00000
  7146      4.60    -20.45  1.00000
  7147      4.60    -20.40  1.00000
  7148      4.60    -20.35  1.00000
  7149      4.60    -20.30  1.00000
  7150      4.60    -20.25  1.00000
  7151      4.60    -20.20  1.00000
  7152      4.60    -20.15  1.00000
  7153      4.60    -20.10  1.00000
  7154      4.60    -20.05  1.00000
  7155      4.60    -20.00  1.00000
  7156      4.60    -19.95  1.00000
  7157      4.60    -19.90  1.00000
  7158      4.60    -19.85  1.00000
  7159      4.60    -19.80  1.00000
  7160      4.60    -19.75  1.00000
  7161      4.60    -19.70  1.00000
  7162      4.60    -19.65  1.00000
  7163      4.60    -19.60  1.00000
  7164      4.60    -19.55  1.00000
  7165      4.60    -19.50  1.00000
  7166      4.60    -19.45  1.00000
  7167      4.60    -19.40  1.00000
  7168      4.60    -19.35  1.00000
  7169      4.60    -19.30  1.00000
  7170      4.60    -19.25  1.00000
  7171      4.60    -19.20  1.00000
  7172      4.60    -19.15  1.00000
  7173      4.60    -19.10  1.00000
  7174      4.60    -19.05  1.00000
  7175      4.60    -19.00  1.00000
  7176      4.60    -18.95  1.00000
  7177      4.60    -18.90  1.00000
  7178      4.60    -18.85  1.00000
  7179      4.60    -18.80  1.00000
  7180      4.60    -18.75  1.00000
  7181      4.60    -18.70  1.00000
  7182      4.60    -18.65  1.00000
  7183      4.60    -18.60  1.00000
  7184      4.60    -18.55  1.00000
  7185      4.60    -18.50  1.00000
  7186      4.60    -18.45  1.00000
  7187      4.60    -18.40  1.00000
  7188      4.60    -18.35  1.00000
  7189      4.60    -18.30  1.00000
  7190      4.60    -18.25  1.00000
  7191      4.60    -18.20  1.00000
  7192      4.60    -18.15  1.00000
  7193      4.60    -18.10  1.00000
  7194      4.60    -18.05  1.00000
  7195      4.60    -18.00  1.00000
  7196      4.60    -17.95  1.00000
  7197      4.60    -17.90  1.00000
  7198      4.60    -17.85  1.00000
  7199      4.60    -17.80  1.00000
  7200      4.60    -17.75  1.00000
  7201      4.60    -17.70  1.00000
  7202      4.60    -17.65  1.00000
  7203      4.60    -17.60  1.00000
  7204      4.60    -17.55  1.00000
  7205      4.60    -17.50  1.00000
  7206      4.60    -17.45  1.00000
  7207      4.60    -17.40  1.00000
  7208      4.60    -17.35  1.00000
  7209      4.60    -17.30  1.00000
  7210      4.60    -17.25  1.00000
  7211      4.60    -17.20  1.00000
  7212      4.60    -17.15  1.00000
  7213      4.60    -17.10  1.00000
  7214      4.60    -17.05  1.00000
  7215      4.60    -17.00  1.00000
  7216      4.60    -16.95  1.00000
  7217      4.60    -16.90  1.00000
  7218      4.60    -16.85  1.00000
  7219      4.60    -16.80  1.00000
  7220      4.60    -16.75  1.00000
  7221      4.60    -16.70  1.00000
  7222      4.60    -16.65  1.00000
  7223      4.60    -16.60  1.00000
  7224      4.60    -16.55  1.00000
  7225      4.60    -16.50  1.00000
  7226      4.60    -16.45  1.00000
  7227      4.60    -16.40  1.00000
  7228      4.60    -16.35  1.00000
  7229      4.60    -16.30  1.00000
  7230      4.60    -16.25  1.00000
  7231      4.60    -16.20  1.00000
  7232      4.60    -16.15  1.00000
  7233      4.60    -16.10  1.00000
  7234      4.60    -16.05  1.00000
  7235      4.60    -16.00  1.00000
  7236      4.60    -15.95  1.00000
  7237      4.60    -15.90  1.00000
  7238      4.60    -15.85  1.00000
  7239      4.60    -15.80  1.00000
  7240      4.60    -15.75  1.00000
  7241      4.60    -15.70  1.00000
  7242      4.60    -15.65  1.00000
  7243      4.60    -15.60  1.00000
  7244      4.60    -15.55  1.00000
  7245      4.60    -15.50  1.00000
  7246      4.60    -15.45  1.00000
  7247      4.60    -15.40  1.00000
  7248      4.60    -15.35  1.00000
  7249      4.65    -22.85  1.00000
  7250      4.65    -22.80  1.00000
  7251      4.65    -22.75  1.00000
  7252      4.65    -22.70  1.00000
  7253      4.65    -22.65  1.00000
  7254      4.65    -22.60  1.00000
  7255      4.65    -22.55  1.00000
  7256      4.65    -22.50  1.00000
  7257      4.65    -22.45  1.00000
  7258      4.65    -22.40  1.00000
  7259      4.65    -22.35  1.00000
  7260      4.65    -22.30  1.00000
  7261      4.65    -22.25  1.00000
  7262      4.65    -22.20  1.00000
  7263      4.65    -22.15  1.00000
  7264      4.65    -22.10  1.00000
  7265      4.65    -22.05  1.00000
  7266      4.65    -22.00  1.00000
  7267      4.65    -21.95  1.00000
  7268      4.65    -21.90  1.00000
  7269      4.65    -21.85  1.00000
  7270      4.65    -21.80  1.00000
  7271      4.65    -21.75  1.00000
  7272      4.65    -21.70  1.00000
  7273      4.65    -21.65  1.00000
  7274      4.65    -21.60  1.00000
  7275      4.65    -21.55  1.00000
  7276      4.65    -21.50  1.00000
  7277      4.65    -21.45  1.00000
  7278      4.65    -21.40  1.00000
  7279      4.65    -21.35  1.00000
  7280      4.65    -21.30  1.00000
  7281      4.65    -21.25  1.00000
  7282      4.65    -21.20  1.00000
  7283      4.65    -21.15  1.00000
  7284      4.65    -21.10  1.00000
  7285      4.65    -21.05  1.00000
  7286      4.65    -21.00  1.00000
  7287      4.65    -20.95  1.00000
  7288      4.65    -20.90  1.00000
  7289      4.65    -20.85  1.00000
  7290      4.65    -20.80  1.00000
  7291      4.65    -20.75  1.00000
  7292      4.65    -20.70  1.00000
  7293      4.65    -20.65  1.00000
  7294      4.65    -20.60  1.00000
  7295      4.65    -20.55  1.00000
  7296      4.65    -20.50  1.00000
  7297      4.65    -20.45  1.00000
  7298      4.65    -20.40  1.00000
  7299      4.65    -20.35  1.00000
  7300      4.65    -20.30  1.00000
  7301      4.65    -20.25  1.00000
  7302      4.65    -20.20  1.00000
  7303      4.65    -20.15  1.00000
  7304      4.65    -20.10  1.00000
  7305      4.65    -20.05  1.00000
  7306      4.65    -20.00  1.00000
  7307      4.65    -19.95  1.00000
  7308      4.65    -19.90  1.00000
  7309      4.65    -19.85  1.00000
  7310      4.65    -19.80  1.00000
  7311      4.65    -19.75  1.00000
  7312      4.65    -19.70  1.00000
  7313      4.65    -19.65  1.00000
  7314      4.65    -19.60  1.00000
  7315      4.65    -19.55  1.00000
  7316      4.65    -19.50  1.00000
  7317      4.65    -19.45  1.00000
  7318      4.65    -19.40  1.00000
  7319      4.65    -19.35  1.00000
  7320      4.65    -19.30  1.00000
  7321      4.65    -19.25  1.00000
  7322      4.65    -19.20  1.00000
  7323      4.65    -19.15  1.00000
  7324      4.65    -19.10  1.00000
  7325      4.65    -19.05  1.00000
  7326      4.65    -19.00  1.00000
  7327      4.65    -18.95  1.00000
  7328      4.65    -18.90  1.00000
  7329      4.65    -18.85  1.00000
  7330      4.65    -18.80  1.00000
  7331      4.65    -18.75  1.00000
  7332      4.65    -18.70  1.00000
  7333      4.65    -18.65  1.00000
  7334      4.65    -18.60  1.00000
  7335      4.65    -18.55  1.00000
  7336      4.65    -18.50  1.00000
  7337      4.65    -18.45  1.00000
  7338      4.65    -18.40  1.00000
  7339      4.65    -18.35  1.00000
  7340      4.65    -18.30  1.00000
  7341      4.65    -18.25  1.00000
  7342      4.65    -18.20  1.00000
  7343      4.65    -18.15  1.00000
  7344      4.65    -18.10  1.00000
  7345      4.65    -18.05  1.00000
  7346      4.65    -18.00  1.00000
  7347      4.65    -17.95  1.00000
  7348      4.65    -17.90  1.00000
  7349      4.65    -17.85  1.00000
  7350      4.65    -17.80  1.00000
  7351      4.65    -17.75  1.00000
  7352      4.65    -17.70  1.00000
  7353      4.65    -17.65  1.00000
  7354      4.65    -17.60  1.00000
  7355      4.65    -17.55  1.00000
  7356      4.65    -17.50  1.00000
  7357      4.65    -17.45  1.00000
  7358      4.65    -17.40  1.00000
  7359      4.65    -17.35  1.00000
  7360      4.65    -17.30  1.00000
  7361      4.65    -17.25  1.00000
  7362      4.65    -17.20  1.00000
  7363      4.65    -17.15  1.00000
  7364      4.65    -17.10  1.00000
  7365      4.65    -17.05  1.00000
  7366      4.65    -17.00  1.00000
  7367      4.65    -16.95  1.00000
  7368      4.65    -16.90  1.00000
  7369      4.65    -16.85  1.00000
  7370      4.65    -16.80  1.00000
  7371      4.65    -16.75  1.00000
  7372      4.65    -16.70  1.00000
  7373      4.65    -16.65  1.00000
  7374      4.65    -16.60  1.00000
  7375      4.65    -16.55  1.00000
  7376      4.65    -16.50  1.00000
  7377      4.65    -16.45  1.00000
  7378      4.65    -16.40  1.00000
  7379      4.65    -16.35  1.00000
  7380      4.65    -16.30  1.00000
  7381      4.65    -16.25  1.00000
  7382      4.65    -16.20  1.00000
  7383      4.65    -16.15  1.00000
  7384      4.65    -16.10  1.00000
  7385      4.65    -16.05  1.00000
  7386      4.65    -16.00  1.00000
  7387      4.65    -15.95  1.00000
  7388      4.65    -15.90  1.00000
  7389      4.65    -15.85  1.00000
  7390      4.65    -15.80  1.00000
  7391      4.65    -15.75  1.00000
  7392      4.65    -15.70  1.00000
  7393      4.65    -15.65  1.00000
  7394      4.65    -15.60  1.00000
  7395      4.65    -15.55  1.00000
  7396      4.65    -15.50  1.00000
  7397      4.65    -15.45  1.00000
  7398      4.65    -15.40  1.00000
  7399      4.65    -15.35  1.00000
  7400      4.70    -22.85  1.00000
  7401      4.70    -22.80  1.00000
  7402      4.70    -22.75  1.00000
  7403      4.70    -22.70  1.00000
  7404      4.70    -22.65  1.00000
  7405      4.70    -22.60  1.00000
  7406      4.70    -22.55  1.00000
  7407      4.70    -22.50  1.00000
  7408      4.70    -22.45  1.00000
  7409      4.70    -22.40  1.00000
  7410      4.70    -22.35  1.00000
  7411      4.70    -22.30  1.00000
  7412      4.70    -22.25  1.00000
  7413      4.70    -22.20  1.00000
  7414      4.70    -22.15  1.00000
  7415      4.70    -22.10  1.00000
  7416      4.70    -22.05  1.00000
  7417      4.70    -22.00  1.00000
  7418      4.70    -21.95  1.00000
  7419      4.70    -21.90  1.00000
  7420      4.70    -21.85  1.00000
  7421      4.70    -21.80  1.00000
  7422      4.70    -21.75  1.00000
  7423      4.70    -21.70  1.00000
  7424      4.70    -21.65  1.00000
  7425      4.70    -21.60  1.00000
  7426      4.70    -21.55  1.00000
  7427      4.70    -21.50  1.00000
  7428      4.70    -21.45  1.00000
  7429      4.70    -21.40  1.00000
  7430      4.70    -21.35  1.00000
  7431      4.70    -21.30  1.00000
  7432      4.70    -21.25  1.00000
  7433      4.70    -21.20  1.00000
  7434      4.70    -21.15  1.00000
  7435      4.70    -21.10  1.00000
  7436      4.70    -21.05  1.00000
  7437      4.70    -21.00  1.00000
  7438      4.70    -20.95  1.00000
  7439      4.70    -20.90  1.00000
  7440      4.70    -20.85  1.00000
  7441      4.70    -20.80  1.00000
  7442      4.70    -20.75  1.00000
  7443      4.70    -20.70  1.00000
  7444      4.70    -20.65  1.00000
  7445      4.70    -20.60  1.00000
  7446      4.70    -20.55  1.00000
  7447      4.70    -20.50  1.00000
  7448      4.70    -20.45  1.00000
  7449      4.70    -20.40  1.00000
  7450      4.70    -20.35  1.00000
  7451      4.70    -20.30  1.00000
  7452      4.70    -20.25  1.00000
  7453      4.70    -20.20  1.00000
  7454      4.70    -20.15  1.00000
  7455      4.70    -20.10  1.00000
  7456      4.70    -20.05  1.00000
  7457      4.70    -20.00  1.00000
  7458      4.70    -19.95  1.00000
  7459      4.70    -19.90  1.00000
  7460      4.70    -19.85  1.00000
  7461      4.70    -19.80  1.00000
  7462      4.70    -19.75  1.00000
  7463      4.70    -19.70  1.00000
  7464      4.70    -19.65  1.00000
  7465      4.70    -19.60  1.00000
  7466      4.70    -19.55  1.00000
  7467      4.70    -19.50  1.00000
  7468      4.70    -19.45  1.00000
  7469      4.70    -19.40  1.00000
  7470      4.70    -19.35  1.00000
  7471      4.70    -19.30  1.00000
  7472      4.70    -19.25  1.00000
  7473      4.70    -19.20  1.00000
  7474      4.70    -19.15  1.00000
  7475      4.70    -19.10  1.00000
  7476      4.70    -19.05  1.00000
  7477      4.70    -19.00  1.00000
  7478      4.70    -18.95  1.00000
  7479      4.70    -18.90  1.00000
  7480      4.70    -18.85  1.00000
  7481      4.70    -18.80  1.00000
  7482      4.70    -18.75  1.00000
  7483      4.70    -18.70  1.00000
  7484      4.70    -18.65  1.00000
  7485      4.70    -18.60  1.00000
  7486      4.70    -18.55  1.00000
  7487      4.70    -18.50  1.00000
  7488      4.70    -18.45  1.00000
  7489      4.70    -18.40  1.00000
  7490      4.70    -18.35  1.00000
  7491      4.70    -18.30  1.00000
  7492      4.70    -18.25  1.00000
  7493      4.70    -18.20  1.00000
  7494      4.70    -18.15  1.00000
  7495      4.70    -18.10  1.00000
  7496      4.70    -18.05  1.00000
  7497      4.70    -18.00  1.00000
  7498      4.70    -17.95  1.00000
  7499      4.70    -17.90  1.00000
  7500      4.70    -17.85  1.00000
  7501      4.70    -17.80  1.00000
  7502      4.70    -17.75  1.00000
  7503      4.70    -17.70  1.00000
  7504      4.70    -17.65  1.00000
  7505      4.70    -17.60  1.00000
  7506      4.70    -17.55  1.00000
  7507      4.70    -17.50  1.00000
  7508      4.70    -17.45  1.00000
  7509      4.70    -17.40  1.00000
  7510      4.70    -17.35  1.00000
  7511      4.70    -17.30  1.00000
  7512      4.70    -17.25  1.00000
  7513      4.70    -17.20  1.00000
  7514      4.70    -17.15  1.00000
  7515      4.70    -17.10  1.00000
  7516      4.70    -17.05  1.00000
  7517      4.70    -17.00  1.00000
  7518      4.70    -16.95  1.00000
  7519      4.70    -16.90  1.00000
  7520      4.70    -16.85  1.00000
  7521      4.70    -16.80  1.00000
  7522      4.70    -16.75  1.00000
  7523      4.70    -16.70  1.00000
  7524      4.70    -16.65  1.00000
  7525      4.70    -16.60  1.00000
  7526      4.70    -16.55  1.00000
  7527      4.70    -16.50  1.00000
  7528      4.70    -16.45  1.00000
  7529      4.70    -16.40  1.00000
  7530      4.70    -16.35  1.00000
  7531      4.70    -16.30  1.00000
  7532      4.70    -16.25  1.00000
  7533      4.70    -16.20  1.00000
  7534      4.70    -16.15  1.00000
  7535      4.70    -16.10  1.00000
  7536      4.70    -16.05  1.00000
  7537      4.70    -16.00  1.00000
  7538      4.70    -15.95  1.00000
  7539      4.70    -15.90  1.00000
  7540      4.70    -15.85  1.00000
  7541      4.70    -15.80  1.00000
  7542      4.70    -15.75  1.00000
  7543      4.70    -15.70  1.00000
  7544      4.70    -15.65  1.00000
  7545      4.70    -15.60  1.00000
  7546      4.70    -15.55  1.00000
  7547      4.70    -15.50  1.00000
  7548      4.70    -15.45  1.00000
  7549      4.70    -15.40  1.00000
  7550      4.70    -15.35  1.00000
  7551      4.75    -22.85  1.00000
  7552      4.75    -22.80  1.00000
  7553      4.75    -22.75  1.00000
  7554      4.75    -22.70  1.00000
  7555      4.75    -22.65  1.00000
  7556      4.75    -22.60  1.00000
  7557      4.75    -22.55  1.00000
  7558      4.75    -22.50  1.00000
  7559      4.75    -22.45  1.00000
  7560      4.75    -22.40  1.00000
  7561      4.75    -22.35  1.00000
  7562      4.75    -22.30  1.00000
  7563      4.75    -22.25  1.00000
  7564      4.75    -22.20  1.00000
  7565      4.75    -22.15  1.00000
  7566      4.75    -22.10  1.00000
  7567      4.75    -22.05  1.00000
  7568      4.75    -22.00  1.00000
  7569      4.75    -21.95  1.00000
  7570      4.75    -21.90  1.00000
  7571      4.75    -21.85  1.00000
  7572      4.75    -21.80  1.00000
  7573      4.75    -21.75  1.00000
  7574      4.75    -21.70  1.00000
  7575      4.75    -21.65  1.00000
  7576      4.75    -21.60  1.00000
  7577      4.75    -21.55  1.00000
  7578      4.75    -21.50  1.00000
  7579      4.75    -21.45  1.00000
  7580      4.75    -21.40  1.00000
  7581      4.75    -21.35  1.00000
  7582      4.75    -21.30  1.00000
  7583      4.75    -21.25  1.00000
  7584      4.75    -21.20  1.00000
  7585      4.75    -21.15  1.00000
  7586      4.75    -21.10  1.00000
  7587      4.75    -21.05  1.00000
  7588      4.75    -21.00  1.00000
  7589      4.75    -20.95  1.00000
  7590      4.75    -20.90  1.00000
  7591      4.75    -20.85  1.00000
  7592      4.75    -20.80  1.00000
  7593      4.75    -20.75  1.00000
  7594      4.75    -20.70  1.00000
  7595      4.75    -20.65  1.00000
  7596      4.75    -20.60  1.00000
  7597      4.75    -20.55  1.00000
  7598      4.75    -20.50  1.00000
  7599      4.75    -20.45  1.00000
  7600      4.75    -20.40  1.00000
  7601      4.75    -20.35  1.00000
  7602      4.75    -20.30  1.00000
  7603      4.75    -20.25  1.00000
  7604      4.75    -20.20  1.00000
  7605      4.75    -20.15  1.00000
  7606      4.75    -20.10  1.00000
  7607      4.75    -20.05  1.00000
  7608      4.75    -20.00  1.00000
  7609      4.75    -19.95  1.00000
  7610      4.75    -19.90  1.00000
  7611      4.75    -19.85  1.00000
  7612      4.75    -19.80  1.00000
  7613      4.75    -19.75  1.00000
  7614      4.75    -19.70  1.00000
  7615      4.75    -19.65  1.00000
  7616      4.75    -19.60  1.00000
  7617      4.75    -19.55  1.00000
  7618      4.75    -19.50  1.00000
  7619      4.75    -19.45  1.00000
  7620      4.75    -19.40  1.00000
  7621      4.75    -19.35  1.00000
  7622      4.75    -19.30  1.00000
  7623      4.75    -19.25  1.00000
  7624      4.75    -19.20  1.00000
  7625      4.75    -19.15  1.00000
  7626      4.75    -19.10  1.00000
  7627      4.75    -19.05  1.00000
  7628      4.75    -19.00  1.00000
  7629      4.75    -18.95  1.00000
  7630      4.75    -18.90  1.00000
  7631      4.75    -18.85  1.00000
  7632      4.75    -18.80  1.00000
  7633      4.75    -18.75  1.00000
  7634      4.75    -18.70  1.00000
  7635      4.75    -18.65  1.00000
  7636      4.75    -18.60  1.00000
  7637      4.75    -18.55  1.00000
  7638      4.75    -18.50  1.00000
  7639      4.75    -18.45  1.00000
  7640      4.75    -18.40  1.00000
  7641      4.75    -18.35  1.00000
  7642      4.75    -18.30  1.00000
  7643      4.75    -18.25  1.00000
  7644      4.75    -18.20  1.00000
  7645      4.75    -18.15  1.00000
  7646      4.75    -18.10  1.00000
  7647      4.75    -18.05  1.00000
  7648      4.75    -18.00  1.00000
  7649      4.75    -17.95  1.00000
  7650      4.75    -17.90  1.00000
  7651      4.75    -17.85  1.00000
  7652      4.75    -17.80  1.00000
  7653      4.75    -17.75  1.00000
  7654      4.75    -17.70  1.00000
  7655      4.75    -17.65  1.00000
  7656      4.75    -17.60  1.00000
  7657      4.75    -17.55  1.00000
  7658      4.75    -17.50  1.00000
  7659      4.75    -17.45  1.00000
  7660      4.75    -17.40  1.00000
  7661      4.75    -17.35  1.00000
  7662      4.75    -17.30  1.00000
  7663      4.75    -17.25  1.00000
  7664      4.75    -17.20  1.00000
  7665      4.75    -17.15  1.00000
  7666      4.75    -17.10  1.00000
  7667      4.75    -17.05  1.00000
  7668      4.75    -17.00  1.00000
  7669      4.75    -16.95  1.00000
  7670      4.75    -16.90  1.00000
  7671      4.75    -16.85  1.00000
  7672      4.75    -16.80  1.00000
  7673      4.75    -16.75  1.00000
  7674      4.75    -16.70  1.00000
  7675      4.75    -16.65  1.00000
  7676      4.75    -16.60  1.00000
  7677      4.75    -16.55  1.00000
  7678      4.75    -16.50  1.00000
  7679      4.75    -16.45  1.00000
  7680      4.75    -16.40  1.00000
  7681      4.75    -16.35  1.00000
  7682      4.75    -16.30  1.00000
  7683      4.75    -16.25  1.00000
  7684      4.75    -16.20  1.00000
  7685      4.75    -16.15  1.00000
  7686      4.75    -16.10  1.00000
  7687      4.75    -16.05  1.00000
  7688      4.75    -16.00  1.00000
  7689      4.75    -15.95  1.00000
  7690      4.75    -15.90  1.00000
  7691      4.75    -15.85  1.00000
  7692      4.75    -15.80  1.00000
  7693      4.75    -15.75  1.00000
  7694      4.75    -15.70  1.00000
  7695      4.75    -15.65  1.00000
  7696      4.75    -15.60  1.00000
  7697      4.75    -15.55  1.00000
  7698      4.75    -15.50  1.00000
  7699      4.75    -15.45  1.00000
  7700      4.75    -15.40  1.00000
  7701      4.75    -15.35  1.00000
  7702      4.80    -22.85  1.00000
  7703      4.80    -22.80  1.00000
  7704      4.80    -22.75  1.00000
  7705      4.80    -22.70  1.00000
  7706      4.80    -22.65  1.00000
  7707      4.80    -22.60  1.00000
  7708      4.80    -22.55  1.00000
  7709      4.80    -22.50  1.00000
  7710      4.80    -22.45  1.00000
  7711      4.80    -22.40  1.00000
  7712      4.80    -22.35  1.00000
  7713      4.80    -22.30  1.00000
  7714      4.80    -22.25  1.00000
  7715      4.80    -22.20  1.00000
  7716      4.80    -22.15  1.00000
  7717      4.80    -22.10  1.00000
  7718      4.80    -22.05  1.00000
  7719      4.80    -22.00  1.00000
  7720      4.80    -21.95  1.00000
  7721      4.80    -21.90  1.00000
  7722      4.80    -21.85  1.00000
  7723      4.80    -21.80  1.00000
  7724      4.80    -21.75  1.00000
  7725      4.80    -21.70  1.00000
  7726      4.80    -21.65  1.00000
  7727      4.80    -21.60  1.00000
  7728      4.80    -21.55  1.00000
  7729      4.80    -21.50  1.00000
  7730      4.80    -21.45  1.00000
  7731      4.80    -21.40  1.00000
  7732      4.80    -21.35  1.00000
  7733      4.80    -21.30  1.00000
  7734      4.80    -21.25  1.00000
  7735      4.80    -21.20  1.00000
  7736      4.80    -21.15  1.00000
  7737      4.80    -21.10  1.00000
  7738      4.80    -21.05  1.00000
  7739      4.80    -21.00  1.00000
  7740      4.80    -20.95  1.00000
  7741      4.80    -20.90  1.00000
  7742      4.80    -20.85  1.00000
  7743      4.80    -20.80  1.00000
  7744      4.80    -20.75  1.00000
  7745      4.80    -20.70  1.00000
  7746      4.80    -20.65  1.00000
  7747      4.80    -20.60  1.00000
  7748      4.80    -20.55  1.00000
  7749      4.80    -20.50  1.00000
  7750      4.80    -20.45  1.00000
  7751      4.80    -20.40  1.00000
  7752      4.80    -20.35  1.00000
  7753      4.80    -20.30  1.00000
  7754      4.80    -20.25  1.00000
  7755      4.80    -20.20  1.00000
  7756      4.80    -20.15  1.00000
  7757      4.80    -20.10  1.00000
  7758      4.80    -20.05  1.00000
  7759      4.80    -20.00  1.00000
  7760      4.80    -19.95  1.00000
  7761      4.80    -19.90  1.00000
  7762      4.80    -19.85  1.00000
  7763      4.80    -19.80  1.00000
  7764      4.80    -19.75  1.00000
  7765      4.80    -19.70  1.00000
  7766      4.80    -19.65  1.00000
  7767      4.80    -19.60  1.00000
  7768      4.80    -19.55  1.00000
  7769      4.80    -19.50  1.00000
  7770      4.80    -19.45  1.00000
  7771      4.80    -19.40  1.00000
  7772      4.80    -19.35  1.00000
  7773      4.80    -19.30  1.00000
  7774      4.80    -19.25  1.00000
  7775      4.80    -19.20  1.00000
  7776      4.80    -19.15  1.00000
  7777      4.80    -19.10  1.00000
  7778      4.80    -19.05  1.00000
  7779      4.80    -19.00  1.00000
  7780      4.80    -18.95  1.00000
  7781      4.80    -18.90  1.00000
  7782      4.80    -18.85  1.00000
  7783      4.80    -18.80  1.00000
  7784      4.80    -18.75  1.00000
  7785      4.80    -18.70  1.00000
  7786      4.80    -18.65  1.00000
  7787      4.80    -18.60  1.00000
  7788      4.80    -18.55  1.00000
  7789      4.80    -18.50  1.00000
  7790      4.80    -18.45  1.00000
  7791      4.80    -18.40  1.00000
  7792      4.80    -18.35  1.00000
  7793      4.80    -18.30  1.00000
  7794      4.80    -18.25  1.00000
  7795      4.80    -18.20  1.00000
  7796      4.80    -18.15  1.00000
  7797      4.80    -18.10  1.00000
  7798      4.80    -18.05  1.00000
  7799      4.80    -18.00  1.00000
  7800      4.80    -17.95  1.00000
  7801      4.80    -17.90  1.00000
  7802      4.80    -17.85  1.00000
  7803      4.80    -17.80  1.00000
  7804      4.80    -17.75  1.00000
  7805      4.80    -17.70  1.00000
  7806      4.80    -17.65  1.00000
  7807      4.80    -17.60  1.00000
  7808      4.80    -17.55  1.00000
  7809      4.80    -17.50  1.00000
  7810      4.80    -17.45  1.00000
  7811      4.80    -17.40  1.00000
  7812      4.80    -17.35  1.00000
  7813      4.80    -17.30  1.00000
  7814      4.80    -17.25  1.00000
  7815      4.80    -17.20  1.00000
  7816      4.80    -17.15  1.00000
  7817      4.80    -17.10  1.00000
  7818      4.80    -17.05  1.00000
  7819      4.80    -17.00  1.00000
  7820      4.80    -16.95  1.00000
  7821      4.80    -16.90  1.00000
  7822      4.80    -16.85  1.00000
  7823      4.80    -16.80  1.00000
  7824      4.80    -16.75  1.00000
  7825      4.80    -16.70  1.00000
  7826      4.80    -16.65  1.00000
  7827      4.80    -16.60  1.00000
  7828      4.80    -16.55  1.00000
  7829      4.80    -16.50  1.00000
  7830      4.80    -16.45  1.00000
  7831      4.80    -16.40  1.00000
  7832      4.80    -16.35  1.00000
  7833      4.80    -16.30  1.00000
  7834      4.80    -16.25  1.00000
  7835      4.80    -16.20  1.00000
  7836      4.80    -16.15  1.00000
  7837      4.80    -16.10  1.00000
  7838      4.80    -16.05  1.00000
  7839      4.80    -16.00  1.00000
  7840      4.80    -15.95  1.00000
  7841      4.80    -15.90  1.00000
  7842      4.80    -15.85  1.00000
  7843      4.80    -15.80  1.00000
  7844      4.80    -15.75  1.00000
  7845      4.80    -15.70  1.00000
  7846      4.80    -15.65  1.00000
  7847      4.80    -15.60  1.00000
  7848      4.80    -15.55  1.00000
  7849      4.80    -15.50  1.00000
  7850      4.80    -15.45  1.00000
  7851      4.80    -15.40  1.00000
  7852      4.80    -15.35  1.00000
  7853      4.85    -22.85  1.00000
  7854      4.85    -22.80  1.00000
  7855      4.85    -22.75  1.00000
  7856      4.85    -22.70  1.00000
  7857      4.85    -22.65  1.00000
  7858      4.85    -22.60  1.00000
  7859      4.85    -22.55  1.00000
  7860      4.85    -22.50  1.00000
  7861      4.85    -22.45  1.00000
  7862      4.85    -22.40  1.00000
  7863      4.85    -22.35  1.00000
  7864      4.85    -22.30  1.00000
  7865      4.85    -22.25  1.00000
  7866      4.85    -22.20  1.00000
  7867      4.85    -22.15  1.00000
  7868      4.85    -22.10  1.00000
  7869      4.85    -22.05  1.00000
  7870      4.85    -22.00  1.00000
  7871      4.85    -21.95  1.00000
  7872      4.85    -21.90  1.00000
  7873      4.85    -21.85  1.00000
  7874      4.85    -21.80  1.00000
  7875      4.85    -21.75  1.00000
  7876      4.85    -21.70  1.00000
  7877      4.85    -21.65  1.00000
  7878      4.85    -21.60  1.00000
  7879      4.85    -21.55  1.00000
  7880      4.85    -21.50  1.00000
  7881      4.85    -21.45  1.00000
  7882      4.85    -21.40  1.00000
  7883      4.85    -21.35  1.00000
  7884      4.85    -21.30  1.00000
  7885      4.85    -21.25  1.00000
  7886      4.85    -21.20  1.00000
  7887      4.85    -21.15  1.00000
  7888      4.85    -21.10  1.00000
  7889      4.85    -21.05  1.00000
  7890      4.85    -21.00  1.00000
  7891      4.85    -20.95  1.00000
  7892      4.85    -20.90  1.00000
  7893      4.85    -20.85  1.00000
  7894      4.85    -20.80  1.00000
  7895      4.85    -20.75  1.00000
  7896      4.85    -20.70  1.00000
  7897      4.85    -20.65  1.00000
  7898      4.85    -20.60  1.00000
  7899      4.85    -20.55  1.00000
  7900      4.85    -20.50  1.00000
  7901      4.85    -20.45  1.00000
  7902      4.85    -20.40  1.00000
  7903      4.85    -20.35  1.00000
  7904      4.85    -20.30  1.00000
  7905      4.85    -20.25  1.00000
  7906      4.85    -20.20  1.00000
  7907      4.85    -20.15  1.00000
  7908      4.85    -20.10  1.00000
  7909      4.85    -20.05  1.00000
  7910      4.85    -20.00  1.00000
  7911      4.85    -19.95  1.00000
  7912      4.85    -19.90  1.00000
  7913      4.85    -19.85  1.00000
  7914      4.85    -19.80  1.00000
  7915      4.85    -19.75  1.00000
  7916      4.85    -19.70  1.00000
  7917      4.85    -19.65  1.00000
  7918      4.85    -19.60  1.00000
  7919      4.85    -19.55  1.00000
  7920      4.85    -19.50  1.00000
  7921      4.85    -19.45  1.00000
  7922      4.85    -19.40  1.00000
  7923      4.85    -19.35  1.00000
  7924      4.85    -19.30  1.00000
  7925      4.85    -19.25  1.00000
  7926      4.85    -19.20  1.00000
  7927      4.85    -19.15  1.00000
  7928      4.85    -19.10  1.00000
  7929      4.85    -19.05  1.00000
  7930      4.85    -19.00  1.00000
  7931      4.85    -18.95  1.00000
  7932      4.85    -18.90  1.00000
  7933      4.85    -18.85  1.00000
  7934      4.85    -18.80  1.00000
  7935      4.85    -18.75  1.00000
  7936      4.85    -18.70  1.00000
  7937      4.85    -18.65  1.00000
  7938      4.85    -18.60  1.00000
  7939      4.85    -18.55  1.00000
  7940      4.85    -18.50  1.00000
  7941      4.85    -18.45  1.00000
  7942      4.85    -18.40  1.00000
  7943      4.85    -18.35  1.00000
  7944      4.85    -18.30  1.00000
  7945      4.85    -18.25  1.00000
  7946      4.85    -18.20  1.00000
  7947      4.85    -18.15  1.00000
  7948      4.85    -18.10  1.00000
  7949      4.85    -18.05  1.00000
  7950      4.85    -18.00  1.00000
  7951      4.85    -17.95  1.00000
  7952      4.85    -17.90  1.00000
  7953      4.85    -17.85  1.00000
  7954      4.85    -17.80  1.00000
  7955      4.85    -17.75  1.00000
  7956      4.85    -17.70  1.00000
  7957      4.85    -17.65  1.00000
  7958      4.85    -17.60  1.00000
  7959      4.85    -17.55  1.00000
  7960      4.85    -17.50  1.00000
  7961      4.85    -17.45  1.00000
  7962      4.85    -17.40  1.00000
  7963      4.85    -17.35  1.00000
  7964      4.85    -17.30  1.00000
  7965      4.85    -17.25  1.00000
  7966      4.85    -17.20  1.00000
  7967      4.85    -17.15  1.00000
  7968      4.85    -17.10  1.00000
  7969      4.85    -17.05  1.00000
  7970      4.85    -17.00  1.00000
  7971      4.85    -16.95  1.00000
  7972      4.85    -16.90  1.00000
  7973      4.85    -16.85  1.00000
  7974      4.85    -16.80  1.00000
  7975      4.85    -16.75  1.00000
  7976      4.85    -16.70  1.00000
  7977      4.85    -16.65  1.00000
  7978      4.85    -16.60  1.00000
  7979      4.85    -16.55  1.00000
  7980      4.85    -16.50  1.00000
  7981      4.85    -16.45  1.00000
  7982      4.85    -16.40  1.00000
  7983      4.85    -16.35  1.00000
  7984      4.85    -16.30  1.00000
  7985      4.85    -16.25  1.00000
  7986      4.85    -16.20  1.00000
  7987      4.85    -16.15  1.00000
  7988      4.85    -16.10  1.00000
  7989      4.85    -16.05  1.00000
  7990      4.85    -16.00  1.00000
  7991      4.85    -15.95  1.00000
  7992      4.85    -15.90  1.00000
  7993      4.85    -15.85  1.00000
  7994      4.85    -15.80  1.00000
  7995      4.85    -15.75  1.00000
  7996      4.85    -15.70  1.00000
  7997      4.85    -15.65  1.00000
  7998      4.85    -15.60  1.00000
  7999      4.85    -15.55  1.00000
  8000      4.85    -15.50  1.00000
  8001      4.85    -15.45  1.00000
  8002      4.85    -15.40  1.00000
  8003      4.85    -15.35  1.00000
  8004      4.90    -22.85  1.00000
  8005      4.90    -22.80  1.00000
  8006      4.90    -22.75  1.00000
  8007      4.90    -22.70  1.00000
  8008      4.90    -22.65  1.00000
  8009      4.90    -22.60  1.00000
  8010      4.90    -22.55  1.00000
  8011      4.90    -22.50  1.00000
  8012      4.90    -22.45  1.00000
  8013      4.90    -22.40  1.00000
  8014      4.90    -22.35  1.00000
  8015      4.90    -22.30  1.00000
  8016      4.90    -22.25  1.00000
  8017      4.90    -22.20  1.00000
  8018      4.90    -22.15  1.00000
  8019      4.90    -22.10  1.00000
  8020      4.90    -22.05  1.00000
  8021      4.90    -22.00  1.00000
  8022      4.90    -21.95  1.00000
  8023      4.90    -21.90  1.00000
  8024      4.90    -21.85  1.00000
  8025      4.90    -21.80  1.00000
  8026      4.90    -21.75  1.00000
  8027      4.90    -21.70  1.00000
  8028      4.90    -21.65  1.00000
  8029      4.90    -21.60  1.00000
  8030      4.90    -21.55  1.00000
  8031      4.90    -21.50  1.00000
  8032      4.90    -21.45  1.00000
  8033      4.90    -21.40  1.00000
  8034      4.90    -21.35  1.00000
  8035      4.90    -21.30  1.00000
  8036      4.90    -21.25  1.00000
  8037      4.90    -21.20  1.00000
  8038      4.90    -21.15  1.00000
  8039      4.90    -21.10  1.00000
  8040      4.90    -21.05  1.00000
  8041      4.90    -21.00  1.00000
  8042      4.90    -20.95  1.00000
  8043      4.90    -20.90  1.00000
  8044      4.90    -20.85  1.00000
  8045      4.90    -20.80  1.00000
  8046      4.90    -20.75  1.00000
  8047      4.90    -20.70  1.00000
  8048      4.90    -20.65  1.00000
  8049      4.90    -20.60  1.00000
  8050      4.90    -20.55  1.00000
  8051      4.90    -20.50  1.00000
  8052      4.90    -20.45  1.00000
  8053      4.90    -20.40  1.00000
  8054      4.90    -20.35  1.00000
  8055      4.90    -20.30  1.00000
  8056      4.90    -20.25  1.00000
  8057      4.90    -20.20  1.00000
  8058      4.90    -20.15  1.00000
  8059      4.90    -20.10  1.00000
  8060      4.90    -20.05  1.00000
  8061      4.90    -20.00  1.00000
  8062      4.90    -19.95  1.00000
  8063      4.90    -19.90  1.00000
  8064      4.90    -19.85  1.00000
  8065      4.90    -19.80  1.00000
  8066      4.90    -19.75  1.00000
  8067      4.90    -19.70  1.00000
  8068      4.90    -19.65  1.00000
  8069      4.90    -19.60  1.00000
  8070      4.90    -19.55  1.00000
  8071      4.90    -19.50  1.00000
  8072      4.90    -19.45  1.00000
  8073      4.90    -19.40  1.00000
  8074      4.90    -19.35  1.00000
  8075      4.90    -19.30  1.00000
  8076      4.90    -19.25  1.00000
  8077      4.90    -19.20  1.00000
  8078      4.90    -19.15  1.00000
  8079      4.90    -19.10  1.00000
  8080      4.90    -19.05  1.00000
  8081      4.90    -19.00  1.00000
  8082      4.90    -18.95  1.00000
  8083      4.90    -18.90  1.00000
  8084      4.90    -18.85  1.00000
  8085      4.90    -18.80  1.00000
  8086      4.90    -18.75  1.00000
  8087      4.90    -18.70  1.00000
  8088      4.90    -18.65  1.00000
  8089      4.90    -18.60  1.00000
  8090      4.90    -18.55  1.00000
  8091      4.90    -18.50  1.00000
  8092      4.90    -18.45  1.00000
  8093      4.90    -18.40  1.00000
  8094      4.90    -18.35  1.00000
  8095      4.90    -18.30  1.00000
  8096      4.90    -18.25  1.00000
  8097      4.90    -18.20  1.00000
  8098      4.90    -18.15  1.00000
  8099      4.90    -18.10  1.00000
  8100      4.90    -18.05  1.00000
  8101      4.90    -18.00  1.00000
  8102      4.90    -17.95  1.00000
  8103      4.90    -17.90  1.00000
  8104      4.90    -17.85  1.00000
  8105      4.90    -17.80  1.00000
  8106      4.90    -17.75  1.00000
  8107      4.90    -17.70  1.00000
  8108      4.90    -17.65  1.00000
  8109      4.90    -17.60  1.00000
  8110      4.90    -17.55  1.00000
  8111      4.90    -17.50  1.00000
  8112      4.90    -17.45  1.00000
  8113      4.90    -17.40  1.00000
  8114      4.90    -17.35  1.00000
  8115      4.90    -17.30  1.00000
  8116      4.90    -17.25  1.00000
  8117      4.90    -17.20  1.00000
  8118      4.90    -17.15  1.00000
  8119      4.90    -17.10  1.00000
  8120      4.90    -17.05  1.00000
  8121      4.90    -17.00  1.00000
  8122      4.90    -16.95  1.00000
  8123      4.90    -16.90  1.00000
  8124      4.90    -16.85  1.00000
  8125      4.90    -16.80  1.00000
  8126      4.90    -16.75  1.00000
  8127      4.90    -16.70  1.00000
  8128      4.90    -16.65  1.00000
  8129      4.90    -16.60  1.00000
  8130      4.90    -16.55  1.00000
  8131      4.90    -16.50  1.00000
  8132      4.90    -16.45  1.00000
  8133      4.90    -16.40  1.00000
  8134      4.90    -16.35  1.00000
  8135      4.90    -16.30  1.00000
  8136      4.90    -16.25  1.00000
  8137      4.90    -16.20  1.00000
  8138      4.90    -16.15  1.00000
  8139      4.90    -16.10  1.00000
  8140      4.90    -16.05  1.00000
  8141      4.90    -16.00  1.00000
  8142      4.90    -15.95  1.00000
  8143      4.90    -15.90  1.00000
  8144      4.90    -15.85  1.00000
  8145      4.90    -15.80  1.00000
  8146      4.90    -15.75  1.00000
  8147      4.90    -15.70  1.00000
  8148      4.90    -15.65  1.00000
  8149      4.90    -15.60  1.00000
  8150      4.90    -15.55  1.00000
  8151      4.90    -15.50  1.00000
  8152      4.90    -15.45  1.00000
  8153      4.90    -15.40  1.00000
  8154      4.90    -15.35  1.00000
  8155      4.95    -22.85  1.00000
  8156      4.95    -22.80  1.00000
  8157      4.95    -22.75  1.00000
  8158      4.95    -22.70  1.00000
  8159      4.95    -22.65  1.00000
  8160      4.95    -22.60  1.00000
  8161      4.95    -22.55  1.00000
  8162      4.95    -22.50  1.00000
  8163      4.95    -22.45  1.00000
  8164      4.95    -22.40  1.00000
  8165      4.95    -22.35  1.00000
  8166      4.95    -22.30  1.00000
  8167      4.95    -22.25  1.00000
  8168      4.95    -22.20  1.00000
  8169      4.95    -22.15  1.00000
  8170      4.95    -22.10  1.00000
  8171      4.95    -22.05  1.00000
  8172      4.95    -22.00  1.00000
  8173      4.95    -21.95  1.00000
  8174      4.95    -21.90  1.00000
  8175      4.95    -21.85  1.00000
  8176      4.95    -21.80  1.00000
  8177      4.95    -21.75  1.00000
  8178      4.95    -21.70  1.00000
  8179      4.95    -21.65  1.00000
  8180      4.95    -21.60  1.00000
  8181      4.95    -21.55  1.00000
  8182      4.95    -21.50  1.00000
  8183      4.95    -21.45  1.00000
  8184      4.95    -21.40  1.00000
  8185      4.95    -21.35  1.00000
  8186      4.95    -21.30  1.00000
  8187      4.95    -21.25  1.00000
  8188      4.95    -21.20  1.00000
  8189      4.95    -21.15  1.00000
  8190      4.95    -21.10  1.00000
  8191      4.95    -21.05  1.00000
  8192      4.95    -21.00  1.00000
  8193      4.95    -20.95  1.00000
  8194      4.95    -20.90  1.00000
  8195      4.95    -20.85  1.00000
  8196      4.95    -20.80  1.00000
  8197      4.95    -20.75  1.00000
  8198      4.95    -20.70  1.00000
  8199      4.95    -20.65  1.00000
  8200      4.95    -20.60  1.00000
  8201      4.95    -20.55  1.00000
  8202      4.95    -20.50  1.00000
  8203      4.95    -20.45  1.00000
  8204      4.95    -20.40  1.00000
  8205      4.95    -20.35  1.00000
  8206      4.95    -20.30  1.00000
  8207      4.95    -20.25  1.00000
  8208      4.95    -20.20  1.00000
  8209      4.95    -20.15  1.00000
  8210      4.95    -20.10  1.00000
  8211      4.95    -20.05  1.00000
  8212      4.95    -20.00  1.00000
  8213      4.95    -19.95  1.00000
  8214      4.95    -19.90  1.00000
  8215      4.95    -19.85  1.00000
  8216      4.95    -19.80  1.00000
  8217      4.95    -19.75  1.00000
  8218      4.95    -19.70  1.00000
  8219      4.95    -19.65  1.00000
  8220      4.95    -19.60  1.00000
  8221      4.95    -19.55  1.00000
  8222      4.95    -19.50  1.00000
  8223      4.95    -19.45  1.00000
  8224      4.95    -19.40  1.00000
  8225      4.95    -19.35  1.00000
  8226      4.95    -19.30  1.00000
  8227      4.95    -19.25  1.00000
  8228      4.95    -19.20  1.00000
  8229      4.95    -19.15  1.00000
  8230      4.95    -19.10  1.00000
  8231      4.95    -19.05  1.00000
  8232      4.95    -19.00  1.00000
  8233      4.95    -18.95  1.00000
  8234      4.95    -18.90  1.00000
  8235      4.95    -18.85  1.00000
  8236      4.95    -18.80  1.00000
  8237      4.95    -18.75  1.00000
  8238      4.95    -18.70  1.00000
  8239      4.95    -18.65  1.00000
  8240      4.95    -18.60  1.00000
  8241      4.95    -18.55  1.00000
  8242      4.95    -18.50  1.00000
  8243      4.95    -18.45  1.00000
  8244      4.95    -18.40  1.00000
  8245      4.95    -18.35  1.00000
  8246      4.95    -18.30  1.00000
  8247      4.95    -18.25  1.00000
  8248      4.95    -18.20  1.00000
  8249      4.95    -18.15  1.00000
  8250      4.95    -18.10  1.00000
  8251      4.95    -18.05  1.00000
  8252      4.95    -18.00  1.00000
  8253      4.95    -17.95  1.00000
  8254      4.95    -17.90  1.00000
  8255      4.95    -17.85  1.00000
  8256      4.95    -17.80  1.00000
  8257      4.95    -17.75  1.00000
  8258      4.95    -17.70  1.00000
  8259      4.95    -17.65  1.00000
  8260      4.95    -17.60  1.00000
  8261      4.95    -17.55  1.00000
  8262      4.95    -17.50  1.00000
  8263      4.95    -17.45  1.00000
  8264      4.95    -17.40  1.00000
  8265      4.95    -17.35  1.00000
  8266      4.95    -17.30  1.00000
  8267      4.95    -17.25  1.00000
  8268      4.95    -17.20  1.00000
  8269      4.95    -17.15  1.00000
  8270      4.95    -17.10  1.00000
  8271      4.95    -17.05  1.00000
  8272      4.95    -17.00  1.00000
  8273      4.95    -16.95  1.00000
  8274      4.95    -16.90  1.00000
  8275      4.95    -16.85  1.00000
  8276      4.95    -16.80  1.00000
  8277      4.95    -16.75  1.00000
  8278      4.95    -16.70  1.00000
  8279      4.95    -16.65  1.00000
  8280      4.95    -16.60  1.00000
  8281      4.95    -16.55  1.00000
  8282      4.95    -16.50  1.00000
  8283      4.95    -16.45  1.00000
  8284      4.95    -16.40  1.00000
  8285      4.95    -16.35  1.00000
  8286      4.95    -16.30  1.00000
  8287      4.95    -16.25  1.00000
  8288      4.95    -16.20  1.00000
  8289      4.95    -16.15  1.00000
  8290      4.95    -16.10  1.00000
  8291      4.95    -16.05  1.00000
  8292      4.95    -16.00  1.00000
  8293      4.95    -15.95  1.00000
  8294      4.95    -15.90  1.00000
  8295      4.95    -15.85  1.00000
  8296      4.95    -15.80  1.00000
  8297      4.95    -15.75  1.00000
  8298      4.95    -15.70  1.00000
  8299      4.95    -15.65  1.00000
  8300      4.95    -15.60  1.00000
  8301      4.95    -15.55  1.00000
  8302      4.95    -15.50  1.00000
  8303      4.95    -15.45  1.00000
  8304      4.95    -15.40  1.00000
  8305      4.95    -15.35  1.00000
  8306      5.00    -22.85  1.00000
  8307      5.00    -22.80  1.00000
  8308      5.00    -22.75  1.00000
  8309      5.00    -22.70  1.00000
  8310      5.00    -22.65  1.00000
  8311      5.00    -22.60  1.00000
  8312      5.00    -22.55  1.00000
  8313      5.00    -22.50  1.00000
  8314      5.00    -22.45  1.00000
  8315      5.00    -22.40  1.00000
  8316      5.00    -22.35  1.00000
  8317      5.00    -22.30  1.00000
  8318      5.00    -22.25  1.00000
  8319      5.00    -22.20  1.00000
  8320      5.00    -22.15  1.00000
  8321      5.00    -22.10  1.00000
  8322      5.00    -22.05  1.00000
  8323      5.00    -22.00  1.00000
  8324      5.00    -21.95  1.00000
  8325      5.00    -21.90  1.00000
  8326      5.00    -21.85  1.00000
  8327      5.00    -21.80  1.00000
  8328      5.00    -21.75  1.00000
  8329      5.00    -21.70  1.00000
  8330      5.00    -21.65  1.00000
  8331      5.00    -21.60  1.00000
  8332      5.00    -21.55  1.00000
  8333      5.00    -21.50  1.00000
  8334      5.00    -21.45  1.00000
  8335      5.00    -21.40  1.00000
  8336      5.00    -21.35  1.00000
  8337      5.00    -21.30  1.00000
  8338      5.00    -21.25  1.00000
  8339      5.00    -21.20  1.00000
  8340      5.00    -21.15  1.00000
  8341      5.00    -21.10  1.00000
  8342      5.00    -21.05  1.00000
  8343      5.00    -21.00  1.00000
  8344      5.00    -20.95  1.00000
  8345      5.00    -20.90  1.00000
  8346      5.00    -20.85  1.00000
  8347      5.00    -20.80  1.00000
  8348      5.00    -20.75  1.00000
  8349      5.00    -20.70  1.00000
  8350      5.00    -20.65  1.00000
  8351      5.00    -20.60  1.00000
  8352      5.00    -20.55  1.00000
  8353      5.00    -20.50  1.00000
  8354      5.00    -20.45  1.00000
  8355      5.00    -20.40  1.00000
  8356      5.00    -20.35  1.00000
  8357      5.00    -20.30  1.00000
  8358      5.00    -20.25  1.00000
  8359      5.00    -20.20  1.00000
  8360      5.00    -20.15  1.00000
  8361      5.00    -20.10  1.00000
  8362      5.00    -20.05  1.00000
  8363      5.00    -20.00  1.00000
  8364      5.00    -19.95  1.00000
  8365      5.00    -19.90  1.00000
  8366      5.00    -19.85  1.00000
  8367      5.00    -19.80  1.00000
  8368      5.00    -19.75  1.00000
  8369      5.00    -19.70  1.00000
  8370      5.00    -19.65  1.00000
  8371      5.00    -19.60  1.00000
  8372      5.00    -19.55  1.00000
  8373      5.00    -19.50  1.00000
  8374      5.00    -19.45  1.00000
  8375      5.00    -19.40  1.00000
  8376      5.00    -19.35  1.00000
  8377      5.00    -19.30  1.00000
  8378      5.00    -19.25  1.00000
  8379      5.00    -19.20  1.00000
  8380      5.00    -19.15  1.00000
  8381      5.00    -19.10  1.00000
  8382      5.00    -19.05  1.00000
  8383      5.00    -19.00  1.00000
  8384      5.00    -18.95  1.00000
  8385      5.00    -18.90  1.00000
  8386      5.00    -18.85  1.00000
  8387      5.00    -18.80  1.00000
  8388      5.00    -18.75  1.00000
  8389      5.00    -18.70  1.00000
  8390      5.00    -18.65  1.00000
  8391      5.00    -18.60  1.00000
  8392      5.00    -18.55  1.00000
  8393      5.00    -18.50  1.00000
  8394      5.00    -18.45  1.00000
  8395      5.00    -18.40  1.00000
  8396      5.00    -18.35  1.00000
  8397      5.00    -18.30  1.00000
  8398      5.00    -18.25  1.00000
  8399      5.00    -18.20  1.00000
  8400      5.00    -18.15  1.00000
  8401      5.00    -18.10  1.00000
  8402      5.00    -18.05  1.00000
  8403      5.00    -18.00  1.00000
  8404      5.00    -17.95  1.00000
  8405      5.00    -17.90  1.00000
  8406      5.00    -17.85  1.00000
  8407      5.00    -17.80  1.00000
  8408      5.00    -17.75  1.00000
  8409      5.00    -17.70  1.00000
  8410      5.00    -17.65  1.00000
  8411      5.00    -17.60  1.00000
  8412      5.00    -17.55  1.00000
  8413      5.00    -17.50  1.00000
  8414      5.00    -17.45  1.00000
  8415      5.00    -17.40  1.00000
  8416      5.00    -17.35  1.00000
  8417      5.00    -17.30  1.00000
  8418      5.00    -17.25  1.00000
  8419      5.00    -17.20  1.00000
  8420      5.00    -17.15  1.00000
  8421      5.00    -17.10  1.00000
  8422      5.00    -17.05  1.00000
  8423      5.00    -17.00  1.00000
  8424      5.00    -16.95  1.00000
  8425      5.00    -16.90  1.00000
  8426      5.00    -16.85  1.00000
  8427      5.00    -16.80  1.00000
  8428      5.00    -16.75  1.00000
  8429      5.00    -16.70  1.00000
  8430      5.00    -16.65  1.00000
  8431      5.00    -16.60  1.00000
  8432      5.00    -16.55  1.00000
  8433      5.00    -16.50  1.00000
  8434      5.00    -16.45  1.00000
  8435      5.00    -16.40  1.00000
  8436      5.00    -16.35  1.00000
  8437      5.00    -16.30  1.00000
  8438      5.00    -16.25  1.00000
  8439      5.00    -16.20  1.00000
  8440      5.00    -16.15  1.00000
  8441      5.00    -16.10  1.00000
  8442      5.00    -16.05  1.00000
  8443      5.00    -16.00  1.00000
  8444      5.00    -15.95  1.00000
  8445      5.00    -15.90  1.00000
  8446      5.00    -15.85  1.00000
  8447      5.00    -15.80  1.00000
  8448      5.00    -15.75  1.00000
  8449      5.00    -15.70  1.00000
  8450      5.00    -15.65  1.00000
  8451      5.00    -15.60  1.00000
  8452      5.00    -15.55  1.00000
  8453      5.00    -15.50  1.00000
  8454      5.00    -15.45  1.00000
  8455      5.00    -15.40  1.00000
  8456      5.00    -15.35  1.00000
  8457      5.05    -22.85  1.00000
  8458      5.05    -22.80  1.00000
  8459      5.05    -22.75  1.00000
  8460      5.05    -22.70  1.00000
  8461      5.05    -22.65  1.00000
  8462      5.05    -22.60  1.00000
  8463      5.05    -22.55  1.00000
  8464      5.05    -22.50  1.00000
  8465      5.05    -22.45  1.00000
  8466      5.05    -22.40  1.00000
  8467      5.05    -22.35  1.00000
  8468      5.05    -22.30  1.00000
  8469      5.05    -22.25  1.00000
  8470      5.05    -22.20  1.00000
  8471      5.05    -22.15  1.00000
  8472      5.05    -22.10  1.00000
  8473      5.05    -22.05  1.00000
  8474      5.05    -22.00  1.00000
  8475      5.05    -21.95  1.00000
  8476      5.05    -21.90  1.00000
  8477      5.05    -21.85  1.00000
  8478      5.05    -21.80  1.00000
  8479      5.05    -21.75  1.00000
  8480      5.05    -21.70  1.00000
  8481      5.05    -21.65  1.00000
  8482      5.05    -21.60  1.00000
  8483      5.05    -21.55  1.00000
  8484      5.05    -21.50  1.00000
  8485      5.05    -21.45  1.00000
  8486      5.05    -21.40  1.00000
  8487      5.05    -21.35  1.00000
  8488      5.05    -21.30  1.00000
  8489      5.05    -21.25  1.00000
  8490      5.05    -21.20  1.00000
  8491      5.05    -21.15  1.00000
  8492      5.05    -21.10  1.00000
  8493      5.05    -21.05  1.00000
  8494      5.05    -21.00  1.00000
  8495      5.05    -20.95  1.00000
  8496      5.05    -20.90  1.00000
  8497      5.05    -20.85  1.00000
  8498      5.05    -20.80  1.00000
  8499      5.05    -20.75  1.00000
  8500      5.05    -20.70  1.00000
  8501      5.05    -20.65  1.00000
  8502      5.05    -20.60  1.00000
  8503      5.05    -20.55  1.00000
  8504      5.05    -20.50  1.00000
  8505      5.05    -20.45  1.00000
  8506      5.05    -20.40  1.00000
  8507      5.05    -20.35  1.00000
  8508      5.05    -20.30  1.00000
  8509      5.05    -20.25  1.00000
  8510      5.05    -20.20  1.00000
  8511      5.05    -20.15  1.00000
  8512      5.05    -20.10  1.00000
  8513      5.05    -20.05  1.00000
  8514      5.05    -20.00  1.00000
  8515      5.05    -19.95  1.00000
  8516      5.05    -19.90  1.00000
  8517      5.05    -19.85  1.00000
  8518      5.05    -19.80  1.00000
  8519      5.05    -19.75  1.00000
  8520      5.05    -19.70  1.00000
  8521      5.05    -19.65  1.00000
  8522      5.05    -19.60  1.00000
  8523      5.05    -19.55  1.00000
  8524      5.05    -19.50  1.00000
  8525      5.05    -19.45  1.00000
  8526      5.05    -19.40  1.00000
  8527      5.05    -19.35  1.00000
  8528      5.05    -19.30  1.00000
  8529      5.05    -19.25  1.00000
  8530      5.05    -19.20  1.00000
  8531      5.05    -19.15  1.00000
  8532      5.05    -19.10  1.00000
  8533      5.05    -19.05  1.00000
  8534      5.05    -19.00  1.00000
  8535      5.05    -18.95  1.00000
  8536      5.05    -18.90  1.00000
  8537      5.05    -18.85  1.00000
  8538      5.05    -18.80  1.00000
  8539      5.05    -18.75  1.00000
  8540      5.05    -18.70  1.00000
  8541      5.05    -18.65  1.00000
  8542      5.05    -18.60  1.00000
  8543      5.05    -18.55  1.00000
  8544      5.05    -18.50  1.00000
  8545      5.05    -18.45  1.00000
  8546      5.05    -18.40  1.00000
  8547      5.05    -18.35  1.00000
  8548      5.05    -18.30  1.00000
  8549      5.05    -18.25  1.00000
  8550      5.05    -18.20  1.00000
  8551      5.05    -18.15  1.00000
  8552      5.05    -18.10  1.00000
  8553      5.05    -18.05  1.00000
  8554      5.05    -18.00  1.00000
  8555      5.05    -17.95  1.00000
  8556      5.05    -17.90  1.00000
  8557      5.05    -17.85  1.00000
  8558      5.05    -17.80  1.00000
  8559      5.05    -17.75  1.00000
  8560      5.05    -17.70  1.00000
  8561      5.05    -17.65  1.00000
  8562      5.05    -17.60  1.00000
  8563      5.05    -17.55  1.00000
  8564      5.05    -17.50  1.00000
  8565      5.05    -17.45  1.00000
  8566      5.05    -17.40  1.00000
  8567      5.05    -17.35  1.00000
  8568      5.05    -17.30  1.00000
  8569      5.05    -17.25  1.00000
  8570      5.05    -17.20  1.00000
  8571      5.05    -17.15  1.00000
  8572      5.05    -17.10  1.00000
  8573      5.05    -17.05  1.00000
  8574      5.05    -17.00  1.00000
  8575      5.05    -16.95  1.00000
  8576      5.05    -16.90  1.00000
  8577      5.05    -16.85  1.00000
  8578      5.05    -16.80  1.00000
  8579      5.05    -16.75  1.00000
  8580      5.05    -16.70  1.00000
  8581      5.05    -16.65  1.00000
  8582      5.05    -16.60  1.00000
  8583      5.05    -16.55  1.00000
  8584      5.05    -16.50  1.00000
  8585      5.05    -16.45  1.00000
  8586      5.05    -16.40  1.00000
  8587      5.05    -16.35  1.00000
  8588      5.05    -16.30  1.00000
  8589      5.05    -16.25  1.00000
  8590      5.05    -16.20  1.00000
  8591      5.05    -16.15  1.00000
  8592      5.05    -16.10  1.00000
  8593      5.05    -16.05  1.00000
  8594      5.05    -16.00  1.00000
  8595      5.05    -15.95  1.00000
  8596      5.05    -15.90  1.00000
  8597      5.05    -15.85  1.00000
  8598      5.05    -15.80  1.00000
  8599      5.05    -15.75  1.00000
  8600      5.05    -15.70  1.00000
  8601      5.05    -15.65  1.00000
  8602      5.05    -15.60  1.00000
  8603      5.05    -15.55  1.00000
  8604      5.05    -15.50  1.00000
  8605      5.05    -15.45  1.00000
  8606      5.05    -15.40  1.00000
  8607      5.05    -15.35  1.00000
  8608      5.10    -22.85  1.00000
  8609      5.10    -22.80  1.00000
  8610      5.10    -22.75  1.00000
  8611      5.10    -22.70  1.00000
  8612      5.10    -22.65  1.00000
  8613      5.10    -22.60  1.00000
  8614      5.10    -22.55  1.00000
  8615      5.10    -22.50  1.00000
  8616      5.10    -22.45  1.00000
  8617      5.10    -22.40  1.00000
  8618      5.10    -22.35  1.00000
  8619      5.10    -22.30  1.00000
  8620      5.10    -22.25  1.00000
  8621      5.10    -22.20  1.00000
  8622      5.10    -22.15  1.00000
  8623      5.10    -22.10  1.00000
  8624      5.10    -22.05  1.00000
  8625      5.10    -22.00  1.00000
  8626      5.10    -21.95  1.00000
  8627      5.10    -21.90  1.00000
  8628      5.10    -21.85  1.00000
  8629      5.10    -21.80  1.00000
  8630      5.10    -21.75  1.00000
  8631      5.10    -21.70  1.00000
  8632      5.10    -21.65  1.00000
  8633      5.10    -21.60  1.00000
  8634      5.10    -21.55  1.00000
  8635      5.10    -21.50  1.00000
  8636      5.10    -21.45  1.00000
  8637      5.10    -21.40  1.00000
  8638      5.10    -21.35  1.00000
  8639      5.10    -21.30  1.00000
  8640      5.10    -21.25  1.00000
  8641      5.10    -21.20  1.00000
  8642      5.10    -21.15  1.00000
  8643      5.10    -21.10  1.00000
  8644      5.10    -21.05  1.00000
  8645      5.10    -21.00  1.00000
  8646      5.10    -20.95  1.00000
  8647      5.10    -20.90  1.00000
  8648      5.10    -20.85  1.00000
  8649      5.10    -20.80  1.00000
  8650      5.10    -20.75  1.00000
  8651      5.10    -20.70  1.00000
  8652      5.10    -20.65  1.00000
  8653      5.10    -20.60  1.00000
  8654      5.10    -20.55  1.00000
  8655      5.10    -20.50  1.00000
  8656      5.10    -20.45  1.00000
  8657      5.10    -20.40  1.00000
  8658      5.10    -20.35  1.00000
  8659      5.10    -20.30  1.00000
  8660      5.10    -20.25  1.00000
  8661      5.10    -20.20  1.00000
  8662      5.10    -20.15  1.00000
  8663      5.10    -20.10  1.00000
  8664      5.10    -20.05  1.00000
  8665      5.10    -20.00  1.00000
  8666      5.10    -19.95  1.00000
  8667      5.10    -19.90  1.00000
  8668      5.10    -19.85  1.00000
  8669      5.10    -19.80  1.00000
  8670      5.10    -19.75  1.00000
  8671      5.10    -19.70  1.00000
  8672      5.10    -19.65  1.00000
  8673      5.10    -19.60  1.00000
  8674      5.10    -19.55  1.00000
  8675      5.10    -19.50  1.00000
  8676      5.10    -19.45  1.00000
  8677      5.10    -19.40  1.00000
  8678      5.10    -19.35  1.00000
  8679      5.10    -19.30  1.00000
  8680      5.10    -19.25  1.00000
  8681      5.10    -19.20  1.00000
  8682      5.10    -19.15  1.00000
  8683      5.10    -19.10  1.00000
  8684      5.10    -19.05  1.00000
  8685      5.10    -19.00  1.00000
  8686      5.10    -18.95  1.00000
  8687      5.10    -18.90  1.00000
  8688      5.10    -18.85  1.00000
  8689      5.10    -18.80  1.00000
  8690      5.10    -18.75  1.00000
  8691      5.10    -18.70  1.00000
  8692      5.10    -18.65  1.00000
  8693      5.10    -18.60  1.00000
  8694      5.10    -18.55  1.00000
  8695      5.10    -18.50  1.00000
  8696      5.10    -18.45  1.00000
  8697      5.10    -18.40  1.00000
  8698      5.10    -18.35  1.00000
  8699      5.10    -18.30  1.00000
  8700      5.10    -18.25  1.00000
  8701      5.10    -18.20  1.00000
  8702      5.10    -18.15  1.00000
  8703      5.10    -18.10  1.00000
  8704      5.10    -18.05  1.00000
  8705      5.10    -18.00  1.00000
  8706      5.10    -17.95  1.00000
  8707      5.10    -17.90  1.00000
  8708      5.10    -17.85  1.00000
  8709      5.10    -17.80  1.00000
  8710      5.10    -17.75  1.00000
  8711      5.10    -17.70  1.00000
  8712      5.10    -17.65  1.00000
  8713      5.10    -17.60  1.00000
  8714      5.10    -17.55  1.00000
  8715      5.10    -17.50  1.00000
  8716      5.10    -17.45  1.00000
  8717      5.10    -17.40  1.00000
  8718      5.10    -17.35  1.00000
  8719      5.10    -17.30  1.00000
  8720      5.10    -17.25  1.00000
  8721      5.10    -17.20  1.00000
  8722      5.10    -17.15  1.00000
  8723      5.10    -17.10  1.00000
  8724      5.10    -17.05  1.00000
  8725      5.10    -17.00  1.00000
  8726      5.10    -16.95  1.00000
  8727      5.10    -16.90  1.00000
  8728      5.10    -16.85  1.00000
  8729      5.10    -16.80  1.00000
  8730      5.10    -16.75  1.00000
  8731      5.10    -16.70  1.00000
  8732      5.10    -16.65  1.00000
  8733      5.10    -16.60  1.00000
  8734      5.10    -16.55  1.00000
  8735      5.10    -16.50  1.00000
  8736      5.10    -16.45  1.00000
  8737      5.10    -16.40  1.00000
  8738      5.10    -16.35  1.00000
  8739      5.10    -16.30  1.00000
  8740      5.10    -16.25  1.00000
  8741      5.10    -16.20  1.00000
  8742      5.10    -16.15  1.00000
  8743      5.10    -16.10  1.00000
  8744      5.10    -16.05  1.00000
  8745      5.10    -16.00  1.00000
  8746      5.10    -15.95  1.00000
  8747      5.10    -15.90  1.00000
  8748      5.10    -15.85  1.00000
  8749      5.10    -15.80  1.00000
  8750      5.10    -15.75  1.00000
  8751      5.10    -15.70  1.00000
  8752      5.10    -15.65  1.00000
  8753      5.10    -15.60  1.00000
  8754      5.10    -15.55  1.00000
  8755      5.10    -15.50  1.00000
  8756      5.10    -15.45  1.00000
  8757      5.10    -15.40  1.00000
  8758      5.10    -15.35  1.00000
  8759      5.15    -22.85  1.00000
  8760      5.15    -22.80  1.00000
  8761      5.15    -22.75  1.00000
  8762      5.15    -22.70  1.00000
  8763      5.15    -22.65  1.00000
  8764      5.15    -22.60  1.00000
  8765      5.15    -22.55  1.00000
  8766      5.15    -22.50  1.00000
  8767      5.15    -22.45  1.00000
  8768      5.15    -22.40  1.00000
  8769      5.15    -22.35  1.00000
  8770      5.15    -22.30  1.00000
  8771      5.15    -22.25  1.00000
  8772      5.15    -22.20  1.00000
  8773      5.15    -22.15  1.00000
  8774      5.15    -22.10  1.00000
  8775      5.15    -22.05  1.00000
  8776      5.15    -22.00  1.00000
  8777      5.15    -21.95  1.00000
  8778      5.15    -21.90  1.00000
  8779      5.15    -21.85  1.00000
  8780      5.15    -21.80  1.00000
  8781      5.15    -21.75  1.00000
  8782      5.15    -21.70  1.00000
  8783      5.15    -21.65  1.00000
  8784      5.15    -21.60  1.00000
  8785      5.15    -21.55  1.00000
  8786      5.15    -21.50  1.00000
  8787      5.15    -21.45  1.00000
  8788      5.15    -21.40  1.00000
  8789      5.15    -21.35  1.00000
  8790      5.15    -21.30  1.00000
  8791      5.15    -21.25  1.00000
  8792      5.15    -21.20  1.00000
  8793      5.15    -21.15  1.00000
  8794      5.15    -21.10  1.00000
  8795      5.15    -21.05  1.00000
  8796      5.15    -21.00  1.00000
  8797      5.15    -20.95  1.00000
  8798      5.15    -20.90  1.00000
  8799      5.15    -20.85  1.00000
  8800      5.15    -20.80  1.00000
  8801      5.15    -20.75  1.00000
  8802      5.15    -20.70  1.00000
  8803      5.15    -20.65  1.00000
  8804      5.15    -20.60  1.00000
  8805      5.15    -20.55  1.00000
  8806      5.15    -20.50  1.00000
  8807      5.15    -20.45  1.00000
  8808      5.15    -20.40  1.00000
  8809      5.15    -20.35  1.00000
  8810      5.15    -20.30  1.00000
  8811      5.15    -20.25  1.00000
  8812      5.15    -20.20  1.00000
  8813      5.15    -20.15  1.00000
  8814      5.15    -20.10  1.00000
  8815      5.15    -20.05  1.00000
  8816      5.15    -20.00  1.00000
  8817      5.15    -19.95  1.00000
  8818      5.15    -19.90  1.00000
  8819      5.15    -19.85  1.00000
  8820      5.15    -19.80  1.00000
  8821      5.15    -19.75  1.00000
  8822      5.15    -19.70  1.00000
  8823      5.15    -19.65  1.00000
  8824      5.15    -19.60  1.00000
  8825      5.15    -19.55  1.00000
  8826      5.15    -19.50  1.00000
  8827      5.15    -19.45  1.00000
  8828      5.15    -19.40  1.00000
  8829      5.15    -19.35  1.00000
  8830      5.15    -19.30  1.00000
  8831      5.15    -19.25  1.00000
  8832      5.15    -19.20  1.00000
  8833      5.15    -19.15  1.00000
  8834      5.15    -19.10  1.00000
  8835      5.15    -19.05  1.00000
  8836      5.15    -19.00  1.00000
  8837      5.15    -18.95  1.00000
  8838      5.15    -18.90  1.00000
  8839      5.15    -18.85  1.00000
  8840      5.15    -18.80  1.00000
  8841      5.15    -18.75  1.00000
  8842      5.15    -18.70  1.00000
  8843      5.15    -18.65  1.00000
  8844      5.15    -18.60  1.00000
  8845      5.15    -18.55  1.00000
  8846      5.15    -18.50  1.00000
  8847      5.15    -18.45  1.00000
  8848      5.15    -18.40  1.00000
  8849      5.15    -18.35  1.00000
  8850      5.15    -18.30  1.00000
  8851      5.15    -18.25  1.00000
  8852      5.15    -18.20  1.00000
  8853      5.15    -18.15  1.00000
  8854      5.15    -18.10  1.00000
  8855      5.15    -18.05  1.00000
  8856      5.15    -18.00  1.00000
  8857      5.15    -17.95  1.00000
  8858      5.15    -17.90  1.00000
  8859      5.15    -17.85  1.00000
  8860      5.15    -17.80  1.00000
  8861      5.15    -17.75  1.00000
  8862      5.15    -17.70  1.00000
  8863      5.15    -17.65  1.00000
  8864      5.15    -17.60  1.00000
  8865      5.15    -17.55  1.00000
  8866      5.15    -17.50  1.00000
  8867      5.15    -17.45  1.00000
  8868      5.15    -17.40  1.00000
  8869      5.15    -17.35  1.00000
  8870      5.15    -17.30  1.00000
  8871      5.15    -17.25  1.00000
  8872      5.15    -17.20  1.00000
  8873      5.15    -17.15  1.00000
  8874      5.15    -17.10  1.00000
  8875      5.15    -17.05  1.00000
  8876      5.15    -17.00  1.00000
  8877      5.15    -16.95  1.00000
  8878      5.15    -16.90  1.00000
  8879      5.15    -16.85  1.00000
  8880      5.15    -16.80  1.00000
  8881      5.15    -16.75  1.00000
  8882      5.15    -16.70  1.00000
  8883      5.15    -16.65  1.00000
  8884      5.15    -16.60  1.00000
  8885      5.15    -16.55  1.00000
  8886      5.15    -16.50  1.00000
  8887      5.15    -16.45  1.00000
  8888      5.15    -16.40  1.00000
  8889      5.15    -16.35  1.00000
  8890      5.15    -16.30  1.00000
  8891      5.15    -16.25  1.00000
  8892      5.15    -16.20  1.00000
  8893      5.15    -16.15  1.00000
  8894      5.15    -16.10  1.00000
  8895      5.15    -16.05  1.00000
  8896      5.15    -16.00  1.00000
  8897      5.15    -15.95  1.00000
  8898      5.15    -15.90  1.00000
  8899      5.15    -15.85  1.00000
  8900      5.15    -15.80  1.00000
  8901      5.15    -15.75  1.00000
  8902      5.15    -15.70  1.00000
  8903      5.15    -15.65  1.00000
  8904      5.15    -15.60  1.00000
  8905      5.15    -15.55  1.00000
  8906      5.15    -15.50  1.00000
  8907      5.15    -15.45  1.00000
  8908      5.15    -15.40  1.00000
  8909      5.15    -15.35  1.00000
  8910      5.20    -22.85  1.00000
  8911      5.20    -22.80  1.00000
  8912      5.20    -22.75  1.00000
  8913      5.20    -22.70  1.00000
  8914      5.20    -22.65  1.00000
  8915      5.20    -22.60  1.00000
  8916      5.20    -22.55  1.00000
  8917      5.20    -22.50  1.00000
  8918      5.20    -22.45  1.00000
  8919      5.20    -22.40  1.00000
  8920      5.20    -22.35  1.00000
  8921      5.20    -22.30  1.00000
  8922      5.20    -22.25  1.00000
  8923      5.20    -22.20  1.00000
  8924      5.20    -22.15  1.00000
  8925      5.20    -22.10  1.00000
  8926      5.20    -22.05  1.00000
  8927      5.20    -22.00  1.00000
  8928      5.20    -21.95  1.00000
  8929      5.20    -21.90  1.00000
  8930      5.20    -21.85  1.00000
  8931      5.20    -21.80  1.00000
  8932      5.20    -21.75  1.00000
  8933      5.20    -21.70  1.00000
  8934      5.20    -21.65  1.00000
  8935      5.20    -21.60  1.00000
  8936      5.20    -21.55  1.00000
  8937      5.20    -21.50  1.00000
  8938      5.20    -21.45  1.00000
  8939      5.20    -21.40  1.00000
  8940      5.20    -21.35  1.00000
  8941      5.20    -21.30  1.00000
  8942      5.20    -21.25  1.00000
  8943      5.20    -21.20  1.00000
  8944      5.20    -21.15  1.00000
  8945      5.20    -21.10  1.00000
  8946      5.20    -21.05  1.00000
  8947      5.20    -21.00  1.00000
  8948      5.20    -20.95  1.00000
  8949      5.20    -20.90  1.00000
  8950      5.20    -20.85  1.00000
  8951      5.20    -20.80  1.00000
  8952      5.20    -20.75  1.00000
  8953      5.20    -20.70  1.00000
  8954      5.20    -20.65  1.00000
  8955      5.20    -20.60  1.00000
  8956      5.20    -20.55  1.00000
  8957      5.20    -20.50  1.00000
  8958      5.20    -20.45  1.00000
  8959      5.20    -20.40  1.00000
  8960      5.20    -20.35  1.00000
  8961      5.20    -20.30  1.00000
  8962      5.20    -20.25  1.00000
  8963      5.20    -20.20  1.00000
  8964      5.20    -20.15  1.00000
  8965      5.20    -20.10  1.00000
  8966      5.20    -20.05  1.00000
  8967      5.20    -20.00  1.00000
  8968      5.20    -19.95  1.00000
  8969      5.20    -19.90  1.00000
  8970      5.20    -19.85  1.00000
  8971      5.20    -19.80  1.00000
  8972      5.20    -19.75  1.00000
  8973      5.20    -19.70  1.00000
  8974      5.20    -19.65  1.00000
  8975      5.20    -19.60  1.00000
  8976      5.20    -19.55  1.00000
  8977      5.20    -19.50  1.00000
  8978      5.20    -19.45  1.00000
  8979      5.20    -19.40  1.00000
  8980      5.20    -19.35  1.00000
  8981      5.20    -19.30  1.00000
  8982      5.20    -19.25  1.00000
  8983      5.20    -19.20  1.00000
  8984      5.20    -19.15  1.00000
  8985      5.20    -19.10  1.00000
  8986      5.20    -19.05  1.00000
  8987      5.20    -19.00  1.00000
  8988      5.20    -18.95  1.00000
  8989      5.20    -18.90  1.00000
  8990      5.20    -18.85  1.00000
  8991      5.20    -18.80  1.00000
  8992      5.20    -18.75  1.00000
  8993      5.20    -18.70  1.00000
  8994      5.20    -18.65  1.00000
  8995      5.20    -18.60  1.00000
  8996      5.20    -18.55  1.00000
  8997      5.20    -18.50  1.00000
  8998      5.20    -18.45  1.00000
  8999      5.20    -18.40  1.00000
  9000      5.20    -18.35  1.00000
  9001      5.20    -18.30  1.00000
  9002      5.20    -18.25  1.00000
  9003      5.20    -18.20  1.00000
  9004      5.20    -18.15  1.00000
  9005      5.20    -18.10  1.00000
  9006      5.20    -18.05  1.00000
  9007      5.20    -18.00  1.00000
  9008      5.20    -17.95  1.00000
  9009      5.20    -17.90  1.00000
  9010      5.20    -17.85  1.00000
  9011      5.20    -17.80  1.00000
  9012      5.20    -17.75  1.00000
  9013      5.20    -17.70  1.00000
  9014      5.20    -17.65  1.00000
  9015      5.20    -17.60  1.00000
  9016      5.20    -17.55  1.00000
  9017      5.20    -17.50  1.00000
  9018      5.20    -17.45  1.00000
  9019      5.20    -17.40  1.00000
  9020      5.20    -17.35  1.00000
  9021      5.20    -17.30  1.00000
  9022      5.20    -17.25  1.00000
  9023      5.20    -17.20  1.00000
  9024      5.20    -17.15  1.00000
  9025      5.20    -17.10  1.00000
  9026      5.20    -17.05  1.00000
  9027      5.20    -17.00  1.00000
  9028      5.20    -16.95  1.00000
  9029      5.20    -16.90  1.00000
  9030      5.20    -16.85  1.00000
  9031      5.20    -16.80  1.00000
  9032      5.20    -16.75  1.00000
  9033      5.20    -16.70  1.00000
  9034      5.20    -16.65  1.00000
  9035      5.20    -16.60  1.00000
  9036      5.20    -16.55  1.00000
  9037      5.20    -16.50  1.00000
  9038      5.20    -16.45  1.00000
  9039      5.20    -16.40  1.00000
  9040      5.20    -16.35  1.00000
  9041      5.20    -16.30  1.00000
  9042      5.20    -16.25  1.00000
  9043      5.20    -16.20  1.00000
  9044      5.20    -16.15  1.00000
  9045      5.20    -16.10  1.00000
  9046      5.20    -16.05  1.00000
  9047      5.20    -16.00  1.00000
  9048      5.20    -15.95  1.00000
  9049      5.20    -15.90  1.00000
  9050      5.20    -15.85  1.00000
  9051      5.20    -15.80  1.00000
  9052      5.20    -15.75  1.00000
  9053      5.20    -15.70  1.00000
  9054      5.20    -15.65  1.00000
  9055      5.20    -15.60  1.00000
  9056      5.20    -15.55  1.00000
  9057      5.20    -15.50  1.00000
  9058      5.20    -15.45  1.00000
  9059      5.20    -15.40  1.00000
  9060      5.20    -15.35  1.00000
  9061      5.25    -22.85  1.00000
  9062      5.25    -22.80  1.00000
  9063      5.25    -22.75  1.00000
  9064      5.25    -22.70  1.00000
  9065      5.25    -22.65  1.00000
  9066      5.25    -22.60  1.00000
  9067      5.25    -22.55  1.00000
  9068      5.25    -22.50  1.00000
  9069      5.25    -22.45  1.00000
  9070      5.25    -22.40  1.00000
  9071      5.25    -22.35  1.00000
  9072      5.25    -22.30  1.00000
  9073      5.25    -22.25  1.00000
  9074      5.25    -22.20  1.00000
  9075      5.25    -22.15  1.00000
  9076      5.25    -22.10  1.00000
  9077      5.25    -22.05  1.00000
  9078      5.25    -22.00  1.00000
  9079      5.25    -21.95  1.00000
  9080      5.25    -21.90  1.00000
  9081      5.25    -21.85  1.00000
  9082      5.25    -21.80  1.00000
  9083      5.25    -21.75  1.00000
  9084      5.25    -21.70  1.00000
  9085      5.25    -21.65  1.00000
  9086      5.25    -21.60  1.00000
  9087      5.25    -21.55  1.00000
  9088      5.25    -21.50  1.00000
  9089      5.25    -21.45  1.00000
  9090      5.25    -21.40  1.00000
  9091      5.25    -21.35  1.00000
  9092      5.25    -21.30  1.00000
  9093      5.25    -21.25  1.00000
  9094      5.25    -21.20  1.00000
  9095      5.25    -21.15  1.00000
  9096      5.25    -21.10  1.00000
  9097      5.25    -21.05  1.00000
  9098      5.25    -21.00  1.00000
  9099      5.25    -20.95  1.00000
  9100      5.25    -20.90  1.00000
  9101      5.25    -20.85  1.00000
  9102      5.25    -20.80  1.00000
  9103      5.25    -20.75  1.00000
  9104      5.25    -20.70  1.00000
  9105      5.25    -20.65  1.00000
  9106      5.25    -20.60  1.00000
  9107      5.25    -20.55  1.00000
  9108      5.25    -20.50  1.00000
  9109      5.25    -20.45  1.00000
  9110      5.25    -20.40  1.00000
  9111      5.25    -20.35  1.00000
  9112      5.25    -20.30  1.00000
  9113      5.25    -20.25  1.00000
  9114      5.25    -20.20  1.00000
  9115      5.25    -20.15  1.00000
  9116      5.25    -20.10  1.00000
  9117      5.25    -20.05  1.00000
  9118      5.25    -20.00  1.00000
  9119      5.25    -19.95  1.00000
  9120      5.25    -19.90  1.00000
  9121      5.25    -19.85  1.00000
  9122      5.25    -19.80  1.00000
  9123      5.25    -19.75  1.00000
  9124      5.25    -19.70  1.00000
  9125      5.25    -19.65  1.00000
  9126      5.25    -19.60  1.00000
  9127      5.25    -19.55  1.00000
  9128      5.25    -19.50  1.00000
  9129      5.25    -19.45  1.00000
  9130      5.25    -19.40  1.00000
  9131      5.25    -19.35  1.00000
  9132      5.25    -19.30  1.00000
  9133      5.25    -19.25  1.00000
  9134      5.25    -19.20  1.00000
  9135      5.25    -19.15  1.00000
  9136      5.25    -19.10  1.00000
  9137      5.25    -19.05  1.00000
  9138      5.25    -19.00  1.00000
  9139      5.25    -18.95  1.00000
  9140      5.25    -18.90  1.00000
  9141      5.25    -18.85  1.00000
  9142      5.25    -18.80  1.00000
  9143      5.25    -18.75  1.00000
  9144      5.25    -18.70  1.00000
  9145      5.25    -18.65  1.00000
  9146      5.25    -18.60  1.00000
  9147      5.25    -18.55  1.00000
  9148      5.25    -18.50  1.00000
  9149      5.25    -18.45  1.00000
  9150      5.25    -18.40  1.00000
  9151      5.25    -18.35  1.00000
  9152      5.25    -18.30  1.00000
  9153      5.25    -18.25  1.00000
  9154      5.25    -18.20  1.00000
  9155      5.25    -18.15  1.00000
  9156      5.25    -18.10  1.00000
  9157      5.25    -18.05  1.00000
  9158      5.25    -18.00  1.00000
  9159      5.25    -17.95  1.00000
  9160      5.25    -17.90  1.00000
  9161      5.25    -17.85  1.00000
  9162      5.25    -17.80  1.00000
  9163      5.25    -17.75  1.00000
  9164      5.25    -17.70  1.00000
  9165      5.25    -17.65  1.00000
  9166      5.25    -17.60  1.00000
  9167      5.25    -17.55  1.00000
  9168      5.25    -17.50  1.00000
  9169      5.25    -17.45  1.00000
  9170      5.25    -17.40  1.00000
  9171      5.25    -17.35  1.00000
  9172      5.25    -17.30  1.00000
  9173      5.25    -17.25  1.00000
  9174      5.25    -17.20  1.00000
  9175      5.25    -17.15  1.00000
  9176      5.25    -17.10  1.00000
  9177      5.25    -17.05  1.00000
  9178      5.25    -17.00  1.00000
  9179      5.25    -16.95  1.00000
  9180      5.25    -16.90  1.00000
  9181      5.25    -16.85  1.00000
  9182      5.25    -16.80  1.00000
  9183      5.25    -16.75  1.00000
  9184      5.25    -16.70  1.00000
  9185      5.25    -16.65  1.00000
  9186      5.25    -16.60  1.00000
  9187      5.25    -16.55  1.00000
  9188      5.25    -16.50  1.00000
  9189      5.25    -16.45  1.00000
  9190      5.25    -16.40  1.00000
  9191      5.25    -16.35  1.00000
  9192      5.25    -16.30  1.00000
  9193      5.25    -16.25  1.00000
  9194      5.25    -16.20  1.00000
  9195      5.25    -16.15  1.00000
  9196      5.25    -16.10  1.00000
  9197      5.25    -16.05  1.00000
  9198      5.25    -16.00  1.00000
  9199      5.25    -15.95  1.00000
  9200      5.25    -15.90  1.00000
  9201      5.25    -15.85  1.00000
  9202      5.25    -15.80  1.00000
  9203      5.25    -15.75  1.00000
  9204      5.25    -15.70  1.00000
  9205      5.25    -15.65  1.00000
  9206      5.25    -15.60  1.00000
  9207      5.25    -15.55  1.00000
  9208      5.25    -15.50  1.00000
  9209      5.25    -15.45  1.00000
  9210      5.25    -15.40  1.00000
  9211      5.25    -15.35  1.00000
  9212      5.30    -22.85  1.00000
  9213      5.30    -22.80  1.00000
  9214      5.30    -22.75  1.00000
  9215      5.30    -22.70  1.00000
  9216      5.30    -22.65  1.00000
  9217      5.30    -22.60  1.00000
  9218      5.30    -22.55  1.00000
  9219      5.30    -22.50  1.00000
  9220      5.30    -22.45  1.00000
  9221      5.30    -22.40  1.00000
  9222      5.30    -22.35  1.00000
  9223      5.30    -22.30  1.00000
  9224      5.30    -22.25  1.00000
  9225      5.30    -22.20  1.00000
  9226      5.30    -22.15  1.00000
  9227      5.30    -22.10  1.00000
  9228      5.30    -22.05  1.00000
  9229      5.30    -22.00  1.00000
  9230      5.30    -21.95  1.00000
  9231      5.30    -21.90  1.00000
  9232      5.30    -21.85  1.00000
  9233      5.30    -21.80  1.00000
  9234      5.30    -21.75  1.00000
  9235      5.30    -21.70  1.00000
  9236      5.30    -21.65  1.00000
  9237      5.30    -21.60  1.00000
  9238      5.30    -21.55  1.00000
  9239      5.30    -21.50  1.00000
  9240      5.30    -21.45  1.00000
  9241      5.30    -21.40  1.00000
  9242      5.30    -21.35  1.00000
  9243      5.30    -21.30  1.00000
  9244      5.30    -21.25  1.00000
  9245      5.30    -21.20  1.00000
  9246      5.30    -21.15  1.00000
  9247      5.30    -21.10  1.00000
  9248      5.30    -21.05  1.00000
  9249      5.30    -21.00  1.00000
  9250      5.30    -20.95  1.00000
  9251      5.30    -20.90  1.00000
  9252      5.30    -20.85  1.00000
  9253      5.30    -20.80  1.00000
  9254      5.30    -20.75  1.00000
  9255      5.30    -20.70  1.00000
  9256      5.30    -20.65  1.00000
  9257      5.30    -20.60  1.00000
  9258      5.30    -20.55  1.00000
  9259      5.30    -20.50  1.00000
  9260      5.30    -20.45  1.00000
  9261      5.30    -20.40  1.00000
  9262      5.30    -20.35  1.00000
  9263      5.30    -20.30  1.00000
  9264      5.30    -20.25  1.00000
  9265      5.30    -20.20  1.00000
  9266      5.30    -20.15  1.00000
  9267      5.30    -20.10  1.00000
  9268      5.30    -20.05  1.00000
  9269      5.30    -20.00  1.00000
  9270      5.30    -19.95  1.00000
  9271      5.30    -19.90  1.00000
  9272      5.30    -19.85  1.00000
  9273      5.30    -19.80  1.00000
  9274      5.30    -19.75  1.00000
  9275      5.30    -19.70  1.00000
  9276      5.30    -19.65  1.00000
  9277      5.30    -19.60  1.00000
  9278      5.30    -19.55  1.00000
  9279      5.30    -19.50  1.00000
  9280      5.30    -19.45  1.00000
  9281      5.30    -19.40  1.00000
  9282      5.30    -19.35  1.00000
  9283      5.30    -19.30  1.00000
  9284      5.30    -19.25  1.00000
  9285      5.30    -19.20  1.00000
  9286      5.30    -19.15  1.00000
  9287      5.30    -19.10  1.00000
  9288      5.30    -19.05  1.00000
  9289      5.30    -19.00  1.00000
  9290      5.30    -18.95  1.00000
  9291      5.30    -18.90  1.00000
  9292      5.30    -18.85  1.00000
  9293      5.30    -18.80  1.00000
  9294      5.30    -18.75  1.00000
  9295      5.30    -18.70  1.00000
  9296      5.30    -18.65  1.00000
  9297      5.30    -18.60  1.00000
  9298      5.30    -18.55  1.00000
  9299      5.30    -18.50  1.00000
  9300      5.30    -18.45  1.00000
  9301      5.30    -18.40  1.00000
  9302      5.30    -18.35  1.00000
  9303      5.30    -18.30  1.00000
  9304      5.30    -18.25  1.00000
  9305      5.30    -18.20  1.00000
  9306      5.30    -18.15  1.00000
  9307      5.30    -18.10  1.00000
  9308      5.30    -18.05  1.00000
  9309      5.30    -18.00  1.00000
  9310      5.30    -17.95  1.00000
  9311      5.30    -17.90  1.00000
  9312      5.30    -17.85  1.00000
  9313      5.30    -17.80  1.00000
  9314      5.30    -17.75  1.00000
  9315      5.30    -17.70  1.00000
  9316      5.30    -17.65  1.00000
  9317      5.30    -17.60  1.00000
  9318      5.30    -17.55  1.00000
  9319      5.30    -17.50  1.00000
  9320      5.30    -17.45  1.00000
  9321      5.30    -17.40  1.00000
  9322      5.30    -17.35  1.00000
  9323      5.30    -17.30  1.00000
  9324      5.30    -17.25  1.00000
  9325      5.30    -17.20  1.00000
  9326      5.30    -17.15  1.00000
  9327      5.30    -17.10  1.00000
  9328      5.30    -17.05  1.00000
  9329      5.30    -17.00  1.00000
  9330      5.30    -16.95  1.00000
  9331      5.30    -16.90  1.00000
  9332      5.30    -16.85  1.00000
  9333      5.30    -16.80  1.00000
  9334      5.30    -16.75  1.00000
  9335      5.30    -16.70  1.00000
  9336      5.30    -16.65  1.00000
  9337      5.30    -16.60  1.00000
  9338      5.30    -16.55  1.00000
  9339      5.30    -16.50  1.00000
  9340      5.30    -16.45  1.00000
  9341      5.30    -16.40  1.00000
  9342      5.30    -16.35  1.00000
  9343      5.30    -16.30  1.00000
  9344      5.30    -16.25  1.00000
  9345      5.30    -16.20  1.00000
  9346      5.30    -16.15  1.00000
  9347      5.30    -16.10  1.00000
  9348      5.30    -16.05  1.00000
  9349      5.30    -16.00  1.00000
  9350      5.30    -15.95  1.00000
  9351      5.30    -15.90  1.00000
  9352      5.30    -15.85  1.00000
  9353      5.30    -15.80  1.00000
  9354      5.30    -15.75  1.00000
  9355      5.30    -15.70  1.00000
  9356      5.30    -15.65  1.00000
  9357      5.30    -15.60  1.00000
  9358      5.30    -15.55  1.00000
  9359      5.30    -15.50  1.00000
  9360      5.30    -15.45  1.00000
  9361      5.30    -15.40  1.00000
  9362      5.30    -15.35  1.00000
  9363      5.35    -22.85  1.00000
  9364      5.35    -22.80  1.00000
  9365      5.35    -22.75  1.00000
  9366      5.35    -22.70  1.00000
  9367      5.35    -22.65  1.00000
  9368      5.35    -22.60  1.00000
  9369      5.35    -22.55  1.00000
  9370      5.35    -22.50  1.00000
  9371      5.35    -22.45  1.00000
  9372      5.35    -22.40  1.00000
  9373      5.35    -22.35  1.00000
  9374      5.35    -22.30  1.00000
  9375      5.35    -22.25  1.00000
  9376      5.35    -22.20  1.00000
  9377      5.35    -22.15  1.00000
  9378      5.35    -22.10  1.00000
  9379      5.35    -22.05  1.00000
  9380      5.35    -22.00  1.00000
  9381      5.35    -21.95  1.00000
  9382      5.35    -21.90  1.00000
  9383      5.35    -21.85  1.00000
  9384      5.35    -21.80  1.00000
  9385      5.35    -21.75  1.00000
  9386      5.35    -21.70  1.00000
  9387      5.35    -21.65  1.00000
  9388      5.35    -21.60  1.00000
  9389      5.35    -21.55  1.00000
  9390      5.35    -21.50  1.00000
  9391      5.35    -21.45  1.00000
  9392      5.35    -21.40  1.00000
  9393      5.35    -21.35  1.00000
  9394      5.35    -21.30  1.00000
  9395      5.35    -21.25  1.00000
  9396      5.35    -21.20  1.00000
  9397      5.35    -21.15  1.00000
  9398      5.35    -21.10  1.00000
  9399      5.35    -21.05  1.00000
  9400      5.35    -21.00  1.00000
  9401      5.35    -20.95  1.00000
  9402      5.35    -20.90  1.00000
  9403      5.35    -20.85  1.00000
  9404      5.35    -20.80  1.00000
  9405      5.35    -20.75  1.00000
  9406      5.35    -20.70  1.00000
  9407      5.35    -20.65  1.00000
  9408      5.35    -20.60  1.00000
  9409      5.35    -20.55  1.00000
  9410      5.35    -20.50  1.00000
  9411      5.35    -20.45  1.00000
  9412      5.35    -20.40  1.00000
  9413      5.35    -20.35  1.00000
  9414      5.35    -20.30  1.00000
  9415      5.35    -20.25  1.00000
  9416      5.35    -20.20  1.00000
  9417      5.35    -20.15  1.00000
  9418      5.35    -20.10  1.00000
  9419      5.35    -20.05  1.00000
  9420      5.35    -20.00  1.00000
  9421      5.35    -19.95  1.00000
  9422      5.35    -19.90  1.00000
  9423      5.35    -19.85  1.00000
  9424      5.35    -19.80  1.00000
  9425      5.35    -19.75  1.00000
  9426      5.35    -19.70  1.00000
  9427      5.35    -19.65  1.00000
  9428      5.35    -19.60  1.00000
  9429      5.35    -19.55  1.00000
  9430      5.35    -19.50  1.00000
  9431      5.35    -19.45  1.00000
  9432      5.35    -19.40  1.00000
  9433      5.35    -19.35  1.00000
  9434      5.35    -19.30  1.00000
  9435      5.35    -19.25  1.00000
  9436      5.35    -19.20  1.00000
  9437      5.35    -19.15  1.00000
  9438      5.35    -19.10  1.00000
  9439      5.35    -19.05  1.00000
  9440      5.35    -19.00  1.00000
  9441      5.35    -18.95  1.00000
  9442      5.35    -18.90  1.00000
  9443      5.35    -18.85  1.00000
  9444      5.35    -18.80  1.00000
  9445      5.35    -18.75  1.00000
  9446      5.35    -18.70  1.00000
  9447      5.35    -18.65  1.00000
  9448      5.35    -18.60  1.00000
  9449      5.35    -18.55  1.00000
  9450      5.35    -18.50  1.00000
  9451      5.35    -18.45  1.00000
  9452      5.35    -18.40  1.00000
  9453      5.35    -18.35  1.00000
  9454      5.35    -18.30  1.00000
  9455      5.35    -18.25  1.00000
  9456      5.35    -18.20  1.00000
  9457      5.35    -18.15  1.00000
  9458      5.35    -18.10  1.00000
  9459      5.35    -18.05  1.00000
  9460      5.35    -18.00  1.00000
  9461      5.35    -17.95  1.00000
  9462      5.35    -17.90  1.00000
  9463      5.35    -17.85  1.00000
  9464      5.35    -17.80  1.00000
  9465      5.35    -17.75  1.00000
  9466      5.35    -17.70  1.00000
  9467      5.35    -17.65  1.00000
  9468      5.35    -17.60  1.00000
  9469      5.35    -17.55  1.00000
  9470      5.35    -17.50  1.00000
  9471      5.35    -17.45  1.00000
  9472      5.35    -17.40  1.00000
  9473      5.35    -17.35  1.00000
  9474      5.35    -17.30  1.00000
  9475      5.35    -17.25  1.00000
  9476      5.35    -17.20  1.00000
  9477      5.35    -17.15  1.00000
  9478      5.35    -17.10  1.00000
  9479      5.35    -17.05  1.00000
  9480      5.35    -17.00  1.00000
  9481      5.35    -16.95  1.00000
  9482      5.35    -16.90  1.00000
  9483      5.35    -16.85  1.00000
  9484      5.35    -16.80  1.00000
  9485      5.35    -16.75  1.00000
  9486      5.35    -16.70  1.00000
  9487      5.35    -16.65  1.00000
  9488      5.35    -16.60  1.00000
  9489      5.35    -16.55  1.00000
  9490      5.35    -16.50  1.00000
  9491      5.35    -16.45  1.00000
  9492      5.35    -16.40  1.00000
  9493      5.35    -16.35  1.00000
  9494      5.35    -16.30  1.00000
  9495      5.35    -16.25  1.00000
  9496      5.35    -16.20  1.00000
  9497      5.35    -16.15  1.00000
  9498      5.35    -16.10  1.00000
  9499      5.35    -16.05  1.00000
  9500      5.35    -16.00  1.00000
  9501      5.35    -15.95  1.00000
  9502      5.35    -15.90  1.00000
  9503      5.35    -15.85  1.00000
  9504      5.35    -15.80  1.00000
  9505      5.35    -15.75  1.00000
  9506      5.35    -15.70  1.00000
  9507      5.35    -15.65  1.00000
  9508      5.35    -15.60  1.00000
  9509      5.35    -15.55  1.00000
  9510      5.35    -15.50  1.00000
  9511      5.35    -15.45  1.00000
  9512      5.35    -15.40  1.00000
  9513      5.35    -15.35  1.00000
  9514      5.40    -22.85  1.00000
  9515      5.40    -22.80  1.00000
  9516      5.40    -22.75  1.00000
  9517      5.40    -22.70  1.00000
  9518      5.40    -22.65  1.00000
  9519      5.40    -22.60  1.00000
  9520      5.40    -22.55  1.00000
  9521      5.40    -22.50  1.00000
  9522      5.40    -22.45  1.00000
  9523      5.40    -22.40  1.00000
  9524      5.40    -22.35  1.00000
  9525      5.40    -22.30  1.00000
  9526      5.40    -22.25  1.00000
  9527      5.40    -22.20  1.00000
  9528      5.40    -22.15  1.00000
  9529      5.40    -22.10  1.00000
  9530      5.40    -22.05  1.00000
  9531      5.40    -22.00  1.00000
  9532      5.40    -21.95  1.00000
  9533      5.40    -21.90  1.00000
  9534      5.40    -21.85  1.00000
  9535      5.40    -21.80  1.00000
  9536      5.40    -21.75  1.00000
  9537      5.40    -21.70  1.00000
  9538      5.40    -21.65  1.00000
  9539      5.40    -21.60  1.00000
  9540      5.40    -21.55  1.00000
  9541      5.40    -21.50  1.00000
  9542      5.40    -21.45  1.00000
  9543      5.40    -21.40  1.00000
  9544      5.40    -21.35  1.00000
  9545      5.40    -21.30  1.00000
  9546      5.40    -21.25  1.00000
  9547      5.40    -21.20  1.00000
  9548      5.40    -21.15  1.00000
  9549      5.40    -21.10  1.00000
  9550      5.40    -21.05  1.00000
  9551      5.40    -21.00  1.00000
  9552      5.40    -20.95  1.00000
  9553      5.40    -20.90  1.00000
  9554      5.40    -20.85  1.00000
  9555      5.40    -20.80  1.00000
  9556      5.40    -20.75  1.00000
  9557      5.40    -20.70  1.00000
  9558      5.40    -20.65  1.00000
  9559      5.40    -20.60  1.00000
  9560      5.40    -20.55  1.00000
  9561      5.40    -20.50  1.00000
  9562      5.40    -20.45  1.00000
  9563      5.40    -20.40  1.00000
  9564      5.40    -20.35  1.00000
  9565      5.40    -20.30  1.00000
  9566      5.40    -20.25  1.00000
  9567      5.40    -20.20  1.00000
  9568      5.40    -20.15  1.00000
  9569      5.40    -20.10  1.00000
  9570      5.40    -20.05  1.00000
  9571      5.40    -20.00  1.00000
  9572      5.40    -19.95  1.00000
  9573      5.40    -19.90  1.00000
  9574      5.40    -19.85  1.00000
  9575      5.40    -19.80  1.00000
  9576      5.40    -19.75  1.00000
  9577      5.40    -19.70  1.00000
  9578      5.40    -19.65  1.00000
  9579      5.40    -19.60  1.00000
  9580      5.40    -19.55  1.00000
  9581      5.40    -19.50  1.00000
  9582      5.40    -19.45  1.00000
  9583      5.40    -19.40  1.00000
  9584      5.40    -19.35  1.00000
  9585      5.40    -19.30  1.00000
  9586      5.40    -19.25  1.00000
  9587      5.40    -19.20  1.00000
  9588      5.40    -19.15  1.00000
  9589      5.40    -19.10  1.00000
  9590      5.40    -19.05  1.00000
  9591      5.40    -19.00  1.00000
  9592      5.40    -18.95  1.00000
  9593      5.40    -18.90  1.00000
  9594      5.40    -18.85  1.00000
  9595      5.40    -18.80  1.00000
  9596      5.40    -18.75  1.00000
  9597      5.40    -18.70  1.00000
  9598      5.40    -18.65  1.00000
  9599      5.40    -18.60  1.00000
  9600      5.40    -18.55  1.00000
  9601      5.40    -18.50  1.00000
  9602      5.40    -18.45  1.00000
  9603      5.40    -18.40  1.00000
  9604      5.40    -18.35  1.00000
  9605      5.40    -18.30  1.00000
  9606      5.40    -18.25  1.00000
  9607      5.40    -18.20  1.00000
  9608      5.40    -18.15  1.00000
  9609      5.40    -18.10  1.00000
  9610      5.40    -18.05  1.00000
  9611      5.40    -18.00  1.00000
  9612      5.40    -17.95  1.00000
  9613      5.40    -17.90  1.00000
  9614      5.40    -17.85  1.00000
  9615      5.40    -17.80  1.00000
  9616      5.40    -17.75  1.00000
  9617      5.40    -17.70  1.00000
  9618      5.40    -17.65  1.00000
  9619      5.40    -17.60  1.00000
  9620      5.40    -17.55  1.00000
  9621      5.40    -17.50  1.00000
  9622      5.40    -17.45  1.00000
  9623      5.40    -17.40  1.00000
  9624      5.40    -17.35  1.00000
  9625      5.40    -17.30  1.00000
  9626      5.40    -17.25  1.00000
  9627      5.40    -17.20  1.00000
  9628      5.40    -17.15  1.00000
  9629      5.40    -17.10  1.00000
  9630      5.40    -17.05  1.00000
  9631      5.40    -17.00  1.00000
  9632      5.40    -16.95  1.00000
  9633      5.40    -16.90  1.00000
  9634      5.40    -16.85  1.00000
  9635      5.40    -16.80  1.00000
  9636      5.40    -16.75  1.00000
  9637      5.40    -16.70  1.00000
  9638      5.40    -16.65  1.00000
  9639      5.40    -16.60  1.00000
  9640      5.40    -16.55  1.00000
  9641      5.40    -16.50  1.00000
  9642      5.40    -16.45  1.00000
  9643      5.40    -16.40  1.00000
  9644      5.40    -16.35  1.00000
  9645      5.40    -16.30  1.00000
  9646      5.40    -16.25  1.00000
  9647      5.40    -16.20  1.00000
  9648      5.40    -16.15  1.00000
  9649      5.40    -16.10  1.00000
  9650      5.40    -16.05  1.00000
  9651      5.40    -16.00  1.00000
  9652      5.40    -15.95  1.00000
  9653      5.40    -15.90  1.00000
  9654      5.40    -15.85  1.00000
  9655      5.40    -15.80  1.00000
  9656      5.40    -15.75  1.00000
  9657      5.40    -15.70  1.00000
  9658      5.40    -15.65  1.00000
  9659      5.40    -15.60  1.00000
  9660      5.40    -15.55  1.00000
  9661      5.40    -15.50  1.00000
  9662      5.40    -15.45  1.00000
  9663      5.40    -15.40  1.00000
  9664      5.40    -15.35  1.00000
  9665      5.45    -22.85  1.00000
  9666      5.45    -22.80  1.00000
  9667      5.45    -22.75  1.00000
  9668      5.45    -22.70  1.00000
  9669      5.45    -22.65  1.00000
  9670      5.45    -22.60  1.00000
  9671      5.45    -22.55  1.00000
  9672      5.45    -22.50  1.00000
  9673      5.45    -22.45  1.00000
  9674      5.45    -22.40  1.00000
  9675      5.45    -22.35  1.00000
  9676      5.45    -22.30  1.00000
  9677      5.45    -22.25  1.00000
  9678      5.45    -22.20  1.00000
  9679      5.45    -22.15  1.00000
  9680      5.45    -22.10  1.00000
  9681      5.45    -22.05  1.00000
  9682      5.45    -22.00  1.00000
  9683      5.45    -21.95  1.00000
  9684      5.45    -21.90  1.00000
  9685      5.45    -21.85  1.00000
  9686      5.45    -21.80  1.00000
  9687      5.45    -21.75  1.00000
  9688      5.45    -21.70  1.00000
  9689      5.45    -21.65  1.00000
  9690      5.45    -21.60  1.00000
  9691      5.45    -21.55  1.00000
  9692      5.45    -21.50  1.00000
  9693      5.45    -21.45  1.00000
  9694      5.45    -21.40  1.00000
  9695      5.45    -21.35  1.00000
  9696      5.45    -21.30  1.00000
  9697      5.45    -21.25  1.00000
  9698      5.45    -21.20  1.00000
  9699      5.45    -21.15  1.00000
  9700      5.45    -21.10  1.00000
  9701      5.45    -21.05  1.00000
  9702      5.45    -21.00  1.00000
  9703      5.45    -20.95  1.00000
  9704      5.45    -20.90  1.00000
  9705      5.45    -20.85  1.00000
  9706      5.45    -20.80  1.00000
  9707      5.45    -20.75  1.00000
  9708      5.45    -20.70  1.00000
  9709      5.45    -20.65  1.00000
  9710      5.45    -20.60  1.00000
  9711      5.45    -20.55  1.00000
  9712      5.45    -20.50  1.00000
  9713      5.45    -20.45  1.00000
  9714      5.45    -20.40  1.00000
  9715      5.45    -20.35  1.00000
  9716      5.45    -20.30  1.00000
  9717      5.45    -20.25  1.00000
  9718      5.45    -20.20  1.00000
  9719      5.45    -20.15  1.00000
  9720      5.45    -20.10  1.00000
  9721      5.45    -20.05  1.00000
  9722      5.45    -20.00  1.00000
  9723      5.45    -19.95  1.00000
  9724      5.45    -19.90  1.00000
  9725      5.45    -19.85  1.00000
  9726      5.45    -19.80  1.00000
  9727      5.45    -19.75  1.00000
  9728      5.45    -19.70  1.00000
  9729      5.45    -19.65  1.00000
  9730      5.45    -19.60  1.00000
  9731      5.45    -19.55  1.00000
  9732      5.45    -19.50  1.00000
  9733      5.45    -19.45  1.00000
  9734      5.45    -19.40  1.00000
  9735      5.45    -19.35  1.00000
  9736      5.45    -19.30  1.00000
  9737      5.45    -19.25  1.00000
  9738      5.45    -19.20  1.00000
  9739      5.45    -19.15  1.00000
  9740      5.45    -19.10  1.00000
  9741      5.45    -19.05  1.00000
  9742      5.45    -19.00  1.00000
  9743      5.45    -18.95  1.00000
  9744      5.45    -18.90  1.00000
  9745      5.45    -18.85  1.00000
  9746      5.45    -18.80  1.00000
  9747      5.45    -18.75  1.00000
  9748      5.45    -18.70  1.00000
  9749      5.45    -18.65  1.00000
  9750      5.45    -18.60  1.00000
  9751      5.45    -18.55  1.00000
  9752      5.45    -18.50  1.00000
  9753      5.45    -18.45  1.00000
  9754      5.45    -18.40  1.00000
  9755      5.45    -18.35  1.00000
  9756      5.45    -18.30  1.00000
  9757      5.45    -18.25  1.00000
  9758      5.45    -18.20  1.00000
  9759      5.45    -18.15  1.00000
  9760      5.45    -18.10  1.00000
  9761      5.45    -18.05  1.00000
  9762      5.45    -18.00  1.00000
  9763      5.45    -17.95  1.00000
  9764      5.45    -17.90  1.00000
  9765      5.45    -17.85  1.00000
  9766      5.45    -17.80  1.00000
  9767      5.45    -17.75  1.00000
  9768      5.45    -17.70  1.00000
  9769      5.45    -17.65  1.00000
  9770      5.45    -17.60  1.00000
  9771      5.45    -17.55  1.00000
  9772      5.45    -17.50  1.00000
  9773      5.45    -17.45  1.00000
  9774      5.45    -17.40  1.00000
  9775      5.45    -17.35  1.00000
  9776      5.45    -17.30  1.00000
  9777      5.45    -17.25  1.00000
  9778      5.45    -17.20  1.00000
  9779      5.45    -17.15  1.00000
  9780      5.45    -17.10  1.00000
  9781      5.45    -17.05  1.00000
  9782      5.45    -17.00  1.00000
  9783      5.45    -16.95  1.00000
  9784      5.45    -16.90  1.00000
  9785      5.45    -16.85  1.00000
  9786      5.45    -16.80  1.00000
  9787      5.45    -16.75  1.00000
  9788      5.45    -16.70  1.00000
  9789      5.45    -16.65  1.00000
  9790      5.45    -16.60  1.00000
  9791      5.45    -16.55  1.00000
  9792      5.45    -16.50  1.00000
  9793      5.45    -16.45  1.00000
  9794      5.45    -16.40  1.00000
  9795      5.45    -16.35  1.00000
  9796      5.45    -16.30  1.00000
  9797      5.45    -16.25  1.00000
  9798      5.45    -16.20  1.00000
  9799      5.45    -16.15  1.00000
  9800      5.45    -16.10  1.00000
  9801      5.45    -16.05  1.00000
  9802      5.45    -16.00  1.00000
  9803      5.45    -15.95  1.00000
  9804      5.45    -15.90  1.00000
  9805      5.45    -15.85  1.00000
  9806      5.45    -15.80  1.00000
  9807      5.45    -15.75  1.00000
  9808      5.45    -15.70  1.00000
  9809      5.45    -15.65  1.00000
  9810      5.45    -15.60  1.00000
  9811      5.45    -15.55  1.00000
  9812      5.45    -15.50  1.00000
  9813      5.45    -15.45  1.00000
  9814      5.45    -15.40  1.00000
  9815      5.45    -15.35  1.00000
  9816      5.50    -22.85  1.00000
  9817      5.50    -22.80  1.00000
  9818      5.50    -22.75  1.00000
  9819      5.50    -22.70  1.00000
  9820      5.50    -22.65  1.00000
  9821      5.50    -22.60  1.00000
  9822      5.50    -22.55  1.00000
  9823      5.50    -22.50  1.00000
  9824      5.50    -22.45  1.00000
  9825      5.50    -22.40  1.00000
  9826      5.50    -22.35  1.00000
  9827      5.50    -22.30  1.00000
  9828      5.50    -22.25  1.00000
  9829      5.50    -22.20  1.00000
  9830      5.50    -22.15  1.00000
  9831      5.50    -22.10  1.00000
  9832      5.50    -22.05  1.00000
  9833      5.50    -22.00  1.00000
  9834      5.50    -21.95  1.00000
  9835      5.50    -21.90  1.00000
  9836      5.50    -21.85  1.00000
  9837      5.50    -21.80  1.00000
  9838      5.50    -21.75  1.00000
  9839      5.50    -21.70  1.00000
  9840      5.50    -21.65  1.00000
  9841      5.50    -21.60  1.00000
  9842      5.50    -21.55  1.00000
  9843      5.50    -21.50  1.00000
  9844      5.50    -21.45  1.00000
  9845      5.50    -21.40  1.00000
  9846      5.50    -21.35  1.00000
  9847      5.50    -21.30  1.00000
  9848      5.50    -21.25  1.00000
  9849      5.50    -21.20  1.00000
  9850      5.50    -21.15  1.00000
  9851      5.50    -21.10  1.00000
  9852      5.50    -21.05  1.00000
  9853      5.50    -21.00  1.00000
  9854      5.50    -20.95  1.00000
  9855      5.50    -20.90  1.00000
  9856      5.50    -20.85  1.00000
  9857      5.50    -20.80  1.00000
  9858      5.50    -20.75  1.00000
  9859      5.50    -20.70  1.00000
  9860      5.50    -20.65  1.00000
  9861      5.50    -20.60  1.00000
  9862      5.50    -20.55  1.00000
  9863      5.50    -20.50  1.00000
  9864      5.50    -20.45  1.00000
  9865      5.50    -20.40  1.00000
  9866      5.50    -20.35  1.00000
  9867      5.50    -20.30  1.00000
  9868      5.50    -20.25  1.00000
  9869      5.50    -20.20  1.00000
  9870      5.50    -20.15  1.00000
  9871      5.50    -20.10  1.00000
  9872      5.50    -20.05  1.00000
  9873      5.50    -20.00  1.00000
  9874      5.50    -19.95  1.00000
  9875      5.50    -19.90  1.00000
  9876      5.50    -19.85  1.00000
  9877      5.50    -19.80  1.00000
  9878      5.50    -19.75  1.00000
  9879      5.50    -19.70  1.00000
  9880      5.50    -19.65  1.00000
  9881      5.50    -19.60  1.00000
  9882      5.50    -19.55  1.00000
  9883      5.50    -19.50  1.00000
  9884      5.50    -19.45  1.00000
  9885      5.50    -19.40  1.00000
  9886      5.50    -19.35  1.00000
  9887      5.50    -19.30  1.00000
  9888      5.50    -19.25  1.00000
  9889      5.50    -19.20  1.00000
  9890      5.50    -19.15  1.00000
  9891      5.50    -19.10  1.00000
  9892      5.50    -19.05  1.00000
  9893      5.50    -19.00  1.00000
  9894      5.50    -18.95  1.00000
  9895      5.50    -18.90  1.00000
  9896      5.50    -18.85  1.00000
  9897      5.50    -18.80  1.00000
  9898      5.50    -18.75  1.00000
  9899      5.50    -18.70  1.00000
  9900      5.50    -18.65  1.00000
  9901      5.50    -18.60  1.00000
  9902      5.50    -18.55  1.00000
  9903      5.50    -18.50  1.00000
  9904      5.50    -18.45  1.00000
  9905      5.50    -18.40  1.00000
  9906      5.50    -18.35  1.00000
  9907      5.50    -18.30  1.00000
  9908      5.50    -18.25  1.00000
  9909      5.50    -18.20  1.00000
  9910      5.50    -18.15  1.00000
  9911      5.50    -18.10  1.00000
  9912      5.50    -18.05  1.00000
  9913      5.50    -18.00  1.00000
  9914      5.50    -17.95  1.00000
  9915      5.50    -17.90  1.00000
  9916      5.50    -17.85  1.00000
  9917      5.50    -17.80  1.00000
  9918      5.50    -17.75  1.00000
  9919      5.50    -17.70  1.00000
  9920      5.50    -17.65  1.00000
  9921      5.50    -17.60  1.00000
  9922      5.50    -17.55  1.00000
  9923      5.50    -17.50  1.00000
  9924      5.50    -17.45  1.00000
  9925      5.50    -17.40  1.00000
  9926      5.50    -17.35  1.00000
  9927      5.50    -17.30  1.00000
  9928      5.50    -17.25  1.00000
  9929      5.50    -17.20  1.00000
  9930      5.50    -17.15  1.00000
  9931      5.50    -17.10  1.00000
  9932      5.50    -17.05  1.00000
  9933      5.50    -17.00  1.00000
  9934      5.50    -16.95  1.00000
  9935      5.50    -16.90  1.00000
  9936      5.50    -16.85  1.00000
  9937      5.50    -16.80  1.00000
  9938      5.50    -16.75  1.00000
  9939      5.50    -16.70  1.00000
  9940      5.50    -16.65  1.00000
  9941      5.50    -16.60  1.00000
  9942      5.50    -16.55  1.00000
  9943      5.50    -16.50  1.00000
  9944      5.50    -16.45  1.00000
  9945      5.50    -16.40  1.00000
  9946      5.50    -16.35  1.00000
  9947      5.50    -16.30  1.00000
  9948      5.50    -16.25  1.00000
  9949      5.50    -16.20  1.00000
  9950      5.50    -16.15  1.00000
  9951      5.50    -16.10  1.00000
  9952      5.50    -16.05  1.00000
  9953      5.50    -16.00  1.00000
  9954      5.50    -15.95  1.00000
  9955      5.50    -15.90  1.00000
  9956      5.50    -15.85  1.00000
  9957      5.50    -15.80  1.00000
  9958      5.50    -15.75  1.00000
  9959      5.50    -15.70  1.00000
  9960      5.50    -15.65  1.00000
  9961      5.50    -15.60  1.00000
  9962      5.50    -15.55  1.00000
  9963      5.50    -15.50  1.00000
  9964      5.50    -15.45  1.00000
  9965      5.50    -15.40  1.00000
  9966      5.50    -15.35  1.00000
  9967      5.55    -22.85  1.00000
  9968      5.55    -22.80  1.00000
  9969      5.55    -22.75  1.00000
  9970      5.55    -22.70  1.00000
  9971      5.55    -22.65  1.00000
  9972      5.55    -22.60  1.00000
  9973      5.55    -22.55  1.00000
  9974      5.55    -22.50  1.00000
  9975      5.55    -22.45  1.00000
  9976      5.55    -22.40  1.00000
  9977      5.55    -22.35  1.00000
  9978      5.55    -22.30  1.00000
  9979      5.55    -22.25  1.00000
  9980      5.55    -22.20  1.00000
  9981      5.55    -22.15  1.00000
  9982      5.55    -22.10  1.00000
  9983      5.55    -22.05  1.00000
  9984      5.55    -22.00  1.00000
  9985      5.55    -21.95  1.00000
  9986      5.55    -21.90  1.00000
  9987      5.55    -21.85  1.00000
  9988      5.55    -21.80  1.00000
  9989      5.55    -21.75  1.00000
  9990      5.55    -21.70  1.00000
  9991      5.55    -21.65  1.00000
  9992      5.55    -21.60  1.00000
  9993      5.55    -21.55  1.00000
  9994      5.55    -21.50  1.00000
  9995      5.55    -21.45  1.00000
  9996      5.55    -21.40  1.00000
  9997      5.55    -21.35  1.00000
  9998      5.55    -21.30  1.00000
  9999      5.55    -21.25  1.00000
  10000     5.55    -21.20  1.00000
  10001     5.55    -21.15  1.00000
  10002     5.55    -21.10  1.00000
  10003     5.55    -21.05  1.00000
  10004     5.55    -21.00  1.00000
  10005     5.55    -20.95  1.00000
  10006     5.55    -20.90  1.00000
  10007     5.55    -20.85  1.00000
  10008     5.55    -20.80  1.00000
  10009     5.55    -20.75  1.00000
  10010     5.55    -20.70  1.00000
  10011     5.55    -20.65  1.00000
  10012     5.55    -20.60  1.00000
  10013     5.55    -20.55  1.00000
  10014     5.55    -20.50  1.00000
  10015     5.55    -20.45  1.00000
  10016     5.55    -20.40  1.00000
  10017     5.55    -20.35  1.00000
  10018     5.55    -20.30  1.00000
  10019     5.55    -20.25  1.00000
  10020     5.55    -20.20  1.00000
  10021     5.55    -20.15  1.00000
  10022     5.55    -20.10  1.00000
  10023     5.55    -20.05  1.00000
  10024     5.55    -20.00  1.00000
  10025     5.55    -19.95  1.00000
  10026     5.55    -19.90  1.00000
  10027     5.55    -19.85  1.00000
  10028     5.55    -19.80  1.00000
  10029     5.55    -19.75  1.00000
  10030     5.55    -19.70  1.00000
  10031     5.55    -19.65  1.00000
  10032     5.55    -19.60  1.00000
  10033     5.55    -19.55  1.00000
  10034     5.55    -19.50  1.00000
  10035     5.55    -19.45  1.00000
  10036     5.55    -19.40  1.00000
  10037     5.55    -19.35  1.00000
  10038     5.55    -19.30  1.00000
  10039     5.55    -19.25  1.00000
  10040     5.55    -19.20  1.00000
  10041     5.55    -19.15  1.00000
  10042     5.55    -19.10  1.00000
  10043     5.55    -19.05  1.00000
  10044     5.55    -19.00  1.00000
  10045     5.55    -18.95  1.00000
  10046     5.55    -18.90  1.00000
  10047     5.55    -18.85  1.00000
  10048     5.55    -18.80  1.00000
  10049     5.55    -18.75  1.00000
  10050     5.55    -18.70  1.00000
  10051     5.55    -18.65  1.00000
  10052     5.55    -18.60  1.00000
  10053     5.55    -18.55  1.00000
  10054     5.55    -18.50  1.00000
  10055     5.55    -18.45  1.00000
  10056     5.55    -18.40  1.00000
  10057     5.55    -18.35  1.00000
  10058     5.55    -18.30  1.00000
  10059     5.55    -18.25  1.00000
  10060     5.55    -18.20  1.00000
  10061     5.55    -18.15  1.00000
  10062     5.55    -18.10  1.00000
  10063     5.55    -18.05  1.00000
  10064     5.55    -18.00  1.00000
  10065     5.55    -17.95  1.00000
  10066     5.55    -17.90  1.00000
  10067     5.55    -17.85  1.00000
  10068     5.55    -17.80  1.00000
  10069     5.55    -17.75  1.00000
  10070     5.55    -17.70  1.00000
  10071     5.55    -17.65  1.00000
  10072     5.55    -17.60  1.00000
  10073     5.55    -17.55  1.00000
  10074     5.55    -17.50  1.00000
  10075     5.55    -17.45  1.00000
  10076     5.55    -17.40  1.00000
  10077     5.55    -17.35  1.00000
  10078     5.55    -17.30  1.00000
  10079     5.55    -17.25  1.00000
  10080     5.55    -17.20  1.00000
  10081     5.55    -17.15  1.00000
  10082     5.55    -17.10  1.00000
  10083     5.55    -17.05  1.00000
  10084     5.55    -17.00  1.00000
  10085     5.55    -16.95  1.00000
  10086     5.55    -16.90  1.00000
  10087     5.55    -16.85  1.00000
  10088     5.55    -16.80  1.00000
  10089     5.55    -16.75  1.00000
  10090     5.55    -16.70  1.00000
  10091     5.55    -16.65  1.00000
  10092     5.55    -16.60  1.00000
  10093     5.55    -16.55  1.00000
  10094     5.55    -16.50  1.00000
  10095     5.55    -16.45  1.00000
  10096     5.55    -16.40  1.00000
  10097     5.55    -16.35  1.00000
  10098     5.55    -16.30  1.00000
  10099     5.55    -16.25  1.00000
  10100     5.55    -16.20  1.00000
  10101     5.55    -16.15  1.00000
  10102     5.55    -16.10  1.00000
  10103     5.55    -16.05  1.00000
  10104     5.55    -16.00  1.00000
  10105     5.55    -15.95  1.00000
  10106     5.55    -15.90  1.00000
  10107     5.55    -15.85  1.00000
  10108     5.55    -15.80  1.00000
  10109     5.55    -15.75  1.00000
  10110     5.55    -15.70  1.00000
  10111     5.55    -15.65  1.00000
  10112     5.55    -15.60  1.00000
  10113     5.55    -15.55  1.00000
  10114     5.55    -15.50  1.00000
  10115     5.55    -15.45  1.00000
  10116     5.55    -15.40  1.00000
  10117     5.55    -15.35  1.00000
  10118     5.60    -22.85  1.00000
  10119     5.60    -22.80  1.00000
  10120     5.60    -22.75  1.00000
  10121     5.60    -22.70  1.00000
  10122     5.60    -22.65  1.00000
  10123     5.60    -22.60  1.00000
  10124     5.60    -22.55  1.00000
  10125     5.60    -22.50  1.00000
  10126     5.60    -22.45  1.00000
  10127     5.60    -22.40  1.00000
  10128     5.60    -22.35  1.00000
  10129     5.60    -22.30  1.00000
  10130     5.60    -22.25  1.00000
  10131     5.60    -22.20  1.00000
  10132     5.60    -22.15  1.00000
  10133     5.60    -22.10  1.00000
  10134     5.60    -22.05  1.00000
  10135     5.60    -22.00  1.00000
  10136     5.60    -21.95  1.00000
  10137     5.60    -21.90  1.00000
  10138     5.60    -21.85  1.00000
  10139     5.60    -21.80  1.00000
  10140     5.60    -21.75  1.00000
  10141     5.60    -21.70  1.00000
  10142     5.60    -21.65  1.00000
  10143     5.60    -21.60  1.00000
  10144     5.60    -21.55  1.00000
  10145     5.60    -21.50  1.00000
  10146     5.60    -21.45  1.00000
  10147     5.60    -21.40  1.00000
  10148     5.60    -21.35  1.00000
  10149     5.60    -21.30  1.00000
  10150     5.60    -21.25  1.00000
  10151     5.60    -21.20  1.00000
  10152     5.60    -21.15  1.00000
  10153     5.60    -21.10  1.00000
  10154     5.60    -21.05  1.00000
  10155     5.60    -21.00  1.00000
  10156     5.60    -20.95  1.00000
  10157     5.60    -20.90  1.00000
  10158     5.60    -20.85  1.00000
  10159     5.60    -20.80  1.00000
  10160     5.60    -20.75  1.00000
  10161     5.60    -20.70  1.00000
  10162     5.60    -20.65  1.00000
  10163     5.60    -20.60  1.00000
  10164     5.60    -20.55  1.00000
  10165     5.60    -20.50  1.00000
  10166     5.60    -20.45  1.00000
  10167     5.60    -20.40  1.00000
  10168     5.60    -20.35  1.00000
  10169     5.60    -20.30  1.00000
  10170     5.60    -20.25  1.00000
  10171     5.60    -20.20  1.00000
  10172     5.60    -20.15  1.00000
  10173     5.60    -20.10  1.00000
  10174     5.60    -20.05  1.00000
  10175     5.60    -20.00  1.00000
  10176     5.60    -19.95  1.00000
  10177     5.60    -19.90  1.00000
  10178     5.60    -19.85  1.00000
  10179     5.60    -19.80  1.00000
  10180     5.60    -19.75  1.00000
  10181     5.60    -19.70  1.00000
  10182     5.60    -19.65  1.00000
  10183     5.60    -19.60  1.00000
  10184     5.60    -19.55  1.00000
  10185     5.60    -19.50  1.00000
  10186     5.60    -19.45  1.00000
  10187     5.60    -19.40  1.00000
  10188     5.60    -19.35  1.00000
  10189     5.60    -19.30  1.00000
  10190     5.60    -19.25  1.00000
  10191     5.60    -19.20  1.00000
  10192     5.60    -19.15  1.00000
  10193     5.60    -19.10  1.00000
  10194     5.60    -19.05  1.00000
  10195     5.60    -19.00  1.00000
  10196     5.60    -18.95  1.00000
  10197     5.60    -18.90  1.00000
  10198     5.60    -18.85  1.00000
  10199     5.60    -18.80  1.00000
  10200     5.60    -18.75  1.00000
  10201     5.60    -18.70  1.00000
  10202     5.60    -18.65  1.00000
  10203     5.60    -18.60  1.00000
  10204     5.60    -18.55  1.00000
  10205     5.60    -18.50  1.00000
  10206     5.60    -18.45  1.00000
  10207     5.60    -18.40  1.00000
  10208     5.60    -18.35  1.00000
  10209     5.60    -18.30  1.00000
  10210     5.60    -18.25  1.00000
  10211     5.60    -18.20  1.00000
  10212     5.60    -18.15  1.00000
  10213     5.60    -18.10  1.00000
  10214     5.60    -18.05  1.00000
  10215     5.60    -18.00  1.00000
  10216     5.60    -17.95  1.00000
  10217     5.60    -17.90  1.00000
  10218     5.60    -17.85  1.00000
  10219     5.60    -17.80  1.00000
  10220     5.60    -17.75  1.00000
  10221     5.60    -17.70  1.00000
  10222     5.60    -17.65  1.00000
  10223     5.60    -17.60  1.00000
  10224     5.60    -17.55  1.00000
  10225     5.60    -17.50  1.00000
  10226     5.60    -17.45  1.00000
  10227     5.60    -17.40  1.00000
  10228     5.60    -17.35  1.00000
  10229     5.60    -17.30  1.00000
  10230     5.60    -17.25  1.00000
  10231     5.60    -17.20  1.00000
  10232     5.60    -17.15  1.00000
  10233     5.60    -17.10  1.00000
  10234     5.60    -17.05  1.00000
  10235     5.60    -17.00  1.00000
  10236     5.60    -16.95  1.00000
  10237     5.60    -16.90  1.00000
  10238     5.60    -16.85  1.00000
  10239     5.60    -16.80  1.00000
  10240     5.60    -16.75  1.00000
  10241     5.60    -16.70  1.00000
  10242     5.60    -16.65  1.00000
  10243     5.60    -16.60  1.00000
  10244     5.60    -16.55  1.00000
  10245     5.60    -16.50  1.00000
  10246     5.60    -16.45  1.00000
  10247     5.60    -16.40  1.00000
  10248     5.60    -16.35  1.00000
  10249     5.60    -16.30  1.00000
  10250     5.60    -16.25  1.00000
  10251     5.60    -16.20  1.00000
  10252     5.60    -16.15  1.00000
  10253     5.60    -16.10  1.00000
  10254     5.60    -16.05  1.00000
  10255     5.60    -16.00  1.00000
  10256     5.60    -15.95  1.00000
  10257     5.60    -15.90  1.00000
  10258     5.60    -15.85  1.00000
  10259     5.60    -15.80  1.00000
  10260     5.60    -15.75  1.00000
  10261     5.60    -15.70  1.00000
  10262     5.60    -15.65  1.00000
  10263     5.60    -15.60  1.00000
  10264     5.60    -15.55  1.00000
  10265     5.60    -15.50  1.00000
  10266     5.60    -15.45  1.00000
  10267     5.60    -15.40  1.00000
  10268     5.60    -15.35  1.00000
  10269     5.65    -22.85  1.00000
  10270     5.65    -22.80  1.00000
  10271     5.65    -22.75  1.00000
  10272     5.65    -22.70  1.00000
  10273     5.65    -22.65  1.00000
  10274     5.65    -22.60  1.00000
  10275     5.65    -22.55  1.00000
  10276     5.65    -22.50  1.00000
  10277     5.65    -22.45  1.00000
  10278     5.65    -22.40  1.00000
  10279     5.65    -22.35  1.00000
  10280     5.65    -22.30  1.00000
  10281     5.65    -22.25  1.00000
  10282     5.65    -22.20  1.00000
  10283     5.65    -22.15  1.00000
  10284     5.65    -22.10  1.00000
  10285     5.65    -22.05  1.00000
  10286     5.65    -22.00  1.00000
  10287     5.65    -21.95  1.00000
  10288     5.65    -21.90  1.00000
  10289     5.65    -21.85  1.00000
  10290     5.65    -21.80  1.00000
  10291     5.65    -21.75  1.00000
  10292     5.65    -21.70  1.00000
  10293     5.65    -21.65  1.00000
  10294     5.65    -21.60  1.00000
  10295     5.65    -21.55  1.00000
  10296     5.65    -21.50  1.00000
  10297     5.65    -21.45  1.00000
  10298     5.65    -21.40  1.00000
  10299     5.65    -21.35  1.00000
  10300     5.65    -21.30  1.00000
  10301     5.65    -21.25  1.00000
  10302     5.65    -21.20  1.00000
  10303     5.65    -21.15  1.00000
  10304     5.65    -21.10  1.00000
  10305     5.65    -21.05  1.00000
  10306     5.65    -21.00  1.00000
  10307     5.65    -20.95  1.00000
  10308     5.65    -20.90  1.00000
  10309     5.65    -20.85  1.00000
  10310     5.65    -20.80  1.00000
  10311     5.65    -20.75  1.00000
  10312     5.65    -20.70  1.00000
  10313     5.65    -20.65  1.00000
  10314     5.65    -20.60  1.00000
  10315     5.65    -20.55  1.00000
  10316     5.65    -20.50  1.00000
  10317     5.65    -20.45  1.00000
  10318     5.65    -20.40  1.00000
  10319     5.65    -20.35  1.00000
  10320     5.65    -20.30  1.00000
  10321     5.65    -20.25  1.00000
  10322     5.65    -20.20  1.00000
  10323     5.65    -20.15  1.00000
  10324     5.65    -20.10  1.00000
  10325     5.65    -20.05  1.00000
  10326     5.65    -20.00  1.00000
  10327     5.65    -19.95  1.00000
  10328     5.65    -19.90  1.00000
  10329     5.65    -19.85  1.00000
  10330     5.65    -19.80  1.00000
  10331     5.65    -19.75  1.00000
  10332     5.65    -19.70  1.00000
  10333     5.65    -19.65  1.00000
  10334     5.65    -19.60  1.00000
  10335     5.65    -19.55  1.00000
  10336     5.65    -19.50  1.00000
  10337     5.65    -19.45  1.00000
  10338     5.65    -19.40  1.00000
  10339     5.65    -19.35  1.00000
  10340     5.65    -19.30  1.00000
  10341     5.65    -19.25  1.00000
  10342     5.65    -19.20  1.00000
  10343     5.65    -19.15  1.00000
  10344     5.65    -19.10  1.00000
  10345     5.65    -19.05  1.00000
  10346     5.65    -19.00  1.00000
  10347     5.65    -18.95  1.00000
  10348     5.65    -18.90  1.00000
  10349     5.65    -18.85  1.00000
  10350     5.65    -18.80  1.00000
  10351     5.65    -18.75  1.00000
  10352     5.65    -18.70  1.00000
  10353     5.65    -18.65  1.00000
  10354     5.65    -18.60  1.00000
  10355     5.65    -18.55  1.00000
  10356     5.65    -18.50  1.00000
  10357     5.65    -18.45  1.00000
  10358     5.65    -18.40  1.00000
  10359     5.65    -18.35  1.00000
  10360     5.65    -18.30  1.00000
  10361     5.65    -18.25  1.00000
  10362     5.65    -18.20  1.00000
  10363     5.65    -18.15  1.00000
  10364     5.65    -18.10  1.00000
  10365     5.65    -18.05  1.00000
  10366     5.65    -18.00  1.00000
  10367     5.65    -17.95  1.00000
  10368     5.65    -17.90  1.00000
  10369     5.65    -17.85  1.00000
  10370     5.65    -17.80  1.00000
  10371     5.65    -17.75  1.00000
  10372     5.65    -17.70  1.00000
  10373     5.65    -17.65  1.00000
  10374     5.65    -17.60  1.00000
  10375     5.65    -17.55  1.00000
  10376     5.65    -17.50  1.00000
  10377     5.65    -17.45  1.00000
  10378     5.65    -17.40  1.00000
  10379     5.65    -17.35  1.00000
  10380     5.65    -17.30  1.00000
  10381     5.65    -17.25  1.00000
  10382     5.65    -17.20  1.00000
  10383     5.65    -17.15  1.00000
  10384     5.65    -17.10  1.00000
  10385     5.65    -17.05  1.00000
  10386     5.65    -17.00  1.00000
  10387     5.65    -16.95  1.00000
  10388     5.65    -16.90  1.00000
  10389     5.65    -16.85  1.00000
  10390     5.65    -16.80  1.00000
  10391     5.65    -16.75  1.00000
  10392     5.65    -16.70  1.00000
  10393     5.65    -16.65  1.00000
  10394     5.65    -16.60  1.00000
  10395     5.65    -16.55  1.00000
  10396     5.65    -16.50  1.00000
  10397     5.65    -16.45  1.00000
  10398     5.65    -16.40  1.00000
  10399     5.65    -16.35  1.00000
  10400     5.65    -16.30  1.00000
  10401     5.65    -16.25  1.00000
  10402     5.65    -16.20  1.00000
  10403     5.65    -16.15  1.00000
  10404     5.65    -16.10  1.00000
  10405     5.65    -16.05  1.00000
  10406     5.65    -16.00  1.00000
  10407     5.65    -15.95  1.00000
  10408     5.65    -15.90  1.00000
  10409     5.65    -15.85  1.00000
  10410     5.65    -15.80  1.00000
  10411     5.65    -15.75  1.00000
  10412     5.65    -15.70  1.00000
  10413     5.65    -15.65  1.00000
  10414     5.65    -15.60  1.00000
  10415     5.65    -15.55  1.00000
  10416     5.65    -15.50  1.00000
  10417     5.65    -15.45  1.00000
  10418     5.65    -15.40  1.00000
  10419     5.65    -15.35  1.00000
  10420     5.70    -22.85  1.00000
  10421     5.70    -22.80  1.00000
  10422     5.70    -22.75  1.00000
  10423     5.70    -22.70  1.00000
  10424     5.70    -22.65  1.00000
  10425     5.70    -22.60  1.00000
  10426     5.70    -22.55  1.00000
  10427     5.70    -22.50  1.00000
  10428     5.70    -22.45  1.00000
  10429     5.70    -22.40  1.00000
  10430     5.70    -22.35  1.00000
  10431     5.70    -22.30  1.00000
  10432     5.70    -22.25  1.00000
  10433     5.70    -22.20  1.00000
  10434     5.70    -22.15  1.00000
  10435     5.70    -22.10  1.00000
  10436     5.70    -22.05  1.00000
  10437     5.70    -22.00  1.00000
  10438     5.70    -21.95  1.00000
  10439     5.70    -21.90  1.00000
  10440     5.70    -21.85  1.00000
  10441     5.70    -21.80  1.00000
  10442     5.70    -21.75  1.00000
  10443     5.70    -21.70  1.00000
  10444     5.70    -21.65  1.00000
  10445     5.70    -21.60  1.00000
  10446     5.70    -21.55  1.00000
  10447     5.70    -21.50  1.00000
  10448     5.70    -21.45  1.00000
  10449     5.70    -21.40  1.00000
  10450     5.70    -21.35  1.00000
  10451     5.70    -21.30  1.00000
  10452     5.70    -21.25  1.00000
  10453     5.70    -21.20  1.00000
  10454     5.70    -21.15  1.00000
  10455     5.70    -21.10  1.00000
  10456     5.70    -21.05  1.00000
  10457     5.70    -21.00  1.00000
  10458     5.70    -20.95  1.00000
  10459     5.70    -20.90  1.00000
  10460     5.70    -20.85  1.00000
  10461     5.70    -20.80  1.00000
  10462     5.70    -20.75  1.00000
  10463     5.70    -20.70  1.00000
  10464     5.70    -20.65  1.00000
  10465     5.70    -20.60  1.00000
  10466     5.70    -20.55  1.00000
  10467     5.70    -20.50  1.00000
  10468     5.70    -20.45  1.00000
  10469     5.70    -20.40  1.00000
  10470     5.70    -20.35  1.00000
  10471     5.70    -20.30  1.00000
  10472     5.70    -20.25  1.00000
  10473     5.70    -20.20  1.00000
  10474     5.70    -20.15  1.00000
  10475     5.70    -20.10  1.00000
  10476     5.70    -20.05  1.00000
  10477     5.70    -20.00  1.00000
  10478     5.70    -19.95  1.00000
  10479     5.70    -19.90  1.00000
  10480     5.70    -19.85  1.00000
  10481     5.70    -19.80  1.00000
  10482     5.70    -19.75  1.00000
  10483     5.70    -19.70  1.00000
  10484     5.70    -19.65  1.00000
  10485     5.70    -19.60  1.00000
  10486     5.70    -19.55  1.00000
  10487     5.70    -19.50  1.00000
  10488     5.70    -19.45  1.00000
  10489     5.70    -19.40  1.00000
  10490     5.70    -19.35  1.00000
  10491     5.70    -19.30  1.00000
  10492     5.70    -19.25  1.00000
  10493     5.70    -19.20  1.00000
  10494     5.70    -19.15  1.00000
  10495     5.70    -19.10  1.00000
  10496     5.70    -19.05  1.00000
  10497     5.70    -19.00  1.00000
  10498     5.70    -18.95  1.00000
  10499     5.70    -18.90  1.00000
  10500     5.70    -18.85  1.00000
  10501     5.70    -18.80  1.00000
  10502     5.70    -18.75  1.00000
  10503     5.70    -18.70  1.00000
  10504     5.70    -18.65  1.00000
  10505     5.70    -18.60  1.00000
  10506     5.70    -18.55  1.00000
  10507     5.70    -18.50  1.00000
  10508     5.70    -18.45  1.00000
  10509     5.70    -18.40  1.00000
  10510     5.70    -18.35  1.00000
  10511     5.70    -18.30  1.00000
  10512     5.70    -18.25  1.00000
  10513     5.70    -18.20  1.00000
  10514     5.70    -18.15  1.00000
  10515     5.70    -18.10  1.00000
  10516     5.70    -18.05  1.00000
  10517     5.70    -18.00  1.00000
  10518     5.70    -17.95  1.00000
  10519     5.70    -17.90  1.00000
  10520     5.70    -17.85  1.00000
  10521     5.70    -17.80  1.00000
  10522     5.70    -17.75  1.00000
  10523     5.70    -17.70  1.00000
  10524     5.70    -17.65  1.00000
  10525     5.70    -17.60  1.00000
  10526     5.70    -17.55  1.00000
  10527     5.70    -17.50  1.00000
  10528     5.70    -17.45  1.00000
  10529     5.70    -17.40  1.00000
  10530     5.70    -17.35  1.00000
  10531     5.70    -17.30  1.00000
  10532     5.70    -17.25  1.00000
  10533     5.70    -17.20  1.00000
  10534     5.70    -17.15  1.00000
  10535     5.70    -17.10  1.00000
  10536     5.70    -17.05  1.00000
  10537     5.70    -17.00  1.00000
  10538     5.70    -16.95  1.00000
  10539     5.70    -16.90  1.00000
  10540     5.70    -16.85  1.00000
  10541     5.70    -16.80  1.00000
  10542     5.70    -16.75  1.00000
  10543     5.70    -16.70  1.00000
  10544     5.70    -16.65  1.00000
  10545     5.70    -16.60  1.00000
  10546     5.70    -16.55  1.00000
  10547     5.70    -16.50  1.00000
  10548     5.70    -16.45  1.00000
  10549     5.70    -16.40  1.00000
  10550     5.70    -16.35  1.00000
  10551     5.70    -16.30  1.00000
  10552     5.70    -16.25  1.00000
  10553     5.70    -16.20  1.00000
  10554     5.70    -16.15  1.00000
  10555     5.70    -16.10  1.00000
  10556     5.70    -16.05  1.00000
  10557     5.70    -16.00  1.00000
  10558     5.70    -15.95  1.00000
  10559     5.70    -15.90  1.00000
  10560     5.70    -15.85  1.00000
  10561     5.70    -15.80  1.00000
  10562     5.70    -15.75  1.00000
  10563     5.70    -15.70  1.00000
  10564     5.70    -15.65  1.00000
  10565     5.70    -15.60  1.00000
  10566     5.70    -15.55  1.00000
  10567     5.70    -15.50  1.00000
  10568     5.70    -15.45  1.00000
  10569     5.70    -15.40  1.00000
  10570     5.70    -15.35  1.00000
  10571     5.75    -22.85  1.00000
  10572     5.75    -22.80  1.00000
  10573     5.75    -22.75  1.00000
  10574     5.75    -22.70  1.00000
  10575     5.75    -22.65  1.00000
  10576     5.75    -22.60  1.00000
  10577     5.75    -22.55  1.00000
  10578     5.75    -22.50  1.00000
  10579     5.75    -22.45  1.00000
  10580     5.75    -22.40  1.00000
  10581     5.75    -22.35  1.00000
  10582     5.75    -22.30  1.00000
  10583     5.75    -22.25  1.00000
  10584     5.75    -22.20  1.00000
  10585     5.75    -22.15  1.00000
  10586     5.75    -22.10  1.00000
  10587     5.75    -22.05  1.00000
  10588     5.75    -22.00  1.00000
  10589     5.75    -21.95  1.00000
  10590     5.75    -21.90  1.00000
  10591     5.75    -21.85  1.00000
  10592     5.75    -21.80  1.00000
  10593     5.75    -21.75  1.00000
  10594     5.75    -21.70  1.00000
  10595     5.75    -21.65  1.00000
  10596     5.75    -21.60  1.00000
  10597     5.75    -21.55  1.00000
  10598     5.75    -21.50  1.00000
  10599     5.75    -21.45  1.00000
  10600     5.75    -21.40  1.00000
  10601     5.75    -21.35  1.00000
  10602     5.75    -21.30  1.00000
  10603     5.75    -21.25  1.00000
  10604     5.75    -21.20  1.00000
  10605     5.75    -21.15  1.00000
  10606     5.75    -21.10  1.00000
  10607     5.75    -21.05  1.00000
  10608     5.75    -21.00  1.00000
  10609     5.75    -20.95  1.00000
  10610     5.75    -20.90  1.00000
  10611     5.75    -20.85  1.00000
  10612     5.75    -20.80  1.00000
  10613     5.75    -20.75  1.00000
  10614     5.75    -20.70  1.00000
  10615     5.75    -20.65  1.00000
  10616     5.75    -20.60  1.00000
  10617     5.75    -20.55  1.00000
  10618     5.75    -20.50  1.00000
  10619     5.75    -20.45  1.00000
  10620     5.75    -20.40  1.00000
  10621     5.75    -20.35  1.00000
  10622     5.75    -20.30  1.00000
  10623     5.75    -20.25  1.00000
  10624     5.75    -20.20  1.00000
  10625     5.75    -20.15  1.00000
  10626     5.75    -20.10  1.00000
  10627     5.75    -20.05  1.00000
  10628     5.75    -20.00  1.00000
  10629     5.75    -19.95  1.00000
  10630     5.75    -19.90  1.00000
  10631     5.75    -19.85  1.00000
  10632     5.75    -19.80  1.00000
  10633     5.75    -19.75  1.00000
  10634     5.75    -19.70  1.00000
  10635     5.75    -19.65  1.00000
  10636     5.75    -19.60  1.00000
  10637     5.75    -19.55  1.00000
  10638     5.75    -19.50  1.00000
  10639     5.75    -19.45  1.00000
  10640     5.75    -19.40  1.00000
  10641     5.75    -19.35  1.00000
  10642     5.75    -19.30  1.00000
  10643     5.75    -19.25  1.00000
  10644     5.75    -19.20  1.00000
  10645     5.75    -19.15  1.00000
  10646     5.75    -19.10  1.00000
  10647     5.75    -19.05  1.00000
  10648     5.75    -19.00  1.00000
  10649     5.75    -18.95  1.00000
  10650     5.75    -18.90  1.00000
  10651     5.75    -18.85  1.00000
  10652     5.75    -18.80  1.00000
  10653     5.75    -18.75  1.00000
  10654     5.75    -18.70  1.00000
  10655     5.75    -18.65  1.00000
  10656     5.75    -18.60  1.00000
  10657     5.75    -18.55  1.00000
  10658     5.75    -18.50  1.00000
  10659     5.75    -18.45  1.00000
  10660     5.75    -18.40  1.00000
  10661     5.75    -18.35  1.00000
  10662     5.75    -18.30  1.00000
  10663     5.75    -18.25  1.00000
  10664     5.75    -18.20  1.00000
  10665     5.75    -18.15  1.00000
  10666     5.75    -18.10  1.00000
  10667     5.75    -18.05  1.00000
  10668     5.75    -18.00  1.00000
  10669     5.75    -17.95  1.00000
  10670     5.75    -17.90  1.00000
  10671     5.75    -17.85  1.00000
  10672     5.75    -17.80  1.00000
  10673     5.75    -17.75  1.00000
  10674     5.75    -17.70  1.00000
  10675     5.75    -17.65  1.00000
  10676     5.75    -17.60  1.00000
  10677     5.75    -17.55  1.00000
  10678     5.75    -17.50  1.00000
  10679     5.75    -17.45  1.00000
  10680     5.75    -17.40  1.00000
  10681     5.75    -17.35  1.00000
  10682     5.75    -17.30  1.00000
  10683     5.75    -17.25  1.00000
  10684     5.75    -17.20  1.00000
  10685     5.75    -17.15  1.00000
  10686     5.75    -17.10  1.00000
  10687     5.75    -17.05  1.00000
  10688     5.75    -17.00  1.00000
  10689     5.75    -16.95  1.00000
  10690     5.75    -16.90  1.00000
  10691     5.75    -16.85  1.00000
  10692     5.75    -16.80  1.00000
  10693     5.75    -16.75  1.00000
  10694     5.75    -16.70  1.00000
  10695     5.75    -16.65  1.00000
  10696     5.75    -16.60  1.00000
  10697     5.75    -16.55  1.00000
  10698     5.75    -16.50  1.00000
  10699     5.75    -16.45  1.00000
  10700     5.75    -16.40  1.00000
  10701     5.75    -16.35  1.00000
  10702     5.75    -16.30  1.00000
  10703     5.75    -16.25  1.00000
  10704     5.75    -16.20  1.00000
  10705     5.75    -16.15  1.00000
  10706     5.75    -16.10  1.00000
  10707     5.75    -16.05  1.00000
  10708     5.75    -16.00  1.00000
  10709     5.75    -15.95  1.00000
  10710     5.75    -15.90  1.00000
  10711     5.75    -15.85  1.00000
  10712     5.75    -15.80  1.00000
  10713     5.75    -15.75  1.00000
  10714     5.75    -15.70  1.00000
  10715     5.75    -15.65  1.00000
  10716     5.75    -15.60  1.00000
  10717     5.75    -15.55  1.00000
  10718     5.75    -15.50  1.00000
  10719     5.75    -15.45  1.00000
  10720     5.75    -15.40  1.00000
  10721     5.75    -15.35  1.00000
  10722     5.80    -22.85  1.00000
  10723     5.80    -22.80  1.00000
  10724     5.80    -22.75  1.00000
  10725     5.80    -22.70  1.00000
  10726     5.80    -22.65  1.00000
  10727     5.80    -22.60  1.00000
  10728     5.80    -22.55  1.00000
  10729     5.80    -22.50  1.00000
  10730     5.80    -22.45  1.00000
  10731     5.80    -22.40  1.00000
  10732     5.80    -22.35  1.00000
  10733     5.80    -22.30  1.00000
  10734     5.80    -22.25  1.00000
  10735     5.80    -22.20  1.00000
  10736     5.80    -22.15  1.00000
  10737     5.80    -22.10  1.00000
  10738     5.80    -22.05  1.00000
  10739     5.80    -22.00  1.00000
  10740     5.80    -21.95  1.00000
  10741     5.80    -21.90  1.00000
  10742     5.80    -21.85  1.00000
  10743     5.80    -21.80  1.00000
  10744     5.80    -21.75  1.00000
  10745     5.80    -21.70  1.00000
  10746     5.80    -21.65  1.00000
  10747     5.80    -21.60  1.00000
  10748     5.80    -21.55  1.00000
  10749     5.80    -21.50  1.00000
  10750     5.80    -21.45  1.00000
  10751     5.80    -21.40  1.00000
  10752     5.80    -21.35  1.00000
  10753     5.80    -21.30  1.00000
  10754     5.80    -21.25  1.00000
  10755     5.80    -21.20  1.00000
  10756     5.80    -21.15  1.00000
  10757     5.80    -21.10  1.00000
  10758     5.80    -21.05  1.00000
  10759     5.80    -21.00  1.00000
  10760     5.80    -20.95  1.00000
  10761     5.80    -20.90  1.00000
  10762     5.80    -20.85  1.00000
  10763     5.80    -20.80  1.00000
  10764     5.80    -20.75  1.00000
  10765     5.80    -20.70  1.00000
  10766     5.80    -20.65  1.00000
  10767     5.80    -20.60  1.00000
  10768     5.80    -20.55  1.00000
  10769     5.80    -20.50  1.00000
  10770     5.80    -20.45  1.00000
  10771     5.80    -20.40  1.00000
  10772     5.80    -20.35  1.00000
  10773     5.80    -20.30  1.00000
  10774     5.80    -20.25  1.00000
  10775     5.80    -20.20  1.00000
  10776     5.80    -20.15  1.00000
  10777     5.80    -20.10  1.00000
  10778     5.80    -20.05  1.00000
  10779     5.80    -20.00  1.00000
  10780     5.80    -19.95  1.00000
  10781     5.80    -19.90  1.00000
  10782     5.80    -19.85  1.00000
  10783     5.80    -19.80  1.00000
  10784     5.80    -19.75  1.00000
  10785     5.80    -19.70  1.00000
  10786     5.80    -19.65  1.00000
  10787     5.80    -19.60  1.00000
  10788     5.80    -19.55  1.00000
  10789     5.80    -19.50  1.00000
  10790     5.80    -19.45  1.00000
  10791     5.80    -19.40  1.00000
  10792     5.80    -19.35  1.00000
  10793     5.80    -19.30  1.00000
  10794     5.80    -19.25  1.00000
  10795     5.80    -19.20  1.00000
  10796     5.80    -19.15  1.00000
  10797     5.80    -19.10  1.00000
  10798     5.80    -19.05  1.00000
  10799     5.80    -19.00  1.00000
  10800     5.80    -18.95  1.00000
  10801     5.80    -18.90  1.00000
  10802     5.80    -18.85  1.00000
  10803     5.80    -18.80  1.00000
  10804     5.80    -18.75  1.00000
  10805     5.80    -18.70  1.00000
  10806     5.80    -18.65  1.00000
  10807     5.80    -18.60  1.00000
  10808     5.80    -18.55  1.00000
  10809     5.80    -18.50  1.00000
  10810     5.80    -18.45  1.00000
  10811     5.80    -18.40  1.00000
  10812     5.80    -18.35  1.00000
  10813     5.80    -18.30  1.00000
  10814     5.80    -18.25  1.00000
  10815     5.80    -18.20  1.00000
  10816     5.80    -18.15  1.00000
  10817     5.80    -18.10  1.00000
  10818     5.80    -18.05  1.00000
  10819     5.80    -18.00  1.00000
  10820     5.80    -17.95  1.00000
  10821     5.80    -17.90  1.00000
  10822     5.80    -17.85  1.00000
  10823     5.80    -17.80  1.00000
  10824     5.80    -17.75  1.00000
  10825     5.80    -17.70  1.00000
  10826     5.80    -17.65  1.00000
  10827     5.80    -17.60  1.00000
  10828     5.80    -17.55  1.00000
  10829     5.80    -17.50  1.00000
  10830     5.80    -17.45  1.00000
  10831     5.80    -17.40  1.00000
  10832     5.80    -17.35  1.00000
  10833     5.80    -17.30  1.00000
  10834     5.80    -17.25  1.00000
  10835     5.80    -17.20  1.00000
  10836     5.80    -17.15  1.00000
  10837     5.80    -17.10  1.00000
  10838     5.80    -17.05  1.00000
  10839     5.80    -17.00  1.00000
  10840     5.80    -16.95  1.00000
  10841     5.80    -16.90  1.00000
  10842     5.80    -16.85  1.00000
  10843     5.80    -16.80  1.00000
  10844     5.80    -16.75  1.00000
  10845     5.80    -16.70  1.00000
  10846     5.80    -16.65  1.00000
  10847     5.80    -16.60  1.00000
  10848     5.80    -16.55  1.00000
  10849     5.80    -16.50  1.00000
  10850     5.80    -16.45  1.00000
  10851     5.80    -16.40  1.00000
  10852     5.80    -16.35  1.00000
  10853     5.80    -16.30  1.00000
  10854     5.80    -16.25  1.00000
  10855     5.80    -16.20  1.00000
  10856     5.80    -16.15  1.00000
  10857     5.80    -16.10  1.00000
  10858     5.80    -16.05  1.00000
  10859     5.80    -16.00  1.00000
  10860     5.80    -15.95  1.00000
  10861     5.80    -15.90  1.00000
  10862     5.80    -15.85  1.00000
  10863     5.80    -15.80  1.00000
  10864     5.80    -15.75  1.00000
  10865     5.80    -15.70  1.00000
  10866     5.80    -15.65  1.00000
  10867     5.80    -15.60  1.00000
  10868     5.80    -15.55  1.00000
  10869     5.80    -15.50  1.00000
  10870     5.80    -15.45  1.00000
  10871     5.80    -15.40  1.00000
  10872     5.80    -15.35  1.00000
  10873     5.85    -22.85  1.00000
  10874     5.85    -22.80  1.00000
  10875     5.85    -22.75  1.00000
  10876     5.85    -22.70  1.00000
  10877     5.85    -22.65  1.00000
  10878     5.85    -22.60  1.00000
  10879     5.85    -22.55  1.00000
  10880     5.85    -22.50  1.00000
  10881     5.85    -22.45  1.00000
  10882     5.85    -22.40  1.00000
  10883     5.85    -22.35  1.00000
  10884     5.85    -22.30  1.00000
  10885     5.85    -22.25  1.00000
  10886     5.85    -22.20  1.00000
  10887     5.85    -22.15  1.00000
  10888     5.85    -22.10  1.00000
  10889     5.85    -22.05  1.00000
  10890     5.85    -22.00  1.00000
  10891     5.85    -21.95  1.00000
  10892     5.85    -21.90  1.00000
  10893     5.85    -21.85  1.00000
  10894     5.85    -21.80  1.00000
  10895     5.85    -21.75  1.00000
  10896     5.85    -21.70  1.00000
  10897     5.85    -21.65  1.00000
  10898     5.85    -21.60  1.00000
  10899     5.85    -21.55  1.00000
  10900     5.85    -21.50  1.00000
  10901     5.85    -21.45  1.00000
  10902     5.85    -21.40  1.00000
  10903     5.85    -21.35  1.00000
  10904     5.85    -21.30  1.00000
  10905     5.85    -21.25  1.00000
  10906     5.85    -21.20  1.00000
  10907     5.85    -21.15  1.00000
  10908     5.85    -21.10  1.00000
  10909     5.85    -21.05  1.00000
  10910     5.85    -21.00  1.00000
  10911     5.85    -20.95  1.00000
  10912     5.85    -20.90  1.00000
  10913     5.85    -20.85  1.00000
  10914     5.85    -20.80  1.00000
  10915     5.85    -20.75  1.00000
  10916     5.85    -20.70  1.00000
  10917     5.85    -20.65  1.00000
  10918     5.85    -20.60  1.00000
  10919     5.85    -20.55  1.00000
  10920     5.85    -20.50  1.00000
  10921     5.85    -20.45  1.00000
  10922     5.85    -20.40  1.00000
  10923     5.85    -20.35  1.00000
  10924     5.85    -20.30  1.00000
  10925     5.85    -20.25  1.00000
  10926     5.85    -20.20  1.00000
  10927     5.85    -20.15  1.00000
  10928     5.85    -20.10  1.00000
  10929     5.85    -20.05  1.00000
  10930     5.85    -20.00  1.00000
  10931     5.85    -19.95  1.00000
  10932     5.85    -19.90  1.00000
  10933     5.85    -19.85  1.00000
  10934     5.85    -19.80  1.00000
  10935     5.85    -19.75  1.00000
  10936     5.85    -19.70  1.00000
  10937     5.85    -19.65  1.00000
  10938     5.85    -19.60  1.00000
  10939     5.85    -19.55  1.00000
  10940     5.85    -19.50  1.00000
  10941     5.85    -19.45  1.00000
  10942     5.85    -19.40  1.00000
  10943     5.85    -19.35  1.00000
  10944     5.85    -19.30  1.00000
  10945     5.85    -19.25  1.00000
  10946     5.85    -19.20  1.00000
  10947     5.85    -19.15  1.00000
  10948     5.85    -19.10  1.00000
  10949     5.85    -19.05  1.00000
  10950     5.85    -19.00  1.00000
  10951     5.85    -18.95  1.00000
  10952     5.85    -18.90  1.00000
  10953     5.85    -18.85  1.00000
  10954     5.85    -18.80  1.00000
  10955     5.85    -18.75  1.00000
  10956     5.85    -18.70  1.00000
  10957     5.85    -18.65  1.00000
  10958     5.85    -18.60  1.00000
  10959     5.85    -18.55  1.00000
  10960     5.85    -18.50  1.00000
  10961     5.85    -18.45  1.00000
  10962     5.85    -18.40  1.00000
  10963     5.85    -18.35  1.00000
  10964     5.85    -18.30  1.00000
  10965     5.85    -18.25  1.00000
  10966     5.85    -18.20  1.00000
  10967     5.85    -18.15  1.00000
  10968     5.85    -18.10  1.00000
  10969     5.85    -18.05  1.00000
  10970     5.85    -18.00  1.00000
  10971     5.85    -17.95  1.00000
  10972     5.85    -17.90  1.00000
  10973     5.85    -17.85  1.00000
  10974     5.85    -17.80  1.00000
  10975     5.85    -17.75  1.00000
  10976     5.85    -17.70  1.00000
  10977     5.85    -17.65  1.00000
  10978     5.85    -17.60  1.00000
  10979     5.85    -17.55  1.00000
  10980     5.85    -17.50  1.00000
  10981     5.85    -17.45  1.00000
  10982     5.85    -17.40  1.00000
  10983     5.85    -17.35  1.00000
  10984     5.85    -17.30  1.00000
  10985     5.85    -17.25  1.00000
  10986     5.85    -17.20  1.00000
  10987     5.85    -17.15  1.00000
  10988     5.85    -17.10  1.00000
  10989     5.85    -17.05  1.00000
  10990     5.85    -17.00  1.00000
  10991     5.85    -16.95  1.00000
  10992     5.85    -16.90  1.00000
  10993     5.85    -16.85  1.00000
  10994     5.85    -16.80  1.00000
  10995     5.85    -16.75  1.00000
  10996     5.85    -16.70  1.00000
  10997     5.85    -16.65  1.00000
  10998     5.85    -16.60  1.00000
  10999     5.85    -16.55  1.00000
  11000     5.85    -16.50  1.00000
  11001     5.85    -16.45  1.00000
  11002     5.85    -16.40  1.00000
  11003     5.85    -16.35  1.00000
  11004     5.85    -16.30  1.00000
  11005     5.85    -16.25  1.00000
  11006     5.85    -16.20  1.00000
  11007     5.85    -16.15  1.00000
  11008     5.85    -16.10  1.00000
  11009     5.85    -16.05  1.00000
  11010     5.85    -16.00  1.00000
  11011     5.85    -15.95  1.00000
  11012     5.85    -15.90  1.00000
  11013     5.85    -15.85  1.00000
  11014     5.85    -15.80  1.00000
  11015     5.85    -15.75  1.00000
  11016     5.85    -15.70  1.00000
  11017     5.85    -15.65  1.00000
  11018     5.85    -15.60  1.00000
  11019     5.85    -15.55  1.00000
  11020     5.85    -15.50  1.00000
  11021     5.85    -15.45  1.00000
  11022     5.85    -15.40  1.00000
  11023     5.85    -15.35  1.00000
  11024     5.90    -22.85  1.00000
  11025     5.90    -22.80  1.00000
  11026     5.90    -22.75  1.00000
  11027     5.90    -22.70  1.00000
  11028     5.90    -22.65  1.00000
  11029     5.90    -22.60  1.00000
  11030     5.90    -22.55  1.00000
  11031     5.90    -22.50  1.00000
  11032     5.90    -22.45  1.00000
  11033     5.90    -22.40  1.00000
  11034     5.90    -22.35  1.00000
  11035     5.90    -22.30  1.00000
  11036     5.90    -22.25  1.00000
  11037     5.90    -22.20  1.00000
  11038     5.90    -22.15  1.00000
  11039     5.90    -22.10  1.00000
  11040     5.90    -22.05  1.00000
  11041     5.90    -22.00  1.00000
  11042     5.90    -21.95  1.00000
  11043     5.90    -21.90  1.00000
  11044     5.90    -21.85  1.00000
  11045     5.90    -21.80  1.00000
  11046     5.90    -21.75  1.00000
  11047     5.90    -21.70  1.00000
  11048     5.90    -21.65  1.00000
  11049     5.90    -21.60  1.00000
  11050     5.90    -21.55  1.00000
  11051     5.90    -21.50  1.00000
  11052     5.90    -21.45  1.00000
  11053     5.90    -21.40  1.00000
  11054     5.90    -21.35  1.00000
  11055     5.90    -21.30  1.00000
  11056     5.90    -21.25  1.00000
  11057     5.90    -21.20  1.00000
  11058     5.90    -21.15  1.00000
  11059     5.90    -21.10  1.00000
  11060     5.90    -21.05  1.00000
  11061     5.90    -21.00  1.00000
  11062     5.90    -20.95  1.00000
  11063     5.90    -20.90  1.00000
  11064     5.90    -20.85  1.00000
  11065     5.90    -20.80  1.00000
  11066     5.90    -20.75  1.00000
  11067     5.90    -20.70  1.00000
  11068     5.90    -20.65  1.00000
  11069     5.90    -20.60  1.00000
  11070     5.90    -20.55  1.00000
  11071     5.90    -20.50  1.00000
  11072     5.90    -20.45  1.00000
  11073     5.90    -20.40  1.00000
  11074     5.90    -20.35  1.00000
  11075     5.90    -20.30  1.00000
  11076     5.90    -20.25  1.00000
  11077     5.90    -20.20  1.00000
  11078     5.90    -20.15  1.00000
  11079     5.90    -20.10  1.00000
  11080     5.90    -20.05  1.00000
  11081     5.90    -20.00  1.00000
  11082     5.90    -19.95  1.00000
  11083     5.90    -19.90  1.00000
  11084     5.90    -19.85  1.00000
  11085     5.90    -19.80  1.00000
  11086     5.90    -19.75  1.00000
  11087     5.90    -19.70  1.00000
  11088     5.90    -19.65  1.00000
  11089     5.90    -19.60  1.00000
  11090     5.90    -19.55  1.00000
  11091     5.90    -19.50  1.00000
  11092     5.90    -19.45  1.00000
  11093     5.90    -19.40  1.00000
  11094     5.90    -19.35  1.00000
  11095     5.90    -19.30  1.00000
  11096     5.90    -19.25  1.00000
  11097     5.90    -19.20  1.00000
  11098     5.90    -19.15  1.00000
  11099     5.90    -19.10  1.00000
  11100     5.90    -19.05  1.00000
  11101     5.90    -19.00  1.00000
  11102     5.90    -18.95  1.00000
  11103     5.90    -18.90  1.00000
  11104     5.90    -18.85  1.00000
  11105     5.90    -18.80  1.00000
  11106     5.90    -18.75  1.00000
  11107     5.90    -18.70  1.00000
  11108     5.90    -18.65  1.00000
  11109     5.90    -18.60  1.00000
  11110     5.90    -18.55  1.00000
  11111     5.90    -18.50  1.00000
  11112     5.90    -18.45  1.00000
  11113     5.90    -18.40  1.00000
  11114     5.90    -18.35  1.00000
  11115     5.90    -18.30  1.00000
  11116     5.90    -18.25  1.00000
  11117     5.90    -18.20  1.00000
  11118     5.90    -18.15  1.00000
  11119     5.90    -18.10  1.00000
  11120     5.90    -18.05  1.00000
  11121     5.90    -18.00  1.00000
  11122     5.90    -17.95  1.00000
  11123     5.90    -17.90  1.00000
  11124     5.90    -17.85  1.00000
  11125     5.90    -17.80  1.00000
  11126     5.90    -17.75  1.00000
  11127     5.90    -17.70  1.00000
  11128     5.90    -17.65  1.00000
  11129     5.90    -17.60  1.00000
  11130     5.90    -17.55  1.00000
  11131     5.90    -17.50  1.00000
  11132     5.90    -17.45  1.00000
  11133     5.90    -17.40  1.00000
  11134     5.90    -17.35  1.00000
  11135     5.90    -17.30  1.00000
  11136     5.90    -17.25  1.00000
  11137     5.90    -17.20  1.00000
  11138     5.90    -17.15  1.00000
  11139     5.90    -17.10  1.00000
  11140     5.90    -17.05  1.00000
  11141     5.90    -17.00  1.00000
  11142     5.90    -16.95  1.00000
  11143     5.90    -16.90  1.00000
  11144     5.90    -16.85  1.00000
  11145     5.90    -16.80  1.00000
  11146     5.90    -16.75  1.00000
  11147     5.90    -16.70  1.00000
  11148     5.90    -16.65  1.00000
  11149     5.90    -16.60  1.00000
  11150     5.90    -16.55  1.00000
  11151     5.90    -16.50  1.00000
  11152     5.90    -16.45  1.00000
  11153     5.90    -16.40  1.00000
  11154     5.90    -16.35  1.00000
  11155     5.90    -16.30  1.00000
  11156     5.90    -16.25  1.00000
  11157     5.90    -16.20  1.00000
  11158     5.90    -16.15  1.00000
  11159     5.90    -16.10  1.00000
  11160     5.90    -16.05  1.00000
  11161     5.90    -16.00  1.00000
  11162     5.90    -15.95  1.00000
  11163     5.90    -15.90  1.00000
  11164     5.90    -15.85  1.00000
  11165     5.90    -15.80  1.00000
  11166     5.90    -15.75  1.00000
  11167     5.90    -15.70  1.00000
  11168     5.90    -15.65  1.00000
  11169     5.90    -15.60  1.00000
  11170     5.90    -15.55  1.00000
  11171     5.90    -15.50  1.00000
  11172     5.90    -15.45  1.00000
  11173     5.90    -15.40  1.00000
  11174     5.90    -15.35  1.00000
  11175     5.95    -22.85  1.00000
  11176     5.95    -22.80  1.00000
  11177     5.95    -22.75  1.00000
  11178     5.95    -22.70  1.00000
  11179     5.95    -22.65  1.00000
  11180     5.95    -22.60  1.00000
  11181     5.95    -22.55  1.00000
  11182     5.95    -22.50  1.00000
  11183     5.95    -22.45  1.00000
  11184     5.95    -22.40  1.00000
  11185     5.95    -22.35  1.00000
  11186     5.95    -22.30  1.00000
  11187     5.95    -22.25  1.00000
  11188     5.95    -22.20  1.00000
  11189     5.95    -22.15  1.00000
  11190     5.95    -22.10  1.00000
  11191     5.95    -22.05  1.00000
  11192     5.95    -22.00  1.00000
  11193     5.95    -21.95  1.00000
  11194     5.95    -21.90  1.00000
  11195     5.95    -21.85  1.00000
  11196     5.95    -21.80  1.00000
  11197     5.95    -21.75  1.00000
  11198     5.95    -21.70  1.00000
  11199     5.95    -21.65  1.00000
  11200     5.95    -21.60  1.00000
  11201     5.95    -21.55  1.00000
  11202     5.95    -21.50  1.00000
  11203     5.95    -21.45  1.00000
  11204     5.95    -21.40  1.00000
  11205     5.95    -21.35  1.00000
  11206     5.95    -21.30  1.00000
  11207     5.95    -21.25  1.00000
  11208     5.95    -21.20  1.00000
  11209     5.95    -21.15  1.00000
  11210     5.95    -21.10  1.00000
  11211     5.95    -21.05  1.00000
  11212     5.95    -21.00  1.00000
  11213     5.95    -20.95  1.00000
  11214     5.95    -20.90  1.00000
  11215     5.95    -20.85  1.00000
  11216     5.95    -20.80  1.00000
  11217     5.95    -20.75  1.00000
  11218     5.95    -20.70  1.00000
  11219     5.95    -20.65  1.00000
  11220     5.95    -20.60  1.00000
  11221     5.95    -20.55  1.00000
  11222     5.95    -20.50  1.00000
  11223     5.95    -20.45  1.00000
  11224     5.95    -20.40  1.00000
  11225     5.95    -20.35  1.00000
  11226     5.95    -20.30  1.00000
  11227     5.95    -20.25  1.00000
  11228     5.95    -20.20  1.00000
  11229     5.95    -20.15  1.00000
  11230     5.95    -20.10  1.00000
  11231     5.95    -20.05  1.00000
  11232     5.95    -20.00  1.00000
  11233     5.95    -19.95  1.00000
  11234     5.95    -19.90  1.00000
  11235     5.95    -19.85  1.00000
  11236     5.95    -19.80  1.00000
  11237     5.95    -19.75  1.00000
  11238     5.95    -19.70  1.00000
  11239     5.95    -19.65  1.00000
  11240     5.95    -19.60  1.00000
  11241     5.95    -19.55  1.00000
  11242     5.95    -19.50  1.00000
  11243     5.95    -19.45  1.00000
  11244     5.95    -19.40  1.00000
  11245     5.95    -19.35  1.00000
  11246     5.95    -19.30  1.00000
  11247     5.95    -19.25  1.00000
  11248     5.95    -19.20  1.00000
  11249     5.95    -19.15  1.00000
  11250     5.95    -19.10  1.00000
  11251     5.95    -19.05  1.00000
  11252     5.95    -19.00  1.00000
  11253     5.95    -18.95  1.00000
  11254     5.95    -18.90  1.00000
  11255     5.95    -18.85  1.00000
  11256     5.95    -18.80  1.00000
  11257     5.95    -18.75  1.00000
  11258     5.95    -18.70  1.00000
  11259     5.95    -18.65  1.00000
  11260     5.95    -18.60  1.00000
  11261     5.95    -18.55  1.00000
  11262     5.95    -18.50  1.00000
  11263     5.95    -18.45  1.00000
  11264     5.95    -18.40  1.00000
  11265     5.95    -18.35  1.00000
  11266     5.95    -18.30  1.00000
  11267     5.95    -18.25  1.00000
  11268     5.95    -18.20  1.00000
  11269     5.95    -18.15  1.00000
  11270     5.95    -18.10  1.00000
  11271     5.95    -18.05  1.00000
  11272     5.95    -18.00  1.00000
  11273     5.95    -17.95  1.00000
  11274     5.95    -17.90  1.00000
  11275     5.95    -17.85  1.00000
  11276     5.95    -17.80  1.00000
  11277     5.95    -17.75  1.00000
  11278     5.95    -17.70  1.00000
  11279     5.95    -17.65  1.00000
  11280     5.95    -17.60  1.00000
  11281     5.95    -17.55  1.00000
  11282     5.95    -17.50  1.00000
  11283     5.95    -17.45  1.00000
  11284     5.95    -17.40  1.00000
  11285     5.95    -17.35  1.00000
  11286     5.95    -17.30  1.00000
  11287     5.95    -17.25  1.00000
  11288     5.95    -17.20  1.00000
  11289     5.95    -17.15  1.00000
  11290     5.95    -17.10  1.00000
  11291     5.95    -17.05  1.00000
  11292     5.95    -17.00  1.00000
  11293     5.95    -16.95  1.00000
  11294     5.95    -16.90  1.00000
  11295     5.95    -16.85  1.00000
  11296     5.95    -16.80  1.00000
  11297     5.95    -16.75  1.00000
  11298     5.95    -16.70  1.00000
  11299     5.95    -16.65  1.00000
  11300     5.95    -16.60  1.00000
  11301     5.95    -16.55  1.00000
  11302     5.95    -16.50  1.00000
  11303     5.95    -16.45  1.00000
  11304     5.95    -16.40  1.00000
  11305     5.95    -16.35  1.00000
  11306     5.95    -16.30  1.00000
  11307     5.95    -16.25  1.00000
  11308     5.95    -16.20  1.00000
  11309     5.95    -16.15  1.00000
  11310     5.95    -16.10  1.00000
  11311     5.95    -16.05  1.00000
  11312     5.95    -16.00  1.00000
  11313     5.95    -15.95  1.00000
  11314     5.95    -15.90  1.00000
  11315     5.95    -15.85  1.00000
  11316     5.95    -15.80  1.00000
  11317     5.95    -15.75  1.00000
  11318     5.95    -15.70  1.00000
  11319     5.95    -15.65  1.00000
  11320     5.95    -15.60  1.00000
  11321     5.95    -15.55  1.00000
  11322     5.95    -15.50  1.00000
  11323     5.95    -15.45  1.00000
  11324     5.95    -15.40  1.00000
  11325     5.95    -15.35  1.00000
  11326     6.00    -22.85  1.00000
  11327     6.00    -22.80  1.00000
  11328     6.00    -22.75  1.00000
  11329     6.00    -22.70  1.00000
  11330     6.00    -22.65  1.00000
  11331     6.00    -22.60  1.00000
  11332     6.00    -22.55  1.00000
  11333     6.00    -22.50  1.00000
  11334     6.00    -22.45  1.00000
  11335     6.00    -22.40  1.00000
  11336     6.00    -22.35  1.00000
  11337     6.00    -22.30  1.00000
  11338     6.00    -22.25  1.00000
  11339     6.00    -22.20  1.00000
  11340     6.00    -22.15  1.00000
  11341     6.00    -22.10  1.00000
  11342     6.00    -22.05  1.00000
  11343     6.00    -22.00  1.00000
  11344     6.00    -21.95  1.00000
  11345     6.00    -21.90  1.00000
  11346     6.00    -21.85  1.00000
  11347     6.00    -21.80  1.00000
  11348     6.00    -21.75  1.00000
  11349     6.00    -21.70  1.00000
  11350     6.00    -21.65  1.00000
  11351     6.00    -21.60  1.00000
  11352     6.00    -21.55  1.00000
  11353     6.00    -21.50  1.00000
  11354     6.00    -21.45  1.00000
  11355     6.00    -21.40  1.00000
  11356     6.00    -21.35  1.00000
  11357     6.00    -21.30  1.00000
  11358     6.00    -21.25  1.00000
  11359     6.00    -21.20  1.00000
  11360     6.00    -21.15  1.00000
  11361     6.00    -21.10  1.00000
  11362     6.00    -21.05  1.00000
  11363     6.00    -21.00  1.00000
  11364     6.00    -20.95  1.00000
  11365     6.00    -20.90  1.00000
  11366     6.00    -20.85  1.00000
  11367     6.00    -20.80  1.00000
  11368     6.00    -20.75  1.00000
  11369     6.00    -20.70  1.00000
  11370     6.00    -20.65  1.00000
  11371     6.00    -20.60  1.00000
  11372     6.00    -20.55  1.00000
  11373     6.00    -20.50  1.00000
  11374     6.00    -20.45  1.00000
  11375     6.00    -20.40  1.00000
  11376     6.00    -20.35  1.00000
  11377     6.00    -20.30  1.00000
  11378     6.00    -20.25  1.00000
  11379     6.00    -20.20  1.00000
  11380     6.00    -20.15  1.00000
  11381     6.00    -20.10  1.00000
  11382     6.00    -20.05  1.00000
  11383     6.00    -20.00  1.00000
  11384     6.00    -19.95  1.00000
  11385     6.00    -19.90  1.00000
  11386     6.00    -19.85  1.00000
  11387     6.00    -19.80  1.00000
  11388     6.00    -19.75  1.00000
  11389     6.00    -19.70  1.00000
  11390     6.00    -19.65  1.00000
  11391     6.00    -19.60  1.00000
  11392     6.00    -19.55  1.00000
  11393     6.00    -19.50  1.00000
  11394     6.00    -19.45  1.00000
  11395     6.00    -19.40  1.00000
  11396     6.00    -19.35  1.00000
  11397     6.00    -19.30  1.00000
  11398     6.00    -19.25  1.00000
  11399     6.00    -19.20  1.00000
  11400     6.00    -19.15  1.00000
  11401     6.00    -19.10  1.00000
  11402     6.00    -19.05  1.00000
  11403     6.00    -19.00  1.00000
  11404     6.00    -18.95  1.00000
  11405     6.00    -18.90  1.00000
  11406     6.00    -18.85  1.00000
  11407     6.00    -18.80  1.00000
  11408     6.00    -18.75  1.00000
  11409     6.00    -18.70  1.00000
  11410     6.00    -18.65  1.00000
  11411     6.00    -18.60  1.00000
  11412     6.00    -18.55  1.00000
  11413     6.00    -18.50  1.00000
  11414     6.00    -18.45  1.00000
  11415     6.00    -18.40  1.00000
  11416     6.00    -18.35  1.00000
  11417     6.00    -18.30  1.00000
  11418     6.00    -18.25  1.00000
  11419     6.00    -18.20  1.00000
  11420     6.00    -18.15  1.00000
  11421     6.00    -18.10  1.00000
  11422     6.00    -18.05  1.00000
  11423     6.00    -18.00  1.00000
  11424     6.00    -17.95  1.00000
  11425     6.00    -17.90  1.00000
  11426     6.00    -17.85  1.00000
  11427     6.00    -17.80  1.00000
  11428     6.00    -17.75  1.00000
  11429     6.00    -17.70  1.00000
  11430     6.00    -17.65  1.00000
  11431     6.00    -17.60  1.00000
  11432     6.00    -17.55  1.00000
  11433     6.00    -17.50  1.00000
  11434     6.00    -17.45  1.00000
  11435     6.00    -17.40  1.00000
  11436     6.00    -17.35  1.00000
  11437     6.00    -17.30  1.00000
  11438     6.00    -17.25  1.00000
  11439     6.00    -17.20  1.00000
  11440     6.00    -17.15  1.00000
  11441     6.00    -17.10  1.00000
  11442     6.00    -17.05  1.00000
  11443     6.00    -17.00  1.00000
  11444     6.00    -16.95  1.00000
  11445     6.00    -16.90  1.00000
  11446     6.00    -16.85  1.00000
  11447     6.00    -16.80  1.00000
  11448     6.00    -16.75  1.00000
  11449     6.00    -16.70  1.00000
  11450     6.00    -16.65  1.00000
  11451     6.00    -16.60  1.00000
  11452     6.00    -16.55  1.00000
  11453     6.00    -16.50  1.00000
  11454     6.00    -16.45  1.00000
  11455     6.00    -16.40  1.00000
  11456     6.00    -16.35  1.00000
  11457     6.00    -16.30  1.00000
  11458     6.00    -16.25  1.00000
  11459     6.00    -16.20  1.00000
  11460     6.00    -16.15  1.00000
  11461     6.00    -16.10  1.00000
  11462     6.00    -16.05  1.00000
  11463     6.00    -16.00  1.00000
  11464     6.00    -15.95  1.00000
  11465     6.00    -15.90  1.00000
  11466     6.00    -15.85  1.00000
  11467     6.00    -15.80  1.00000
  11468     6.00    -15.75  1.00000
  11469     6.00    -15.70  1.00000
  11470     6.00    -15.65  1.00000
  11471     6.00    -15.60  1.00000
  11472     6.00    -15.55  1.00000
  11473     6.00    -15.50  1.00000
  11474     6.00    -15.45  1.00000
  11475     6.00    -15.40  1.00000
  11476     6.00    -15.35  1.00000
  11477     6.05    -22.85  1.00000
  11478     6.05    -22.80  1.00000
  11479     6.05    -22.75  1.00000
  11480     6.05    -22.70  1.00000
  11481     6.05    -22.65  1.00000
  11482     6.05    -22.60  1.00000
  11483     6.05    -22.55  1.00000
  11484     6.05    -22.50  1.00000
  11485     6.05    -22.45  1.00000
  11486     6.05    -22.40  1.00000
  11487     6.05    -22.35  1.00000
  11488     6.05    -22.30  1.00000
  11489     6.05    -22.25  1.00000
  11490     6.05    -22.20  1.00000
  11491     6.05    -22.15  1.00000
  11492     6.05    -22.10  1.00000
  11493     6.05    -22.05  1.00000
  11494     6.05    -22.00  1.00000
  11495     6.05    -21.95  1.00000
  11496     6.05    -21.90  1.00000
  11497     6.05    -21.85  1.00000
  11498     6.05    -21.80  1.00000
  11499     6.05    -21.75  1.00000
  11500     6.05    -21.70  1.00000
  11501     6.05    -21.65  1.00000
  11502     6.05    -21.60  1.00000
  11503     6.05    -21.55  1.00000
  11504     6.05    -21.50  1.00000
  11505     6.05    -21.45  1.00000
  11506     6.05    -21.40  1.00000
  11507     6.05    -21.35  1.00000
  11508     6.05    -21.30  1.00000
  11509     6.05    -21.25  1.00000
  11510     6.05    -21.20  1.00000
  11511     6.05    -21.15  1.00000
  11512     6.05    -21.10  1.00000
  11513     6.05    -21.05  1.00000
  11514     6.05    -21.00  1.00000
  11515     6.05    -20.95  1.00000
  11516     6.05    -20.90  1.00000
  11517     6.05    -20.85  1.00000
  11518     6.05    -20.80  1.00000
  11519     6.05    -20.75  1.00000
  11520     6.05    -20.70  1.00000
  11521     6.05    -20.65  1.00000
  11522     6.05    -20.60  1.00000
  11523     6.05    -20.55  1.00000
  11524     6.05    -20.50  1.00000
  11525     6.05    -20.45  1.00000
  11526     6.05    -20.40  1.00000
  11527     6.05    -20.35  1.00000
  11528     6.05    -20.30  1.00000
  11529     6.05    -20.25  1.00000
  11530     6.05    -20.20  1.00000
  11531     6.05    -20.15  1.00000
  11532     6.05    -20.10  1.00000
  11533     6.05    -20.05  1.00000
  11534     6.05    -20.00  1.00000
  11535     6.05    -19.95  1.00000
  11536     6.05    -19.90  1.00000
  11537     6.05    -19.85  1.00000
  11538     6.05    -19.80  1.00000
  11539     6.05    -19.75  1.00000
  11540     6.05    -19.70  1.00000
  11541     6.05    -19.65  1.00000
  11542     6.05    -19.60  1.00000
  11543     6.05    -19.55  1.00000
  11544     6.05    -19.50  1.00000
  11545     6.05    -19.45  1.00000
  11546     6.05    -19.40  1.00000
  11547     6.05    -19.35  1.00000
  11548     6.05    -19.30  1.00000
  11549     6.05    -19.25  1.00000
  11550     6.05    -19.20  1.00000
  11551     6.05    -19.15  1.00000
  11552     6.05    -19.10  1.00000
  11553     6.05    -19.05  1.00000
  11554     6.05    -19.00  1.00000
  11555     6.05    -18.95  1.00000
  11556     6.05    -18.90  1.00000
  11557     6.05    -18.85  1.00000
  11558     6.05    -18.80  1.00000
  11559     6.05    -18.75  1.00000
  11560     6.05    -18.70  1.00000
  11561     6.05    -18.65  1.00000
  11562     6.05    -18.60  1.00000
  11563     6.05    -18.55  1.00000
  11564     6.05    -18.50  1.00000
  11565     6.05    -18.45  1.00000
  11566     6.05    -18.40  1.00000
  11567     6.05    -18.35  1.00000
  11568     6.05    -18.30  1.00000
  11569     6.05    -18.25  1.00000
  11570     6.05    -18.20  1.00000
  11571     6.05    -18.15  1.00000
  11572     6.05    -18.10  1.00000
  11573     6.05    -18.05  1.00000
  11574     6.05    -18.00  1.00000
  11575     6.05    -17.95  1.00000
  11576     6.05    -17.90  1.00000
  11577     6.05    -17.85  1.00000
  11578     6.05    -17.80  1.00000
  11579     6.05    -17.75  1.00000
  11580     6.05    -17.70  1.00000
  11581     6.05    -17.65  1.00000
  11582     6.05    -17.60  1.00000
  11583     6.05    -17.55  1.00000
  11584     6.05    -17.50  1.00000
  11585     6.05    -17.45  1.00000
  11586     6.05    -17.40  1.00000
  11587     6.05    -17.35  1.00000
  11588     6.05    -17.30  1.00000
  11589     6.05    -17.25  1.00000
  11590     6.05    -17.20  1.00000
  11591     6.05    -17.15  1.00000
  11592     6.05    -17.10  1.00000
  11593     6.05    -17.05  1.00000
  11594     6.05    -17.00  1.00000
  11595     6.05    -16.95  1.00000
  11596     6.05    -16.90  1.00000
  11597     6.05    -16.85  1.00000
  11598     6.05    -16.80  1.00000
  11599     6.05    -16.75  1.00000
  11600     6.05    -16.70  1.00000
  11601     6.05    -16.65  1.00000
  11602     6.05    -16.60  1.00000
  11603     6.05    -16.55  1.00000
  11604     6.05    -16.50  1.00000
  11605     6.05    -16.45  1.00000
  11606     6.05    -16.40  1.00000
  11607     6.05    -16.35  1.00000
  11608     6.05    -16.30  1.00000
  11609     6.05    -16.25  1.00000
  11610     6.05    -16.20  1.00000
  11611     6.05    -16.15  1.00000
  11612     6.05    -16.10  1.00000
  11613     6.05    -16.05  1.00000
  11614     6.05    -16.00  1.00000
  11615     6.05    -15.95  1.00000
  11616     6.05    -15.90  1.00000
  11617     6.05    -15.85  1.00000
  11618     6.05    -15.80  1.00000
  11619     6.05    -15.75  1.00000
  11620     6.05    -15.70  1.00000
  11621     6.05    -15.65  1.00000
  11622     6.05    -15.60  1.00000
  11623     6.05    -15.55  1.00000
  11624     6.05    -15.50  1.00000
  11625     6.05    -15.45  1.00000
  11626     6.05    -15.40  1.00000
  11627     6.05    -15.35  1.00000
  11628     6.10    -22.85  1.00000
  11629     6.10    -22.80  1.00000
  11630     6.10    -22.75  1.00000
  11631     6.10    -22.70  1.00000
  11632     6.10    -22.65  1.00000
  11633     6.10    -22.60  1.00000
  11634     6.10    -22.55  1.00000
  11635     6.10    -22.50  1.00000
  11636     6.10    -22.45  1.00000
  11637     6.10    -22.40  1.00000
  11638     6.10    -22.35  1.00000
  11639     6.10    -22.30  1.00000
  11640     6.10    -22.25  1.00000
  11641     6.10    -22.20  1.00000
  11642     6.10    -22.15  1.00000
  11643     6.10    -22.10  1.00000
  11644     6.10    -22.05  1.00000
  11645     6.10    -22.00  1.00000
  11646     6.10    -21.95  1.00000
  11647     6.10    -21.90  1.00000
  11648     6.10    -21.85  1.00000
  11649     6.10    -21.80  1.00000
  11650     6.10    -21.75  1.00000
  11651     6.10    -21.70  1.00000
  11652     6.10    -21.65  1.00000
  11653     6.10    -21.60  1.00000
  11654     6.10    -21.55  1.00000
  11655     6.10    -21.50  1.00000
  11656     6.10    -21.45  1.00000
  11657     6.10    -21.40  1.00000
  11658     6.10    -21.35  1.00000
  11659     6.10    -21.30  1.00000
  11660     6.10    -21.25  1.00000
  11661     6.10    -21.20  1.00000
  11662     6.10    -21.15  1.00000
  11663     6.10    -21.10  1.00000
  11664     6.10    -21.05  1.00000
  11665     6.10    -21.00  1.00000
  11666     6.10    -20.95  1.00000
  11667     6.10    -20.90  1.00000
  11668     6.10    -20.85  1.00000
  11669     6.10    -20.80  1.00000
  11670     6.10    -20.75  1.00000
  11671     6.10    -20.70  1.00000
  11672     6.10    -20.65  1.00000
  11673     6.10    -20.60  1.00000
  11674     6.10    -20.55  1.00000
  11675     6.10    -20.50  1.00000
  11676     6.10    -20.45  1.00000
  11677     6.10    -20.40  1.00000
  11678     6.10    -20.35  1.00000
  11679     6.10    -20.30  1.00000
  11680     6.10    -20.25  1.00000
  11681     6.10    -20.20  1.00000
  11682     6.10    -20.15  1.00000
  11683     6.10    -20.10  1.00000
  11684     6.10    -20.05  1.00000
  11685     6.10    -20.00  1.00000
  11686     6.10    -19.95  1.00000
  11687     6.10    -19.90  1.00000
  11688     6.10    -19.85  1.00000
  11689     6.10    -19.80  1.00000
  11690     6.10    -19.75  1.00000
  11691     6.10    -19.70  1.00000
  11692     6.10    -19.65  1.00000
  11693     6.10    -19.60  1.00000
  11694     6.10    -19.55  1.00000
  11695     6.10    -19.50  1.00000
  11696     6.10    -19.45  1.00000
  11697     6.10    -19.40  1.00000
  11698     6.10    -19.35  1.00000
  11699     6.10    -19.30  1.00000
  11700     6.10    -19.25  1.00000
  11701     6.10    -19.20  1.00000
  11702     6.10    -19.15  1.00000
  11703     6.10    -19.10  1.00000
  11704     6.10    -19.05  1.00000
  11705     6.10    -19.00  1.00000
  11706     6.10    -18.95  1.00000
  11707     6.10    -18.90  1.00000
  11708     6.10    -18.85  1.00000
  11709     6.10    -18.80  1.00000
  11710     6.10    -18.75  1.00000
  11711     6.10    -18.70  1.00000
  11712     6.10    -18.65  1.00000
  11713     6.10    -18.60  1.00000
  11714     6.10    -18.55  1.00000
  11715     6.10    -18.50  1.00000
  11716     6.10    -18.45  1.00000
  11717     6.10    -18.40  1.00000
  11718     6.10    -18.35  1.00000
  11719     6.10    -18.30  1.00000
  11720     6.10    -18.25  1.00000
  11721     6.10    -18.20  1.00000
  11722     6.10    -18.15  1.00000
  11723     6.10    -18.10  1.00000
  11724     6.10    -18.05  1.00000
  11725     6.10    -18.00  1.00000
  11726     6.10    -17.95  1.00000
  11727     6.10    -17.90  1.00000
  11728     6.10    -17.85  1.00000
  11729     6.10    -17.80  1.00000
  11730     6.10    -17.75  1.00000
  11731     6.10    -17.70  1.00000
  11732     6.10    -17.65  1.00000
  11733     6.10    -17.60  1.00000
  11734     6.10    -17.55  1.00000
  11735     6.10    -17.50  1.00000
  11736     6.10    -17.45  1.00000
  11737     6.10    -17.40  1.00000
  11738     6.10    -17.35  1.00000
  11739     6.10    -17.30  1.00000
  11740     6.10    -17.25  1.00000
  11741     6.10    -17.20  1.00000
  11742     6.10    -17.15  1.00000
  11743     6.10    -17.10  1.00000
  11744     6.10    -17.05  1.00000
  11745     6.10    -17.00  1.00000
  11746     6.10    -16.95  1.00000
  11747     6.10    -16.90  1.00000
  11748     6.10    -16.85  1.00000
  11749     6.10    -16.80  1.00000
  11750     6.10    -16.75  1.00000
  11751     6.10    -16.70  1.00000
  11752     6.10    -16.65  1.00000
  11753     6.10    -16.60  1.00000
  11754     6.10    -16.55  1.00000
  11755     6.10    -16.50  1.00000
  11756     6.10    -16.45  1.00000
  11757     6.10    -16.40  1.00000
  11758     6.10    -16.35  1.00000
  11759     6.10    -16.30  1.00000
  11760     6.10    -16.25  1.00000
  11761     6.10    -16.20  1.00000
  11762     6.10    -16.15  1.00000
  11763     6.10    -16.10  1.00000
  11764     6.10    -16.05  1.00000
  11765     6.10    -16.00  1.00000
  11766     6.10    -15.95  1.00000
  11767     6.10    -15.90  1.00000
  11768     6.10    -15.85  1.00000
  11769     6.10    -15.80  1.00000
  11770     6.10    -15.75  1.00000
  11771     6.10    -15.70  1.00000
  11772     6.10    -15.65  1.00000
  11773     6.10    -15.60  1.00000
  11774     6.10    -15.55  1.00000
  11775     6.10    -15.50  1.00000
  11776     6.10    -15.45  1.00000
  11777     6.10    -15.40  1.00000
  11778     6.10    -15.35  1.00000
  11779     6.15    -22.85  1.00000
  11780     6.15    -22.80  1.00000
  11781     6.15    -22.75  1.00000
  11782     6.15    -22.70  1.00000
  11783     6.15    -22.65  1.00000
  11784     6.15    -22.60  1.00000
  11785     6.15    -22.55  1.00000
  11786     6.15    -22.50  1.00000
  11787     6.15    -22.45  1.00000
  11788     6.15    -22.40  1.00000
  11789     6.15    -22.35  1.00000
  11790     6.15    -22.30  1.00000
  11791     6.15    -22.25  1.00000
  11792     6.15    -22.20  1.00000
  11793     6.15    -22.15  1.00000
  11794     6.15    -22.10  1.00000
  11795     6.15    -22.05  1.00000
  11796     6.15    -22.00  1.00000
  11797     6.15    -21.95  1.00000
  11798     6.15    -21.90  1.00000
  11799     6.15    -21.85  1.00000
  11800     6.15    -21.80  1.00000
  11801     6.15    -21.75  1.00000
  11802     6.15    -21.70  1.00000
  11803     6.15    -21.65  1.00000
  11804     6.15    -21.60  1.00000
  11805     6.15    -21.55  1.00000
  11806     6.15    -21.50  1.00000
  11807     6.15    -21.45  1.00000
  11808     6.15    -21.40  1.00000
  11809     6.15    -21.35  1.00000
  11810     6.15    -21.30  1.00000
  11811     6.15    -21.25  1.00000
  11812     6.15    -21.20  1.00000
  11813     6.15    -21.15  1.00000
  11814     6.15    -21.10  1.00000
  11815     6.15    -21.05  1.00000
  11816     6.15    -21.00  1.00000
  11817     6.15    -20.95  1.00000
  11818     6.15    -20.90  1.00000
  11819     6.15    -20.85  1.00000
  11820     6.15    -20.80  1.00000
  11821     6.15    -20.75  1.00000
  11822     6.15    -20.70  1.00000
  11823     6.15    -20.65  1.00000
  11824     6.15    -20.60  1.00000
  11825     6.15    -20.55  1.00000
  11826     6.15    -20.50  1.00000
  11827     6.15    -20.45  1.00000
  11828     6.15    -20.40  1.00000
  11829     6.15    -20.35  1.00000
  11830     6.15    -20.30  1.00000
  11831     6.15    -20.25  1.00000
  11832     6.15    -20.20  1.00000
  11833     6.15    -20.15  1.00000
  11834     6.15    -20.10  1.00000
  11835     6.15    -20.05  1.00000
  11836     6.15    -20.00  1.00000
  11837     6.15    -19.95  1.00000
  11838     6.15    -19.90  1.00000
  11839     6.15    -19.85  1.00000
  11840     6.15    -19.80  1.00000
  11841     6.15    -19.75  1.00000
  11842     6.15    -19.70  1.00000
  11843     6.15    -19.65  1.00000
  11844     6.15    -19.60  1.00000
  11845     6.15    -19.55  1.00000
  11846     6.15    -19.50  1.00000
  11847     6.15    -19.45  1.00000
  11848     6.15    -19.40  1.00000
  11849     6.15    -19.35  1.00000
  11850     6.15    -19.30  1.00000
  11851     6.15    -19.25  1.00000
  11852     6.15    -19.20  1.00000
  11853     6.15    -19.15  1.00000
  11854     6.15    -19.10  1.00000
  11855     6.15    -19.05  1.00000
  11856     6.15    -19.00  1.00000
  11857     6.15    -18.95  1.00000
  11858     6.15    -18.90  1.00000
  11859     6.15    -18.85  1.00000
  11860     6.15    -18.80  1.00000
  11861     6.15    -18.75  1.00000
  11862     6.15    -18.70  1.00000
  11863     6.15    -18.65  1.00000
  11864     6.15    -18.60  1.00000
  11865     6.15    -18.55  1.00000
  11866     6.15    -18.50  1.00000
  11867     6.15    -18.45  1.00000
  11868     6.15    -18.40  1.00000
  11869     6.15    -18.35  1.00000
  11870     6.15    -18.30  1.00000
  11871     6.15    -18.25  1.00000
  11872     6.15    -18.20  1.00000
  11873     6.15    -18.15  1.00000
  11874     6.15    -18.10  1.00000
  11875     6.15    -18.05  1.00000
  11876     6.15    -18.00  1.00000
  11877     6.15    -17.95  1.00000
  11878     6.15    -17.90  1.00000
  11879     6.15    -17.85  1.00000
  11880     6.15    -17.80  1.00000
  11881     6.15    -17.75  1.00000
  11882     6.15    -17.70  1.00000
  11883     6.15    -17.65  1.00000
  11884     6.15    -17.60  1.00000
  11885     6.15    -17.55  1.00000
  11886     6.15    -17.50  1.00000
  11887     6.15    -17.45  1.00000
  11888     6.15    -17.40  1.00000
  11889     6.15    -17.35  1.00000
  11890     6.15    -17.30  1.00000
  11891     6.15    -17.25  1.00000
  11892     6.15    -17.20  1.00000
  11893     6.15    -17.15  1.00000
  11894     6.15    -17.10  1.00000
  11895     6.15    -17.05  1.00000
  11896     6.15    -17.00  1.00000
  11897     6.15    -16.95  1.00000
  11898     6.15    -16.90  1.00000
  11899     6.15    -16.85  1.00000
  11900     6.15    -16.80  1.00000
  11901     6.15    -16.75  1.00000
  11902     6.15    -16.70  1.00000
  11903     6.15    -16.65  1.00000
  11904     6.15    -16.60  1.00000
  11905     6.15    -16.55  1.00000
  11906     6.15    -16.50  1.00000
  11907     6.15    -16.45  1.00000
  11908     6.15    -16.40  1.00000
  11909     6.15    -16.35  1.00000
  11910     6.15    -16.30  1.00000
  11911     6.15    -16.25  1.00000
  11912     6.15    -16.20  1.00000
  11913     6.15    -16.15  1.00000
  11914     6.15    -16.10  1.00000
  11915     6.15    -16.05  1.00000
  11916     6.15    -16.00  1.00000
  11917     6.15    -15.95  1.00000
  11918     6.15    -15.90  1.00000
  11919     6.15    -15.85  1.00000
  11920     6.15    -15.80  1.00000
  11921     6.15    -15.75  1.00000
  11922     6.15    -15.70  1.00000
  11923     6.15    -15.65  1.00000
  11924     6.15    -15.60  1.00000
  11925     6.15    -15.55  1.00000
  11926     6.15    -15.50  1.00000
  11927     6.15    -15.45  1.00000
  11928     6.15    -15.40  1.00000
  11929     6.15    -15.35  1.00000
  11930     6.20    -22.85  1.00000
  11931     6.20    -22.80  1.00000
  11932     6.20    -22.75  1.00000
  11933     6.20    -22.70  1.00000
  11934     6.20    -22.65  1.00000
  11935     6.20    -22.60  1.00000
  11936     6.20    -22.55  1.00000
  11937     6.20    -22.50  1.00000
  11938     6.20    -22.45  1.00000
  11939     6.20    -22.40  1.00000
  11940     6.20    -22.35  1.00000
  11941     6.20    -22.30  1.00000
  11942     6.20    -22.25  1.00000
  11943     6.20    -22.20  1.00000
  11944     6.20    -22.15  1.00000
  11945     6.20    -22.10  1.00000
  11946     6.20    -22.05  1.00000
  11947     6.20    -22.00  1.00000
  11948     6.20    -21.95  1.00000
  11949     6.20    -21.90  1.00000
  11950     6.20    -21.85  1.00000
  11951     6.20    -21.80  1.00000
  11952     6.20    -21.75  1.00000
  11953     6.20    -21.70  1.00000
  11954     6.20    -21.65  1.00000
  11955     6.20    -21.60  1.00000
  11956     6.20    -21.55  1.00000
  11957     6.20    -21.50  1.00000
  11958     6.20    -21.45  1.00000
  11959     6.20    -21.40  1.00000
  11960     6.20    -21.35  1.00000
  11961     6.20    -21.30  1.00000
  11962     6.20    -21.25  1.00000
  11963     6.20    -21.20  1.00000
  11964     6.20    -21.15  1.00000
  11965     6.20    -21.10  1.00000
  11966     6.20    -21.05  1.00000
  11967     6.20    -21.00  1.00000
  11968     6.20    -20.95  1.00000
  11969     6.20    -20.90  1.00000
  11970     6.20    -20.85  1.00000
  11971     6.20    -20.80  1.00000
  11972     6.20    -20.75  1.00000
  11973     6.20    -20.70  1.00000
  11974     6.20    -20.65  1.00000
  11975     6.20    -20.60  1.00000
  11976     6.20    -20.55  1.00000
  11977     6.20    -20.50  1.00000
  11978     6.20    -20.45  1.00000
  11979     6.20    -20.40  1.00000
  11980     6.20    -20.35  1.00000
  11981     6.20    -20.30  1.00000
  11982     6.20    -20.25  1.00000
  11983     6.20    -20.20  1.00000
  11984     6.20    -20.15  1.00000
  11985     6.20    -20.10  1.00000
  11986     6.20    -20.05  1.00000
  11987     6.20    -20.00  1.00000
  11988     6.20    -19.95  1.00000
  11989     6.20    -19.90  1.00000
  11990     6.20    -19.85  1.00000
  11991     6.20    -19.80  1.00000
  11992     6.20    -19.75  1.00000
  11993     6.20    -19.70  1.00000
  11994     6.20    -19.65  1.00000
  11995     6.20    -19.60  1.00000
  11996     6.20    -19.55  1.00000
  11997     6.20    -19.50  1.00000
  11998     6.20    -19.45  1.00000
  11999     6.20    -19.40  1.00000
  12000     6.20    -19.35  1.00000
  12001     6.20    -19.30  1.00000
  12002     6.20    -19.25  1.00000
  12003     6.20    -19.20  1.00000
  12004     6.20    -19.15  1.00000
  12005     6.20    -19.10  1.00000
  12006     6.20    -19.05  1.00000
  12007     6.20    -19.00  1.00000
  12008     6.20    -18.95  1.00000
  12009     6.20    -18.90  1.00000
  12010     6.20    -18.85  1.00000
  12011     6.20    -18.80  1.00000
  12012     6.20    -18.75  1.00000
  12013     6.20    -18.70  1.00000
  12014     6.20    -18.65  1.00000
  12015     6.20    -18.60  1.00000
  12016     6.20    -18.55  1.00000
  12017     6.20    -18.50  1.00000
  12018     6.20    -18.45  1.00000
  12019     6.20    -18.40  1.00000
  12020     6.20    -18.35  1.00000
  12021     6.20    -18.30  1.00000
  12022     6.20    -18.25  1.00000
  12023     6.20    -18.20  1.00000
  12024     6.20    -18.15  1.00000
  12025     6.20    -18.10  1.00000
  12026     6.20    -18.05  1.00000
  12027     6.20    -18.00  1.00000
  12028     6.20    -17.95  1.00000
  12029     6.20    -17.90  1.00000
  12030     6.20    -17.85  1.00000
  12031     6.20    -17.80  1.00000
  12032     6.20    -17.75  1.00000
  12033     6.20    -17.70  1.00000
  12034     6.20    -17.65  1.00000
  12035     6.20    -17.60  1.00000
  12036     6.20    -17.55  1.00000
  12037     6.20    -17.50  1.00000
  12038     6.20    -17.45  1.00000
  12039     6.20    -17.40  1.00000
  12040     6.20    -17.35  1.00000
  12041     6.20    -17.30  1.00000
  12042     6.20    -17.25  1.00000
  12043     6.20    -17.20  1.00000
  12044     6.20    -17.15  1.00000
  12045     6.20    -17.10  1.00000
  12046     6.20    -17.05  1.00000
  12047     6.20    -17.00  1.00000
  12048     6.20    -16.95  1.00000
  12049     6.20    -16.90  1.00000
  12050     6.20    -16.85  1.00000
  12051     6.20    -16.80  1.00000
  12052     6.20    -16.75  1.00000
  12053     6.20    -16.70  1.00000
  12054     6.20    -16.65  1.00000
  12055     6.20    -16.60  1.00000
  12056     6.20    -16.55  1.00000
  12057     6.20    -16.50  1.00000
  12058     6.20    -16.45  1.00000
  12059     6.20    -16.40  1.00000
  12060     6.20    -16.35  1.00000
  12061     6.20    -16.30  1.00000
  12062     6.20    -16.25  1.00000
  12063     6.20    -16.20  1.00000
  12064     6.20    -16.15  1.00000
  12065     6.20    -16.10  1.00000
  12066     6.20    -16.05  1.00000
  12067     6.20    -16.00  1.00000
  12068     6.20    -15.95  1.00000
  12069     6.20    -15.90  1.00000
  12070     6.20    -15.85  1.00000
  12071     6.20    -15.80  1.00000
  12072     6.20    -15.75  1.00000
  12073     6.20    -15.70  1.00000
  12074     6.20    -15.65  1.00000
  12075     6.20    -15.60  1.00000
  12076     6.20    -15.55  1.00000
  12077     6.20    -15.50  1.00000
  12078     6.20    -15.45  1.00000
  12079     6.20    -15.40  1.00000
  12080     6.20    -15.35  1.00000
  12081     6.25    -22.85  1.00000
  12082     6.25    -22.80  1.00000
  12083     6.25    -22.75  1.00000
  12084     6.25    -22.70  1.00000
  12085     6.25    -22.65  1.00000
  12086     6.25    -22.60  1.00000
  12087     6.25    -22.55  1.00000
  12088     6.25    -22.50  1.00000
  12089     6.25    -22.45  1.00000
  12090     6.25    -22.40  1.00000
  12091     6.25    -22.35  1.00000
  12092     6.25    -22.30  1.00000
  12093     6.25    -22.25  1.00000
  12094     6.25    -22.20  1.00000
  12095     6.25    -22.15  1.00000
  12096     6.25    -22.10  1.00000
  12097     6.25    -22.05  1.00000
  12098     6.25    -22.00  1.00000
  12099     6.25    -21.95  1.00000
  12100     6.25    -21.90  1.00000
  12101     6.25    -21.85  1.00000
  12102     6.25    -21.80  1.00000
  12103     6.25    -21.75  1.00000
  12104     6.25    -21.70  1.00000
  12105     6.25    -21.65  1.00000
  12106     6.25    -21.60  1.00000
  12107     6.25    -21.55  1.00000
  12108     6.25    -21.50  1.00000
  12109     6.25    -21.45  1.00000
  12110     6.25    -21.40  1.00000
  12111     6.25    -21.35  1.00000
  12112     6.25    -21.30  1.00000
  12113     6.25    -21.25  1.00000
  12114     6.25    -21.20  1.00000
  12115     6.25    -21.15  1.00000
  12116     6.25    -21.10  1.00000
  12117     6.25    -21.05  1.00000
  12118     6.25    -21.00  1.00000
  12119     6.25    -20.95  1.00000
  12120     6.25    -20.90  1.00000
  12121     6.25    -20.85  1.00000
  12122     6.25    -20.80  1.00000
  12123     6.25    -20.75  1.00000
  12124     6.25    -20.70  1.00000
  12125     6.25    -20.65  1.00000
  12126     6.25    -20.60  1.00000
  12127     6.25    -20.55  1.00000
  12128     6.25    -20.50  1.00000
  12129     6.25    -20.45  1.00000
  12130     6.25    -20.40  1.00000
  12131     6.25    -20.35  1.00000
  12132     6.25    -20.30  1.00000
  12133     6.25    -20.25  1.00000
  12134     6.25    -20.20  1.00000
  12135     6.25    -20.15  1.00000
  12136     6.25    -20.10  1.00000
  12137     6.25    -20.05  1.00000
  12138     6.25    -20.00  1.00000
  12139     6.25    -19.95  1.00000
  12140     6.25    -19.90  1.00000
  12141     6.25    -19.85  1.00000
  12142     6.25    -19.80  1.00000
  12143     6.25    -19.75  1.00000
  12144     6.25    -19.70  1.00000
  12145     6.25    -19.65  1.00000
  12146     6.25    -19.60  1.00000
  12147     6.25    -19.55  1.00000
  12148     6.25    -19.50  1.00000
  12149     6.25    -19.45  1.00000
  12150     6.25    -19.40  1.00000
  12151     6.25    -19.35  1.00000
  12152     6.25    -19.30  1.00000
  12153     6.25    -19.25  1.00000
  12154     6.25    -19.20  1.00000
  12155     6.25    -19.15  1.00000
  12156     6.25    -19.10  1.00000
  12157     6.25    -19.05  1.00000
  12158     6.25    -19.00  1.00000
  12159     6.25    -18.95  1.00000
  12160     6.25    -18.90  1.00000
  12161     6.25    -18.85  1.00000
  12162     6.25    -18.80  1.00000
  12163     6.25    -18.75  1.00000
  12164     6.25    -18.70  1.00000
  12165     6.25    -18.65  1.00000
  12166     6.25    -18.60  1.00000
  12167     6.25    -18.55  1.00000
  12168     6.25    -18.50  1.00000
  12169     6.25    -18.45  1.00000
  12170     6.25    -18.40  1.00000
  12171     6.25    -18.35  1.00000
  12172     6.25    -18.30  1.00000
  12173     6.25    -18.25  1.00000
  12174     6.25    -18.20  1.00000
  12175     6.25    -18.15  1.00000
  12176     6.25    -18.10  1.00000
  12177     6.25    -18.05  1.00000
  12178     6.25    -18.00  1.00000
  12179     6.25    -17.95  1.00000
  12180     6.25    -17.90  1.00000
  12181     6.25    -17.85  1.00000
  12182     6.25    -17.80  1.00000
  12183     6.25    -17.75  1.00000
  12184     6.25    -17.70  1.00000
  12185     6.25    -17.65  1.00000
  12186     6.25    -17.60  1.00000
  12187     6.25    -17.55  1.00000
  12188     6.25    -17.50  1.00000
  12189     6.25    -17.45  1.00000
  12190     6.25    -17.40  1.00000
  12191     6.25    -17.35  1.00000
  12192     6.25    -17.30  1.00000
  12193     6.25    -17.25  1.00000
  12194     6.25    -17.20  1.00000
  12195     6.25    -17.15  1.00000
  12196     6.25    -17.10  1.00000
  12197     6.25    -17.05  1.00000
  12198     6.25    -17.00  1.00000
  12199     6.25    -16.95  1.00000
  12200     6.25    -16.90  1.00000
  12201     6.25    -16.85  1.00000
  12202     6.25    -16.80  1.00000
  12203     6.25    -16.75  1.00000
  12204     6.25    -16.70  1.00000
  12205     6.25    -16.65  1.00000
  12206     6.25    -16.60  1.00000
  12207     6.25    -16.55  1.00000
  12208     6.25    -16.50  1.00000
  12209     6.25    -16.45  1.00000
  12210     6.25    -16.40  1.00000
  12211     6.25    -16.35  1.00000
  12212     6.25    -16.30  1.00000
  12213     6.25    -16.25  1.00000
  12214     6.25    -16.20  1.00000
  12215     6.25    -16.15  1.00000
  12216     6.25    -16.10  1.00000
  12217     6.25    -16.05  1.00000
  12218     6.25    -16.00  1.00000
  12219     6.25    -15.95  1.00000
  12220     6.25    -15.90  1.00000
  12221     6.25    -15.85  1.00000
  12222     6.25    -15.80  1.00000
  12223     6.25    -15.75  1.00000
  12224     6.25    -15.70  1.00000
  12225     6.25    -15.65  1.00000
  12226     6.25    -15.60  1.00000
  12227     6.25    -15.55  1.00000
  12228     6.25    -15.50  1.00000
  12229     6.25    -15.45  1.00000
  12230     6.25    -15.40  1.00000
  12231     6.25    -15.35  1.00000
  12232     6.30    -22.85  1.00000
  12233     6.30    -22.80  1.00000
  12234     6.30    -22.75  1.00000
  12235     6.30    -22.70  1.00000
  12236     6.30    -22.65  1.00000
  12237     6.30    -22.60  1.00000
  12238     6.30    -22.55  1.00000
  12239     6.30    -22.50  1.00000
  12240     6.30    -22.45  1.00000
  12241     6.30    -22.40  1.00000
  12242     6.30    -22.35  1.00000
  12243     6.30    -22.30  1.00000
  12244     6.30    -22.25  1.00000
  12245     6.30    -22.20  1.00000
  12246     6.30    -22.15  1.00000
  12247     6.30    -22.10  1.00000
  12248     6.30    -22.05  1.00000
  12249     6.30    -22.00  1.00000
  12250     6.30    -21.95  1.00000
  12251     6.30    -21.90  1.00000
  12252     6.30    -21.85  1.00000
  12253     6.30    -21.80  1.00000
  12254     6.30    -21.75  1.00000
  12255     6.30    -21.70  1.00000
  12256     6.30    -21.65  1.00000
  12257     6.30    -21.60  1.00000
  12258     6.30    -21.55  1.00000
  12259     6.30    -21.50  1.00000
  12260     6.30    -21.45  1.00000
  12261     6.30    -21.40  1.00000
  12262     6.30    -21.35  1.00000
  12263     6.30    -21.30  1.00000
  12264     6.30    -21.25  1.00000
  12265     6.30    -21.20  1.00000
  12266     6.30    -21.15  1.00000
  12267     6.30    -21.10  1.00000
  12268     6.30    -21.05  1.00000
  12269     6.30    -21.00  1.00000
  12270     6.30    -20.95  1.00000
  12271     6.30    -20.90  1.00000
  12272     6.30    -20.85  1.00000
  12273     6.30    -20.80  1.00000
  12274     6.30    -20.75  1.00000
  12275     6.30    -20.70  1.00000
  12276     6.30    -20.65  1.00000
  12277     6.30    -20.60  1.00000
  12278     6.30    -20.55  1.00000
  12279     6.30    -20.50  1.00000
  12280     6.30    -20.45  1.00000
  12281     6.30    -20.40  1.00000
  12282     6.30    -20.35  1.00000
  12283     6.30    -20.30  1.00000
  12284     6.30    -20.25  1.00000
  12285     6.30    -20.20  1.00000
  12286     6.30    -20.15  1.00000
  12287     6.30    -20.10  1.00000
  12288     6.30    -20.05  1.00000
  12289     6.30    -20.00  1.00000
  12290     6.30    -19.95  1.00000
  12291     6.30    -19.90  1.00000
  12292     6.30    -19.85  1.00000
  12293     6.30    -19.80  1.00000
  12294     6.30    -19.75  1.00000
  12295     6.30    -19.70  1.00000
  12296     6.30    -19.65  1.00000
  12297     6.30    -19.60  1.00000
  12298     6.30    -19.55  1.00000
  12299     6.30    -19.50  1.00000
  12300     6.30    -19.45  1.00000
  12301     6.30    -19.40  1.00000
  12302     6.30    -19.35  1.00000
  12303     6.30    -19.30  1.00000
  12304     6.30    -19.25  1.00000
  12305     6.30    -19.20  1.00000
  12306     6.30    -19.15  1.00000
  12307     6.30    -19.10  1.00000
  12308     6.30    -19.05  1.00000
  12309     6.30    -19.00  1.00000
  12310     6.30    -18.95  1.00000
  12311     6.30    -18.90  1.00000
  12312     6.30    -18.85  1.00000
  12313     6.30    -18.80  1.00000
  12314     6.30    -18.75  1.00000
  12315     6.30    -18.70  1.00000
  12316     6.30    -18.65  1.00000
  12317     6.30    -18.60  1.00000
  12318     6.30    -18.55  1.00000
  12319     6.30    -18.50  1.00000
  12320     6.30    -18.45  1.00000
  12321     6.30    -18.40  1.00000
  12322     6.30    -18.35  1.00000
  12323     6.30    -18.30  1.00000
  12324     6.30    -18.25  1.00000
  12325     6.30    -18.20  1.00000
  12326     6.30    -18.15  1.00000
  12327     6.30    -18.10  1.00000
  12328     6.30    -18.05  1.00000
  12329     6.30    -18.00  1.00000
  12330     6.30    -17.95  1.00000
  12331     6.30    -17.90  1.00000
  12332     6.30    -17.85  1.00000
  12333     6.30    -17.80  1.00000
  12334     6.30    -17.75  1.00000
  12335     6.30    -17.70  1.00000
  12336     6.30    -17.65  1.00000
  12337     6.30    -17.60  1.00000
  12338     6.30    -17.55  1.00000
  12339     6.30    -17.50  1.00000
  12340     6.30    -17.45  1.00000
  12341     6.30    -17.40  1.00000
  12342     6.30    -17.35  1.00000
  12343     6.30    -17.30  1.00000
  12344     6.30    -17.25  1.00000
  12345     6.30    -17.20  1.00000
  12346     6.30    -17.15  1.00000
  12347     6.30    -17.10  1.00000
  12348     6.30    -17.05  1.00000
  12349     6.30    -17.00  1.00000
  12350     6.30    -16.95  1.00000
  12351     6.30    -16.90  1.00000
  12352     6.30    -16.85  1.00000
  12353     6.30    -16.80  1.00000
  12354     6.30    -16.75  1.00000
  12355     6.30    -16.70  1.00000
  12356     6.30    -16.65  1.00000
  12357     6.30    -16.60  1.00000
  12358     6.30    -16.55  1.00000
  12359     6.30    -16.50  1.00000
  12360     6.30    -16.45  1.00000
  12361     6.30    -16.40  1.00000
  12362     6.30    -16.35  1.00000
  12363     6.30    -16.30  1.00000
  12364     6.30    -16.25  1.00000
  12365     6.30    -16.20  1.00000
  12366     6.30    -16.15  1.00000
  12367     6.30    -16.10  1.00000
  12368     6.30    -16.05  1.00000
  12369     6.30    -16.00  1.00000
  12370     6.30    -15.95  1.00000
  12371     6.30    -15.90  1.00000
  12372     6.30    -15.85  1.00000
  12373     6.30    -15.80  1.00000
  12374     6.30    -15.75  1.00000
  12375     6.30    -15.70  1.00000
  12376     6.30    -15.65  1.00000
  12377     6.30    -15.60  1.00000
  12378     6.30    -15.55  1.00000
  12379     6.30    -15.50  1.00000
  12380     6.30    -15.45  1.00000
  12381     6.30    -15.40  1.00000
  12382     6.30    -15.35  1.00000
  12383     6.35    -22.85  1.00000
  12384     6.35    -22.80  1.00000
  12385     6.35    -22.75  1.00000
  12386     6.35    -22.70  1.00000
  12387     6.35    -22.65  1.00000
  12388     6.35    -22.60  1.00000
  12389     6.35    -22.55  1.00000
  12390     6.35    -22.50  1.00000
  12391     6.35    -22.45  1.00000
  12392     6.35    -22.40  1.00000
  12393     6.35    -22.35  1.00000
  12394     6.35    -22.30  1.00000
  12395     6.35    -22.25  1.00000
  12396     6.35    -22.20  1.00000
  12397     6.35    -22.15  1.00000
  12398     6.35    -22.10  1.00000
  12399     6.35    -22.05  1.00000
  12400     6.35    -22.00  1.00000
  12401     6.35    -21.95  1.00000
  12402     6.35    -21.90  1.00000
  12403     6.35    -21.85  1.00000
  12404     6.35    -21.80  1.00000
  12405     6.35    -21.75  1.00000
  12406     6.35    -21.70  1.00000
  12407     6.35    -21.65  1.00000
  12408     6.35    -21.60  1.00000
  12409     6.35    -21.55  1.00000
  12410     6.35    -21.50  1.00000
  12411     6.35    -21.45  1.00000
  12412     6.35    -21.40  1.00000
  12413     6.35    -21.35  1.00000
  12414     6.35    -21.30  1.00000
  12415     6.35    -21.25  1.00000
  12416     6.35    -21.20  1.00000
  12417     6.35    -21.15  1.00000
  12418     6.35    -21.10  1.00000
  12419     6.35    -21.05  1.00000
  12420     6.35    -21.00  1.00000
  12421     6.35    -20.95  1.00000
  12422     6.35    -20.90  1.00000
  12423     6.35    -20.85  1.00000
  12424     6.35    -20.80  1.00000
  12425     6.35    -20.75  1.00000
  12426     6.35    -20.70  1.00000
  12427     6.35    -20.65  1.00000
  12428     6.35    -20.60  1.00000
  12429     6.35    -20.55  1.00000
  12430     6.35    -20.50  1.00000
  12431     6.35    -20.45  1.00000
  12432     6.35    -20.40  1.00000
  12433     6.35    -20.35  1.00000
  12434     6.35    -20.30  1.00000
  12435     6.35    -20.25  1.00000
  12436     6.35    -20.20  1.00000
  12437     6.35    -20.15  1.00000
  12438     6.35    -20.10  1.00000
  12439     6.35    -20.05  1.00000
  12440     6.35    -20.00  1.00000
  12441     6.35    -19.95  1.00000
  12442     6.35    -19.90  1.00000
  12443     6.35    -19.85  1.00000
  12444     6.35    -19.80  1.00000
  12445     6.35    -19.75  1.00000
  12446     6.35    -19.70  1.00000
  12447     6.35    -19.65  1.00000
  12448     6.35    -19.60  1.00000
  12449     6.35    -19.55  1.00000
  12450     6.35    -19.50  1.00000
  12451     6.35    -19.45  1.00000
  12452     6.35    -19.40  1.00000
  12453     6.35    -19.35  1.00000
  12454     6.35    -19.30  1.00000
  12455     6.35    -19.25  1.00000
  12456     6.35    -19.20  1.00000
  12457     6.35    -19.15  1.00000
  12458     6.35    -19.10  1.00000
  12459     6.35    -19.05  1.00000
  12460     6.35    -19.00  1.00000
  12461     6.35    -18.95  1.00000
  12462     6.35    -18.90  1.00000
  12463     6.35    -18.85  1.00000
  12464     6.35    -18.80  1.00000
  12465     6.35    -18.75  1.00000
  12466     6.35    -18.70  1.00000
  12467     6.35    -18.65  1.00000
  12468     6.35    -18.60  1.00000
  12469     6.35    -18.55  1.00000
  12470     6.35    -18.50  1.00000
  12471     6.35    -18.45  1.00000
  12472     6.35    -18.40  1.00000
  12473     6.35    -18.35  1.00000
  12474     6.35    -18.30  1.00000
  12475     6.35    -18.25  1.00000
  12476     6.35    -18.20  1.00000
  12477     6.35    -18.15  1.00000
  12478     6.35    -18.10  1.00000
  12479     6.35    -18.05  1.00000
  12480     6.35    -18.00  1.00000
  12481     6.35    -17.95  1.00000
  12482     6.35    -17.90  1.00000
  12483     6.35    -17.85  1.00000
  12484     6.35    -17.80  1.00000
  12485     6.35    -17.75  1.00000
  12486     6.35    -17.70  1.00000
  12487     6.35    -17.65  1.00000
  12488     6.35    -17.60  1.00000
  12489     6.35    -17.55  1.00000
  12490     6.35    -17.50  1.00000
  12491     6.35    -17.45  1.00000
  12492     6.35    -17.40  1.00000
  12493     6.35    -17.35  1.00000
  12494     6.35    -17.30  1.00000
  12495     6.35    -17.25  1.00000
  12496     6.35    -17.20  1.00000
  12497     6.35    -17.15  1.00000
  12498     6.35    -17.10  1.00000
  12499     6.35    -17.05  1.00000
  12500     6.35    -17.00  1.00000
  12501     6.35    -16.95  1.00000
  12502     6.35    -16.90  1.00000
  12503     6.35    -16.85  1.00000
  12504     6.35    -16.80  1.00000
  12505     6.35    -16.75  1.00000
  12506     6.35    -16.70  1.00000
  12507     6.35    -16.65  1.00000
  12508     6.35    -16.60  1.00000
  12509     6.35    -16.55  1.00000
  12510     6.35    -16.50  1.00000
  12511     6.35    -16.45  1.00000
  12512     6.35    -16.40  1.00000
  12513     6.35    -16.35  1.00000
  12514     6.35    -16.30  1.00000
  12515     6.35    -16.25  1.00000
  12516     6.35    -16.20  1.00000
  12517     6.35    -16.15  1.00000
  12518     6.35    -16.10  1.00000
  12519     6.35    -16.05  1.00000
  12520     6.35    -16.00  1.00000
  12521     6.35    -15.95  1.00000
  12522     6.35    -15.90  1.00000
  12523     6.35    -15.85  1.00000
  12524     6.35    -15.80  1.00000
  12525     6.35    -15.75  1.00000
  12526     6.35    -15.70  1.00000
  12527     6.35    -15.65  1.00000
  12528     6.35    -15.60  1.00000
  12529     6.35    -15.55  1.00000
  12530     6.35    -15.50  1.00000
  12531     6.35    -15.45  1.00000
  12532     6.35    -15.40  1.00000
  12533     6.35    -15.35  1.00000
  12534     6.40    -22.85  1.00000
  12535     6.40    -22.80  1.00000
  12536     6.40    -22.75  1.00000
  12537     6.40    -22.70  1.00000
  12538     6.40    -22.65  1.00000
  12539     6.40    -22.60  1.00000
  12540     6.40    -22.55  1.00000
  12541     6.40    -22.50  1.00000
  12542     6.40    -22.45  1.00000
  12543     6.40    -22.40  1.00000
  12544     6.40    -22.35  1.00000
  12545     6.40    -22.30  1.00000
  12546     6.40    -22.25  1.00000
  12547     6.40    -22.20  1.00000
  12548     6.40    -22.15  1.00000
  12549     6.40    -22.10  1.00000
  12550     6.40    -22.05  1.00000
  12551     6.40    -22.00  1.00000
  12552     6.40    -21.95  1.00000
  12553     6.40    -21.90  1.00000
  12554     6.40    -21.85  1.00000
  12555     6.40    -21.80  1.00000
  12556     6.40    -21.75  1.00000
  12557     6.40    -21.70  1.00000
  12558     6.40    -21.65  1.00000
  12559     6.40    -21.60  1.00000
  12560     6.40    -21.55  1.00000
  12561     6.40    -21.50  1.00000
  12562     6.40    -21.45  1.00000
  12563     6.40    -21.40  1.00000
  12564     6.40    -21.35  1.00000
  12565     6.40    -21.30  1.00000
  12566     6.40    -21.25  1.00000
  12567     6.40    -21.20  1.00000
  12568     6.40    -21.15  1.00000
  12569     6.40    -21.10  1.00000
  12570     6.40    -21.05  1.00000
  12571     6.40    -21.00  1.00000
  12572     6.40    -20.95  1.00000
  12573     6.40    -20.90  1.00000
  12574     6.40    -20.85  1.00000
  12575     6.40    -20.80  1.00000
  12576     6.40    -20.75  1.00000
  12577     6.40    -20.70  1.00000
  12578     6.40    -20.65  1.00000
  12579     6.40    -20.60  1.00000
  12580     6.40    -20.55  1.00000
  12581     6.40    -20.50  1.00000
  12582     6.40    -20.45  1.00000
  12583     6.40    -20.40  1.00000
  12584     6.40    -20.35  1.00000
  12585     6.40    -20.30  1.00000
  12586     6.40    -20.25  1.00000
  12587     6.40    -20.20  1.00000
  12588     6.40    -20.15  1.00000
  12589     6.40    -20.10  1.00000
  12590     6.40    -20.05  1.00000
  12591     6.40    -20.00  1.00000
  12592     6.40    -19.95  1.00000
  12593     6.40    -19.90  1.00000
  12594     6.40    -19.85  1.00000
  12595     6.40    -19.80  1.00000
  12596     6.40    -19.75  1.00000
  12597     6.40    -19.70  1.00000
  12598     6.40    -19.65  1.00000
  12599     6.40    -19.60  1.00000
  12600     6.40    -19.55  1.00000
  12601     6.40    -19.50  1.00000
  12602     6.40    -19.45  1.00000
  12603     6.40    -19.40  1.00000
  12604     6.40    -19.35  1.00000
  12605     6.40    -19.30  1.00000
  12606     6.40    -19.25  1.00000
  12607     6.40    -19.20  1.00000
  12608     6.40    -19.15  1.00000
  12609     6.40    -19.10  1.00000
  12610     6.40    -19.05  1.00000
  12611     6.40    -19.00  1.00000
  12612     6.40    -18.95  1.00000
  12613     6.40    -18.90  1.00000
  12614     6.40    -18.85  1.00000
  12615     6.40    -18.80  1.00000
  12616     6.40    -18.75  1.00000
  12617     6.40    -18.70  1.00000
  12618     6.40    -18.65  1.00000
  12619     6.40    -18.60  1.00000
  12620     6.40    -18.55  1.00000
  12621     6.40    -18.50  1.00000
  12622     6.40    -18.45  1.00000
  12623     6.40    -18.40  1.00000
  12624     6.40    -18.35  1.00000
  12625     6.40    -18.30  1.00000
  12626     6.40    -18.25  1.00000
  12627     6.40    -18.20  1.00000
  12628     6.40    -18.15  1.00000
  12629     6.40    -18.10  1.00000
  12630     6.40    -18.05  1.00000
  12631     6.40    -18.00  1.00000
  12632     6.40    -17.95  1.00000
  12633     6.40    -17.90  1.00000
  12634     6.40    -17.85  1.00000
  12635     6.40    -17.80  1.00000
  12636     6.40    -17.75  1.00000
  12637     6.40    -17.70  1.00000
  12638     6.40    -17.65  1.00000
  12639     6.40    -17.60  1.00000
  12640     6.40    -17.55  1.00000
  12641     6.40    -17.50  1.00000
  12642     6.40    -17.45  1.00000
  12643     6.40    -17.40  1.00000
  12644     6.40    -17.35  1.00000
  12645     6.40    -17.30  1.00000
  12646     6.40    -17.25  1.00000
  12647     6.40    -17.20  1.00000
  12648     6.40    -17.15  1.00000
  12649     6.40    -17.10  1.00000
  12650     6.40    -17.05  1.00000
  12651     6.40    -17.00  1.00000
  12652     6.40    -16.95  1.00000
  12653     6.40    -16.90  1.00000
  12654     6.40    -16.85  1.00000
  12655     6.40    -16.80  1.00000
  12656     6.40    -16.75  1.00000
  12657     6.40    -16.70  1.00000
  12658     6.40    -16.65  1.00000
  12659     6.40    -16.60  1.00000
  12660     6.40    -16.55  1.00000
  12661     6.40    -16.50  1.00000
  12662     6.40    -16.45  1.00000
  12663     6.40    -16.40  1.00000
  12664     6.40    -16.35  1.00000
  12665     6.40    -16.30  1.00000
  12666     6.40    -16.25  1.00000
  12667     6.40    -16.20  1.00000
  12668     6.40    -16.15  1.00000
  12669     6.40    -16.10  1.00000
  12670     6.40    -16.05  1.00000
  12671     6.40    -16.00  1.00000
  12672     6.40    -15.95  1.00000
  12673     6.40    -15.90  1.00000
  12674     6.40    -15.85  1.00000
  12675     6.40    -15.80  1.00000
  12676     6.40    -15.75  1.00000
  12677     6.40    -15.70  1.00000
  12678     6.40    -15.65  1.00000
  12679     6.40    -15.60  1.00000
  12680     6.40    -15.55  1.00000
  12681     6.40    -15.50  1.00000
  12682     6.40    -15.45  1.00000
  12683     6.40    -15.40  1.00000
  12684     6.40    -15.35  1.00000
  12685     6.45    -22.85  1.00000
  12686     6.45    -22.80  1.00000
  12687     6.45    -22.75  1.00000
  12688     6.45    -22.70  1.00000
  12689     6.45    -22.65  1.00000
  12690     6.45    -22.60  1.00000
  12691     6.45    -22.55  1.00000
  12692     6.45    -22.50  1.00000
  12693     6.45    -22.45  1.00000
  12694     6.45    -22.40  1.00000
  12695     6.45    -22.35  1.00000
  12696     6.45    -22.30  1.00000
  12697     6.45    -22.25  1.00000
  12698     6.45    -22.20  1.00000
  12699     6.45    -22.15  1.00000
  12700     6.45    -22.10  1.00000
  12701     6.45    -22.05  1.00000
  12702     6.45    -22.00  1.00000
  12703     6.45    -21.95  1.00000
  12704     6.45    -21.90  1.00000
  12705     6.45    -21.85  1.00000
  12706     6.45    -21.80  1.00000
  12707     6.45    -21.75  1.00000
  12708     6.45    -21.70  1.00000
  12709     6.45    -21.65  1.00000
  12710     6.45    -21.60  1.00000
  12711     6.45    -21.55  1.00000
  12712     6.45    -21.50  1.00000
  12713     6.45    -21.45  1.00000
  12714     6.45    -21.40  1.00000
  12715     6.45    -21.35  1.00000
  12716     6.45    -21.30  1.00000
  12717     6.45    -21.25  1.00000
  12718     6.45    -21.20  1.00000
  12719     6.45    -21.15  1.00000
  12720     6.45    -21.10  1.00000
  12721     6.45    -21.05  1.00000
  12722     6.45    -21.00  1.00000
  12723     6.45    -20.95  1.00000
  12724     6.45    -20.90  1.00000
  12725     6.45    -20.85  1.00000
  12726     6.45    -20.80  1.00000
  12727     6.45    -20.75  1.00000
  12728     6.45    -20.70  1.00000
  12729     6.45    -20.65  1.00000
  12730     6.45    -20.60  1.00000
  12731     6.45    -20.55  1.00000
  12732     6.45    -20.50  1.00000
  12733     6.45    -20.45  1.00000
  12734     6.45    -20.40  1.00000
  12735     6.45    -20.35  1.00000
  12736     6.45    -20.30  1.00000
  12737     6.45    -20.25  1.00000
  12738     6.45    -20.20  1.00000
  12739     6.45    -20.15  1.00000
  12740     6.45    -20.10  1.00000
  12741     6.45    -20.05  1.00000
  12742     6.45    -20.00  1.00000
  12743     6.45    -19.95  1.00000
  12744     6.45    -19.90  1.00000
  12745     6.45    -19.85  1.00000
  12746     6.45    -19.80  1.00000
  12747     6.45    -19.75  1.00000
  12748     6.45    -19.70  1.00000
  12749     6.45    -19.65  1.00000
  12750     6.45    -19.60  1.00000
  12751     6.45    -19.55  1.00000
  12752     6.45    -19.50  1.00000
  12753     6.45    -19.45  1.00000
  12754     6.45    -19.40  1.00000
  12755     6.45    -19.35  1.00000
  12756     6.45    -19.30  1.00000
  12757     6.45    -19.25  1.00000
  12758     6.45    -19.20  1.00000
  12759     6.45    -19.15  1.00000
  12760     6.45    -19.10  1.00000
  12761     6.45    -19.05  1.00000
  12762     6.45    -19.00  1.00000
  12763     6.45    -18.95  1.00000
  12764     6.45    -18.90  1.00000
  12765     6.45    -18.85  1.00000
  12766     6.45    -18.80  1.00000
  12767     6.45    -18.75  1.00000
  12768     6.45    -18.70  1.00000
  12769     6.45    -18.65  1.00000
  12770     6.45    -18.60  1.00000
  12771     6.45    -18.55  1.00000
  12772     6.45    -18.50  1.00000
  12773     6.45    -18.45  1.00000
  12774     6.45    -18.40  1.00000
  12775     6.45    -18.35  1.00000
  12776     6.45    -18.30  1.00000
  12777     6.45    -18.25  1.00000
  12778     6.45    -18.20  1.00000
  12779     6.45    -18.15  1.00000
  12780     6.45    -18.10  1.00000
  12781     6.45    -18.05  1.00000
  12782     6.45    -18.00  1.00000
  12783     6.45    -17.95  1.00000
  12784     6.45    -17.90  1.00000
  12785     6.45    -17.85  1.00000
  12786     6.45    -17.80  1.00000
  12787     6.45    -17.75  1.00000
  12788     6.45    -17.70  1.00000
  12789     6.45    -17.65  1.00000
  12790     6.45    -17.60  1.00000
  12791     6.45    -17.55  1.00000
  12792     6.45    -17.50  1.00000
  12793     6.45    -17.45  1.00000
  12794     6.45    -17.40  1.00000
  12795     6.45    -17.35  1.00000
  12796     6.45    -17.30  1.00000
  12797     6.45    -17.25  1.00000
  12798     6.45    -17.20  1.00000
  12799     6.45    -17.15  1.00000
  12800     6.45    -17.10  1.00000
  12801     6.45    -17.05  1.00000
  12802     6.45    -17.00  1.00000
  12803     6.45    -16.95  1.00000
  12804     6.45    -16.90  1.00000
  12805     6.45    -16.85  1.00000
  12806     6.45    -16.80  1.00000
  12807     6.45    -16.75  1.00000
  12808     6.45    -16.70  1.00000
  12809     6.45    -16.65  1.00000
  12810     6.45    -16.60  1.00000
  12811     6.45    -16.55  1.00000
  12812     6.45    -16.50  1.00000
  12813     6.45    -16.45  1.00000
  12814     6.45    -16.40  1.00000
  12815     6.45    -16.35  1.00000
  12816     6.45    -16.30  1.00000
  12817     6.45    -16.25  1.00000
  12818     6.45    -16.20  1.00000
  12819     6.45    -16.15  1.00000
  12820     6.45    -16.10  1.00000
  12821     6.45    -16.05  1.00000
  12822     6.45    -16.00  1.00000
  12823     6.45    -15.95  1.00000
  12824     6.45    -15.90  1.00000
  12825     6.45    -15.85  1.00000
  12826     6.45    -15.80  1.00000
  12827     6.45    -15.75  1.00000
  12828     6.45    -15.70  1.00000
  12829     6.45    -15.65  1.00000
  12830     6.45    -15.60  1.00000
  12831     6.45    -15.55  1.00000
  12832     6.45    -15.50  1.00000
  12833     6.45    -15.45  1.00000
  12834     6.45    -15.40  1.00000
  12835     6.45    -15.35  1.00000
  12836     6.50    -22.85  1.00000
  12837     6.50    -22.80  1.00000
  12838     6.50    -22.75  1.00000
  12839     6.50    -22.70  1.00000
  12840     6.50    -22.65  1.00000
  12841     6.50    -22.60  1.00000
  12842     6.50    -22.55  1.00000
  12843     6.50    -22.50  1.00000
  12844     6.50    -22.45  1.00000
  12845     6.50    -22.40  1.00000
  12846     6.50    -22.35  1.00000
  12847     6.50    -22.30  1.00000
  12848     6.50    -22.25  1.00000
  12849     6.50    -22.20  1.00000
  12850     6.50    -22.15  1.00000
  12851     6.50    -22.10  1.00000
  12852     6.50    -22.05  1.00000
  12853     6.50    -22.00  1.00000
  12854     6.50    -21.95  1.00000
  12855     6.50    -21.90  1.00000
  12856     6.50    -21.85  1.00000
  12857     6.50    -21.80  1.00000
  12858     6.50    -21.75  1.00000
  12859     6.50    -21.70  1.00000
  12860     6.50    -21.65  1.00000
  12861     6.50    -21.60  1.00000
  12862     6.50    -21.55  1.00000
  12863     6.50    -21.50  1.00000
  12864     6.50    -21.45  1.00000
  12865     6.50    -21.40  1.00000
  12866     6.50    -21.35  1.00000
  12867     6.50    -21.30  1.00000
  12868     6.50    -21.25  1.00000
  12869     6.50    -21.20  1.00000
  12870     6.50    -21.15  1.00000
  12871     6.50    -21.10  1.00000
  12872     6.50    -21.05  1.00000
  12873     6.50    -21.00  1.00000
  12874     6.50    -20.95  1.00000
  12875     6.50    -20.90  1.00000
  12876     6.50    -20.85  1.00000
  12877     6.50    -20.80  1.00000
  12878     6.50    -20.75  1.00000
  12879     6.50    -20.70  1.00000
  12880     6.50    -20.65  1.00000
  12881     6.50    -20.60  1.00000
  12882     6.50    -20.55  1.00000
  12883     6.50    -20.50  1.00000
  12884     6.50    -20.45  1.00000
  12885     6.50    -20.40  1.00000
  12886     6.50    -20.35  1.00000
  12887     6.50    -20.30  1.00000
  12888     6.50    -20.25  1.00000
  12889     6.50    -20.20  1.00000
  12890     6.50    -20.15  1.00000
  12891     6.50    -20.10  1.00000
  12892     6.50    -20.05  1.00000
  12893     6.50    -20.00  1.00000
  12894     6.50    -19.95  1.00000
  12895     6.50    -19.90  1.00000
  12896     6.50    -19.85  1.00000
  12897     6.50    -19.80  1.00000
  12898     6.50    -19.75  1.00000
  12899     6.50    -19.70  1.00000
  12900     6.50    -19.65  1.00000
  12901     6.50    -19.60  1.00000
  12902     6.50    -19.55  1.00000
  12903     6.50    -19.50  1.00000
  12904     6.50    -19.45  1.00000
  12905     6.50    -19.40  1.00000
  12906     6.50    -19.35  1.00000
  12907     6.50    -19.30  1.00000
  12908     6.50    -19.25  1.00000
  12909     6.50    -19.20  1.00000
  12910     6.50    -19.15  1.00000
  12911     6.50    -19.10  1.00000
  12912     6.50    -19.05  1.00000
  12913     6.50    -19.00  1.00000
  12914     6.50    -18.95  1.00000
  12915     6.50    -18.90  1.00000
  12916     6.50    -18.85  1.00000
  12917     6.50    -18.80  1.00000
  12918     6.50    -18.75  1.00000
  12919     6.50    -18.70  1.00000
  12920     6.50    -18.65  1.00000
  12921     6.50    -18.60  1.00000
  12922     6.50    -18.55  1.00000
  12923     6.50    -18.50  1.00000
  12924     6.50    -18.45  1.00000
  12925     6.50    -18.40  1.00000
  12926     6.50    -18.35  1.00000
  12927     6.50    -18.30  1.00000
  12928     6.50    -18.25  1.00000
  12929     6.50    -18.20  1.00000
  12930     6.50    -18.15  1.00000
  12931     6.50    -18.10  1.00000
  12932     6.50    -18.05  1.00000
  12933     6.50    -18.00  1.00000
  12934     6.50    -17.95  1.00000
  12935     6.50    -17.90  1.00000
  12936     6.50    -17.85  1.00000
  12937     6.50    -17.80  1.00000
  12938     6.50    -17.75  1.00000
  12939     6.50    -17.70  1.00000
  12940     6.50    -17.65  1.00000
  12941     6.50    -17.60  1.00000
  12942     6.50    -17.55  1.00000
  12943     6.50    -17.50  1.00000
  12944     6.50    -17.45  1.00000
  12945     6.50    -17.40  1.00000
  12946     6.50    -17.35  1.00000
  12947     6.50    -17.30  1.00000
  12948     6.50    -17.25  1.00000
  12949     6.50    -17.20  1.00000
  12950     6.50    -17.15  1.00000
  12951     6.50    -17.10  1.00000
  12952     6.50    -17.05  1.00000
  12953     6.50    -17.00  1.00000
  12954     6.50    -16.95  1.00000
  12955     6.50    -16.90  1.00000
  12956     6.50    -16.85  1.00000
  12957     6.50    -16.80  1.00000
  12958     6.50    -16.75  1.00000
  12959     6.50    -16.70  1.00000
  12960     6.50    -16.65  1.00000
  12961     6.50    -16.60  1.00000
  12962     6.50    -16.55  1.00000
  12963     6.50    -16.50  1.00000
  12964     6.50    -16.45  1.00000
  12965     6.50    -16.40  1.00000
  12966     6.50    -16.35  1.00000
  12967     6.50    -16.30  1.00000
  12968     6.50    -16.25  1.00000
  12969     6.50    -16.20  1.00000
  12970     6.50    -16.15  1.00000
  12971     6.50    -16.10  1.00000
  12972     6.50    -16.05  1.00000
  12973     6.50    -16.00  1.00000
  12974     6.50    -15.95  1.00000
  12975     6.50    -15.90  1.00000
  12976     6.50    -15.85  1.00000
  12977     6.50    -15.80  1.00000
  12978     6.50    -15.75  1.00000
  12979     6.50    -15.70  1.00000
  12980     6.50    -15.65  1.00000
  12981     6.50    -15.60  1.00000
  12982     6.50    -15.55  1.00000
  12983     6.50    -15.50  1.00000
  12984     6.50    -15.45  1.00000
  12985     6.50    -15.40  1.00000
  12986     6.50    -15.35  1.00000
  12987     6.55    -22.85  1.00000
  12988     6.55    -22.80  1.00000
  12989     6.55    -22.75  1.00000
  12990     6.55    -22.70  1.00000
  12991     6.55    -22.65  1.00000
  12992     6.55    -22.60  1.00000
  12993     6.55    -22.55  1.00000
  12994     6.55    -22.50  1.00000
  12995     6.55    -22.45  1.00000
  12996     6.55    -22.40  1.00000
  12997     6.55    -22.35  1.00000
  12998     6.55    -22.30  1.00000
  12999     6.55    -22.25  1.00000
  13000     6.55    -22.20  1.00000
  13001     6.55    -22.15  1.00000
  13002     6.55    -22.10  1.00000
  13003     6.55    -22.05  1.00000
  13004     6.55    -22.00  1.00000
  13005     6.55    -21.95  1.00000
  13006     6.55    -21.90  1.00000
  13007     6.55    -21.85  1.00000
  13008     6.55    -21.80  1.00000
  13009     6.55    -21.75  1.00000
  13010     6.55    -21.70  1.00000
  13011     6.55    -21.65  1.00000
  13012     6.55    -21.60  1.00000
  13013     6.55    -21.55  1.00000
  13014     6.55    -21.50  1.00000
  13015     6.55    -21.45  1.00000
  13016     6.55    -21.40  1.00000
  13017     6.55    -21.35  1.00000
  13018     6.55    -21.30  1.00000
  13019     6.55    -21.25  1.00000
  13020     6.55    -21.20  1.00000
  13021     6.55    -21.15  1.00000
  13022     6.55    -21.10  1.00000
  13023     6.55    -21.05  1.00000
  13024     6.55    -21.00  1.00000
  13025     6.55    -20.95  1.00000
  13026     6.55    -20.90  1.00000
  13027     6.55    -20.85  1.00000
  13028     6.55    -20.80  1.00000
  13029     6.55    -20.75  1.00000
  13030     6.55    -20.70  1.00000
  13031     6.55    -20.65  1.00000
  13032     6.55    -20.60  1.00000
  13033     6.55    -20.55  1.00000
  13034     6.55    -20.50  1.00000
  13035     6.55    -20.45  1.00000
  13036     6.55    -20.40  1.00000
  13037     6.55    -20.35  1.00000
  13038     6.55    -20.30  1.00000
  13039     6.55    -20.25  1.00000
  13040     6.55    -20.20  1.00000
  13041     6.55    -20.15  1.00000
  13042     6.55    -20.10  1.00000
  13043     6.55    -20.05  1.00000
  13044     6.55    -20.00  1.00000
  13045     6.55    -19.95  1.00000
  13046     6.55    -19.90  1.00000
  13047     6.55    -19.85  1.00000
  13048     6.55    -19.80  1.00000
  13049     6.55    -19.75  1.00000
  13050     6.55    -19.70  1.00000
  13051     6.55    -19.65  1.00000
  13052     6.55    -19.60  1.00000
  13053     6.55    -19.55  1.00000
  13054     6.55    -19.50  1.00000
  13055     6.55    -19.45  1.00000
  13056     6.55    -19.40  1.00000
  13057     6.55    -19.35  1.00000
  13058     6.55    -19.30  1.00000
  13059     6.55    -19.25  1.00000
  13060     6.55    -19.20  1.00000
  13061     6.55    -19.15  1.00000
  13062     6.55    -19.10  1.00000
  13063     6.55    -19.05  1.00000
  13064     6.55    -19.00  1.00000
  13065     6.55    -18.95  1.00000
  13066     6.55    -18.90  1.00000
  13067     6.55    -18.85  1.00000
  13068     6.55    -18.80  1.00000
  13069     6.55    -18.75  1.00000
  13070     6.55    -18.70  1.00000
  13071     6.55    -18.65  1.00000
  13072     6.55    -18.60  1.00000
  13073     6.55    -18.55  1.00000
  13074     6.55    -18.50  1.00000
  13075     6.55    -18.45  1.00000
  13076     6.55    -18.40  1.00000
  13077     6.55    -18.35  1.00000
  13078     6.55    -18.30  1.00000
  13079     6.55    -18.25  1.00000
  13080     6.55    -18.20  1.00000
  13081     6.55    -18.15  1.00000
  13082     6.55    -18.10  1.00000
  13083     6.55    -18.05  1.00000
  13084     6.55    -18.00  1.00000
  13085     6.55    -17.95  1.00000
  13086     6.55    -17.90  1.00000
  13087     6.55    -17.85  1.00000
  13088     6.55    -17.80  1.00000
  13089     6.55    -17.75  1.00000
  13090     6.55    -17.70  1.00000
  13091     6.55    -17.65  1.00000
  13092     6.55    -17.60  1.00000
  13093     6.55    -17.55  1.00000
  13094     6.55    -17.50  1.00000
  13095     6.55    -17.45  1.00000
  13096     6.55    -17.40  1.00000
  13097     6.55    -17.35  1.00000
  13098     6.55    -17.30  1.00000
  13099     6.55    -17.25  1.00000
  13100     6.55    -17.20  1.00000
  13101     6.55    -17.15  1.00000
  13102     6.55    -17.10  1.00000
  13103     6.55    -17.05  1.00000
  13104     6.55    -17.00  1.00000
  13105     6.55    -16.95  1.00000
  13106     6.55    -16.90  1.00000
  13107     6.55    -16.85  1.00000
  13108     6.55    -16.80  1.00000
  13109     6.55    -16.75  1.00000
  13110     6.55    -16.70  1.00000
  13111     6.55    -16.65  1.00000
  13112     6.55    -16.60  1.00000
  13113     6.55    -16.55  1.00000
  13114     6.55    -16.50  1.00000
  13115     6.55    -16.45  1.00000
  13116     6.55    -16.40  1.00000
  13117     6.55    -16.35  1.00000
  13118     6.55    -16.30  1.00000
  13119     6.55    -16.25  1.00000
  13120     6.55    -16.20  1.00000
  13121     6.55    -16.15  1.00000
  13122     6.55    -16.10  1.00000
  13123     6.55    -16.05  1.00000
  13124     6.55    -16.00  1.00000
  13125     6.55    -15.95  1.00000
  13126     6.55    -15.90  1.00000
  13127     6.55    -15.85  1.00000
  13128     6.55    -15.80  1.00000
  13129     6.55    -15.75  1.00000
  13130     6.55    -15.70  1.00000
  13131     6.55    -15.65  1.00000
  13132     6.55    -15.60  1.00000
  13133     6.55    -15.55  1.00000
  13134     6.55    -15.50  1.00000
  13135     6.55    -15.45  1.00000
  13136     6.55    -15.40  1.00000
  13137     6.55    -15.35  1.00000
  13138     6.60    -22.85  1.00000
  13139     6.60    -22.80  1.00000
  13140     6.60    -22.75  1.00000
  13141     6.60    -22.70  1.00000
  13142     6.60    -22.65  1.00000
  13143     6.60    -22.60  1.00000
  13144     6.60    -22.55  1.00000
  13145     6.60    -22.50  1.00000
  13146     6.60    -22.45  1.00000
  13147     6.60    -22.40  1.00000
  13148     6.60    -22.35  1.00000
  13149     6.60    -22.30  1.00000
  13150     6.60    -22.25  1.00000
  13151     6.60    -22.20  1.00000
  13152     6.60    -22.15  1.00000
  13153     6.60    -22.10  1.00000
  13154     6.60    -22.05  1.00000
  13155     6.60    -22.00  1.00000
  13156     6.60    -21.95  1.00000
  13157     6.60    -21.90  1.00000
  13158     6.60    -21.85  1.00000
  13159     6.60    -21.80  1.00000
  13160     6.60    -21.75  1.00000
  13161     6.60    -21.70  1.00000
  13162     6.60    -21.65  1.00000
  13163     6.60    -21.60  1.00000
  13164     6.60    -21.55  1.00000
  13165     6.60    -21.50  1.00000
  13166     6.60    -21.45  1.00000
  13167     6.60    -21.40  1.00000
  13168     6.60    -21.35  1.00000
  13169     6.60    -21.30  1.00000
  13170     6.60    -21.25  1.00000
  13171     6.60    -21.20  1.00000
  13172     6.60    -21.15  1.00000
  13173     6.60    -21.10  1.00000
  13174     6.60    -21.05  1.00000
  13175     6.60    -21.00  1.00000
  13176     6.60    -20.95  1.00000
  13177     6.60    -20.90  1.00000
  13178     6.60    -20.85  1.00000
  13179     6.60    -20.80  1.00000
  13180     6.60    -20.75  1.00000
  13181     6.60    -20.70  1.00000
  13182     6.60    -20.65  1.00000
  13183     6.60    -20.60  1.00000
  13184     6.60    -20.55  1.00000
  13185     6.60    -20.50  1.00000
  13186     6.60    -20.45  1.00000
  13187     6.60    -20.40  1.00000
  13188     6.60    -20.35  1.00000
  13189     6.60    -20.30  1.00000
  13190     6.60    -20.25  1.00000
  13191     6.60    -20.20  1.00000
  13192     6.60    -20.15  1.00000
  13193     6.60    -20.10  1.00000
  13194     6.60    -20.05  1.00000
  13195     6.60    -20.00  1.00000
  13196     6.60    -19.95  1.00000
  13197     6.60    -19.90  1.00000
  13198     6.60    -19.85  1.00000
  13199     6.60    -19.80  1.00000
  13200     6.60    -19.75  1.00000
  13201     6.60    -19.70  1.00000
  13202     6.60    -19.65  1.00000
  13203     6.60    -19.60  1.00000
  13204     6.60    -19.55  1.00000
  13205     6.60    -19.50  1.00000
  13206     6.60    -19.45  1.00000
  13207     6.60    -19.40  1.00000
  13208     6.60    -19.35  1.00000
  13209     6.60    -19.30  1.00000
  13210     6.60    -19.25  1.00000
  13211     6.60    -19.20  1.00000
  13212     6.60    -19.15  1.00000
  13213     6.60    -19.10  1.00000
  13214     6.60    -19.05  1.00000
  13215     6.60    -19.00  1.00000
  13216     6.60    -18.95  1.00000
  13217     6.60    -18.90  1.00000
  13218     6.60    -18.85  1.00000
  13219     6.60    -18.80  1.00000
  13220     6.60    -18.75  1.00000
  13221     6.60    -18.70  1.00000
  13222     6.60    -18.65  1.00000
  13223     6.60    -18.60  1.00000
  13224     6.60    -18.55  1.00000
  13225     6.60    -18.50  1.00000
  13226     6.60    -18.45  1.00000
  13227     6.60    -18.40  1.00000
  13228     6.60    -18.35  1.00000
  13229     6.60    -18.30  1.00000
  13230     6.60    -18.25  1.00000
  13231     6.60    -18.20  1.00000
  13232     6.60    -18.15  1.00000
  13233     6.60    -18.10  1.00000
  13234     6.60    -18.05  1.00000
  13235     6.60    -18.00  1.00000
  13236     6.60    -17.95  1.00000
  13237     6.60    -17.90  1.00000
  13238     6.60    -17.85  1.00000
  13239     6.60    -17.80  1.00000
  13240     6.60    -17.75  1.00000
  13241     6.60    -17.70  1.00000
  13242     6.60    -17.65  1.00000
  13243     6.60    -17.60  1.00000
  13244     6.60    -17.55  1.00000
  13245     6.60    -17.50  1.00000
  13246     6.60    -17.45  1.00000
  13247     6.60    -17.40  1.00000
  13248     6.60    -17.35  1.00000
  13249     6.60    -17.30  1.00000
  13250     6.60    -17.25  1.00000
  13251     6.60    -17.20  1.00000
  13252     6.60    -17.15  1.00000
  13253     6.60    -17.10  1.00000
  13254     6.60    -17.05  1.00000
  13255     6.60    -17.00  1.00000
  13256     6.60    -16.95  1.00000
  13257     6.60    -16.90  1.00000
  13258     6.60    -16.85  1.00000
  13259     6.60    -16.80  1.00000
  13260     6.60    -16.75  1.00000
  13261     6.60    -16.70  1.00000
  13262     6.60    -16.65  1.00000
  13263     6.60    -16.60  1.00000
  13264     6.60    -16.55  1.00000
  13265     6.60    -16.50  1.00000
  13266     6.60    -16.45  1.00000
  13267     6.60    -16.40  1.00000
  13268     6.60    -16.35  1.00000
  13269     6.60    -16.30  1.00000
  13270     6.60    -16.25  1.00000
  13271     6.60    -16.20  1.00000
  13272     6.60    -16.15  1.00000
  13273     6.60    -16.10  1.00000
  13274     6.60    -16.05  1.00000
  13275     6.60    -16.00  1.00000
  13276     6.60    -15.95  1.00000
  13277     6.60    -15.90  1.00000
  13278     6.60    -15.85  1.00000
  13279     6.60    -15.80  1.00000
  13280     6.60    -15.75  1.00000
  13281     6.60    -15.70  1.00000
  13282     6.60    -15.65  1.00000
  13283     6.60    -15.60  1.00000
  13284     6.60    -15.55  1.00000
  13285     6.60    -15.50  1.00000
  13286     6.60    -15.45  1.00000
  13287     6.60    -15.40  1.00000
  13288     6.60    -15.35  1.00000
  13289     6.65    -22.85  1.00000
  13290     6.65    -22.80  1.00000
  13291     6.65    -22.75  1.00000
  13292     6.65    -22.70  1.00000
  13293     6.65    -22.65  1.00000
  13294     6.65    -22.60  1.00000
  13295     6.65    -22.55  1.00000
  13296     6.65    -22.50  1.00000
  13297     6.65    -22.45  1.00000
  13298     6.65    -22.40  1.00000
  13299     6.65    -22.35  1.00000
  13300     6.65    -22.30  1.00000
  13301     6.65    -22.25  1.00000
  13302     6.65    -22.20  1.00000
  13303     6.65    -22.15  1.00000
  13304     6.65    -22.10  1.00000
  13305     6.65    -22.05  1.00000
  13306     6.65    -22.00  1.00000
  13307     6.65    -21.95  1.00000
  13308     6.65    -21.90  1.00000
  13309     6.65    -21.85  1.00000
  13310     6.65    -21.80  1.00000
  13311     6.65    -21.75  1.00000
  13312     6.65    -21.70  1.00000
  13313     6.65    -21.65  1.00000
  13314     6.65    -21.60  1.00000
  13315     6.65    -21.55  1.00000
  13316     6.65    -21.50  1.00000
  13317     6.65    -21.45  1.00000
  13318     6.65    -21.40  1.00000
  13319     6.65    -21.35  1.00000
  13320     6.65    -21.30  1.00000
  13321     6.65    -21.25  1.00000
  13322     6.65    -21.20  1.00000
  13323     6.65    -21.15  1.00000
  13324     6.65    -21.10  1.00000
  13325     6.65    -21.05  1.00000
  13326     6.65    -21.00  1.00000
  13327     6.65    -20.95  1.00000
  13328     6.65    -20.90  1.00000
  13329     6.65    -20.85  1.00000
  13330     6.65    -20.80  1.00000
  13331     6.65    -20.75  1.00000
  13332     6.65    -20.70  1.00000
  13333     6.65    -20.65  1.00000
  13334     6.65    -20.60  1.00000
  13335     6.65    -20.55  1.00000
  13336     6.65    -20.50  1.00000
  13337     6.65    -20.45  1.00000
  13338     6.65    -20.40  1.00000
  13339     6.65    -20.35  1.00000
  13340     6.65    -20.30  1.00000
  13341     6.65    -20.25  1.00000
  13342     6.65    -20.20  1.00000
  13343     6.65    -20.15  1.00000
  13344     6.65    -20.10  1.00000
  13345     6.65    -20.05  1.00000
  13346     6.65    -20.00  1.00000
  13347     6.65    -19.95  1.00000
  13348     6.65    -19.90  1.00000
  13349     6.65    -19.85  1.00000
  13350     6.65    -19.80  1.00000
  13351     6.65    -19.75  1.00000
  13352     6.65    -19.70  1.00000
  13353     6.65    -19.65  1.00000
  13354     6.65    -19.60  1.00000
  13355     6.65    -19.55  1.00000
  13356     6.65    -19.50  1.00000
  13357     6.65    -19.45  1.00000
  13358     6.65    -19.40  1.00000
  13359     6.65    -19.35  1.00000
  13360     6.65    -19.30  1.00000
  13361     6.65    -19.25  1.00000
  13362     6.65    -19.20  1.00000
  13363     6.65    -19.15  1.00000
  13364     6.65    -19.10  1.00000
  13365     6.65    -19.05  1.00000
  13366     6.65    -19.00  1.00000
  13367     6.65    -18.95  1.00000
  13368     6.65    -18.90  1.00000
  13369     6.65    -18.85  1.00000
  13370     6.65    -18.80  1.00000
  13371     6.65    -18.75  1.00000
  13372     6.65    -18.70  1.00000
  13373     6.65    -18.65  1.00000
  13374     6.65    -18.60  1.00000
  13375     6.65    -18.55  1.00000
  13376     6.65    -18.50  1.00000
  13377     6.65    -18.45  1.00000
  13378     6.65    -18.40  1.00000
  13379     6.65    -18.35  1.00000
  13380     6.65    -18.30  1.00000
  13381     6.65    -18.25  1.00000
  13382     6.65    -18.20  1.00000
  13383     6.65    -18.15  1.00000
  13384     6.65    -18.10  1.00000
  13385     6.65    -18.05  1.00000
  13386     6.65    -18.00  1.00000
  13387     6.65    -17.95  1.00000
  13388     6.65    -17.90  1.00000
  13389     6.65    -17.85  1.00000
  13390     6.65    -17.80  1.00000
  13391     6.65    -17.75  1.00000
  13392     6.65    -17.70  1.00000
  13393     6.65    -17.65  1.00000
  13394     6.65    -17.60  1.00000
  13395     6.65    -17.55  1.00000
  13396     6.65    -17.50  1.00000
  13397     6.65    -17.45  1.00000
  13398     6.65    -17.40  1.00000
  13399     6.65    -17.35  1.00000
  13400     6.65    -17.30  1.00000
  13401     6.65    -17.25  1.00000
  13402     6.65    -17.20  1.00000
  13403     6.65    -17.15  1.00000
  13404     6.65    -17.10  1.00000
  13405     6.65    -17.05  1.00000
  13406     6.65    -17.00  1.00000
  13407     6.65    -16.95  1.00000
  13408     6.65    -16.90  1.00000
  13409     6.65    -16.85  1.00000
  13410     6.65    -16.80  1.00000
  13411     6.65    -16.75  1.00000
  13412     6.65    -16.70  1.00000
  13413     6.65    -16.65  1.00000
  13414     6.65    -16.60  1.00000
  13415     6.65    -16.55  1.00000
  13416     6.65    -16.50  1.00000
  13417     6.65    -16.45  1.00000
  13418     6.65    -16.40  1.00000
  13419     6.65    -16.35  1.00000
  13420     6.65    -16.30  1.00000
  13421     6.65    -16.25  1.00000
  13422     6.65    -16.20  1.00000
  13423     6.65    -16.15  1.00000
  13424     6.65    -16.10  1.00000
  13425     6.65    -16.05  1.00000
  13426     6.65    -16.00  1.00000
  13427     6.65    -15.95  1.00000
  13428     6.65    -15.90  1.00000
  13429     6.65    -15.85  1.00000
  13430     6.65    -15.80  1.00000
  13431     6.65    -15.75  1.00000
  13432     6.65    -15.70  1.00000
  13433     6.65    -15.65  1.00000
  13434     6.65    -15.60  1.00000
  13435     6.65    -15.55  1.00000
  13436     6.65    -15.50  1.00000
  13437     6.65    -15.45  1.00000
  13438     6.65    -15.40  1.00000
  13439     6.65    -15.35  1.00000
  13440     6.70    -22.85  1.00000
  13441     6.70    -22.80  1.00000
  13442     6.70    -22.75  1.00000
  13443     6.70    -22.70  1.00000
  13444     6.70    -22.65  1.00000
  13445     6.70    -22.60  1.00000
  13446     6.70    -22.55  1.00000
  13447     6.70    -22.50  1.00000
  13448     6.70    -22.45  1.00000
  13449     6.70    -22.40  1.00000
  13450     6.70    -22.35  1.00000
  13451     6.70    -22.30  1.00000
  13452     6.70    -22.25  1.00000
  13453     6.70    -22.20  1.00000
  13454     6.70    -22.15  1.00000
  13455     6.70    -22.10  1.00000
  13456     6.70    -22.05  1.00000
  13457     6.70    -22.00  1.00000
  13458     6.70    -21.95  1.00000
  13459     6.70    -21.90  1.00000
  13460     6.70    -21.85  1.00000
  13461     6.70    -21.80  1.00000
  13462     6.70    -21.75  1.00000
  13463     6.70    -21.70  1.00000
  13464     6.70    -21.65  1.00000
  13465     6.70    -21.60  1.00000
  13466     6.70    -21.55  1.00000
  13467     6.70    -21.50  1.00000
  13468     6.70    -21.45  1.00000
  13469     6.70    -21.40  1.00000
  13470     6.70    -21.35  1.00000
  13471     6.70    -21.30  1.00000
  13472     6.70    -21.25  1.00000
  13473     6.70    -21.20  1.00000
  13474     6.70    -21.15  1.00000
  13475     6.70    -21.10  1.00000
  13476     6.70    -21.05  1.00000
  13477     6.70    -21.00  1.00000
  13478     6.70    -20.95  1.00000
  13479     6.70    -20.90  1.00000
  13480     6.70    -20.85  1.00000
  13481     6.70    -20.80  1.00000
  13482     6.70    -20.75  1.00000
  13483     6.70    -20.70  1.00000
  13484     6.70    -20.65  1.00000
  13485     6.70    -20.60  1.00000
  13486     6.70    -20.55  1.00000
  13487     6.70    -20.50  1.00000
  13488     6.70    -20.45  1.00000
  13489     6.70    -20.40  1.00000
  13490     6.70    -20.35  1.00000
  13491     6.70    -20.30  1.00000
  13492     6.70    -20.25  1.00000
  13493     6.70    -20.20  1.00000
  13494     6.70    -20.15  1.00000
  13495     6.70    -20.10  1.00000
  13496     6.70    -20.05  1.00000
  13497     6.70    -20.00  1.00000
  13498     6.70    -19.95  1.00000
  13499     6.70    -19.90  1.00000
  13500     6.70    -19.85  1.00000
  13501     6.70    -19.80  1.00000
  13502     6.70    -19.75  1.00000
  13503     6.70    -19.70  1.00000
  13504     6.70    -19.65  1.00000
  13505     6.70    -19.60  1.00000
  13506     6.70    -19.55  1.00000
  13507     6.70    -19.50  1.00000
  13508     6.70    -19.45  1.00000
  13509     6.70    -19.40  1.00000
  13510     6.70    -19.35  1.00000
  13511     6.70    -19.30  1.00000
  13512     6.70    -19.25  1.00000
  13513     6.70    -19.20  1.00000
  13514     6.70    -19.15  1.00000
  13515     6.70    -19.10  1.00000
  13516     6.70    -19.05  1.00000
  13517     6.70    -19.00  1.00000
  13518     6.70    -18.95  1.00000
  13519     6.70    -18.90  1.00000
  13520     6.70    -18.85  1.00000
  13521     6.70    -18.80  1.00000
  13522     6.70    -18.75  1.00000
  13523     6.70    -18.70  1.00000
  13524     6.70    -18.65  1.00000
  13525     6.70    -18.60  1.00000
  13526     6.70    -18.55  1.00000
  13527     6.70    -18.50  1.00000
  13528     6.70    -18.45  1.00000
  13529     6.70    -18.40  1.00000
  13530     6.70    -18.35  1.00000
  13531     6.70    -18.30  1.00000
  13532     6.70    -18.25  1.00000
  13533     6.70    -18.20  1.00000
  13534     6.70    -18.15  1.00000
  13535     6.70    -18.10  1.00000
  13536     6.70    -18.05  1.00000
  13537     6.70    -18.00  1.00000
  13538     6.70    -17.95  1.00000
  13539     6.70    -17.90  1.00000
  13540     6.70    -17.85  1.00000
  13541     6.70    -17.80  1.00000
  13542     6.70    -17.75  1.00000
  13543     6.70    -17.70  1.00000
  13544     6.70    -17.65  1.00000
  13545     6.70    -17.60  1.00000
  13546     6.70    -17.55  1.00000
  13547     6.70    -17.50  1.00000
  13548     6.70    -17.45  1.00000
  13549     6.70    -17.40  1.00000
  13550     6.70    -17.35  1.00000
  13551     6.70    -17.30  1.00000
  13552     6.70    -17.25  1.00000
  13553     6.70    -17.20  1.00000
  13554     6.70    -17.15  1.00000
  13555     6.70    -17.10  1.00000
  13556     6.70    -17.05  1.00000
  13557     6.70    -17.00  1.00000
  13558     6.70    -16.95  1.00000
  13559     6.70    -16.90  1.00000
  13560     6.70    -16.85  1.00000
  13561     6.70    -16.80  1.00000
  13562     6.70    -16.75  1.00000
  13563     6.70    -16.70  1.00000
  13564     6.70    -16.65  1.00000
  13565     6.70    -16.60  1.00000
  13566     6.70    -16.55  1.00000
  13567     6.70    -16.50  1.00000
  13568     6.70    -16.45  1.00000
  13569     6.70    -16.40  1.00000
  13570     6.70    -16.35  1.00000
  13571     6.70    -16.30  1.00000
  13572     6.70    -16.25  1.00000
  13573     6.70    -16.20  1.00000
  13574     6.70    -16.15  1.00000
  13575     6.70    -16.10  1.00000
  13576     6.70    -16.05  1.00000
  13577     6.70    -16.00  1.00000
  13578     6.70    -15.95  1.00000
  13579     6.70    -15.90  1.00000
  13580     6.70    -15.85  1.00000
  13581     6.70    -15.80  1.00000
  13582     6.70    -15.75  1.00000
  13583     6.70    -15.70  1.00000
  13584     6.70    -15.65  1.00000
  13585     6.70    -15.60  1.00000
  13586     6.70    -15.55  1.00000
  13587     6.70    -15.50  1.00000
  13588     6.70    -15.45  1.00000
  13589     6.70    -15.40  1.00000
  13590     6.70    -15.35  1.00000
  13591     6.75    -22.85  1.00000
  13592     6.75    -22.80  1.00000
  13593     6.75    -22.75  1.00000
  13594     6.75    -22.70  1.00000
  13595     6.75    -22.65  1.00000
  13596     6.75    -22.60  1.00000
  13597     6.75    -22.55  1.00000
  13598     6.75    -22.50  1.00000
  13599     6.75    -22.45  1.00000
  13600     6.75    -22.40  1.00000
  13601     6.75    -22.35  1.00000
  13602     6.75    -22.30  1.00000
  13603     6.75    -22.25  1.00000
  13604     6.75    -22.20  1.00000
  13605     6.75    -22.15  1.00000
  13606     6.75    -22.10  1.00000
  13607     6.75    -22.05  1.00000
  13608     6.75    -22.00  1.00000
  13609     6.75    -21.95  1.00000
  13610     6.75    -21.90  1.00000
  13611     6.75    -21.85  1.00000
  13612     6.75    -21.80  1.00000
  13613     6.75    -21.75  1.00000
  13614     6.75    -21.70  1.00000
  13615     6.75    -21.65  1.00000
  13616     6.75    -21.60  1.00000
  13617     6.75    -21.55  1.00000
  13618     6.75    -21.50  1.00000
  13619     6.75    -21.45  1.00000
  13620     6.75    -21.40  1.00000
  13621     6.75    -21.35  1.00000
  13622     6.75    -21.30  1.00000
  13623     6.75    -21.25  1.00000
  13624     6.75    -21.20  1.00000
  13625     6.75    -21.15  1.00000
  13626     6.75    -21.10  1.00000
  13627     6.75    -21.05  1.00000
  13628     6.75    -21.00  1.00000
  13629     6.75    -20.95  1.00000
  13630     6.75    -20.90  1.00000
  13631     6.75    -20.85  1.00000
  13632     6.75    -20.80  1.00000
  13633     6.75    -20.75  1.00000
  13634     6.75    -20.70  1.00000
  13635     6.75    -20.65  1.00000
  13636     6.75    -20.60  1.00000
  13637     6.75    -20.55  1.00000
  13638     6.75    -20.50  1.00000
  13639     6.75    -20.45  1.00000
  13640     6.75    -20.40  1.00000
  13641     6.75    -20.35  1.00000
  13642     6.75    -20.30  1.00000
  13643     6.75    -20.25  1.00000
  13644     6.75    -20.20  1.00000
  13645     6.75    -20.15  1.00000
  13646     6.75    -20.10  1.00000
  13647     6.75    -20.05  1.00000
  13648     6.75    -20.00  1.00000
  13649     6.75    -19.95  1.00000
  13650     6.75    -19.90  1.00000
  13651     6.75    -19.85  1.00000
  13652     6.75    -19.80  1.00000
  13653     6.75    -19.75  1.00000
  13654     6.75    -19.70  1.00000
  13655     6.75    -19.65  1.00000
  13656     6.75    -19.60  1.00000
  13657     6.75    -19.55  1.00000
  13658     6.75    -19.50  1.00000
  13659     6.75    -19.45  1.00000
  13660     6.75    -19.40  1.00000
  13661     6.75    -19.35  1.00000
  13662     6.75    -19.30  1.00000
  13663     6.75    -19.25  1.00000
  13664     6.75    -19.20  1.00000
  13665     6.75    -19.15  1.00000
  13666     6.75    -19.10  1.00000
  13667     6.75    -19.05  1.00000
  13668     6.75    -19.00  1.00000
  13669     6.75    -18.95  1.00000
  13670     6.75    -18.90  1.00000
  13671     6.75    -18.85  1.00000
  13672     6.75    -18.80  1.00000
  13673     6.75    -18.75  1.00000
  13674     6.75    -18.70  1.00000
  13675     6.75    -18.65  1.00000
  13676     6.75    -18.60  1.00000
  13677     6.75    -18.55  1.00000
  13678     6.75    -18.50  1.00000
  13679     6.75    -18.45  1.00000
  13680     6.75    -18.40  1.00000
  13681     6.75    -18.35  1.00000
  13682     6.75    -18.30  1.00000
  13683     6.75    -18.25  1.00000
  13684     6.75    -18.20  1.00000
  13685     6.75    -18.15  1.00000
  13686     6.75    -18.10  1.00000
  13687     6.75    -18.05  1.00000
  13688     6.75    -18.00  1.00000
  13689     6.75    -17.95  1.00000
  13690     6.75    -17.90  1.00000
  13691     6.75    -17.85  1.00000
  13692     6.75    -17.80  1.00000
  13693     6.75    -17.75  1.00000
  13694     6.75    -17.70  1.00000
  13695     6.75    -17.65  1.00000
  13696     6.75    -17.60  1.00000
  13697     6.75    -17.55  1.00000
  13698     6.75    -17.50  1.00000
  13699     6.75    -17.45  1.00000
  13700     6.75    -17.40  1.00000
  13701     6.75    -17.35  1.00000
  13702     6.75    -17.30  1.00000
  13703     6.75    -17.25  1.00000
  13704     6.75    -17.20  1.00000
  13705     6.75    -17.15  1.00000
  13706     6.75    -17.10  1.00000
  13707     6.75    -17.05  1.00000
  13708     6.75    -17.00  1.00000
  13709     6.75    -16.95  1.00000
  13710     6.75    -16.90  1.00000
  13711     6.75    -16.85  1.00000
  13712     6.75    -16.80  1.00000
  13713     6.75    -16.75  1.00000
  13714     6.75    -16.70  1.00000
  13715     6.75    -16.65  1.00000
  13716     6.75    -16.60  1.00000
  13717     6.75    -16.55  1.00000
  13718     6.75    -16.50  1.00000
  13719     6.75    -16.45  1.00000
  13720     6.75    -16.40  1.00000
  13721     6.75    -16.35  1.00000
  13722     6.75    -16.30  1.00000
  13723     6.75    -16.25  1.00000
  13724     6.75    -16.20  1.00000
  13725     6.75    -16.15  1.00000
  13726     6.75    -16.10  1.00000
  13727     6.75    -16.05  1.00000
  13728     6.75    -16.00  1.00000
  13729     6.75    -15.95  1.00000
  13730     6.75    -15.90  1.00000
  13731     6.75    -15.85  1.00000
  13732     6.75    -15.80  1.00000
  13733     6.75    -15.75  1.00000
  13734     6.75    -15.70  1.00000
  13735     6.75    -15.65  1.00000
  13736     6.75    -15.60  1.00000
  13737     6.75    -15.55  1.00000
  13738     6.75    -15.50  1.00000
  13739     6.75    -15.45  1.00000
  13740     6.75    -15.40  1.00000
  13741     6.75    -15.35  1.00000
  13742     6.80    -22.85  1.00000
  13743     6.80    -22.80  1.00000
  13744     6.80    -22.75  1.00000
  13745     6.80    -22.70  1.00000
  13746     6.80    -22.65  1.00000
  13747     6.80    -22.60  1.00000
  13748     6.80    -22.55  1.00000
  13749     6.80    -22.50  1.00000
  13750     6.80    -22.45  1.00000
  13751     6.80    -22.40  1.00000
  13752     6.80    -22.35  1.00000
  13753     6.80    -22.30  1.00000
  13754     6.80    -22.25  1.00000
  13755     6.80    -22.20  1.00000
  13756     6.80    -22.15  1.00000
  13757     6.80    -22.10  1.00000
  13758     6.80    -22.05  1.00000
  13759     6.80    -22.00  1.00000
  13760     6.80    -21.95  1.00000
  13761     6.80    -21.90  1.00000
  13762     6.80    -21.85  1.00000
  13763     6.80    -21.80  1.00000
  13764     6.80    -21.75  1.00000
  13765     6.80    -21.70  1.00000
  13766     6.80    -21.65  1.00000
  13767     6.80    -21.60  1.00000
  13768     6.80    -21.55  1.00000
  13769     6.80    -21.50  1.00000
  13770     6.80    -21.45  1.00000
  13771     6.80    -21.40  1.00000
  13772     6.80    -21.35  1.00000
  13773     6.80    -21.30  1.00000
  13774     6.80    -21.25  1.00000
  13775     6.80    -21.20  1.00000
  13776     6.80    -21.15  1.00000
  13777     6.80    -21.10  1.00000
  13778     6.80    -21.05  1.00000
  13779     6.80    -21.00  1.00000
  13780     6.80    -20.95  1.00000
  13781     6.80    -20.90  1.00000
  13782     6.80    -20.85  1.00000
  13783     6.80    -20.80  1.00000
  13784     6.80    -20.75  1.00000
  13785     6.80    -20.70  1.00000
  13786     6.80    -20.65  1.00000
  13787     6.80    -20.60  1.00000
  13788     6.80    -20.55  1.00000
  13789     6.80    -20.50  1.00000
  13790     6.80    -20.45  1.00000
  13791     6.80    -20.40  1.00000
  13792     6.80    -20.35  1.00000
  13793     6.80    -20.30  1.00000
  13794     6.80    -20.25  1.00000
  13795     6.80    -20.20  1.00000
  13796     6.80    -20.15  1.00000
  13797     6.80    -20.10  1.00000
  13798     6.80    -20.05  1.00000
  13799     6.80    -20.00  1.00000
  13800     6.80    -19.95  1.00000
  13801     6.80    -19.90  1.00000
  13802     6.80    -19.85  1.00000
  13803     6.80    -19.80  1.00000
  13804     6.80    -19.75  1.00000
  13805     6.80    -19.70  1.00000
  13806     6.80    -19.65  1.00000
  13807     6.80    -19.60  1.00000
  13808     6.80    -19.55  1.00000
  13809     6.80    -19.50  1.00000
  13810     6.80    -19.45  1.00000
  13811     6.80    -19.40  1.00000
  13812     6.80    -19.35  1.00000
  13813     6.80    -19.30  1.00000
  13814     6.80    -19.25  1.00000
  13815     6.80    -19.20  1.00000
  13816     6.80    -19.15  1.00000
  13817     6.80    -19.10  1.00000
  13818     6.80    -19.05  1.00000
  13819     6.80    -19.00  1.00000
  13820     6.80    -18.95  1.00000
  13821     6.80    -18.90  1.00000
  13822     6.80    -18.85  1.00000
  13823     6.80    -18.80  1.00000
  13824     6.80    -18.75  1.00000
  13825     6.80    -18.70  1.00000
  13826     6.80    -18.65  1.00000
  13827     6.80    -18.60  1.00000
  13828     6.80    -18.55  1.00000
  13829     6.80    -18.50  1.00000
  13830     6.80    -18.45  1.00000
  13831     6.80    -18.40  1.00000
  13832     6.80    -18.35  1.00000
  13833     6.80    -18.30  1.00000
  13834     6.80    -18.25  1.00000
  13835     6.80    -18.20  1.00000
  13836     6.80    -18.15  1.00000
  13837     6.80    -18.10  1.00000
  13838     6.80    -18.05  1.00000
  13839     6.80    -18.00  1.00000
  13840     6.80    -17.95  1.00000
  13841     6.80    -17.90  1.00000
  13842     6.80    -17.85  1.00000
  13843     6.80    -17.80  1.00000
  13844     6.80    -17.75  1.00000
  13845     6.80    -17.70  1.00000
  13846     6.80    -17.65  1.00000
  13847     6.80    -17.60  1.00000
  13848     6.80    -17.55  1.00000
  13849     6.80    -17.50  1.00000
  13850     6.80    -17.45  1.00000
  13851     6.80    -17.40  1.00000
  13852     6.80    -17.35  1.00000
  13853     6.80    -17.30  1.00000
  13854     6.80    -17.25  1.00000
  13855     6.80    -17.20  1.00000
  13856     6.80    -17.15  1.00000
  13857     6.80    -17.10  1.00000
  13858     6.80    -17.05  1.00000
  13859     6.80    -17.00  1.00000
  13860     6.80    -16.95  1.00000
  13861     6.80    -16.90  1.00000
  13862     6.80    -16.85  1.00000
  13863     6.80    -16.80  1.00000
  13864     6.80    -16.75  1.00000
  13865     6.80    -16.70  1.00000
  13866     6.80    -16.65  1.00000
  13867     6.80    -16.60  1.00000
  13868     6.80    -16.55  1.00000
  13869     6.80    -16.50  1.00000
  13870     6.80    -16.45  1.00000
  13871     6.80    -16.40  1.00000
  13872     6.80    -16.35  1.00000
  13873     6.80    -16.30  1.00000
  13874     6.80    -16.25  1.00000
  13875     6.80    -16.20  1.00000
  13876     6.80    -16.15  1.00000
  13877     6.80    -16.10  1.00000
  13878     6.80    -16.05  1.00000
  13879     6.80    -16.00  1.00000
  13880     6.80    -15.95  1.00000
  13881     6.80    -15.90  1.00000
  13882     6.80    -15.85  1.00000
  13883     6.80    -15.80  1.00000
  13884     6.80    -15.75  1.00000
  13885     6.80    -15.70  1.00000
  13886     6.80    -15.65  1.00000
  13887     6.80    -15.60  1.00000
  13888     6.80    -15.55  1.00000
  13889     6.80    -15.50  1.00000
  13890     6.80    -15.45  1.00000
  13891     6.80    -15.40  1.00000
  13892     6.80    -15.35  1.00000
  13893     6.85    -22.85  1.00000
  13894     6.85    -22.80  1.00000
  13895     6.85    -22.75  1.00000
  13896     6.85    -22.70  1.00000
  13897     6.85    -22.65  1.00000
  13898     6.85    -22.60  1.00000
  13899     6.85    -22.55  1.00000
  13900     6.85    -22.50  1.00000
  13901     6.85    -22.45  1.00000
  13902     6.85    -22.40  1.00000
  13903     6.85    -22.35  1.00000
  13904     6.85    -22.30  1.00000
  13905     6.85    -22.25  1.00000
  13906     6.85    -22.20  1.00000
  13907     6.85    -22.15  1.00000
  13908     6.85    -22.10  1.00000
  13909     6.85    -22.05  1.00000
  13910     6.85    -22.00  1.00000
  13911     6.85    -21.95  1.00000
  13912     6.85    -21.90  1.00000
  13913     6.85    -21.85  1.00000
  13914     6.85    -21.80  1.00000
  13915     6.85    -21.75  1.00000
  13916     6.85    -21.70  1.00000
  13917     6.85    -21.65  1.00000
  13918     6.85    -21.60  1.00000
  13919     6.85    -21.55  1.00000
  13920     6.85    -21.50  1.00000
  13921     6.85    -21.45  1.00000
  13922     6.85    -21.40  1.00000
  13923     6.85    -21.35  1.00000
  13924     6.85    -21.30  1.00000
  13925     6.85    -21.25  1.00000
  13926     6.85    -21.20  1.00000
  13927     6.85    -21.15  1.00000
  13928     6.85    -21.10  1.00000
  13929     6.85    -21.05  1.00000
  13930     6.85    -21.00  1.00000
  13931     6.85    -20.95  1.00000
  13932     6.85    -20.90  1.00000
  13933     6.85    -20.85  1.00000
  13934     6.85    -20.80  1.00000
  13935     6.85    -20.75  1.00000
  13936     6.85    -20.70  1.00000
  13937     6.85    -20.65  1.00000
  13938     6.85    -20.60  1.00000
  13939     6.85    -20.55  1.00000
  13940     6.85    -20.50  1.00000
  13941     6.85    -20.45  1.00000
  13942     6.85    -20.40  1.00000
  13943     6.85    -20.35  1.00000
  13944     6.85    -20.30  1.00000
  13945     6.85    -20.25  1.00000
  13946     6.85    -20.20  1.00000
  13947     6.85    -20.15  1.00000
  13948     6.85    -20.10  1.00000
  13949     6.85    -20.05  1.00000
  13950     6.85    -20.00  1.00000
  13951     6.85    -19.95  1.00000
  13952     6.85    -19.90  1.00000
  13953     6.85    -19.85  1.00000
  13954     6.85    -19.80  1.00000
  13955     6.85    -19.75  1.00000
  13956     6.85    -19.70  1.00000
  13957     6.85    -19.65  1.00000
  13958     6.85    -19.60  1.00000
  13959     6.85    -19.55  1.00000
  13960     6.85    -19.50  1.00000
  13961     6.85    -19.45  1.00000
  13962     6.85    -19.40  1.00000
  13963     6.85    -19.35  1.00000
  13964     6.85    -19.30  1.00000
  13965     6.85    -19.25  1.00000
  13966     6.85    -19.20  1.00000
  13967     6.85    -19.15  1.00000
  13968     6.85    -19.10  1.00000
  13969     6.85    -19.05  1.00000
  13970     6.85    -19.00  1.00000
  13971     6.85    -18.95  1.00000
  13972     6.85    -18.90  1.00000
  13973     6.85    -18.85  1.00000
  13974     6.85    -18.80  1.00000
  13975     6.85    -18.75  1.00000
  13976     6.85    -18.70  1.00000
  13977     6.85    -18.65  1.00000
  13978     6.85    -18.60  1.00000
  13979     6.85    -18.55  1.00000
  13980     6.85    -18.50  1.00000
  13981     6.85    -18.45  1.00000
  13982     6.85    -18.40  1.00000
  13983     6.85    -18.35  1.00000
  13984     6.85    -18.30  1.00000
  13985     6.85    -18.25  1.00000
  13986     6.85    -18.20  1.00000
  13987     6.85    -18.15  1.00000
  13988     6.85    -18.10  1.00000
  13989     6.85    -18.05  1.00000
  13990     6.85    -18.00  1.00000
  13991     6.85    -17.95  1.00000
  13992     6.85    -17.90  1.00000
  13993     6.85    -17.85  1.00000
  13994     6.85    -17.80  1.00000
  13995     6.85    -17.75  1.00000
  13996     6.85    -17.70  1.00000
  13997     6.85    -17.65  1.00000
  13998     6.85    -17.60  1.00000
  13999     6.85    -17.55  1.00000
  14000     6.85    -17.50  1.00000
  14001     6.85    -17.45  1.00000
  14002     6.85    -17.40  1.00000
  14003     6.85    -17.35  1.00000
  14004     6.85    -17.30  1.00000
  14005     6.85    -17.25  1.00000
  14006     6.85    -17.20  1.00000
  14007     6.85    -17.15  1.00000
  14008     6.85    -17.10  1.00000
  14009     6.85    -17.05  1.00000
  14010     6.85    -17.00  1.00000
  14011     6.85    -16.95  1.00000
  14012     6.85    -16.90  1.00000
  14013     6.85    -16.85  1.00000
  14014     6.85    -16.80  1.00000
  14015     6.85    -16.75  1.00000
  14016     6.85    -16.70  1.00000
  14017     6.85    -16.65  1.00000
  14018     6.85    -16.60  1.00000
  14019     6.85    -16.55  1.00000
  14020     6.85    -16.50  1.00000
  14021     6.85    -16.45  1.00000
  14022     6.85    -16.40  1.00000
  14023     6.85    -16.35  1.00000
  14024     6.85    -16.30  1.00000
  14025     6.85    -16.25  1.00000
  14026     6.85    -16.20  1.00000
  14027     6.85    -16.15  1.00000
  14028     6.85    -16.10  1.00000
  14029     6.85    -16.05  1.00000
  14030     6.85    -16.00  1.00000
  14031     6.85    -15.95  1.00000
  14032     6.85    -15.90  1.00000
  14033     6.85    -15.85  1.00000
  14034     6.85    -15.80  1.00000
  14035     6.85    -15.75  1.00000
  14036     6.85    -15.70  1.00000
  14037     6.85    -15.65  1.00000
  14038     6.85    -15.60  1.00000
  14039     6.85    -15.55  1.00000
  14040     6.85    -15.50  1.00000
  14041     6.85    -15.45  1.00000
  14042     6.85    -15.40  1.00000
  14043     6.85    -15.35  1.00000
  14044     6.90    -22.85  1.00000
  14045     6.90    -22.80  1.00000
  14046     6.90    -22.75  1.00000
  14047     6.90    -22.70  1.00000
  14048     6.90    -22.65  1.00000
  14049     6.90    -22.60  1.00000
  14050     6.90    -22.55  1.00000
  14051     6.90    -22.50  1.00000
  14052     6.90    -22.45  1.00000
  14053     6.90    -22.40  1.00000
  14054     6.90    -22.35  1.00000
  14055     6.90    -22.30  1.00000
  14056     6.90    -22.25  1.00000
  14057     6.90    -22.20  1.00000
  14058     6.90    -22.15  1.00000
  14059     6.90    -22.10  1.00000
  14060     6.90    -22.05  1.00000
  14061     6.90    -22.00  1.00000
  14062     6.90    -21.95  1.00000
  14063     6.90    -21.90  1.00000
  14064     6.90    -21.85  1.00000
  14065     6.90    -21.80  1.00000
  14066     6.90    -21.75  1.00000
  14067     6.90    -21.70  1.00000
  14068     6.90    -21.65  1.00000
  14069     6.90    -21.60  1.00000
  14070     6.90    -21.55  1.00000
  14071     6.90    -21.50  1.00000
  14072     6.90    -21.45  1.00000
  14073     6.90    -21.40  1.00000
  14074     6.90    -21.35  1.00000
  14075     6.90    -21.30  1.00000
  14076     6.90    -21.25  1.00000
  14077     6.90    -21.20  1.00000
  14078     6.90    -21.15  1.00000
  14079     6.90    -21.10  1.00000
  14080     6.90    -21.05  1.00000
  14081     6.90    -21.00  1.00000
  14082     6.90    -20.95  1.00000
  14083     6.90    -20.90  1.00000
  14084     6.90    -20.85  1.00000
  14085     6.90    -20.80  1.00000
  14086     6.90    -20.75  1.00000
  14087     6.90    -20.70  1.00000
  14088     6.90    -20.65  1.00000
  14089     6.90    -20.60  1.00000
  14090     6.90    -20.55  1.00000
  14091     6.90    -20.50  1.00000
  14092     6.90    -20.45  1.00000
  14093     6.90    -20.40  1.00000
  14094     6.90    -20.35  1.00000
  14095     6.90    -20.30  1.00000
  14096     6.90    -20.25  1.00000
  14097     6.90    -20.20  1.00000
  14098     6.90    -20.15  1.00000
  14099     6.90    -20.10  1.00000
  14100     6.90    -20.05  1.00000
  14101     6.90    -20.00  1.00000
  14102     6.90    -19.95  1.00000
  14103     6.90    -19.90  1.00000
  14104     6.90    -19.85  1.00000
  14105     6.90    -19.80  1.00000
  14106     6.90    -19.75  1.00000
  14107     6.90    -19.70  1.00000
  14108     6.90    -19.65  1.00000
  14109     6.90    -19.60  1.00000
  14110     6.90    -19.55  1.00000
  14111     6.90    -19.50  1.00000
  14112     6.90    -19.45  1.00000
  14113     6.90    -19.40  1.00000
  14114     6.90    -19.35  1.00000
  14115     6.90    -19.30  1.00000
  14116     6.90    -19.25  1.00000
  14117     6.90    -19.20  1.00000
  14118     6.90    -19.15  1.00000
  14119     6.90    -19.10  1.00000
  14120     6.90    -19.05  1.00000
  14121     6.90    -19.00  1.00000
  14122     6.90    -18.95  1.00000
  14123     6.90    -18.90  1.00000
  14124     6.90    -18.85  1.00000
  14125     6.90    -18.80  1.00000
  14126     6.90    -18.75  1.00000
  14127     6.90    -18.70  1.00000
  14128     6.90    -18.65  1.00000
  14129     6.90    -18.60  1.00000
  14130     6.90    -18.55  1.00000
  14131     6.90    -18.50  1.00000
  14132     6.90    -18.45  1.00000
  14133     6.90    -18.40  1.00000
  14134     6.90    -18.35  1.00000
  14135     6.90    -18.30  1.00000
  14136     6.90    -18.25  1.00000
  14137     6.90    -18.20  1.00000
  14138     6.90    -18.15  1.00000
  14139     6.90    -18.10  1.00000
  14140     6.90    -18.05  1.00000
  14141     6.90    -18.00  1.00000
  14142     6.90    -17.95  1.00000
  14143     6.90    -17.90  1.00000
  14144     6.90    -17.85  1.00000
  14145     6.90    -17.80  1.00000
  14146     6.90    -17.75  1.00000
  14147     6.90    -17.70  1.00000
  14148     6.90    -17.65  1.00000
  14149     6.90    -17.60  1.00000
  14150     6.90    -17.55  1.00000
  14151     6.90    -17.50  1.00000
  14152     6.90    -17.45  1.00000
  14153     6.90    -17.40  1.00000
  14154     6.90    -17.35  1.00000
  14155     6.90    -17.30  1.00000
  14156     6.90    -17.25  1.00000
  14157     6.90    -17.20  1.00000
  14158     6.90    -17.15  1.00000
  14159     6.90    -17.10  1.00000
  14160     6.90    -17.05  1.00000
  14161     6.90    -17.00  1.00000
  14162     6.90    -16.95  1.00000
  14163     6.90    -16.90  1.00000
  14164     6.90    -16.85  1.00000
  14165     6.90    -16.80  1.00000
  14166     6.90    -16.75  1.00000
  14167     6.90    -16.70  1.00000
  14168     6.90    -16.65  1.00000
  14169     6.90    -16.60  1.00000
  14170     6.90    -16.55  1.00000
  14171     6.90    -16.50  1.00000
  14172     6.90    -16.45  1.00000
  14173     6.90    -16.40  1.00000
  14174     6.90    -16.35  1.00000
  14175     6.90    -16.30  1.00000
  14176     6.90    -16.25  1.00000
  14177     6.90    -16.20  1.00000
  14178     6.90    -16.15  1.00000
  14179     6.90    -16.10  1.00000
  14180     6.90    -16.05  1.00000
  14181     6.90    -16.00  1.00000
  14182     6.90    -15.95  1.00000
  14183     6.90    -15.90  1.00000
  14184     6.90    -15.85  1.00000
  14185     6.90    -15.80  1.00000
  14186     6.90    -15.75  1.00000
  14187     6.90    -15.70  1.00000
  14188     6.90    -15.65  1.00000
  14189     6.90    -15.60  1.00000
  14190     6.90    -15.55  1.00000
  14191     6.90    -15.50  1.00000
  14192     6.90    -15.45  1.00000
  14193     6.90    -15.40  1.00000
  14194     6.90    -15.35  1.00000
  14195     6.95    -22.85  1.00000
  14196     6.95    -22.80  1.00000
  14197     6.95    -22.75  1.00000
  14198     6.95    -22.70  1.00000
  14199     6.95    -22.65  1.00000
  14200     6.95    -22.60  1.00000
  14201     6.95    -22.55  1.00000
  14202     6.95    -22.50  1.00000
  14203     6.95    -22.45  1.00000
  14204     6.95    -22.40  1.00000
  14205     6.95    -22.35  1.00000
  14206     6.95    -22.30  1.00000
  14207     6.95    -22.25  1.00000
  14208     6.95    -22.20  1.00000
  14209     6.95    -22.15  1.00000
  14210     6.95    -22.10  1.00000
  14211     6.95    -22.05  1.00000
  14212     6.95    -22.00  1.00000
  14213     6.95    -21.95  1.00000
  14214     6.95    -21.90  1.00000
  14215     6.95    -21.85  1.00000
  14216     6.95    -21.80  1.00000
  14217     6.95    -21.75  1.00000
  14218     6.95    -21.70  1.00000
  14219     6.95    -21.65  1.00000
  14220     6.95    -21.60  1.00000
  14221     6.95    -21.55  1.00000
  14222     6.95    -21.50  1.00000
  14223     6.95    -21.45  1.00000
  14224     6.95    -21.40  1.00000
  14225     6.95    -21.35  1.00000
  14226     6.95    -21.30  1.00000
  14227     6.95    -21.25  1.00000
  14228     6.95    -21.20  1.00000
  14229     6.95    -21.15  1.00000
  14230     6.95    -21.10  1.00000
  14231     6.95    -21.05  1.00000
  14232     6.95    -21.00  1.00000
  14233     6.95    -20.95  1.00000
  14234     6.95    -20.90  1.00000
  14235     6.95    -20.85  1.00000
  14236     6.95    -20.80  1.00000
  14237     6.95    -20.75  1.00000
  14238     6.95    -20.70  1.00000
  14239     6.95    -20.65  1.00000
  14240     6.95    -20.60  1.00000
  14241     6.95    -20.55  1.00000
  14242     6.95    -20.50  1.00000
  14243     6.95    -20.45  1.00000
  14244     6.95    -20.40  1.00000
  14245     6.95    -20.35  1.00000
  14246     6.95    -20.30  1.00000
  14247     6.95    -20.25  1.00000
  14248     6.95    -20.20  1.00000
  14249     6.95    -20.15  1.00000
  14250     6.95    -20.10  1.00000
  14251     6.95    -20.05  1.00000
  14252     6.95    -20.00  1.00000
  14253     6.95    -19.95  1.00000
  14254     6.95    -19.90  1.00000
  14255     6.95    -19.85  1.00000
  14256     6.95    -19.80  1.00000
  14257     6.95    -19.75  1.00000
  14258     6.95    -19.70  1.00000
  14259     6.95    -19.65  1.00000
  14260     6.95    -19.60  1.00000
  14261     6.95    -19.55  1.00000
  14262     6.95    -19.50  1.00000
  14263     6.95    -19.45  1.00000
  14264     6.95    -19.40  1.00000
  14265     6.95    -19.35  1.00000
  14266     6.95    -19.30  1.00000
  14267     6.95    -19.25  1.00000
  14268     6.95    -19.20  1.00000
  14269     6.95    -19.15  1.00000
  14270     6.95    -19.10  1.00000
  14271     6.95    -19.05  1.00000
  14272     6.95    -19.00  1.00000
  14273     6.95    -18.95  1.00000
  14274     6.95    -18.90  1.00000
  14275     6.95    -18.85  1.00000
  14276     6.95    -18.80  1.00000
  14277     6.95    -18.75  1.00000
  14278     6.95    -18.70  1.00000
  14279     6.95    -18.65  1.00000
  14280     6.95    -18.60  1.00000
  14281     6.95    -18.55  1.00000
  14282     6.95    -18.50  1.00000
  14283     6.95    -18.45  1.00000
  14284     6.95    -18.40  1.00000
  14285     6.95    -18.35  1.00000
  14286     6.95    -18.30  1.00000
  14287     6.95    -18.25  1.00000
  14288     6.95    -18.20  1.00000
  14289     6.95    -18.15  1.00000
  14290     6.95    -18.10  1.00000
  14291     6.95    -18.05  1.00000
  14292     6.95    -18.00  1.00000
  14293     6.95    -17.95  1.00000
  14294     6.95    -17.90  1.00000
  14295     6.95    -17.85  1.00000
  14296     6.95    -17.80  1.00000
  14297     6.95    -17.75  1.00000
  14298     6.95    -17.70  1.00000
  14299     6.95    -17.65  1.00000
  14300     6.95    -17.60  1.00000
  14301     6.95    -17.55  1.00000
  14302     6.95    -17.50  1.00000
  14303     6.95    -17.45  1.00000
  14304     6.95    -17.40  1.00000
  14305     6.95    -17.35  1.00000
  14306     6.95    -17.30  1.00000
  14307     6.95    -17.25  1.00000
  14308     6.95    -17.20  1.00000
  14309     6.95    -17.15  1.00000
  14310     6.95    -17.10  1.00000
  14311     6.95    -17.05  1.00000
  14312     6.95    -17.00  1.00000
  14313     6.95    -16.95  1.00000
  14314     6.95    -16.90  1.00000
  14315     6.95    -16.85  1.00000
  14316     6.95    -16.80  1.00000
  14317     6.95    -16.75  1.00000
  14318     6.95    -16.70  1.00000
  14319     6.95    -16.65  1.00000
  14320     6.95    -16.60  1.00000
  14321     6.95    -16.55  1.00000
  14322     6.95    -16.50  1.00000
  14323     6.95    -16.45  1.00000
  14324     6.95    -16.40  1.00000
  14325     6.95    -16.35  1.00000
  14326     6.95    -16.30  1.00000
  14327     6.95    -16.25  1.00000
  14328     6.95    -16.20  1.00000
  14329     6.95    -16.15  1.00000
  14330     6.95    -16.10  1.00000
  14331     6.95    -16.05  1.00000
  14332     6.95    -16.00  1.00000
  14333     6.95    -15.95  1.00000
  14334     6.95    -15.90  1.00000
  14335     6.95    -15.85  1.00000
  14336     6.95    -15.80  1.00000
  14337     6.95    -15.75  1.00000
  14338     6.95    -15.70  1.00000
  14339     6.95    -15.65  1.00000
  14340     6.95    -15.60  1.00000
  14341     6.95    -15.55  1.00000
  14342     6.95    -15.50  1.00000
  14343     6.95    -15.45  1.00000
  14344     6.95    -15.40  1.00000
  14345     6.95    -15.35  1.00000
  14346     7.00    -22.85  1.00000
  14347     7.00    -22.80  1.00000
  14348     7.00    -22.75  1.00000
  14349     7.00    -22.70  1.00000
  14350     7.00    -22.65  1.00000
  14351     7.00    -22.60  1.00000
  14352     7.00    -22.55  1.00000
  14353     7.00    -22.50  1.00000
  14354     7.00    -22.45  1.00000
  14355     7.00    -22.40  1.00000
  14356     7.00    -22.35  1.00000
  14357     7.00    -22.30  1.00000
  14358     7.00    -22.25  1.00000
  14359     7.00    -22.20  1.00000
  14360     7.00    -22.15  1.00000
  14361     7.00    -22.10  1.00000
  14362     7.00    -22.05  1.00000
  14363     7.00    -22.00  1.00000
  14364     7.00    -21.95  1.00000
  14365     7.00    -21.90  1.00000
  14366     7.00    -21.85  1.00000
  14367     7.00    -21.80  1.00000
  14368     7.00    -21.75  1.00000
  14369     7.00    -21.70  1.00000
  14370     7.00    -21.65  1.00000
  14371     7.00    -21.60  1.00000
  14372     7.00    -21.55  1.00000
  14373     7.00    -21.50  1.00000
  14374     7.00    -21.45  1.00000
  14375     7.00    -21.40  1.00000
  14376     7.00    -21.35  1.00000
  14377     7.00    -21.30  1.00000
  14378     7.00    -21.25  1.00000
  14379     7.00    -21.20  1.00000
  14380     7.00    -21.15  1.00000
  14381     7.00    -21.10  1.00000
  14382     7.00    -21.05  1.00000
  14383     7.00    -21.00  1.00000
  14384     7.00    -20.95  1.00000
  14385     7.00    -20.90  1.00000
  14386     7.00    -20.85  1.00000
  14387     7.00    -20.80  1.00000
  14388     7.00    -20.75  1.00000
  14389     7.00    -20.70  1.00000
  14390     7.00    -20.65  1.00000
  14391     7.00    -20.60  1.00000
  14392     7.00    -20.55  1.00000
  14393     7.00    -20.50  1.00000
  14394     7.00    -20.45  1.00000
  14395     7.00    -20.40  1.00000
  14396     7.00    -20.35  1.00000
  14397     7.00    -20.30  1.00000
  14398     7.00    -20.25  1.00000
  14399     7.00    -20.20  1.00000
  14400     7.00    -20.15  1.00000
  14401     7.00    -20.10  1.00000
  14402     7.00    -20.05  1.00000
  14403     7.00    -20.00  1.00000
  14404     7.00    -19.95  1.00000
  14405     7.00    -19.90  1.00000
  14406     7.00    -19.85  1.00000
  14407     7.00    -19.80  1.00000
  14408     7.00    -19.75  1.00000
  14409     7.00    -19.70  1.00000
  14410     7.00    -19.65  1.00000
  14411     7.00    -19.60  1.00000
  14412     7.00    -19.55  1.00000
  14413     7.00    -19.50  1.00000
  14414     7.00    -19.45  1.00000
  14415     7.00    -19.40  1.00000
  14416     7.00    -19.35  1.00000
  14417     7.00    -19.30  1.00000
  14418     7.00    -19.25  1.00000
  14419     7.00    -19.20  1.00000
  14420     7.00    -19.15  1.00000
  14421     7.00    -19.10  1.00000
  14422     7.00    -19.05  1.00000
  14423     7.00    -19.00  1.00000
  14424     7.00    -18.95  1.00000
  14425     7.00    -18.90  1.00000
  14426     7.00    -18.85  1.00000
  14427     7.00    -18.80  1.00000
  14428     7.00    -18.75  1.00000
  14429     7.00    -18.70  1.00000
  14430     7.00    -18.65  1.00000
  14431     7.00    -18.60  1.00000
  14432     7.00    -18.55  1.00000
  14433     7.00    -18.50  1.00000
  14434     7.00    -18.45  1.00000
  14435     7.00    -18.40  1.00000
  14436     7.00    -18.35  1.00000
  14437     7.00    -18.30  1.00000
  14438     7.00    -18.25  1.00000
  14439     7.00    -18.20  1.00000
  14440     7.00    -18.15  1.00000
  14441     7.00    -18.10  1.00000
  14442     7.00    -18.05  1.00000
  14443     7.00    -18.00  1.00000
  14444     7.00    -17.95  1.00000
  14445     7.00    -17.90  1.00000
  14446     7.00    -17.85  1.00000
  14447     7.00    -17.80  1.00000
  14448     7.00    -17.75  1.00000
  14449     7.00    -17.70  1.00000
  14450     7.00    -17.65  1.00000
  14451     7.00    -17.60  1.00000
  14452     7.00    -17.55  1.00000
  14453     7.00    -17.50  1.00000
  14454     7.00    -17.45  1.00000
  14455     7.00    -17.40  1.00000
  14456     7.00    -17.35  1.00000
  14457     7.00    -17.30  1.00000
  14458     7.00    -17.25  1.00000
  14459     7.00    -17.20  1.00000
  14460     7.00    -17.15  1.00000
  14461     7.00    -17.10  1.00000
  14462     7.00    -17.05  1.00000
  14463     7.00    -17.00  1.00000
  14464     7.00    -16.95  1.00000
  14465     7.00    -16.90  1.00000
  14466     7.00    -16.85  1.00000
  14467     7.00    -16.80  1.00000
  14468     7.00    -16.75  1.00000
  14469     7.00    -16.70  1.00000
  14470     7.00    -16.65  1.00000
  14471     7.00    -16.60  1.00000
  14472     7.00    -16.55  1.00000
  14473     7.00    -16.50  1.00000
  14474     7.00    -16.45  1.00000
  14475     7.00    -16.40  1.00000
  14476     7.00    -16.35  1.00000
  14477     7.00    -16.30  1.00000
  14478     7.00    -16.25  1.00000
  14479     7.00    -16.20  1.00000
  14480     7.00    -16.15  1.00000
  14481     7.00    -16.10  1.00000
  14482     7.00    -16.05  1.00000
  14483     7.00    -16.00  1.00000
  14484     7.00    -15.95  1.00000
  14485     7.00    -15.90  1.00000
  14486     7.00    -15.85  1.00000
  14487     7.00    -15.80  1.00000
  14488     7.00    -15.75  1.00000
  14489     7.00    -15.70  1.00000
  14490     7.00    -15.65  1.00000
  14491     7.00    -15.60  1.00000
  14492     7.00    -15.55  1.00000
  14493     7.00    -15.50  1.00000
  14494     7.00    -15.45  1.00000
  14495     7.00    -15.40  1.00000
  14496     7.00    -15.35  1.00000
  14497     7.05    -22.85  1.00000
  14498     7.05    -22.80  1.00000
  14499     7.05    -22.75  1.00000
  14500     7.05    -22.70  1.00000
  14501     7.05    -22.65  1.00000
  14502     7.05    -22.60  1.00000
  14503     7.05    -22.55  1.00000
  14504     7.05    -22.50  1.00000
  14505     7.05    -22.45  1.00000
  14506     7.05    -22.40  1.00000
  14507     7.05    -22.35  1.00000
  14508     7.05    -22.30  1.00000
  14509     7.05    -22.25  1.00000
  14510     7.05    -22.20  1.00000
  14511     7.05    -22.15  1.00000
  14512     7.05    -22.10  1.00000
  14513     7.05    -22.05  1.00000
  14514     7.05    -22.00  1.00000
  14515     7.05    -21.95  1.00000
  14516     7.05    -21.90  1.00000
  14517     7.05    -21.85  1.00000
  14518     7.05    -21.80  1.00000
  14519     7.05    -21.75  1.00000
  14520     7.05    -21.70  1.00000
  14521     7.05    -21.65  1.00000
  14522     7.05    -21.60  1.00000
  14523     7.05    -21.55  1.00000
  14524     7.05    -21.50  1.00000
  14525     7.05    -21.45  1.00000
  14526     7.05    -21.40  1.00000
  14527     7.05    -21.35  1.00000
  14528     7.05    -21.30  1.00000
  14529     7.05    -21.25  1.00000
  14530     7.05    -21.20  1.00000
  14531     7.05    -21.15  1.00000
  14532     7.05    -21.10  1.00000
  14533     7.05    -21.05  1.00000
  14534     7.05    -21.00  1.00000
  14535     7.05    -20.95  1.00000
  14536     7.05    -20.90  1.00000
  14537     7.05    -20.85  1.00000
  14538     7.05    -20.80  1.00000
  14539     7.05    -20.75  1.00000
  14540     7.05    -20.70  1.00000
  14541     7.05    -20.65  1.00000
  14542     7.05    -20.60  1.00000
  14543     7.05    -20.55  1.00000
  14544     7.05    -20.50  1.00000
  14545     7.05    -20.45  1.00000
  14546     7.05    -20.40  1.00000
  14547     7.05    -20.35  1.00000
  14548     7.05    -20.30  1.00000
  14549     7.05    -20.25  1.00000
  14550     7.05    -20.20  1.00000
  14551     7.05    -20.15  1.00000
  14552     7.05    -20.10  1.00000
  14553     7.05    -20.05  1.00000
  14554     7.05    -20.00  1.00000
  14555     7.05    -19.95  1.00000
  14556     7.05    -19.90  1.00000
  14557     7.05    -19.85  1.00000
  14558     7.05    -19.80  1.00000
  14559     7.05    -19.75  1.00000
  14560     7.05    -19.70  1.00000
  14561     7.05    -19.65  1.00000
  14562     7.05    -19.60  1.00000
  14563     7.05    -19.55  1.00000
  14564     7.05    -19.50  1.00000
  14565     7.05    -19.45  1.00000
  14566     7.05    -19.40  1.00000
  14567     7.05    -19.35  1.00000
  14568     7.05    -19.30  1.00000
  14569     7.05    -19.25  1.00000
  14570     7.05    -19.20  1.00000
  14571     7.05    -19.15  1.00000
  14572     7.05    -19.10  1.00000
  14573     7.05    -19.05  1.00000
  14574     7.05    -19.00  1.00000
  14575     7.05    -18.95  1.00000
  14576     7.05    -18.90  1.00000
  14577     7.05    -18.85  1.00000
  14578     7.05    -18.80  1.00000
  14579     7.05    -18.75  1.00000
  14580     7.05    -18.70  1.00000
  14581     7.05    -18.65  1.00000
  14582     7.05    -18.60  1.00000
  14583     7.05    -18.55  1.00000
  14584     7.05    -18.50  1.00000
  14585     7.05    -18.45  1.00000
  14586     7.05    -18.40  1.00000
  14587     7.05    -18.35  1.00000
  14588     7.05    -18.30  1.00000
  14589     7.05    -18.25  1.00000
  14590     7.05    -18.20  1.00000
  14591     7.05    -18.15  1.00000
  14592     7.05    -18.10  1.00000
  14593     7.05    -18.05  1.00000
  14594     7.05    -18.00  1.00000
  14595     7.05    -17.95  1.00000
  14596     7.05    -17.90  1.00000
  14597     7.05    -17.85  1.00000
  14598     7.05    -17.80  1.00000
  14599     7.05    -17.75  1.00000
  14600     7.05    -17.70  1.00000
  14601     7.05    -17.65  1.00000
  14602     7.05    -17.60  1.00000
  14603     7.05    -17.55  1.00000
  14604     7.05    -17.50  1.00000
  14605     7.05    -17.45  1.00000
  14606     7.05    -17.40  1.00000
  14607     7.05    -17.35  1.00000
  14608     7.05    -17.30  1.00000
  14609     7.05    -17.25  1.00000
  14610     7.05    -17.20  1.00000
  14611     7.05    -17.15  1.00000
  14612     7.05    -17.10  1.00000
  14613     7.05    -17.05  1.00000
  14614     7.05    -17.00  1.00000
  14615     7.05    -16.95  1.00000
  14616     7.05    -16.90  1.00000
  14617     7.05    -16.85  1.00000
  14618     7.05    -16.80  1.00000
  14619     7.05    -16.75  1.00000
  14620     7.05    -16.70  1.00000
  14621     7.05    -16.65  1.00000
  14622     7.05    -16.60  1.00000
  14623     7.05    -16.55  1.00000
  14624     7.05    -16.50  1.00000
  14625     7.05    -16.45  1.00000
  14626     7.05    -16.40  1.00000
  14627     7.05    -16.35  1.00000
  14628     7.05    -16.30  1.00000
  14629     7.05    -16.25  1.00000
  14630     7.05    -16.20  1.00000
  14631     7.05    -16.15  1.00000
  14632     7.05    -16.10  1.00000
  14633     7.05    -16.05  1.00000
  14634     7.05    -16.00  1.00000
  14635     7.05    -15.95  1.00000
  14636     7.05    -15.90  1.00000
  14637     7.05    -15.85  1.00000
  14638     7.05    -15.80  1.00000
  14639     7.05    -15.75  1.00000
  14640     7.05    -15.70  1.00000
  14641     7.05    -15.65  1.00000
  14642     7.05    -15.60  1.00000
  14643     7.05    -15.55  1.00000
  14644     7.05    -15.50  1.00000
  14645     7.05    -15.45  1.00000
  14646     7.05    -15.40  1.00000
  14647     7.05    -15.35  1.00000
  14648     7.10    -22.85  1.00000
  14649     7.10    -22.80  1.00000
  14650     7.10    -22.75  1.00000
  14651     7.10    -22.70  1.00000
  14652     7.10    -22.65  1.00000
  14653     7.10    -22.60  1.00000
  14654     7.10    -22.55  1.00000
  14655     7.10    -22.50  1.00000
  14656     7.10    -22.45  1.00000
  14657     7.10    -22.40  1.00000
  14658     7.10    -22.35  1.00000
  14659     7.10    -22.30  1.00000
  14660     7.10    -22.25  1.00000
  14661     7.10    -22.20  1.00000
  14662     7.10    -22.15  1.00000
  14663     7.10    -22.10  1.00000
  14664     7.10    -22.05  1.00000
  14665     7.10    -22.00  1.00000
  14666     7.10    -21.95  1.00000
  14667     7.10    -21.90  1.00000
  14668     7.10    -21.85  1.00000
  14669     7.10    -21.80  1.00000
  14670     7.10    -21.75  1.00000
  14671     7.10    -21.70  1.00000
  14672     7.10    -21.65  1.00000
  14673     7.10    -21.60  1.00000
  14674     7.10    -21.55  1.00000
  14675     7.10    -21.50  1.00000
  14676     7.10    -21.45  1.00000
  14677     7.10    -21.40  1.00000
  14678     7.10    -21.35  1.00000
  14679     7.10    -21.30  1.00000
  14680     7.10    -21.25  1.00000
  14681     7.10    -21.20  1.00000
  14682     7.10    -21.15  1.00000
  14683     7.10    -21.10  1.00000
  14684     7.10    -21.05  1.00000
  14685     7.10    -21.00  1.00000
  14686     7.10    -20.95  1.00000
  14687     7.10    -20.90  1.00000
  14688     7.10    -20.85  1.00000
  14689     7.10    -20.80  1.00000
  14690     7.10    -20.75  1.00000
  14691     7.10    -20.70  1.00000
  14692     7.10    -20.65  1.00000
  14693     7.10    -20.60  1.00000
  14694     7.10    -20.55  1.00000
  14695     7.10    -20.50  1.00000
  14696     7.10    -20.45  1.00000
  14697     7.10    -20.40  1.00000
  14698     7.10    -20.35  1.00000
  14699     7.10    -20.30  1.00000
  14700     7.10    -20.25  1.00000
  14701     7.10    -20.20  1.00000
  14702     7.10    -20.15  1.00000
  14703     7.10    -20.10  1.00000
  14704     7.10    -20.05  1.00000
  14705     7.10    -20.00  1.00000
  14706     7.10    -19.95  1.00000
  14707     7.10    -19.90  1.00000
  14708     7.10    -19.85  1.00000
  14709     7.10    -19.80  1.00000
  14710     7.10    -19.75  1.00000
  14711     7.10    -19.70  1.00000
  14712     7.10    -19.65  1.00000
  14713     7.10    -19.60  1.00000
  14714     7.10    -19.55  1.00000
  14715     7.10    -19.50  1.00000
  14716     7.10    -19.45  1.00000
  14717     7.10    -19.40  1.00000
  14718     7.10    -19.35  1.00000
  14719     7.10    -19.30  1.00000
  14720     7.10    -19.25  1.00000
  14721     7.10    -19.20  1.00000
  14722     7.10    -19.15  1.00000
  14723     7.10    -19.10  1.00000
  14724     7.10    -19.05  1.00000
  14725     7.10    -19.00  1.00000
  14726     7.10    -18.95  1.00000
  14727     7.10    -18.90  1.00000
  14728     7.10    -18.85  1.00000
  14729     7.10    -18.80  1.00000
  14730     7.10    -18.75  1.00000
  14731     7.10    -18.70  1.00000
  14732     7.10    -18.65  1.00000
  14733     7.10    -18.60  1.00000
  14734     7.10    -18.55  1.00000
  14735     7.10    -18.50  1.00000
  14736     7.10    -18.45  1.00000
  14737     7.10    -18.40  1.00000
  14738     7.10    -18.35  1.00000
  14739     7.10    -18.30  1.00000
  14740     7.10    -18.25  1.00000
  14741     7.10    -18.20  1.00000
  14742     7.10    -18.15  1.00000
  14743     7.10    -18.10  1.00000
  14744     7.10    -18.05  1.00000
  14745     7.10    -18.00  1.00000
  14746     7.10    -17.95  1.00000
  14747     7.10    -17.90  1.00000
  14748     7.10    -17.85  1.00000
  14749     7.10    -17.80  1.00000
  14750     7.10    -17.75  1.00000
  14751     7.10    -17.70  1.00000
  14752     7.10    -17.65  1.00000
  14753     7.10    -17.60  1.00000
  14754     7.10    -17.55  1.00000
  14755     7.10    -17.50  1.00000
  14756     7.10    -17.45  1.00000
  14757     7.10    -17.40  1.00000
  14758     7.10    -17.35  1.00000
  14759     7.10    -17.30  1.00000
  14760     7.10    -17.25  1.00000
  14761     7.10    -17.20  1.00000
  14762     7.10    -17.15  1.00000
  14763     7.10    -17.10  1.00000
  14764     7.10    -17.05  1.00000
  14765     7.10    -17.00  1.00000
  14766     7.10    -16.95  1.00000
  14767     7.10    -16.90  1.00000
  14768     7.10    -16.85  1.00000
  14769     7.10    -16.80  1.00000
  14770     7.10    -16.75  1.00000
  14771     7.10    -16.70  1.00000
  14772     7.10    -16.65  1.00000
  14773     7.10    -16.60  1.00000
  14774     7.10    -16.55  1.00000
  14775     7.10    -16.50  1.00000
  14776     7.10    -16.45  1.00000
  14777     7.10    -16.40  1.00000
  14778     7.10    -16.35  1.00000
  14779     7.10    -16.30  1.00000
  14780     7.10    -16.25  1.00000
  14781     7.10    -16.20  1.00000
  14782     7.10    -16.15  1.00000
  14783     7.10    -16.10  1.00000
  14784     7.10    -16.05  1.00000
  14785     7.10    -16.00  1.00000
  14786     7.10    -15.95  1.00000
  14787     7.10    -15.90  1.00000
  14788     7.10    -15.85  1.00000
  14789     7.10    -15.80  1.00000
  14790     7.10    -15.75  1.00000
  14791     7.10    -15.70  1.00000
  14792     7.10    -15.65  1.00000
  14793     7.10    -15.60  1.00000
  14794     7.10    -15.55  1.00000
  14795     7.10    -15.50  1.00000
  14796     7.10    -15.45  1.00000
  14797     7.10    -15.40  1.00000
  14798     7.10    -15.35  1.00000
  14799     7.15    -22.85  1.00000
  14800     7.15    -22.80  1.00000
  14801     7.15    -22.75  1.00000
  14802     7.15    -22.70  1.00000
  14803     7.15    -22.65  1.00000
  14804     7.15    -22.60  1.00000
  14805     7.15    -22.55  1.00000
  14806     7.15    -22.50  1.00000
  14807     7.15    -22.45  1.00000
  14808     7.15    -22.40  1.00000
  14809     7.15    -22.35  1.00000
  14810     7.15    -22.30  1.00000
  14811     7.15    -22.25  1.00000
  14812     7.15    -22.20  1.00000
  14813     7.15    -22.15  1.00000
  14814     7.15    -22.10  1.00000
  14815     7.15    -22.05  1.00000
  14816     7.15    -22.00  1.00000
  14817     7.15    -21.95  1.00000
  14818     7.15    -21.90  1.00000
  14819     7.15    -21.85  1.00000
  14820     7.15    -21.80  1.00000
  14821     7.15    -21.75  1.00000
  14822     7.15    -21.70  1.00000
  14823     7.15    -21.65  1.00000
  14824     7.15    -21.60  1.00000
  14825     7.15    -21.55  1.00000
  14826     7.15    -21.50  1.00000
  14827     7.15    -21.45  1.00000
  14828     7.15    -21.40  1.00000
  14829     7.15    -21.35  1.00000
  14830     7.15    -21.30  1.00000
  14831     7.15    -21.25  1.00000
  14832     7.15    -21.20  1.00000
  14833     7.15    -21.15  1.00000
  14834     7.15    -21.10  1.00000
  14835     7.15    -21.05  1.00000
  14836     7.15    -21.00  1.00000
  14837     7.15    -20.95  1.00000
  14838     7.15    -20.90  1.00000
  14839     7.15    -20.85  1.00000
  14840     7.15    -20.80  1.00000
  14841     7.15    -20.75  1.00000
  14842     7.15    -20.70  1.00000
  14843     7.15    -20.65  1.00000
  14844     7.15    -20.60  1.00000
  14845     7.15    -20.55  1.00000
  14846     7.15    -20.50  1.00000
  14847     7.15    -20.45  1.00000
  14848     7.15    -20.40  1.00000
  14849     7.15    -20.35  1.00000
  14850     7.15    -20.30  1.00000
  14851     7.15    -20.25  1.00000
  14852     7.15    -20.20  1.00000
  14853     7.15    -20.15  1.00000
  14854     7.15    -20.10  1.00000
  14855     7.15    -20.05  1.00000
  14856     7.15    -20.00  1.00000
  14857     7.15    -19.95  1.00000
  14858     7.15    -19.90  1.00000
  14859     7.15    -19.85  1.00000
  14860     7.15    -19.80  1.00000
  14861     7.15    -19.75  1.00000
  14862     7.15    -19.70  1.00000
  14863     7.15    -19.65  1.00000
  14864     7.15    -19.60  1.00000
  14865     7.15    -19.55  1.00000
  14866     7.15    -19.50  1.00000
  14867     7.15    -19.45  1.00000
  14868     7.15    -19.40  1.00000
  14869     7.15    -19.35  1.00000
  14870     7.15    -19.30  1.00000
  14871     7.15    -19.25  1.00000
  14872     7.15    -19.20  1.00000
  14873     7.15    -19.15  1.00000
  14874     7.15    -19.10  1.00000
  14875     7.15    -19.05  1.00000
  14876     7.15    -19.00  1.00000
  14877     7.15    -18.95  1.00000
  14878     7.15    -18.90  1.00000
  14879     7.15    -18.85  1.00000
  14880     7.15    -18.80  1.00000
  14881     7.15    -18.75  1.00000
  14882     7.15    -18.70  1.00000
  14883     7.15    -18.65  1.00000
  14884     7.15    -18.60  1.00000
  14885     7.15    -18.55  1.00000
  14886     7.15    -18.50  1.00000
  14887     7.15    -18.45  1.00000
  14888     7.15    -18.40  1.00000
  14889     7.15    -18.35  1.00000
  14890     7.15    -18.30  1.00000
  14891     7.15    -18.25  1.00000
  14892     7.15    -18.20  1.00000
  14893     7.15    -18.15  1.00000
  14894     7.15    -18.10  1.00000
  14895     7.15    -18.05  1.00000
  14896     7.15    -18.00  1.00000
  14897     7.15    -17.95  1.00000
  14898     7.15    -17.90  1.00000
  14899     7.15    -17.85  1.00000
  14900     7.15    -17.80  1.00000
  14901     7.15    -17.75  1.00000
  14902     7.15    -17.70  1.00000
  14903     7.15    -17.65  1.00000
  14904     7.15    -17.60  1.00000
  14905     7.15    -17.55  1.00000
  14906     7.15    -17.50  1.00000
  14907     7.15    -17.45  1.00000
  14908     7.15    -17.40  1.00000
  14909     7.15    -17.35  1.00000
  14910     7.15    -17.30  1.00000
  14911     7.15    -17.25  1.00000
  14912     7.15    -17.20  1.00000
  14913     7.15    -17.15  1.00000
  14914     7.15    -17.10  1.00000
  14915     7.15    -17.05  1.00000
  14916     7.15    -17.00  1.00000
  14917     7.15    -16.95  1.00000
  14918     7.15    -16.90  1.00000
  14919     7.15    -16.85  1.00000
  14920     7.15    -16.80  1.00000
  14921     7.15    -16.75  1.00000
  14922     7.15    -16.70  1.00000
  14923     7.15    -16.65  1.00000
  14924     7.15    -16.60  1.00000
  14925     7.15    -16.55  1.00000
  14926     7.15    -16.50  1.00000
  14927     7.15    -16.45  1.00000
  14928     7.15    -16.40  1.00000
  14929     7.15    -16.35  1.00000
  14930     7.15    -16.30  1.00000
  14931     7.15    -16.25  1.00000
  14932     7.15    -16.20  1.00000
  14933     7.15    -16.15  1.00000
  14934     7.15    -16.10  1.00000
  14935     7.15    -16.05  1.00000
  14936     7.15    -16.00  1.00000
  14937     7.15    -15.95  1.00000
  14938     7.15    -15.90  1.00000
  14939     7.15    -15.85  1.00000
  14940     7.15    -15.80  1.00000
  14941     7.15    -15.75  1.00000
  14942     7.15    -15.70  1.00000
  14943     7.15    -15.65  1.00000
  14944     7.15    -15.60  1.00000
  14945     7.15    -15.55  1.00000
  14946     7.15    -15.50  1.00000
  14947     7.15    -15.45  1.00000
  14948     7.15    -15.40  1.00000
  14949     7.15    -15.35  1.00000
  14950     7.20    -22.85  1.00000
  14951     7.20    -22.80  1.00000
  14952     7.20    -22.75  1.00000
  14953     7.20    -22.70  1.00000
  14954     7.20    -22.65  1.00000
  14955     7.20    -22.60  1.00000
  14956     7.20    -22.55  1.00000
  14957     7.20    -22.50  1.00000
  14958     7.20    -22.45  1.00000
  14959     7.20    -22.40  1.00000
  14960     7.20    -22.35  1.00000
  14961     7.20    -22.30  1.00000
  14962     7.20    -22.25  1.00000
  14963     7.20    -22.20  1.00000
  14964     7.20    -22.15  1.00000
  14965     7.20    -22.10  1.00000
  14966     7.20    -22.05  1.00000
  14967     7.20    -22.00  1.00000
  14968     7.20    -21.95  1.00000
  14969     7.20    -21.90  1.00000
  14970     7.20    -21.85  1.00000
  14971     7.20    -21.80  1.00000
  14972     7.20    -21.75  1.00000
  14973     7.20    -21.70  1.00000
  14974     7.20    -21.65  1.00000
  14975     7.20    -21.60  1.00000
  14976     7.20    -21.55  1.00000
  14977     7.20    -21.50  1.00000
  14978     7.20    -21.45  1.00000
  14979     7.20    -21.40  1.00000
  14980     7.20    -21.35  1.00000
  14981     7.20    -21.30  1.00000
  14982     7.20    -21.25  1.00000
  14983     7.20    -21.20  1.00000
  14984     7.20    -21.15  1.00000
  14985     7.20    -21.10  1.00000
  14986     7.20    -21.05  1.00000
  14987     7.20    -21.00  1.00000
  14988     7.20    -20.95  1.00000
  14989     7.20    -20.90  1.00000
  14990     7.20    -20.85  1.00000
  14991     7.20    -20.80  1.00000
  14992     7.20    -20.75  1.00000
  14993     7.20    -20.70  1.00000
  14994     7.20    -20.65  1.00000
  14995     7.20    -20.60  1.00000
  14996     7.20    -20.55  1.00000
  14997     7.20    -20.50  1.00000
  14998     7.20    -20.45  1.00000
  14999     7.20    -20.40  1.00000
  15000     7.20    -20.35  1.00000
  15001     7.20    -20.30  1.00000
  15002     7.20    -20.25  1.00000
  15003     7.20    -20.20  1.00000
  15004     7.20    -20.15  1.00000
  15005     7.20    -20.10  1.00000
  15006     7.20    -20.05  1.00000
  15007     7.20    -20.00  1.00000
  15008     7.20    -19.95  1.00000
  15009     7.20    -19.90  1.00000
  15010     7.20    -19.85  1.00000
  15011     7.20    -19.80  1.00000
  15012     7.20    -19.75  1.00000
  15013     7.20    -19.70  1.00000
  15014     7.20    -19.65  1.00000
  15015     7.20    -19.60  1.00000
  15016     7.20    -19.55  1.00000
  15017     7.20    -19.50  1.00000
  15018     7.20    -19.45  1.00000
  15019     7.20    -19.40  1.00000
  15020     7.20    -19.35  1.00000
  15021     7.20    -19.30  1.00000
  15022     7.20    -19.25  1.00000
  15023     7.20    -19.20  1.00000
  15024     7.20    -19.15  1.00000
  15025     7.20    -19.10  1.00000
  15026     7.20    -19.05  1.00000
  15027     7.20    -19.00  1.00000
  15028     7.20    -18.95  1.00000
  15029     7.20    -18.90  1.00000
  15030     7.20    -18.85  1.00000
  15031     7.20    -18.80  1.00000
  15032     7.20    -18.75  1.00000
  15033     7.20    -18.70  1.00000
  15034     7.20    -18.65  1.00000
  15035     7.20    -18.60  1.00000
  15036     7.20    -18.55  1.00000
  15037     7.20    -18.50  1.00000
  15038     7.20    -18.45  1.00000
  15039     7.20    -18.40  1.00000
  15040     7.20    -18.35  1.00000
  15041     7.20    -18.30  1.00000
  15042     7.20    -18.25  1.00000
  15043     7.20    -18.20  1.00000
  15044     7.20    -18.15  1.00000
  15045     7.20    -18.10  1.00000
  15046     7.20    -18.05  1.00000
  15047     7.20    -18.00  1.00000
  15048     7.20    -17.95  1.00000
  15049     7.20    -17.90  1.00000
  15050     7.20    -17.85  1.00000
  15051     7.20    -17.80  1.00000
  15052     7.20    -17.75  1.00000
  15053     7.20    -17.70  1.00000
  15054     7.20    -17.65  1.00000
  15055     7.20    -17.60  1.00000
  15056     7.20    -17.55  1.00000
  15057     7.20    -17.50  1.00000
  15058     7.20    -17.45  1.00000
  15059     7.20    -17.40  1.00000
  15060     7.20    -17.35  1.00000
  15061     7.20    -17.30  1.00000
  15062     7.20    -17.25  1.00000
  15063     7.20    -17.20  1.00000
  15064     7.20    -17.15  1.00000
  15065     7.20    -17.10  1.00000
  15066     7.20    -17.05  1.00000
  15067     7.20    -17.00  1.00000
  15068     7.20    -16.95  1.00000
  15069     7.20    -16.90  1.00000
  15070     7.20    -16.85  1.00000
  15071     7.20    -16.80  1.00000
  15072     7.20    -16.75  1.00000
  15073     7.20    -16.70  1.00000
  15074     7.20    -16.65  1.00000
  15075     7.20    -16.60  1.00000
  15076     7.20    -16.55  1.00000
  15077     7.20    -16.50  1.00000
  15078     7.20    -16.45  1.00000
  15079     7.20    -16.40  1.00000
  15080     7.20    -16.35  1.00000
  15081     7.20    -16.30  1.00000
  15082     7.20    -16.25  1.00000
  15083     7.20    -16.20  1.00000
  15084     7.20    -16.15  1.00000
  15085     7.20    -16.10  1.00000
  15086     7.20    -16.05  1.00000
  15087     7.20    -16.00  1.00000
  15088     7.20    -15.95  1.00000
  15089     7.20    -15.90  1.00000
  15090     7.20    -15.85  1.00000
  15091     7.20    -15.80  1.00000
  15092     7.20    -15.75  1.00000
  15093     7.20    -15.70  1.00000
  15094     7.20    -15.65  1.00000
  15095     7.20    -15.60  1.00000
  15096     7.20    -15.55  1.00000
  15097     7.20    -15.50  1.00000
  15098     7.20    -15.45  1.00000
  15099     7.20    -15.40  1.00000
  15100     7.20    -15.35  1.00000
  15101     7.25    -22.85  1.00000
  15102     7.25    -22.80  1.00000
  15103     7.25    -22.75  1.00000
  15104     7.25    -22.70  1.00000
  15105     7.25    -22.65  1.00000
  15106     7.25    -22.60  1.00000
  15107     7.25    -22.55  1.00000
  15108     7.25    -22.50  1.00000
  15109     7.25    -22.45  1.00000
  15110     7.25    -22.40  1.00000
  15111     7.25    -22.35  1.00000
  15112     7.25    -22.30  1.00000
  15113     7.25    -22.25  1.00000
  15114     7.25    -22.20  1.00000
  15115     7.25    -22.15  1.00000
  15116     7.25    -22.10  1.00000
  15117     7.25    -22.05  1.00000
  15118     7.25    -22.00  1.00000
  15119     7.25    -21.95  1.00000
  15120     7.25    -21.90  1.00000
  15121     7.25    -21.85  1.00000
  15122     7.25    -21.80  1.00000
  15123     7.25    -21.75  1.00000
  15124     7.25    -21.70  1.00000
  15125     7.25    -21.65  1.00000
  15126     7.25    -21.60  1.00000
  15127     7.25    -21.55  1.00000
  15128     7.25    -21.50  1.00000
  15129     7.25    -21.45  1.00000
  15130     7.25    -21.40  1.00000
  15131     7.25    -21.35  1.00000
  15132     7.25    -21.30  1.00000
  15133     7.25    -21.25  1.00000
  15134     7.25    -21.20  1.00000
  15135     7.25    -21.15  1.00000
  15136     7.25    -21.10  1.00000
  15137     7.25    -21.05  1.00000
  15138     7.25    -21.00  1.00000
  15139     7.25    -20.95  1.00000
  15140     7.25    -20.90  1.00000
  15141     7.25    -20.85  1.00000
  15142     7.25    -20.80  1.00000
  15143     7.25    -20.75  1.00000
  15144     7.25    -20.70  1.00000
  15145     7.25    -20.65  1.00000
  15146     7.25    -20.60  1.00000
  15147     7.25    -20.55  1.00000
  15148     7.25    -20.50  1.00000
  15149     7.25    -20.45  1.00000
  15150     7.25    -20.40  1.00000
  15151     7.25    -20.35  1.00000
  15152     7.25    -20.30  1.00000
  15153     7.25    -20.25  1.00000
  15154     7.25    -20.20  1.00000
  15155     7.25    -20.15  1.00000
  15156     7.25    -20.10  1.00000
  15157     7.25    -20.05  1.00000
  15158     7.25    -20.00  1.00000
  15159     7.25    -19.95  1.00000
  15160     7.25    -19.90  1.00000
  15161     7.25    -19.85  1.00000
  15162     7.25    -19.80  1.00000
  15163     7.25    -19.75  1.00000
  15164     7.25    -19.70  1.00000
  15165     7.25    -19.65  1.00000
  15166     7.25    -19.60  1.00000
  15167     7.25    -19.55  1.00000
  15168     7.25    -19.50  1.00000
  15169     7.25    -19.45  1.00000
  15170     7.25    -19.40  1.00000
  15171     7.25    -19.35  1.00000
  15172     7.25    -19.30  1.00000
  15173     7.25    -19.25  1.00000
  15174     7.25    -19.20  1.00000
  15175     7.25    -19.15  1.00000
  15176     7.25    -19.10  1.00000
  15177     7.25    -19.05  1.00000
  15178     7.25    -19.00  1.00000
  15179     7.25    -18.95  1.00000
  15180     7.25    -18.90  1.00000
  15181     7.25    -18.85  1.00000
  15182     7.25    -18.80  1.00000
  15183     7.25    -18.75  1.00000
  15184     7.25    -18.70  1.00000
  15185     7.25    -18.65  1.00000
  15186     7.25    -18.60  1.00000
  15187     7.25    -18.55  1.00000
  15188     7.25    -18.50  1.00000
  15189     7.25    -18.45  1.00000
  15190     7.25    -18.40  1.00000
  15191     7.25    -18.35  1.00000
  15192     7.25    -18.30  1.00000
  15193     7.25    -18.25  1.00000
  15194     7.25    -18.20  1.00000
  15195     7.25    -18.15  1.00000
  15196     7.25    -18.10  1.00000
  15197     7.25    -18.05  1.00000
  15198     7.25    -18.00  1.00000
  15199     7.25    -17.95  1.00000
  15200     7.25    -17.90  1.00000
  15201     7.25    -17.85  1.00000
  15202     7.25    -17.80  1.00000
  15203     7.25    -17.75  1.00000
  15204     7.25    -17.70  1.00000
  15205     7.25    -17.65  1.00000
  15206     7.25    -17.60  1.00000
  15207     7.25    -17.55  1.00000
  15208     7.25    -17.50  1.00000
  15209     7.25    -17.45  1.00000
  15210     7.25    -17.40  1.00000
  15211     7.25    -17.35  1.00000
  15212     7.25    -17.30  1.00000
  15213     7.25    -17.25  1.00000
  15214     7.25    -17.20  1.00000
  15215     7.25    -17.15  1.00000
  15216     7.25    -17.10  1.00000
  15217     7.25    -17.05  1.00000
  15218     7.25    -17.00  1.00000
  15219     7.25    -16.95  1.00000
  15220     7.25    -16.90  1.00000
  15221     7.25    -16.85  1.00000
  15222     7.25    -16.80  1.00000
  15223     7.25    -16.75  1.00000
  15224     7.25    -16.70  1.00000
  15225     7.25    -16.65  1.00000
  15226     7.25    -16.60  1.00000
  15227     7.25    -16.55  1.00000
  15228     7.25    -16.50  1.00000
  15229     7.25    -16.45  1.00000
  15230     7.25    -16.40  1.00000
  15231     7.25    -16.35  1.00000
  15232     7.25    -16.30  1.00000
  15233     7.25    -16.25  1.00000
  15234     7.25    -16.20  1.00000
  15235     7.25    -16.15  1.00000
  15236     7.25    -16.10  1.00000
  15237     7.25    -16.05  1.00000
  15238     7.25    -16.00  1.00000
  15239     7.25    -15.95  1.00000
  15240     7.25    -15.90  1.00000
  15241     7.25    -15.85  1.00000
  15242     7.25    -15.80  1.00000
  15243     7.25    -15.75  1.00000
  15244     7.25    -15.70  1.00000
  15245     7.25    -15.65  1.00000
  15246     7.25    -15.60  1.00000
  15247     7.25    -15.55  1.00000
  15248     7.25    -15.50  1.00000
  15249     7.25    -15.45  1.00000
  15250     7.25    -15.40  1.00000
  15251     7.25    -15.35  1.00000
  15252     7.30    -22.85  1.00000
  15253     7.30    -22.80  1.00000
  15254     7.30    -22.75  1.00000
  15255     7.30    -22.70  1.00000
  15256     7.30    -22.65  1.00000
  15257     7.30    -22.60  1.00000
  15258     7.30    -22.55  1.00000
  15259     7.30    -22.50  1.00000
  15260     7.30    -22.45  1.00000
  15261     7.30    -22.40  1.00000
  15262     7.30    -22.35  1.00000
  15263     7.30    -22.30  1.00000
  15264     7.30    -22.25  1.00000
  15265     7.30    -22.20  1.00000
  15266     7.30    -22.15  1.00000
  15267     7.30    -22.10  1.00000
  15268     7.30    -22.05  1.00000
  15269     7.30    -22.00  1.00000
  15270     7.30    -21.95  1.00000
  15271     7.30    -21.90  1.00000
  15272     7.30    -21.85  1.00000
  15273     7.30    -21.80  1.00000
  15274     7.30    -21.75  1.00000
  15275     7.30    -21.70  1.00000
  15276     7.30    -21.65  1.00000
  15277     7.30    -21.60  1.00000
  15278     7.30    -21.55  1.00000
  15279     7.30    -21.50  1.00000
  15280     7.30    -21.45  1.00000
  15281     7.30    -21.40  1.00000
  15282     7.30    -21.35  1.00000
  15283     7.30    -21.30  1.00000
  15284     7.30    -21.25  1.00000
  15285     7.30    -21.20  1.00000
  15286     7.30    -21.15  1.00000
  15287     7.30    -21.10  1.00000
  15288     7.30    -21.05  1.00000
  15289     7.30    -21.00  1.00000
  15290     7.30    -20.95  1.00000
  15291     7.30    -20.90  1.00000
  15292     7.30    -20.85  1.00000
  15293     7.30    -20.80  1.00000
  15294     7.30    -20.75  1.00000
  15295     7.30    -20.70  1.00000
  15296     7.30    -20.65  1.00000
  15297     7.30    -20.60  1.00000
  15298     7.30    -20.55  1.00000
  15299     7.30    -20.50  1.00000
  15300     7.30    -20.45  1.00000
  15301     7.30    -20.40  1.00000
  15302     7.30    -20.35  1.00000
  15303     7.30    -20.30  1.00000
  15304     7.30    -20.25  1.00000
  15305     7.30    -20.20  1.00000
  15306     7.30    -20.15  1.00000
  15307     7.30    -20.10  1.00000
  15308     7.30    -20.05  1.00000
  15309     7.30    -20.00  1.00000
  15310     7.30    -19.95  1.00000
  15311     7.30    -19.90  1.00000
  15312     7.30    -19.85  1.00000
  15313     7.30    -19.80  1.00000
  15314     7.30    -19.75  1.00000
  15315     7.30    -19.70  1.00000
  15316     7.30    -19.65  1.00000
  15317     7.30    -19.60  1.00000
  15318     7.30    -19.55  1.00000
  15319     7.30    -19.50  1.00000
  15320     7.30    -19.45  1.00000
  15321     7.30    -19.40  1.00000
  15322     7.30    -19.35  1.00000
  15323     7.30    -19.30  1.00000
  15324     7.30    -19.25  1.00000
  15325     7.30    -19.20  1.00000
  15326     7.30    -19.15  1.00000
  15327     7.30    -19.10  1.00000
  15328     7.30    -19.05  1.00000
  15329     7.30    -19.00  1.00000
  15330     7.30    -18.95  1.00000
  15331     7.30    -18.90  1.00000
  15332     7.30    -18.85  1.00000
  15333     7.30    -18.80  1.00000
  15334     7.30    -18.75  1.00000
  15335     7.30    -18.70  1.00000
  15336     7.30    -18.65  1.00000
  15337     7.30    -18.60  1.00000
  15338     7.30    -18.55  1.00000
  15339     7.30    -18.50  1.00000
  15340     7.30    -18.45  1.00000
  15341     7.30    -18.40  1.00000
  15342     7.30    -18.35  1.00000
  15343     7.30    -18.30  1.00000
  15344     7.30    -18.25  1.00000
  15345     7.30    -18.20  1.00000
  15346     7.30    -18.15  1.00000
  15347     7.30    -18.10  1.00000
  15348     7.30    -18.05  1.00000
  15349     7.30    -18.00  1.00000
  15350     7.30    -17.95  1.00000
  15351     7.30    -17.90  1.00000
  15352     7.30    -17.85  1.00000
  15353     7.30    -17.80  1.00000
  15354     7.30    -17.75  1.00000
  15355     7.30    -17.70  1.00000
  15356     7.30    -17.65  1.00000
  15357     7.30    -17.60  1.00000
  15358     7.30    -17.55  1.00000
  15359     7.30    -17.50  1.00000
  15360     7.30    -17.45  1.00000
  15361     7.30    -17.40  1.00000
  15362     7.30    -17.35  1.00000
  15363     7.30    -17.30  1.00000
  15364     7.30    -17.25  1.00000
  15365     7.30    -17.20  1.00000
  15366     7.30    -17.15  1.00000
  15367     7.30    -17.10  1.00000
  15368     7.30    -17.05  1.00000
  15369     7.30    -17.00  1.00000
  15370     7.30    -16.95  1.00000
  15371     7.30    -16.90  1.00000
  15372     7.30    -16.85  1.00000
  15373     7.30    -16.80  1.00000
  15374     7.30    -16.75  1.00000
  15375     7.30    -16.70  1.00000
  15376     7.30    -16.65  1.00000
  15377     7.30    -16.60  1.00000
  15378     7.30    -16.55  1.00000
  15379     7.30    -16.50  1.00000
  15380     7.30    -16.45  1.00000
  15381     7.30    -16.40  1.00000
  15382     7.30    -16.35  1.00000
  15383     7.30    -16.30  1.00000
  15384     7.30    -16.25  1.00000
  15385     7.30    -16.20  1.00000
  15386     7.30    -16.15  1.00000
  15387     7.30    -16.10  1.00000
  15388     7.30    -16.05  1.00000
  15389     7.30    -16.00  1.00000
  15390     7.30    -15.95  1.00000
  15391     7.30    -15.90  1.00000
  15392     7.30    -15.85  1.00000
  15393     7.30    -15.80  1.00000
  15394     7.30    -15.75  1.00000
  15395     7.30    -15.70  1.00000
  15396     7.30    -15.65  1.00000
  15397     7.30    -15.60  1.00000
  15398     7.30    -15.55  1.00000
  15399     7.30    -15.50  1.00000
  15400     7.30    -15.45  1.00000
  15401     7.30    -15.40  1.00000
  15402     7.30    -15.35  1.00000
  15403     7.35    -22.85  1.00000
  15404     7.35    -22.80  1.00000
  15405     7.35    -22.75  1.00000
  15406     7.35    -22.70  1.00000
  15407     7.35    -22.65  1.00000
  15408     7.35    -22.60  1.00000
  15409     7.35    -22.55  1.00000
  15410     7.35    -22.50  1.00000
  15411     7.35    -22.45  1.00000
  15412     7.35    -22.40  1.00000
  15413     7.35    -22.35  1.00000
  15414     7.35    -22.30  1.00000
  15415     7.35    -22.25  1.00000
  15416     7.35    -22.20  1.00000
  15417     7.35    -22.15  1.00000
  15418     7.35    -22.10  1.00000
  15419     7.35    -22.05  1.00000
  15420     7.35    -22.00  1.00000
  15421     7.35    -21.95  1.00000
  15422     7.35    -21.90  1.00000
  15423     7.35    -21.85  1.00000
  15424     7.35    -21.80  1.00000
  15425     7.35    -21.75  1.00000
  15426     7.35    -21.70  1.00000
  15427     7.35    -21.65  1.00000
  15428     7.35    -21.60  1.00000
  15429     7.35    -21.55  1.00000
  15430     7.35    -21.50  1.00000
  15431     7.35    -21.45  1.00000
  15432     7.35    -21.40  1.00000
  15433     7.35    -21.35  1.00000
  15434     7.35    -21.30  1.00000
  15435     7.35    -21.25  1.00000
  15436     7.35    -21.20  1.00000
  15437     7.35    -21.15  1.00000
  15438     7.35    -21.10  1.00000
  15439     7.35    -21.05  1.00000
  15440     7.35    -21.00  1.00000
  15441     7.35    -20.95  1.00000
  15442     7.35    -20.90  1.00000
  15443     7.35    -20.85  1.00000
  15444     7.35    -20.80  1.00000
  15445     7.35    -20.75  1.00000
  15446     7.35    -20.70  1.00000
  15447     7.35    -20.65  1.00000
  15448     7.35    -20.60  1.00000
  15449     7.35    -20.55  1.00000
  15450     7.35    -20.50  1.00000
  15451     7.35    -20.45  1.00000
  15452     7.35    -20.40  1.00000
  15453     7.35    -20.35  1.00000
  15454     7.35    -20.30  1.00000
  15455     7.35    -20.25  1.00000
  15456     7.35    -20.20  1.00000
  15457     7.35    -20.15  1.00000
  15458     7.35    -20.10  1.00000
  15459     7.35    -20.05  1.00000
  15460     7.35    -20.00  1.00000
  15461     7.35    -19.95  1.00000
  15462     7.35    -19.90  1.00000
  15463     7.35    -19.85  1.00000
  15464     7.35    -19.80  1.00000
  15465     7.35    -19.75  1.00000
  15466     7.35    -19.70  1.00000
  15467     7.35    -19.65  1.00000
  15468     7.35    -19.60  1.00000
  15469     7.35    -19.55  1.00000
  15470     7.35    -19.50  1.00000
  15471     7.35    -19.45  1.00000
  15472     7.35    -19.40  1.00000
  15473     7.35    -19.35  1.00000
  15474     7.35    -19.30  1.00000
  15475     7.35    -19.25  1.00000
  15476     7.35    -19.20  1.00000
  15477     7.35    -19.15  1.00000
  15478     7.35    -19.10  1.00000
  15479     7.35    -19.05  1.00000
  15480     7.35    -19.00  1.00000
  15481     7.35    -18.95  1.00000
  15482     7.35    -18.90  1.00000
  15483     7.35    -18.85  1.00000
  15484     7.35    -18.80  1.00000
  15485     7.35    -18.75  1.00000
  15486     7.35    -18.70  1.00000
  15487     7.35    -18.65  1.00000
  15488     7.35    -18.60  1.00000
  15489     7.35    -18.55  1.00000
  15490     7.35    -18.50  1.00000
  15491     7.35    -18.45  1.00000
  15492     7.35    -18.40  1.00000
  15493     7.35    -18.35  1.00000
  15494     7.35    -18.30  1.00000
  15495     7.35    -18.25  1.00000
  15496     7.35    -18.20  1.00000
  15497     7.35    -18.15  1.00000
  15498     7.35    -18.10  1.00000
  15499     7.35    -18.05  1.00000
  15500     7.35    -18.00  1.00000
  15501     7.35    -17.95  1.00000
  15502     7.35    -17.90  1.00000
  15503     7.35    -17.85  1.00000
  15504     7.35    -17.80  1.00000
  15505     7.35    -17.75  1.00000
  15506     7.35    -17.70  1.00000
  15507     7.35    -17.65  1.00000
  15508     7.35    -17.60  1.00000
  15509     7.35    -17.55  1.00000
  15510     7.35    -17.50  1.00000
  15511     7.35    -17.45  1.00000
  15512     7.35    -17.40  1.00000
  15513     7.35    -17.35  1.00000
  15514     7.35    -17.30  1.00000
  15515     7.35    -17.25  1.00000
  15516     7.35    -17.20  1.00000
  15517     7.35    -17.15  1.00000
  15518     7.35    -17.10  1.00000
  15519     7.35    -17.05  1.00000
  15520     7.35    -17.00  1.00000
  15521     7.35    -16.95  1.00000
  15522     7.35    -16.90  1.00000
  15523     7.35    -16.85  1.00000
  15524     7.35    -16.80  1.00000
  15525     7.35    -16.75  1.00000
  15526     7.35    -16.70  1.00000
  15527     7.35    -16.65  1.00000
  15528     7.35    -16.60  1.00000
  15529     7.35    -16.55  1.00000
  15530     7.35    -16.50  1.00000
  15531     7.35    -16.45  1.00000
  15532     7.35    -16.40  1.00000
  15533     7.35    -16.35  1.00000
  15534     7.35    -16.30  1.00000
  15535     7.35    -16.25  1.00000
  15536     7.35    -16.20  1.00000
  15537     7.35    -16.15  1.00000
  15538     7.35    -16.10  1.00000
  15539     7.35    -16.05  1.00000
  15540     7.35    -16.00  1.00000
  15541     7.35    -15.95  1.00000
  15542     7.35    -15.90  1.00000
  15543     7.35    -15.85  1.00000
  15544     7.35    -15.80  1.00000
  15545     7.35    -15.75  1.00000
  15546     7.35    -15.70  1.00000
  15547     7.35    -15.65  1.00000
  15548     7.35    -15.60  1.00000
  15549     7.35    -15.55  1.00000
  15550     7.35    -15.50  1.00000
  15551     7.35    -15.45  1.00000
  15552     7.35    -15.40  1.00000
  15553     7.35    -15.35  1.00000
  15554     7.40    -22.85  1.00000
  15555     7.40    -22.80  1.00000
  15556     7.40    -22.75  1.00000
  15557     7.40    -22.70  1.00000
  15558     7.40    -22.65  1.00000
  15559     7.40    -22.60  1.00000
  15560     7.40    -22.55  1.00000
  15561     7.40    -22.50  1.00000
  15562     7.40    -22.45  1.00000
  15563     7.40    -22.40  1.00000
  15564     7.40    -22.35  1.00000
  15565     7.40    -22.30  1.00000
  15566     7.40    -22.25  1.00000
  15567     7.40    -22.20  1.00000
  15568     7.40    -22.15  1.00000
  15569     7.40    -22.10  1.00000
  15570     7.40    -22.05  1.00000
  15571     7.40    -22.00  1.00000
  15572     7.40    -21.95  1.00000
  15573     7.40    -21.90  1.00000
  15574     7.40    -21.85  1.00000
  15575     7.40    -21.80  1.00000
  15576     7.40    -21.75  1.00000
  15577     7.40    -21.70  1.00000
  15578     7.40    -21.65  1.00000
  15579     7.40    -21.60  1.00000
  15580     7.40    -21.55  1.00000
  15581     7.40    -21.50  1.00000
  15582     7.40    -21.45  1.00000
  15583     7.40    -21.40  1.00000
  15584     7.40    -21.35  1.00000
  15585     7.40    -21.30  1.00000
  15586     7.40    -21.25  1.00000
  15587     7.40    -21.20  1.00000
  15588     7.40    -21.15  1.00000
  15589     7.40    -21.10  1.00000
  15590     7.40    -21.05  1.00000
  15591     7.40    -21.00  1.00000
  15592     7.40    -20.95  1.00000
  15593     7.40    -20.90  1.00000
  15594     7.40    -20.85  1.00000
  15595     7.40    -20.80  1.00000
  15596     7.40    -20.75  1.00000
  15597     7.40    -20.70  1.00000
  15598     7.40    -20.65  1.00000
  15599     7.40    -20.60  1.00000
  15600     7.40    -20.55  1.00000
  15601     7.40    -20.50  1.00000
  15602     7.40    -20.45  1.00000
  15603     7.40    -20.40  1.00000
  15604     7.40    -20.35  1.00000
  15605     7.40    -20.30  1.00000
  15606     7.40    -20.25  1.00000
  15607     7.40    -20.20  1.00000
  15608     7.40    -20.15  1.00000
  15609     7.40    -20.10  1.00000
  15610     7.40    -20.05  1.00000
  15611     7.40    -20.00  1.00000
  15612     7.40    -19.95  1.00000
  15613     7.40    -19.90  1.00000
  15614     7.40    -19.85  1.00000
  15615     7.40    -19.80  1.00000
  15616     7.40    -19.75  1.00000
  15617     7.40    -19.70  1.00000
  15618     7.40    -19.65  1.00000
  15619     7.40    -19.60  1.00000
  15620     7.40    -19.55  1.00000
  15621     7.40    -19.50  1.00000
  15622     7.40    -19.45  1.00000
  15623     7.40    -19.40  1.00000
  15624     7.40    -19.35  1.00000
  15625     7.40    -19.30  1.00000
  15626     7.40    -19.25  1.00000
  15627     7.40    -19.20  1.00000
  15628     7.40    -19.15  1.00000
  15629     7.40    -19.10  1.00000
  15630     7.40    -19.05  1.00000
  15631     7.40    -19.00  1.00000
  15632     7.40    -18.95  1.00000
  15633     7.40    -18.90  1.00000
  15634     7.40    -18.85  1.00000
  15635     7.40    -18.80  1.00000
  15636     7.40    -18.75  1.00000
  15637     7.40    -18.70  1.00000
  15638     7.40    -18.65  1.00000
  15639     7.40    -18.60  1.00000
  15640     7.40    -18.55  1.00000
  15641     7.40    -18.50  1.00000
  15642     7.40    -18.45  1.00000
  15643     7.40    -18.40  1.00000
  15644     7.40    -18.35  1.00000
  15645     7.40    -18.30  1.00000
  15646     7.40    -18.25  1.00000
  15647     7.40    -18.20  1.00000
  15648     7.40    -18.15  1.00000
  15649     7.40    -18.10  1.00000
  15650     7.40    -18.05  1.00000
  15651     7.40    -18.00  1.00000
  15652     7.40    -17.95  1.00000
  15653     7.40    -17.90  1.00000
  15654     7.40    -17.85  1.00000
  15655     7.40    -17.80  1.00000
  15656     7.40    -17.75  1.00000
  15657     7.40    -17.70  1.00000
  15658     7.40    -17.65  1.00000
  15659     7.40    -17.60  1.00000
  15660     7.40    -17.55  1.00000
  15661     7.40    -17.50  1.00000
  15662     7.40    -17.45  1.00000
  15663     7.40    -17.40  1.00000
  15664     7.40    -17.35  1.00000
  15665     7.40    -17.30  1.00000
  15666     7.40    -17.25  1.00000
  15667     7.40    -17.20  1.00000
  15668     7.40    -17.15  1.00000
  15669     7.40    -17.10  1.00000
  15670     7.40    -17.05  1.00000
  15671     7.40    -17.00  1.00000
  15672     7.40    -16.95  1.00000
  15673     7.40    -16.90  1.00000
  15674     7.40    -16.85  1.00000
  15675     7.40    -16.80  1.00000
  15676     7.40    -16.75  1.00000
  15677     7.40    -16.70  1.00000
  15678     7.40    -16.65  1.00000
  15679     7.40    -16.60  1.00000
  15680     7.40    -16.55  1.00000
  15681     7.40    -16.50  1.00000
  15682     7.40    -16.45  1.00000
  15683     7.40    -16.40  1.00000
  15684     7.40    -16.35  1.00000
  15685     7.40    -16.30  1.00000
  15686     7.40    -16.25  1.00000
  15687     7.40    -16.20  1.00000
  15688     7.40    -16.15  1.00000
  15689     7.40    -16.10  1.00000
  15690     7.40    -16.05  1.00000
  15691     7.40    -16.00  1.00000
  15692     7.40    -15.95  1.00000
  15693     7.40    -15.90  1.00000
  15694     7.40    -15.85  1.00000
  15695     7.40    -15.80  1.00000
  15696     7.40    -15.75  1.00000
  15697     7.40    -15.70  1.00000
  15698     7.40    -15.65  1.00000
  15699     7.40    -15.60  1.00000
  15700     7.40    -15.55  1.00000
  15701     7.40    -15.50  1.00000
  15702     7.40    -15.45  1.00000
  15703     7.40    -15.40  1.00000
  15704     7.40    -15.35  1.00000
  15705     7.45    -22.85  1.00000
  15706     7.45    -22.80  1.00000
  15707     7.45    -22.75  1.00000
  15708     7.45    -22.70  1.00000
  15709     7.45    -22.65  1.00000
  15710     7.45    -22.60  1.00000
  15711     7.45    -22.55  1.00000
  15712     7.45    -22.50  1.00000
  15713     7.45    -22.45  1.00000
  15714     7.45    -22.40  1.00000
  15715     7.45    -22.35  1.00000
  15716     7.45    -22.30  1.00000
  15717     7.45    -22.25  1.00000
  15718     7.45    -22.20  1.00000
  15719     7.45    -22.15  1.00000
  15720     7.45    -22.10  1.00000
  15721     7.45    -22.05  1.00000
  15722     7.45    -22.00  1.00000
  15723     7.45    -21.95  1.00000
  15724     7.45    -21.90  1.00000
  15725     7.45    -21.85  1.00000
  15726     7.45    -21.80  1.00000
  15727     7.45    -21.75  1.00000
  15728     7.45    -21.70  1.00000
  15729     7.45    -21.65  1.00000
  15730     7.45    -21.60  1.00000
  15731     7.45    -21.55  1.00000
  15732     7.45    -21.50  1.00000
  15733     7.45    -21.45  1.00000
  15734     7.45    -21.40  1.00000
  15735     7.45    -21.35  1.00000
  15736     7.45    -21.30  1.00000
  15737     7.45    -21.25  1.00000
  15738     7.45    -21.20  1.00000
  15739     7.45    -21.15  1.00000
  15740     7.45    -21.10  1.00000
  15741     7.45    -21.05  1.00000
  15742     7.45    -21.00  1.00000
  15743     7.45    -20.95  1.00000
  15744     7.45    -20.90  1.00000
  15745     7.45    -20.85  1.00000
  15746     7.45    -20.80  1.00000
  15747     7.45    -20.75  1.00000
  15748     7.45    -20.70  1.00000
  15749     7.45    -20.65  1.00000
  15750     7.45    -20.60  1.00000
  15751     7.45    -20.55  1.00000
  15752     7.45    -20.50  1.00000
  15753     7.45    -20.45  1.00000
  15754     7.45    -20.40  1.00000
  15755     7.45    -20.35  1.00000
  15756     7.45    -20.30  1.00000
  15757     7.45    -20.25  1.00000
  15758     7.45    -20.20  1.00000
  15759     7.45    -20.15  1.00000
  15760     7.45    -20.10  1.00000
  15761     7.45    -20.05  1.00000
  15762     7.45    -20.00  1.00000
  15763     7.45    -19.95  1.00000
  15764     7.45    -19.90  1.00000
  15765     7.45    -19.85  1.00000
  15766     7.45    -19.80  1.00000
  15767     7.45    -19.75  1.00000
  15768     7.45    -19.70  1.00000
  15769     7.45    -19.65  1.00000
  15770     7.45    -19.60  1.00000
  15771     7.45    -19.55  1.00000
  15772     7.45    -19.50  1.00000
  15773     7.45    -19.45  1.00000
  15774     7.45    -19.40  1.00000
  15775     7.45    -19.35  1.00000
  15776     7.45    -19.30  1.00000
  15777     7.45    -19.25  1.00000
  15778     7.45    -19.20  1.00000
  15779     7.45    -19.15  1.00000
  15780     7.45    -19.10  1.00000
  15781     7.45    -19.05  1.00000
  15782     7.45    -19.00  1.00000
  15783     7.45    -18.95  1.00000
  15784     7.45    -18.90  1.00000
  15785     7.45    -18.85  1.00000
  15786     7.45    -18.80  1.00000
  15787     7.45    -18.75  1.00000
  15788     7.45    -18.70  1.00000
  15789     7.45    -18.65  1.00000
  15790     7.45    -18.60  1.00000
  15791     7.45    -18.55  1.00000
  15792     7.45    -18.50  1.00000
  15793     7.45    -18.45  1.00000
  15794     7.45    -18.40  1.00000
  15795     7.45    -18.35  1.00000
  15796     7.45    -18.30  1.00000
  15797     7.45    -18.25  1.00000
  15798     7.45    -18.20  1.00000
  15799     7.45    -18.15  1.00000
  15800     7.45    -18.10  1.00000
  15801     7.45    -18.05  1.00000
  15802     7.45    -18.00  1.00000
  15803     7.45    -17.95  1.00000
  15804     7.45    -17.90  1.00000
  15805     7.45    -17.85  1.00000
  15806     7.45    -17.80  1.00000
  15807     7.45    -17.75  1.00000
  15808     7.45    -17.70  1.00000
  15809     7.45    -17.65  1.00000
  15810     7.45    -17.60  1.00000
  15811     7.45    -17.55  1.00000
  15812     7.45    -17.50  1.00000
  15813     7.45    -17.45  1.00000
  15814     7.45    -17.40  1.00000
  15815     7.45    -17.35  1.00000
  15816     7.45    -17.30  1.00000
  15817     7.45    -17.25  1.00000
  15818     7.45    -17.20  1.00000
  15819     7.45    -17.15  1.00000
  15820     7.45    -17.10  1.00000
  15821     7.45    -17.05  1.00000
  15822     7.45    -17.00  1.00000
  15823     7.45    -16.95  1.00000
  15824     7.45    -16.90  1.00000
  15825     7.45    -16.85  1.00000
  15826     7.45    -16.80  1.00000
  15827     7.45    -16.75  1.00000
  15828     7.45    -16.70  1.00000
  15829     7.45    -16.65  1.00000
  15830     7.45    -16.60  1.00000
  15831     7.45    -16.55  1.00000
  15832     7.45    -16.50  1.00000
  15833     7.45    -16.45  1.00000
  15834     7.45    -16.40  1.00000
  15835     7.45    -16.35  1.00000
  15836     7.45    -16.30  1.00000
  15837     7.45    -16.25  1.00000
  15838     7.45    -16.20  1.00000
  15839     7.45    -16.15  1.00000
  15840     7.45    -16.10  1.00000
  15841     7.45    -16.05  1.00000
  15842     7.45    -16.00  1.00000
  15843     7.45    -15.95  1.00000
  15844     7.45    -15.90  1.00000
  15845     7.45    -15.85  1.00000
  15846     7.45    -15.80  1.00000
  15847     7.45    -15.75  1.00000
  15848     7.45    -15.70  1.00000
  15849     7.45    -15.65  1.00000
  15850     7.45    -15.60  1.00000
  15851     7.45    -15.55  1.00000
  15852     7.45    -15.50  1.00000
  15853     7.45    -15.45  1.00000
  15854     7.45    -15.40  1.00000
  15855     7.45    -15.35  1.00000
  15856     7.50    -22.85  1.00000
  15857     7.50    -22.80  1.00000
  15858     7.50    -22.75  1.00000
  15859     7.50    -22.70  1.00000
  15860     7.50    -22.65  1.00000
  15861     7.50    -22.60  1.00000
  15862     7.50    -22.55  1.00000
  15863     7.50    -22.50  1.00000
  15864     7.50    -22.45  1.00000
  15865     7.50    -22.40  1.00000
  15866     7.50    -22.35  1.00000
  15867     7.50    -22.30  1.00000
  15868     7.50    -22.25  1.00000
  15869     7.50    -22.20  1.00000
  15870     7.50    -22.15  1.00000
  15871     7.50    -22.10  1.00000
  15872     7.50    -22.05  1.00000
  15873     7.50    -22.00  1.00000
  15874     7.50    -21.95  1.00000
  15875     7.50    -21.90  1.00000
  15876     7.50    -21.85  1.00000
  15877     7.50    -21.80  1.00000
  15878     7.50    -21.75  1.00000
  15879     7.50    -21.70  1.00000
  15880     7.50    -21.65  1.00000
  15881     7.50    -21.60  1.00000
  15882     7.50    -21.55  1.00000
  15883     7.50    -21.50  1.00000
  15884     7.50    -21.45  1.00000
  15885     7.50    -21.40  1.00000
  15886     7.50    -21.35  1.00000
  15887     7.50    -21.30  1.00000
  15888     7.50    -21.25  1.00000
  15889     7.50    -21.20  1.00000
  15890     7.50    -21.15  1.00000
  15891     7.50    -21.10  1.00000
  15892     7.50    -21.05  1.00000
  15893     7.50    -21.00  1.00000
  15894     7.50    -20.95  1.00000
  15895     7.50    -20.90  1.00000
  15896     7.50    -20.85  1.00000
  15897     7.50    -20.80  1.00000
  15898     7.50    -20.75  1.00000
  15899     7.50    -20.70  1.00000
  15900     7.50    -20.65  1.00000
  15901     7.50    -20.60  1.00000
  15902     7.50    -20.55  1.00000
  15903     7.50    -20.50  1.00000
  15904     7.50    -20.45  1.00000
  15905     7.50    -20.40  1.00000
  15906     7.50    -20.35  1.00000
  15907     7.50    -20.30  1.00000
  15908     7.50    -20.25  1.00000
  15909     7.50    -20.20  1.00000
  15910     7.50    -20.15  1.00000
  15911     7.50    -20.10  1.00000
  15912     7.50    -20.05  1.00000
  15913     7.50    -20.00  1.00000
  15914     7.50    -19.95  1.00000
  15915     7.50    -19.90  1.00000
  15916     7.50    -19.85  1.00000
  15917     7.50    -19.80  1.00000
  15918     7.50    -19.75  1.00000
  15919     7.50    -19.70  1.00000
  15920     7.50    -19.65  1.00000
  15921     7.50    -19.60  1.00000
  15922     7.50    -19.55  1.00000
  15923     7.50    -19.50  1.00000
  15924     7.50    -19.45  1.00000
  15925     7.50    -19.40  1.00000
  15926     7.50    -19.35  1.00000
  15927     7.50    -19.30  1.00000
  15928     7.50    -19.25  1.00000
  15929     7.50    -19.20  1.00000
  15930     7.50    -19.15  1.00000
  15931     7.50    -19.10  1.00000
  15932     7.50    -19.05  1.00000
  15933     7.50    -19.00  1.00000
  15934     7.50    -18.95  1.00000
  15935     7.50    -18.90  1.00000
  15936     7.50    -18.85  1.00000
  15937     7.50    -18.80  1.00000
  15938     7.50    -18.75  1.00000
  15939     7.50    -18.70  1.00000
  15940     7.50    -18.65  1.00000
  15941     7.50    -18.60  1.00000
  15942     7.50    -18.55  1.00000
  15943     7.50    -18.50  1.00000
  15944     7.50    -18.45  1.00000
  15945     7.50    -18.40  1.00000
  15946     7.50    -18.35  1.00000
  15947     7.50    -18.30  1.00000
  15948     7.50    -18.25  1.00000
  15949     7.50    -18.20  1.00000
  15950     7.50    -18.15  1.00000
  15951     7.50    -18.10  1.00000
  15952     7.50    -18.05  1.00000
  15953     7.50    -18.00  1.00000
  15954     7.50    -17.95  1.00000
  15955     7.50    -17.90  1.00000
  15956     7.50    -17.85  1.00000
  15957     7.50    -17.80  1.00000
  15958     7.50    -17.75  1.00000
  15959     7.50    -17.70  1.00000
  15960     7.50    -17.65  1.00000
  15961     7.50    -17.60  1.00000
  15962     7.50    -17.55  1.00000
  15963     7.50    -17.50  1.00000
  15964     7.50    -17.45  1.00000
  15965     7.50    -17.40  1.00000
  15966     7.50    -17.35  1.00000
  15967     7.50    -17.30  1.00000
  15968     7.50    -17.25  1.00000
  15969     7.50    -17.20  1.00000
  15970     7.50    -17.15  1.00000
  15971     7.50    -17.10  1.00000
  15972     7.50    -17.05  1.00000
  15973     7.50    -17.00  1.00000
  15974     7.50    -16.95  1.00000
  15975     7.50    -16.90  1.00000
  15976     7.50    -16.85  1.00000
  15977     7.50    -16.80  1.00000
  15978     7.50    -16.75  1.00000
  15979     7.50    -16.70  1.00000
  15980     7.50    -16.65  1.00000
  15981     7.50    -16.60  1.00000
  15982     7.50    -16.55  1.00000
  15983     7.50    -16.50  1.00000
  15984     7.50    -16.45  1.00000
  15985     7.50    -16.40  1.00000
  15986     7.50    -16.35  1.00000
  15987     7.50    -16.30  1.00000
  15988     7.50    -16.25  1.00000
  15989     7.50    -16.20  1.00000
  15990     7.50    -16.15  1.00000
  15991     7.50    -16.10  1.00000
  15992     7.50    -16.05  1.00000
  15993     7.50    -16.00  1.00000
  15994     7.50    -15.95  1.00000
  15995     7.50    -15.90  1.00000
  15996     7.50    -15.85  1.00000
  15997     7.50    -15.80  1.00000
  15998     7.50    -15.75  1.00000
  15999     7.50    -15.70  1.00000
  16000     7.50    -15.65  1.00000
  16001     7.50    -15.60  1.00000
  16002     7.50    -15.55  1.00000
  16003     7.50    -15.50  1.00000
  16004     7.50    -15.45  1.00000
  16005     7.50    -15.40  1.00000
  16006     7.50    -15.35  1.00000
  16007     7.55    -22.85  1.00000
  16008     7.55    -22.80  1.00000
  16009     7.55    -22.75  1.00000
  16010     7.55    -22.70  1.00000
  16011     7.55    -22.65  1.00000
  16012     7.55    -22.60  1.00000
  16013     7.55    -22.55  1.00000
  16014     7.55    -22.50  1.00000
  16015     7.55    -22.45  1.00000
  16016     7.55    -22.40  1.00000
  16017     7.55    -22.35  1.00000
  16018     7.55    -22.30  1.00000
  16019     7.55    -22.25  1.00000
  16020     7.55    -22.20  1.00000
  16021     7.55    -22.15  1.00000
  16022     7.55    -22.10  1.00000
  16023     7.55    -22.05  1.00000
  16024     7.55    -22.00  1.00000
  16025     7.55    -21.95  1.00000
  16026     7.55    -21.90  1.00000
  16027     7.55    -21.85  1.00000
  16028     7.55    -21.80  1.00000
  16029     7.55    -21.75  1.00000
  16030     7.55    -21.70  1.00000
  16031     7.55    -21.65  1.00000
  16032     7.55    -21.60  1.00000
  16033     7.55    -21.55  1.00000
  16034     7.55    -21.50  1.00000
  16035     7.55    -21.45  1.00000
  16036     7.55    -21.40  1.00000
  16037     7.55    -21.35  1.00000
  16038     7.55    -21.30  1.00000
  16039     7.55    -21.25  1.00000
  16040     7.55    -21.20  1.00000
  16041     7.55    -21.15  1.00000
  16042     7.55    -21.10  1.00000
  16043     7.55    -21.05  1.00000
  16044     7.55    -21.00  1.00000
  16045     7.55    -20.95  1.00000
  16046     7.55    -20.90  1.00000
  16047     7.55    -20.85  1.00000
  16048     7.55    -20.80  1.00000
  16049     7.55    -20.75  1.00000
  16050     7.55    -20.70  1.00000
  16051     7.55    -20.65  1.00000
  16052     7.55    -20.60  1.00000
  16053     7.55    -20.55  1.00000
  16054     7.55    -20.50  1.00000
  16055     7.55    -20.45  1.00000
  16056     7.55    -20.40  1.00000
  16057     7.55    -20.35  1.00000
  16058     7.55    -20.30  1.00000
  16059     7.55    -20.25  1.00000
  16060     7.55    -20.20  1.00000
  16061     7.55    -20.15  1.00000
  16062     7.55    -20.10  1.00000
  16063     7.55    -20.05  1.00000
  16064     7.55    -20.00  1.00000
  16065     7.55    -19.95  1.00000
  16066     7.55    -19.90  1.00000
  16067     7.55    -19.85  1.00000
  16068     7.55    -19.80  1.00000
  16069     7.55    -19.75  1.00000
  16070     7.55    -19.70  1.00000
  16071     7.55    -19.65  1.00000
  16072     7.55    -19.60  1.00000
  16073     7.55    -19.55  1.00000
  16074     7.55    -19.50  1.00000
  16075     7.55    -19.45  1.00000
  16076     7.55    -19.40  1.00000
  16077     7.55    -19.35  1.00000
  16078     7.55    -19.30  1.00000
  16079     7.55    -19.25  1.00000
  16080     7.55    -19.20  1.00000
  16081     7.55    -19.15  1.00000
  16082     7.55    -19.10  1.00000
  16083     7.55    -19.05  1.00000
  16084     7.55    -19.00  1.00000
  16085     7.55    -18.95  1.00000
  16086     7.55    -18.90  1.00000
  16087     7.55    -18.85  1.00000
  16088     7.55    -18.80  1.00000
  16089     7.55    -18.75  1.00000
  16090     7.55    -18.70  1.00000
  16091     7.55    -18.65  1.00000
  16092     7.55    -18.60  1.00000
  16093     7.55    -18.55  1.00000
  16094     7.55    -18.50  1.00000
  16095     7.55    -18.45  1.00000
  16096     7.55    -18.40  1.00000
  16097     7.55    -18.35  1.00000
  16098     7.55    -18.30  1.00000
  16099     7.55    -18.25  1.00000
  16100     7.55    -18.20  1.00000
  16101     7.55    -18.15  1.00000
  16102     7.55    -18.10  1.00000
  16103     7.55    -18.05  1.00000
  16104     7.55    -18.00  1.00000
  16105     7.55    -17.95  1.00000
  16106     7.55    -17.90  1.00000
  16107     7.55    -17.85  1.00000
  16108     7.55    -17.80  1.00000
  16109     7.55    -17.75  1.00000
  16110     7.55    -17.70  1.00000
  16111     7.55    -17.65  1.00000
  16112     7.55    -17.60  1.00000
  16113     7.55    -17.55  1.00000
  16114     7.55    -17.50  1.00000
  16115     7.55    -17.45  1.00000
  16116     7.55    -17.40  1.00000
  16117     7.55    -17.35  1.00000
  16118     7.55    -17.30  1.00000
  16119     7.55    -17.25  1.00000
  16120     7.55    -17.20  1.00000
  16121     7.55    -17.15  1.00000
  16122     7.55    -17.10  1.00000
  16123     7.55    -17.05  1.00000
  16124     7.55    -17.00  1.00000
  16125     7.55    -16.95  1.00000
  16126     7.55    -16.90  1.00000
  16127     7.55    -16.85  1.00000
  16128     7.55    -16.80  1.00000
  16129     7.55    -16.75  1.00000
  16130     7.55    -16.70  1.00000
  16131     7.55    -16.65  1.00000
  16132     7.55    -16.60  1.00000
  16133     7.55    -16.55  1.00000
  16134     7.55    -16.50  1.00000
  16135     7.55    -16.45  1.00000
  16136     7.55    -16.40  1.00000
  16137     7.55    -16.35  1.00000
  16138     7.55    -16.30  1.00000
  16139     7.55    -16.25  1.00000
  16140     7.55    -16.20  1.00000
  16141     7.55    -16.15  1.00000
  16142     7.55    -16.10  1.00000
  16143     7.55    -16.05  1.00000
  16144     7.55    -16.00  1.00000
  16145     7.55    -15.95  1.00000
  16146     7.55    -15.90  1.00000
  16147     7.55    -15.85  1.00000
  16148     7.55    -15.80  1.00000
  16149     7.55    -15.75  1.00000
  16150     7.55    -15.70  1.00000
  16151     7.55    -15.65  1.00000
  16152     7.55    -15.60  1.00000
  16153     7.55    -15.55  1.00000
  16154     7.55    -15.50  1.00000
  16155     7.55    -15.45  1.00000
  16156     7.55    -15.40  1.00000
  16157     7.55    -15.35  1.00000
  16158     7.60    -22.85  1.00000
  16159     7.60    -22.80  1.00000
  16160     7.60    -22.75  1.00000
  16161     7.60    -22.70  1.00000
  16162     7.60    -22.65  1.00000
  16163     7.60    -22.60  1.00000
  16164     7.60    -22.55  1.00000
  16165     7.60    -22.50  1.00000
  16166     7.60    -22.45  1.00000
  16167     7.60    -22.40  1.00000
  16168     7.60    -22.35  1.00000
  16169     7.60    -22.30  1.00000
  16170     7.60    -22.25  1.00000
  16171     7.60    -22.20  1.00000
  16172     7.60    -22.15  1.00000
  16173     7.60    -22.10  1.00000
  16174     7.60    -22.05  1.00000
  16175     7.60    -22.00  1.00000
  16176     7.60    -21.95  1.00000
  16177     7.60    -21.90  1.00000
  16178     7.60    -21.85  1.00000
  16179     7.60    -21.80  1.00000
  16180     7.60    -21.75  1.00000
  16181     7.60    -21.70  1.00000
  16182     7.60    -21.65  1.00000
  16183     7.60    -21.60  1.00000
  16184     7.60    -21.55  1.00000
  16185     7.60    -21.50  1.00000
  16186     7.60    -21.45  1.00000
  16187     7.60    -21.40  1.00000
  16188     7.60    -21.35  1.00000
  16189     7.60    -21.30  1.00000
  16190     7.60    -21.25  1.00000
  16191     7.60    -21.20  1.00000
  16192     7.60    -21.15  1.00000
  16193     7.60    -21.10  1.00000
  16194     7.60    -21.05  1.00000
  16195     7.60    -21.00  1.00000
  16196     7.60    -20.95  1.00000
  16197     7.60    -20.90  1.00000
  16198     7.60    -20.85  1.00000
  16199     7.60    -20.80  1.00000
  16200     7.60    -20.75  1.00000
  16201     7.60    -20.70  1.00000
  16202     7.60    -20.65  1.00000
  16203     7.60    -20.60  1.00000
  16204     7.60    -20.55  1.00000
  16205     7.60    -20.50  1.00000
  16206     7.60    -20.45  1.00000
  16207     7.60    -20.40  1.00000
  16208     7.60    -20.35  1.00000
  16209     7.60    -20.30  1.00000
  16210     7.60    -20.25  1.00000
  16211     7.60    -20.20  1.00000
  16212     7.60    -20.15  1.00000
  16213     7.60    -20.10  1.00000
  16214     7.60    -20.05  1.00000
  16215     7.60    -20.00  1.00000
  16216     7.60    -19.95  1.00000
  16217     7.60    -19.90  1.00000
  16218     7.60    -19.85  1.00000
  16219     7.60    -19.80  1.00000
  16220     7.60    -19.75  1.00000
  16221     7.60    -19.70  1.00000
  16222     7.60    -19.65  1.00000
  16223     7.60    -19.60  1.00000
  16224     7.60    -19.55  1.00000
  16225     7.60    -19.50  1.00000
  16226     7.60    -19.45  1.00000
  16227     7.60    -19.40  1.00000
  16228     7.60    -19.35  1.00000
  16229     7.60    -19.30  1.00000
  16230     7.60    -19.25  1.00000
  16231     7.60    -19.20  1.00000
  16232     7.60    -19.15  1.00000
  16233     7.60    -19.10  1.00000
  16234     7.60    -19.05  1.00000
  16235     7.60    -19.00  1.00000
  16236     7.60    -18.95  1.00000
  16237     7.60    -18.90  1.00000
  16238     7.60    -18.85  1.00000
  16239     7.60    -18.80  1.00000
  16240     7.60    -18.75  1.00000
  16241     7.60    -18.70  1.00000
  16242     7.60    -18.65  1.00000
  16243     7.60    -18.60  1.00000
  16244     7.60    -18.55  1.00000
  16245     7.60    -18.50  1.00000
  16246     7.60    -18.45  1.00000
  16247     7.60    -18.40  1.00000
  16248     7.60    -18.35  1.00000
  16249     7.60    -18.30  1.00000
  16250     7.60    -18.25  1.00000
  16251     7.60    -18.20  1.00000
  16252     7.60    -18.15  1.00000
  16253     7.60    -18.10  1.00000
  16254     7.60    -18.05  1.00000
  16255     7.60    -18.00  1.00000
  16256     7.60    -17.95  1.00000
  16257     7.60    -17.90  1.00000
  16258     7.60    -17.85  1.00000
  16259     7.60    -17.80  1.00000
  16260     7.60    -17.75  1.00000
  16261     7.60    -17.70  1.00000
  16262     7.60    -17.65  1.00000
  16263     7.60    -17.60  1.00000
  16264     7.60    -17.55  1.00000
  16265     7.60    -17.50  1.00000
  16266     7.60    -17.45  1.00000
  16267     7.60    -17.40  1.00000
  16268     7.60    -17.35  1.00000
  16269     7.60    -17.30  1.00000
  16270     7.60    -17.25  1.00000
  16271     7.60    -17.20  1.00000
  16272     7.60    -17.15  1.00000
  16273     7.60    -17.10  1.00000
  16274     7.60    -17.05  1.00000
  16275     7.60    -17.00  1.00000
  16276     7.60    -16.95  1.00000
  16277     7.60    -16.90  1.00000
  16278     7.60    -16.85  1.00000
  16279     7.60    -16.80  1.00000
  16280     7.60    -16.75  1.00000
  16281     7.60    -16.70  1.00000
  16282     7.60    -16.65  1.00000
  16283     7.60    -16.60  1.00000
  16284     7.60    -16.55  1.00000
  16285     7.60    -16.50  1.00000
  16286     7.60    -16.45  1.00000
  16287     7.60    -16.40  1.00000
  16288     7.60    -16.35  1.00000
  16289     7.60    -16.30  1.00000
  16290     7.60    -16.25  1.00000
  16291     7.60    -16.20  1.00000
  16292     7.60    -16.15  1.00000
  16293     7.60    -16.10  1.00000
  16294     7.60    -16.05  1.00000
  16295     7.60    -16.00  1.00000
  16296     7.60    -15.95  1.00000
  16297     7.60    -15.90  1.00000
  16298     7.60    -15.85  1.00000
  16299     7.60    -15.80  1.00000
  16300     7.60    -15.75  1.00000
  16301     7.60    -15.70  1.00000
  16302     7.60    -15.65  1.00000
  16303     7.60    -15.60  1.00000
  16304     7.60    -15.55  1.00000
  16305     7.60    -15.50  1.00000
  16306     7.60    -15.45  1.00000
  16307     7.60    -15.40  1.00000
  16308     7.60    -15.35  1.00000
  16309     7.65    -22.85  1.00000
  16310     7.65    -22.80  1.00000
  16311     7.65    -22.75  1.00000
  16312     7.65    -22.70  1.00000
  16313     7.65    -22.65  1.00000
  16314     7.65    -22.60  1.00000
  16315     7.65    -22.55  1.00000
  16316     7.65    -22.50  1.00000
  16317     7.65    -22.45  1.00000
  16318     7.65    -22.40  1.00000
  16319     7.65    -22.35  1.00000
  16320     7.65    -22.30  1.00000
  16321     7.65    -22.25  1.00000
  16322     7.65    -22.20  1.00000
  16323     7.65    -22.15  1.00000
  16324     7.65    -22.10  1.00000
  16325     7.65    -22.05  1.00000
  16326     7.65    -22.00  1.00000
  16327     7.65    -21.95  1.00000
  16328     7.65    -21.90  1.00000
  16329     7.65    -21.85  1.00000
  16330     7.65    -21.80  1.00000
  16331     7.65    -21.75  1.00000
  16332     7.65    -21.70  1.00000
  16333     7.65    -21.65  1.00000
  16334     7.65    -21.60  1.00000
  16335     7.65    -21.55  1.00000
  16336     7.65    -21.50  1.00000
  16337     7.65    -21.45  1.00000
  16338     7.65    -21.40  1.00000
  16339     7.65    -21.35  1.00000
  16340     7.65    -21.30  1.00000
  16341     7.65    -21.25  1.00000
  16342     7.65    -21.20  1.00000
  16343     7.65    -21.15  1.00000
  16344     7.65    -21.10  1.00000
  16345     7.65    -21.05  1.00000
  16346     7.65    -21.00  1.00000
  16347     7.65    -20.95  1.00000
  16348     7.65    -20.90  1.00000
  16349     7.65    -20.85  1.00000
  16350     7.65    -20.80  1.00000
  16351     7.65    -20.75  1.00000
  16352     7.65    -20.70  1.00000
  16353     7.65    -20.65  1.00000
  16354     7.65    -20.60  1.00000
  16355     7.65    -20.55  1.00000
  16356     7.65    -20.50  1.00000
  16357     7.65    -20.45  1.00000
  16358     7.65    -20.40  1.00000
  16359     7.65    -20.35  1.00000
  16360     7.65    -20.30  1.00000
  16361     7.65    -20.25  1.00000
  16362     7.65    -20.20  1.00000
  16363     7.65    -20.15  1.00000
  16364     7.65    -20.10  1.00000
  16365     7.65    -20.05  1.00000
  16366     7.65    -20.00  1.00000
  16367     7.65    -19.95  1.00000
  16368     7.65    -19.90  1.00000
  16369     7.65    -19.85  1.00000
  16370     7.65    -19.80  1.00000
  16371     7.65    -19.75  1.00000
  16372     7.65    -19.70  1.00000
  16373     7.65    -19.65  1.00000
  16374     7.65    -19.60  1.00000
  16375     7.65    -19.55  1.00000
  16376     7.65    -19.50  1.00000
  16377     7.65    -19.45  1.00000
  16378     7.65    -19.40  1.00000
  16379     7.65    -19.35  1.00000
  16380     7.65    -19.30  1.00000
  16381     7.65    -19.25  1.00000
  16382     7.65    -19.20  1.00000
  16383     7.65    -19.15  1.00000
  16384     7.65    -19.10  1.00000
  16385     7.65    -19.05  1.00000
  16386     7.65    -19.00  1.00000
  16387     7.65    -18.95  1.00000
  16388     7.65    -18.90  1.00000
  16389     7.65    -18.85  1.00000
  16390     7.65    -18.80  1.00000
  16391     7.65    -18.75  1.00000
  16392     7.65    -18.70  1.00000
  16393     7.65    -18.65  1.00000
  16394     7.65    -18.60  1.00000
  16395     7.65    -18.55  1.00000
  16396     7.65    -18.50  1.00000
  16397     7.65    -18.45  1.00000
  16398     7.65    -18.40  1.00000
  16399     7.65    -18.35  1.00000
  16400     7.65    -18.30  1.00000
  16401     7.65    -18.25  1.00000
  16402     7.65    -18.20  1.00000
  16403     7.65    -18.15  1.00000
  16404     7.65    -18.10  1.00000
  16405     7.65    -18.05  1.00000
  16406     7.65    -18.00  1.00000
  16407     7.65    -17.95  1.00000
  16408     7.65    -17.90  1.00000
  16409     7.65    -17.85  1.00000
  16410     7.65    -17.80  1.00000
  16411     7.65    -17.75  1.00000
  16412     7.65    -17.70  1.00000
  16413     7.65    -17.65  1.00000
  16414     7.65    -17.60  1.00000
  16415     7.65    -17.55  1.00000
  16416     7.65    -17.50  1.00000
  16417     7.65    -17.45  1.00000
  16418     7.65    -17.40  1.00000
  16419     7.65    -17.35  1.00000
  16420     7.65    -17.30  1.00000
  16421     7.65    -17.25  1.00000
  16422     7.65    -17.20  1.00000
  16423     7.65    -17.15  1.00000
  16424     7.65    -17.10  1.00000
  16425     7.65    -17.05  1.00000
  16426     7.65    -17.00  1.00000
  16427     7.65    -16.95  1.00000
  16428     7.65    -16.90  1.00000
  16429     7.65    -16.85  1.00000
  16430     7.65    -16.80  1.00000
  16431     7.65    -16.75  1.00000
  16432     7.65    -16.70  1.00000
  16433     7.65    -16.65  1.00000
  16434     7.65    -16.60  1.00000
  16435     7.65    -16.55  1.00000
  16436     7.65    -16.50  1.00000
  16437     7.65    -16.45  1.00000
  16438     7.65    -16.40  1.00000
  16439     7.65    -16.35  1.00000
  16440     7.65    -16.30  1.00000
  16441     7.65    -16.25  1.00000
  16442     7.65    -16.20  1.00000
  16443     7.65    -16.15  1.00000
  16444     7.65    -16.10  1.00000
  16445     7.65    -16.05  1.00000
  16446     7.65    -16.00  1.00000
  16447     7.65    -15.95  1.00000
  16448     7.65    -15.90  1.00000
  16449     7.65    -15.85  1.00000
  16450     7.65    -15.80  1.00000
  16451     7.65    -15.75  1.00000
  16452     7.65    -15.70  1.00000
  16453     7.65    -15.65  1.00000
  16454     7.65    -15.60  1.00000
  16455     7.65    -15.55  1.00000
  16456     7.65    -15.50  1.00000
  16457     7.65    -15.45  1.00000
  16458     7.65    -15.40  1.00000
  16459     7.65    -15.35  1.00000
  16460     7.70    -22.85  1.00000
  16461     7.70    -22.80  1.00000
  16462     7.70    -22.75  1.00000
  16463     7.70    -22.70  1.00000
  16464     7.70    -22.65  1.00000
  16465     7.70    -22.60  1.00000
  16466     7.70    -22.55  1.00000
  16467     7.70    -22.50  1.00000
  16468     7.70    -22.45  1.00000
  16469     7.70    -22.40  1.00000
  16470     7.70    -22.35  1.00000
  16471     7.70    -22.30  1.00000
  16472     7.70    -22.25  1.00000
  16473     7.70    -22.20  1.00000
  16474     7.70    -22.15  1.00000
  16475     7.70    -22.10  1.00000
  16476     7.70    -22.05  1.00000
  16477     7.70    -22.00  1.00000
  16478     7.70    -21.95  1.00000
  16479     7.70    -21.90  1.00000
  16480     7.70    -21.85  1.00000
  16481     7.70    -21.80  1.00000
  16482     7.70    -21.75  1.00000
  16483     7.70    -21.70  1.00000
  16484     7.70    -21.65  1.00000
  16485     7.70    -21.60  1.00000
  16486     7.70    -21.55  1.00000
  16487     7.70    -21.50  1.00000
  16488     7.70    -21.45  1.00000
  16489     7.70    -21.40  1.00000
  16490     7.70    -21.35  1.00000
  16491     7.70    -21.30  1.00000
  16492     7.70    -21.25  1.00000
  16493     7.70    -21.20  1.00000
  16494     7.70    -21.15  1.00000
  16495     7.70    -21.10  1.00000
  16496     7.70    -21.05  1.00000
  16497     7.70    -21.00  1.00000
  16498     7.70    -20.95  1.00000
  16499     7.70    -20.90  1.00000
  16500     7.70    -20.85  1.00000
  16501     7.70    -20.80  1.00000
  16502     7.70    -20.75  1.00000
  16503     7.70    -20.70  1.00000
  16504     7.70    -20.65  1.00000
  16505     7.70    -20.60  1.00000
  16506     7.70    -20.55  1.00000
  16507     7.70    -20.50  1.00000
  16508     7.70    -20.45  1.00000
  16509     7.70    -20.40  1.00000
  16510     7.70    -20.35  1.00000
  16511     7.70    -20.30  1.00000
  16512     7.70    -20.25  1.00000
  16513     7.70    -20.20  1.00000
  16514     7.70    -20.15  1.00000
  16515     7.70    -20.10  1.00000
  16516     7.70    -20.05  1.00000
  16517     7.70    -20.00  1.00000
  16518     7.70    -19.95  1.00000
  16519     7.70    -19.90  1.00000
  16520     7.70    -19.85  1.00000
  16521     7.70    -19.80  1.00000
  16522     7.70    -19.75  1.00000
  16523     7.70    -19.70  1.00000
  16524     7.70    -19.65  1.00000
  16525     7.70    -19.60  1.00000
  16526     7.70    -19.55  1.00000
  16527     7.70    -19.50  1.00000
  16528     7.70    -19.45  1.00000
  16529     7.70    -19.40  1.00000
  16530     7.70    -19.35  1.00000
  16531     7.70    -19.30  1.00000
  16532     7.70    -19.25  1.00000
  16533     7.70    -19.20  1.00000
  16534     7.70    -19.15  1.00000
  16535     7.70    -19.10  1.00000
  16536     7.70    -19.05  1.00000
  16537     7.70    -19.00  1.00000
  16538     7.70    -18.95  1.00000
  16539     7.70    -18.90  1.00000
  16540     7.70    -18.85  1.00000
  16541     7.70    -18.80  1.00000
  16542     7.70    -18.75  1.00000
  16543     7.70    -18.70  1.00000
  16544     7.70    -18.65  1.00000
  16545     7.70    -18.60  1.00000
  16546     7.70    -18.55  1.00000
  16547     7.70    -18.50  1.00000
  16548     7.70    -18.45  1.00000
  16549     7.70    -18.40  1.00000
  16550     7.70    -18.35  1.00000
  16551     7.70    -18.30  1.00000
  16552     7.70    -18.25  1.00000
  16553     7.70    -18.20  1.00000
  16554     7.70    -18.15  1.00000
  16555     7.70    -18.10  1.00000
  16556     7.70    -18.05  1.00000
  16557     7.70    -18.00  1.00000
  16558     7.70    -17.95  1.00000
  16559     7.70    -17.90  1.00000
  16560     7.70    -17.85  1.00000
  16561     7.70    -17.80  1.00000
  16562     7.70    -17.75  1.00000
  16563     7.70    -17.70  1.00000
  16564     7.70    -17.65  1.00000
  16565     7.70    -17.60  1.00000
  16566     7.70    -17.55  1.00000
  16567     7.70    -17.50  1.00000
  16568     7.70    -17.45  1.00000
  16569     7.70    -17.40  1.00000
  16570     7.70    -17.35  1.00000
  16571     7.70    -17.30  1.00000
  16572     7.70    -17.25  1.00000
  16573     7.70    -17.20  1.00000
  16574     7.70    -17.15  1.00000
  16575     7.70    -17.10  1.00000
  16576     7.70    -17.05  1.00000
  16577     7.70    -17.00  1.00000
  16578     7.70    -16.95  1.00000
  16579     7.70    -16.90  1.00000
  16580     7.70    -16.85  1.00000
  16581     7.70    -16.80  1.00000
  16582     7.70    -16.75  1.00000
  16583     7.70    -16.70  1.00000
  16584     7.70    -16.65  1.00000
  16585     7.70    -16.60  1.00000
  16586     7.70    -16.55  1.00000
  16587     7.70    -16.50  1.00000
  16588     7.70    -16.45  1.00000
  16589     7.70    -16.40  1.00000
  16590     7.70    -16.35  1.00000
  16591     7.70    -16.30  1.00000
  16592     7.70    -16.25  1.00000
  16593     7.70    -16.20  1.00000
  16594     7.70    -16.15  1.00000
  16595     7.70    -16.10  1.00000
  16596     7.70    -16.05  1.00000
  16597     7.70    -16.00  1.00000
  16598     7.70    -15.95  1.00000
  16599     7.70    -15.90  1.00000
  16600     7.70    -15.85  1.00000
  16601     7.70    -15.80  1.00000
  16602     7.70    -15.75  1.00000
  16603     7.70    -15.70  1.00000
  16604     7.70    -15.65  1.00000
  16605     7.70    -15.60  1.00000
  16606     7.70    -15.55  1.00000
  16607     7.70    -15.50  1.00000
  16608     7.70    -15.45  1.00000
  16609     7.70    -15.40  1.00000
  16610     7.70    -15.35  1.00000
  16611     7.75    -22.85  1.00000
  16612     7.75    -22.80  1.00000
  16613     7.75    -22.75  1.00000
  16614     7.75    -22.70  1.00000
  16615     7.75    -22.65  1.00000
  16616     7.75    -22.60  1.00000
  16617     7.75    -22.55  1.00000
  16618     7.75    -22.50  1.00000
  16619     7.75    -22.45  1.00000
  16620     7.75    -22.40  1.00000
  16621     7.75    -22.35  1.00000
  16622     7.75    -22.30  1.00000
  16623     7.75    -22.25  1.00000
  16624     7.75    -22.20  1.00000
  16625     7.75    -22.15  1.00000
  16626     7.75    -22.10  1.00000
  16627     7.75    -22.05  1.00000
  16628     7.75    -22.00  1.00000
  16629     7.75    -21.95  1.00000
  16630     7.75    -21.90  1.00000
  16631     7.75    -21.85  1.00000
  16632     7.75    -21.80  1.00000
  16633     7.75    -21.75  1.00000
  16634     7.75    -21.70  1.00000
  16635     7.75    -21.65  1.00000
  16636     7.75    -21.60  1.00000
  16637     7.75    -21.55  1.00000
  16638     7.75    -21.50  1.00000
  16639     7.75    -21.45  1.00000
  16640     7.75    -21.40  1.00000
  16641     7.75    -21.35  1.00000
  16642     7.75    -21.30  1.00000
  16643     7.75    -21.25  1.00000
  16644     7.75    -21.20  1.00000
  16645     7.75    -21.15  1.00000
  16646     7.75    -21.10  1.00000
  16647     7.75    -21.05  1.00000
  16648     7.75    -21.00  1.00000
  16649     7.75    -20.95  1.00000
  16650     7.75    -20.90  1.00000
  16651     7.75    -20.85  1.00000
  16652     7.75    -20.80  1.00000
  16653     7.75    -20.75  1.00000
  16654     7.75    -20.70  1.00000
  16655     7.75    -20.65  1.00000
  16656     7.75    -20.60  1.00000
  16657     7.75    -20.55  1.00000
  16658     7.75    -20.50  1.00000
  16659     7.75    -20.45  1.00000
  16660     7.75    -20.40  1.00000
  16661     7.75    -20.35  1.00000
  16662     7.75    -20.30  1.00000
  16663     7.75    -20.25  1.00000
  16664     7.75    -20.20  1.00000
  16665     7.75    -20.15  1.00000
  16666     7.75    -20.10  1.00000
  16667     7.75    -20.05  1.00000
  16668     7.75    -20.00  1.00000
  16669     7.75    -19.95  1.00000
  16670     7.75    -19.90  1.00000
  16671     7.75    -19.85  1.00000
  16672     7.75    -19.80  1.00000
  16673     7.75    -19.75  1.00000
  16674     7.75    -19.70  1.00000
  16675     7.75    -19.65  1.00000
  16676     7.75    -19.60  1.00000
  16677     7.75    -19.55  1.00000
  16678     7.75    -19.50  1.00000
  16679     7.75    -19.45  1.00000
  16680     7.75    -19.40  1.00000
  16681     7.75    -19.35  1.00000
  16682     7.75    -19.30  1.00000
  16683     7.75    -19.25  1.00000
  16684     7.75    -19.20  1.00000
  16685     7.75    -19.15  1.00000
  16686     7.75    -19.10  1.00000
  16687     7.75    -19.05  1.00000
  16688     7.75    -19.00  1.00000
  16689     7.75    -18.95  1.00000
  16690     7.75    -18.90  1.00000
  16691     7.75    -18.85  1.00000
  16692     7.75    -18.80  1.00000
  16693     7.75    -18.75  1.00000
  16694     7.75    -18.70  1.00000
  16695     7.75    -18.65  1.00000
  16696     7.75    -18.60  1.00000
  16697     7.75    -18.55  1.00000
  16698     7.75    -18.50  1.00000
  16699     7.75    -18.45  1.00000
  16700     7.75    -18.40  1.00000
  16701     7.75    -18.35  1.00000
  16702     7.75    -18.30  1.00000
  16703     7.75    -18.25  1.00000
  16704     7.75    -18.20  1.00000
  16705     7.75    -18.15  1.00000
  16706     7.75    -18.10  1.00000
  16707     7.75    -18.05  1.00000
  16708     7.75    -18.00  1.00000
  16709     7.75    -17.95  1.00000
  16710     7.75    -17.90  1.00000
  16711     7.75    -17.85  1.00000
  16712     7.75    -17.80  1.00000
  16713     7.75    -17.75  1.00000
  16714     7.75    -17.70  1.00000
  16715     7.75    -17.65  1.00000
  16716     7.75    -17.60  1.00000
  16717     7.75    -17.55  1.00000
  16718     7.75    -17.50  1.00000
  16719     7.75    -17.45  1.00000
  16720     7.75    -17.40  1.00000
  16721     7.75    -17.35  1.00000
  16722     7.75    -17.30  1.00000
  16723     7.75    -17.25  1.00000
  16724     7.75    -17.20  1.00000
  16725     7.75    -17.15  1.00000
  16726     7.75    -17.10  1.00000
  16727     7.75    -17.05  1.00000
  16728     7.75    -17.00  1.00000
  16729     7.75    -16.95  1.00000
  16730     7.75    -16.90  1.00000
  16731     7.75    -16.85  1.00000
  16732     7.75    -16.80  1.00000
  16733     7.75    -16.75  1.00000
  16734     7.75    -16.70  1.00000
  16735     7.75    -16.65  1.00000
  16736     7.75    -16.60  1.00000
  16737     7.75    -16.55  1.00000
  16738     7.75    -16.50  1.00000
  16739     7.75    -16.45  1.00000
  16740     7.75    -16.40  1.00000
  16741     7.75    -16.35  1.00000
  16742     7.75    -16.30  1.00000
  16743     7.75    -16.25  1.00000
  16744     7.75    -16.20  1.00000
  16745     7.75    -16.15  1.00000
  16746     7.75    -16.10  1.00000
  16747     7.75    -16.05  1.00000
  16748     7.75    -16.00  1.00000
  16749     7.75    -15.95  1.00000
  16750     7.75    -15.90  1.00000
  16751     7.75    -15.85  1.00000
  16752     7.75    -15.80  1.00000
  16753     7.75    -15.75  1.00000
  16754     7.75    -15.70  1.00000
  16755     7.75    -15.65  1.00000
  16756     7.75    -15.60  1.00000
  16757     7.75    -15.55  1.00000
  16758     7.75    -15.50  1.00000
  16759     7.75    -15.45  1.00000
  16760     7.75    -15.40  1.00000
  16761     7.75    -15.35  1.00000
  16762     7.80    -22.85  1.00000
  16763     7.80    -22.80  1.00000
  16764     7.80    -22.75  1.00000
  16765     7.80    -22.70  1.00000
  16766     7.80    -22.65  1.00000
  16767     7.80    -22.60  1.00000
  16768     7.80    -22.55  1.00000
  16769     7.80    -22.50  1.00000
  16770     7.80    -22.45  1.00000
  16771     7.80    -22.40  1.00000
  16772     7.80    -22.35  1.00000
  16773     7.80    -22.30  1.00000
  16774     7.80    -22.25  1.00000
  16775     7.80    -22.20  1.00000
  16776     7.80    -22.15  1.00000
  16777     7.80    -22.10  1.00000
  16778     7.80    -22.05  1.00000
  16779     7.80    -22.00  1.00000
  16780     7.80    -21.95  1.00000
  16781     7.80    -21.90  1.00000
  16782     7.80    -21.85  1.00000
  16783     7.80    -21.80  1.00000
  16784     7.80    -21.75  1.00000
  16785     7.80    -21.70  1.00000
  16786     7.80    -21.65  1.00000
  16787     7.80    -21.60  1.00000
  16788     7.80    -21.55  1.00000
  16789     7.80    -21.50  1.00000
  16790     7.80    -21.45  1.00000
  16791     7.80    -21.40  1.00000
  16792     7.80    -21.35  1.00000
  16793     7.80    -21.30  1.00000
  16794     7.80    -21.25  1.00000
  16795     7.80    -21.20  1.00000
  16796     7.80    -21.15  1.00000
  16797     7.80    -21.10  1.00000
  16798     7.80    -21.05  1.00000
  16799     7.80    -21.00  1.00000
  16800     7.80    -20.95  1.00000
  16801     7.80    -20.90  1.00000
  16802     7.80    -20.85  1.00000
  16803     7.80    -20.80  1.00000
  16804     7.80    -20.75  1.00000
  16805     7.80    -20.70  1.00000
  16806     7.80    -20.65  1.00000
  16807     7.80    -20.60  1.00000
  16808     7.80    -20.55  1.00000
  16809     7.80    -20.50  1.00000
  16810     7.80    -20.45  1.00000
  16811     7.80    -20.40  1.00000
  16812     7.80    -20.35  1.00000
  16813     7.80    -20.30  1.00000
  16814     7.80    -20.25  1.00000
  16815     7.80    -20.20  1.00000
  16816     7.80    -20.15  1.00000
  16817     7.80    -20.10  1.00000
  16818     7.80    -20.05  1.00000
  16819     7.80    -20.00  1.00000
  16820     7.80    -19.95  1.00000
  16821     7.80    -19.90  1.00000
  16822     7.80    -19.85  1.00000
  16823     7.80    -19.80  1.00000
  16824     7.80    -19.75  1.00000
  16825     7.80    -19.70  1.00000
  16826     7.80    -19.65  1.00000
  16827     7.80    -19.60  1.00000
  16828     7.80    -19.55  1.00000
  16829     7.80    -19.50  1.00000
  16830     7.80    -19.45  1.00000
  16831     7.80    -19.40  1.00000
  16832     7.80    -19.35  1.00000
  16833     7.80    -19.30  1.00000
  16834     7.80    -19.25  1.00000
  16835     7.80    -19.20  1.00000
  16836     7.80    -19.15  1.00000
  16837     7.80    -19.10  1.00000
  16838     7.80    -19.05  1.00000
  16839     7.80    -19.00  1.00000
  16840     7.80    -18.95  1.00000
  16841     7.80    -18.90  1.00000
  16842     7.80    -18.85  1.00000
  16843     7.80    -18.80  1.00000
  16844     7.80    -18.75  1.00000
  16845     7.80    -18.70  1.00000
  16846     7.80    -18.65  1.00000
  16847     7.80    -18.60  1.00000
  16848     7.80    -18.55  1.00000
  16849     7.80    -18.50  1.00000
  16850     7.80    -18.45  1.00000
  16851     7.80    -18.40  1.00000
  16852     7.80    -18.35  1.00000
  16853     7.80    -18.30  1.00000
  16854     7.80    -18.25  1.00000
  16855     7.80    -18.20  1.00000
  16856     7.80    -18.15  1.00000
  16857     7.80    -18.10  1.00000
  16858     7.80    -18.05  1.00000
  16859     7.80    -18.00  1.00000
  16860     7.80    -17.95  1.00000
  16861     7.80    -17.90  1.00000
  16862     7.80    -17.85  1.00000
  16863     7.80    -17.80  1.00000
  16864     7.80    -17.75  1.00000
  16865     7.80    -17.70  1.00000
  16866     7.80    -17.65  1.00000
  16867     7.80    -17.60  1.00000
  16868     7.80    -17.55  1.00000
  16869     7.80    -17.50  1.00000
  16870     7.80    -17.45  1.00000
  16871     7.80    -17.40  1.00000
  16872     7.80    -17.35  1.00000
  16873     7.80    -17.30  1.00000
  16874     7.80    -17.25  1.00000
  16875     7.80    -17.20  1.00000
  16876     7.80    -17.15  1.00000
  16877     7.80    -17.10  1.00000
  16878     7.80    -17.05  1.00000
  16879     7.80    -17.00  1.00000
  16880     7.80    -16.95  1.00000
  16881     7.80    -16.90  1.00000
  16882     7.80    -16.85  1.00000
  16883     7.80    -16.80  1.00000
  16884     7.80    -16.75  1.00000
  16885     7.80    -16.70  1.00000
  16886     7.80    -16.65  1.00000
  16887     7.80    -16.60  1.00000
  16888     7.80    -16.55  1.00000
  16889     7.80    -16.50  1.00000
  16890     7.80    -16.45  1.00000
  16891     7.80    -16.40  1.00000
  16892     7.80    -16.35  1.00000
  16893     7.80    -16.30  1.00000
  16894     7.80    -16.25  1.00000
  16895     7.80    -16.20  1.00000
  16896     7.80    -16.15  1.00000
  16897     7.80    -16.10  1.00000
  16898     7.80    -16.05  1.00000
  16899     7.80    -16.00  1.00000
  16900     7.80    -15.95  1.00000
  16901     7.80    -15.90  1.00000
  16902     7.80    -15.85  1.00000
  16903     7.80    -15.80  1.00000
  16904     7.80    -15.75  1.00000
  16905     7.80    -15.70  1.00000
  16906     7.80    -15.65  1.00000
  16907     7.80    -15.60  1.00000
  16908     7.80    -15.55  1.00000
  16909     7.80    -15.50  1.00000
  16910     7.80    -15.45  1.00000
  16911     7.80    -15.40  1.00000
  16912     7.80    -15.35  1.00000
  16913     7.85    -22.85  1.00000
  16914     7.85    -22.80  1.00000
  16915     7.85    -22.75  1.00000
  16916     7.85    -22.70  1.00000
  16917     7.85    -22.65  1.00000
  16918     7.85    -22.60  1.00000
  16919     7.85    -22.55  1.00000
  16920     7.85    -22.50  1.00000
  16921     7.85    -22.45  1.00000
  16922     7.85    -22.40  1.00000
  16923     7.85    -22.35  1.00000
  16924     7.85    -22.30  1.00000
  16925     7.85    -22.25  1.00000
  16926     7.85    -22.20  1.00000
  16927     7.85    -22.15  1.00000
  16928     7.85    -22.10  1.00000
  16929     7.85    -22.05  1.00000
  16930     7.85    -22.00  1.00000
  16931     7.85    -21.95  1.00000
  16932     7.85    -21.90  1.00000
  16933     7.85    -21.85  1.00000
  16934     7.85    -21.80  1.00000
  16935     7.85    -21.75  1.00000
  16936     7.85    -21.70  1.00000
  16937     7.85    -21.65  1.00000
  16938     7.85    -21.60  1.00000
  16939     7.85    -21.55  1.00000
  16940     7.85    -21.50  1.00000
  16941     7.85    -21.45  1.00000
  16942     7.85    -21.40  1.00000
  16943     7.85    -21.35  1.00000
  16944     7.85    -21.30  1.00000
  16945     7.85    -21.25  1.00000
  16946     7.85    -21.20  1.00000
  16947     7.85    -21.15  1.00000
  16948     7.85    -21.10  1.00000
  16949     7.85    -21.05  1.00000
  16950     7.85    -21.00  1.00000
  16951     7.85    -20.95  1.00000
  16952     7.85    -20.90  1.00000
  16953     7.85    -20.85  1.00000
  16954     7.85    -20.80  1.00000
  16955     7.85    -20.75  1.00000
  16956     7.85    -20.70  1.00000
  16957     7.85    -20.65  1.00000
  16958     7.85    -20.60  1.00000
  16959     7.85    -20.55  1.00000
  16960     7.85    -20.50  1.00000
  16961     7.85    -20.45  1.00000
  16962     7.85    -20.40  1.00000
  16963     7.85    -20.35  1.00000
  16964     7.85    -20.30  1.00000
  16965     7.85    -20.25  1.00000
  16966     7.85    -20.20  1.00000
  16967     7.85    -20.15  1.00000
  16968     7.85    -20.10  1.00000
  16969     7.85    -20.05  1.00000
  16970     7.85    -20.00  1.00000
  16971     7.85    -19.95  1.00000
  16972     7.85    -19.90  1.00000
  16973     7.85    -19.85  1.00000
  16974     7.85    -19.80  1.00000
  16975     7.85    -19.75  1.00000
  16976     7.85    -19.70  1.00000
  16977     7.85    -19.65  1.00000
  16978     7.85    -19.60  1.00000
  16979     7.85    -19.55  1.00000
  16980     7.85    -19.50  1.00000
  16981     7.85    -19.45  1.00000
  16982     7.85    -19.40  1.00000
  16983     7.85    -19.35  1.00000
  16984     7.85    -19.30  1.00000
  16985     7.85    -19.25  1.00000
  16986     7.85    -19.20  1.00000
  16987     7.85    -19.15  1.00000
  16988     7.85    -19.10  1.00000
  16989     7.85    -19.05  1.00000
  16990     7.85    -19.00  1.00000
  16991     7.85    -18.95  1.00000
  16992     7.85    -18.90  1.00000
  16993     7.85    -18.85  1.00000
  16994     7.85    -18.80  1.00000
  16995     7.85    -18.75  1.00000
  16996     7.85    -18.70  1.00000
  16997     7.85    -18.65  1.00000
  16998     7.85    -18.60  1.00000
  16999     7.85    -18.55  1.00000
  17000     7.85    -18.50  1.00000
  17001     7.85    -18.45  1.00000
  17002     7.85    -18.40  1.00000
  17003     7.85    -18.35  1.00000
  17004     7.85    -18.30  1.00000
  17005     7.85    -18.25  1.00000
  17006     7.85    -18.20  1.00000
  17007     7.85    -18.15  1.00000
  17008     7.85    -18.10  1.00000
  17009     7.85    -18.05  1.00000
  17010     7.85    -18.00  1.00000
  17011     7.85    -17.95  1.00000
  17012     7.85    -17.90  1.00000
  17013     7.85    -17.85  1.00000
  17014     7.85    -17.80  1.00000
  17015     7.85    -17.75  1.00000
  17016     7.85    -17.70  1.00000
  17017     7.85    -17.65  1.00000
  17018     7.85    -17.60  1.00000
  17019     7.85    -17.55  1.00000
  17020     7.85    -17.50  1.00000
  17021     7.85    -17.45  1.00000
  17022     7.85    -17.40  1.00000
  17023     7.85    -17.35  1.00000
  17024     7.85    -17.30  1.00000
  17025     7.85    -17.25  1.00000
  17026     7.85    -17.20  1.00000
  17027     7.85    -17.15  1.00000
  17028     7.85    -17.10  1.00000
  17029     7.85    -17.05  1.00000
  17030     7.85    -17.00  1.00000
  17031     7.85    -16.95  1.00000
  17032     7.85    -16.90  1.00000
  17033     7.85    -16.85  1.00000
  17034     7.85    -16.80  1.00000
  17035     7.85    -16.75  1.00000
  17036     7.85    -16.70  1.00000
  17037     7.85    -16.65  1.00000
  17038     7.85    -16.60  1.00000
  17039     7.85    -16.55  1.00000
  17040     7.85    -16.50  1.00000
  17041     7.85    -16.45  1.00000
  17042     7.85    -16.40  1.00000
  17043     7.85    -16.35  1.00000
  17044     7.85    -16.30  1.00000
  17045     7.85    -16.25  1.00000
  17046     7.85    -16.20  1.00000
  17047     7.85    -16.15  1.00000
  17048     7.85    -16.10  1.00000
  17049     7.85    -16.05  1.00000
  17050     7.85    -16.00  1.00000
  17051     7.85    -15.95  1.00000
  17052     7.85    -15.90  1.00000
  17053     7.85    -15.85  1.00000
  17054     7.85    -15.80  1.00000
  17055     7.85    -15.75  1.00000
  17056     7.85    -15.70  1.00000
  17057     7.85    -15.65  1.00000
  17058     7.85    -15.60  1.00000
  17059     7.85    -15.55  1.00000
  17060     7.85    -15.50  1.00000
  17061     7.85    -15.45  1.00000
  17062     7.85    -15.40  1.00000
  17063     7.85    -15.35  1.00000
  17064     7.90    -22.85  1.00000
  17065     7.90    -22.80  1.00000
  17066     7.90    -22.75  1.00000
  17067     7.90    -22.70  1.00000
  17068     7.90    -22.65  1.00000
  17069     7.90    -22.60  1.00000
  17070     7.90    -22.55  1.00000
  17071     7.90    -22.50  1.00000
  17072     7.90    -22.45  1.00000
  17073     7.90    -22.40  1.00000
  17074     7.90    -22.35  1.00000
  17075     7.90    -22.30  1.00000
  17076     7.90    -22.25  1.00000
  17077     7.90    -22.20  1.00000
  17078     7.90    -22.15  1.00000
  17079     7.90    -22.10  1.00000
  17080     7.90    -22.05  1.00000
  17081     7.90    -22.00  1.00000
  17082     7.90    -21.95  1.00000
  17083     7.90    -21.90  1.00000
  17084     7.90    -21.85  1.00000
  17085     7.90    -21.80  1.00000
  17086     7.90    -21.75  1.00000
  17087     7.90    -21.70  1.00000
  17088     7.90    -21.65  1.00000
  17089     7.90    -21.60  1.00000
  17090     7.90    -21.55  1.00000
  17091     7.90    -21.50  1.00000
  17092     7.90    -21.45  1.00000
  17093     7.90    -21.40  1.00000
  17094     7.90    -21.35  1.00000
  17095     7.90    -21.30  1.00000
  17096     7.90    -21.25  1.00000
  17097     7.90    -21.20  1.00000
  17098     7.90    -21.15  1.00000
  17099     7.90    -21.10  1.00000
  17100     7.90    -21.05  1.00000
  17101     7.90    -21.00  1.00000
  17102     7.90    -20.95  1.00000
  17103     7.90    -20.90  1.00000
  17104     7.90    -20.85  1.00000
  17105     7.90    -20.80  1.00000
  17106     7.90    -20.75  1.00000
  17107     7.90    -20.70  1.00000
  17108     7.90    -20.65  1.00000
  17109     7.90    -20.60  1.00000
  17110     7.90    -20.55  1.00000
  17111     7.90    -20.50  1.00000
  17112     7.90    -20.45  1.00000
  17113     7.90    -20.40  1.00000
  17114     7.90    -20.35  1.00000
  17115     7.90    -20.30  1.00000
  17116     7.90    -20.25  1.00000
  17117     7.90    -20.20  1.00000
  17118     7.90    -20.15  1.00000
  17119     7.90    -20.10  1.00000
  17120     7.90    -20.05  1.00000
  17121     7.90    -20.00  1.00000
  17122     7.90    -19.95  1.00000
  17123     7.90    -19.90  1.00000
  17124     7.90    -19.85  1.00000
  17125     7.90    -19.80  1.00000
  17126     7.90    -19.75  1.00000
  17127     7.90    -19.70  1.00000
  17128     7.90    -19.65  1.00000
  17129     7.90    -19.60  1.00000
  17130     7.90    -19.55  1.00000
  17131     7.90    -19.50  1.00000
  17132     7.90    -19.45  1.00000
  17133     7.90    -19.40  1.00000
  17134     7.90    -19.35  1.00000
  17135     7.90    -19.30  1.00000
  17136     7.90    -19.25  1.00000
  17137     7.90    -19.20  1.00000
  17138     7.90    -19.15  1.00000
  17139     7.90    -19.10  1.00000
  17140     7.90    -19.05  1.00000
  17141     7.90    -19.00  1.00000
  17142     7.90    -18.95  1.00000
  17143     7.90    -18.90  1.00000
  17144     7.90    -18.85  1.00000
  17145     7.90    -18.80  1.00000
  17146     7.90    -18.75  1.00000
  17147     7.90    -18.70  1.00000
  17148     7.90    -18.65  1.00000
  17149     7.90    -18.60  1.00000
  17150     7.90    -18.55  1.00000
  17151     7.90    -18.50  1.00000
  17152     7.90    -18.45  1.00000
  17153     7.90    -18.40  1.00000
  17154     7.90    -18.35  1.00000
  17155     7.90    -18.30  1.00000
  17156     7.90    -18.25  1.00000
  17157     7.90    -18.20  1.00000
  17158     7.90    -18.15  1.00000
  17159     7.90    -18.10  1.00000
  17160     7.90    -18.05  1.00000
  17161     7.90    -18.00  1.00000
  17162     7.90    -17.95  1.00000
  17163     7.90    -17.90  1.00000
  17164     7.90    -17.85  1.00000
  17165     7.90    -17.80  1.00000
  17166     7.90    -17.75  1.00000
  17167     7.90    -17.70  1.00000
  17168     7.90    -17.65  1.00000
  17169     7.90    -17.60  1.00000
  17170     7.90    -17.55  1.00000
  17171     7.90    -17.50  1.00000
  17172     7.90    -17.45  1.00000
  17173     7.90    -17.40  1.00000
  17174     7.90    -17.35  1.00000
  17175     7.90    -17.30  1.00000
  17176     7.90    -17.25  1.00000
  17177     7.90    -17.20  1.00000
  17178     7.90    -17.15  1.00000
  17179     7.90    -17.10  1.00000
  17180     7.90    -17.05  1.00000
  17181     7.90    -17.00  1.00000
  17182     7.90    -16.95  1.00000
  17183     7.90    -16.90  1.00000
  17184     7.90    -16.85  1.00000
  17185     7.90    -16.80  1.00000
  17186     7.90    -16.75  1.00000
  17187     7.90    -16.70  1.00000
  17188     7.90    -16.65  1.00000
  17189     7.90    -16.60  1.00000
  17190     7.90    -16.55  1.00000
  17191     7.90    -16.50  1.00000
  17192     7.90    -16.45  1.00000
  17193     7.90    -16.40  1.00000
  17194     7.90    -16.35  1.00000
  17195     7.90    -16.30  1.00000
  17196     7.90    -16.25  1.00000
  17197     7.90    -16.20  1.00000
  17198     7.90    -16.15  1.00000
  17199     7.90    -16.10  1.00000
  17200     7.90    -16.05  1.00000
  17201     7.90    -16.00  1.00000
  17202     7.90    -15.95  1.00000
  17203     7.90    -15.90  1.00000
  17204     7.90    -15.85  1.00000
  17205     7.90    -15.80  1.00000
  17206     7.90    -15.75  1.00000
  17207     7.90    -15.70  1.00000
  17208     7.90    -15.65  1.00000
  17209     7.90    -15.60  1.00000
  17210     7.90    -15.55  1.00000
  17211     7.90    -15.50  1.00000
  17212     7.90    -15.45  1.00000
  17213     7.90    -15.40  1.00000
  17214     7.90    -15.35  1.00000
  17215     7.95    -22.85  1.00000
  17216     7.95    -22.80  1.00000
  17217     7.95    -22.75  1.00000
  17218     7.95    -22.70  1.00000
  17219     7.95    -22.65  1.00000
  17220     7.95    -22.60  1.00000
  17221     7.95    -22.55  1.00000
  17222     7.95    -22.50  1.00000
  17223     7.95    -22.45  1.00000
  17224     7.95    -22.40  1.00000
  17225     7.95    -22.35  1.00000
  17226     7.95    -22.30  1.00000
  17227     7.95    -22.25  1.00000
  17228     7.95    -22.20  1.00000
  17229     7.95    -22.15  1.00000
  17230     7.95    -22.10  1.00000
  17231     7.95    -22.05  1.00000
  17232     7.95    -22.00  1.00000
  17233     7.95    -21.95  1.00000
  17234     7.95    -21.90  1.00000
  17235     7.95    -21.85  1.00000
  17236     7.95    -21.80  1.00000
  17237     7.95    -21.75  1.00000
  17238     7.95    -21.70  1.00000
  17239     7.95    -21.65  1.00000
  17240     7.95    -21.60  1.00000
  17241     7.95    -21.55  1.00000
  17242     7.95    -21.50  1.00000
  17243     7.95    -21.45  1.00000
  17244     7.95    -21.40  1.00000
  17245     7.95    -21.35  1.00000
  17246     7.95    -21.30  1.00000
  17247     7.95    -21.25  1.00000
  17248     7.95    -21.20  1.00000
  17249     7.95    -21.15  1.00000
  17250     7.95    -21.10  1.00000
  17251     7.95    -21.05  1.00000
  17252     7.95    -21.00  1.00000
  17253     7.95    -20.95  1.00000
  17254     7.95    -20.90  1.00000
  17255     7.95    -20.85  1.00000
  17256     7.95    -20.80  1.00000
  17257     7.95    -20.75  1.00000
  17258     7.95    -20.70  1.00000
  17259     7.95    -20.65  1.00000
  17260     7.95    -20.60  1.00000
  17261     7.95    -20.55  1.00000
  17262     7.95    -20.50  1.00000
  17263     7.95    -20.45  1.00000
  17264     7.95    -20.40  1.00000
  17265     7.95    -20.35  1.00000
  17266     7.95    -20.30  1.00000
  17267     7.95    -20.25  1.00000
  17268     7.95    -20.20  1.00000
  17269     7.95    -20.15  1.00000
  17270     7.95    -20.10  1.00000
  17271     7.95    -20.05  1.00000
  17272     7.95    -20.00  1.00000
  17273     7.95    -19.95  1.00000
  17274     7.95    -19.90  1.00000
  17275     7.95    -19.85  1.00000
  17276     7.95    -19.80  1.00000
  17277     7.95    -19.75  1.00000
  17278     7.95    -19.70  1.00000
  17279     7.95    -19.65  1.00000
  17280     7.95    -19.60  1.00000
  17281     7.95    -19.55  1.00000
  17282     7.95    -19.50  1.00000
  17283     7.95    -19.45  1.00000
  17284     7.95    -19.40  1.00000
  17285     7.95    -19.35  1.00000
  17286     7.95    -19.30  1.00000
  17287     7.95    -19.25  1.00000
  17288     7.95    -19.20  1.00000
  17289     7.95    -19.15  1.00000
  17290     7.95    -19.10  1.00000
  17291     7.95    -19.05  1.00000
  17292     7.95    -19.00  1.00000
  17293     7.95    -18.95  1.00000
  17294     7.95    -18.90  1.00000
  17295     7.95    -18.85  1.00000
  17296     7.95    -18.80  1.00000
  17297     7.95    -18.75  1.00000
  17298     7.95    -18.70  1.00000
  17299     7.95    -18.65  1.00000
  17300     7.95    -18.60  1.00000
  17301     7.95    -18.55  1.00000
  17302     7.95    -18.50  1.00000
  17303     7.95    -18.45  1.00000
  17304     7.95    -18.40  1.00000
  17305     7.95    -18.35  1.00000
  17306     7.95    -18.30  1.00000
  17307     7.95    -18.25  1.00000
  17308     7.95    -18.20  1.00000
  17309     7.95    -18.15  1.00000
  17310     7.95    -18.10  1.00000
  17311     7.95    -18.05  1.00000
  17312     7.95    -18.00  1.00000
  17313     7.95    -17.95  1.00000
  17314     7.95    -17.90  1.00000
  17315     7.95    -17.85  1.00000
  17316     7.95    -17.80  1.00000
  17317     7.95    -17.75  1.00000
  17318     7.95    -17.70  1.00000
  17319     7.95    -17.65  1.00000
  17320     7.95    -17.60  1.00000
  17321     7.95    -17.55  1.00000
  17322     7.95    -17.50  1.00000
  17323     7.95    -17.45  1.00000
  17324     7.95    -17.40  1.00000
  17325     7.95    -17.35  1.00000
  17326     7.95    -17.30  1.00000
  17327     7.95    -17.25  1.00000
  17328     7.95    -17.20  1.00000
  17329     7.95    -17.15  1.00000
  17330     7.95    -17.10  1.00000
  17331     7.95    -17.05  1.00000
  17332     7.95    -17.00  1.00000
  17333     7.95    -16.95  1.00000
  17334     7.95    -16.90  1.00000
  17335     7.95    -16.85  1.00000
  17336     7.95    -16.80  1.00000
  17337     7.95    -16.75  1.00000
  17338     7.95    -16.70  1.00000
  17339     7.95    -16.65  1.00000
  17340     7.95    -16.60  1.00000
  17341     7.95    -16.55  1.00000
  17342     7.95    -16.50  1.00000
  17343     7.95    -16.45  1.00000
  17344     7.95    -16.40  1.00000
  17345     7.95    -16.35  1.00000
  17346     7.95    -16.30  1.00000
  17347     7.95    -16.25  1.00000
  17348     7.95    -16.20  1.00000
  17349     7.95    -16.15  1.00000
  17350     7.95    -16.10  1.00000
  17351     7.95    -16.05  1.00000
  17352     7.95    -16.00  1.00000
  17353     7.95    -15.95  1.00000
  17354     7.95    -15.90  1.00000
  17355     7.95    -15.85  1.00000
  17356     7.95    -15.80  1.00000
  17357     7.95    -15.75  1.00000
  17358     7.95    -15.70  1.00000
  17359     7.95    -15.65  1.00000
  17360     7.95    -15.60  1.00000
  17361     7.95    -15.55  1.00000
  17362     7.95    -15.50  1.00000
  17363     7.95    -15.45  1.00000
  17364     7.95    -15.40  1.00000
  17365     7.95    -15.35  1.00000
  17366     8.00    -22.85  1.00000
  17367     8.00    -22.80  1.00000
  17368     8.00    -22.75  1.00000
  17369     8.00    -22.70  1.00000
  17370     8.00    -22.65  1.00000
  17371     8.00    -22.60  1.00000
  17372     8.00    -22.55  1.00000
  17373     8.00    -22.50  1.00000
  17374     8.00    -22.45  1.00000
  17375     8.00    -22.40  1.00000
  17376     8.00    -22.35  1.00000
  17377     8.00    -22.30  1.00000
  17378     8.00    -22.25  1.00000
  17379     8.00    -22.20  1.00000
  17380     8.00    -22.15  1.00000
  17381     8.00    -22.10  1.00000
  17382     8.00    -22.05  1.00000
  17383     8.00    -22.00  1.00000
  17384     8.00    -21.95  1.00000
  17385     8.00    -21.90  1.00000
  17386     8.00    -21.85  1.00000
  17387     8.00    -21.80  1.00000
  17388     8.00    -21.75  1.00000
  17389     8.00    -21.70  1.00000
  17390     8.00    -21.65  1.00000
  17391     8.00    -21.60  1.00000
  17392     8.00    -21.55  1.00000
  17393     8.00    -21.50  1.00000
  17394     8.00    -21.45  1.00000
  17395     8.00    -21.40  1.00000
  17396     8.00    -21.35  1.00000
  17397     8.00    -21.30  1.00000
  17398     8.00    -21.25  1.00000
  17399     8.00    -21.20  1.00000
  17400     8.00    -21.15  1.00000
  17401     8.00    -21.10  1.00000
  17402     8.00    -21.05  1.00000
  17403     8.00    -21.00  1.00000
  17404     8.00    -20.95  1.00000
  17405     8.00    -20.90  1.00000
  17406     8.00    -20.85  1.00000
  17407     8.00    -20.80  1.00000
  17408     8.00    -20.75  1.00000
  17409     8.00    -20.70  1.00000
  17410     8.00    -20.65  1.00000
  17411     8.00    -20.60  1.00000
  17412     8.00    -20.55  1.00000
  17413     8.00    -20.50  1.00000
  17414     8.00    -20.45  1.00000
  17415     8.00    -20.40  1.00000
  17416     8.00    -20.35  1.00000
  17417     8.00    -20.30  1.00000
  17418     8.00    -20.25  1.00000
  17419     8.00    -20.20  1.00000
  17420     8.00    -20.15  1.00000
  17421     8.00    -20.10  1.00000
  17422     8.00    -20.05  1.00000
  17423     8.00    -20.00  1.00000
  17424     8.00    -19.95  1.00000
  17425     8.00    -19.90  1.00000
  17426     8.00    -19.85  1.00000
  17427     8.00    -19.80  1.00000
  17428     8.00    -19.75  1.00000
  17429     8.00    -19.70  1.00000
  17430     8.00    -19.65  1.00000
  17431     8.00    -19.60  1.00000
  17432     8.00    -19.55  1.00000
  17433     8.00    -19.50  1.00000
  17434     8.00    -19.45  1.00000
  17435     8.00    -19.40  1.00000
  17436     8.00    -19.35  1.00000
  17437     8.00    -19.30  1.00000
  17438     8.00    -19.25  1.00000
  17439     8.00    -19.20  1.00000
  17440     8.00    -19.15  1.00000
  17441     8.00    -19.10  1.00000
  17442     8.00    -19.05  1.00000
  17443     8.00    -19.00  1.00000
  17444     8.00    -18.95  1.00000
  17445     8.00    -18.90  1.00000
  17446     8.00    -18.85  1.00000
  17447     8.00    -18.80  1.00000
  17448     8.00    -18.75  1.00000
  17449     8.00    -18.70  1.00000
  17450     8.00    -18.65  1.00000
  17451     8.00    -18.60  1.00000
  17452     8.00    -18.55  1.00000
  17453     8.00    -18.50  1.00000
  17454     8.00    -18.45  1.00000
  17455     8.00    -18.40  1.00000
  17456     8.00    -18.35  1.00000
  17457     8.00    -18.30  1.00000
  17458     8.00    -18.25  1.00000
  17459     8.00    -18.20  1.00000
  17460     8.00    -18.15  1.00000
  17461     8.00    -18.10  1.00000
  17462     8.00    -18.05  1.00000
  17463     8.00    -18.00  1.00000
  17464     8.00    -17.95  1.00000
  17465     8.00    -17.90  1.00000
  17466     8.00    -17.85  1.00000
  17467     8.00    -17.80  1.00000
  17468     8.00    -17.75  1.00000
  17469     8.00    -17.70  1.00000
  17470     8.00    -17.65  1.00000
  17471     8.00    -17.60  1.00000
  17472     8.00    -17.55  1.00000
  17473     8.00    -17.50  1.00000
  17474     8.00    -17.45  1.00000
  17475     8.00    -17.40  1.00000
  17476     8.00    -17.35  1.00000
  17477     8.00    -17.30  1.00000
  17478     8.00    -17.25  1.00000
  17479     8.00    -17.20  1.00000
  17480     8.00    -17.15  1.00000
  17481     8.00    -17.10  1.00000
  17482     8.00    -17.05  1.00000
  17483     8.00    -17.00  1.00000
  17484     8.00    -16.95  1.00000
  17485     8.00    -16.90  1.00000
  17486     8.00    -16.85  1.00000
  17487     8.00    -16.80  1.00000
  17488     8.00    -16.75  1.00000
  17489     8.00    -16.70  1.00000
  17490     8.00    -16.65  1.00000
  17491     8.00    -16.60  1.00000
  17492     8.00    -16.55  1.00000
  17493     8.00    -16.50  1.00000
  17494     8.00    -16.45  1.00000
  17495     8.00    -16.40  1.00000
  17496     8.00    -16.35  1.00000
  17497     8.00    -16.30  1.00000
  17498     8.00    -16.25  1.00000
  17499     8.00    -16.20  1.00000
  17500     8.00    -16.15  1.00000
  17501     8.00    -16.10  1.00000
  17502     8.00    -16.05  1.00000
  17503     8.00    -16.00  1.00000
  17504     8.00    -15.95  1.00000
  17505     8.00    -15.90  1.00000
  17506     8.00    -15.85  1.00000
  17507     8.00    -15.80  1.00000
  17508     8.00    -15.75  1.00000
  17509     8.00    -15.70  1.00000
  17510     8.00    -15.65  1.00000
  17511     8.00    -15.60  1.00000
  17512     8.00    -15.55  1.00000
  17513     8.00    -15.50  1.00000
  17514     8.00    -15.45  1.00000
  17515     8.00    -15.40  1.00000
  17516     8.00    -15.35  1.00000
  17517     8.05    -22.85  1.00000
  17518     8.05    -22.80  1.00000
  17519     8.05    -22.75  1.00000
  17520     8.05    -22.70  1.00000
  17521     8.05    -22.65  1.00000
  17522     8.05    -22.60  1.00000
  17523     8.05    -22.55  1.00000
  17524     8.05    -22.50  1.00000
  17525     8.05    -22.45  1.00000
  17526     8.05    -22.40  1.00000
  17527     8.05    -22.35  1.00000
  17528     8.05    -22.30  1.00000
  17529     8.05    -22.25  1.00000
  17530     8.05    -22.20  1.00000
  17531     8.05    -22.15  1.00000
  17532     8.05    -22.10  1.00000
  17533     8.05    -22.05  1.00000
  17534     8.05    -22.00  1.00000
  17535     8.05    -21.95  1.00000
  17536     8.05    -21.90  1.00000
  17537     8.05    -21.85  1.00000
  17538     8.05    -21.80  1.00000
  17539     8.05    -21.75  1.00000
  17540     8.05    -21.70  1.00000
  17541     8.05    -21.65  1.00000
  17542     8.05    -21.60  1.00000
  17543     8.05    -21.55  1.00000
  17544     8.05    -21.50  1.00000
  17545     8.05    -21.45  1.00000
  17546     8.05    -21.40  1.00000
  17547     8.05    -21.35  1.00000
  17548     8.05    -21.30  1.00000
  17549     8.05    -21.25  1.00000
  17550     8.05    -21.20  1.00000
  17551     8.05    -21.15  1.00000
  17552     8.05    -21.10  1.00000
  17553     8.05    -21.05  1.00000
  17554     8.05    -21.00  1.00000
  17555     8.05    -20.95  1.00000
  17556     8.05    -20.90  1.00000
  17557     8.05    -20.85  1.00000
  17558     8.05    -20.80  1.00000
  17559     8.05    -20.75  1.00000
  17560     8.05    -20.70  1.00000
  17561     8.05    -20.65  1.00000
  17562     8.05    -20.60  1.00000
  17563     8.05    -20.55  1.00000
  17564     8.05    -20.50  1.00000
  17565     8.05    -20.45  1.00000
  17566     8.05    -20.40  1.00000
  17567     8.05    -20.35  1.00000
  17568     8.05    -20.30  1.00000
  17569     8.05    -20.25  1.00000
  17570     8.05    -20.20  1.00000
  17571     8.05    -20.15  1.00000
  17572     8.05    -20.10  1.00000
  17573     8.05    -20.05  1.00000
  17574     8.05    -20.00  1.00000
  17575     8.05    -19.95  1.00000
  17576     8.05    -19.90  1.00000
  17577     8.05    -19.85  1.00000
  17578     8.05    -19.80  1.00000
  17579     8.05    -19.75  1.00000
  17580     8.05    -19.70  1.00000
  17581     8.05    -19.65  1.00000
  17582     8.05    -19.60  1.00000
  17583     8.05    -19.55  1.00000
  17584     8.05    -19.50  1.00000
  17585     8.05    -19.45  1.00000
  17586     8.05    -19.40  1.00000
  17587     8.05    -19.35  1.00000
  17588     8.05    -19.30  1.00000
  17589     8.05    -19.25  1.00000
  17590     8.05    -19.20  1.00000
  17591     8.05    -19.15  1.00000
  17592     8.05    -19.10  1.00000
  17593     8.05    -19.05  1.00000
  17594     8.05    -19.00  1.00000
  17595     8.05    -18.95  1.00000
  17596     8.05    -18.90  1.00000
  17597     8.05    -18.85  1.00000
  17598     8.05    -18.80  1.00000
  17599     8.05    -18.75  1.00000
  17600     8.05    -18.70  1.00000
  17601     8.05    -18.65  1.00000
  17602     8.05    -18.60  1.00000
  17603     8.05    -18.55  1.00000
  17604     8.05    -18.50  1.00000
  17605     8.05    -18.45  1.00000
  17606     8.05    -18.40  1.00000
  17607     8.05    -18.35  1.00000
  17608     8.05    -18.30  1.00000
  17609     8.05    -18.25  1.00000
  17610     8.05    -18.20  1.00000
  17611     8.05    -18.15  1.00000
  17612     8.05    -18.10  1.00000
  17613     8.05    -18.05  1.00000
  17614     8.05    -18.00  1.00000
  17615     8.05    -17.95  1.00000
  17616     8.05    -17.90  1.00000
  17617     8.05    -17.85  1.00000
  17618     8.05    -17.80  1.00000
  17619     8.05    -17.75  1.00000
  17620     8.05    -17.70  1.00000
  17621     8.05    -17.65  1.00000
  17622     8.05    -17.60  1.00000
  17623     8.05    -17.55  1.00000
  17624     8.05    -17.50  1.00000
  17625     8.05    -17.45  1.00000
  17626     8.05    -17.40  1.00000
  17627     8.05    -17.35  1.00000
  17628     8.05    -17.30  1.00000
  17629     8.05    -17.25  1.00000
  17630     8.05    -17.20  1.00000
  17631     8.05    -17.15  1.00000
  17632     8.05    -17.10  1.00000
  17633     8.05    -17.05  1.00000
  17634     8.05    -17.00  1.00000
  17635     8.05    -16.95  1.00000
  17636     8.05    -16.90  1.00000
  17637     8.05    -16.85  1.00000
  17638     8.05    -16.80  1.00000
  17639     8.05    -16.75  1.00000
  17640     8.05    -16.70  1.00000
  17641     8.05    -16.65  1.00000
  17642     8.05    -16.60  1.00000
  17643     8.05    -16.55  1.00000
  17644     8.05    -16.50  1.00000
  17645     8.05    -16.45  1.00000
  17646     8.05    -16.40  1.00000
  17647     8.05    -16.35  1.00000
  17648     8.05    -16.30  1.00000
  17649     8.05    -16.25  1.00000
  17650     8.05    -16.20  1.00000
  17651     8.05    -16.15  1.00000
  17652     8.05    -16.10  1.00000
  17653     8.05    -16.05  1.00000
  17654     8.05    -16.00  1.00000
  17655     8.05    -15.95  1.00000
  17656     8.05    -15.90  1.00000
  17657     8.05    -15.85  1.00000
  17658     8.05    -15.80  1.00000
  17659     8.05    -15.75  1.00000
  17660     8.05    -15.70  1.00000
  17661     8.05    -15.65  1.00000
  17662     8.05    -15.60  1.00000
  17663     8.05    -15.55  1.00000
  17664     8.05    -15.50  1.00000
  17665     8.05    -15.45  1.00000
  17666     8.05    -15.40  1.00000
  17667     8.05    -15.35  1.00000
  17668     8.10    -22.85  1.00000
  17669     8.10    -22.80  1.00000
  17670     8.10    -22.75  1.00000
  17671     8.10    -22.70  1.00000
  17672     8.10    -22.65  1.00000
  17673     8.10    -22.60  1.00000
  17674     8.10    -22.55  1.00000
  17675     8.10    -22.50  1.00000
  17676     8.10    -22.45  1.00000
  17677     8.10    -22.40  1.00000
  17678     8.10    -22.35  1.00000
  17679     8.10    -22.30  1.00000
  17680     8.10    -22.25  1.00000
  17681     8.10    -22.20  1.00000
  17682     8.10    -22.15  1.00000
  17683     8.10    -22.10  1.00000
  17684     8.10    -22.05  1.00000
  17685     8.10    -22.00  1.00000
  17686     8.10    -21.95  1.00000
  17687     8.10    -21.90  1.00000
  17688     8.10    -21.85  1.00000
  17689     8.10    -21.80  1.00000
  17690     8.10    -21.75  1.00000
  17691     8.10    -21.70  1.00000
  17692     8.10    -21.65  1.00000
  17693     8.10    -21.60  1.00000
  17694     8.10    -21.55  1.00000
  17695     8.10    -21.50  1.00000
  17696     8.10    -21.45  1.00000
  17697     8.10    -21.40  1.00000
  17698     8.10    -21.35  1.00000
  17699     8.10    -21.30  1.00000
  17700     8.10    -21.25  1.00000
  17701     8.10    -21.20  1.00000
  17702     8.10    -21.15  1.00000
  17703     8.10    -21.10  1.00000
  17704     8.10    -21.05  1.00000
  17705     8.10    -21.00  1.00000
  17706     8.10    -20.95  1.00000
  17707     8.10    -20.90  1.00000
  17708     8.10    -20.85  1.00000
  17709     8.10    -20.80  1.00000
  17710     8.10    -20.75  1.00000
  17711     8.10    -20.70  1.00000
  17712     8.10    -20.65  1.00000
  17713     8.10    -20.60  1.00000
  17714     8.10    -20.55  1.00000
  17715     8.10    -20.50  1.00000
  17716     8.10    -20.45  1.00000
  17717     8.10    -20.40  1.00000
  17718     8.10    -20.35  1.00000
  17719     8.10    -20.30  1.00000
  17720     8.10    -20.25  1.00000
  17721     8.10    -20.20  1.00000
  17722     8.10    -20.15  1.00000
  17723     8.10    -20.10  1.00000
  17724     8.10    -20.05  1.00000
  17725     8.10    -20.00  1.00000
  17726     8.10    -19.95  1.00000
  17727     8.10    -19.90  1.00000
  17728     8.10    -19.85  1.00000
  17729     8.10    -19.80  1.00000
  17730     8.10    -19.75  1.00000
  17731     8.10    -19.70  1.00000
  17732     8.10    -19.65  1.00000
  17733     8.10    -19.60  1.00000
  17734     8.10    -19.55  1.00000
  17735     8.10    -19.50  1.00000
  17736     8.10    -19.45  1.00000
  17737     8.10    -19.40  1.00000
  17738     8.10    -19.35  1.00000
  17739     8.10    -19.30  1.00000
  17740     8.10    -19.25  1.00000
  17741     8.10    -19.20  1.00000
  17742     8.10    -19.15  1.00000
  17743     8.10    -19.10  1.00000
  17744     8.10    -19.05  1.00000
  17745     8.10    -19.00  1.00000
  17746     8.10    -18.95  1.00000
  17747     8.10    -18.90  1.00000
  17748     8.10    -18.85  1.00000
  17749     8.10    -18.80  1.00000
  17750     8.10    -18.75  1.00000
  17751     8.10    -18.70  1.00000
  17752     8.10    -18.65  1.00000
  17753     8.10    -18.60  1.00000
  17754     8.10    -18.55  1.00000
  17755     8.10    -18.50  1.00000
  17756     8.10    -18.45  1.00000
  17757     8.10    -18.40  1.00000
  17758     8.10    -18.35  1.00000
  17759     8.10    -18.30  1.00000
  17760     8.10    -18.25  1.00000
  17761     8.10    -18.20  1.00000
  17762     8.10    -18.15  1.00000
  17763     8.10    -18.10  1.00000
  17764     8.10    -18.05  1.00000
  17765     8.10    -18.00  1.00000
  17766     8.10    -17.95  1.00000
  17767     8.10    -17.90  1.00000
  17768     8.10    -17.85  1.00000
  17769     8.10    -17.80  1.00000
  17770     8.10    -17.75  1.00000
  17771     8.10    -17.70  1.00000
  17772     8.10    -17.65  1.00000
  17773     8.10    -17.60  1.00000
  17774     8.10    -17.55  1.00000
  17775     8.10    -17.50  1.00000
  17776     8.10    -17.45  1.00000
  17777     8.10    -17.40  1.00000
  17778     8.10    -17.35  1.00000
  17779     8.10    -17.30  1.00000
  17780     8.10    -17.25  1.00000
  17781     8.10    -17.20  1.00000
  17782     8.10    -17.15  1.00000
  17783     8.10    -17.10  1.00000
  17784     8.10    -17.05  1.00000
  17785     8.10    -17.00  1.00000
  17786     8.10    -16.95  1.00000
  17787     8.10    -16.90  1.00000
  17788     8.10    -16.85  1.00000
  17789     8.10    -16.80  1.00000
  17790     8.10    -16.75  1.00000
  17791     8.10    -16.70  1.00000
  17792     8.10    -16.65  1.00000
  17793     8.10    -16.60  1.00000
  17794     8.10    -16.55  1.00000
  17795     8.10    -16.50  1.00000
  17796     8.10    -16.45  1.00000
  17797     8.10    -16.40  1.00000
  17798     8.10    -16.35  1.00000
  17799     8.10    -16.30  1.00000
  17800     8.10    -16.25  1.00000
  17801     8.10    -16.20  1.00000
  17802     8.10    -16.15  1.00000
  17803     8.10    -16.10  1.00000
  17804     8.10    -16.05  1.00000
  17805     8.10    -16.00  1.00000
  17806     8.10    -15.95  1.00000
  17807     8.10    -15.90  1.00000
  17808     8.10    -15.85  1.00000
  17809     8.10    -15.80  1.00000
  17810     8.10    -15.75  1.00000
  17811     8.10    -15.70  1.00000
  17812     8.10    -15.65  1.00000
  17813     8.10    -15.60  1.00000
  17814     8.10    -15.55  1.00000
  17815     8.10    -15.50  1.00000
  17816     8.10    -15.45  1.00000
  17817     8.10    -15.40  1.00000
  17818     8.10    -15.35  1.00000
  17819     8.15    -22.85  1.00000
  17820     8.15    -22.80  1.00000
  17821     8.15    -22.75  1.00000
  17822     8.15    -22.70  1.00000
  17823     8.15    -22.65  1.00000
  17824     8.15    -22.60  1.00000
  17825     8.15    -22.55  1.00000
  17826     8.15    -22.50  1.00000
  17827     8.15    -22.45  1.00000
  17828     8.15    -22.40  1.00000
  17829     8.15    -22.35  1.00000
  17830     8.15    -22.30  1.00000
  17831     8.15    -22.25  1.00000
  17832     8.15    -22.20  1.00000
  17833     8.15    -22.15  1.00000
  17834     8.15    -22.10  1.00000
  17835     8.15    -22.05  1.00000
  17836     8.15    -22.00  1.00000
  17837     8.15    -21.95  1.00000
  17838     8.15    -21.90  1.00000
  17839     8.15    -21.85  1.00000
  17840     8.15    -21.80  1.00000
  17841     8.15    -21.75  1.00000
  17842     8.15    -21.70  1.00000
  17843     8.15    -21.65  1.00000
  17844     8.15    -21.60  1.00000
  17845     8.15    -21.55  1.00000
  17846     8.15    -21.50  1.00000
  17847     8.15    -21.45  1.00000
  17848     8.15    -21.40  1.00000
  17849     8.15    -21.35  1.00000
  17850     8.15    -21.30  1.00000
  17851     8.15    -21.25  1.00000
  17852     8.15    -21.20  1.00000
  17853     8.15    -21.15  1.00000
  17854     8.15    -21.10  1.00000
  17855     8.15    -21.05  1.00000
  17856     8.15    -21.00  1.00000
  17857     8.15    -20.95  1.00000
  17858     8.15    -20.90  1.00000
  17859     8.15    -20.85  1.00000
  17860     8.15    -20.80  1.00000
  17861     8.15    -20.75  1.00000
  17862     8.15    -20.70  1.00000
  17863     8.15    -20.65  1.00000
  17864     8.15    -20.60  1.00000
  17865     8.15    -20.55  1.00000
  17866     8.15    -20.50  1.00000
  17867     8.15    -20.45  1.00000
  17868     8.15    -20.40  1.00000
  17869     8.15    -20.35  1.00000
  17870     8.15    -20.30  1.00000
  17871     8.15    -20.25  1.00000
  17872     8.15    -20.20  1.00000
  17873     8.15    -20.15  1.00000
  17874     8.15    -20.10  1.00000
  17875     8.15    -20.05  1.00000
  17876     8.15    -20.00  1.00000
  17877     8.15    -19.95  1.00000
  17878     8.15    -19.90  1.00000
  17879     8.15    -19.85  1.00000
  17880     8.15    -19.80  1.00000
  17881     8.15    -19.75  1.00000
  17882     8.15    -19.70  1.00000
  17883     8.15    -19.65  1.00000
  17884     8.15    -19.60  1.00000
  17885     8.15    -19.55  1.00000
  17886     8.15    -19.50  1.00000
  17887     8.15    -19.45  1.00000
  17888     8.15    -19.40  1.00000
  17889     8.15    -19.35  1.00000
  17890     8.15    -19.30  1.00000
  17891     8.15    -19.25  1.00000
  17892     8.15    -19.20  1.00000
  17893     8.15    -19.15  1.00000
  17894     8.15    -19.10  1.00000
  17895     8.15    -19.05  1.00000
  17896     8.15    -19.00  1.00000
  17897     8.15    -18.95  1.00000
  17898     8.15    -18.90  1.00000
  17899     8.15    -18.85  1.00000
  17900     8.15    -18.80  1.00000
  17901     8.15    -18.75  1.00000
  17902     8.15    -18.70  1.00000
  17903     8.15    -18.65  1.00000
  17904     8.15    -18.60  1.00000
  17905     8.15    -18.55  1.00000
  17906     8.15    -18.50  1.00000
  17907     8.15    -18.45  1.00000
  17908     8.15    -18.40  1.00000
  17909     8.15    -18.35  1.00000
  17910     8.15    -18.30  1.00000
  17911     8.15    -18.25  1.00000
  17912     8.15    -18.20  1.00000
  17913     8.15    -18.15  1.00000
  17914     8.15    -18.10  1.00000
  17915     8.15    -18.05  1.00000
  17916     8.15    -18.00  1.00000
  17917     8.15    -17.95  1.00000
  17918     8.15    -17.90  1.00000
  17919     8.15    -17.85  1.00000
  17920     8.15    -17.80  1.00000
  17921     8.15    -17.75  1.00000
  17922     8.15    -17.70  1.00000
  17923     8.15    -17.65  1.00000
  17924     8.15    -17.60  1.00000
  17925     8.15    -17.55  1.00000
  17926     8.15    -17.50  1.00000
  17927     8.15    -17.45  1.00000
  17928     8.15    -17.40  1.00000
  17929     8.15    -17.35  1.00000
  17930     8.15    -17.30  1.00000
  17931     8.15    -17.25  1.00000
  17932     8.15    -17.20  1.00000
  17933     8.15    -17.15  1.00000
  17934     8.15    -17.10  1.00000
  17935     8.15    -17.05  1.00000
  17936     8.15    -17.00  1.00000
  17937     8.15    -16.95  1.00000
  17938     8.15    -16.90  1.00000
  17939     8.15    -16.85  1.00000
  17940     8.15    -16.80  1.00000
  17941     8.15    -16.75  1.00000
  17942     8.15    -16.70  1.00000
  17943     8.15    -16.65  1.00000
  17944     8.15    -16.60  1.00000
  17945     8.15    -16.55  1.00000
  17946     8.15    -16.50  1.00000
  17947     8.15    -16.45  1.00000
  17948     8.15    -16.40  1.00000
  17949     8.15    -16.35  1.00000
  17950     8.15    -16.30  1.00000
  17951     8.15    -16.25  1.00000
  17952     8.15    -16.20  1.00000
  17953     8.15    -16.15  1.00000
  17954     8.15    -16.10  1.00000
  17955     8.15    -16.05  1.00000
  17956     8.15    -16.00  1.00000
  17957     8.15    -15.95  1.00000
  17958     8.15    -15.90  1.00000
  17959     8.15    -15.85  1.00000
  17960     8.15    -15.80  1.00000
  17961     8.15    -15.75  1.00000
  17962     8.15    -15.70  1.00000
  17963     8.15    -15.65  1.00000
  17964     8.15    -15.60  1.00000
  17965     8.15    -15.55  1.00000
  17966     8.15    -15.50  1.00000
  17967     8.15    -15.45  1.00000
  17968     8.15    -15.40  1.00000
  17969     8.15    -15.35  1.00000
  17970     8.20    -22.85  1.00000
  17971     8.20    -22.80  1.00000
  17972     8.20    -22.75  1.00000
  17973     8.20    -22.70  1.00000
  17974     8.20    -22.65  1.00000
  17975     8.20    -22.60  1.00000
  17976     8.20    -22.55  1.00000
  17977     8.20    -22.50  1.00000
  17978     8.20    -22.45  1.00000
  17979     8.20    -22.40  1.00000
  17980     8.20    -22.35  1.00000
  17981     8.20    -22.30  1.00000
  17982     8.20    -22.25  1.00000
  17983     8.20    -22.20  1.00000
  17984     8.20    -22.15  1.00000
  17985     8.20    -22.10  1.00000
  17986     8.20    -22.05  1.00000
  17987     8.20    -22.00  1.00000
  17988     8.20    -21.95  1.00000
  17989     8.20    -21.90  1.00000
  17990     8.20    -21.85  1.00000
  17991     8.20    -21.80  1.00000
  17992     8.20    -21.75  1.00000
  17993     8.20    -21.70  1.00000
  17994     8.20    -21.65  1.00000
  17995     8.20    -21.60  1.00000
  17996     8.20    -21.55  1.00000
  17997     8.20    -21.50  1.00000
  17998     8.20    -21.45  1.00000
  17999     8.20    -21.40  1.00000
  18000     8.20    -21.35  1.00000
  18001     8.20    -21.30  1.00000
  18002     8.20    -21.25  1.00000
  18003     8.20    -21.20  1.00000
  18004     8.20    -21.15  1.00000
  18005     8.20    -21.10  1.00000
  18006     8.20    -21.05  1.00000
  18007     8.20    -21.00  1.00000
  18008     8.20    -20.95  1.00000
  18009     8.20    -20.90  1.00000
  18010     8.20    -20.85  1.00000
  18011     8.20    -20.80  1.00000
  18012     8.20    -20.75  1.00000
  18013     8.20    -20.70  1.00000
  18014     8.20    -20.65  1.00000
  18015     8.20    -20.60  1.00000
  18016     8.20    -20.55  1.00000
  18017     8.20    -20.50  1.00000
  18018     8.20    -20.45  1.00000
  18019     8.20    -20.40  1.00000
  18020     8.20    -20.35  1.00000
  18021     8.20    -20.30  1.00000
  18022     8.20    -20.25  1.00000
  18023     8.20    -20.20  1.00000
  18024     8.20    -20.15  1.00000
  18025     8.20    -20.10  1.00000
  18026     8.20    -20.05  1.00000
  18027     8.20    -20.00  1.00000
  18028     8.20    -19.95  1.00000
  18029     8.20    -19.90  1.00000
  18030     8.20    -19.85  1.00000
  18031     8.20    -19.80  1.00000
  18032     8.20    -19.75  1.00000
  18033     8.20    -19.70  1.00000
  18034     8.20    -19.65  1.00000
  18035     8.20    -19.60  1.00000
  18036     8.20    -19.55  1.00000
  18037     8.20    -19.50  1.00000
  18038     8.20    -19.45  1.00000
  18039     8.20    -19.40  1.00000
  18040     8.20    -19.35  1.00000
  18041     8.20    -19.30  1.00000
  18042     8.20    -19.25  1.00000
  18043     8.20    -19.20  1.00000
  18044     8.20    -19.15  1.00000
  18045     8.20    -19.10  1.00000
  18046     8.20    -19.05  1.00000
  18047     8.20    -19.00  1.00000
  18048     8.20    -18.95  1.00000
  18049     8.20    -18.90  1.00000
  18050     8.20    -18.85  1.00000
  18051     8.20    -18.80  1.00000
  18052     8.20    -18.75  1.00000
  18053     8.20    -18.70  1.00000
  18054     8.20    -18.65  1.00000
  18055     8.20    -18.60  1.00000
  18056     8.20    -18.55  1.00000
  18057     8.20    -18.50  1.00000
  18058     8.20    -18.45  1.00000
  18059     8.20    -18.40  1.00000
  18060     8.20    -18.35  1.00000
  18061     8.20    -18.30  1.00000
  18062     8.20    -18.25  1.00000
  18063     8.20    -18.20  1.00000
  18064     8.20    -18.15  1.00000
  18065     8.20    -18.10  1.00000
  18066     8.20    -18.05  1.00000
  18067     8.20    -18.00  1.00000
  18068     8.20    -17.95  1.00000
  18069     8.20    -17.90  1.00000
  18070     8.20    -17.85  1.00000
  18071     8.20    -17.80  1.00000
  18072     8.20    -17.75  1.00000
  18073     8.20    -17.70  1.00000
  18074     8.20    -17.65  1.00000
  18075     8.20    -17.60  1.00000
  18076     8.20    -17.55  1.00000
  18077     8.20    -17.50  1.00000
  18078     8.20    -17.45  1.00000
  18079     8.20    -17.40  1.00000
  18080     8.20    -17.35  1.00000
  18081     8.20    -17.30  1.00000
  18082     8.20    -17.25  1.00000
  18083     8.20    -17.20  1.00000
  18084     8.20    -17.15  1.00000
  18085     8.20    -17.10  1.00000
  18086     8.20    -17.05  1.00000
  18087     8.20    -17.00  1.00000
  18088     8.20    -16.95  1.00000
  18089     8.20    -16.90  1.00000
  18090     8.20    -16.85  1.00000
  18091     8.20    -16.80  1.00000
  18092     8.20    -16.75  1.00000
  18093     8.20    -16.70  1.00000
  18094     8.20    -16.65  1.00000
  18095     8.20    -16.60  1.00000
  18096     8.20    -16.55  1.00000
  18097     8.20    -16.50  1.00000
  18098     8.20    -16.45  1.00000
  18099     8.20    -16.40  1.00000
  18100     8.20    -16.35  1.00000
  18101     8.20    -16.30  1.00000
  18102     8.20    -16.25  1.00000
  18103     8.20    -16.20  1.00000
  18104     8.20    -16.15  1.00000
  18105     8.20    -16.10  1.00000
  18106     8.20    -16.05  1.00000
  18107     8.20    -16.00  1.00000
  18108     8.20    -15.95  1.00000
  18109     8.20    -15.90  1.00000
  18110     8.20    -15.85  1.00000
  18111     8.20    -15.80  1.00000
  18112     8.20    -15.75  1.00000
  18113     8.20    -15.70  1.00000
  18114     8.20    -15.65  1.00000
  18115     8.20    -15.60  1.00000
  18116     8.20    -15.55  1.00000
  18117     8.20    -15.50  1.00000
  18118     8.20    -15.45  1.00000
  18119     8.20    -15.40  1.00000
  18120     8.20    -15.35  1.00000
  18121     8.25    -22.85  1.00000
  18122     8.25    -22.80  1.00000
  18123     8.25    -22.75  1.00000
  18124     8.25    -22.70  1.00000
  18125     8.25    -22.65  1.00000
  18126     8.25    -22.60  1.00000
  18127     8.25    -22.55  1.00000
  18128     8.25    -22.50  1.00000
  18129     8.25    -22.45  1.00000
  18130     8.25    -22.40  1.00000
  18131     8.25    -22.35  1.00000
  18132     8.25    -22.30  1.00000
  18133     8.25    -22.25  1.00000
  18134     8.25    -22.20  1.00000
  18135     8.25    -22.15  1.00000
  18136     8.25    -22.10  1.00000
  18137     8.25    -22.05  1.00000
  18138     8.25    -22.00  1.00000
  18139     8.25    -21.95  1.00000
  18140     8.25    -21.90  1.00000
  18141     8.25    -21.85  1.00000
  18142     8.25    -21.80  1.00000
  18143     8.25    -21.75  1.00000
  18144     8.25    -21.70  1.00000
  18145     8.25    -21.65  1.00000
  18146     8.25    -21.60  1.00000
  18147     8.25    -21.55  1.00000
  18148     8.25    -21.50  1.00000
  18149     8.25    -21.45  1.00000
  18150     8.25    -21.40  1.00000
  18151     8.25    -21.35  1.00000
  18152     8.25    -21.30  1.00000
  18153     8.25    -21.25  1.00000
  18154     8.25    -21.20  1.00000
  18155     8.25    -21.15  1.00000
  18156     8.25    -21.10  1.00000
  18157     8.25    -21.05  1.00000
  18158     8.25    -21.00  1.00000
  18159     8.25    -20.95  1.00000
  18160     8.25    -20.90  1.00000
  18161     8.25    -20.85  1.00000
  18162     8.25    -20.80  1.00000
  18163     8.25    -20.75  1.00000
  18164     8.25    -20.70  1.00000
  18165     8.25    -20.65  1.00000
  18166     8.25    -20.60  1.00000
  18167     8.25    -20.55  1.00000
  18168     8.25    -20.50  1.00000
  18169     8.25    -20.45  1.00000
  18170     8.25    -20.40  1.00000
  18171     8.25    -20.35  1.00000
  18172     8.25    -20.30  1.00000
  18173     8.25    -20.25  1.00000
  18174     8.25    -20.20  1.00000
  18175     8.25    -20.15  1.00000
  18176     8.25    -20.10  1.00000
  18177     8.25    -20.05  1.00000
  18178     8.25    -20.00  1.00000
  18179     8.25    -19.95  1.00000
  18180     8.25    -19.90  1.00000
  18181     8.25    -19.85  1.00000
  18182     8.25    -19.80  1.00000
  18183     8.25    -19.75  1.00000
  18184     8.25    -19.70  1.00000
  18185     8.25    -19.65  1.00000
  18186     8.25    -19.60  1.00000
  18187     8.25    -19.55  1.00000
  18188     8.25    -19.50  1.00000
  18189     8.25    -19.45  1.00000
  18190     8.25    -19.40  1.00000
  18191     8.25    -19.35  1.00000
  18192     8.25    -19.30  1.00000
  18193     8.25    -19.25  1.00000
  18194     8.25    -19.20  1.00000
  18195     8.25    -19.15  1.00000
  18196     8.25    -19.10  1.00000
  18197     8.25    -19.05  1.00000
  18198     8.25    -19.00  1.00000
  18199     8.25    -18.95  1.00000
  18200     8.25    -18.90  1.00000
  18201     8.25    -18.85  1.00000
  18202     8.25    -18.80  1.00000
  18203     8.25    -18.75  1.00000
  18204     8.25    -18.70  1.00000
  18205     8.25    -18.65  1.00000
  18206     8.25    -18.60  1.00000
  18207     8.25    -18.55  1.00000
  18208     8.25    -18.50  1.00000
  18209     8.25    -18.45  1.00000
  18210     8.25    -18.40  1.00000
  18211     8.25    -18.35  1.00000
  18212     8.25    -18.30  1.00000
  18213     8.25    -18.25  1.00000
  18214     8.25    -18.20  1.00000
  18215     8.25    -18.15  1.00000
  18216     8.25    -18.10  1.00000
  18217     8.25    -18.05  1.00000
  18218     8.25    -18.00  1.00000
  18219     8.25    -17.95  1.00000
  18220     8.25    -17.90  1.00000
  18221     8.25    -17.85  1.00000
  18222     8.25    -17.80  1.00000
  18223     8.25    -17.75  1.00000
  18224     8.25    -17.70  1.00000
  18225     8.25    -17.65  1.00000
  18226     8.25    -17.60  1.00000
  18227     8.25    -17.55  1.00000
  18228     8.25    -17.50  1.00000
  18229     8.25    -17.45  1.00000
  18230     8.25    -17.40  1.00000
  18231     8.25    -17.35  1.00000
  18232     8.25    -17.30  1.00000
  18233     8.25    -17.25  1.00000
  18234     8.25    -17.20  1.00000
  18235     8.25    -17.15  1.00000
  18236     8.25    -17.10  1.00000
  18237     8.25    -17.05  1.00000
  18238     8.25    -17.00  1.00000
  18239     8.25    -16.95  1.00000
  18240     8.25    -16.90  1.00000
  18241     8.25    -16.85  1.00000
  18242     8.25    -16.80  1.00000
  18243     8.25    -16.75  1.00000
  18244     8.25    -16.70  1.00000
  18245     8.25    -16.65  1.00000
  18246     8.25    -16.60  1.00000
  18247     8.25    -16.55  1.00000
  18248     8.25    -16.50  1.00000
  18249     8.25    -16.45  1.00000
  18250     8.25    -16.40  1.00000
  18251     8.25    -16.35  1.00000
  18252     8.25    -16.30  1.00000
  18253     8.25    -16.25  1.00000
  18254     8.25    -16.20  1.00000
  18255     8.25    -16.15  1.00000
  18256     8.25    -16.10  1.00000
  18257     8.25    -16.05  1.00000
  18258     8.25    -16.00  1.00000
  18259     8.25    -15.95  1.00000
  18260     8.25    -15.90  1.00000
  18261     8.25    -15.85  1.00000
  18262     8.25    -15.80  1.00000
  18263     8.25    -15.75  1.00000
  18264     8.25    -15.70  1.00000
  18265     8.25    -15.65  1.00000
  18266     8.25    -15.60  1.00000
  18267     8.25    -15.55  1.00000
  18268     8.25    -15.50  1.00000
  18269     8.25    -15.45  1.00000
  18270     8.25    -15.40  1.00000
  18271     8.25    -15.35  1.00000
  18272     8.30    -22.85  1.00000
  18273     8.30    -22.80  1.00000
  18274     8.30    -22.75  1.00000
  18275     8.30    -22.70  1.00000
  18276     8.30    -22.65  1.00000
  18277     8.30    -22.60  1.00000
  18278     8.30    -22.55  1.00000
  18279     8.30    -22.50  1.00000
  18280     8.30    -22.45  1.00000
  18281     8.30    -22.40  1.00000
  18282     8.30    -22.35  1.00000
  18283     8.30    -22.30  1.00000
  18284     8.30    -22.25  1.00000
  18285     8.30    -22.20  1.00000
  18286     8.30    -22.15  1.00000
  18287     8.30    -22.10  1.00000
  18288     8.30    -22.05  1.00000
  18289     8.30    -22.00  1.00000
  18290     8.30    -21.95  1.00000
  18291     8.30    -21.90  1.00000
  18292     8.30    -21.85  1.00000
  18293     8.30    -21.80  1.00000
  18294     8.30    -21.75  1.00000
  18295     8.30    -21.70  1.00000
  18296     8.30    -21.65  1.00000
  18297     8.30    -21.60  1.00000
  18298     8.30    -21.55  1.00000
  18299     8.30    -21.50  1.00000
  18300     8.30    -21.45  1.00000
  18301     8.30    -21.40  1.00000
  18302     8.30    -21.35  1.00000
  18303     8.30    -21.30  1.00000
  18304     8.30    -21.25  1.00000
  18305     8.30    -21.20  1.00000
  18306     8.30    -21.15  1.00000
  18307     8.30    -21.10  1.00000
  18308     8.30    -21.05  1.00000
  18309     8.30    -21.00  1.00000
  18310     8.30    -20.95  1.00000
  18311     8.30    -20.90  1.00000
  18312     8.30    -20.85  1.00000
  18313     8.30    -20.80  1.00000
  18314     8.30    -20.75  1.00000
  18315     8.30    -20.70  1.00000
  18316     8.30    -20.65  1.00000
  18317     8.30    -20.60  1.00000
  18318     8.30    -20.55  1.00000
  18319     8.30    -20.50  1.00000
  18320     8.30    -20.45  1.00000
  18321     8.30    -20.40  1.00000
  18322     8.30    -20.35  1.00000
  18323     8.30    -20.30  1.00000
  18324     8.30    -20.25  1.00000
  18325     8.30    -20.20  1.00000
  18326     8.30    -20.15  1.00000
  18327     8.30    -20.10  1.00000
  18328     8.30    -20.05  1.00000
  18329     8.30    -20.00  1.00000
  18330     8.30    -19.95  1.00000
  18331     8.30    -19.90  1.00000
  18332     8.30    -19.85  1.00000
  18333     8.30    -19.80  1.00000
  18334     8.30    -19.75  1.00000
  18335     8.30    -19.70  1.00000
  18336     8.30    -19.65  1.00000
  18337     8.30    -19.60  1.00000
  18338     8.30    -19.55  1.00000
  18339     8.30    -19.50  1.00000
  18340     8.30    -19.45  1.00000
  18341     8.30    -19.40  1.00000
  18342     8.30    -19.35  1.00000
  18343     8.30    -19.30  1.00000
  18344     8.30    -19.25  1.00000
  18345     8.30    -19.20  1.00000
  18346     8.30    -19.15  1.00000
  18347     8.30    -19.10  1.00000
  18348     8.30    -19.05  1.00000
  18349     8.30    -19.00  1.00000
  18350     8.30    -18.95  1.00000
  18351     8.30    -18.90  1.00000
  18352     8.30    -18.85  1.00000
  18353     8.30    -18.80  1.00000
  18354     8.30    -18.75  1.00000
  18355     8.30    -18.70  1.00000
  18356     8.30    -18.65  1.00000
  18357     8.30    -18.60  1.00000
  18358     8.30    -18.55  1.00000
  18359     8.30    -18.50  1.00000
  18360     8.30    -18.45  1.00000
  18361     8.30    -18.40  1.00000
  18362     8.30    -18.35  1.00000
  18363     8.30    -18.30  1.00000
  18364     8.30    -18.25  1.00000
  18365     8.30    -18.20  1.00000
  18366     8.30    -18.15  1.00000
  18367     8.30    -18.10  1.00000
  18368     8.30    -18.05  1.00000
  18369     8.30    -18.00  1.00000
  18370     8.30    -17.95  1.00000
  18371     8.30    -17.90  1.00000
  18372     8.30    -17.85  1.00000
  18373     8.30    -17.80  1.00000
  18374     8.30    -17.75  1.00000
  18375     8.30    -17.70  1.00000
  18376     8.30    -17.65  1.00000
  18377     8.30    -17.60  1.00000
  18378     8.30    -17.55  1.00000
  18379     8.30    -17.50  1.00000
  18380     8.30    -17.45  1.00000
  18381     8.30    -17.40  1.00000
  18382     8.30    -17.35  1.00000
  18383     8.30    -17.30  1.00000
  18384     8.30    -17.25  1.00000
  18385     8.30    -17.20  1.00000
  18386     8.30    -17.15  1.00000
  18387     8.30    -17.10  1.00000
  18388     8.30    -17.05  1.00000
  18389     8.30    -17.00  1.00000
  18390     8.30    -16.95  1.00000
  18391     8.30    -16.90  1.00000
  18392     8.30    -16.85  1.00000
  18393     8.30    -16.80  1.00000
  18394     8.30    -16.75  1.00000
  18395     8.30    -16.70  1.00000
  18396     8.30    -16.65  1.00000
  18397     8.30    -16.60  1.00000
  18398     8.30    -16.55  1.00000
  18399     8.30    -16.50  1.00000
  18400     8.30    -16.45  1.00000
  18401     8.30    -16.40  1.00000
  18402     8.30    -16.35  1.00000
  18403     8.30    -16.30  1.00000
  18404     8.30    -16.25  1.00000
  18405     8.30    -16.20  1.00000
  18406     8.30    -16.15  1.00000
  18407     8.30    -16.10  1.00000
  18408     8.30    -16.05  1.00000
  18409     8.30    -16.00  1.00000
  18410     8.30    -15.95  1.00000
  18411     8.30    -15.90  1.00000
  18412     8.30    -15.85  1.00000
  18413     8.30    -15.80  1.00000
  18414     8.30    -15.75  1.00000
  18415     8.30    -15.70  1.00000
  18416     8.30    -15.65  1.00000
  18417     8.30    -15.60  1.00000
  18418     8.30    -15.55  1.00000
  18419     8.30    -15.50  1.00000
  18420     8.30    -15.45  1.00000
  18421     8.30    -15.40  1.00000
  18422     8.30    -15.35  1.00000
  18423     8.35    -22.85  1.00000
  18424     8.35    -22.80  1.00000
  18425     8.35    -22.75  1.00000
  18426     8.35    -22.70  1.00000
  18427     8.35    -22.65  1.00000
  18428     8.35    -22.60  1.00000
  18429     8.35    -22.55  1.00000
  18430     8.35    -22.50  1.00000
  18431     8.35    -22.45  1.00000
  18432     8.35    -22.40  1.00000
  18433     8.35    -22.35  1.00000
  18434     8.35    -22.30  1.00000
  18435     8.35    -22.25  1.00000
  18436     8.35    -22.20  1.00000
  18437     8.35    -22.15  1.00000
  18438     8.35    -22.10  1.00000
  18439     8.35    -22.05  1.00000
  18440     8.35    -22.00  1.00000
  18441     8.35    -21.95  1.00000
  18442     8.35    -21.90  1.00000
  18443     8.35    -21.85  1.00000
  18444     8.35    -21.80  1.00000
  18445     8.35    -21.75  1.00000
  18446     8.35    -21.70  1.00000
  18447     8.35    -21.65  1.00000
  18448     8.35    -21.60  1.00000
  18449     8.35    -21.55  1.00000
  18450     8.35    -21.50  1.00000
  18451     8.35    -21.45  1.00000
  18452     8.35    -21.40  1.00000
  18453     8.35    -21.35  1.00000
  18454     8.35    -21.30  1.00000
  18455     8.35    -21.25  1.00000
  18456     8.35    -21.20  1.00000
  18457     8.35    -21.15  1.00000
  18458     8.35    -21.10  1.00000
  18459     8.35    -21.05  1.00000
  18460     8.35    -21.00  1.00000
  18461     8.35    -20.95  1.00000
  18462     8.35    -20.90  1.00000
  18463     8.35    -20.85  1.00000
  18464     8.35    -20.80  1.00000
  18465     8.35    -20.75  1.00000
  18466     8.35    -20.70  1.00000
  18467     8.35    -20.65  1.00000
  18468     8.35    -20.60  1.00000
  18469     8.35    -20.55  1.00000
  18470     8.35    -20.50  1.00000
  18471     8.35    -20.45  1.00000
  18472     8.35    -20.40  1.00000
  18473     8.35    -20.35  1.00000
  18474     8.35    -20.30  1.00000
  18475     8.35    -20.25  1.00000
  18476     8.35    -20.20  1.00000
  18477     8.35    -20.15  1.00000
  18478     8.35    -20.10  1.00000
  18479     8.35    -20.05  1.00000
  18480     8.35    -20.00  1.00000
  18481     8.35    -19.95  1.00000
  18482     8.35    -19.90  1.00000
  18483     8.35    -19.85  1.00000
  18484     8.35    -19.80  1.00000
  18485     8.35    -19.75  1.00000
  18486     8.35    -19.70  1.00000
  18487     8.35    -19.65  1.00000
  18488     8.35    -19.60  1.00000
  18489     8.35    -19.55  1.00000
  18490     8.35    -19.50  1.00000
  18491     8.35    -19.45  1.00000
  18492     8.35    -19.40  1.00000
  18493     8.35    -19.35  1.00000
  18494     8.35    -19.30  1.00000
  18495     8.35    -19.25  1.00000
  18496     8.35    -19.20  1.00000
  18497     8.35    -19.15  1.00000
  18498     8.35    -19.10  1.00000
  18499     8.35    -19.05  1.00000
  18500     8.35    -19.00  1.00000
  18501     8.35    -18.95  1.00000
  18502     8.35    -18.90  1.00000
  18503     8.35    -18.85  1.00000
  18504     8.35    -18.80  1.00000
  18505     8.35    -18.75  1.00000
  18506     8.35    -18.70  1.00000
  18507     8.35    -18.65  1.00000
  18508     8.35    -18.60  1.00000
  18509     8.35    -18.55  1.00000
  18510     8.35    -18.50  1.00000
  18511     8.35    -18.45  1.00000
  18512     8.35    -18.40  1.00000
  18513     8.35    -18.35  1.00000
  18514     8.35    -18.30  1.00000
  18515     8.35    -18.25  1.00000
  18516     8.35    -18.20  1.00000
  18517     8.35    -18.15  1.00000
  18518     8.35    -18.10  1.00000
  18519     8.35    -18.05  1.00000
  18520     8.35    -18.00  1.00000
  18521     8.35    -17.95  1.00000
  18522     8.35    -17.90  1.00000
  18523     8.35    -17.85  1.00000
  18524     8.35    -17.80  1.00000
  18525     8.35    -17.75  1.00000
  18526     8.35    -17.70  1.00000
  18527     8.35    -17.65  1.00000
  18528     8.35    -17.60  1.00000
  18529     8.35    -17.55  1.00000
  18530     8.35    -17.50  1.00000
  18531     8.35    -17.45  1.00000
  18532     8.35    -17.40  1.00000
  18533     8.35    -17.35  1.00000
  18534     8.35    -17.30  1.00000
  18535     8.35    -17.25  1.00000
  18536     8.35    -17.20  1.00000
  18537     8.35    -17.15  1.00000
  18538     8.35    -17.10  1.00000
  18539     8.35    -17.05  1.00000
  18540     8.35    -17.00  1.00000
  18541     8.35    -16.95  1.00000
  18542     8.35    -16.90  1.00000
  18543     8.35    -16.85  1.00000
  18544     8.35    -16.80  1.00000
  18545     8.35    -16.75  1.00000
  18546     8.35    -16.70  1.00000
  18547     8.35    -16.65  1.00000
  18548     8.35    -16.60  1.00000
  18549     8.35    -16.55  1.00000
  18550     8.35    -16.50  1.00000
  18551     8.35    -16.45  1.00000
  18552     8.35    -16.40  1.00000
  18553     8.35    -16.35  1.00000
  18554     8.35    -16.30  1.00000
  18555     8.35    -16.25  1.00000
  18556     8.35    -16.20  1.00000
  18557     8.35    -16.15  1.00000
  18558     8.35    -16.10  1.00000
  18559     8.35    -16.05  1.00000
  18560     8.35    -16.00  1.00000
  18561     8.35    -15.95  1.00000
  18562     8.35    -15.90  1.00000
  18563     8.35    -15.85  1.00000
  18564     8.35    -15.80  1.00000
  18565     8.35    -15.75  1.00000
  18566     8.35    -15.70  1.00000
  18567     8.35    -15.65  1.00000
  18568     8.35    -15.60  1.00000
  18569     8.35    -15.55  1.00000
  18570     8.35    -15.50  1.00000
  18571     8.35    -15.45  1.00000
  18572     8.35    -15.40  1.00000
  18573     8.35    -15.35  1.00000
  18574     8.40    -22.85  1.00000
  18575     8.40    -22.80  1.00000
  18576     8.40    -22.75  1.00000
  18577     8.40    -22.70  1.00000
  18578     8.40    -22.65  1.00000
  18579     8.40    -22.60  1.00000
  18580     8.40    -22.55  1.00000
  18581     8.40    -22.50  1.00000
  18582     8.40    -22.45  1.00000
  18583     8.40    -22.40  1.00000
  18584     8.40    -22.35  1.00000
  18585     8.40    -22.30  1.00000
  18586     8.40    -22.25  1.00000
  18587     8.40    -22.20  1.00000
  18588     8.40    -22.15  1.00000
  18589     8.40    -22.10  1.00000
  18590     8.40    -22.05  1.00000
  18591     8.40    -22.00  1.00000
  18592     8.40    -21.95  1.00000
  18593     8.40    -21.90  1.00000
  18594     8.40    -21.85  1.00000
  18595     8.40    -21.80  1.00000
  18596     8.40    -21.75  1.00000
  18597     8.40    -21.70  1.00000
  18598     8.40    -21.65  1.00000
  18599     8.40    -21.60  1.00000
  18600     8.40    -21.55  1.00000
  18601     8.40    -21.50  1.00000
  18602     8.40    -21.45  1.00000
  18603     8.40    -21.40  1.00000
  18604     8.40    -21.35  1.00000
  18605     8.40    -21.30  1.00000
  18606     8.40    -21.25  1.00000
  18607     8.40    -21.20  1.00000
  18608     8.40    -21.15  1.00000
  18609     8.40    -21.10  1.00000
  18610     8.40    -21.05  1.00000
  18611     8.40    -21.00  1.00000
  18612     8.40    -20.95  1.00000
  18613     8.40    -20.90  1.00000
  18614     8.40    -20.85  1.00000
  18615     8.40    -20.80  1.00000
  18616     8.40    -20.75  1.00000
  18617     8.40    -20.70  1.00000
  18618     8.40    -20.65  1.00000
  18619     8.40    -20.60  1.00000
  18620     8.40    -20.55  1.00000
  18621     8.40    -20.50  1.00000
  18622     8.40    -20.45  1.00000
  18623     8.40    -20.40  1.00000
  18624     8.40    -20.35  1.00000
  18625     8.40    -20.30  1.00000
  18626     8.40    -20.25  1.00000
  18627     8.40    -20.20  1.00000
  18628     8.40    -20.15  1.00000
  18629     8.40    -20.10  1.00000
  18630     8.40    -20.05  1.00000
  18631     8.40    -20.00  1.00000
  18632     8.40    -19.95  1.00000
  18633     8.40    -19.90  1.00000
  18634     8.40    -19.85  1.00000
  18635     8.40    -19.80  1.00000
  18636     8.40    -19.75  1.00000
  18637     8.40    -19.70  1.00000
  18638     8.40    -19.65  1.00000
  18639     8.40    -19.60  1.00000
  18640     8.40    -19.55  1.00000
  18641     8.40    -19.50  1.00000
  18642     8.40    -19.45  1.00000
  18643     8.40    -19.40  1.00000
  18644     8.40    -19.35  1.00000
  18645     8.40    -19.30  1.00000
  18646     8.40    -19.25  1.00000
  18647     8.40    -19.20  1.00000
  18648     8.40    -19.15  1.00000
  18649     8.40    -19.10  1.00000
  18650     8.40    -19.05  1.00000
  18651     8.40    -19.00  1.00000
  18652     8.40    -18.95  1.00000
  18653     8.40    -18.90  1.00000
  18654     8.40    -18.85  1.00000
  18655     8.40    -18.80  1.00000
  18656     8.40    -18.75  1.00000
  18657     8.40    -18.70  1.00000
  18658     8.40    -18.65  1.00000
  18659     8.40    -18.60  1.00000
  18660     8.40    -18.55  1.00000
  18661     8.40    -18.50  1.00000
  18662     8.40    -18.45  1.00000
  18663     8.40    -18.40  1.00000
  18664     8.40    -18.35  1.00000
  18665     8.40    -18.30  1.00000
  18666     8.40    -18.25  1.00000
  18667     8.40    -18.20  1.00000
  18668     8.40    -18.15  1.00000
  18669     8.40    -18.10  1.00000
  18670     8.40    -18.05  1.00000
  18671     8.40    -18.00  1.00000
  18672     8.40    -17.95  1.00000
  18673     8.40    -17.90  1.00000
  18674     8.40    -17.85  1.00000
  18675     8.40    -17.80  1.00000
  18676     8.40    -17.75  1.00000
  18677     8.40    -17.70  1.00000
  18678     8.40    -17.65  1.00000
  18679     8.40    -17.60  1.00000
  18680     8.40    -17.55  1.00000
  18681     8.40    -17.50  1.00000
  18682     8.40    -17.45  1.00000
  18683     8.40    -17.40  1.00000
  18684     8.40    -17.35  1.00000
  18685     8.40    -17.30  1.00000
  18686     8.40    -17.25  1.00000
  18687     8.40    -17.20  1.00000
  18688     8.40    -17.15  1.00000
  18689     8.40    -17.10  1.00000
  18690     8.40    -17.05  1.00000
  18691     8.40    -17.00  1.00000
  18692     8.40    -16.95  1.00000
  18693     8.40    -16.90  1.00000
  18694     8.40    -16.85  1.00000
  18695     8.40    -16.80  1.00000
  18696     8.40    -16.75  1.00000
  18697     8.40    -16.70  1.00000
  18698     8.40    -16.65  1.00000
  18699     8.40    -16.60  1.00000
  18700     8.40    -16.55  1.00000
  18701     8.40    -16.50  1.00000
  18702     8.40    -16.45  1.00000
  18703     8.40    -16.40  1.00000
  18704     8.40    -16.35  1.00000
  18705     8.40    -16.30  1.00000
  18706     8.40    -16.25  1.00000
  18707     8.40    -16.20  1.00000
  18708     8.40    -16.15  1.00000
  18709     8.40    -16.10  1.00000
  18710     8.40    -16.05  1.00000
  18711     8.40    -16.00  1.00000
  18712     8.40    -15.95  1.00000
  18713     8.40    -15.90  1.00000
  18714     8.40    -15.85  1.00000
  18715     8.40    -15.80  1.00000
  18716     8.40    -15.75  1.00000
  18717     8.40    -15.70  1.00000
  18718     8.40    -15.65  1.00000
  18719     8.40    -15.60  1.00000
  18720     8.40    -15.55  1.00000
  18721     8.40    -15.50  1.00000
  18722     8.40    -15.45  1.00000
  18723     8.40    -15.40  1.00000
  18724     8.40    -15.35  1.00000
  18725     8.45    -22.85  1.00000
  18726     8.45    -22.80  1.00000
  18727     8.45    -22.75  1.00000
  18728     8.45    -22.70  1.00000
  18729     8.45    -22.65  1.00000
  18730     8.45    -22.60  1.00000
  18731     8.45    -22.55  1.00000
  18732     8.45    -22.50  1.00000
  18733     8.45    -22.45  1.00000
  18734     8.45    -22.40  1.00000
  18735     8.45    -22.35  1.00000
  18736     8.45    -22.30  1.00000
  18737     8.45    -22.25  1.00000
  18738     8.45    -22.20  1.00000
  18739     8.45    -22.15  1.00000
  18740     8.45    -22.10  1.00000
  18741     8.45    -22.05  1.00000
  18742     8.45    -22.00  1.00000
  18743     8.45    -21.95  1.00000
  18744     8.45    -21.90  1.00000
  18745     8.45    -21.85  1.00000
  18746     8.45    -21.80  1.00000
  18747     8.45    -21.75  1.00000
  18748     8.45    -21.70  1.00000
  18749     8.45    -21.65  1.00000
  18750     8.45    -21.60  1.00000
  18751     8.45    -21.55  1.00000
  18752     8.45    -21.50  1.00000
  18753     8.45    -21.45  1.00000
  18754     8.45    -21.40  1.00000
  18755     8.45    -21.35  1.00000
  18756     8.45    -21.30  1.00000
  18757     8.45    -21.25  1.00000
  18758     8.45    -21.20  1.00000
  18759     8.45    -21.15  1.00000
  18760     8.45    -21.10  1.00000
  18761     8.45    -21.05  1.00000
  18762     8.45    -21.00  1.00000
  18763     8.45    -20.95  1.00000
  18764     8.45    -20.90  1.00000
  18765     8.45    -20.85  1.00000
  18766     8.45    -20.80  1.00000
  18767     8.45    -20.75  1.00000
  18768     8.45    -20.70  1.00000
  18769     8.45    -20.65  1.00000
  18770     8.45    -20.60  1.00000
  18771     8.45    -20.55  1.00000
  18772     8.45    -20.50  1.00000
  18773     8.45    -20.45  1.00000
  18774     8.45    -20.40  1.00000
  18775     8.45    -20.35  1.00000
  18776     8.45    -20.30  1.00000
  18777     8.45    -20.25  1.00000
  18778     8.45    -20.20  1.00000
  18779     8.45    -20.15  1.00000
  18780     8.45    -20.10  1.00000
  18781     8.45    -20.05  1.00000
  18782     8.45    -20.00  1.00000
  18783     8.45    -19.95  1.00000
  18784     8.45    -19.90  1.00000
  18785     8.45    -19.85  1.00000
  18786     8.45    -19.80  1.00000
  18787     8.45    -19.75  1.00000
  18788     8.45    -19.70  1.00000
  18789     8.45    -19.65  1.00000
  18790     8.45    -19.60  1.00000
  18791     8.45    -19.55  1.00000
  18792     8.45    -19.50  1.00000
  18793     8.45    -19.45  1.00000
  18794     8.45    -19.40  1.00000
  18795     8.45    -19.35  1.00000
  18796     8.45    -19.30  1.00000
  18797     8.45    -19.25  1.00000
  18798     8.45    -19.20  1.00000
  18799     8.45    -19.15  1.00000
  18800     8.45    -19.10  1.00000
  18801     8.45    -19.05  1.00000
  18802     8.45    -19.00  1.00000
  18803     8.45    -18.95  1.00000
  18804     8.45    -18.90  1.00000
  18805     8.45    -18.85  1.00000
  18806     8.45    -18.80  1.00000
  18807     8.45    -18.75  1.00000
  18808     8.45    -18.70  1.00000
  18809     8.45    -18.65  1.00000
  18810     8.45    -18.60  1.00000
  18811     8.45    -18.55  1.00000
  18812     8.45    -18.50  1.00000
  18813     8.45    -18.45  1.00000
  18814     8.45    -18.40  1.00000
  18815     8.45    -18.35  1.00000
  18816     8.45    -18.30  1.00000
  18817     8.45    -18.25  1.00000
  18818     8.45    -18.20  1.00000
  18819     8.45    -18.15  1.00000
  18820     8.45    -18.10  1.00000
  18821     8.45    -18.05  1.00000
  18822     8.45    -18.00  1.00000
  18823     8.45    -17.95  1.00000
  18824     8.45    -17.90  1.00000
  18825     8.45    -17.85  1.00000
  18826     8.45    -17.80  1.00000
  18827     8.45    -17.75  1.00000
  18828     8.45    -17.70  1.00000
  18829     8.45    -17.65  1.00000
  18830     8.45    -17.60  1.00000
  18831     8.45    -17.55  1.00000
  18832     8.45    -17.50  1.00000
  18833     8.45    -17.45  1.00000
  18834     8.45    -17.40  1.00000
  18835     8.45    -17.35  1.00000
  18836     8.45    -17.30  1.00000
  18837     8.45    -17.25  1.00000
  18838     8.45    -17.20  1.00000
  18839     8.45    -17.15  1.00000
  18840     8.45    -17.10  1.00000
  18841     8.45    -17.05  1.00000
  18842     8.45    -17.00  1.00000
  18843     8.45    -16.95  1.00000
  18844     8.45    -16.90  1.00000
  18845     8.45    -16.85  1.00000
  18846     8.45    -16.80  1.00000
  18847     8.45    -16.75  1.00000
  18848     8.45    -16.70  1.00000
  18849     8.45    -16.65  1.00000
  18850     8.45    -16.60  1.00000
  18851     8.45    -16.55  1.00000
  18852     8.45    -16.50  1.00000
  18853     8.45    -16.45  1.00000
  18854     8.45    -16.40  1.00000
  18855     8.45    -16.35  1.00000
  18856     8.45    -16.30  1.00000
  18857     8.45    -16.25  1.00000
  18858     8.45    -16.20  1.00000
  18859     8.45    -16.15  1.00000
  18860     8.45    -16.10  1.00000
  18861     8.45    -16.05  1.00000
  18862     8.45    -16.00  1.00000
  18863     8.45    -15.95  1.00000
  18864     8.45    -15.90  1.00000
  18865     8.45    -15.85  1.00000
  18866     8.45    -15.80  1.00000
  18867     8.45    -15.75  1.00000
  18868     8.45    -15.70  1.00000
  18869     8.45    -15.65  1.00000
  18870     8.45    -15.60  1.00000
  18871     8.45    -15.55  1.00000
  18872     8.45    -15.50  1.00000
  18873     8.45    -15.45  1.00000
  18874     8.45    -15.40  1.00000
  18875     8.45    -15.35  1.00000
  18876     8.50    -22.85  1.00000
  18877     8.50    -22.80  1.00000
  18878     8.50    -22.75  1.00000
  18879     8.50    -22.70  1.00000
  18880     8.50    -22.65  1.00000
  18881     8.50    -22.60  1.00000
  18882     8.50    -22.55  1.00000
  18883     8.50    -22.50  1.00000
  18884     8.50    -22.45  1.00000
  18885     8.50    -22.40  1.00000
  18886     8.50    -22.35  1.00000
  18887     8.50    -22.30  1.00000
  18888     8.50    -22.25  1.00000
  18889     8.50    -22.20  1.00000
  18890     8.50    -22.15  1.00000
  18891     8.50    -22.10  1.00000
  18892     8.50    -22.05  1.00000
  18893     8.50    -22.00  1.00000
  18894     8.50    -21.95  1.00000
  18895     8.50    -21.90  1.00000
  18896     8.50    -21.85  1.00000
  18897     8.50    -21.80  1.00000
  18898     8.50    -21.75  1.00000
  18899     8.50    -21.70  1.00000
  18900     8.50    -21.65  1.00000
  18901     8.50    -21.60  1.00000
  18902     8.50    -21.55  1.00000
  18903     8.50    -21.50  1.00000
  18904     8.50    -21.45  1.00000
  18905     8.50    -21.40  1.00000
  18906     8.50    -21.35  1.00000
  18907     8.50    -21.30  1.00000
  18908     8.50    -21.25  1.00000
  18909     8.50    -21.20  1.00000
  18910     8.50    -21.15  1.00000
  18911     8.50    -21.10  1.00000
  18912     8.50    -21.05  1.00000
  18913     8.50    -21.00  1.00000
  18914     8.50    -20.95  1.00000
  18915     8.50    -20.90  1.00000
  18916     8.50    -20.85  1.00000
  18917     8.50    -20.80  1.00000
  18918     8.50    -20.75  1.00000
  18919     8.50    -20.70  1.00000
  18920     8.50    -20.65  1.00000
  18921     8.50    -20.60  1.00000
  18922     8.50    -20.55  1.00000
  18923     8.50    -20.50  1.00000
  18924     8.50    -20.45  1.00000
  18925     8.50    -20.40  1.00000
  18926     8.50    -20.35  1.00000
  18927     8.50    -20.30  1.00000
  18928     8.50    -20.25  1.00000
  18929     8.50    -20.20  1.00000
  18930     8.50    -20.15  1.00000
  18931     8.50    -20.10  1.00000
  18932     8.50    -20.05  1.00000
  18933     8.50    -20.00  1.00000
  18934     8.50    -19.95  1.00000
  18935     8.50    -19.90  1.00000
  18936     8.50    -19.85  1.00000
  18937     8.50    -19.80  1.00000
  18938     8.50    -19.75  1.00000
  18939     8.50    -19.70  1.00000
  18940     8.50    -19.65  1.00000
  18941     8.50    -19.60  1.00000
  18942     8.50    -19.55  1.00000
  18943     8.50    -19.50  1.00000
  18944     8.50    -19.45  1.00000
  18945     8.50    -19.40  1.00000
  18946     8.50    -19.35  1.00000
  18947     8.50    -19.30  1.00000
  18948     8.50    -19.25  1.00000
  18949     8.50    -19.20  1.00000
  18950     8.50    -19.15  1.00000
  18951     8.50    -19.10  1.00000
  18952     8.50    -19.05  1.00000
  18953     8.50    -19.00  1.00000
  18954     8.50    -18.95  1.00000
  18955     8.50    -18.90  1.00000
  18956     8.50    -18.85  1.00000
  18957     8.50    -18.80  1.00000
  18958     8.50    -18.75  1.00000
  18959     8.50    -18.70  1.00000
  18960     8.50    -18.65  1.00000
  18961     8.50    -18.60  1.00000
  18962     8.50    -18.55  1.00000
  18963     8.50    -18.50  1.00000
  18964     8.50    -18.45  1.00000
  18965     8.50    -18.40  1.00000
  18966     8.50    -18.35  1.00000
  18967     8.50    -18.30  1.00000
  18968     8.50    -18.25  1.00000
  18969     8.50    -18.20  1.00000
  18970     8.50    -18.15  1.00000
  18971     8.50    -18.10  1.00000
  18972     8.50    -18.05  1.00000
  18973     8.50    -18.00  1.00000
  18974     8.50    -17.95  1.00000
  18975     8.50    -17.90  1.00000
  18976     8.50    -17.85  1.00000
  18977     8.50    -17.80  1.00000
  18978     8.50    -17.75  1.00000
  18979     8.50    -17.70  1.00000
  18980     8.50    -17.65  1.00000
  18981     8.50    -17.60  1.00000
  18982     8.50    -17.55  1.00000
  18983     8.50    -17.50  1.00000
  18984     8.50    -17.45  1.00000
  18985     8.50    -17.40  1.00000
  18986     8.50    -17.35  1.00000
  18987     8.50    -17.30  1.00000
  18988     8.50    -17.25  1.00000
  18989     8.50    -17.20  1.00000
  18990     8.50    -17.15  1.00000
  18991     8.50    -17.10  1.00000
  18992     8.50    -17.05  1.00000
  18993     8.50    -17.00  1.00000
  18994     8.50    -16.95  1.00000
  18995     8.50    -16.90  1.00000
  18996     8.50    -16.85  1.00000
  18997     8.50    -16.80  1.00000
  18998     8.50    -16.75  1.00000
  18999     8.50    -16.70  1.00000
  19000     8.50    -16.65  1.00000
  19001     8.50    -16.60  1.00000
  19002     8.50    -16.55  1.00000
  19003     8.50    -16.50  1.00000
  19004     8.50    -16.45  1.00000
  19005     8.50    -16.40  1.00000
  19006     8.50    -16.35  1.00000
  19007     8.50    -16.30  1.00000
  19008     8.50    -16.25  1.00000
  19009     8.50    -16.20  1.00000
  19010     8.50    -16.15  1.00000
  19011     8.50    -16.10  1.00000
  19012     8.50    -16.05  1.00000
  19013     8.50    -16.00  1.00000
  19014     8.50    -15.95  1.00000
  19015     8.50    -15.90  1.00000
  19016     8.50    -15.85  1.00000
  19017     8.50    -15.80  1.00000
  19018     8.50    -15.75  1.00000
  19019     8.50    -15.70  1.00000
  19020     8.50    -15.65  1.00000
  19021     8.50    -15.60  1.00000
  19022     8.50    -15.55  1.00000
  19023     8.50    -15.50  1.00000
  19024     8.50    -15.45  1.00000
  19025     8.50    -15.40  1.00000
  19026     8.50    -15.35  1.00000
  19027     8.55    -22.85  1.00000
  19028     8.55    -22.80  1.00000
  19029     8.55    -22.75  1.00000
  19030     8.55    -22.70  1.00000
  19031     8.55    -22.65  1.00000
  19032     8.55    -22.60  1.00000
  19033     8.55    -22.55  1.00000
  19034     8.55    -22.50  1.00000
  19035     8.55    -22.45  1.00000
  19036     8.55    -22.40  1.00000
  19037     8.55    -22.35  1.00000
  19038     8.55    -22.30  1.00000
  19039     8.55    -22.25  1.00000
  19040     8.55    -22.20  1.00000
  19041     8.55    -22.15  1.00000
  19042     8.55    -22.10  1.00000
  19043     8.55    -22.05  1.00000
  19044     8.55    -22.00  1.00000
  19045     8.55    -21.95  1.00000
  19046     8.55    -21.90  1.00000
  19047     8.55    -21.85  1.00000
  19048     8.55    -21.80  1.00000
  19049     8.55    -21.75  1.00000
  19050     8.55    -21.70  1.00000
  19051     8.55    -21.65  1.00000
  19052     8.55    -21.60  1.00000
  19053     8.55    -21.55  1.00000
  19054     8.55    -21.50  1.00000
  19055     8.55    -21.45  1.00000
  19056     8.55    -21.40  1.00000
  19057     8.55    -21.35  1.00000
  19058     8.55    -21.30  1.00000
  19059     8.55    -21.25  1.00000
  19060     8.55    -21.20  1.00000
  19061     8.55    -21.15  1.00000
  19062     8.55    -21.10  1.00000
  19063     8.55    -21.05  1.00000
  19064     8.55    -21.00  1.00000
  19065     8.55    -20.95  1.00000
  19066     8.55    -20.90  1.00000
  19067     8.55    -20.85  1.00000
  19068     8.55    -20.80  1.00000
  19069     8.55    -20.75  1.00000
  19070     8.55    -20.70  1.00000
  19071     8.55    -20.65  1.00000
  19072     8.55    -20.60  1.00000
  19073     8.55    -20.55  1.00000
  19074     8.55    -20.50  1.00000
  19075     8.55    -20.45  1.00000
  19076     8.55    -20.40  1.00000
  19077     8.55    -20.35  1.00000
  19078     8.55    -20.30  1.00000
  19079     8.55    -20.25  1.00000
  19080     8.55    -20.20  1.00000
  19081     8.55    -20.15  1.00000
  19082     8.55    -20.10  1.00000
  19083     8.55    -20.05  1.00000
  19084     8.55    -20.00  1.00000
  19085     8.55    -19.95  1.00000
  19086     8.55    -19.90  1.00000
  19087     8.55    -19.85  1.00000
  19088     8.55    -19.80  1.00000
  19089     8.55    -19.75  1.00000
  19090     8.55    -19.70  1.00000
  19091     8.55    -19.65  1.00000
  19092     8.55    -19.60  1.00000
  19093     8.55    -19.55  1.00000
  19094     8.55    -19.50  1.00000
  19095     8.55    -19.45  1.00000
  19096     8.55    -19.40  1.00000
  19097     8.55    -19.35  1.00000
  19098     8.55    -19.30  1.00000
  19099     8.55    -19.25  1.00000
  19100     8.55    -19.20  1.00000
  19101     8.55    -19.15  1.00000
  19102     8.55    -19.10  1.00000
  19103     8.55    -19.05  1.00000
  19104     8.55    -19.00  1.00000
  19105     8.55    -18.95  1.00000
  19106     8.55    -18.90  1.00000
  19107     8.55    -18.85  1.00000
  19108     8.55    -18.80  1.00000
  19109     8.55    -18.75  1.00000
  19110     8.55    -18.70  1.00000
  19111     8.55    -18.65  1.00000
  19112     8.55    -18.60  1.00000
  19113     8.55    -18.55  1.00000
  19114     8.55    -18.50  1.00000
  19115     8.55    -18.45  1.00000
  19116     8.55    -18.40  1.00000
  19117     8.55    -18.35  1.00000
  19118     8.55    -18.30  1.00000
  19119     8.55    -18.25  1.00000
  19120     8.55    -18.20  1.00000
  19121     8.55    -18.15  1.00000
  19122     8.55    -18.10  1.00000
  19123     8.55    -18.05  1.00000
  19124     8.55    -18.00  1.00000
  19125     8.55    -17.95  1.00000
  19126     8.55    -17.90  1.00000
  19127     8.55    -17.85  1.00000
  19128     8.55    -17.80  1.00000
  19129     8.55    -17.75  1.00000
  19130     8.55    -17.70  1.00000
  19131     8.55    -17.65  1.00000
  19132     8.55    -17.60  1.00000
  19133     8.55    -17.55  1.00000
  19134     8.55    -17.50  1.00000
  19135     8.55    -17.45  1.00000
  19136     8.55    -17.40  1.00000
  19137     8.55    -17.35  1.00000
  19138     8.55    -17.30  1.00000
  19139     8.55    -17.25  1.00000
  19140     8.55    -17.20  1.00000
  19141     8.55    -17.15  1.00000
  19142     8.55    -17.10  1.00000
  19143     8.55    -17.05  1.00000
  19144     8.55    -17.00  1.00000
  19145     8.55    -16.95  1.00000
  19146     8.55    -16.90  1.00000
  19147     8.55    -16.85  1.00000
  19148     8.55    -16.80  1.00000
  19149     8.55    -16.75  1.00000
  19150     8.55    -16.70  1.00000
  19151     8.55    -16.65  1.00000
  19152     8.55    -16.60  1.00000
  19153     8.55    -16.55  1.00000
  19154     8.55    -16.50  1.00000
  19155     8.55    -16.45  1.00000
  19156     8.55    -16.40  1.00000
  19157     8.55    -16.35  1.00000
  19158     8.55    -16.30  1.00000
  19159     8.55    -16.25  1.00000
  19160     8.55    -16.20  1.00000
  19161     8.55    -16.15  1.00000
  19162     8.55    -16.10  1.00000
  19163     8.55    -16.05  1.00000
  19164     8.55    -16.00  1.00000
  19165     8.55    -15.95  1.00000
  19166     8.55    -15.90  1.00000
  19167     8.55    -15.85  1.00000
  19168     8.55    -15.80  1.00000
  19169     8.55    -15.75  1.00000
  19170     8.55    -15.70  1.00000
  19171     8.55    -15.65  1.00000
  19172     8.55    -15.60  1.00000
  19173     8.55    -15.55  1.00000
  19174     8.55    -15.50  1.00000
  19175     8.55    -15.45  1.00000
  19176     8.55    -15.40  1.00000
  19177     8.55    -15.35  1.00000
  19178     8.60    -22.85  1.00000
  19179     8.60    -22.80  1.00000
  19180     8.60    -22.75  1.00000
  19181     8.60    -22.70  1.00000
  19182     8.60    -22.65  1.00000
  19183     8.60    -22.60  1.00000
  19184     8.60    -22.55  1.00000
  19185     8.60    -22.50  1.00000
  19186     8.60    -22.45  1.00000
  19187     8.60    -22.40  1.00000
  19188     8.60    -22.35  1.00000
  19189     8.60    -22.30  1.00000
  19190     8.60    -22.25  1.00000
  19191     8.60    -22.20  1.00000
  19192     8.60    -22.15  1.00000
  19193     8.60    -22.10  1.00000
  19194     8.60    -22.05  1.00000
  19195     8.60    -22.00  1.00000
  19196     8.60    -21.95  1.00000
  19197     8.60    -21.90  1.00000
  19198     8.60    -21.85  1.00000
  19199     8.60    -21.80  1.00000
  19200     8.60    -21.75  1.00000
  19201     8.60    -21.70  1.00000
  19202     8.60    -21.65  1.00000
  19203     8.60    -21.60  1.00000
  19204     8.60    -21.55  1.00000
  19205     8.60    -21.50  1.00000
  19206     8.60    -21.45  1.00000
  19207     8.60    -21.40  1.00000
  19208     8.60    -21.35  1.00000
  19209     8.60    -21.30  1.00000
  19210     8.60    -21.25  1.00000
  19211     8.60    -21.20  1.00000
  19212     8.60    -21.15  1.00000
  19213     8.60    -21.10  1.00000
  19214     8.60    -21.05  1.00000
  19215     8.60    -21.00  1.00000
  19216     8.60    -20.95  1.00000
  19217     8.60    -20.90  1.00000
  19218     8.60    -20.85  1.00000
  19219     8.60    -20.80  1.00000
  19220     8.60    -20.75  1.00000
  19221     8.60    -20.70  1.00000
  19222     8.60    -20.65  1.00000
  19223     8.60    -20.60  1.00000
  19224     8.60    -20.55  1.00000
  19225     8.60    -20.50  1.00000
  19226     8.60    -20.45  1.00000
  19227     8.60    -20.40  1.00000
  19228     8.60    -20.35  1.00000
  19229     8.60    -20.30  1.00000
  19230     8.60    -20.25  1.00000
  19231     8.60    -20.20  1.00000
  19232     8.60    -20.15  1.00000
  19233     8.60    -20.10  1.00000
  19234     8.60    -20.05  1.00000
  19235     8.60    -20.00  1.00000
  19236     8.60    -19.95  1.00000
  19237     8.60    -19.90  1.00000
  19238     8.60    -19.85  1.00000
  19239     8.60    -19.80  1.00000
  19240     8.60    -19.75  1.00000
  19241     8.60    -19.70  1.00000
  19242     8.60    -19.65  1.00000
  19243     8.60    -19.60  1.00000
  19244     8.60    -19.55  1.00000
  19245     8.60    -19.50  1.00000
  19246     8.60    -19.45  1.00000
  19247     8.60    -19.40  1.00000
  19248     8.60    -19.35  1.00000
  19249     8.60    -19.30  1.00000
  19250     8.60    -19.25  1.00000
  19251     8.60    -19.20  1.00000
  19252     8.60    -19.15  1.00000
  19253     8.60    -19.10  1.00000
  19254     8.60    -19.05  1.00000
  19255     8.60    -19.00  1.00000
  19256     8.60    -18.95  1.00000
  19257     8.60    -18.90  1.00000
  19258     8.60    -18.85  1.00000
  19259     8.60    -18.80  1.00000
  19260     8.60    -18.75  1.00000
  19261     8.60    -18.70  1.00000
  19262     8.60    -18.65  1.00000
  19263     8.60    -18.60  1.00000
  19264     8.60    -18.55  1.00000
  19265     8.60    -18.50  1.00000
  19266     8.60    -18.45  1.00000
  19267     8.60    -18.40  1.00000
  19268     8.60    -18.35  1.00000
  19269     8.60    -18.30  1.00000
  19270     8.60    -18.25  1.00000
  19271     8.60    -18.20  1.00000
  19272     8.60    -18.15  1.00000
  19273     8.60    -18.10  1.00000
  19274     8.60    -18.05  1.00000
  19275     8.60    -18.00  1.00000
  19276     8.60    -17.95  1.00000
  19277     8.60    -17.90  1.00000
  19278     8.60    -17.85  1.00000
  19279     8.60    -17.80  1.00000
  19280     8.60    -17.75  1.00000
  19281     8.60    -17.70  1.00000
  19282     8.60    -17.65  1.00000
  19283     8.60    -17.60  1.00000
  19284     8.60    -17.55  1.00000
  19285     8.60    -17.50  1.00000
  19286     8.60    -17.45  1.00000
  19287     8.60    -17.40  1.00000
  19288     8.60    -17.35  1.00000
  19289     8.60    -17.30  1.00000
  19290     8.60    -17.25  1.00000
  19291     8.60    -17.20  1.00000
  19292     8.60    -17.15  1.00000
  19293     8.60    -17.10  1.00000
  19294     8.60    -17.05  1.00000
  19295     8.60    -17.00  1.00000
  19296     8.60    -16.95  1.00000
  19297     8.60    -16.90  1.00000
  19298     8.60    -16.85  1.00000
  19299     8.60    -16.80  1.00000
  19300     8.60    -16.75  1.00000
  19301     8.60    -16.70  1.00000
  19302     8.60    -16.65  1.00000
  19303     8.60    -16.60  1.00000
  19304     8.60    -16.55  1.00000
  19305     8.60    -16.50  1.00000
  19306     8.60    -16.45  1.00000
  19307     8.60    -16.40  1.00000
  19308     8.60    -16.35  1.00000
  19309     8.60    -16.30  1.00000
  19310     8.60    -16.25  1.00000
  19311     8.60    -16.20  1.00000
  19312     8.60    -16.15  1.00000
  19313     8.60    -16.10  1.00000
  19314     8.60    -16.05  1.00000
  19315     8.60    -16.00  1.00000
  19316     8.60    -15.95  1.00000
  19317     8.60    -15.90  1.00000
  19318     8.60    -15.85  1.00000
  19319     8.60    -15.80  1.00000
  19320     8.60    -15.75  1.00000
  19321     8.60    -15.70  1.00000
  19322     8.60    -15.65  1.00000
  19323     8.60    -15.60  1.00000
  19324     8.60    -15.55  1.00000
  19325     8.60    -15.50  1.00000
  19326     8.60    -15.45  1.00000
  19327     8.60    -15.40  1.00000
  19328     8.60    -15.35  1.00000
  19329     8.65    -22.85  1.00000
  19330     8.65    -22.80  1.00000
  19331     8.65    -22.75  1.00000
  19332     8.65    -22.70  1.00000
  19333     8.65    -22.65  1.00000
  19334     8.65    -22.60  1.00000
  19335     8.65    -22.55  1.00000
  19336     8.65    -22.50  1.00000
  19337     8.65    -22.45  1.00000
  19338     8.65    -22.40  1.00000
  19339     8.65    -22.35  1.00000
  19340     8.65    -22.30  1.00000
  19341     8.65    -22.25  1.00000
  19342     8.65    -22.20  1.00000
  19343     8.65    -22.15  1.00000
  19344     8.65    -22.10  1.00000
  19345     8.65    -22.05  1.00000
  19346     8.65    -22.00  1.00000
  19347     8.65    -21.95  1.00000
  19348     8.65    -21.90  1.00000
  19349     8.65    -21.85  1.00000
  19350     8.65    -21.80  1.00000
  19351     8.65    -21.75  1.00000
  19352     8.65    -21.70  1.00000
  19353     8.65    -21.65  1.00000
  19354     8.65    -21.60  1.00000
  19355     8.65    -21.55  1.00000
  19356     8.65    -21.50  1.00000
  19357     8.65    -21.45  1.00000
  19358     8.65    -21.40  1.00000
  19359     8.65    -21.35  1.00000
  19360     8.65    -21.30  1.00000
  19361     8.65    -21.25  1.00000
  19362     8.65    -21.20  1.00000
  19363     8.65    -21.15  1.00000
  19364     8.65    -21.10  1.00000
  19365     8.65    -21.05  1.00000
  19366     8.65    -21.00  1.00000
  19367     8.65    -20.95  1.00000
  19368     8.65    -20.90  1.00000
  19369     8.65    -20.85  1.00000
  19370     8.65    -20.80  1.00000
  19371     8.65    -20.75  1.00000
  19372     8.65    -20.70  1.00000
  19373     8.65    -20.65  1.00000
  19374     8.65    -20.60  1.00000
  19375     8.65    -20.55  1.00000
  19376     8.65    -20.50  1.00000
  19377     8.65    -20.45  1.00000
  19378     8.65    -20.40  1.00000
  19379     8.65    -20.35  1.00000
  19380     8.65    -20.30  1.00000
  19381     8.65    -20.25  1.00000
  19382     8.65    -20.20  1.00000
  19383     8.65    -20.15  1.00000
  19384     8.65    -20.10  1.00000
  19385     8.65    -20.05  1.00000
  19386     8.65    -20.00  1.00000
  19387     8.65    -19.95  1.00000
  19388     8.65    -19.90  1.00000
  19389     8.65    -19.85  1.00000
  19390     8.65    -19.80  1.00000
  19391     8.65    -19.75  1.00000
  19392     8.65    -19.70  1.00000
  19393     8.65    -19.65  1.00000
  19394     8.65    -19.60  1.00000
  19395     8.65    -19.55  1.00000
  19396     8.65    -19.50  1.00000
  19397     8.65    -19.45  1.00000
  19398     8.65    -19.40  1.00000
  19399     8.65    -19.35  1.00000
  19400     8.65    -19.30  1.00000
  19401     8.65    -19.25  1.00000
  19402     8.65    -19.20  1.00000
  19403     8.65    -19.15  1.00000
  19404     8.65    -19.10  1.00000
  19405     8.65    -19.05  1.00000
  19406     8.65    -19.00  1.00000
  19407     8.65    -18.95  1.00000
  19408     8.65    -18.90  1.00000
  19409     8.65    -18.85  1.00000
  19410     8.65    -18.80  1.00000
  19411     8.65    -18.75  1.00000
  19412     8.65    -18.70  1.00000
  19413     8.65    -18.65  1.00000
  19414     8.65    -18.60  1.00000
  19415     8.65    -18.55  1.00000
  19416     8.65    -18.50  1.00000
  19417     8.65    -18.45  1.00000
  19418     8.65    -18.40  1.00000
  19419     8.65    -18.35  1.00000
  19420     8.65    -18.30  1.00000
  19421     8.65    -18.25  1.00000
  19422     8.65    -18.20  1.00000
  19423     8.65    -18.15  1.00000
  19424     8.65    -18.10  1.00000
  19425     8.65    -18.05  1.00000
  19426     8.65    -18.00  1.00000
  19427     8.65    -17.95  1.00000
  19428     8.65    -17.90  1.00000
  19429     8.65    -17.85  1.00000
  19430     8.65    -17.80  1.00000
  19431     8.65    -17.75  1.00000
  19432     8.65    -17.70  1.00000
  19433     8.65    -17.65  1.00000
  19434     8.65    -17.60  1.00000
  19435     8.65    -17.55  1.00000
  19436     8.65    -17.50  1.00000
  19437     8.65    -17.45  1.00000
  19438     8.65    -17.40  1.00000
  19439     8.65    -17.35  1.00000
  19440     8.65    -17.30  1.00000
  19441     8.65    -17.25  1.00000
  19442     8.65    -17.20  1.00000
  19443     8.65    -17.15  1.00000
  19444     8.65    -17.10  1.00000
  19445     8.65    -17.05  1.00000
  19446     8.65    -17.00  1.00000
  19447     8.65    -16.95  1.00000
  19448     8.65    -16.90  1.00000
  19449     8.65    -16.85  1.00000
  19450     8.65    -16.80  1.00000
  19451     8.65    -16.75  1.00000
  19452     8.65    -16.70  1.00000
  19453     8.65    -16.65  1.00000
  19454     8.65    -16.60  1.00000
  19455     8.65    -16.55  1.00000
  19456     8.65    -16.50  1.00000
  19457     8.65    -16.45  1.00000
  19458     8.65    -16.40  1.00000
  19459     8.65    -16.35  1.00000
  19460     8.65    -16.30  1.00000
  19461     8.65    -16.25  1.00000
  19462     8.65    -16.20  1.00000
  19463     8.65    -16.15  1.00000
  19464     8.65    -16.10  1.00000
  19465     8.65    -16.05  1.00000
  19466     8.65    -16.00  1.00000
  19467     8.65    -15.95  1.00000
  19468     8.65    -15.90  1.00000
  19469     8.65    -15.85  1.00000
  19470     8.65    -15.80  1.00000
  19471     8.65    -15.75  1.00000
  19472     8.65    -15.70  1.00000
  19473     8.65    -15.65  1.00000
  19474     8.65    -15.60  1.00000
  19475     8.65    -15.55  1.00000
  19476     8.65    -15.50  1.00000
  19477     8.65    -15.45  1.00000
  19478     8.65    -15.40  1.00000
  19479     8.65    -15.35  1.00000
  19480     8.70    -22.85  1.00000
  19481     8.70    -22.80  1.00000
  19482     8.70    -22.75  1.00000
  19483     8.70    -22.70  1.00000
  19484     8.70    -22.65  1.00000
  19485     8.70    -22.60  1.00000
  19486     8.70    -22.55  1.00000
  19487     8.70    -22.50  1.00000
  19488     8.70    -22.45  1.00000
  19489     8.70    -22.40  1.00000
  19490     8.70    -22.35  1.00000
  19491     8.70    -22.30  1.00000
  19492     8.70    -22.25  1.00000
  19493     8.70    -22.20  1.00000
  19494     8.70    -22.15  1.00000
  19495     8.70    -22.10  1.00000
  19496     8.70    -22.05  1.00000
  19497     8.70    -22.00  1.00000
  19498     8.70    -21.95  1.00000
  19499     8.70    -21.90  1.00000
  19500     8.70    -21.85  1.00000
  19501     8.70    -21.80  1.00000
  19502     8.70    -21.75  1.00000
  19503     8.70    -21.70  1.00000
  19504     8.70    -21.65  1.00000
  19505     8.70    -21.60  1.00000
  19506     8.70    -21.55  1.00000
  19507     8.70    -21.50  1.00000
  19508     8.70    -21.45  1.00000
  19509     8.70    -21.40  1.00000
  19510     8.70    -21.35  1.00000
  19511     8.70    -21.30  1.00000
  19512     8.70    -21.25  1.00000
  19513     8.70    -21.20  1.00000
  19514     8.70    -21.15  1.00000
  19515     8.70    -21.10  1.00000
  19516     8.70    -21.05  1.00000
  19517     8.70    -21.00  1.00000
  19518     8.70    -20.95  1.00000
  19519     8.70    -20.90  1.00000
  19520     8.70    -20.85  1.00000
  19521     8.70    -20.80  1.00000
  19522     8.70    -20.75  1.00000
  19523     8.70    -20.70  1.00000
  19524     8.70    -20.65  1.00000
  19525     8.70    -20.60  1.00000
  19526     8.70    -20.55  1.00000
  19527     8.70    -20.50  1.00000
  19528     8.70    -20.45  1.00000
  19529     8.70    -20.40  1.00000
  19530     8.70    -20.35  1.00000
  19531     8.70    -20.30  1.00000
  19532     8.70    -20.25  1.00000
  19533     8.70    -20.20  1.00000
  19534     8.70    -20.15  1.00000
  19535     8.70    -20.10  1.00000
  19536     8.70    -20.05  1.00000
  19537     8.70    -20.00  1.00000
  19538     8.70    -19.95  1.00000
  19539     8.70    -19.90  1.00000
  19540     8.70    -19.85  1.00000
  19541     8.70    -19.80  1.00000
  19542     8.70    -19.75  1.00000
  19543     8.70    -19.70  1.00000
  19544     8.70    -19.65  1.00000
  19545     8.70    -19.60  1.00000
  19546     8.70    -19.55  1.00000
  19547     8.70    -19.50  1.00000
  19548     8.70    -19.45  1.00000
  19549     8.70    -19.40  1.00000
  19550     8.70    -19.35  1.00000
  19551     8.70    -19.30  1.00000
  19552     8.70    -19.25  1.00000
  19553     8.70    -19.20  1.00000
  19554     8.70    -19.15  1.00000
  19555     8.70    -19.10  1.00000
  19556     8.70    -19.05  1.00000
  19557     8.70    -19.00  1.00000
  19558     8.70    -18.95  1.00000
  19559     8.70    -18.90  1.00000
  19560     8.70    -18.85  1.00000
  19561     8.70    -18.80  1.00000
  19562     8.70    -18.75  1.00000
  19563     8.70    -18.70  1.00000
  19564     8.70    -18.65  1.00000
  19565     8.70    -18.60  1.00000
  19566     8.70    -18.55  1.00000
  19567     8.70    -18.50  1.00000
  19568     8.70    -18.45  1.00000
  19569     8.70    -18.40  1.00000
  19570     8.70    -18.35  1.00000
  19571     8.70    -18.30  1.00000
  19572     8.70    -18.25  1.00000
  19573     8.70    -18.20  1.00000
  19574     8.70    -18.15  1.00000
  19575     8.70    -18.10  1.00000
  19576     8.70    -18.05  1.00000
  19577     8.70    -18.00  1.00000
  19578     8.70    -17.95  1.00000
  19579     8.70    -17.90  1.00000
  19580     8.70    -17.85  1.00000
  19581     8.70    -17.80  1.00000
  19582     8.70    -17.75  1.00000
  19583     8.70    -17.70  1.00000
  19584     8.70    -17.65  1.00000
  19585     8.70    -17.60  1.00000
  19586     8.70    -17.55  1.00000
  19587     8.70    -17.50  1.00000
  19588     8.70    -17.45  1.00000
  19589     8.70    -17.40  1.00000
  19590     8.70    -17.35  1.00000
  19591     8.70    -17.30  1.00000
  19592     8.70    -17.25  1.00000
  19593     8.70    -17.20  1.00000
  19594     8.70    -17.15  1.00000
  19595     8.70    -17.10  1.00000
  19596     8.70    -17.05  1.00000
  19597     8.70    -17.00  1.00000
  19598     8.70    -16.95  1.00000
  19599     8.70    -16.90  1.00000
  19600     8.70    -16.85  1.00000
  19601     8.70    -16.80  1.00000
  19602     8.70    -16.75  1.00000
  19603     8.70    -16.70  1.00000
  19604     8.70    -16.65  1.00000
  19605     8.70    -16.60  1.00000
  19606     8.70    -16.55  1.00000
  19607     8.70    -16.50  1.00000
  19608     8.70    -16.45  1.00000
  19609     8.70    -16.40  1.00000
  19610     8.70    -16.35  1.00000
  19611     8.70    -16.30  1.00000
  19612     8.70    -16.25  1.00000
  19613     8.70    -16.20  1.00000
  19614     8.70    -16.15  1.00000
  19615     8.70    -16.10  1.00000
  19616     8.70    -16.05  1.00000
  19617     8.70    -16.00  1.00000
  19618     8.70    -15.95  1.00000
  19619     8.70    -15.90  1.00000
  19620     8.70    -15.85  1.00000
  19621     8.70    -15.80  1.00000
  19622     8.70    -15.75  1.00000
  19623     8.70    -15.70  1.00000
  19624     8.70    -15.65  1.00000
  19625     8.70    -15.60  1.00000
  19626     8.70    -15.55  1.00000
  19627     8.70    -15.50  1.00000
  19628     8.70    -15.45  1.00000
  19629     8.70    -15.40  1.00000
  19630     8.70    -15.35  1.00000
  19631     8.75    -22.85  1.00000
  19632     8.75    -22.80  1.00000
  19633     8.75    -22.75  1.00000
  19634     8.75    -22.70  1.00000
  19635     8.75    -22.65  1.00000
  19636     8.75    -22.60  1.00000
  19637     8.75    -22.55  1.00000
  19638     8.75    -22.50  1.00000
  19639     8.75    -22.45  1.00000
  19640     8.75    -22.40  1.00000
  19641     8.75    -22.35  1.00000
  19642     8.75    -22.30  1.00000
  19643     8.75    -22.25  1.00000
  19644     8.75    -22.20  1.00000
  19645     8.75    -22.15  1.00000
  19646     8.75    -22.10  1.00000
  19647     8.75    -22.05  1.00000
  19648     8.75    -22.00  1.00000
  19649     8.75    -21.95  1.00000
  19650     8.75    -21.90  1.00000
  19651     8.75    -21.85  1.00000
  19652     8.75    -21.80  1.00000
  19653     8.75    -21.75  1.00000
  19654     8.75    -21.70  1.00000
  19655     8.75    -21.65  1.00000
  19656     8.75    -21.60  1.00000
  19657     8.75    -21.55  1.00000
  19658     8.75    -21.50  1.00000
  19659     8.75    -21.45  1.00000
  19660     8.75    -21.40  1.00000
  19661     8.75    -21.35  1.00000
  19662     8.75    -21.30  1.00000
  19663     8.75    -21.25  1.00000
  19664     8.75    -21.20  1.00000
  19665     8.75    -21.15  1.00000
  19666     8.75    -21.10  1.00000
  19667     8.75    -21.05  1.00000
  19668     8.75    -21.00  1.00000
  19669     8.75    -20.95  1.00000
  19670     8.75    -20.90  1.00000
  19671     8.75    -20.85  1.00000
  19672     8.75    -20.80  1.00000
  19673     8.75    -20.75  1.00000
  19674     8.75    -20.70  1.00000
  19675     8.75    -20.65  1.00000
  19676     8.75    -20.60  1.00000
  19677     8.75    -20.55  1.00000
  19678     8.75    -20.50  1.00000
  19679     8.75    -20.45  1.00000
  19680     8.75    -20.40  1.00000
  19681     8.75    -20.35  1.00000
  19682     8.75    -20.30  1.00000
  19683     8.75    -20.25  1.00000
  19684     8.75    -20.20  1.00000
  19685     8.75    -20.15  1.00000
  19686     8.75    -20.10  1.00000
  19687     8.75    -20.05  1.00000
  19688     8.75    -20.00  1.00000
  19689     8.75    -19.95  1.00000
  19690     8.75    -19.90  1.00000
  19691     8.75    -19.85  1.00000
  19692     8.75    -19.80  1.00000
  19693     8.75    -19.75  1.00000
  19694     8.75    -19.70  1.00000
  19695     8.75    -19.65  1.00000
  19696     8.75    -19.60  1.00000
  19697     8.75    -19.55  1.00000
  19698     8.75    -19.50  1.00000
  19699     8.75    -19.45  1.00000
  19700     8.75    -19.40  1.00000
  19701     8.75    -19.35  1.00000
  19702     8.75    -19.30  1.00000
  19703     8.75    -19.25  1.00000
  19704     8.75    -19.20  1.00000
  19705     8.75    -19.15  1.00000
  19706     8.75    -19.10  1.00000
  19707     8.75    -19.05  1.00000
  19708     8.75    -19.00  1.00000
  19709     8.75    -18.95  1.00000
  19710     8.75    -18.90  1.00000
  19711     8.75    -18.85  1.00000
  19712     8.75    -18.80  1.00000
  19713     8.75    -18.75  1.00000
  19714     8.75    -18.70  1.00000
  19715     8.75    -18.65  1.00000
  19716     8.75    -18.60  1.00000
  19717     8.75    -18.55  1.00000
  19718     8.75    -18.50  1.00000
  19719     8.75    -18.45  1.00000
  19720     8.75    -18.40  1.00000
  19721     8.75    -18.35  1.00000
  19722     8.75    -18.30  1.00000
  19723     8.75    -18.25  1.00000
  19724     8.75    -18.20  1.00000
  19725     8.75    -18.15  1.00000
  19726     8.75    -18.10  1.00000
  19727     8.75    -18.05  1.00000
  19728     8.75    -18.00  1.00000
  19729     8.75    -17.95  1.00000
  19730     8.75    -17.90  1.00000
  19731     8.75    -17.85  1.00000
  19732     8.75    -17.80  1.00000
  19733     8.75    -17.75  1.00000
  19734     8.75    -17.70  1.00000
  19735     8.75    -17.65  1.00000
  19736     8.75    -17.60  1.00000
  19737     8.75    -17.55  1.00000
  19738     8.75    -17.50  1.00000
  19739     8.75    -17.45  1.00000
  19740     8.75    -17.40  1.00000
  19741     8.75    -17.35  1.00000
  19742     8.75    -17.30  1.00000
  19743     8.75    -17.25  1.00000
  19744     8.75    -17.20  1.00000
  19745     8.75    -17.15  1.00000
  19746     8.75    -17.10  1.00000
  19747     8.75    -17.05  1.00000
  19748     8.75    -17.00  1.00000
  19749     8.75    -16.95  1.00000
  19750     8.75    -16.90  1.00000
  19751     8.75    -16.85  1.00000
  19752     8.75    -16.80  1.00000
  19753     8.75    -16.75  1.00000
  19754     8.75    -16.70  1.00000
  19755     8.75    -16.65  1.00000
  19756     8.75    -16.60  1.00000
  19757     8.75    -16.55  1.00000
  19758     8.75    -16.50  1.00000
  19759     8.75    -16.45  1.00000
  19760     8.75    -16.40  1.00000
  19761     8.75    -16.35  1.00000
  19762     8.75    -16.30  1.00000
  19763     8.75    -16.25  1.00000
  19764     8.75    -16.20  1.00000
  19765     8.75    -16.15  1.00000
  19766     8.75    -16.10  1.00000
  19767     8.75    -16.05  1.00000
  19768     8.75    -16.00  1.00000
  19769     8.75    -15.95  1.00000
  19770     8.75    -15.90  1.00000
  19771     8.75    -15.85  1.00000
  19772     8.75    -15.80  1.00000
  19773     8.75    -15.75  1.00000
  19774     8.75    -15.70  1.00000
  19775     8.75    -15.65  1.00000
  19776     8.75    -15.60  1.00000
  19777     8.75    -15.55  1.00000
  19778     8.75    -15.50  1.00000
  19779     8.75    -15.45  1.00000
  19780     8.75    -15.40  1.00000
  19781     8.75    -15.35  1.00000
  19782     8.80    -22.85  1.00000
  19783     8.80    -22.80  1.00000
  19784     8.80    -22.75  1.00000
  19785     8.80    -22.70  1.00000
  19786     8.80    -22.65  1.00000
  19787     8.80    -22.60  1.00000
  19788     8.80    -22.55  1.00000
  19789     8.80    -22.50  1.00000
  19790     8.80    -22.45  1.00000
  19791     8.80    -22.40  1.00000
  19792     8.80    -22.35  1.00000
  19793     8.80    -22.30  1.00000
  19794     8.80    -22.25  1.00000
  19795     8.80    -22.20  1.00000
  19796     8.80    -22.15  1.00000
  19797     8.80    -22.10  1.00000
  19798     8.80    -22.05  1.00000
  19799     8.80    -22.00  1.00000
  19800     8.80    -21.95  1.00000
  19801     8.80    -21.90  1.00000
  19802     8.80    -21.85  1.00000
  19803     8.80    -21.80  1.00000
  19804     8.80    -21.75  1.00000
  19805     8.80    -21.70  1.00000
  19806     8.80    -21.65  1.00000
  19807     8.80    -21.60  1.00000
  19808     8.80    -21.55  1.00000
  19809     8.80    -21.50  1.00000
  19810     8.80    -21.45  1.00000
  19811     8.80    -21.40  1.00000
  19812     8.80    -21.35  1.00000
  19813     8.80    -21.30  1.00000
  19814     8.80    -21.25  1.00000
  19815     8.80    -21.20  1.00000
  19816     8.80    -21.15  1.00000
  19817     8.80    -21.10  1.00000
  19818     8.80    -21.05  1.00000
  19819     8.80    -21.00  1.00000
  19820     8.80    -20.95  1.00000
  19821     8.80    -20.90  1.00000
  19822     8.80    -20.85  1.00000
  19823     8.80    -20.80  1.00000
  19824     8.80    -20.75  1.00000
  19825     8.80    -20.70  1.00000
  19826     8.80    -20.65  1.00000
  19827     8.80    -20.60  1.00000
  19828     8.80    -20.55  1.00000
  19829     8.80    -20.50  1.00000
  19830     8.80    -20.45  1.00000
  19831     8.80    -20.40  1.00000
  19832     8.80    -20.35  1.00000
  19833     8.80    -20.30  1.00000
  19834     8.80    -20.25  1.00000
  19835     8.80    -20.20  1.00000
  19836     8.80    -20.15  1.00000
  19837     8.80    -20.10  1.00000
  19838     8.80    -20.05  1.00000
  19839     8.80    -20.00  1.00000
  19840     8.80    -19.95  1.00000
  19841     8.80    -19.90  1.00000
  19842     8.80    -19.85  1.00000
  19843     8.80    -19.80  1.00000
  19844     8.80    -19.75  1.00000
  19845     8.80    -19.70  1.00000
  19846     8.80    -19.65  1.00000
  19847     8.80    -19.60  1.00000
  19848     8.80    -19.55  1.00000
  19849     8.80    -19.50  1.00000
  19850     8.80    -19.45  1.00000
  19851     8.80    -19.40  1.00000
  19852     8.80    -19.35  1.00000
  19853     8.80    -19.30  1.00000
  19854     8.80    -19.25  1.00000
  19855     8.80    -19.20  1.00000
  19856     8.80    -19.15  1.00000
  19857     8.80    -19.10  1.00000
  19858     8.80    -19.05  1.00000
  19859     8.80    -19.00  1.00000
  19860     8.80    -18.95  1.00000
  19861     8.80    -18.90  1.00000
  19862     8.80    -18.85  1.00000
  19863     8.80    -18.80  1.00000
  19864     8.80    -18.75  1.00000
  19865     8.80    -18.70  1.00000
  19866     8.80    -18.65  1.00000
  19867     8.80    -18.60  1.00000
  19868     8.80    -18.55  1.00000
  19869     8.80    -18.50  1.00000
  19870     8.80    -18.45  1.00000
  19871     8.80    -18.40  1.00000
  19872     8.80    -18.35  1.00000
  19873     8.80    -18.30  1.00000
  19874     8.80    -18.25  1.00000
  19875     8.80    -18.20  1.00000
  19876     8.80    -18.15  1.00000
  19877     8.80    -18.10  1.00000
  19878     8.80    -18.05  1.00000
  19879     8.80    -18.00  1.00000
  19880     8.80    -17.95  1.00000
  19881     8.80    -17.90  1.00000
  19882     8.80    -17.85  1.00000
  19883     8.80    -17.80  1.00000
  19884     8.80    -17.75  1.00000
  19885     8.80    -17.70  1.00000
  19886     8.80    -17.65  1.00000
  19887     8.80    -17.60  1.00000
  19888     8.80    -17.55  1.00000
  19889     8.80    -17.50  1.00000
  19890     8.80    -17.45  1.00000
  19891     8.80    -17.40  1.00000
  19892     8.80    -17.35  1.00000
  19893     8.80    -17.30  1.00000
  19894     8.80    -17.25  1.00000
  19895     8.80    -17.20  1.00000
  19896     8.80    -17.15  1.00000
  19897     8.80    -17.10  1.00000
  19898     8.80    -17.05  1.00000
  19899     8.80    -17.00  1.00000
  19900     8.80    -16.95  1.00000
  19901     8.80    -16.90  1.00000
  19902     8.80    -16.85  1.00000
  19903     8.80    -16.80  1.00000
  19904     8.80    -16.75  1.00000
  19905     8.80    -16.70  1.00000
  19906     8.80    -16.65  1.00000
  19907     8.80    -16.60  1.00000
  19908     8.80    -16.55  1.00000
  19909     8.80    -16.50  1.00000
  19910     8.80    -16.45  1.00000
  19911     8.80    -16.40  1.00000
  19912     8.80    -16.35  1.00000
  19913     8.80    -16.30  1.00000
  19914     8.80    -16.25  1.00000
  19915     8.80    -16.20  1.00000
  19916     8.80    -16.15  1.00000
  19917     8.80    -16.10  1.00000
  19918     8.80    -16.05  1.00000
  19919     8.80    -16.00  1.00000
  19920     8.80    -15.95  1.00000
  19921     8.80    -15.90  1.00000
  19922     8.80    -15.85  1.00000
  19923     8.80    -15.80  1.00000
  19924     8.80    -15.75  1.00000
  19925     8.80    -15.70  1.00000
  19926     8.80    -15.65  1.00000
  19927     8.80    -15.60  1.00000
  19928     8.80    -15.55  1.00000
  19929     8.80    -15.50  1.00000
  19930     8.80    -15.45  1.00000
  19931     8.80    -15.40  1.00000
  19932     8.80    -15.35  1.00000
  19933     8.85    -22.85  1.00000
  19934     8.85    -22.80  1.00000
  19935     8.85    -22.75  1.00000
  19936     8.85    -22.70  1.00000
  19937     8.85    -22.65  1.00000
  19938     8.85    -22.60  1.00000
  19939     8.85    -22.55  1.00000
  19940     8.85    -22.50  1.00000
  19941     8.85    -22.45  1.00000
  19942     8.85    -22.40  1.00000
  19943     8.85    -22.35  1.00000
  19944     8.85    -22.30  1.00000
  19945     8.85    -22.25  1.00000
  19946     8.85    -22.20  1.00000
  19947     8.85    -22.15  1.00000
  19948     8.85    -22.10  1.00000
  19949     8.85    -22.05  1.00000
  19950     8.85    -22.00  1.00000
  19951     8.85    -21.95  1.00000
  19952     8.85    -21.90  1.00000
  19953     8.85    -21.85  1.00000
  19954     8.85    -21.80  1.00000
  19955     8.85    -21.75  1.00000
  19956     8.85    -21.70  1.00000
  19957     8.85    -21.65  1.00000
  19958     8.85    -21.60  1.00000
  19959     8.85    -21.55  1.00000
  19960     8.85    -21.50  1.00000
  19961     8.85    -21.45  1.00000
  19962     8.85    -21.40  1.00000
  19963     8.85    -21.35  1.00000
  19964     8.85    -21.30  1.00000
  19965     8.85    -21.25  1.00000
  19966     8.85    -21.20  1.00000
  19967     8.85    -21.15  1.00000
  19968     8.85    -21.10  1.00000
  19969     8.85    -21.05  1.00000
  19970     8.85    -21.00  1.00000
  19971     8.85    -20.95  1.00000
  19972     8.85    -20.90  1.00000
  19973     8.85    -20.85  1.00000
  19974     8.85    -20.80  1.00000
  19975     8.85    -20.75  1.00000
  19976     8.85    -20.70  1.00000
  19977     8.85    -20.65  1.00000
  19978     8.85    -20.60  1.00000
  19979     8.85    -20.55  1.00000
  19980     8.85    -20.50  1.00000
  19981     8.85    -20.45  1.00000
  19982     8.85    -20.40  1.00000
  19983     8.85    -20.35  1.00000
  19984     8.85    -20.30  1.00000
  19985     8.85    -20.25  1.00000
  19986     8.85    -20.20  1.00000
  19987     8.85    -20.15  1.00000
  19988     8.85    -20.10  1.00000
  19989     8.85    -20.05  1.00000
  19990     8.85    -20.00  1.00000
  19991     8.85    -19.95  1.00000
  19992     8.85    -19.90  1.00000
  19993     8.85    -19.85  1.00000
  19994     8.85    -19.80  1.00000
  19995     8.85    -19.75  1.00000
  19996     8.85    -19.70  1.00000
  19997     8.85    -19.65  1.00000
  19998     8.85    -19.60  1.00000
  19999     8.85    -19.55  1.00000
  20000     8.85    -19.50  1.00000
  20001     8.85    -19.45  1.00000
  20002     8.85    -19.40  1.00000
  20003     8.85    -19.35  1.00000
  20004     8.85    -19.30  1.00000
  20005     8.85    -19.25  1.00000
  20006     8.85    -19.20  1.00000
  20007     8.85    -19.15  1.00000
  20008     8.85    -19.10  1.00000
  20009     8.85    -19.05  1.00000
  20010     8.85    -19.00  1.00000
  20011     8.85    -18.95  1.00000
  20012     8.85    -18.90  1.00000
  20013     8.85    -18.85  1.00000
  20014     8.85    -18.80  1.00000
  20015     8.85    -18.75  1.00000
  20016     8.85    -18.70  1.00000
  20017     8.85    -18.65  1.00000
  20018     8.85    -18.60  1.00000
  20019     8.85    -18.55  1.00000
  20020     8.85    -18.50  1.00000
  20021     8.85    -18.45  1.00000
  20022     8.85    -18.40  1.00000
  20023     8.85    -18.35  1.00000
  20024     8.85    -18.30  1.00000
  20025     8.85    -18.25  1.00000
  20026     8.85    -18.20  1.00000
  20027     8.85    -18.15  1.00000
  20028     8.85    -18.10  1.00000
  20029     8.85    -18.05  1.00000
  20030     8.85    -18.00  1.00000
  20031     8.85    -17.95  1.00000
  20032     8.85    -17.90  1.00000
  20033     8.85    -17.85  1.00000
  20034     8.85    -17.80  1.00000
  20035     8.85    -17.75  1.00000
  20036     8.85    -17.70  1.00000
  20037     8.85    -17.65  1.00000
  20038     8.85    -17.60  1.00000
  20039     8.85    -17.55  1.00000
  20040     8.85    -17.50  1.00000
  20041     8.85    -17.45  1.00000
  20042     8.85    -17.40  1.00000
  20043     8.85    -17.35  1.00000
  20044     8.85    -17.30  1.00000
  20045     8.85    -17.25  1.00000
  20046     8.85    -17.20  1.00000
  20047     8.85    -17.15  1.00000
  20048     8.85    -17.10  1.00000
  20049     8.85    -17.05  1.00000
  20050     8.85    -17.00  1.00000
  20051     8.85    -16.95  1.00000
  20052     8.85    -16.90  1.00000
  20053     8.85    -16.85  1.00000
  20054     8.85    -16.80  1.00000
  20055     8.85    -16.75  1.00000
  20056     8.85    -16.70  1.00000
  20057     8.85    -16.65  1.00000
  20058     8.85    -16.60  1.00000
  20059     8.85    -16.55  1.00000
  20060     8.85    -16.50  1.00000
  20061     8.85    -16.45  1.00000
  20062     8.85    -16.40  1.00000
  20063     8.85    -16.35  1.00000
  20064     8.85    -16.30  1.00000
  20065     8.85    -16.25  1.00000
  20066     8.85    -16.20  1.00000
  20067     8.85    -16.15  1.00000
  20068     8.85    -16.10  1.00000
  20069     8.85    -16.05  1.00000
  20070     8.85    -16.00  1.00000
  20071     8.85    -15.95  1.00000
  20072     8.85    -15.90  1.00000
  20073     8.85    -15.85  1.00000
  20074     8.85    -15.80  1.00000
  20075     8.85    -15.75  1.00000
  20076     8.85    -15.70  1.00000
  20077     8.85    -15.65  1.00000
  20078     8.85    -15.60  1.00000
  20079     8.85    -15.55  1.00000
  20080     8.85    -15.50  1.00000
  20081     8.85    -15.45  1.00000
  20082     8.85    -15.40  1.00000
  20083     8.85    -15.35  1.00000
  20084     8.90    -22.85  1.00000
  20085     8.90    -22.80  1.00000
  20086     8.90    -22.75  1.00000
  20087     8.90    -22.70  1.00000
  20088     8.90    -22.65  1.00000
  20089     8.90    -22.60  1.00000
  20090     8.90    -22.55  1.00000
  20091     8.90    -22.50  1.00000
  20092     8.90    -22.45  1.00000
  20093     8.90    -22.40  1.00000
  20094     8.90    -22.35  1.00000
  20095     8.90    -22.30  1.00000
  20096     8.90    -22.25  1.00000
  20097     8.90    -22.20  1.00000
  20098     8.90    -22.15  1.00000
  20099     8.90    -22.10  1.00000
  20100     8.90    -22.05  1.00000
  20101     8.90    -22.00  1.00000
  20102     8.90    -21.95  1.00000
  20103     8.90    -21.90  1.00000
  20104     8.90    -21.85  1.00000
  20105     8.90    -21.80  1.00000
  20106     8.90    -21.75  1.00000
  20107     8.90    -21.70  1.00000
  20108     8.90    -21.65  1.00000
  20109     8.90    -21.60  1.00000
  20110     8.90    -21.55  1.00000
  20111     8.90    -21.50  1.00000
  20112     8.90    -21.45  1.00000
  20113     8.90    -21.40  1.00000
  20114     8.90    -21.35  1.00000
  20115     8.90    -21.30  1.00000
  20116     8.90    -21.25  1.00000
  20117     8.90    -21.20  1.00000
  20118     8.90    -21.15  1.00000
  20119     8.90    -21.10  1.00000
  20120     8.90    -21.05  1.00000
  20121     8.90    -21.00  1.00000
  20122     8.90    -20.95  1.00000
  20123     8.90    -20.90  1.00000
  20124     8.90    -20.85  1.00000
  20125     8.90    -20.80  1.00000
  20126     8.90    -20.75  1.00000
  20127     8.90    -20.70  1.00000
  20128     8.90    -20.65  1.00000
  20129     8.90    -20.60  1.00000
  20130     8.90    -20.55  1.00000
  20131     8.90    -20.50  1.00000
  20132     8.90    -20.45  1.00000
  20133     8.90    -20.40  1.00000
  20134     8.90    -20.35  1.00000
  20135     8.90    -20.30  1.00000
  20136     8.90    -20.25  1.00000
  20137     8.90    -20.20  1.00000
  20138     8.90    -20.15  1.00000
  20139     8.90    -20.10  1.00000
  20140     8.90    -20.05  1.00000
  20141     8.90    -20.00  1.00000
  20142     8.90    -19.95  1.00000
  20143     8.90    -19.90  1.00000
  20144     8.90    -19.85  1.00000
  20145     8.90    -19.80  1.00000
  20146     8.90    -19.75  1.00000
  20147     8.90    -19.70  1.00000
  20148     8.90    -19.65  1.00000
  20149     8.90    -19.60  1.00000
  20150     8.90    -19.55  1.00000
  20151     8.90    -19.50  1.00000
  20152     8.90    -19.45  1.00000
  20153     8.90    -19.40  1.00000
  20154     8.90    -19.35  1.00000
  20155     8.90    -19.30  1.00000
  20156     8.90    -19.25  1.00000
  20157     8.90    -19.20  1.00000
  20158     8.90    -19.15  1.00000
  20159     8.90    -19.10  1.00000
  20160     8.90    -19.05  1.00000
  20161     8.90    -19.00  1.00000
  20162     8.90    -18.95  1.00000
  20163     8.90    -18.90  1.00000
  20164     8.90    -18.85  1.00000
  20165     8.90    -18.80  1.00000
  20166     8.90    -18.75  1.00000
  20167     8.90    -18.70  1.00000
  20168     8.90    -18.65  1.00000
  20169     8.90    -18.60  1.00000
  20170     8.90    -18.55  1.00000
  20171     8.90    -18.50  1.00000
  20172     8.90    -18.45  1.00000
  20173     8.90    -18.40  1.00000
  20174     8.90    -18.35  1.00000
  20175     8.90    -18.30  1.00000
  20176     8.90    -18.25  1.00000
  20177     8.90    -18.20  1.00000
  20178     8.90    -18.15  1.00000
  20179     8.90    -18.10  1.00000
  20180     8.90    -18.05  1.00000
  20181     8.90    -18.00  1.00000
  20182     8.90    -17.95  1.00000
  20183     8.90    -17.90  1.00000
  20184     8.90    -17.85  1.00000
  20185     8.90    -17.80  1.00000
  20186     8.90    -17.75  1.00000
  20187     8.90    -17.70  1.00000
  20188     8.90    -17.65  1.00000
  20189     8.90    -17.60  1.00000
  20190     8.90    -17.55  1.00000
  20191     8.90    -17.50  1.00000
  20192     8.90    -17.45  1.00000
  20193     8.90    -17.40  1.00000
  20194     8.90    -17.35  1.00000
  20195     8.90    -17.30  1.00000
  20196     8.90    -17.25  1.00000
  20197     8.90    -17.20  1.00000
  20198     8.90    -17.15  1.00000
  20199     8.90    -17.10  1.00000
  20200     8.90    -17.05  1.00000
  20201     8.90    -17.00  1.00000
  20202     8.90    -16.95  1.00000
  20203     8.90    -16.90  1.00000
  20204     8.90    -16.85  1.00000
  20205     8.90    -16.80  1.00000
  20206     8.90    -16.75  1.00000
  20207     8.90    -16.70  1.00000
  20208     8.90    -16.65  1.00000
  20209     8.90    -16.60  1.00000
  20210     8.90    -16.55  1.00000
  20211     8.90    -16.50  1.00000
  20212     8.90    -16.45  1.00000
  20213     8.90    -16.40  1.00000
  20214     8.90    -16.35  1.00000
  20215     8.90    -16.30  1.00000
  20216     8.90    -16.25  1.00000
  20217     8.90    -16.20  1.00000
  20218     8.90    -16.15  1.00000
  20219     8.90    -16.10  1.00000
  20220     8.90    -16.05  1.00000
  20221     8.90    -16.00  1.00000
  20222     8.90    -15.95  1.00000
  20223     8.90    -15.90  1.00000
  20224     8.90    -15.85  1.00000
  20225     8.90    -15.80  1.00000
  20226     8.90    -15.75  1.00000
  20227     8.90    -15.70  1.00000
  20228     8.90    -15.65  1.00000
  20229     8.90    -15.60  1.00000
  20230     8.90    -15.55  1.00000
  20231     8.90    -15.50  1.00000
  20232     8.90    -15.45  1.00000
  20233     8.90    -15.40  1.00000
  20234     8.90    -15.35  1.00000
  20235     8.95    -22.85  1.00000
  20236     8.95    -22.80  1.00000
  20237     8.95    -22.75  1.00000
  20238     8.95    -22.70  1.00000
  20239     8.95    -22.65  1.00000
  20240     8.95    -22.60  1.00000
  20241     8.95    -22.55  1.00000
  20242     8.95    -22.50  1.00000
  20243     8.95    -22.45  1.00000
  20244     8.95    -22.40  1.00000
  20245     8.95    -22.35  1.00000
  20246     8.95    -22.30  1.00000
  20247     8.95    -22.25  1.00000
  20248     8.95    -22.20  1.00000
  20249     8.95    -22.15  1.00000
  20250     8.95    -22.10  1.00000
  20251     8.95    -22.05  1.00000
  20252     8.95    -22.00  1.00000
  20253     8.95    -21.95  1.00000
  20254     8.95    -21.90  1.00000
  20255     8.95    -21.85  1.00000
  20256     8.95    -21.80  1.00000
  20257     8.95    -21.75  1.00000
  20258     8.95    -21.70  1.00000
  20259     8.95    -21.65  1.00000
  20260     8.95    -21.60  1.00000
  20261     8.95    -21.55  1.00000
  20262     8.95    -21.50  1.00000
  20263     8.95    -21.45  1.00000
  20264     8.95    -21.40  1.00000
  20265     8.95    -21.35  1.00000
  20266     8.95    -21.30  1.00000
  20267     8.95    -21.25  1.00000
  20268     8.95    -21.20  1.00000
  20269     8.95    -21.15  1.00000
  20270     8.95    -21.10  1.00000
  20271     8.95    -21.05  1.00000
  20272     8.95    -21.00  1.00000
  20273     8.95    -20.95  1.00000
  20274     8.95    -20.90  1.00000
  20275     8.95    -20.85  1.00000
  20276     8.95    -20.80  1.00000
  20277     8.95    -20.75  1.00000
  20278     8.95    -20.70  1.00000
  20279     8.95    -20.65  1.00000
  20280     8.95    -20.60  1.00000
  20281     8.95    -20.55  1.00000
  20282     8.95    -20.50  1.00000
  20283     8.95    -20.45  1.00000
  20284     8.95    -20.40  1.00000
  20285     8.95    -20.35  1.00000
  20286     8.95    -20.30  1.00000
  20287     8.95    -20.25  1.00000
  20288     8.95    -20.20  1.00000
  20289     8.95    -20.15  1.00000
  20290     8.95    -20.10  1.00000
  20291     8.95    -20.05  1.00000
  20292     8.95    -20.00  1.00000
  20293     8.95    -19.95  1.00000
  20294     8.95    -19.90  1.00000
  20295     8.95    -19.85  1.00000
  20296     8.95    -19.80  1.00000
  20297     8.95    -19.75  1.00000
  20298     8.95    -19.70  1.00000
  20299     8.95    -19.65  1.00000
  20300     8.95    -19.60  1.00000
  20301     8.95    -19.55  1.00000
  20302     8.95    -19.50  1.00000
  20303     8.95    -19.45  1.00000
  20304     8.95    -19.40  1.00000
  20305     8.95    -19.35  1.00000
  20306     8.95    -19.30  1.00000
  20307     8.95    -19.25  1.00000
  20308     8.95    -19.20  1.00000
  20309     8.95    -19.15  1.00000
  20310     8.95    -19.10  1.00000
  20311     8.95    -19.05  1.00000
  20312     8.95    -19.00  1.00000
  20313     8.95    -18.95  1.00000
  20314     8.95    -18.90  1.00000
  20315     8.95    -18.85  1.00000
  20316     8.95    -18.80  1.00000
  20317     8.95    -18.75  1.00000
  20318     8.95    -18.70  1.00000
  20319     8.95    -18.65  1.00000
  20320     8.95    -18.60  1.00000
  20321     8.95    -18.55  1.00000
  20322     8.95    -18.50  1.00000
  20323     8.95    -18.45  1.00000
  20324     8.95    -18.40  1.00000
  20325     8.95    -18.35  1.00000
  20326     8.95    -18.30  1.00000
  20327     8.95    -18.25  1.00000
  20328     8.95    -18.20  1.00000
  20329     8.95    -18.15  1.00000
  20330     8.95    -18.10  1.00000
  20331     8.95    -18.05  1.00000
  20332     8.95    -18.00  1.00000
  20333     8.95    -17.95  1.00000
  20334     8.95    -17.90  1.00000
  20335     8.95    -17.85  1.00000
  20336     8.95    -17.80  1.00000
  20337     8.95    -17.75  1.00000
  20338     8.95    -17.70  1.00000
  20339     8.95    -17.65  1.00000
  20340     8.95    -17.60  1.00000
  20341     8.95    -17.55  1.00000
  20342     8.95    -17.50  1.00000
  20343     8.95    -17.45  1.00000
  20344     8.95    -17.40  1.00000
  20345     8.95    -17.35  1.00000
  20346     8.95    -17.30  1.00000
  20347     8.95    -17.25  1.00000
  20348     8.95    -17.20  1.00000
  20349     8.95    -17.15  1.00000
  20350     8.95    -17.10  1.00000
  20351     8.95    -17.05  1.00000
  20352     8.95    -17.00  1.00000
  20353     8.95    -16.95  1.00000
  20354     8.95    -16.90  1.00000
  20355     8.95    -16.85  1.00000
  20356     8.95    -16.80  1.00000
  20357     8.95    -16.75  1.00000
  20358     8.95    -16.70  1.00000
  20359     8.95    -16.65  1.00000
  20360     8.95    -16.60  1.00000
  20361     8.95    -16.55  1.00000
  20362     8.95    -16.50  1.00000
  20363     8.95    -16.45  1.00000
  20364     8.95    -16.40  1.00000
  20365     8.95    -16.35  1.00000
  20366     8.95    -16.30  1.00000
  20367     8.95    -16.25  1.00000
  20368     8.95    -16.20  1.00000
  20369     8.95    -16.15  1.00000
  20370     8.95    -16.10  1.00000
  20371     8.95    -16.05  1.00000
  20372     8.95    -16.00  1.00000
  20373     8.95    -15.95  1.00000
  20374     8.95    -15.90  1.00000
  20375     8.95    -15.85  1.00000
  20376     8.95    -15.80  1.00000
  20377     8.95    -15.75  1.00000
  20378     8.95    -15.70  1.00000
  20379     8.95    -15.65  1.00000
  20380     8.95    -15.60  1.00000
  20381     8.95    -15.55  1.00000
  20382     8.95    -15.50  1.00000
  20383     8.95    -15.45  1.00000
  20384     8.95    -15.40  1.00000
  20385     8.95    -15.35  1.00000
  20386     9.00    -22.85  1.00000
  20387     9.00    -22.80  1.00000
  20388     9.00    -22.75  1.00000
  20389     9.00    -22.70  1.00000
  20390     9.00    -22.65  1.00000
  20391     9.00    -22.60  1.00000
  20392     9.00    -22.55  1.00000
  20393     9.00    -22.50  1.00000
  20394     9.00    -22.45  1.00000
  20395     9.00    -22.40  1.00000
  20396     9.00    -22.35  1.00000
  20397     9.00    -22.30  1.00000
  20398     9.00    -22.25  1.00000
  20399     9.00    -22.20  1.00000
  20400     9.00    -22.15  1.00000
  20401     9.00    -22.10  1.00000
  20402     9.00    -22.05  1.00000
  20403     9.00    -22.00  1.00000
  20404     9.00    -21.95  1.00000
  20405     9.00    -21.90  1.00000
  20406     9.00    -21.85  1.00000
  20407     9.00    -21.80  1.00000
  20408     9.00    -21.75  1.00000
  20409     9.00    -21.70  1.00000
  20410     9.00    -21.65  1.00000
  20411     9.00    -21.60  1.00000
  20412     9.00    -21.55  1.00000
  20413     9.00    -21.50  1.00000
  20414     9.00    -21.45  1.00000
  20415     9.00    -21.40  1.00000
  20416     9.00    -21.35  1.00000
  20417     9.00    -21.30  1.00000
  20418     9.00    -21.25  1.00000
  20419     9.00    -21.20  1.00000
  20420     9.00    -21.15  1.00000
  20421     9.00    -21.10  1.00000
  20422     9.00    -21.05  1.00000
  20423     9.00    -21.00  1.00000
  20424     9.00    -20.95  1.00000
  20425     9.00    -20.90  1.00000
  20426     9.00    -20.85  1.00000
  20427     9.00    -20.80  1.00000
  20428     9.00    -20.75  1.00000
  20429     9.00    -20.70  1.00000
  20430     9.00    -20.65  1.00000
  20431     9.00    -20.60  1.00000
  20432     9.00    -20.55  1.00000
  20433     9.00    -20.50  1.00000
  20434     9.00    -20.45  1.00000
  20435     9.00    -20.40  1.00000
  20436     9.00    -20.35  1.00000
  20437     9.00    -20.30  1.00000
  20438     9.00    -20.25  1.00000
  20439     9.00    -20.20  1.00000
  20440     9.00    -20.15  1.00000
  20441     9.00    -20.10  1.00000
  20442     9.00    -20.05  1.00000
  20443     9.00    -20.00  1.00000
  20444     9.00    -19.95  1.00000
  20445     9.00    -19.90  1.00000
  20446     9.00    -19.85  1.00000
  20447     9.00    -19.80  1.00000
  20448     9.00    -19.75  1.00000
  20449     9.00    -19.70  1.00000
  20450     9.00    -19.65  1.00000
  20451     9.00    -19.60  1.00000
  20452     9.00    -19.55  1.00000
  20453     9.00    -19.50  1.00000
  20454     9.00    -19.45  1.00000
  20455     9.00    -19.40  1.00000
  20456     9.00    -19.35  1.00000
  20457     9.00    -19.30  1.00000
  20458     9.00    -19.25  1.00000
  20459     9.00    -19.20  1.00000
  20460     9.00    -19.15  1.00000
  20461     9.00    -19.10  1.00000
  20462     9.00    -19.05  1.00000
  20463     9.00    -19.00  1.00000
  20464     9.00    -18.95  1.00000
  20465     9.00    -18.90  1.00000
  20466     9.00    -18.85  1.00000
  20467     9.00    -18.80  1.00000
  20468     9.00    -18.75  1.00000
  20469     9.00    -18.70  1.00000
  20470     9.00    -18.65  1.00000
  20471     9.00    -18.60  1.00000
  20472     9.00    -18.55  1.00000
  20473     9.00    -18.50  1.00000
  20474     9.00    -18.45  1.00000
  20475     9.00    -18.40  1.00000
  20476     9.00    -18.35  1.00000
  20477     9.00    -18.30  1.00000
  20478     9.00    -18.25  1.00000
  20479     9.00    -18.20  1.00000
  20480     9.00    -18.15  1.00000
  20481     9.00    -18.10  1.00000
  20482     9.00    -18.05  1.00000
  20483     9.00    -18.00  1.00000
  20484     9.00    -17.95  1.00000
  20485     9.00    -17.90  1.00000
  20486     9.00    -17.85  1.00000
  20487     9.00    -17.80  1.00000
  20488     9.00    -17.75  1.00000
  20489     9.00    -17.70  1.00000
  20490     9.00    -17.65  1.00000
  20491     9.00    -17.60  1.00000
  20492     9.00    -17.55  1.00000
  20493     9.00    -17.50  1.00000
  20494     9.00    -17.45  1.00000
  20495     9.00    -17.40  1.00000
  20496     9.00    -17.35  1.00000
  20497     9.00    -17.30  1.00000
  20498     9.00    -17.25  1.00000
  20499     9.00    -17.20  1.00000
  20500     9.00    -17.15  1.00000
  20501     9.00    -17.10  1.00000
  20502     9.00    -17.05  1.00000
  20503     9.00    -17.00  1.00000
  20504     9.00    -16.95  1.00000
  20505     9.00    -16.90  1.00000
  20506     9.00    -16.85  1.00000
  20507     9.00    -16.80  1.00000
  20508     9.00    -16.75  1.00000
  20509     9.00    -16.70  1.00000
  20510     9.00    -16.65  1.00000
  20511     9.00    -16.60  1.00000
  20512     9.00    -16.55  1.00000
  20513     9.00    -16.50  1.00000
  20514     9.00    -16.45  1.00000
  20515     9.00    -16.40  1.00000
  20516     9.00    -16.35  1.00000
  20517     9.00    -16.30  1.00000
  20518     9.00    -16.25  1.00000
  20519     9.00    -16.20  1.00000
  20520     9.00    -16.15  1.00000
  20521     9.00    -16.10  1.00000
  20522     9.00    -16.05  1.00000
  20523     9.00    -16.00  1.00000
  20524     9.00    -15.95  1.00000
  20525     9.00    -15.90  1.00000
  20526     9.00    -15.85  1.00000
  20527     9.00    -15.80  1.00000
  20528     9.00    -15.75  1.00000
  20529     9.00    -15.70  1.00000
  20530     9.00    -15.65  1.00000
  20531     9.00    -15.60  1.00000
  20532     9.00    -15.55  1.00000
  20533     9.00    -15.50  1.00000
  20534     9.00    -15.45  1.00000
  20535     9.00    -15.40  1.00000
  20536     9.00    -15.35  1.00000
  20537     9.05    -22.85  1.00000
  20538     9.05    -22.80  1.00000
  20539     9.05    -22.75  1.00000
  20540     9.05    -22.70  1.00000
  20541     9.05    -22.65  1.00000
  20542     9.05    -22.60  1.00000
  20543     9.05    -22.55  1.00000
  20544     9.05    -22.50  1.00000
  20545     9.05    -22.45  1.00000
  20546     9.05    -22.40  1.00000
  20547     9.05    -22.35  1.00000
  20548     9.05    -22.30  1.00000
  20549     9.05    -22.25  1.00000
  20550     9.05    -22.20  1.00000
  20551     9.05    -22.15  1.00000
  20552     9.05    -22.10  1.00000
  20553     9.05    -22.05  1.00000
  20554     9.05    -22.00  1.00000
  20555     9.05    -21.95  1.00000
  20556     9.05    -21.90  1.00000
  20557     9.05    -21.85  1.00000
  20558     9.05    -21.80  1.00000
  20559     9.05    -21.75  1.00000
  20560     9.05    -21.70  1.00000
  20561     9.05    -21.65  1.00000
  20562     9.05    -21.60  1.00000
  20563     9.05    -21.55  1.00000
  20564     9.05    -21.50  1.00000
  20565     9.05    -21.45  1.00000
  20566     9.05    -21.40  1.00000
  20567     9.05    -21.35  1.00000
  20568     9.05    -21.30  1.00000
  20569     9.05    -21.25  1.00000
  20570     9.05    -21.20  1.00000
  20571     9.05    -21.15  1.00000
  20572     9.05    -21.10  1.00000
  20573     9.05    -21.05  1.00000
  20574     9.05    -21.00  1.00000
  20575     9.05    -20.95  1.00000
  20576     9.05    -20.90  1.00000
  20577     9.05    -20.85  1.00000
  20578     9.05    -20.80  1.00000
  20579     9.05    -20.75  1.00000
  20580     9.05    -20.70  1.00000
  20581     9.05    -20.65  1.00000
  20582     9.05    -20.60  1.00000
  20583     9.05    -20.55  1.00000
  20584     9.05    -20.50  1.00000
  20585     9.05    -20.45  1.00000
  20586     9.05    -20.40  1.00000
  20587     9.05    -20.35  1.00000
  20588     9.05    -20.30  1.00000
  20589     9.05    -20.25  1.00000
  20590     9.05    -20.20  1.00000
  20591     9.05    -20.15  1.00000
  20592     9.05    -20.10  1.00000
  20593     9.05    -20.05  1.00000
  20594     9.05    -20.00  1.00000
  20595     9.05    -19.95  1.00000
  20596     9.05    -19.90  1.00000
  20597     9.05    -19.85  1.00000
  20598     9.05    -19.80  1.00000
  20599     9.05    -19.75  1.00000
  20600     9.05    -19.70  1.00000
  20601     9.05    -19.65  1.00000
  20602     9.05    -19.60  1.00000
  20603     9.05    -19.55  1.00000
  20604     9.05    -19.50  1.00000
  20605     9.05    -19.45  1.00000
  20606     9.05    -19.40  1.00000
  20607     9.05    -19.35  1.00000
  20608     9.05    -19.30  1.00000
  20609     9.05    -19.25  1.00000
  20610     9.05    -19.20  1.00000
  20611     9.05    -19.15  1.00000
  20612     9.05    -19.10  1.00000
  20613     9.05    -19.05  1.00000
  20614     9.05    -19.00  1.00000
  20615     9.05    -18.95  1.00000
  20616     9.05    -18.90  1.00000
  20617     9.05    -18.85  1.00000
  20618     9.05    -18.80  1.00000
  20619     9.05    -18.75  1.00000
  20620     9.05    -18.70  1.00000
  20621     9.05    -18.65  1.00000
  20622     9.05    -18.60  1.00000
  20623     9.05    -18.55  1.00000
  20624     9.05    -18.50  1.00000
  20625     9.05    -18.45  1.00000
  20626     9.05    -18.40  1.00000
  20627     9.05    -18.35  1.00000
  20628     9.05    -18.30  1.00000
  20629     9.05    -18.25  1.00000
  20630     9.05    -18.20  1.00000
  20631     9.05    -18.15  1.00000
  20632     9.05    -18.10  1.00000
  20633     9.05    -18.05  1.00000
  20634     9.05    -18.00  1.00000
  20635     9.05    -17.95  1.00000
  20636     9.05    -17.90  1.00000
  20637     9.05    -17.85  1.00000
  20638     9.05    -17.80  1.00000
  20639     9.05    -17.75  1.00000
  20640     9.05    -17.70  1.00000
  20641     9.05    -17.65  1.00000
  20642     9.05    -17.60  1.00000
  20643     9.05    -17.55  1.00000
  20644     9.05    -17.50  1.00000
  20645     9.05    -17.45  1.00000
  20646     9.05    -17.40  1.00000
  20647     9.05    -17.35  1.00000
  20648     9.05    -17.30  1.00000
  20649     9.05    -17.25  1.00000
  20650     9.05    -17.20  1.00000
  20651     9.05    -17.15  1.00000
  20652     9.05    -17.10  1.00000
  20653     9.05    -17.05  1.00000
  20654     9.05    -17.00  1.00000
  20655     9.05    -16.95  1.00000
  20656     9.05    -16.90  1.00000
  20657     9.05    -16.85  1.00000
  20658     9.05    -16.80  1.00000
  20659     9.05    -16.75  1.00000
  20660     9.05    -16.70  1.00000
  20661     9.05    -16.65  1.00000
  20662     9.05    -16.60  1.00000
  20663     9.05    -16.55  1.00000
  20664     9.05    -16.50  1.00000
  20665     9.05    -16.45  1.00000
  20666     9.05    -16.40  1.00000
  20667     9.05    -16.35  1.00000
  20668     9.05    -16.30  1.00000
  20669     9.05    -16.25  1.00000
  20670     9.05    -16.20  1.00000
  20671     9.05    -16.15  1.00000
  20672     9.05    -16.10  1.00000
  20673     9.05    -16.05  1.00000
  20674     9.05    -16.00  1.00000
  20675     9.05    -15.95  1.00000
  20676     9.05    -15.90  1.00000
  20677     9.05    -15.85  1.00000
  20678     9.05    -15.80  1.00000
  20679     9.05    -15.75  1.00000
  20680     9.05    -15.70  1.00000
  20681     9.05    -15.65  1.00000
  20682     9.05    -15.60  1.00000
  20683     9.05    -15.55  1.00000
  20684     9.05    -15.50  1.00000
  20685     9.05    -15.45  1.00000
  20686     9.05    -15.40  1.00000
  20687     9.05    -15.35  1.00000
  20688     9.10    -22.85  1.00000
  20689     9.10    -22.80  1.00000
  20690     9.10    -22.75  1.00000
  20691     9.10    -22.70  1.00000
  20692     9.10    -22.65  1.00000
  20693     9.10    -22.60  1.00000
  20694     9.10    -22.55  1.00000
  20695     9.10    -22.50  1.00000
  20696     9.10    -22.45  1.00000
  20697     9.10    -22.40  1.00000
  20698     9.10    -22.35  1.00000
  20699     9.10    -22.30  1.00000
  20700     9.10    -22.25  1.00000
  20701     9.10    -22.20  1.00000
  20702     9.10    -22.15  1.00000
  20703     9.10    -22.10  1.00000
  20704     9.10    -22.05  1.00000
  20705     9.10    -22.00  1.00000
  20706     9.10    -21.95  1.00000
  20707     9.10    -21.90  1.00000
  20708     9.10    -21.85  1.00000
  20709     9.10    -21.80  1.00000
  20710     9.10    -21.75  1.00000
  20711     9.10    -21.70  1.00000
  20712     9.10    -21.65  1.00000
  20713     9.10    -21.60  1.00000
  20714     9.10    -21.55  1.00000
  20715     9.10    -21.50  1.00000
  20716     9.10    -21.45  1.00000
  20717     9.10    -21.40  1.00000
  20718     9.10    -21.35  1.00000
  20719     9.10    -21.30  1.00000
  20720     9.10    -21.25  1.00000
  20721     9.10    -21.20  1.00000
  20722     9.10    -21.15  1.00000
  20723     9.10    -21.10  1.00000
  20724     9.10    -21.05  1.00000
  20725     9.10    -21.00  1.00000
  20726     9.10    -20.95  1.00000
  20727     9.10    -20.90  1.00000
  20728     9.10    -20.85  1.00000
  20729     9.10    -20.80  1.00000
  20730     9.10    -20.75  1.00000
  20731     9.10    -20.70  1.00000
  20732     9.10    -20.65  1.00000
  20733     9.10    -20.60  1.00000
  20734     9.10    -20.55  1.00000
  20735     9.10    -20.50  1.00000
  20736     9.10    -20.45  1.00000
  20737     9.10    -20.40  1.00000
  20738     9.10    -20.35  1.00000
  20739     9.10    -20.30  1.00000
  20740     9.10    -20.25  1.00000
  20741     9.10    -20.20  1.00000
  20742     9.10    -20.15  1.00000
  20743     9.10    -20.10  1.00000
  20744     9.10    -20.05  1.00000
  20745     9.10    -20.00  1.00000
  20746     9.10    -19.95  1.00000
  20747     9.10    -19.90  1.00000
  20748     9.10    -19.85  1.00000
  20749     9.10    -19.80  1.00000
  20750     9.10    -19.75  1.00000
  20751     9.10    -19.70  1.00000
  20752     9.10    -19.65  1.00000
  20753     9.10    -19.60  1.00000
  20754     9.10    -19.55  1.00000
  20755     9.10    -19.50  1.00000
  20756     9.10    -19.45  1.00000
  20757     9.10    -19.40  1.00000
  20758     9.10    -19.35  1.00000
  20759     9.10    -19.30  1.00000
  20760     9.10    -19.25  1.00000
  20761     9.10    -19.20  1.00000
  20762     9.10    -19.15  1.00000
  20763     9.10    -19.10  1.00000
  20764     9.10    -19.05  1.00000
  20765     9.10    -19.00  1.00000
  20766     9.10    -18.95  1.00000
  20767     9.10    -18.90  1.00000
  20768     9.10    -18.85  1.00000
  20769     9.10    -18.80  1.00000
  20770     9.10    -18.75  1.00000
  20771     9.10    -18.70  1.00000
  20772     9.10    -18.65  1.00000
  20773     9.10    -18.60  1.00000
  20774     9.10    -18.55  1.00000
  20775     9.10    -18.50  1.00000
  20776     9.10    -18.45  1.00000
  20777     9.10    -18.40  1.00000
  20778     9.10    -18.35  1.00000
  20779     9.10    -18.30  1.00000
  20780     9.10    -18.25  1.00000
  20781     9.10    -18.20  1.00000
  20782     9.10    -18.15  1.00000
  20783     9.10    -18.10  1.00000
  20784     9.10    -18.05  1.00000
  20785     9.10    -18.00  1.00000
  20786     9.10    -17.95  1.00000
  20787     9.10    -17.90  1.00000
  20788     9.10    -17.85  1.00000
  20789     9.10    -17.80  1.00000
  20790     9.10    -17.75  1.00000
  20791     9.10    -17.70  1.00000
  20792     9.10    -17.65  1.00000
  20793     9.10    -17.60  1.00000
  20794     9.10    -17.55  1.00000
  20795     9.10    -17.50  1.00000
  20796     9.10    -17.45  1.00000
  20797     9.10    -17.40  1.00000
  20798     9.10    -17.35  1.00000
  20799     9.10    -17.30  1.00000
  20800     9.10    -17.25  1.00000
  20801     9.10    -17.20  1.00000
  20802     9.10    -17.15  1.00000
  20803     9.10    -17.10  1.00000
  20804     9.10    -17.05  1.00000
  20805     9.10    -17.00  1.00000
  20806     9.10    -16.95  1.00000
  20807     9.10    -16.90  1.00000
  20808     9.10    -16.85  1.00000
  20809     9.10    -16.80  1.00000
  20810     9.10    -16.75  1.00000
  20811     9.10    -16.70  1.00000
  20812     9.10    -16.65  1.00000
  20813     9.10    -16.60  1.00000
  20814     9.10    -16.55  1.00000
  20815     9.10    -16.50  1.00000
  20816     9.10    -16.45  1.00000
  20817     9.10    -16.40  1.00000
  20818     9.10    -16.35  1.00000
  20819     9.10    -16.30  1.00000
  20820     9.10    -16.25  1.00000
  20821     9.10    -16.20  1.00000
  20822     9.10    -16.15  1.00000
  20823     9.10    -16.10  1.00000
  20824     9.10    -16.05  1.00000
  20825     9.10    -16.00  1.00000
  20826     9.10    -15.95  1.00000
  20827     9.10    -15.90  1.00000
  20828     9.10    -15.85  1.00000
  20829     9.10    -15.80  1.00000
  20830     9.10    -15.75  1.00000
  20831     9.10    -15.70  1.00000
  20832     9.10    -15.65  1.00000
  20833     9.10    -15.60  1.00000
  20834     9.10    -15.55  1.00000
  20835     9.10    -15.50  1.00000
  20836     9.10    -15.45  1.00000
  20837     9.10    -15.40  1.00000
  20838     9.10    -15.35  1.00000
  20839     9.15    -22.85  1.00000
  20840     9.15    -22.80  1.00000
  20841     9.15    -22.75  1.00000
  20842     9.15    -22.70  1.00000
  20843     9.15    -22.65  1.00000
  20844     9.15    -22.60  1.00000
  20845     9.15    -22.55  1.00000
  20846     9.15    -22.50  1.00000
  20847     9.15    -22.45  1.00000
  20848     9.15    -22.40  1.00000
  20849     9.15    -22.35  1.00000
  20850     9.15    -22.30  1.00000
  20851     9.15    -22.25  1.00000
  20852     9.15    -22.20  1.00000
  20853     9.15    -22.15  1.00000
  20854     9.15    -22.10  1.00000
  20855     9.15    -22.05  1.00000
  20856     9.15    -22.00  1.00000
  20857     9.15    -21.95  1.00000
  20858     9.15    -21.90  1.00000
  20859     9.15    -21.85  1.00000
  20860     9.15    -21.80  1.00000
  20861     9.15    -21.75  1.00000
  20862     9.15    -21.70  1.00000
  20863     9.15    -21.65  1.00000
  20864     9.15    -21.60  1.00000
  20865     9.15    -21.55  1.00000
  20866     9.15    -21.50  1.00000
  20867     9.15    -21.45  1.00000
  20868     9.15    -21.40  1.00000
  20869     9.15    -21.35  1.00000
  20870     9.15    -21.30  1.00000
  20871     9.15    -21.25  1.00000
  20872     9.15    -21.20  1.00000
  20873     9.15    -21.15  1.00000
  20874     9.15    -21.10  1.00000
  20875     9.15    -21.05  1.00000
  20876     9.15    -21.00  1.00000
  20877     9.15    -20.95  1.00000
  20878     9.15    -20.90  1.00000
  20879     9.15    -20.85  1.00000
  20880     9.15    -20.80  1.00000
  20881     9.15    -20.75  1.00000
  20882     9.15    -20.70  1.00000
  20883     9.15    -20.65  1.00000
  20884     9.15    -20.60  1.00000
  20885     9.15    -20.55  1.00000
  20886     9.15    -20.50  1.00000
  20887     9.15    -20.45  1.00000
  20888     9.15    -20.40  1.00000
  20889     9.15    -20.35  1.00000
  20890     9.15    -20.30  1.00000
  20891     9.15    -20.25  1.00000
  20892     9.15    -20.20  1.00000
  20893     9.15    -20.15  1.00000
  20894     9.15    -20.10  1.00000
  20895     9.15    -20.05  1.00000
  20896     9.15    -20.00  1.00000
  20897     9.15    -19.95  1.00000
  20898     9.15    -19.90  1.00000
  20899     9.15    -19.85  1.00000
  20900     9.15    -19.80  1.00000
  20901     9.15    -19.75  1.00000
  20902     9.15    -19.70  1.00000
  20903     9.15    -19.65  1.00000
  20904     9.15    -19.60  1.00000
  20905     9.15    -19.55  1.00000
  20906     9.15    -19.50  1.00000
  20907     9.15    -19.45  1.00000
  20908     9.15    -19.40  1.00000
  20909     9.15    -19.35  1.00000
  20910     9.15    -19.30  1.00000
  20911     9.15    -19.25  1.00000
  20912     9.15    -19.20  1.00000
  20913     9.15    -19.15  1.00000
  20914     9.15    -19.10  1.00000
  20915     9.15    -19.05  1.00000
  20916     9.15    -19.00  1.00000
  20917     9.15    -18.95  1.00000
  20918     9.15    -18.90  1.00000
  20919     9.15    -18.85  1.00000
  20920     9.15    -18.80  1.00000
  20921     9.15    -18.75  1.00000
  20922     9.15    -18.70  1.00000
  20923     9.15    -18.65  1.00000
  20924     9.15    -18.60  1.00000
  20925     9.15    -18.55  1.00000
  20926     9.15    -18.50  1.00000
  20927     9.15    -18.45  1.00000
  20928     9.15    -18.40  1.00000
  20929     9.15    -18.35  1.00000
  20930     9.15    -18.30  1.00000
  20931     9.15    -18.25  1.00000
  20932     9.15    -18.20  1.00000
  20933     9.15    -18.15  1.00000
  20934     9.15    -18.10  1.00000
  20935     9.15    -18.05  1.00000
  20936     9.15    -18.00  1.00000
  20937     9.15    -17.95  1.00000
  20938     9.15    -17.90  1.00000
  20939     9.15    -17.85  1.00000
  20940     9.15    -17.80  1.00000
  20941     9.15    -17.75  1.00000
  20942     9.15    -17.70  1.00000
  20943     9.15    -17.65  1.00000
  20944     9.15    -17.60  1.00000
  20945     9.15    -17.55  1.00000
  20946     9.15    -17.50  1.00000
  20947     9.15    -17.45  1.00000
  20948     9.15    -17.40  1.00000
  20949     9.15    -17.35  1.00000
  20950     9.15    -17.30  1.00000
  20951     9.15    -17.25  1.00000
  20952     9.15    -17.20  1.00000
  20953     9.15    -17.15  1.00000
  20954     9.15    -17.10  1.00000
  20955     9.15    -17.05  1.00000
  20956     9.15    -17.00  1.00000
  20957     9.15    -16.95  1.00000
  20958     9.15    -16.90  1.00000
  20959     9.15    -16.85  1.00000
  20960     9.15    -16.80  1.00000
  20961     9.15    -16.75  1.00000
  20962     9.15    -16.70  1.00000
  20963     9.15    -16.65  1.00000
  20964     9.15    -16.60  1.00000
  20965     9.15    -16.55  1.00000
  20966     9.15    -16.50  1.00000
  20967     9.15    -16.45  1.00000
  20968     9.15    -16.40  1.00000
  20969     9.15    -16.35  1.00000
  20970     9.15    -16.30  1.00000
  20971     9.15    -16.25  1.00000
  20972     9.15    -16.20  1.00000
  20973     9.15    -16.15  1.00000
  20974     9.15    -16.10  1.00000
  20975     9.15    -16.05  1.00000
  20976     9.15    -16.00  1.00000
  20977     9.15    -15.95  1.00000
  20978     9.15    -15.90  1.00000
  20979     9.15    -15.85  1.00000
  20980     9.15    -15.80  1.00000
  20981     9.15    -15.75  1.00000
  20982     9.15    -15.70  1.00000
  20983     9.15    -15.65  1.00000
  20984     9.15    -15.60  1.00000
  20985     9.15    -15.55  1.00000
  20986     9.15    -15.50  1.00000
  20987     9.15    -15.45  1.00000
  20988     9.15    -15.40  1.00000
  20989     9.15    -15.35  1.00000
  20990     9.20    -22.85  1.00000
  20991     9.20    -22.80  1.00000
  20992     9.20    -22.75  1.00000
  20993     9.20    -22.70  1.00000
  20994     9.20    -22.65  1.00000
  20995     9.20    -22.60  1.00000
  20996     9.20    -22.55  1.00000
  20997     9.20    -22.50  1.00000
  20998     9.20    -22.45  1.00000
  20999     9.20    -22.40  1.00000
  21000     9.20    -22.35  1.00000
  21001     9.20    -22.30  1.00000
  21002     9.20    -22.25  1.00000
  21003     9.20    -22.20  1.00000
  21004     9.20    -22.15  1.00000
  21005     9.20    -22.10  1.00000
  21006     9.20    -22.05  1.00000
  21007     9.20    -22.00  1.00000
  21008     9.20    -21.95  1.00000
  21009     9.20    -21.90  1.00000
  21010     9.20    -21.85  1.00000
  21011     9.20    -21.80  1.00000
  21012     9.20    -21.75  1.00000
  21013     9.20    -21.70  1.00000
  21014     9.20    -21.65  1.00000
  21015     9.20    -21.60  1.00000
  21016     9.20    -21.55  1.00000
  21017     9.20    -21.50  1.00000
  21018     9.20    -21.45  1.00000
  21019     9.20    -21.40  1.00000
  21020     9.20    -21.35  1.00000
  21021     9.20    -21.30  1.00000
  21022     9.20    -21.25  1.00000
  21023     9.20    -21.20  1.00000
  21024     9.20    -21.15  1.00000
  21025     9.20    -21.10  1.00000
  21026     9.20    -21.05  1.00000
  21027     9.20    -21.00  1.00000
  21028     9.20    -20.95  1.00000
  21029     9.20    -20.90  1.00000
  21030     9.20    -20.85  1.00000
  21031     9.20    -20.80  1.00000
  21032     9.20    -20.75  1.00000
  21033     9.20    -20.70  1.00000
  21034     9.20    -20.65  1.00000
  21035     9.20    -20.60  1.00000
  21036     9.20    -20.55  1.00000
  21037     9.20    -20.50  1.00000
  21038     9.20    -20.45  1.00000
  21039     9.20    -20.40  1.00000
  21040     9.20    -20.35  1.00000
  21041     9.20    -20.30  1.00000
  21042     9.20    -20.25  1.00000
  21043     9.20    -20.20  1.00000
  21044     9.20    -20.15  1.00000
  21045     9.20    -20.10  1.00000
  21046     9.20    -20.05  1.00000
  21047     9.20    -20.00  1.00000
  21048     9.20    -19.95  1.00000
  21049     9.20    -19.90  1.00000
  21050     9.20    -19.85  1.00000
  21051     9.20    -19.80  1.00000
  21052     9.20    -19.75  1.00000
  21053     9.20    -19.70  1.00000
  21054     9.20    -19.65  1.00000
  21055     9.20    -19.60  1.00000
  21056     9.20    -19.55  1.00000
  21057     9.20    -19.50  1.00000
  21058     9.20    -19.45  1.00000
  21059     9.20    -19.40  1.00000
  21060     9.20    -19.35  1.00000
  21061     9.20    -19.30  1.00000
  21062     9.20    -19.25  1.00000
  21063     9.20    -19.20  1.00000
  21064     9.20    -19.15  1.00000
  21065     9.20    -19.10  1.00000
  21066     9.20    -19.05  1.00000
  21067     9.20    -19.00  1.00000
  21068     9.20    -18.95  1.00000
  21069     9.20    -18.90  1.00000
  21070     9.20    -18.85  1.00000
  21071     9.20    -18.80  1.00000
  21072     9.20    -18.75  1.00000
  21073     9.20    -18.70  1.00000
  21074     9.20    -18.65  1.00000
  21075     9.20    -18.60  1.00000
  21076     9.20    -18.55  1.00000
  21077     9.20    -18.50  1.00000
  21078     9.20    -18.45  1.00000
  21079     9.20    -18.40  1.00000
  21080     9.20    -18.35  1.00000
  21081     9.20    -18.30  1.00000
  21082     9.20    -18.25  1.00000
  21083     9.20    -18.20  1.00000
  21084     9.20    -18.15  1.00000
  21085     9.20    -18.10  1.00000
  21086     9.20    -18.05  1.00000
  21087     9.20    -18.00  1.00000
  21088     9.20    -17.95  1.00000
  21089     9.20    -17.90  1.00000
  21090     9.20    -17.85  1.00000
  21091     9.20    -17.80  1.00000
  21092     9.20    -17.75  1.00000
  21093     9.20    -17.70  1.00000
  21094     9.20    -17.65  1.00000
  21095     9.20    -17.60  1.00000
  21096     9.20    -17.55  1.00000
  21097     9.20    -17.50  1.00000
  21098     9.20    -17.45  1.00000
  21099     9.20    -17.40  1.00000
  21100     9.20    -17.35  1.00000
  21101     9.20    -17.30  1.00000
  21102     9.20    -17.25  1.00000
  21103     9.20    -17.20  1.00000
  21104     9.20    -17.15  1.00000
  21105     9.20    -17.10  1.00000
  21106     9.20    -17.05  1.00000
  21107     9.20    -17.00  1.00000
  21108     9.20    -16.95  1.00000
  21109     9.20    -16.90  1.00000
  21110     9.20    -16.85  1.00000
  21111     9.20    -16.80  1.00000
  21112     9.20    -16.75  1.00000
  21113     9.20    -16.70  1.00000
  21114     9.20    -16.65  1.00000
  21115     9.20    -16.60  1.00000
  21116     9.20    -16.55  1.00000
  21117     9.20    -16.50  1.00000
  21118     9.20    -16.45  1.00000
  21119     9.20    -16.40  1.00000
  21120     9.20    -16.35  1.00000
  21121     9.20    -16.30  1.00000
  21122     9.20    -16.25  1.00000
  21123     9.20    -16.20  1.00000
  21124     9.20    -16.15  1.00000
  21125     9.20    -16.10  1.00000
  21126     9.20    -16.05  1.00000
  21127     9.20    -16.00  1.00000
  21128     9.20    -15.95  1.00000
  21129     9.20    -15.90  1.00000
  21130     9.20    -15.85  1.00000
  21131     9.20    -15.80  1.00000
  21132     9.20    -15.75  1.00000
  21133     9.20    -15.70  1.00000
  21134     9.20    -15.65  1.00000
  21135     9.20    -15.60  1.00000
  21136     9.20    -15.55  1.00000
  21137     9.20    -15.50  1.00000
  21138     9.20    -15.45  1.00000
  21139     9.20    -15.40  1.00000
  21140     9.20    -15.35  1.00000
  21141     9.25    -22.85  1.00000
  21142     9.25    -22.80  1.00000
  21143     9.25    -22.75  1.00000
  21144     9.25    -22.70  1.00000
  21145     9.25    -22.65  1.00000
  21146     9.25    -22.60  1.00000
  21147     9.25    -22.55  1.00000
  21148     9.25    -22.50  1.00000
  21149     9.25    -22.45  1.00000
  21150     9.25    -22.40  1.00000
  21151     9.25    -22.35  1.00000
  21152     9.25    -22.30  1.00000
  21153     9.25    -22.25  1.00000
  21154     9.25    -22.20  1.00000
  21155     9.25    -22.15  1.00000
  21156     9.25    -22.10  1.00000
  21157     9.25    -22.05  1.00000
  21158     9.25    -22.00  1.00000
  21159     9.25    -21.95  1.00000
  21160     9.25    -21.90  1.00000
  21161     9.25    -21.85  1.00000
  21162     9.25    -21.80  1.00000
  21163     9.25    -21.75  1.00000
  21164     9.25    -21.70  1.00000
  21165     9.25    -21.65  1.00000
  21166     9.25    -21.60  1.00000
  21167     9.25    -21.55  1.00000
  21168     9.25    -21.50  1.00000
  21169     9.25    -21.45  1.00000
  21170     9.25    -21.40  1.00000
  21171     9.25    -21.35  1.00000
  21172     9.25    -21.30  1.00000
  21173     9.25    -21.25  1.00000
  21174     9.25    -21.20  1.00000
  21175     9.25    -21.15  1.00000
  21176     9.25    -21.10  1.00000
  21177     9.25    -21.05  1.00000
  21178     9.25    -21.00  1.00000
  21179     9.25    -20.95  1.00000
  21180     9.25    -20.90  1.00000
  21181     9.25    -20.85  1.00000
  21182     9.25    -20.80  1.00000
  21183     9.25    -20.75  1.00000
  21184     9.25    -20.70  1.00000
  21185     9.25    -20.65  1.00000
  21186     9.25    -20.60  1.00000
  21187     9.25    -20.55  1.00000
  21188     9.25    -20.50  1.00000
  21189     9.25    -20.45  1.00000
  21190     9.25    -20.40  1.00000
  21191     9.25    -20.35  1.00000
  21192     9.25    -20.30  1.00000
  21193     9.25    -20.25  1.00000
  21194     9.25    -20.20  1.00000
  21195     9.25    -20.15  1.00000
  21196     9.25    -20.10  1.00000
  21197     9.25    -20.05  1.00000
  21198     9.25    -20.00  1.00000
  21199     9.25    -19.95  1.00000
  21200     9.25    -19.90  1.00000
  21201     9.25    -19.85  1.00000
  21202     9.25    -19.80  1.00000
  21203     9.25    -19.75  1.00000
  21204     9.25    -19.70  1.00000
  21205     9.25    -19.65  1.00000
  21206     9.25    -19.60  1.00000
  21207     9.25    -19.55  1.00000
  21208     9.25    -19.50  1.00000
  21209     9.25    -19.45  1.00000
  21210     9.25    -19.40  1.00000
  21211     9.25    -19.35  1.00000
  21212     9.25    -19.30  1.00000
  21213     9.25    -19.25  1.00000
  21214     9.25    -19.20  1.00000
  21215     9.25    -19.15  1.00000
  21216     9.25    -19.10  1.00000
  21217     9.25    -19.05  1.00000
  21218     9.25    -19.00  1.00000
  21219     9.25    -18.95  1.00000
  21220     9.25    -18.90  1.00000
  21221     9.25    -18.85  1.00000
  21222     9.25    -18.80  1.00000
  21223     9.25    -18.75  1.00000
  21224     9.25    -18.70  1.00000
  21225     9.25    -18.65  1.00000
  21226     9.25    -18.60  1.00000
  21227     9.25    -18.55  1.00000
  21228     9.25    -18.50  1.00000
  21229     9.25    -18.45  1.00000
  21230     9.25    -18.40  1.00000
  21231     9.25    -18.35  1.00000
  21232     9.25    -18.30  1.00000
  21233     9.25    -18.25  1.00000
  21234     9.25    -18.20  1.00000
  21235     9.25    -18.15  1.00000
  21236     9.25    -18.10  1.00000
  21237     9.25    -18.05  1.00000
  21238     9.25    -18.00  1.00000
  21239     9.25    -17.95  1.00000
  21240     9.25    -17.90  1.00000
  21241     9.25    -17.85  1.00000
  21242     9.25    -17.80  1.00000
  21243     9.25    -17.75  1.00000
  21244     9.25    -17.70  1.00000
  21245     9.25    -17.65  1.00000
  21246     9.25    -17.60  1.00000
  21247     9.25    -17.55  1.00000
  21248     9.25    -17.50  1.00000
  21249     9.25    -17.45  1.00000
  21250     9.25    -17.40  1.00000
  21251     9.25    -17.35  1.00000
  21252     9.25    -17.30  1.00000
  21253     9.25    -17.25  1.00000
  21254     9.25    -17.20  1.00000
  21255     9.25    -17.15  1.00000
  21256     9.25    -17.10  1.00000
  21257     9.25    -17.05  1.00000
  21258     9.25    -17.00  1.00000
  21259     9.25    -16.95  1.00000
  21260     9.25    -16.90  1.00000
  21261     9.25    -16.85  1.00000
  21262     9.25    -16.80  1.00000
  21263     9.25    -16.75  1.00000
  21264     9.25    -16.70  1.00000
  21265     9.25    -16.65  1.00000
  21266     9.25    -16.60  1.00000
  21267     9.25    -16.55  1.00000
  21268     9.25    -16.50  1.00000
  21269     9.25    -16.45  1.00000
  21270     9.25    -16.40  1.00000
  21271     9.25    -16.35  1.00000
  21272     9.25    -16.30  1.00000
  21273     9.25    -16.25  1.00000
  21274     9.25    -16.20  1.00000
  21275     9.25    -16.15  1.00000
  21276     9.25    -16.10  1.00000
  21277     9.25    -16.05  1.00000
  21278     9.25    -16.00  1.00000
  21279     9.25    -15.95  1.00000
  21280     9.25    -15.90  1.00000
  21281     9.25    -15.85  1.00000
  21282     9.25    -15.80  1.00000
  21283     9.25    -15.75  1.00000
  21284     9.25    -15.70  1.00000
  21285     9.25    -15.65  1.00000
  21286     9.25    -15.60  1.00000
  21287     9.25    -15.55  1.00000
  21288     9.25    -15.50  1.00000
  21289     9.25    -15.45  1.00000
  21290     9.25    -15.40  1.00000
  21291     9.25    -15.35  1.00000
  21292     9.30    -22.85  1.00000
  21293     9.30    -22.80  1.00000
  21294     9.30    -22.75  1.00000
  21295     9.30    -22.70  1.00000
  21296     9.30    -22.65  1.00000
  21297     9.30    -22.60  1.00000
  21298     9.30    -22.55  1.00000
  21299     9.30    -22.50  1.00000
  21300     9.30    -22.45  1.00000
  21301     9.30    -22.40  1.00000
  21302     9.30    -22.35  1.00000
  21303     9.30    -22.30  1.00000
  21304     9.30    -22.25  1.00000
  21305     9.30    -22.20  1.00000
  21306     9.30    -22.15  1.00000
  21307     9.30    -22.10  1.00000
  21308     9.30    -22.05  1.00000
  21309     9.30    -22.00  1.00000
  21310     9.30    -21.95  1.00000
  21311     9.30    -21.90  1.00000
  21312     9.30    -21.85  1.00000
  21313     9.30    -21.80  1.00000
  21314     9.30    -21.75  1.00000
  21315     9.30    -21.70  1.00000
  21316     9.30    -21.65  1.00000
  21317     9.30    -21.60  1.00000
  21318     9.30    -21.55  1.00000
  21319     9.30    -21.50  1.00000
  21320     9.30    -21.45  1.00000
  21321     9.30    -21.40  1.00000
  21322     9.30    -21.35  1.00000
  21323     9.30    -21.30  1.00000
  21324     9.30    -21.25  1.00000
  21325     9.30    -21.20  1.00000
  21326     9.30    -21.15  1.00000
  21327     9.30    -21.10  1.00000
  21328     9.30    -21.05  1.00000
  21329     9.30    -21.00  1.00000
  21330     9.30    -20.95  1.00000
  21331     9.30    -20.90  1.00000
  21332     9.30    -20.85  1.00000
  21333     9.30    -20.80  1.00000
  21334     9.30    -20.75  1.00000
  21335     9.30    -20.70  1.00000
  21336     9.30    -20.65  1.00000
  21337     9.30    -20.60  1.00000
  21338     9.30    -20.55  1.00000
  21339     9.30    -20.50  1.00000
  21340     9.30    -20.45  1.00000
  21341     9.30    -20.40  1.00000
  21342     9.30    -20.35  1.00000
  21343     9.30    -20.30  1.00000
  21344     9.30    -20.25  1.00000
  21345     9.30    -20.20  1.00000
  21346     9.30    -20.15  1.00000
  21347     9.30    -20.10  1.00000
  21348     9.30    -20.05  1.00000
  21349     9.30    -20.00  1.00000
  21350     9.30    -19.95  1.00000
  21351     9.30    -19.90  1.00000
  21352     9.30    -19.85  1.00000
  21353     9.30    -19.80  1.00000
  21354     9.30    -19.75  1.00000
  21355     9.30    -19.70  1.00000
  21356     9.30    -19.65  1.00000
  21357     9.30    -19.60  1.00000
  21358     9.30    -19.55  1.00000
  21359     9.30    -19.50  1.00000
  21360     9.30    -19.45  1.00000
  21361     9.30    -19.40  1.00000
  21362     9.30    -19.35  1.00000
  21363     9.30    -19.30  1.00000
  21364     9.30    -19.25  1.00000
  21365     9.30    -19.20  1.00000
  21366     9.30    -19.15  1.00000
  21367     9.30    -19.10  1.00000
  21368     9.30    -19.05  1.00000
  21369     9.30    -19.00  1.00000
  21370     9.30    -18.95  1.00000
  21371     9.30    -18.90  1.00000
  21372     9.30    -18.85  1.00000
  21373     9.30    -18.80  1.00000
  21374     9.30    -18.75  1.00000
  21375     9.30    -18.70  1.00000
  21376     9.30    -18.65  1.00000
  21377     9.30    -18.60  1.00000
  21378     9.30    -18.55  1.00000
  21379     9.30    -18.50  1.00000
  21380     9.30    -18.45  1.00000
  21381     9.30    -18.40  1.00000
  21382     9.30    -18.35  1.00000
  21383     9.30    -18.30  1.00000
  21384     9.30    -18.25  1.00000
  21385     9.30    -18.20  1.00000
  21386     9.30    -18.15  1.00000
  21387     9.30    -18.10  1.00000
  21388     9.30    -18.05  1.00000
  21389     9.30    -18.00  1.00000
  21390     9.30    -17.95  1.00000
  21391     9.30    -17.90  1.00000
  21392     9.30    -17.85  1.00000
  21393     9.30    -17.80  1.00000
  21394     9.30    -17.75  1.00000
  21395     9.30    -17.70  1.00000
  21396     9.30    -17.65  1.00000
  21397     9.30    -17.60  1.00000
  21398     9.30    -17.55  1.00000
  21399     9.30    -17.50  1.00000
  21400     9.30    -17.45  1.00000
  21401     9.30    -17.40  1.00000
  21402     9.30    -17.35  1.00000
  21403     9.30    -17.30  1.00000
  21404     9.30    -17.25  1.00000
  21405     9.30    -17.20  1.00000
  21406     9.30    -17.15  1.00000
  21407     9.30    -17.10  1.00000
  21408     9.30    -17.05  1.00000
  21409     9.30    -17.00  1.00000
  21410     9.30    -16.95  1.00000
  21411     9.30    -16.90  1.00000
  21412     9.30    -16.85  1.00000
  21413     9.30    -16.80  1.00000
  21414     9.30    -16.75  1.00000
  21415     9.30    -16.70  1.00000
  21416     9.30    -16.65  1.00000
  21417     9.30    -16.60  1.00000
  21418     9.30    -16.55  1.00000
  21419     9.30    -16.50  1.00000
  21420     9.30    -16.45  1.00000
  21421     9.30    -16.40  1.00000
  21422     9.30    -16.35  1.00000
  21423     9.30    -16.30  1.00000
  21424     9.30    -16.25  1.00000
  21425     9.30    -16.20  1.00000
  21426     9.30    -16.15  1.00000
  21427     9.30    -16.10  1.00000
  21428     9.30    -16.05  1.00000
  21429     9.30    -16.00  1.00000
  21430     9.30    -15.95  1.00000
  21431     9.30    -15.90  1.00000
  21432     9.30    -15.85  1.00000
  21433     9.30    -15.80  1.00000
  21434     9.30    -15.75  1.00000
  21435     9.30    -15.70  1.00000
  21436     9.30    -15.65  1.00000
  21437     9.30    -15.60  1.00000
  21438     9.30    -15.55  1.00000
  21439     9.30    -15.50  1.00000
  21440     9.30    -15.45  1.00000
  21441     9.30    -15.40  1.00000
  21442     9.30    -15.35  1.00000
  21443     9.35    -22.85  1.00000
  21444     9.35    -22.80  1.00000
  21445     9.35    -22.75  1.00000
  21446     9.35    -22.70  1.00000
  21447     9.35    -22.65  1.00000
  21448     9.35    -22.60  1.00000
  21449     9.35    -22.55  1.00000
  21450     9.35    -22.50  1.00000
  21451     9.35    -22.45  1.00000
  21452     9.35    -22.40  1.00000
  21453     9.35    -22.35  1.00000
  21454     9.35    -22.30  1.00000
  21455     9.35    -22.25  1.00000
  21456     9.35    -22.20  1.00000
  21457     9.35    -22.15  1.00000
  21458     9.35    -22.10  1.00000
  21459     9.35    -22.05  1.00000
  21460     9.35    -22.00  1.00000
  21461     9.35    -21.95  1.00000
  21462     9.35    -21.90  1.00000
  21463     9.35    -21.85  1.00000
  21464     9.35    -21.80  1.00000
  21465     9.35    -21.75  1.00000
  21466     9.35    -21.70  1.00000
  21467     9.35    -21.65  1.00000
  21468     9.35    -21.60  1.00000
  21469     9.35    -21.55  1.00000
  21470     9.35    -21.50  1.00000
  21471     9.35    -21.45  1.00000
  21472     9.35    -21.40  1.00000
  21473     9.35    -21.35  1.00000
  21474     9.35    -21.30  1.00000
  21475     9.35    -21.25  1.00000
  21476     9.35    -21.20  1.00000
  21477     9.35    -21.15  1.00000
  21478     9.35    -21.10  1.00000
  21479     9.35    -21.05  1.00000
  21480     9.35    -21.00  1.00000
  21481     9.35    -20.95  1.00000
  21482     9.35    -20.90  1.00000
  21483     9.35    -20.85  1.00000
  21484     9.35    -20.80  1.00000
  21485     9.35    -20.75  1.00000
  21486     9.35    -20.70  1.00000
  21487     9.35    -20.65  1.00000
  21488     9.35    -20.60  1.00000
  21489     9.35    -20.55  1.00000
  21490     9.35    -20.50  1.00000
  21491     9.35    -20.45  1.00000
  21492     9.35    -20.40  1.00000
  21493     9.35    -20.35  1.00000
  21494     9.35    -20.30  1.00000
  21495     9.35    -20.25  1.00000
  21496     9.35    -20.20  1.00000
  21497     9.35    -20.15  1.00000
  21498     9.35    -20.10  1.00000
  21499     9.35    -20.05  1.00000
  21500     9.35    -20.00  1.00000
  21501     9.35    -19.95  1.00000
  21502     9.35    -19.90  1.00000
  21503     9.35    -19.85  1.00000
  21504     9.35    -19.80  1.00000
  21505     9.35    -19.75  1.00000
  21506     9.35    -19.70  1.00000
  21507     9.35    -19.65  1.00000
  21508     9.35    -19.60  1.00000
  21509     9.35    -19.55  1.00000
  21510     9.35    -19.50  1.00000
  21511     9.35    -19.45  1.00000
  21512     9.35    -19.40  1.00000
  21513     9.35    -19.35  1.00000
  21514     9.35    -19.30  1.00000
  21515     9.35    -19.25  1.00000
  21516     9.35    -19.20  1.00000
  21517     9.35    -19.15  1.00000
  21518     9.35    -19.10  1.00000
  21519     9.35    -19.05  1.00000
  21520     9.35    -19.00  1.00000
  21521     9.35    -18.95  1.00000
  21522     9.35    -18.90  1.00000
  21523     9.35    -18.85  1.00000
  21524     9.35    -18.80  1.00000
  21525     9.35    -18.75  1.00000
  21526     9.35    -18.70  1.00000
  21527     9.35    -18.65  1.00000
  21528     9.35    -18.60  1.00000
  21529     9.35    -18.55  1.00000
  21530     9.35    -18.50  1.00000
  21531     9.35    -18.45  1.00000
  21532     9.35    -18.40  1.00000
  21533     9.35    -18.35  1.00000
  21534     9.35    -18.30  1.00000
  21535     9.35    -18.25  1.00000
  21536     9.35    -18.20  1.00000
  21537     9.35    -18.15  1.00000
  21538     9.35    -18.10  1.00000
  21539     9.35    -18.05  1.00000
  21540     9.35    -18.00  1.00000
  21541     9.35    -17.95  1.00000
  21542     9.35    -17.90  1.00000
  21543     9.35    -17.85  1.00000
  21544     9.35    -17.80  1.00000
  21545     9.35    -17.75  1.00000
  21546     9.35    -17.70  1.00000
  21547     9.35    -17.65  1.00000
  21548     9.35    -17.60  1.00000
  21549     9.35    -17.55  1.00000
  21550     9.35    -17.50  1.00000
  21551     9.35    -17.45  1.00000
  21552     9.35    -17.40  1.00000
  21553     9.35    -17.35  1.00000
  21554     9.35    -17.30  1.00000
  21555     9.35    -17.25  1.00000
  21556     9.35    -17.20  1.00000
  21557     9.35    -17.15  1.00000
  21558     9.35    -17.10  1.00000
  21559     9.35    -17.05  1.00000
  21560     9.35    -17.00  1.00000
  21561     9.35    -16.95  1.00000
  21562     9.35    -16.90  1.00000
  21563     9.35    -16.85  1.00000
  21564     9.35    -16.80  1.00000
  21565     9.35    -16.75  1.00000
  21566     9.35    -16.70  1.00000
  21567     9.35    -16.65  1.00000
  21568     9.35    -16.60  1.00000
  21569     9.35    -16.55  1.00000
  21570     9.35    -16.50  1.00000
  21571     9.35    -16.45  1.00000
  21572     9.35    -16.40  1.00000
  21573     9.35    -16.35  1.00000
  21574     9.35    -16.30  1.00000
  21575     9.35    -16.25  1.00000
  21576     9.35    -16.20  1.00000
  21577     9.35    -16.15  1.00000
  21578     9.35    -16.10  1.00000
  21579     9.35    -16.05  1.00000
  21580     9.35    -16.00  1.00000
  21581     9.35    -15.95  1.00000
  21582     9.35    -15.90  1.00000
  21583     9.35    -15.85  1.00000
  21584     9.35    -15.80  1.00000
  21585     9.35    -15.75  1.00000
  21586     9.35    -15.70  1.00000
  21587     9.35    -15.65  1.00000
  21588     9.35    -15.60  1.00000
  21589     9.35    -15.55  1.00000
  21590     9.35    -15.50  1.00000
  21591     9.35    -15.45  1.00000
  21592     9.35    -15.40  1.00000
  21593     9.35    -15.35  1.00000
  21594     9.40    -22.85  1.00000
  21595     9.40    -22.80  1.00000
  21596     9.40    -22.75  1.00000
  21597     9.40    -22.70  1.00000
  21598     9.40    -22.65  1.00000
  21599     9.40    -22.60  1.00000
  21600     9.40    -22.55  1.00000
  21601     9.40    -22.50  1.00000
  21602     9.40    -22.45  1.00000
  21603     9.40    -22.40  1.00000
  21604     9.40    -22.35  1.00000
  21605     9.40    -22.30  1.00000
  21606     9.40    -22.25  1.00000
  21607     9.40    -22.20  1.00000
  21608     9.40    -22.15  1.00000
  21609     9.40    -22.10  1.00000
  21610     9.40    -22.05  1.00000
  21611     9.40    -22.00  1.00000
  21612     9.40    -21.95  1.00000
  21613     9.40    -21.90  1.00000
  21614     9.40    -21.85  1.00000
  21615     9.40    -21.80  1.00000
  21616     9.40    -21.75  1.00000
  21617     9.40    -21.70  1.00000
  21618     9.40    -21.65  1.00000
  21619     9.40    -21.60  1.00000
  21620     9.40    -21.55  1.00000
  21621     9.40    -21.50  1.00000
  21622     9.40    -21.45  1.00000
  21623     9.40    -21.40  1.00000
  21624     9.40    -21.35  1.00000
  21625     9.40    -21.30  1.00000
  21626     9.40    -21.25  1.00000
  21627     9.40    -21.20  1.00000
  21628     9.40    -21.15  1.00000
  21629     9.40    -21.10  1.00000
  21630     9.40    -21.05  1.00000
  21631     9.40    -21.00  1.00000
  21632     9.40    -20.95  1.00000
  21633     9.40    -20.90  1.00000
  21634     9.40    -20.85  1.00000
  21635     9.40    -20.80  1.00000
  21636     9.40    -20.75  1.00000
  21637     9.40    -20.70  1.00000
  21638     9.40    -20.65  1.00000
  21639     9.40    -20.60  1.00000
  21640     9.40    -20.55  1.00000
  21641     9.40    -20.50  1.00000
  21642     9.40    -20.45  1.00000
  21643     9.40    -20.40  1.00000
  21644     9.40    -20.35  1.00000
  21645     9.40    -20.30  1.00000
  21646     9.40    -20.25  1.00000
  21647     9.40    -20.20  1.00000
  21648     9.40    -20.15  1.00000
  21649     9.40    -20.10  1.00000
  21650     9.40    -20.05  1.00000
  21651     9.40    -20.00  1.00000
  21652     9.40    -19.95  1.00000
  21653     9.40    -19.90  1.00000
  21654     9.40    -19.85  1.00000
  21655     9.40    -19.80  1.00000
  21656     9.40    -19.75  1.00000
  21657     9.40    -19.70  1.00000
  21658     9.40    -19.65  1.00000
  21659     9.40    -19.60  1.00000
  21660     9.40    -19.55  1.00000
  21661     9.40    -19.50  1.00000
  21662     9.40    -19.45  1.00000
  21663     9.40    -19.40  1.00000
  21664     9.40    -19.35  1.00000
  21665     9.40    -19.30  1.00000
  21666     9.40    -19.25  1.00000
  21667     9.40    -19.20  1.00000
  21668     9.40    -19.15  1.00000
  21669     9.40    -19.10  1.00000
  21670     9.40    -19.05  1.00000
  21671     9.40    -19.00  1.00000
  21672     9.40    -18.95  1.00000
  21673     9.40    -18.90  1.00000
  21674     9.40    -18.85  1.00000
  21675     9.40    -18.80  1.00000
  21676     9.40    -18.75  1.00000
  21677     9.40    -18.70  1.00000
  21678     9.40    -18.65  1.00000
  21679     9.40    -18.60  1.00000
  21680     9.40    -18.55  1.00000
  21681     9.40    -18.50  1.00000
  21682     9.40    -18.45  1.00000
  21683     9.40    -18.40  1.00000
  21684     9.40    -18.35  1.00000
  21685     9.40    -18.30  1.00000
  21686     9.40    -18.25  1.00000
  21687     9.40    -18.20  1.00000
  21688     9.40    -18.15  1.00000
  21689     9.40    -18.10  1.00000
  21690     9.40    -18.05  1.00000
  21691     9.40    -18.00  1.00000
  21692     9.40    -17.95  1.00000
  21693     9.40    -17.90  1.00000
  21694     9.40    -17.85  1.00000
  21695     9.40    -17.80  1.00000
  21696     9.40    -17.75  1.00000
  21697     9.40    -17.70  1.00000
  21698     9.40    -17.65  1.00000
  21699     9.40    -17.60  1.00000
  21700     9.40    -17.55  1.00000
  21701     9.40    -17.50  1.00000
  21702     9.40    -17.45  1.00000
  21703     9.40    -17.40  1.00000
  21704     9.40    -17.35  1.00000
  21705     9.40    -17.30  1.00000
  21706     9.40    -17.25  1.00000
  21707     9.40    -17.20  1.00000
  21708     9.40    -17.15  1.00000
  21709     9.40    -17.10  1.00000
  21710     9.40    -17.05  1.00000
  21711     9.40    -17.00  1.00000
  21712     9.40    -16.95  1.00000
  21713     9.40    -16.90  1.00000
  21714     9.40    -16.85  1.00000
  21715     9.40    -16.80  1.00000
  21716     9.40    -16.75  1.00000
  21717     9.40    -16.70  1.00000
  21718     9.40    -16.65  1.00000
  21719     9.40    -16.60  1.00000
  21720     9.40    -16.55  1.00000
  21721     9.40    -16.50  1.00000
  21722     9.40    -16.45  1.00000
  21723     9.40    -16.40  1.00000
  21724     9.40    -16.35  1.00000
  21725     9.40    -16.30  1.00000
  21726     9.40    -16.25  1.00000
  21727     9.40    -16.20  1.00000
  21728     9.40    -16.15  1.00000
  21729     9.40    -16.10  1.00000
  21730     9.40    -16.05  1.00000
  21731     9.40    -16.00  1.00000
  21732     9.40    -15.95  1.00000
  21733     9.40    -15.90  1.00000
  21734     9.40    -15.85  1.00000
  21735     9.40    -15.80  1.00000
  21736     9.40    -15.75  1.00000
  21737     9.40    -15.70  1.00000
  21738     9.40    -15.65  1.00000
  21739     9.40    -15.60  1.00000
  21740     9.40    -15.55  1.00000
  21741     9.40    -15.50  1.00000
  21742     9.40    -15.45  1.00000
  21743     9.40    -15.40  1.00000
  21744     9.40    -15.35  1.00000
  21745     9.45    -22.85  1.00000
  21746     9.45    -22.80  1.00000
  21747     9.45    -22.75  1.00000
  21748     9.45    -22.70  1.00000
  21749     9.45    -22.65  1.00000
  21750     9.45    -22.60  1.00000
  21751     9.45    -22.55  1.00000
  21752     9.45    -22.50  1.00000
  21753     9.45    -22.45  1.00000
  21754     9.45    -22.40  1.00000
  21755     9.45    -22.35  1.00000
  21756     9.45    -22.30  1.00000
  21757     9.45    -22.25  1.00000
  21758     9.45    -22.20  1.00000
  21759     9.45    -22.15  1.00000
  21760     9.45    -22.10  1.00000
  21761     9.45    -22.05  1.00000
  21762     9.45    -22.00  1.00000
  21763     9.45    -21.95  1.00000
  21764     9.45    -21.90  1.00000
  21765     9.45    -21.85  1.00000
  21766     9.45    -21.80  1.00000
  21767     9.45    -21.75  1.00000
  21768     9.45    -21.70  1.00000
  21769     9.45    -21.65  1.00000
  21770     9.45    -21.60  1.00000
  21771     9.45    -21.55  1.00000
  21772     9.45    -21.50  1.00000
  21773     9.45    -21.45  1.00000
  21774     9.45    -21.40  1.00000
  21775     9.45    -21.35  1.00000
  21776     9.45    -21.30  1.00000
  21777     9.45    -21.25  1.00000
  21778     9.45    -21.20  1.00000
  21779     9.45    -21.15  1.00000
  21780     9.45    -21.10  1.00000
  21781     9.45    -21.05  1.00000
  21782     9.45    -21.00  1.00000
  21783     9.45    -20.95  1.00000
  21784     9.45    -20.90  1.00000
  21785     9.45    -20.85  1.00000
  21786     9.45    -20.80  1.00000
  21787     9.45    -20.75  1.00000
  21788     9.45    -20.70  1.00000
  21789     9.45    -20.65  1.00000
  21790     9.45    -20.60  1.00000
  21791     9.45    -20.55  1.00000
  21792     9.45    -20.50  1.00000
  21793     9.45    -20.45  1.00000
  21794     9.45    -20.40  1.00000
  21795     9.45    -20.35  1.00000
  21796     9.45    -20.30  1.00000
  21797     9.45    -20.25  1.00000
  21798     9.45    -20.20  1.00000
  21799     9.45    -20.15  1.00000
  21800     9.45    -20.10  1.00000
  21801     9.45    -20.05  1.00000
  21802     9.45    -20.00  1.00000
  21803     9.45    -19.95  1.00000
  21804     9.45    -19.90  1.00000
  21805     9.45    -19.85  1.00000
  21806     9.45    -19.80  1.00000
  21807     9.45    -19.75  1.00000
  21808     9.45    -19.70  1.00000
  21809     9.45    -19.65  1.00000
  21810     9.45    -19.60  1.00000
  21811     9.45    -19.55  1.00000
  21812     9.45    -19.50  1.00000
  21813     9.45    -19.45  1.00000
  21814     9.45    -19.40  1.00000
  21815     9.45    -19.35  1.00000
  21816     9.45    -19.30  1.00000
  21817     9.45    -19.25  1.00000
  21818     9.45    -19.20  1.00000
  21819     9.45    -19.15  1.00000
  21820     9.45    -19.10  1.00000
  21821     9.45    -19.05  1.00000
  21822     9.45    -19.00  1.00000
  21823     9.45    -18.95  1.00000
  21824     9.45    -18.90  1.00000
  21825     9.45    -18.85  1.00000
  21826     9.45    -18.80  1.00000
  21827     9.45    -18.75  1.00000
  21828     9.45    -18.70  1.00000
  21829     9.45    -18.65  1.00000
  21830     9.45    -18.60  1.00000
  21831     9.45    -18.55  1.00000
  21832     9.45    -18.50  1.00000
  21833     9.45    -18.45  1.00000
  21834     9.45    -18.40  1.00000
  21835     9.45    -18.35  1.00000
  21836     9.45    -18.30  1.00000
  21837     9.45    -18.25  1.00000
  21838     9.45    -18.20  1.00000
  21839     9.45    -18.15  1.00000
  21840     9.45    -18.10  1.00000
  21841     9.45    -18.05  1.00000
  21842     9.45    -18.00  1.00000
  21843     9.45    -17.95  1.00000
  21844     9.45    -17.90  1.00000
  21845     9.45    -17.85  1.00000
  21846     9.45    -17.80  1.00000
  21847     9.45    -17.75  1.00000
  21848     9.45    -17.70  1.00000
  21849     9.45    -17.65  1.00000
  21850     9.45    -17.60  1.00000
  21851     9.45    -17.55  1.00000
  21852     9.45    -17.50  1.00000
  21853     9.45    -17.45  1.00000
  21854     9.45    -17.40  1.00000
  21855     9.45    -17.35  1.00000
  21856     9.45    -17.30  1.00000
  21857     9.45    -17.25  1.00000
  21858     9.45    -17.20  1.00000
  21859     9.45    -17.15  1.00000
  21860     9.45    -17.10  1.00000
  21861     9.45    -17.05  1.00000
  21862     9.45    -17.00  1.00000
  21863     9.45    -16.95  1.00000
  21864     9.45    -16.90  1.00000
  21865     9.45    -16.85  1.00000
  21866     9.45    -16.80  1.00000
  21867     9.45    -16.75  1.00000
  21868     9.45    -16.70  1.00000
  21869     9.45    -16.65  1.00000
  21870     9.45    -16.60  1.00000
  21871     9.45    -16.55  1.00000
  21872     9.45    -16.50  1.00000
  21873     9.45    -16.45  1.00000
  21874     9.45    -16.40  1.00000
  21875     9.45    -16.35  1.00000
  21876     9.45    -16.30  1.00000
  21877     9.45    -16.25  1.00000
  21878     9.45    -16.20  1.00000
  21879     9.45    -16.15  1.00000
  21880     9.45    -16.10  1.00000
  21881     9.45    -16.05  1.00000
  21882     9.45    -16.00  1.00000
  21883     9.45    -15.95  1.00000
  21884     9.45    -15.90  1.00000
  21885     9.45    -15.85  1.00000
  21886     9.45    -15.80  1.00000
  21887     9.45    -15.75  1.00000
  21888     9.45    -15.70  1.00000
  21889     9.45    -15.65  1.00000
  21890     9.45    -15.60  1.00000
  21891     9.45    -15.55  1.00000
  21892     9.45    -15.50  1.00000
  21893     9.45    -15.45  1.00000
  21894     9.45    -15.40  1.00000
  21895     9.45    -15.35  1.00000
  21896     9.50    -22.85  1.00000
  21897     9.50    -22.80  1.00000
  21898     9.50    -22.75  1.00000
  21899     9.50    -22.70  1.00000
  21900     9.50    -22.65  1.00000
  21901     9.50    -22.60  1.00000
  21902     9.50    -22.55  1.00000
  21903     9.50    -22.50  1.00000
  21904     9.50    -22.45  1.00000
  21905     9.50    -22.40  1.00000
  21906     9.50    -22.35  1.00000
  21907     9.50    -22.30  1.00000
  21908     9.50    -22.25  1.00000
  21909     9.50    -22.20  1.00000
  21910     9.50    -22.15  1.00000
  21911     9.50    -22.10  1.00000
  21912     9.50    -22.05  1.00000
  21913     9.50    -22.00  1.00000
  21914     9.50    -21.95  1.00000
  21915     9.50    -21.90  1.00000
  21916     9.50    -21.85  1.00000
  21917     9.50    -21.80  1.00000
  21918     9.50    -21.75  1.00000
  21919     9.50    -21.70  1.00000
  21920     9.50    -21.65  1.00000
  21921     9.50    -21.60  1.00000
  21922     9.50    -21.55  1.00000
  21923     9.50    -21.50  1.00000
  21924     9.50    -21.45  1.00000
  21925     9.50    -21.40  1.00000
  21926     9.50    -21.35  1.00000
  21927     9.50    -21.30  1.00000
  21928     9.50    -21.25  1.00000
  21929     9.50    -21.20  1.00000
  21930     9.50    -21.15  1.00000
  21931     9.50    -21.10  1.00000
  21932     9.50    -21.05  1.00000
  21933     9.50    -21.00  1.00000
  21934     9.50    -20.95  1.00000
  21935     9.50    -20.90  1.00000
  21936     9.50    -20.85  1.00000
  21937     9.50    -20.80  1.00000
  21938     9.50    -20.75  1.00000
  21939     9.50    -20.70  1.00000
  21940     9.50    -20.65  1.00000
  21941     9.50    -20.60  1.00000
  21942     9.50    -20.55  1.00000
  21943     9.50    -20.50  1.00000
  21944     9.50    -20.45  1.00000
  21945     9.50    -20.40  1.00000
  21946     9.50    -20.35  1.00000
  21947     9.50    -20.30  1.00000
  21948     9.50    -20.25  1.00000
  21949     9.50    -20.20  1.00000
  21950     9.50    -20.15  1.00000
  21951     9.50    -20.10  1.00000
  21952     9.50    -20.05  1.00000
  21953     9.50    -20.00  1.00000
  21954     9.50    -19.95  1.00000
  21955     9.50    -19.90  1.00000
  21956     9.50    -19.85  1.00000
  21957     9.50    -19.80  1.00000
  21958     9.50    -19.75  1.00000
  21959     9.50    -19.70  1.00000
  21960     9.50    -19.65  1.00000
  21961     9.50    -19.60  1.00000
  21962     9.50    -19.55  1.00000
  21963     9.50    -19.50  1.00000
  21964     9.50    -19.45  1.00000
  21965     9.50    -19.40  1.00000
  21966     9.50    -19.35  1.00000
  21967     9.50    -19.30  1.00000
  21968     9.50    -19.25  1.00000
  21969     9.50    -19.20  1.00000
  21970     9.50    -19.15  1.00000
  21971     9.50    -19.10  1.00000
  21972     9.50    -19.05  1.00000
  21973     9.50    -19.00  1.00000
  21974     9.50    -18.95  1.00000
  21975     9.50    -18.90  1.00000
  21976     9.50    -18.85  1.00000
  21977     9.50    -18.80  1.00000
  21978     9.50    -18.75  1.00000
  21979     9.50    -18.70  1.00000
  21980     9.50    -18.65  1.00000
  21981     9.50    -18.60  1.00000
  21982     9.50    -18.55  1.00000
  21983     9.50    -18.50  1.00000
  21984     9.50    -18.45  1.00000
  21985     9.50    -18.40  1.00000
  21986     9.50    -18.35  1.00000
  21987     9.50    -18.30  1.00000
  21988     9.50    -18.25  1.00000
  21989     9.50    -18.20  1.00000
  21990     9.50    -18.15  1.00000
  21991     9.50    -18.10  1.00000
  21992     9.50    -18.05  1.00000
  21993     9.50    -18.00  1.00000
  21994     9.50    -17.95  1.00000
  21995     9.50    -17.90  1.00000
  21996     9.50    -17.85  1.00000
  21997     9.50    -17.80  1.00000
  21998     9.50    -17.75  1.00000
  21999     9.50    -17.70  1.00000
  22000     9.50    -17.65  1.00000
  22001     9.50    -17.60  1.00000
  22002     9.50    -17.55  1.00000
  22003     9.50    -17.50  1.00000
  22004     9.50    -17.45  1.00000
  22005     9.50    -17.40  1.00000
  22006     9.50    -17.35  1.00000
  22007     9.50    -17.30  1.00000
  22008     9.50    -17.25  1.00000
  22009     9.50    -17.20  1.00000
  22010     9.50    -17.15  1.00000
  22011     9.50    -17.10  1.00000
  22012     9.50    -17.05  1.00000
  22013     9.50    -17.00  1.00000
  22014     9.50    -16.95  1.00000
  22015     9.50    -16.90  1.00000
  22016     9.50    -16.85  1.00000
  22017     9.50    -16.80  1.00000
  22018     9.50    -16.75  1.00000
  22019     9.50    -16.70  1.00000
  22020     9.50    -16.65  1.00000
  22021     9.50    -16.60  1.00000
  22022     9.50    -16.55  1.00000
  22023     9.50    -16.50  1.00000
  22024     9.50    -16.45  1.00000
  22025     9.50    -16.40  1.00000
  22026     9.50    -16.35  1.00000
  22027     9.50    -16.30  1.00000
  22028     9.50    -16.25  1.00000
  22029     9.50    -16.20  1.00000
  22030     9.50    -16.15  1.00000
  22031     9.50    -16.10  1.00000
  22032     9.50    -16.05  1.00000
  22033     9.50    -16.00  1.00000
  22034     9.50    -15.95  1.00000
  22035     9.50    -15.90  1.00000
  22036     9.50    -15.85  1.00000
  22037     9.50    -15.80  1.00000
  22038     9.50    -15.75  1.00000
  22039     9.50    -15.70  1.00000
  22040     9.50    -15.65  1.00000
  22041     9.50    -15.60  1.00000
  22042     9.50    -15.55  1.00000
  22043     9.50    -15.50  1.00000
  22044     9.50    -15.45  1.00000
  22045     9.50    -15.40  1.00000
  22046     9.50    -15.35  1.00000
  22047     9.55    -22.85  1.00000
  22048     9.55    -22.80  1.00000
  22049     9.55    -22.75  1.00000
  22050     9.55    -22.70  1.00000
  22051     9.55    -22.65  1.00000
  22052     9.55    -22.60  1.00000
  22053     9.55    -22.55  1.00000
  22054     9.55    -22.50  1.00000
  22055     9.55    -22.45  1.00000
  22056     9.55    -22.40  1.00000
  22057     9.55    -22.35  1.00000
  22058     9.55    -22.30  1.00000
  22059     9.55    -22.25  1.00000
  22060     9.55    -22.20  1.00000
  22061     9.55    -22.15  1.00000
  22062     9.55    -22.10  1.00000
  22063     9.55    -22.05  1.00000
  22064     9.55    -22.00  1.00000
  22065     9.55    -21.95  1.00000
  22066     9.55    -21.90  1.00000
  22067     9.55    -21.85  1.00000
  22068     9.55    -21.80  1.00000
  22069     9.55    -21.75  1.00000
  22070     9.55    -21.70  1.00000
  22071     9.55    -21.65  1.00000
  22072     9.55    -21.60  1.00000
  22073     9.55    -21.55  1.00000
  22074     9.55    -21.50  1.00000
  22075     9.55    -21.45  1.00000
  22076     9.55    -21.40  1.00000
  22077     9.55    -21.35  1.00000
  22078     9.55    -21.30  1.00000
  22079     9.55    -21.25  1.00000
  22080     9.55    -21.20  1.00000
  22081     9.55    -21.15  1.00000
  22082     9.55    -21.10  1.00000
  22083     9.55    -21.05  1.00000
  22084     9.55    -21.00  1.00000
  22085     9.55    -20.95  1.00000
  22086     9.55    -20.90  1.00000
  22087     9.55    -20.85  1.00000
  22088     9.55    -20.80  1.00000
  22089     9.55    -20.75  1.00000
  22090     9.55    -20.70  1.00000
  22091     9.55    -20.65  1.00000
  22092     9.55    -20.60  1.00000
  22093     9.55    -20.55  1.00000
  22094     9.55    -20.50  1.00000
  22095     9.55    -20.45  1.00000
  22096     9.55    -20.40  1.00000
  22097     9.55    -20.35  1.00000
  22098     9.55    -20.30  1.00000
  22099     9.55    -20.25  1.00000
  22100     9.55    -20.20  1.00000
  22101     9.55    -20.15  1.00000
  22102     9.55    -20.10  1.00000
  22103     9.55    -20.05  1.00000
  22104     9.55    -20.00  1.00000
  22105     9.55    -19.95  1.00000
  22106     9.55    -19.90  1.00000
  22107     9.55    -19.85  1.00000
  22108     9.55    -19.80  1.00000
  22109     9.55    -19.75  1.00000
  22110     9.55    -19.70  1.00000
  22111     9.55    -19.65  1.00000
  22112     9.55    -19.60  1.00000
  22113     9.55    -19.55  1.00000
  22114     9.55    -19.50  1.00000
  22115     9.55    -19.45  1.00000
  22116     9.55    -19.40  1.00000
  22117     9.55    -19.35  1.00000
  22118     9.55    -19.30  1.00000
  22119     9.55    -19.25  1.00000
  22120     9.55    -19.20  1.00000
  22121     9.55    -19.15  1.00000
  22122     9.55    -19.10  1.00000
  22123     9.55    -19.05  1.00000
  22124     9.55    -19.00  1.00000
  22125     9.55    -18.95  1.00000
  22126     9.55    -18.90  1.00000
  22127     9.55    -18.85  1.00000
  22128     9.55    -18.80  1.00000
  22129     9.55    -18.75  1.00000
  22130     9.55    -18.70  1.00000
  22131     9.55    -18.65  1.00000
  22132     9.55    -18.60  1.00000
  22133     9.55    -18.55  1.00000
  22134     9.55    -18.50  1.00000
  22135     9.55    -18.45  1.00000
  22136     9.55    -18.40  1.00000
  22137     9.55    -18.35  1.00000
  22138     9.55    -18.30  1.00000
  22139     9.55    -18.25  1.00000
  22140     9.55    -18.20  1.00000
  22141     9.55    -18.15  1.00000
  22142     9.55    -18.10  1.00000
  22143     9.55    -18.05  1.00000
  22144     9.55    -18.00  1.00000
  22145     9.55    -17.95  1.00000
  22146     9.55    -17.90  1.00000
  22147     9.55    -17.85  1.00000
  22148     9.55    -17.80  1.00000
  22149     9.55    -17.75  1.00000
  22150     9.55    -17.70  1.00000
  22151     9.55    -17.65  1.00000
  22152     9.55    -17.60  1.00000
  22153     9.55    -17.55  1.00000
  22154     9.55    -17.50  1.00000
  22155     9.55    -17.45  1.00000
  22156     9.55    -17.40  1.00000
  22157     9.55    -17.35  1.00000
  22158     9.55    -17.30  1.00000
  22159     9.55    -17.25  1.00000
  22160     9.55    -17.20  1.00000
  22161     9.55    -17.15  1.00000
  22162     9.55    -17.10  1.00000
  22163     9.55    -17.05  1.00000
  22164     9.55    -17.00  1.00000
  22165     9.55    -16.95  1.00000
  22166     9.55    -16.90  1.00000
  22167     9.55    -16.85  1.00000
  22168     9.55    -16.80  1.00000
  22169     9.55    -16.75  1.00000
  22170     9.55    -16.70  1.00000
  22171     9.55    -16.65  1.00000
  22172     9.55    -16.60  1.00000
  22173     9.55    -16.55  1.00000
  22174     9.55    -16.50  1.00000
  22175     9.55    -16.45  1.00000
  22176     9.55    -16.40  1.00000
  22177     9.55    -16.35  1.00000
  22178     9.55    -16.30  1.00000
  22179     9.55    -16.25  1.00000
  22180     9.55    -16.20  1.00000
  22181     9.55    -16.15  1.00000
  22182     9.55    -16.10  1.00000
  22183     9.55    -16.05  1.00000
  22184     9.55    -16.00  1.00000
  22185     9.55    -15.95  1.00000
  22186     9.55    -15.90  1.00000
  22187     9.55    -15.85  1.00000
  22188     9.55    -15.80  1.00000
  22189     9.55    -15.75  1.00000
  22190     9.55    -15.70  1.00000
  22191     9.55    -15.65  1.00000
  22192     9.55    -15.60  1.00000
  22193     9.55    -15.55  1.00000
  22194     9.55    -15.50  1.00000
  22195     9.55    -15.45  1.00000
  22196     9.55    -15.40  1.00000
  22197     9.55    -15.35  1.00000
  22198     9.60    -22.85  1.00000
  22199     9.60    -22.80  1.00000
  22200     9.60    -22.75  1.00000
  22201     9.60    -22.70  1.00000
  22202     9.60    -22.65  1.00000
  22203     9.60    -22.60  1.00000
  22204     9.60    -22.55  1.00000
  22205     9.60    -22.50  1.00000
  22206     9.60    -22.45  1.00000
  22207     9.60    -22.40  1.00000
  22208     9.60    -22.35  1.00000
  22209     9.60    -22.30  1.00000
  22210     9.60    -22.25  1.00000
  22211     9.60    -22.20  1.00000
  22212     9.60    -22.15  1.00000
  22213     9.60    -22.10  1.00000
  22214     9.60    -22.05  1.00000
  22215     9.60    -22.00  1.00000
  22216     9.60    -21.95  1.00000
  22217     9.60    -21.90  1.00000
  22218     9.60    -21.85  1.00000
  22219     9.60    -21.80  1.00000
  22220     9.60    -21.75  1.00000
  22221     9.60    -21.70  1.00000
  22222     9.60    -21.65  1.00000
  22223     9.60    -21.60  1.00000
  22224     9.60    -21.55  1.00000
  22225     9.60    -21.50  1.00000
  22226     9.60    -21.45  1.00000
  22227     9.60    -21.40  1.00000
  22228     9.60    -21.35  1.00000
  22229     9.60    -21.30  1.00000
  22230     9.60    -21.25  1.00000
  22231     9.60    -21.20  1.00000
  22232     9.60    -21.15  1.00000
  22233     9.60    -21.10  1.00000
  22234     9.60    -21.05  1.00000
  22235     9.60    -21.00  1.00000
  22236     9.60    -20.95  1.00000
  22237     9.60    -20.90  1.00000
  22238     9.60    -20.85  1.00000
  22239     9.60    -20.80  1.00000
  22240     9.60    -20.75  1.00000
  22241     9.60    -20.70  1.00000
  22242     9.60    -20.65  1.00000
  22243     9.60    -20.60  1.00000
  22244     9.60    -20.55  1.00000
  22245     9.60    -20.50  1.00000
  22246     9.60    -20.45  1.00000
  22247     9.60    -20.40  1.00000
  22248     9.60    -20.35  1.00000
  22249     9.60    -20.30  1.00000
  22250     9.60    -20.25  1.00000
  22251     9.60    -20.20  1.00000
  22252     9.60    -20.15  1.00000
  22253     9.60    -20.10  1.00000
  22254     9.60    -20.05  1.00000
  22255     9.60    -20.00  1.00000
  22256     9.60    -19.95  1.00000
  22257     9.60    -19.90  1.00000
  22258     9.60    -19.85  1.00000
  22259     9.60    -19.80  1.00000
  22260     9.60    -19.75  1.00000
  22261     9.60    -19.70  1.00000
  22262     9.60    -19.65  1.00000
  22263     9.60    -19.60  1.00000
  22264     9.60    -19.55  1.00000
  22265     9.60    -19.50  1.00000
  22266     9.60    -19.45  1.00000
  22267     9.60    -19.40  1.00000
  22268     9.60    -19.35  1.00000
  22269     9.60    -19.30  1.00000
  22270     9.60    -19.25  1.00000
  22271     9.60    -19.20  1.00000
  22272     9.60    -19.15  1.00000
  22273     9.60    -19.10  1.00000
  22274     9.60    -19.05  1.00000
  22275     9.60    -19.00  1.00000
  22276     9.60    -18.95  1.00000
  22277     9.60    -18.90  1.00000
  22278     9.60    -18.85  1.00000
  22279     9.60    -18.80  1.00000
  22280     9.60    -18.75  1.00000
  22281     9.60    -18.70  1.00000
  22282     9.60    -18.65  1.00000
  22283     9.60    -18.60  1.00000
  22284     9.60    -18.55  1.00000
  22285     9.60    -18.50  1.00000
  22286     9.60    -18.45  1.00000
  22287     9.60    -18.40  1.00000
  22288     9.60    -18.35  1.00000
  22289     9.60    -18.30  1.00000
  22290     9.60    -18.25  1.00000
  22291     9.60    -18.20  1.00000
  22292     9.60    -18.15  1.00000
  22293     9.60    -18.10  1.00000
  22294     9.60    -18.05  1.00000
  22295     9.60    -18.00  1.00000
  22296     9.60    -17.95  1.00000
  22297     9.60    -17.90  1.00000
  22298     9.60    -17.85  1.00000
  22299     9.60    -17.80  1.00000
  22300     9.60    -17.75  1.00000
  22301     9.60    -17.70  1.00000
  22302     9.60    -17.65  1.00000
  22303     9.60    -17.60  1.00000
  22304     9.60    -17.55  1.00000
  22305     9.60    -17.50  1.00000
  22306     9.60    -17.45  1.00000
  22307     9.60    -17.40  1.00000
  22308     9.60    -17.35  1.00000
  22309     9.60    -17.30  1.00000
  22310     9.60    -17.25  1.00000
  22311     9.60    -17.20  1.00000
  22312     9.60    -17.15  1.00000
  22313     9.60    -17.10  1.00000
  22314     9.60    -17.05  1.00000
  22315     9.60    -17.00  1.00000
  22316     9.60    -16.95  1.00000
  22317     9.60    -16.90  1.00000
  22318     9.60    -16.85  1.00000
  22319     9.60    -16.80  1.00000
  22320     9.60    -16.75  1.00000
  22321     9.60    -16.70  1.00000
  22322     9.60    -16.65  1.00000
  22323     9.60    -16.60  1.00000
  22324     9.60    -16.55  1.00000
  22325     9.60    -16.50  1.00000
  22326     9.60    -16.45  1.00000
  22327     9.60    -16.40  1.00000
  22328     9.60    -16.35  1.00000
  22329     9.60    -16.30  1.00000
  22330     9.60    -16.25  1.00000
  22331     9.60    -16.20  1.00000
  22332     9.60    -16.15  1.00000
  22333     9.60    -16.10  1.00000
  22334     9.60    -16.05  1.00000
  22335     9.60    -16.00  1.00000
  22336     9.60    -15.95  1.00000
  22337     9.60    -15.90  1.00000
  22338     9.60    -15.85  1.00000
  22339     9.60    -15.80  1.00000
  22340     9.60    -15.75  1.00000
  22341     9.60    -15.70  1.00000
  22342     9.60    -15.65  1.00000
  22343     9.60    -15.60  1.00000
  22344     9.60    -15.55  1.00000
  22345     9.60    -15.50  1.00000
  22346     9.60    -15.45  1.00000
  22347     9.60    -15.40  1.00000
  22348     9.60    -15.35  1.00000
  22349     9.65    -22.85  1.00000
  22350     9.65    -22.80  1.00000
  22351     9.65    -22.75  1.00000
  22352     9.65    -22.70  1.00000
  22353     9.65    -22.65  1.00000
  22354     9.65    -22.60  1.00000
  22355     9.65    -22.55  1.00000
  22356     9.65    -22.50  1.00000
  22357     9.65    -22.45  1.00000
  22358     9.65    -22.40  1.00000
  22359     9.65    -22.35  1.00000
  22360     9.65    -22.30  1.00000
  22361     9.65    -22.25  1.00000
  22362     9.65    -22.20  1.00000
  22363     9.65    -22.15  1.00000
  22364     9.65    -22.10  1.00000
  22365     9.65    -22.05  1.00000
  22366     9.65    -22.00  1.00000
  22367     9.65    -21.95  1.00000
  22368     9.65    -21.90  1.00000
  22369     9.65    -21.85  1.00000
  22370     9.65    -21.80  1.00000
  22371     9.65    -21.75  1.00000
  22372     9.65    -21.70  1.00000
  22373     9.65    -21.65  1.00000
  22374     9.65    -21.60  1.00000
  22375     9.65    -21.55  1.00000
  22376     9.65    -21.50  1.00000
  22377     9.65    -21.45  1.00000
  22378     9.65    -21.40  1.00000
  22379     9.65    -21.35  1.00000
  22380     9.65    -21.30  1.00000
  22381     9.65    -21.25  1.00000
  22382     9.65    -21.20  1.00000
  22383     9.65    -21.15  1.00000
  22384     9.65    -21.10  1.00000
  22385     9.65    -21.05  1.00000
  22386     9.65    -21.00  1.00000
  22387     9.65    -20.95  1.00000
  22388     9.65    -20.90  1.00000
  22389     9.65    -20.85  1.00000
  22390     9.65    -20.80  1.00000
  22391     9.65    -20.75  1.00000
  22392     9.65    -20.70  1.00000
  22393     9.65    -20.65  1.00000
  22394     9.65    -20.60  1.00000
  22395     9.65    -20.55  1.00000
  22396     9.65    -20.50  1.00000
  22397     9.65    -20.45  1.00000
  22398     9.65    -20.40  1.00000
  22399     9.65    -20.35  1.00000
  22400     9.65    -20.30  1.00000
  22401     9.65    -20.25  1.00000
  22402     9.65    -20.20  1.00000
  22403     9.65    -20.15  1.00000
  22404     9.65    -20.10  1.00000
  22405     9.65    -20.05  1.00000
  22406     9.65    -20.00  1.00000
  22407     9.65    -19.95  1.00000
  22408     9.65    -19.90  1.00000
  22409     9.65    -19.85  1.00000
  22410     9.65    -19.80  1.00000
  22411     9.65    -19.75  1.00000
  22412     9.65    -19.70  1.00000
  22413     9.65    -19.65  1.00000
  22414     9.65    -19.60  1.00000
  22415     9.65    -19.55  1.00000
  22416     9.65    -19.50  1.00000
  22417     9.65    -19.45  1.00000
  22418     9.65    -19.40  1.00000
  22419     9.65    -19.35  1.00000
  22420     9.65    -19.30  1.00000
  22421     9.65    -19.25  1.00000
  22422     9.65    -19.20  1.00000
  22423     9.65    -19.15  1.00000
  22424     9.65    -19.10  1.00000
  22425     9.65    -19.05  1.00000
  22426     9.65    -19.00  1.00000
  22427     9.65    -18.95  1.00000
  22428     9.65    -18.90  1.00000
  22429     9.65    -18.85  1.00000
  22430     9.65    -18.80  1.00000
  22431     9.65    -18.75  1.00000
  22432     9.65    -18.70  1.00000
  22433     9.65    -18.65  1.00000
  22434     9.65    -18.60  1.00000
  22435     9.65    -18.55  1.00000
  22436     9.65    -18.50  1.00000
  22437     9.65    -18.45  1.00000
  22438     9.65    -18.40  1.00000
  22439     9.65    -18.35  1.00000
  22440     9.65    -18.30  1.00000
  22441     9.65    -18.25  1.00000
  22442     9.65    -18.20  1.00000
  22443     9.65    -18.15  1.00000
  22444     9.65    -18.10  1.00000
  22445     9.65    -18.05  1.00000
  22446     9.65    -18.00  1.00000
  22447     9.65    -17.95  1.00000
  22448     9.65    -17.90  1.00000
  22449     9.65    -17.85  1.00000
  22450     9.65    -17.80  1.00000
  22451     9.65    -17.75  1.00000
  22452     9.65    -17.70  1.00000
  22453     9.65    -17.65  1.00000
  22454     9.65    -17.60  1.00000
  22455     9.65    -17.55  1.00000
  22456     9.65    -17.50  1.00000
  22457     9.65    -17.45  1.00000
  22458     9.65    -17.40  1.00000
  22459     9.65    -17.35  1.00000
  22460     9.65    -17.30  1.00000
  22461     9.65    -17.25  1.00000
  22462     9.65    -17.20  1.00000
  22463     9.65    -17.15  1.00000
  22464     9.65    -17.10  1.00000
  22465     9.65    -17.05  1.00000
  22466     9.65    -17.00  1.00000
  22467     9.65    -16.95  1.00000
  22468     9.65    -16.90  1.00000
  22469     9.65    -16.85  1.00000
  22470     9.65    -16.80  1.00000
  22471     9.65    -16.75  1.00000
  22472     9.65    -16.70  1.00000
  22473     9.65    -16.65  1.00000
  22474     9.65    -16.60  1.00000
  22475     9.65    -16.55  1.00000
  22476     9.65    -16.50  1.00000
  22477     9.65    -16.45  1.00000
  22478     9.65    -16.40  1.00000
  22479     9.65    -16.35  1.00000
  22480     9.65    -16.30  1.00000
  22481     9.65    -16.25  1.00000
  22482     9.65    -16.20  1.00000
  22483     9.65    -16.15  1.00000
  22484     9.65    -16.10  1.00000
  22485     9.65    -16.05  1.00000
  22486     9.65    -16.00  1.00000
  22487     9.65    -15.95  1.00000
  22488     9.65    -15.90  1.00000
  22489     9.65    -15.85  1.00000
  22490     9.65    -15.80  1.00000
  22491     9.65    -15.75  1.00000
  22492     9.65    -15.70  1.00000
  22493     9.65    -15.65  1.00000
  22494     9.65    -15.60  1.00000
  22495     9.65    -15.55  1.00000
  22496     9.65    -15.50  1.00000
  22497     9.65    -15.45  1.00000
  22498     9.65    -15.40  1.00000
  22499     9.65    -15.35  1.00000
  22500     9.70    -22.85  1.00000
  22501     9.70    -22.80  1.00000
  22502     9.70    -22.75  1.00000
  22503     9.70    -22.70  1.00000
  22504     9.70    -22.65  1.00000
  22505     9.70    -22.60  1.00000
  22506     9.70    -22.55  1.00000
  22507     9.70    -22.50  1.00000
  22508     9.70    -22.45  1.00000
  22509     9.70    -22.40  1.00000
  22510     9.70    -22.35  1.00000
  22511     9.70    -22.30  1.00000
  22512     9.70    -22.25  1.00000
  22513     9.70    -22.20  1.00000
  22514     9.70    -22.15  1.00000
  22515     9.70    -22.10  1.00000
  22516     9.70    -22.05  1.00000
  22517     9.70    -22.00  1.00000
  22518     9.70    -21.95  1.00000
  22519     9.70    -21.90  1.00000
  22520     9.70    -21.85  1.00000
  22521     9.70    -21.80  1.00000
  22522     9.70    -21.75  1.00000
  22523     9.70    -21.70  1.00000
  22524     9.70    -21.65  1.00000
  22525     9.70    -21.60  1.00000
  22526     9.70    -21.55  1.00000
  22527     9.70    -21.50  1.00000
  22528     9.70    -21.45  1.00000
  22529     9.70    -21.40  1.00000
  22530     9.70    -21.35  1.00000
  22531     9.70    -21.30  1.00000
  22532     9.70    -21.25  1.00000
  22533     9.70    -21.20  1.00000
  22534     9.70    -21.15  1.00000
  22535     9.70    -21.10  1.00000
  22536     9.70    -21.05  1.00000
  22537     9.70    -21.00  1.00000
  22538     9.70    -20.95  1.00000
  22539     9.70    -20.90  1.00000
  22540     9.70    -20.85  1.00000
  22541     9.70    -20.80  1.00000
  22542     9.70    -20.75  1.00000
  22543     9.70    -20.70  1.00000
  22544     9.70    -20.65  1.00000
  22545     9.70    -20.60  1.00000
  22546     9.70    -20.55  1.00000
  22547     9.70    -20.50  1.00000
  22548     9.70    -20.45  1.00000
  22549     9.70    -20.40  1.00000
  22550     9.70    -20.35  1.00000
  22551     9.70    -20.30  1.00000
  22552     9.70    -20.25  1.00000
  22553     9.70    -20.20  1.00000
  22554     9.70    -20.15  1.00000
  22555     9.70    -20.10  1.00000
  22556     9.70    -20.05  1.00000
  22557     9.70    -20.00  1.00000
  22558     9.70    -19.95  1.00000
  22559     9.70    -19.90  1.00000
  22560     9.70    -19.85  1.00000
  22561     9.70    -19.80  1.00000
  22562     9.70    -19.75  1.00000
  22563     9.70    -19.70  1.00000
  22564     9.70    -19.65  1.00000
  22565     9.70    -19.60  1.00000
  22566     9.70    -19.55  1.00000
  22567     9.70    -19.50  1.00000
  22568     9.70    -19.45  1.00000
  22569     9.70    -19.40  1.00000
  22570     9.70    -19.35  1.00000
  22571     9.70    -19.30  1.00000
  22572     9.70    -19.25  1.00000
  22573     9.70    -19.20  1.00000
  22574     9.70    -19.15  1.00000
  22575     9.70    -19.10  1.00000
  22576     9.70    -19.05  1.00000
  22577     9.70    -19.00  1.00000
  22578     9.70    -18.95  1.00000
  22579     9.70    -18.90  1.00000
  22580     9.70    -18.85  1.00000
  22581     9.70    -18.80  1.00000
  22582     9.70    -18.75  1.00000
  22583     9.70    -18.70  1.00000
  22584     9.70    -18.65  1.00000
  22585     9.70    -18.60  1.00000
  22586     9.70    -18.55  1.00000
  22587     9.70    -18.50  1.00000
  22588     9.70    -18.45  1.00000
  22589     9.70    -18.40  1.00000
  22590     9.70    -18.35  1.00000
  22591     9.70    -18.30  1.00000
  22592     9.70    -18.25  1.00000
  22593     9.70    -18.20  1.00000
  22594     9.70    -18.15  1.00000
  22595     9.70    -18.10  1.00000
  22596     9.70    -18.05  1.00000
  22597     9.70    -18.00  1.00000
  22598     9.70    -17.95  1.00000
  22599     9.70    -17.90  1.00000
  22600     9.70    -17.85  1.00000
  22601     9.70    -17.80  1.00000
  22602     9.70    -17.75  1.00000
  22603     9.70    -17.70  1.00000
  22604     9.70    -17.65  1.00000
  22605     9.70    -17.60  1.00000
  22606     9.70    -17.55  1.00000
  22607     9.70    -17.50  1.00000
  22608     9.70    -17.45  1.00000
  22609     9.70    -17.40  1.00000
  22610     9.70    -17.35  1.00000
  22611     9.70    -17.30  1.00000
  22612     9.70    -17.25  1.00000
  22613     9.70    -17.20  1.00000
  22614     9.70    -17.15  1.00000
  22615     9.70    -17.10  1.00000
  22616     9.70    -17.05  1.00000
  22617     9.70    -17.00  1.00000
  22618     9.70    -16.95  1.00000
  22619     9.70    -16.90  1.00000
  22620     9.70    -16.85  1.00000
  22621     9.70    -16.80  1.00000
  22622     9.70    -16.75  1.00000
  22623     9.70    -16.70  1.00000
  22624     9.70    -16.65  1.00000
  22625     9.70    -16.60  1.00000
  22626     9.70    -16.55  1.00000
  22627     9.70    -16.50  1.00000
  22628     9.70    -16.45  1.00000
  22629     9.70    -16.40  1.00000
  22630     9.70    -16.35  1.00000
  22631     9.70    -16.30  1.00000
  22632     9.70    -16.25  1.00000
  22633     9.70    -16.20  1.00000
  22634     9.70    -16.15  1.00000
  22635     9.70    -16.10  1.00000
  22636     9.70    -16.05  1.00000
  22637     9.70    -16.00  1.00000
  22638     9.70    -15.95  1.00000
  22639     9.70    -15.90  1.00000
  22640     9.70    -15.85  1.00000
  22641     9.70    -15.80  1.00000
  22642     9.70    -15.75  1.00000
  22643     9.70    -15.70  1.00000
  22644     9.70    -15.65  1.00000
  22645     9.70    -15.60  1.00000
  22646     9.70    -15.55  1.00000
  22647     9.70    -15.50  1.00000
  22648     9.70    -15.45  1.00000
  22649     9.70    -15.40  1.00000
  22650     9.70    -15.35  1.00000
  22651     9.75    -22.85  1.00000
  22652     9.75    -22.80  1.00000
  22653     9.75    -22.75  1.00000
  22654     9.75    -22.70  1.00000
  22655     9.75    -22.65  1.00000
  22656     9.75    -22.60  1.00000
  22657     9.75    -22.55  1.00000
  22658     9.75    -22.50  1.00000
  22659     9.75    -22.45  1.00000
  22660     9.75    -22.40  1.00000
  22661     9.75    -22.35  1.00000
  22662     9.75    -22.30  1.00000
  22663     9.75    -22.25  1.00000
  22664     9.75    -22.20  1.00000
  22665     9.75    -22.15  1.00000
  22666     9.75    -22.10  1.00000
  22667     9.75    -22.05  1.00000
  22668     9.75    -22.00  1.00000
  22669     9.75    -21.95  1.00000
  22670     9.75    -21.90  1.00000
  22671     9.75    -21.85  1.00000
  22672     9.75    -21.80  1.00000
  22673     9.75    -21.75  1.00000
  22674     9.75    -21.70  1.00000
  22675     9.75    -21.65  1.00000
  22676     9.75    -21.60  1.00000
  22677     9.75    -21.55  1.00000
  22678     9.75    -21.50  1.00000
  22679     9.75    -21.45  1.00000
  22680     9.75    -21.40  1.00000
  22681     9.75    -21.35  1.00000
  22682     9.75    -21.30  1.00000
  22683     9.75    -21.25  1.00000
  22684     9.75    -21.20  1.00000
  22685     9.75    -21.15  1.00000
  22686     9.75    -21.10  1.00000
  22687     9.75    -21.05  1.00000
  22688     9.75    -21.00  1.00000
  22689     9.75    -20.95  1.00000
  22690     9.75    -20.90  1.00000
  22691     9.75    -20.85  1.00000
  22692     9.75    -20.80  1.00000
  22693     9.75    -20.75  1.00000
  22694     9.75    -20.70  1.00000
  22695     9.75    -20.65  1.00000
  22696     9.75    -20.60  1.00000
  22697     9.75    -20.55  1.00000
  22698     9.75    -20.50  1.00000
  22699     9.75    -20.45  1.00000
  22700     9.75    -20.40  1.00000
  22701     9.75    -20.35  1.00000
  22702     9.75    -20.30  1.00000
  22703     9.75    -20.25  1.00000
  22704     9.75    -20.20  1.00000
  22705     9.75    -20.15  1.00000
  22706     9.75    -20.10  1.00000
  22707     9.75    -20.05  1.00000
  22708     9.75    -20.00  1.00000
  22709     9.75    -19.95  1.00000
  22710     9.75    -19.90  1.00000
  22711     9.75    -19.85  1.00000
  22712     9.75    -19.80  1.00000
  22713     9.75    -19.75  1.00000
  22714     9.75    -19.70  1.00000
  22715     9.75    -19.65  1.00000
  22716     9.75    -19.60  1.00000
  22717     9.75    -19.55  1.00000
  22718     9.75    -19.50  1.00000
  22719     9.75    -19.45  1.00000
  22720     9.75    -19.40  1.00000
  22721     9.75    -19.35  1.00000
  22722     9.75    -19.30  1.00000
  22723     9.75    -19.25  1.00000
  22724     9.75    -19.20  1.00000
  22725     9.75    -19.15  1.00000
  22726     9.75    -19.10  1.00000
  22727     9.75    -19.05  1.00000
  22728     9.75    -19.00  1.00000
  22729     9.75    -18.95  1.00000
  22730     9.75    -18.90  1.00000
  22731     9.75    -18.85  1.00000
  22732     9.75    -18.80  1.00000
  22733     9.75    -18.75  1.00000
  22734     9.75    -18.70  1.00000
  22735     9.75    -18.65  1.00000
  22736     9.75    -18.60  1.00000
  22737     9.75    -18.55  1.00000
  22738     9.75    -18.50  1.00000
  22739     9.75    -18.45  1.00000
  22740     9.75    -18.40  1.00000
  22741     9.75    -18.35  1.00000
  22742     9.75    -18.30  1.00000
  22743     9.75    -18.25  1.00000
  22744     9.75    -18.20  1.00000
  22745     9.75    -18.15  1.00000
  22746     9.75    -18.10  1.00000
  22747     9.75    -18.05  1.00000
  22748     9.75    -18.00  1.00000
  22749     9.75    -17.95  1.00000
  22750     9.75    -17.90  1.00000
  22751     9.75    -17.85  1.00000
  22752     9.75    -17.80  1.00000
  22753     9.75    -17.75  1.00000
  22754     9.75    -17.70  1.00000
  22755     9.75    -17.65  1.00000
  22756     9.75    -17.60  1.00000
  22757     9.75    -17.55  1.00000
  22758     9.75    -17.50  1.00000
  22759     9.75    -17.45  1.00000
  22760     9.75    -17.40  1.00000
  22761     9.75    -17.35  1.00000
  22762     9.75    -17.30  1.00000
  22763     9.75    -17.25  1.00000
  22764     9.75    -17.20  1.00000
  22765     9.75    -17.15  1.00000
  22766     9.75    -17.10  1.00000
  22767     9.75    -17.05  1.00000
  22768     9.75    -17.00  1.00000
  22769     9.75    -16.95  1.00000
  22770     9.75    -16.90  1.00000
  22771     9.75    -16.85  1.00000
  22772     9.75    -16.80  1.00000
  22773     9.75    -16.75  1.00000
  22774     9.75    -16.70  1.00000
  22775     9.75    -16.65  1.00000
  22776     9.75    -16.60  1.00000
  22777     9.75    -16.55  1.00000
  22778     9.75    -16.50  1.00000
  22779     9.75    -16.45  1.00000
  22780     9.75    -16.40  1.00000
  22781     9.75    -16.35  1.00000
  22782     9.75    -16.30  1.00000
  22783     9.75    -16.25  1.00000
  22784     9.75    -16.20  1.00000
  22785     9.75    -16.15  1.00000
  22786     9.75    -16.10  1.00000
  22787     9.75    -16.05  1.00000
  22788     9.75    -16.00  1.00000
  22789     9.75    -15.95  1.00000
  22790     9.75    -15.90  1.00000
  22791     9.75    -15.85  1.00000
  22792     9.75    -15.80  1.00000
  22793     9.75    -15.75  1.00000
  22794     9.75    -15.70  1.00000
  22795     9.75    -15.65  1.00000
  22796     9.75    -15.60  1.00000
  22797     9.75    -15.55  1.00000
  22798     9.75    -15.50  1.00000
  22799     9.75    -15.45  1.00000
  22800     9.75    -15.40  1.00000
  22801     9.75    -15.35  1.00000
  22802     9.80    -22.85  1.00000
  22803     9.80    -22.80  1.00000
  22804     9.80    -22.75  1.00000
  22805     9.80    -22.70  1.00000
  22806     9.80    -22.65  1.00000
  22807     9.80    -22.60  1.00000
  22808     9.80    -22.55  1.00000
  22809     9.80    -22.50  1.00000
  22810     9.80    -22.45  1.00000
  22811     9.80    -22.40  1.00000
  22812     9.80    -22.35  1.00000
  22813     9.80    -22.30  1.00000
  22814     9.80    -22.25  1.00000
  22815     9.80    -22.20  1.00000
  22816     9.80    -22.15  1.00000
  22817     9.80    -22.10  1.00000
  22818     9.80    -22.05  1.00000
  22819     9.80    -22.00  1.00000
  22820     9.80    -21.95  1.00000
  22821     9.80    -21.90  1.00000
  22822     9.80    -21.85  1.00000
  22823     9.80    -21.80  1.00000
  22824     9.80    -21.75  1.00000
  22825     9.80    -21.70  1.00000
  22826     9.80    -21.65  1.00000
  22827     9.80    -21.60  1.00000
  22828     9.80    -21.55  1.00000
  22829     9.80    -21.50  1.00000
  22830     9.80    -21.45  1.00000
  22831     9.80    -21.40  1.00000
  22832     9.80    -21.35  1.00000
  22833     9.80    -21.30  1.00000
  22834     9.80    -21.25  1.00000
  22835     9.80    -21.20  1.00000
  22836     9.80    -21.15  1.00000
  22837     9.80    -21.10  1.00000
  22838     9.80    -21.05  1.00000
  22839     9.80    -21.00  1.00000
  22840     9.80    -20.95  1.00000
  22841     9.80    -20.90  1.00000
  22842     9.80    -20.85  1.00000
  22843     9.80    -20.80  1.00000
  22844     9.80    -20.75  1.00000
  22845     9.80    -20.70  1.00000
  22846     9.80    -20.65  1.00000
  22847     9.80    -20.60  1.00000
  22848     9.80    -20.55  1.00000
  22849     9.80    -20.50  1.00000
  22850     9.80    -20.45  1.00000
  22851     9.80    -20.40  1.00000
  22852     9.80    -20.35  1.00000
  22853     9.80    -20.30  1.00000
  22854     9.80    -20.25  1.00000
  22855     9.80    -20.20  1.00000
  22856     9.80    -20.15  1.00000
  22857     9.80    -20.10  1.00000
  22858     9.80    -20.05  1.00000
  22859     9.80    -20.00  1.00000
  22860     9.80    -19.95  1.00000
  22861     9.80    -19.90  1.00000
  22862     9.80    -19.85  1.00000
  22863     9.80    -19.80  1.00000
  22864     9.80    -19.75  1.00000
  22865     9.80    -19.70  1.00000
  22866     9.80    -19.65  1.00000
  22867     9.80    -19.60  1.00000
  22868     9.80    -19.55  1.00000
  22869     9.80    -19.50  1.00000
  22870     9.80    -19.45  1.00000
  22871     9.80    -19.40  1.00000
  22872     9.80    -19.35  1.00000
  22873     9.80    -19.30  1.00000
  22874     9.80    -19.25  1.00000
  22875     9.80    -19.20  1.00000
  22876     9.80    -19.15  1.00000
  22877     9.80    -19.10  1.00000
  22878     9.80    -19.05  1.00000
  22879     9.80    -19.00  1.00000
  22880     9.80    -18.95  1.00000
  22881     9.80    -18.90  1.00000
  22882     9.80    -18.85  1.00000
  22883     9.80    -18.80  1.00000
  22884     9.80    -18.75  1.00000
  22885     9.80    -18.70  1.00000
  22886     9.80    -18.65  1.00000
  22887     9.80    -18.60  1.00000
  22888     9.80    -18.55  1.00000
  22889     9.80    -18.50  1.00000
  22890     9.80    -18.45  1.00000
  22891     9.80    -18.40  1.00000
  22892     9.80    -18.35  1.00000
  22893     9.80    -18.30  1.00000
  22894     9.80    -18.25  1.00000
  22895     9.80    -18.20  1.00000
  22896     9.80    -18.15  1.00000
  22897     9.80    -18.10  1.00000
  22898     9.80    -18.05  1.00000
  22899     9.80    -18.00  1.00000
  22900     9.80    -17.95  1.00000
  22901     9.80    -17.90  1.00000
  22902     9.80    -17.85  1.00000
  22903     9.80    -17.80  1.00000
  22904     9.80    -17.75  1.00000
  22905     9.80    -17.70  1.00000
  22906     9.80    -17.65  1.00000
  22907     9.80    -17.60  1.00000
  22908     9.80    -17.55  1.00000
  22909     9.80    -17.50  1.00000
  22910     9.80    -17.45  1.00000
  22911     9.80    -17.40  1.00000
  22912     9.80    -17.35  1.00000
  22913     9.80    -17.30  1.00000
  22914     9.80    -17.25  1.00000
  22915     9.80    -17.20  1.00000
  22916     9.80    -17.15  1.00000
  22917     9.80    -17.10  1.00000
  22918     9.80    -17.05  1.00000
  22919     9.80    -17.00  1.00000
  22920     9.80    -16.95  1.00000
  22921     9.80    -16.90  1.00000
  22922     9.80    -16.85  1.00000
  22923     9.80    -16.80  1.00000
  22924     9.80    -16.75  1.00000
  22925     9.80    -16.70  1.00000
  22926     9.80    -16.65  1.00000
  22927     9.80    -16.60  1.00000
  22928     9.80    -16.55  1.00000
  22929     9.80    -16.50  1.00000
  22930     9.80    -16.45  1.00000
  22931     9.80    -16.40  1.00000
  22932     9.80    -16.35  1.00000
  22933     9.80    -16.30  1.00000
  22934     9.80    -16.25  1.00000
  22935     9.80    -16.20  1.00000
  22936     9.80    -16.15  1.00000
  22937     9.80    -16.10  1.00000
  22938     9.80    -16.05  1.00000
  22939     9.80    -16.00  1.00000
  22940     9.80    -15.95  1.00000
  22941     9.80    -15.90  1.00000
  22942     9.80    -15.85  1.00000
  22943     9.80    -15.80  1.00000
  22944     9.80    -15.75  1.00000
  22945     9.80    -15.70  1.00000
  22946     9.80    -15.65  1.00000
  22947     9.80    -15.60  1.00000
  22948     9.80    -15.55  1.00000
  22949     9.80    -15.50  1.00000
  22950     9.80    -15.45  1.00000
  22951     9.80    -15.40  1.00000
  22952     9.80    -15.35  1.00000
  22953     9.85    -22.85  1.00000
  22954     9.85    -22.80  1.00000
  22955     9.85    -22.75  1.00000
  22956     9.85    -22.70  1.00000
  22957     9.85    -22.65  1.00000
  22958     9.85    -22.60  1.00000
  22959     9.85    -22.55  1.00000
  22960     9.85    -22.50  1.00000
  22961     9.85    -22.45  1.00000
  22962     9.85    -22.40  1.00000
  22963     9.85    -22.35  1.00000
  22964     9.85    -22.30  1.00000
  22965     9.85    -22.25  1.00000
  22966     9.85    -22.20  1.00000
  22967     9.85    -22.15  1.00000
  22968     9.85    -22.10  1.00000
  22969     9.85    -22.05  1.00000
  22970     9.85    -22.00  1.00000
  22971     9.85    -21.95  1.00000
  22972     9.85    -21.90  1.00000
  22973     9.85    -21.85  1.00000
  22974     9.85    -21.80  1.00000
  22975     9.85    -21.75  1.00000
  22976     9.85    -21.70  1.00000
  22977     9.85    -21.65  1.00000
  22978     9.85    -21.60  1.00000
  22979     9.85    -21.55  1.00000
  22980     9.85    -21.50  1.00000
  22981     9.85    -21.45  1.00000
  22982     9.85    -21.40  1.00000
  22983     9.85    -21.35  1.00000
  22984     9.85    -21.30  1.00000
  22985     9.85    -21.25  1.00000
  22986     9.85    -21.20  1.00000
  22987     9.85    -21.15  1.00000
  22988     9.85    -21.10  1.00000
  22989     9.85    -21.05  1.00000
  22990     9.85    -21.00  1.00000
  22991     9.85    -20.95  1.00000
  22992     9.85    -20.90  1.00000
  22993     9.85    -20.85  1.00000
  22994     9.85    -20.80  1.00000
  22995     9.85    -20.75  1.00000
  22996     9.85    -20.70  1.00000
  22997     9.85    -20.65  1.00000
  22998     9.85    -20.60  1.00000
  22999     9.85    -20.55  1.00000
  23000     9.85    -20.50  1.00000
  23001     9.85    -20.45  1.00000
  23002     9.85    -20.40  1.00000
  23003     9.85    -20.35  1.00000
  23004     9.85    -20.30  1.00000
  23005     9.85    -20.25  1.00000
  23006     9.85    -20.20  1.00000
  23007     9.85    -20.15  1.00000
  23008     9.85    -20.10  1.00000
  23009     9.85    -20.05  1.00000
  23010     9.85    -20.00  1.00000
  23011     9.85    -19.95  1.00000
  23012     9.85    -19.90  1.00000
  23013     9.85    -19.85  1.00000
  23014     9.85    -19.80  1.00000
  23015     9.85    -19.75  1.00000
  23016     9.85    -19.70  1.00000
  23017     9.85    -19.65  1.00000
  23018     9.85    -19.60  1.00000
  23019     9.85    -19.55  1.00000
  23020     9.85    -19.50  1.00000
  23021     9.85    -19.45  1.00000
  23022     9.85    -19.40  1.00000
  23023     9.85    -19.35  1.00000
  23024     9.85    -19.30  1.00000
  23025     9.85    -19.25  1.00000
  23026     9.85    -19.20  1.00000
  23027     9.85    -19.15  1.00000
  23028     9.85    -19.10  1.00000
  23029     9.85    -19.05  1.00000
  23030     9.85    -19.00  1.00000
  23031     9.85    -18.95  1.00000
  23032     9.85    -18.90  1.00000
  23033     9.85    -18.85  1.00000
  23034     9.85    -18.80  1.00000
  23035     9.85    -18.75  1.00000
  23036     9.85    -18.70  1.00000
  23037     9.85    -18.65  1.00000
  23038     9.85    -18.60  1.00000
  23039     9.85    -18.55  1.00000
  23040     9.85    -18.50  1.00000
  23041     9.85    -18.45  1.00000
  23042     9.85    -18.40  1.00000
  23043     9.85    -18.35  1.00000
  23044     9.85    -18.30  1.00000
  23045     9.85    -18.25  1.00000
  23046     9.85    -18.20  1.00000
  23047     9.85    -18.15  1.00000
  23048     9.85    -18.10  1.00000
  23049     9.85    -18.05  1.00000
  23050     9.85    -18.00  1.00000
  23051     9.85    -17.95  1.00000
  23052     9.85    -17.90  1.00000
  23053     9.85    -17.85  1.00000
  23054     9.85    -17.80  1.00000
  23055     9.85    -17.75  1.00000
  23056     9.85    -17.70  1.00000
  23057     9.85    -17.65  1.00000
  23058     9.85    -17.60  1.00000
  23059     9.85    -17.55  1.00000
  23060     9.85    -17.50  1.00000
  23061     9.85    -17.45  1.00000
  23062     9.85    -17.40  1.00000
  23063     9.85    -17.35  1.00000
  23064     9.85    -17.30  1.00000
  23065     9.85    -17.25  1.00000
  23066     9.85    -17.20  1.00000
  23067     9.85    -17.15  1.00000
  23068     9.85    -17.10  1.00000
  23069     9.85    -17.05  1.00000
  23070     9.85    -17.00  1.00000
  23071     9.85    -16.95  1.00000
  23072     9.85    -16.90  1.00000
  23073     9.85    -16.85  1.00000
  23074     9.85    -16.80  1.00000
  23075     9.85    -16.75  1.00000
  23076     9.85    -16.70  1.00000
  23077     9.85    -16.65  1.00000
  23078     9.85    -16.60  1.00000
  23079     9.85    -16.55  1.00000
  23080     9.85    -16.50  1.00000
  23081     9.85    -16.45  1.00000
  23082     9.85    -16.40  1.00000
  23083     9.85    -16.35  1.00000
  23084     9.85    -16.30  1.00000
  23085     9.85    -16.25  1.00000
  23086     9.85    -16.20  1.00000
  23087     9.85    -16.15  1.00000
  23088     9.85    -16.10  1.00000
  23089     9.85    -16.05  1.00000
  23090     9.85    -16.00  1.00000
  23091     9.85    -15.95  1.00000
  23092     9.85    -15.90  1.00000
  23093     9.85    -15.85  1.00000
  23094     9.85    -15.80  1.00000
  23095     9.85    -15.75  1.00000
  23096     9.85    -15.70  1.00000
  23097     9.85    -15.65  1.00000
  23098     9.85    -15.60  1.00000
  23099     9.85    -15.55  1.00000
  23100     9.85    -15.50  1.00000
  23101     9.85    -15.45  1.00000
  23102     9.85    -15.40  1.00000
  23103     9.85    -15.35  1.00000
  23104     9.90    -22.85  1.00000
  23105     9.90    -22.80  1.00000
  23106     9.90    -22.75  1.00000
  23107     9.90    -22.70  1.00000
  23108     9.90    -22.65  1.00000
  23109     9.90    -22.60  1.00000
  23110     9.90    -22.55  1.00000
  23111     9.90    -22.50  1.00000
  23112     9.90    -22.45  1.00000
  23113     9.90    -22.40  1.00000
  23114     9.90    -22.35  1.00000
  23115     9.90    -22.30  1.00000
  23116     9.90    -22.25  1.00000
  23117     9.90    -22.20  1.00000
  23118     9.90    -22.15  1.00000
  23119     9.90    -22.10  1.00000
  23120     9.90    -22.05  1.00000
  23121     9.90    -22.00  1.00000
  23122     9.90    -21.95  1.00000
  23123     9.90    -21.90  1.00000
  23124     9.90    -21.85  1.00000
  23125     9.90    -21.80  1.00000
  23126     9.90    -21.75  1.00000
  23127     9.90    -21.70  1.00000
  23128     9.90    -21.65  1.00000
  23129     9.90    -21.60  1.00000
  23130     9.90    -21.55  1.00000
  23131     9.90    -21.50  1.00000
  23132     9.90    -21.45  1.00000
  23133     9.90    -21.40  1.00000
  23134     9.90    -21.35  1.00000
  23135     9.90    -21.30  1.00000
  23136     9.90    -21.25  1.00000
  23137     9.90    -21.20  1.00000
  23138     9.90    -21.15  1.00000
  23139     9.90    -21.10  1.00000
  23140     9.90    -21.05  1.00000
  23141     9.90    -21.00  1.00000
  23142     9.90    -20.95  1.00000
  23143     9.90    -20.90  1.00000
  23144     9.90    -20.85  1.00000
  23145     9.90    -20.80  1.00000
  23146     9.90    -20.75  1.00000
  23147     9.90    -20.70  1.00000
  23148     9.90    -20.65  1.00000
  23149     9.90    -20.60  1.00000
  23150     9.90    -20.55  1.00000
  23151     9.90    -20.50  1.00000
  23152     9.90    -20.45  1.00000
  23153     9.90    -20.40  1.00000
  23154     9.90    -20.35  1.00000
  23155     9.90    -20.30  1.00000
  23156     9.90    -20.25  1.00000
  23157     9.90    -20.20  1.00000
  23158     9.90    -20.15  1.00000
  23159     9.90    -20.10  1.00000
  23160     9.90    -20.05  1.00000
  23161     9.90    -20.00  1.00000
  23162     9.90    -19.95  1.00000
  23163     9.90    -19.90  1.00000
  23164     9.90    -19.85  1.00000
  23165     9.90    -19.80  1.00000
  23166     9.90    -19.75  1.00000
  23167     9.90    -19.70  1.00000
  23168     9.90    -19.65  1.00000
  23169     9.90    -19.60  1.00000
  23170     9.90    -19.55  1.00000
  23171     9.90    -19.50  1.00000
  23172     9.90    -19.45  1.00000
  23173     9.90    -19.40  1.00000
  23174     9.90    -19.35  1.00000
  23175     9.90    -19.30  1.00000
  23176     9.90    -19.25  1.00000
  23177     9.90    -19.20  1.00000
  23178     9.90    -19.15  1.00000
  23179     9.90    -19.10  1.00000
  23180     9.90    -19.05  1.00000
  23181     9.90    -19.00  1.00000
  23182     9.90    -18.95  1.00000
  23183     9.90    -18.90  1.00000
  23184     9.90    -18.85  1.00000
  23185     9.90    -18.80  1.00000
  23186     9.90    -18.75  1.00000
  23187     9.90    -18.70  1.00000
  23188     9.90    -18.65  1.00000
  23189     9.90    -18.60  1.00000
  23190     9.90    -18.55  1.00000
  23191     9.90    -18.50  1.00000
  23192     9.90    -18.45  1.00000
  23193     9.90    -18.40  1.00000
  23194     9.90    -18.35  1.00000
  23195     9.90    -18.30  1.00000
  23196     9.90    -18.25  1.00000
  23197     9.90    -18.20  1.00000
  23198     9.90    -18.15  1.00000
  23199     9.90    -18.10  1.00000
  23200     9.90    -18.05  1.00000
  23201     9.90    -18.00  1.00000
  23202     9.90    -17.95  1.00000
  23203     9.90    -17.90  1.00000
  23204     9.90    -17.85  1.00000
  23205     9.90    -17.80  1.00000
  23206     9.90    -17.75  1.00000
  23207     9.90    -17.70  1.00000
  23208     9.90    -17.65  1.00000
  23209     9.90    -17.60  1.00000
  23210     9.90    -17.55  1.00000
  23211     9.90    -17.50  1.00000
  23212     9.90    -17.45  1.00000
  23213     9.90    -17.40  1.00000
  23214     9.90    -17.35  1.00000
  23215     9.90    -17.30  1.00000
  23216     9.90    -17.25  1.00000
  23217     9.90    -17.20  1.00000
  23218     9.90    -17.15  1.00000
  23219     9.90    -17.10  1.00000
  23220     9.90    -17.05  1.00000
  23221     9.90    -17.00  1.00000
  23222     9.90    -16.95  1.00000
  23223     9.90    -16.90  1.00000
  23224     9.90    -16.85  1.00000
  23225     9.90    -16.80  1.00000
  23226     9.90    -16.75  1.00000
  23227     9.90    -16.70  1.00000
  23228     9.90    -16.65  1.00000
  23229     9.90    -16.60  1.00000
  23230     9.90    -16.55  1.00000
  23231     9.90    -16.50  1.00000
  23232     9.90    -16.45  1.00000
  23233     9.90    -16.40  1.00000
  23234     9.90    -16.35  1.00000
  23235     9.90    -16.30  1.00000
  23236     9.90    -16.25  1.00000
  23237     9.90    -16.20  1.00000
  23238     9.90    -16.15  1.00000
  23239     9.90    -16.10  1.00000
  23240     9.90    -16.05  1.00000
  23241     9.90    -16.00  1.00000
  23242     9.90    -15.95  1.00000
  23243     9.90    -15.90  1.00000
  23244     9.90    -15.85  1.00000
  23245     9.90    -15.80  1.00000
  23246     9.90    -15.75  1.00000
  23247     9.90    -15.70  1.00000
  23248     9.90    -15.65  1.00000
  23249     9.90    -15.60  1.00000
  23250     9.90    -15.55  1.00000
  23251     9.90    -15.50  1.00000
  23252     9.90    -15.45  1.00000
  23253     9.90    -15.40  1.00000
  23254     9.90    -15.35  1.00000
  23255     9.95    -22.85  1.00000
  23256     9.95    -22.80  1.00000
  23257     9.95    -22.75  1.00000
  23258     9.95    -22.70  1.00000
  23259     9.95    -22.65  1.00000
  23260     9.95    -22.60  1.00000
  23261     9.95    -22.55  1.00000
  23262     9.95    -22.50  1.00000
  23263     9.95    -22.45  1.00000
  23264     9.95    -22.40  1.00000
  23265     9.95    -22.35  1.00000
  23266     9.95    -22.30  1.00000
  23267     9.95    -22.25  1.00000
  23268     9.95    -22.20  1.00000
  23269     9.95    -22.15  1.00000
  23270     9.95    -22.10  1.00000
  23271     9.95    -22.05  1.00000
  23272     9.95    -22.00  1.00000
  23273     9.95    -21.95  1.00000
  23274     9.95    -21.90  1.00000
  23275     9.95    -21.85  1.00000
  23276     9.95    -21.80  1.00000
  23277     9.95    -21.75  1.00000
  23278     9.95    -21.70  1.00000
  23279     9.95    -21.65  1.00000
  23280     9.95    -21.60  1.00000
  23281     9.95    -21.55  1.00000
  23282     9.95    -21.50  1.00000
  23283     9.95    -21.45  1.00000
  23284     9.95    -21.40  1.00000
  23285     9.95    -21.35  1.00000
  23286     9.95    -21.30  1.00000
  23287     9.95    -21.25  1.00000
  23288     9.95    -21.20  1.00000
  23289     9.95    -21.15  1.00000
  23290     9.95    -21.10  1.00000
  23291     9.95    -21.05  1.00000
  23292     9.95    -21.00  1.00000
  23293     9.95    -20.95  1.00000
  23294     9.95    -20.90  1.00000
  23295     9.95    -20.85  1.00000
  23296     9.95    -20.80  1.00000
  23297     9.95    -20.75  1.00000
  23298     9.95    -20.70  1.00000
  23299     9.95    -20.65  1.00000
  23300     9.95    -20.60  1.00000
  23301     9.95    -20.55  1.00000
  23302     9.95    -20.50  1.00000
  23303     9.95    -20.45  1.00000
  23304     9.95    -20.40  1.00000
  23305     9.95    -20.35  1.00000
  23306     9.95    -20.30  1.00000
  23307     9.95    -20.25  1.00000
  23308     9.95    -20.20  1.00000
  23309     9.95    -20.15  1.00000
  23310     9.95    -20.10  1.00000
  23311     9.95    -20.05  1.00000
  23312     9.95    -20.00  1.00000
  23313     9.95    -19.95  1.00000
  23314     9.95    -19.90  1.00000
  23315     9.95    -19.85  1.00000
  23316     9.95    -19.80  1.00000
  23317     9.95    -19.75  1.00000
  23318     9.95    -19.70  1.00000
  23319     9.95    -19.65  1.00000
  23320     9.95    -19.60  1.00000
  23321     9.95    -19.55  1.00000
  23322     9.95    -19.50  1.00000
  23323     9.95    -19.45  1.00000
  23324     9.95    -19.40  1.00000
  23325     9.95    -19.35  1.00000
  23326     9.95    -19.30  1.00000
  23327     9.95    -19.25  1.00000
  23328     9.95    -19.20  1.00000
  23329     9.95    -19.15  1.00000
  23330     9.95    -19.10  1.00000
  23331     9.95    -19.05  1.00000
  23332     9.95    -19.00  1.00000
  23333     9.95    -18.95  1.00000
  23334     9.95    -18.90  1.00000
  23335     9.95    -18.85  1.00000
  23336     9.95    -18.80  1.00000
  23337     9.95    -18.75  1.00000
  23338     9.95    -18.70  1.00000
  23339     9.95    -18.65  1.00000
  23340     9.95    -18.60  1.00000
  23341     9.95    -18.55  1.00000
  23342     9.95    -18.50  1.00000
  23343     9.95    -18.45  1.00000
  23344     9.95    -18.40  1.00000
  23345     9.95    -18.35  1.00000
  23346     9.95    -18.30  1.00000
  23347     9.95    -18.25  1.00000
  23348     9.95    -18.20  1.00000
  23349     9.95    -18.15  1.00000
  23350     9.95    -18.10  1.00000
  23351     9.95    -18.05  1.00000
  23352     9.95    -18.00  1.00000
  23353     9.95    -17.95  1.00000
  23354     9.95    -17.90  1.00000
  23355     9.95    -17.85  1.00000
  23356     9.95    -17.80  1.00000
  23357     9.95    -17.75  1.00000
  23358     9.95    -17.70  1.00000
  23359     9.95    -17.65  1.00000
  23360     9.95    -17.60  1.00000
  23361     9.95    -17.55  1.00000
  23362     9.95    -17.50  1.00000
  23363     9.95    -17.45  1.00000
  23364     9.95    -17.40  1.00000
  23365     9.95    -17.35  1.00000
  23366     9.95    -17.30  1.00000
  23367     9.95    -17.25  1.00000
  23368     9.95    -17.20  1.00000
  23369     9.95    -17.15  1.00000
  23370     9.95    -17.10  1.00000
  23371     9.95    -17.05  1.00000
  23372     9.95    -17.00  1.00000
  23373     9.95    -16.95  1.00000
  23374     9.95    -16.90  1.00000
  23375     9.95    -16.85  1.00000
  23376     9.95    -16.80  1.00000
  23377     9.95    -16.75  1.00000
  23378     9.95    -16.70  1.00000
  23379     9.95    -16.65  1.00000
  23380     9.95    -16.60  1.00000
  23381     9.95    -16.55  1.00000
  23382     9.95    -16.50  1.00000
  23383     9.95    -16.45  1.00000
  23384     9.95    -16.40  1.00000
  23385     9.95    -16.35  1.00000
  23386     9.95    -16.30  1.00000
  23387     9.95    -16.25  1.00000
  23388     9.95    -16.20  1.00000
  23389     9.95    -16.15  1.00000
  23390     9.95    -16.10  1.00000
  23391     9.95    -16.05  1.00000
  23392     9.95    -16.00  1.00000
  23393     9.95    -15.95  1.00000
  23394     9.95    -15.90  1.00000
  23395     9.95    -15.85  1.00000
  23396     9.95    -15.80  1.00000
  23397     9.95    -15.75  1.00000
  23398     9.95    -15.70  1.00000
  23399     9.95    -15.65  1.00000
  23400     9.95    -15.60  1.00000
  23401     9.95    -15.55  1.00000
  23402     9.95    -15.50  1.00000
  23403     9.95    -15.45  1.00000
  23404     9.95    -15.40  1.00000
  23405     9.95    -15.35  1.00000
  23406     10.00   -22.85  1.00000
  23407     10.00   -22.80  1.00000
  23408     10.00   -22.75  1.00000
  23409     10.00   -22.70  1.00000
  23410     10.00   -22.65  1.00000
  23411     10.00   -22.60  1.00000
  23412     10.00   -22.55  1.00000
  23413     10.00   -22.50  1.00000
  23414     10.00   -22.45  1.00000
  23415     10.00   -22.40  1.00000
  23416     10.00   -22.35  1.00000
  23417     10.00   -22.30  1.00000
  23418     10.00   -22.25  1.00000
  23419     10.00   -22.20  1.00000
  23420     10.00   -22.15  1.00000
  23421     10.00   -22.10  1.00000
  23422     10.00   -22.05  1.00000
  23423     10.00   -22.00  1.00000
  23424     10.00   -21.95  1.00000
  23425     10.00   -21.90  1.00000
  23426     10.00   -21.85  1.00000
  23427     10.00   -21.80  1.00000
  23428     10.00   -21.75  1.00000
  23429     10.00   -21.70  1.00000
  23430     10.00   -21.65  1.00000
  23431     10.00   -21.60  1.00000
  23432     10.00   -21.55  1.00000
  23433     10.00   -21.50  1.00000
  23434     10.00   -21.45  1.00000
  23435     10.00   -21.40  1.00000
  23436     10.00   -21.35  1.00000
  23437     10.00   -21.30  1.00000
  23438     10.00   -21.25  1.00000
  23439     10.00   -21.20  1.00000
  23440     10.00   -21.15  1.00000
  23441     10.00   -21.10  1.00000
  23442     10.00   -21.05  1.00000
  23443     10.00   -21.00  1.00000
  23444     10.00   -20.95  1.00000
  23445     10.00   -20.90  1.00000
  23446     10.00   -20.85  1.00000
  23447     10.00   -20.80  1.00000
  23448     10.00   -20.75  1.00000
  23449     10.00   -20.70  1.00000
  23450     10.00   -20.65  1.00000
  23451     10.00   -20.60  1.00000
  23452     10.00   -20.55  1.00000
  23453     10.00   -20.50  1.00000
  23454     10.00   -20.45  1.00000
  23455     10.00   -20.40  1.00000
  23456     10.00   -20.35  1.00000
  23457     10.00   -20.30  1.00000
  23458     10.00   -20.25  1.00000
  23459     10.00   -20.20  1.00000
  23460     10.00   -20.15  1.00000
  23461     10.00   -20.10  1.00000
  23462     10.00   -20.05  1.00000
  23463     10.00   -20.00  1.00000
  23464     10.00   -19.95  1.00000
  23465     10.00   -19.90  1.00000
  23466     10.00   -19.85  1.00000
  23467     10.00   -19.80  1.00000
  23468     10.00   -19.75  1.00000
  23469     10.00   -19.70  1.00000
  23470     10.00   -19.65  1.00000
  23471     10.00   -19.60  1.00000
  23472     10.00   -19.55  1.00000
  23473     10.00   -19.50  1.00000
  23474     10.00   -19.45  1.00000
  23475     10.00   -19.40  1.00000
  23476     10.00   -19.35  1.00000
  23477     10.00   -19.30  1.00000
  23478     10.00   -19.25  1.00000
  23479     10.00   -19.20  1.00000
  23480     10.00   -19.15  1.00000
  23481     10.00   -19.10  1.00000
  23482     10.00   -19.05  1.00000
  23483     10.00   -19.00  1.00000
  23484     10.00   -18.95  1.00000
  23485     10.00   -18.90  1.00000
  23486     10.00   -18.85  1.00000
  23487     10.00   -18.80  1.00000
  23488     10.00   -18.75  1.00000
  23489     10.00   -18.70  1.00000
  23490     10.00   -18.65  1.00000
  23491     10.00   -18.60  1.00000
  23492     10.00   -18.55  1.00000
  23493     10.00   -18.50  1.00000
  23494     10.00   -18.45  1.00000
  23495     10.00   -18.40  1.00000
  23496     10.00   -18.35  1.00000
  23497     10.00   -18.30  1.00000
  23498     10.00   -18.25  1.00000
  23499     10.00   -18.20  1.00000
  23500     10.00   -18.15  1.00000
  23501     10.00   -18.10  1.00000
  23502     10.00   -18.05  1.00000
  23503     10.00   -18.00  1.00000
  23504     10.00   -17.95  1.00000
  23505     10.00   -17.90  1.00000
  23506     10.00   -17.85  1.00000
  23507     10.00   -17.80  1.00000
  23508     10.00   -17.75  1.00000
  23509     10.00   -17.70  1.00000
  23510     10.00   -17.65  1.00000
  23511     10.00   -17.60  1.00000
  23512     10.00   -17.55  1.00000
  23513     10.00   -17.50  1.00000
  23514     10.00   -17.45  1.00000
  23515     10.00   -17.40  1.00000
  23516     10.00   -17.35  1.00000
  23517     10.00   -17.30  1.00000
  23518     10.00   -17.25  1.00000
  23519     10.00   -17.20  1.00000
  23520     10.00   -17.15  1.00000
  23521     10.00   -17.10  1.00000
  23522     10.00   -17.05  1.00000
  23523     10.00   -17.00  1.00000
  23524     10.00   -16.95  1.00000
  23525     10.00   -16.90  1.00000
  23526     10.00   -16.85  1.00000
  23527     10.00   -16.80  1.00000
  23528     10.00   -16.75  1.00000
  23529     10.00   -16.70  1.00000
  23530     10.00   -16.65  1.00000
  23531     10.00   -16.60  1.00000
  23532     10.00   -16.55  1.00000
  23533     10.00   -16.50  1.00000
  23534     10.00   -16.45  1.00000
  23535     10.00   -16.40  1.00000
  23536     10.00   -16.35  1.00000
  23537     10.00   -16.30  1.00000
  23538     10.00   -16.25  1.00000
  23539     10.00   -16.20  1.00000
  23540     10.00   -16.15  1.00000
  23541     10.00   -16.10  1.00000
  23542     10.00   -16.05  1.00000
  23543     10.00   -16.00  1.00000
  23544     10.00   -15.95  1.00000
  23545     10.00   -15.90  1.00000
  23546     10.00   -15.85  1.00000
  23547     10.00   -15.80  1.00000
  23548     10.00   -15.75  1.00000
  23549     10.00   -15.70  1.00000
  23550     10.00   -15.65  1.00000
  23551     10.00   -15.60  1.00000
  23552     10.00   -15.55  1.00000
  23553     10.00   -15.50  1.00000
  23554     10.00   -15.45  1.00000
  23555     10.00   -15.40  1.00000
  23556     10.00   -15.35  1.00000
  23557     10.05   -22.85  1.00000
  23558     10.05   -22.80  1.00000
  23559     10.05   -22.75  1.00000
  23560     10.05   -22.70  1.00000
  23561     10.05   -22.65  1.00000
  23562     10.05   -22.60  1.00000
  23563     10.05   -22.55  1.00000
  23564     10.05   -22.50  1.00000
  23565     10.05   -22.45  1.00000
  23566     10.05   -22.40  1.00000
  23567     10.05   -22.35  1.00000
  23568     10.05   -22.30  1.00000
  23569     10.05   -22.25  1.00000
  23570     10.05   -22.20  1.00000
  23571     10.05   -22.15  1.00000
  23572     10.05   -22.10  1.00000
  23573     10.05   -22.05  1.00000
  23574     10.05   -22.00  1.00000
  23575     10.05   -21.95  1.00000
  23576     10.05   -21.90  1.00000
  23577     10.05   -21.85  1.00000
  23578     10.05   -21.80  1.00000
  23579     10.05   -21.75  1.00000
  23580     10.05   -21.70  1.00000
  23581     10.05   -21.65  1.00000
  23582     10.05   -21.60  1.00000
  23583     10.05   -21.55  1.00000
  23584     10.05   -21.50  1.00000
  23585     10.05   -21.45  1.00000
  23586     10.05   -21.40  1.00000
  23587     10.05   -21.35  1.00000
  23588     10.05   -21.30  1.00000
  23589     10.05   -21.25  1.00000
  23590     10.05   -21.20  1.00000
  23591     10.05   -21.15  1.00000
  23592     10.05   -21.10  1.00000
  23593     10.05   -21.05  1.00000
  23594     10.05   -21.00  1.00000
  23595     10.05   -20.95  1.00000
  23596     10.05   -20.90  1.00000
  23597     10.05   -20.85  1.00000
  23598     10.05   -20.80  1.00000
  23599     10.05   -20.75  1.00000
  23600     10.05   -20.70  1.00000
  23601     10.05   -20.65  1.00000
  23602     10.05   -20.60  1.00000
  23603     10.05   -20.55  1.00000
  23604     10.05   -20.50  1.00000
  23605     10.05   -20.45  1.00000
  23606     10.05   -20.40  1.00000
  23607     10.05   -20.35  1.00000
  23608     10.05   -20.30  1.00000
  23609     10.05   -20.25  1.00000
  23610     10.05   -20.20  1.00000
  23611     10.05   -20.15  1.00000
  23612     10.05   -20.10  1.00000
  23613     10.05   -20.05  1.00000
  23614     10.05   -20.00  1.00000
  23615     10.05   -19.95  1.00000
  23616     10.05   -19.90  1.00000
  23617     10.05   -19.85  1.00000
  23618     10.05   -19.80  1.00000
  23619     10.05   -19.75  1.00000
  23620     10.05   -19.70  1.00000
  23621     10.05   -19.65  1.00000
  23622     10.05   -19.60  1.00000
  23623     10.05   -19.55  1.00000
  23624     10.05   -19.50  1.00000
  23625     10.05   -19.45  1.00000
  23626     10.05   -19.40  1.00000
  23627     10.05   -19.35  1.00000
  23628     10.05   -19.30  1.00000
  23629     10.05   -19.25  1.00000
  23630     10.05   -19.20  1.00000
  23631     10.05   -19.15  1.00000
  23632     10.05   -19.10  1.00000
  23633     10.05   -19.05  1.00000
  23634     10.05   -19.00  1.00000
  23635     10.05   -18.95  1.00000
  23636     10.05   -18.90  1.00000
  23637     10.05   -18.85  1.00000
  23638     10.05   -18.80  1.00000
  23639     10.05   -18.75  1.00000
  23640     10.05   -18.70  1.00000
  23641     10.05   -18.65  1.00000
  23642     10.05   -18.60  1.00000
  23643     10.05   -18.55  1.00000
  23644     10.05   -18.50  1.00000
  23645     10.05   -18.45  1.00000
  23646     10.05   -18.40  1.00000
  23647     10.05   -18.35  1.00000
  23648     10.05   -18.30  1.00000
  23649     10.05   -18.25  1.00000
  23650     10.05   -18.20  1.00000
  23651     10.05   -18.15  1.00000
  23652     10.05   -18.10  1.00000
  23653     10.05   -18.05  1.00000
  23654     10.05   -18.00  1.00000
  23655     10.05   -17.95  1.00000
  23656     10.05   -17.90  1.00000
  23657     10.05   -17.85  1.00000
  23658     10.05   -17.80  1.00000
  23659     10.05   -17.75  1.00000
  23660     10.05   -17.70  1.00000
  23661     10.05   -17.65  1.00000
  23662     10.05   -17.60  1.00000
  23663     10.05   -17.55  1.00000
  23664     10.05   -17.50  1.00000
  23665     10.05   -17.45  1.00000
  23666     10.05   -17.40  1.00000
  23667     10.05   -17.35  1.00000
  23668     10.05   -17.30  1.00000
  23669     10.05   -17.25  1.00000
  23670     10.05   -17.20  1.00000
  23671     10.05   -17.15  1.00000
  23672     10.05   -17.10  1.00000
  23673     10.05   -17.05  1.00000
  23674     10.05   -17.00  1.00000
  23675     10.05   -16.95  1.00000
  23676     10.05   -16.90  1.00000
  23677     10.05   -16.85  1.00000
  23678     10.05   -16.80  1.00000
  23679     10.05   -16.75  1.00000
  23680     10.05   -16.70  1.00000
  23681     10.05   -16.65  1.00000
  23682     10.05   -16.60  1.00000
  23683     10.05   -16.55  1.00000
  23684     10.05   -16.50  1.00000
  23685     10.05   -16.45  1.00000
  23686     10.05   -16.40  1.00000
  23687     10.05   -16.35  1.00000
  23688     10.05   -16.30  1.00000
  23689     10.05   -16.25  1.00000
  23690     10.05   -16.20  1.00000
  23691     10.05   -16.15  1.00000
  23692     10.05   -16.10  1.00000
  23693     10.05   -16.05  1.00000
  23694     10.05   -16.00  1.00000
  23695     10.05   -15.95  1.00000
  23696     10.05   -15.90  1.00000
  23697     10.05   -15.85  1.00000
  23698     10.05   -15.80  1.00000
  23699     10.05   -15.75  1.00000
  23700     10.05   -15.70  1.00000
  23701     10.05   -15.65  1.00000
  23702     10.05   -15.60  1.00000
  23703     10.05   -15.55  1.00000
  23704     10.05   -15.50  1.00000
  23705     10.05   -15.45  1.00000
  23706     10.05   -15.40  1.00000
  23707     10.05   -15.35  1.00000
  23708     10.10   -22.85  1.00000
  23709     10.10   -22.80  1.00000
  23710     10.10   -22.75  1.00000
  23711     10.10   -22.70  1.00000
  23712     10.10   -22.65  1.00000
  23713     10.10   -22.60  1.00000
  23714     10.10   -22.55  1.00000
  23715     10.10   -22.50  1.00000
  23716     10.10   -22.45  1.00000
  23717     10.10   -22.40  1.00000
  23718     10.10   -22.35  1.00000
  23719     10.10   -22.30  1.00000
  23720     10.10   -22.25  1.00000
  23721     10.10   -22.20  1.00000
  23722     10.10   -22.15  1.00000
  23723     10.10   -22.10  1.00000
  23724     10.10   -22.05  1.00000
  23725     10.10   -22.00  1.00000
  23726     10.10   -21.95  1.00000
  23727     10.10   -21.90  1.00000
  23728     10.10   -21.85  1.00000
  23729     10.10   -21.80  1.00000
  23730     10.10   -21.75  1.00000
  23731     10.10   -21.70  1.00000
  23732     10.10   -21.65  1.00000
  23733     10.10   -21.60  1.00000
  23734     10.10   -21.55  1.00000
  23735     10.10   -21.50  1.00000
  23736     10.10   -21.45  1.00000
  23737     10.10   -21.40  1.00000
  23738     10.10   -21.35  1.00000
  23739     10.10   -21.30  1.00000
  23740     10.10   -21.25  1.00000
  23741     10.10   -21.20  1.00000
  23742     10.10   -21.15  1.00000
  23743     10.10   -21.10  1.00000
  23744     10.10   -21.05  1.00000
  23745     10.10   -21.00  1.00000
  23746     10.10   -20.95  1.00000
  23747     10.10   -20.90  1.00000
  23748     10.10   -20.85  1.00000
  23749     10.10   -20.80  1.00000
  23750     10.10   -20.75  1.00000
  23751     10.10   -20.70  1.00000
  23752     10.10   -20.65  1.00000
  23753     10.10   -20.60  1.00000
  23754     10.10   -20.55  1.00000
  23755     10.10   -20.50  1.00000
  23756     10.10   -20.45  1.00000
  23757     10.10   -20.40  1.00000
  23758     10.10   -20.35  1.00000
  23759     10.10   -20.30  1.00000
  23760     10.10   -20.25  1.00000
  23761     10.10   -20.20  1.00000
  23762     10.10   -20.15  1.00000
  23763     10.10   -20.10  1.00000
  23764     10.10   -20.05  1.00000
  23765     10.10   -20.00  1.00000
  23766     10.10   -19.95  1.00000
  23767     10.10   -19.90  1.00000
  23768     10.10   -19.85  1.00000
  23769     10.10   -19.80  1.00000
  23770     10.10   -19.75  1.00000
  23771     10.10   -19.70  1.00000
  23772     10.10   -19.65  1.00000
  23773     10.10   -19.60  1.00000
  23774     10.10   -19.55  1.00000
  23775     10.10   -19.50  1.00000
  23776     10.10   -19.45  1.00000
  23777     10.10   -19.40  1.00000
  23778     10.10   -19.35  1.00000
  23779     10.10   -19.30  1.00000
  23780     10.10   -19.25  1.00000
  23781     10.10   -19.20  1.00000
  23782     10.10   -19.15  1.00000
  23783     10.10   -19.10  1.00000
  23784     10.10   -19.05  1.00000
  23785     10.10   -19.00  1.00000
  23786     10.10   -18.95  1.00000
  23787     10.10   -18.90  1.00000
  23788     10.10   -18.85  1.00000
  23789     10.10   -18.80  1.00000
  23790     10.10   -18.75  1.00000
  23791     10.10   -18.70  1.00000
  23792     10.10   -18.65  1.00000
  23793     10.10   -18.60  1.00000
  23794     10.10   -18.55  1.00000
  23795     10.10   -18.50  1.00000
  23796     10.10   -18.45  1.00000
  23797     10.10   -18.40  1.00000
  23798     10.10   -18.35  1.00000
  23799     10.10   -18.30  1.00000
  23800     10.10   -18.25  1.00000
  23801     10.10   -18.20  1.00000
  23802     10.10   -18.15  1.00000
  23803     10.10   -18.10  1.00000
  23804     10.10   -18.05  1.00000
  23805     10.10   -18.00  1.00000
  23806     10.10   -17.95  1.00000
  23807     10.10   -17.90  1.00000
  23808     10.10   -17.85  1.00000
  23809     10.10   -17.80  1.00000
  23810     10.10   -17.75  1.00000
  23811     10.10   -17.70  1.00000
  23812     10.10   -17.65  1.00000
  23813     10.10   -17.60  1.00000
  23814     10.10   -17.55  1.00000
  23815     10.10   -17.50  1.00000
  23816     10.10   -17.45  1.00000
  23817     10.10   -17.40  1.00000
  23818     10.10   -17.35  1.00000
  23819     10.10   -17.30  1.00000
  23820     10.10   -17.25  1.00000
  23821     10.10   -17.20  1.00000
  23822     10.10   -17.15  1.00000
  23823     10.10   -17.10  1.00000
  23824     10.10   -17.05  1.00000
  23825     10.10   -17.00  1.00000
  23826     10.10   -16.95  1.00000
  23827     10.10   -16.90  1.00000
  23828     10.10   -16.85  1.00000
  23829     10.10   -16.80  1.00000
  23830     10.10   -16.75  1.00000
  23831     10.10   -16.70  1.00000
  23832     10.10   -16.65  1.00000
  23833     10.10   -16.60  1.00000
  23834     10.10   -16.55  1.00000
  23835     10.10   -16.50  1.00000
  23836     10.10   -16.45  1.00000
  23837     10.10   -16.40  1.00000
  23838     10.10   -16.35  1.00000
  23839     10.10   -16.30  1.00000
  23840     10.10   -16.25  1.00000
  23841     10.10   -16.20  1.00000
  23842     10.10   -16.15  1.00000
  23843     10.10   -16.10  1.00000
  23844     10.10   -16.05  1.00000
  23845     10.10   -16.00  1.00000
  23846     10.10   -15.95  1.00000
  23847     10.10   -15.90  1.00000
  23848     10.10   -15.85  1.00000
  23849     10.10   -15.80  1.00000
  23850     10.10   -15.75  1.00000
  23851     10.10   -15.70  1.00000
  23852     10.10   -15.65  1.00000
  23853     10.10   -15.60  1.00000
  23854     10.10   -15.55  1.00000
  23855     10.10   -15.50  1.00000
  23856     10.10   -15.45  1.00000
  23857     10.10   -15.40  1.00000
  23858     10.10   -15.35  1.00000
