# LRD Data from Krishna from Kocevski et al
# Survey: NGDEEP
# The value or p is taken to be 1 for now
# counter   z       M1450   p
  1         3.45    -20.70  1.00000
  2         3.45    -20.65  1.00000
  3         3.45    -20.60  1.00000
  4         3.45    -20.55  1.00000
  5         3.45    -20.50  1.00000
  6         3.45    -20.45  1.00000
  7         3.45    -20.40  1.00000
  8         3.45    -20.35  1.00000
  9         3.45    -20.30  1.00000
  10        3.45    -20.25  1.00000
  11        3.45    -20.20  1.00000
  12        3.45    -20.15  1.00000
  13        3.45    -20.10  1.00000
  14        3.45    -20.05  1.00000
  15        3.45    -20.00  1.00000
  16        3.45    -19.95  1.00000
  17        3.45    -19.90  1.00000
  18        3.45    -19.85  1.00000
  19        3.45    -19.80  1.00000
  20        3.45    -19.75  1.00000
  21        3.45    -19.70  1.00000
  22        3.45    -19.65  1.00000
  23        3.45    -19.60  1.00000
  24        3.45    -19.55  1.00000
  25        3.45    -19.50  1.00000
  26        3.45    -19.45  1.00000
  27        3.45    -19.40  1.00000
  28        3.45    -19.35  1.00000
  29        3.45    -19.30  1.00000
  30        3.45    -19.25  1.00000
  31        3.45    -19.20  1.00000
  32        3.45    -19.15  1.00000
  33        3.45    -19.10  1.00000
  34        3.45    -19.05  1.00000
  35        3.45    -19.00  1.00000
  36        3.45    -18.95  1.00000
  37        3.45    -18.90  1.00000
  38        3.45    -18.85  1.00000
  39        3.45    -18.80  1.00000
  40        3.45    -18.75  1.00000
  41        3.45    -18.70  1.00000
  42        3.45    -18.65  1.00000
  43        3.45    -18.60  1.00000
  44        3.45    -18.55  1.00000
  45        3.45    -18.50  1.00000
  46        3.45    -18.45  1.00000
  47        3.45    -18.40  1.00000
  48        3.45    -18.35  1.00000
  49        3.45    -18.30  1.00000
  50        3.45    -18.25  1.00000
  51        3.45    -18.20  1.00000
  52        3.45    -18.15  1.00000
  53        3.45    -18.10  1.00000
  54        3.45    -18.05  1.00000
  55        3.45    -18.00  1.00000
  56        3.45    -17.95  1.00000
  57        3.45    -17.90  1.00000
  58        3.45    -17.85  1.00000
  59        3.45    -17.80  1.00000
  60        3.45    -17.75  1.00000
  61        3.45    -17.70  1.00000
  62        3.45    -17.65  1.00000
  63        3.45    -17.60  1.00000
  64        3.45    -17.55  1.00000
  65        3.45    -17.50  1.00000
  66        3.45    -17.45  1.00000
  67        3.45    -17.40  1.00000
  68        3.45    -17.35  1.00000
  69        3.45    -17.30  1.00000
  70        3.45    -17.25  1.00000
  71        3.45    -17.20  1.00000
  72        3.45    -17.15  1.00000
  73        3.45    -17.10  1.00000
  74        3.45    -17.05  1.00000
  75        3.45    -17.00  1.00000
  76        3.45    -16.95  1.00000
  77        3.45    -16.90  1.00000
  78        3.45    -16.85  1.00000
  79        3.45    -16.80  1.00000
  80        3.45    -16.75  1.00000
  81        3.45    -16.70  1.00000
  82        3.45    -16.65  1.00000
  83        3.45    -16.60  1.00000
  84        3.45    -16.55  1.00000
  85        3.45    -16.50  1.00000
  86        3.45    -16.45  1.00000
  87        3.45    -16.40  1.00000
  88        3.45    -16.35  1.00000
  89        3.45    -16.30  1.00000
  90        3.45    -16.25  1.00000
  91        3.45    -16.20  1.00000
  92        3.45    -16.15  1.00000
  93        3.45    -16.10  1.00000
  94        3.45    -16.05  1.00000
  95        3.45    -16.00  1.00000
  96        3.45    -15.95  1.00000
  97        3.45    -15.90  1.00000
  98        3.45    -15.85  1.00000
  99        3.45    -15.80  1.00000
  100       3.45    -15.75  1.00000
  101       3.45    -15.70  1.00000
  102       3.45    -15.65  1.00000
  103       3.45    -15.60  1.00000
  104       3.45    -15.55  1.00000
  105       3.45    -15.50  1.00000
  106       3.45    -15.45  1.00000
  107       3.45    -15.40  1.00000
  108       3.45    -15.35  1.00000
  109       3.45    -15.30  1.00000
  110       3.45    -15.25  1.00000
  111       3.45    -15.20  1.00000
  112       3.45    -15.15  1.00000
  113       3.45    -15.10  1.00000
  114       3.45    -15.05  1.00000
  115       3.45    -15.00  1.00000
  116       3.45    -14.95  1.00000
  117       3.50    -20.70  1.00000
  118       3.50    -20.65  1.00000
  119       3.50    -20.60  1.00000
  120       3.50    -20.55  1.00000
  121       3.50    -20.50  1.00000
  122       3.50    -20.45  1.00000
  123       3.50    -20.40  1.00000
  124       3.50    -20.35  1.00000
  125       3.50    -20.30  1.00000
  126       3.50    -20.25  1.00000
  127       3.50    -20.20  1.00000
  128       3.50    -20.15  1.00000
  129       3.50    -20.10  1.00000
  130       3.50    -20.05  1.00000
  131       3.50    -20.00  1.00000
  132       3.50    -19.95  1.00000
  133       3.50    -19.90  1.00000
  134       3.50    -19.85  1.00000
  135       3.50    -19.80  1.00000
  136       3.50    -19.75  1.00000
  137       3.50    -19.70  1.00000
  138       3.50    -19.65  1.00000
  139       3.50    -19.60  1.00000
  140       3.50    -19.55  1.00000
  141       3.50    -19.50  1.00000
  142       3.50    -19.45  1.00000
  143       3.50    -19.40  1.00000
  144       3.50    -19.35  1.00000
  145       3.50    -19.30  1.00000
  146       3.50    -19.25  1.00000
  147       3.50    -19.20  1.00000
  148       3.50    -19.15  1.00000
  149       3.50    -19.10  1.00000
  150       3.50    -19.05  1.00000
  151       3.50    -19.00  1.00000
  152       3.50    -18.95  1.00000
  153       3.50    -18.90  1.00000
  154       3.50    -18.85  1.00000
  155       3.50    -18.80  1.00000
  156       3.50    -18.75  1.00000
  157       3.50    -18.70  1.00000
  158       3.50    -18.65  1.00000
  159       3.50    -18.60  1.00000
  160       3.50    -18.55  1.00000
  161       3.50    -18.50  1.00000
  162       3.50    -18.45  1.00000
  163       3.50    -18.40  1.00000
  164       3.50    -18.35  1.00000
  165       3.50    -18.30  1.00000
  166       3.50    -18.25  1.00000
  167       3.50    -18.20  1.00000
  168       3.50    -18.15  1.00000
  169       3.50    -18.10  1.00000
  170       3.50    -18.05  1.00000
  171       3.50    -18.00  1.00000
  172       3.50    -17.95  1.00000
  173       3.50    -17.90  1.00000
  174       3.50    -17.85  1.00000
  175       3.50    -17.80  1.00000
  176       3.50    -17.75  1.00000
  177       3.50    -17.70  1.00000
  178       3.50    -17.65  1.00000
  179       3.50    -17.60  1.00000
  180       3.50    -17.55  1.00000
  181       3.50    -17.50  1.00000
  182       3.50    -17.45  1.00000
  183       3.50    -17.40  1.00000
  184       3.50    -17.35  1.00000
  185       3.50    -17.30  1.00000
  186       3.50    -17.25  1.00000
  187       3.50    -17.20  1.00000
  188       3.50    -17.15  1.00000
  189       3.50    -17.10  1.00000
  190       3.50    -17.05  1.00000
  191       3.50    -17.00  1.00000
  192       3.50    -16.95  1.00000
  193       3.50    -16.90  1.00000
  194       3.50    -16.85  1.00000
  195       3.50    -16.80  1.00000
  196       3.50    -16.75  1.00000
  197       3.50    -16.70  1.00000
  198       3.50    -16.65  1.00000
  199       3.50    -16.60  1.00000
  200       3.50    -16.55  1.00000
  201       3.50    -16.50  1.00000
  202       3.50    -16.45  1.00000
  203       3.50    -16.40  1.00000
  204       3.50    -16.35  1.00000
  205       3.50    -16.30  1.00000
  206       3.50    -16.25  1.00000
  207       3.50    -16.20  1.00000
  208       3.50    -16.15  1.00000
  209       3.50    -16.10  1.00000
  210       3.50    -16.05  1.00000
  211       3.50    -16.00  1.00000
  212       3.50    -15.95  1.00000
  213       3.50    -15.90  1.00000
  214       3.50    -15.85  1.00000
  215       3.50    -15.80  1.00000
  216       3.50    -15.75  1.00000
  217       3.50    -15.70  1.00000
  218       3.50    -15.65  1.00000
  219       3.50    -15.60  1.00000
  220       3.50    -15.55  1.00000
  221       3.50    -15.50  1.00000
  222       3.50    -15.45  1.00000
  223       3.50    -15.40  1.00000
  224       3.50    -15.35  1.00000
  225       3.50    -15.30  1.00000
  226       3.50    -15.25  1.00000
  227       3.50    -15.20  1.00000
  228       3.50    -15.15  1.00000
  229       3.50    -15.10  1.00000
  230       3.50    -15.05  1.00000
  231       3.50    -15.00  1.00000
  232       3.50    -14.95  1.00000
  233       3.55    -20.70  1.00000
  234       3.55    -20.65  1.00000
  235       3.55    -20.60  1.00000
  236       3.55    -20.55  1.00000
  237       3.55    -20.50  1.00000
  238       3.55    -20.45  1.00000
  239       3.55    -20.40  1.00000
  240       3.55    -20.35  1.00000
  241       3.55    -20.30  1.00000
  242       3.55    -20.25  1.00000
  243       3.55    -20.20  1.00000
  244       3.55    -20.15  1.00000
  245       3.55    -20.10  1.00000
  246       3.55    -20.05  1.00000
  247       3.55    -20.00  1.00000
  248       3.55    -19.95  1.00000
  249       3.55    -19.90  1.00000
  250       3.55    -19.85  1.00000
  251       3.55    -19.80  1.00000
  252       3.55    -19.75  1.00000
  253       3.55    -19.70  1.00000
  254       3.55    -19.65  1.00000
  255       3.55    -19.60  1.00000
  256       3.55    -19.55  1.00000
  257       3.55    -19.50  1.00000
  258       3.55    -19.45  1.00000
  259       3.55    -19.40  1.00000
  260       3.55    -19.35  1.00000
  261       3.55    -19.30  1.00000
  262       3.55    -19.25  1.00000
  263       3.55    -19.20  1.00000
  264       3.55    -19.15  1.00000
  265       3.55    -19.10  1.00000
  266       3.55    -19.05  1.00000
  267       3.55    -19.00  1.00000
  268       3.55    -18.95  1.00000
  269       3.55    -18.90  1.00000
  270       3.55    -18.85  1.00000
  271       3.55    -18.80  1.00000
  272       3.55    -18.75  1.00000
  273       3.55    -18.70  1.00000
  274       3.55    -18.65  1.00000
  275       3.55    -18.60  1.00000
  276       3.55    -18.55  1.00000
  277       3.55    -18.50  1.00000
  278       3.55    -18.45  1.00000
  279       3.55    -18.40  1.00000
  280       3.55    -18.35  1.00000
  281       3.55    -18.30  1.00000
  282       3.55    -18.25  1.00000
  283       3.55    -18.20  1.00000
  284       3.55    -18.15  1.00000
  285       3.55    -18.10  1.00000
  286       3.55    -18.05  1.00000
  287       3.55    -18.00  1.00000
  288       3.55    -17.95  1.00000
  289       3.55    -17.90  1.00000
  290       3.55    -17.85  1.00000
  291       3.55    -17.80  1.00000
  292       3.55    -17.75  1.00000
  293       3.55    -17.70  1.00000
  294       3.55    -17.65  1.00000
  295       3.55    -17.60  1.00000
  296       3.55    -17.55  1.00000
  297       3.55    -17.50  1.00000
  298       3.55    -17.45  1.00000
  299       3.55    -17.40  1.00000
  300       3.55    -17.35  1.00000
  301       3.55    -17.30  1.00000
  302       3.55    -17.25  1.00000
  303       3.55    -17.20  1.00000
  304       3.55    -17.15  1.00000
  305       3.55    -17.10  1.00000
  306       3.55    -17.05  1.00000
  307       3.55    -17.00  1.00000
  308       3.55    -16.95  1.00000
  309       3.55    -16.90  1.00000
  310       3.55    -16.85  1.00000
  311       3.55    -16.80  1.00000
  312       3.55    -16.75  1.00000
  313       3.55    -16.70  1.00000
  314       3.55    -16.65  1.00000
  315       3.55    -16.60  1.00000
  316       3.55    -16.55  1.00000
  317       3.55    -16.50  1.00000
  318       3.55    -16.45  1.00000
  319       3.55    -16.40  1.00000
  320       3.55    -16.35  1.00000
  321       3.55    -16.30  1.00000
  322       3.55    -16.25  1.00000
  323       3.55    -16.20  1.00000
  324       3.55    -16.15  1.00000
  325       3.55    -16.10  1.00000
  326       3.55    -16.05  1.00000
  327       3.55    -16.00  1.00000
  328       3.55    -15.95  1.00000
  329       3.55    -15.90  1.00000
  330       3.55    -15.85  1.00000
  331       3.55    -15.80  1.00000
  332       3.55    -15.75  1.00000
  333       3.55    -15.70  1.00000
  334       3.55    -15.65  1.00000
  335       3.55    -15.60  1.00000
  336       3.55    -15.55  1.00000
  337       3.55    -15.50  1.00000
  338       3.55    -15.45  1.00000
  339       3.55    -15.40  1.00000
  340       3.55    -15.35  1.00000
  341       3.55    -15.30  1.00000
  342       3.55    -15.25  1.00000
  343       3.55    -15.20  1.00000
  344       3.55    -15.15  1.00000
  345       3.55    -15.10  1.00000
  346       3.55    -15.05  1.00000
  347       3.55    -15.00  1.00000
  348       3.55    -14.95  1.00000
  349       3.60    -20.70  1.00000
  350       3.60    -20.65  1.00000
  351       3.60    -20.60  1.00000
  352       3.60    -20.55  1.00000
  353       3.60    -20.50  1.00000
  354       3.60    -20.45  1.00000
  355       3.60    -20.40  1.00000
  356       3.60    -20.35  1.00000
  357       3.60    -20.30  1.00000
  358       3.60    -20.25  1.00000
  359       3.60    -20.20  1.00000
  360       3.60    -20.15  1.00000
  361       3.60    -20.10  1.00000
  362       3.60    -20.05  1.00000
  363       3.60    -20.00  1.00000
  364       3.60    -19.95  1.00000
  365       3.60    -19.90  1.00000
  366       3.60    -19.85  1.00000
  367       3.60    -19.80  1.00000
  368       3.60    -19.75  1.00000
  369       3.60    -19.70  1.00000
  370       3.60    -19.65  1.00000
  371       3.60    -19.60  1.00000
  372       3.60    -19.55  1.00000
  373       3.60    -19.50  1.00000
  374       3.60    -19.45  1.00000
  375       3.60    -19.40  1.00000
  376       3.60    -19.35  1.00000
  377       3.60    -19.30  1.00000
  378       3.60    -19.25  1.00000
  379       3.60    -19.20  1.00000
  380       3.60    -19.15  1.00000
  381       3.60    -19.10  1.00000
  382       3.60    -19.05  1.00000
  383       3.60    -19.00  1.00000
  384       3.60    -18.95  1.00000
  385       3.60    -18.90  1.00000
  386       3.60    -18.85  1.00000
  387       3.60    -18.80  1.00000
  388       3.60    -18.75  1.00000
  389       3.60    -18.70  1.00000
  390       3.60    -18.65  1.00000
  391       3.60    -18.60  1.00000
  392       3.60    -18.55  1.00000
  393       3.60    -18.50  1.00000
  394       3.60    -18.45  1.00000
  395       3.60    -18.40  1.00000
  396       3.60    -18.35  1.00000
  397       3.60    -18.30  1.00000
  398       3.60    -18.25  1.00000
  399       3.60    -18.20  1.00000
  400       3.60    -18.15  1.00000
  401       3.60    -18.10  1.00000
  402       3.60    -18.05  1.00000
  403       3.60    -18.00  1.00000
  404       3.60    -17.95  1.00000
  405       3.60    -17.90  1.00000
  406       3.60    -17.85  1.00000
  407       3.60    -17.80  1.00000
  408       3.60    -17.75  1.00000
  409       3.60    -17.70  1.00000
  410       3.60    -17.65  1.00000
  411       3.60    -17.60  1.00000
  412       3.60    -17.55  1.00000
  413       3.60    -17.50  1.00000
  414       3.60    -17.45  1.00000
  415       3.60    -17.40  1.00000
  416       3.60    -17.35  1.00000
  417       3.60    -17.30  1.00000
  418       3.60    -17.25  1.00000
  419       3.60    -17.20  1.00000
  420       3.60    -17.15  1.00000
  421       3.60    -17.10  1.00000
  422       3.60    -17.05  1.00000
  423       3.60    -17.00  1.00000
  424       3.60    -16.95  1.00000
  425       3.60    -16.90  1.00000
  426       3.60    -16.85  1.00000
  427       3.60    -16.80  1.00000
  428       3.60    -16.75  1.00000
  429       3.60    -16.70  1.00000
  430       3.60    -16.65  1.00000
  431       3.60    -16.60  1.00000
  432       3.60    -16.55  1.00000
  433       3.60    -16.50  1.00000
  434       3.60    -16.45  1.00000
  435       3.60    -16.40  1.00000
  436       3.60    -16.35  1.00000
  437       3.60    -16.30  1.00000
  438       3.60    -16.25  1.00000
  439       3.60    -16.20  1.00000
  440       3.60    -16.15  1.00000
  441       3.60    -16.10  1.00000
  442       3.60    -16.05  1.00000
  443       3.60    -16.00  1.00000
  444       3.60    -15.95  1.00000
  445       3.60    -15.90  1.00000
  446       3.60    -15.85  1.00000
  447       3.60    -15.80  1.00000
  448       3.60    -15.75  1.00000
  449       3.60    -15.70  1.00000
  450       3.60    -15.65  1.00000
  451       3.60    -15.60  1.00000
  452       3.60    -15.55  1.00000
  453       3.60    -15.50  1.00000
  454       3.60    -15.45  1.00000
  455       3.60    -15.40  1.00000
  456       3.60    -15.35  1.00000
  457       3.60    -15.30  1.00000
  458       3.60    -15.25  1.00000
  459       3.60    -15.20  1.00000
  460       3.60    -15.15  1.00000
  461       3.60    -15.10  1.00000
  462       3.60    -15.05  1.00000
  463       3.60    -15.00  1.00000
  464       3.60    -14.95  1.00000
  465       3.65    -20.70  1.00000
  466       3.65    -20.65  1.00000
  467       3.65    -20.60  1.00000
  468       3.65    -20.55  1.00000
  469       3.65    -20.50  1.00000
  470       3.65    -20.45  1.00000
  471       3.65    -20.40  1.00000
  472       3.65    -20.35  1.00000
  473       3.65    -20.30  1.00000
  474       3.65    -20.25  1.00000
  475       3.65    -20.20  1.00000
  476       3.65    -20.15  1.00000
  477       3.65    -20.10  1.00000
  478       3.65    -20.05  1.00000
  479       3.65    -20.00  1.00000
  480       3.65    -19.95  1.00000
  481       3.65    -19.90  1.00000
  482       3.65    -19.85  1.00000
  483       3.65    -19.80  1.00000
  484       3.65    -19.75  1.00000
  485       3.65    -19.70  1.00000
  486       3.65    -19.65  1.00000
  487       3.65    -19.60  1.00000
  488       3.65    -19.55  1.00000
  489       3.65    -19.50  1.00000
  490       3.65    -19.45  1.00000
  491       3.65    -19.40  1.00000
  492       3.65    -19.35  1.00000
  493       3.65    -19.30  1.00000
  494       3.65    -19.25  1.00000
  495       3.65    -19.20  1.00000
  496       3.65    -19.15  1.00000
  497       3.65    -19.10  1.00000
  498       3.65    -19.05  1.00000
  499       3.65    -19.00  1.00000
  500       3.65    -18.95  1.00000
  501       3.65    -18.90  1.00000
  502       3.65    -18.85  1.00000
  503       3.65    -18.80  1.00000
  504       3.65    -18.75  1.00000
  505       3.65    -18.70  1.00000
  506       3.65    -18.65  1.00000
  507       3.65    -18.60  1.00000
  508       3.65    -18.55  1.00000
  509       3.65    -18.50  1.00000
  510       3.65    -18.45  1.00000
  511       3.65    -18.40  1.00000
  512       3.65    -18.35  1.00000
  513       3.65    -18.30  1.00000
  514       3.65    -18.25  1.00000
  515       3.65    -18.20  1.00000
  516       3.65    -18.15  1.00000
  517       3.65    -18.10  1.00000
  518       3.65    -18.05  1.00000
  519       3.65    -18.00  1.00000
  520       3.65    -17.95  1.00000
  521       3.65    -17.90  1.00000
  522       3.65    -17.85  1.00000
  523       3.65    -17.80  1.00000
  524       3.65    -17.75  1.00000
  525       3.65    -17.70  1.00000
  526       3.65    -17.65  1.00000
  527       3.65    -17.60  1.00000
  528       3.65    -17.55  1.00000
  529       3.65    -17.50  1.00000
  530       3.65    -17.45  1.00000
  531       3.65    -17.40  1.00000
  532       3.65    -17.35  1.00000
  533       3.65    -17.30  1.00000
  534       3.65    -17.25  1.00000
  535       3.65    -17.20  1.00000
  536       3.65    -17.15  1.00000
  537       3.65    -17.10  1.00000
  538       3.65    -17.05  1.00000
  539       3.65    -17.00  1.00000
  540       3.65    -16.95  1.00000
  541       3.65    -16.90  1.00000
  542       3.65    -16.85  1.00000
  543       3.65    -16.80  1.00000
  544       3.65    -16.75  1.00000
  545       3.65    -16.70  1.00000
  546       3.65    -16.65  1.00000
  547       3.65    -16.60  1.00000
  548       3.65    -16.55  1.00000
  549       3.65    -16.50  1.00000
  550       3.65    -16.45  1.00000
  551       3.65    -16.40  1.00000
  552       3.65    -16.35  1.00000
  553       3.65    -16.30  1.00000
  554       3.65    -16.25  1.00000
  555       3.65    -16.20  1.00000
  556       3.65    -16.15  1.00000
  557       3.65    -16.10  1.00000
  558       3.65    -16.05  1.00000
  559       3.65    -16.00  1.00000
  560       3.65    -15.95  1.00000
  561       3.65    -15.90  1.00000
  562       3.65    -15.85  1.00000
  563       3.65    -15.80  1.00000
  564       3.65    -15.75  1.00000
  565       3.65    -15.70  1.00000
  566       3.65    -15.65  1.00000
  567       3.65    -15.60  1.00000
  568       3.65    -15.55  1.00000
  569       3.65    -15.50  1.00000
  570       3.65    -15.45  1.00000
  571       3.65    -15.40  1.00000
  572       3.65    -15.35  1.00000
  573       3.65    -15.30  1.00000
  574       3.65    -15.25  1.00000
  575       3.65    -15.20  1.00000
  576       3.65    -15.15  1.00000
  577       3.65    -15.10  1.00000
  578       3.65    -15.05  1.00000
  579       3.65    -15.00  1.00000
  580       3.65    -14.95  1.00000
  581       3.70    -20.70  1.00000
  582       3.70    -20.65  1.00000
  583       3.70    -20.60  1.00000
  584       3.70    -20.55  1.00000
  585       3.70    -20.50  1.00000
  586       3.70    -20.45  1.00000
  587       3.70    -20.40  1.00000
  588       3.70    -20.35  1.00000
  589       3.70    -20.30  1.00000
  590       3.70    -20.25  1.00000
  591       3.70    -20.20  1.00000
  592       3.70    -20.15  1.00000
  593       3.70    -20.10  1.00000
  594       3.70    -20.05  1.00000
  595       3.70    -20.00  1.00000
  596       3.70    -19.95  1.00000
  597       3.70    -19.90  1.00000
  598       3.70    -19.85  1.00000
  599       3.70    -19.80  1.00000
  600       3.70    -19.75  1.00000
  601       3.70    -19.70  1.00000
  602       3.70    -19.65  1.00000
  603       3.70    -19.60  1.00000
  604       3.70    -19.55  1.00000
  605       3.70    -19.50  1.00000
  606       3.70    -19.45  1.00000
  607       3.70    -19.40  1.00000
  608       3.70    -19.35  1.00000
  609       3.70    -19.30  1.00000
  610       3.70    -19.25  1.00000
  611       3.70    -19.20  1.00000
  612       3.70    -19.15  1.00000
  613       3.70    -19.10  1.00000
  614       3.70    -19.05  1.00000
  615       3.70    -19.00  1.00000
  616       3.70    -18.95  1.00000
  617       3.70    -18.90  1.00000
  618       3.70    -18.85  1.00000
  619       3.70    -18.80  1.00000
  620       3.70    -18.75  1.00000
  621       3.70    -18.70  1.00000
  622       3.70    -18.65  1.00000
  623       3.70    -18.60  1.00000
  624       3.70    -18.55  1.00000
  625       3.70    -18.50  1.00000
  626       3.70    -18.45  1.00000
  627       3.70    -18.40  1.00000
  628       3.70    -18.35  1.00000
  629       3.70    -18.30  1.00000
  630       3.70    -18.25  1.00000
  631       3.70    -18.20  1.00000
  632       3.70    -18.15  1.00000
  633       3.70    -18.10  1.00000
  634       3.70    -18.05  1.00000
  635       3.70    -18.00  1.00000
  636       3.70    -17.95  1.00000
  637       3.70    -17.90  1.00000
  638       3.70    -17.85  1.00000
  639       3.70    -17.80  1.00000
  640       3.70    -17.75  1.00000
  641       3.70    -17.70  1.00000
  642       3.70    -17.65  1.00000
  643       3.70    -17.60  1.00000
  644       3.70    -17.55  1.00000
  645       3.70    -17.50  1.00000
  646       3.70    -17.45  1.00000
  647       3.70    -17.40  1.00000
  648       3.70    -17.35  1.00000
  649       3.70    -17.30  1.00000
  650       3.70    -17.25  1.00000
  651       3.70    -17.20  1.00000
  652       3.70    -17.15  1.00000
  653       3.70    -17.10  1.00000
  654       3.70    -17.05  1.00000
  655       3.70    -17.00  1.00000
  656       3.70    -16.95  1.00000
  657       3.70    -16.90  1.00000
  658       3.70    -16.85  1.00000
  659       3.70    -16.80  1.00000
  660       3.70    -16.75  1.00000
  661       3.70    -16.70  1.00000
  662       3.70    -16.65  1.00000
  663       3.70    -16.60  1.00000
  664       3.70    -16.55  1.00000
  665       3.70    -16.50  1.00000
  666       3.70    -16.45  1.00000
  667       3.70    -16.40  1.00000
  668       3.70    -16.35  1.00000
  669       3.70    -16.30  1.00000
  670       3.70    -16.25  1.00000
  671       3.70    -16.20  1.00000
  672       3.70    -16.15  1.00000
  673       3.70    -16.10  1.00000
  674       3.70    -16.05  1.00000
  675       3.70    -16.00  1.00000
  676       3.70    -15.95  1.00000
  677       3.70    -15.90  1.00000
  678       3.70    -15.85  1.00000
  679       3.70    -15.80  1.00000
  680       3.70    -15.75  1.00000
  681       3.70    -15.70  1.00000
  682       3.70    -15.65  1.00000
  683       3.70    -15.60  1.00000
  684       3.70    -15.55  1.00000
  685       3.70    -15.50  1.00000
  686       3.70    -15.45  1.00000
  687       3.70    -15.40  1.00000
  688       3.70    -15.35  1.00000
  689       3.70    -15.30  1.00000
  690       3.70    -15.25  1.00000
  691       3.70    -15.20  1.00000
  692       3.70    -15.15  1.00000
  693       3.70    -15.10  1.00000
  694       3.70    -15.05  1.00000
  695       3.70    -15.00  1.00000
  696       3.70    -14.95  1.00000
  697       3.75    -20.70  1.00000
  698       3.75    -20.65  1.00000
  699       3.75    -20.60  1.00000
  700       3.75    -20.55  1.00000
  701       3.75    -20.50  1.00000
  702       3.75    -20.45  1.00000
  703       3.75    -20.40  1.00000
  704       3.75    -20.35  1.00000
  705       3.75    -20.30  1.00000
  706       3.75    -20.25  1.00000
  707       3.75    -20.20  1.00000
  708       3.75    -20.15  1.00000
  709       3.75    -20.10  1.00000
  710       3.75    -20.05  1.00000
  711       3.75    -20.00  1.00000
  712       3.75    -19.95  1.00000
  713       3.75    -19.90  1.00000
  714       3.75    -19.85  1.00000
  715       3.75    -19.80  1.00000
  716       3.75    -19.75  1.00000
  717       3.75    -19.70  1.00000
  718       3.75    -19.65  1.00000
  719       3.75    -19.60  1.00000
  720       3.75    -19.55  1.00000
  721       3.75    -19.50  1.00000
  722       3.75    -19.45  1.00000
  723       3.75    -19.40  1.00000
  724       3.75    -19.35  1.00000
  725       3.75    -19.30  1.00000
  726       3.75    -19.25  1.00000
  727       3.75    -19.20  1.00000
  728       3.75    -19.15  1.00000
  729       3.75    -19.10  1.00000
  730       3.75    -19.05  1.00000
  731       3.75    -19.00  1.00000
  732       3.75    -18.95  1.00000
  733       3.75    -18.90  1.00000
  734       3.75    -18.85  1.00000
  735       3.75    -18.80  1.00000
  736       3.75    -18.75  1.00000
  737       3.75    -18.70  1.00000
  738       3.75    -18.65  1.00000
  739       3.75    -18.60  1.00000
  740       3.75    -18.55  1.00000
  741       3.75    -18.50  1.00000
  742       3.75    -18.45  1.00000
  743       3.75    -18.40  1.00000
  744       3.75    -18.35  1.00000
  745       3.75    -18.30  1.00000
  746       3.75    -18.25  1.00000
  747       3.75    -18.20  1.00000
  748       3.75    -18.15  1.00000
  749       3.75    -18.10  1.00000
  750       3.75    -18.05  1.00000
  751       3.75    -18.00  1.00000
  752       3.75    -17.95  1.00000
  753       3.75    -17.90  1.00000
  754       3.75    -17.85  1.00000
  755       3.75    -17.80  1.00000
  756       3.75    -17.75  1.00000
  757       3.75    -17.70  1.00000
  758       3.75    -17.65  1.00000
  759       3.75    -17.60  1.00000
  760       3.75    -17.55  1.00000
  761       3.75    -17.50  1.00000
  762       3.75    -17.45  1.00000
  763       3.75    -17.40  1.00000
  764       3.75    -17.35  1.00000
  765       3.75    -17.30  1.00000
  766       3.75    -17.25  1.00000
  767       3.75    -17.20  1.00000
  768       3.75    -17.15  1.00000
  769       3.75    -17.10  1.00000
  770       3.75    -17.05  1.00000
  771       3.75    -17.00  1.00000
  772       3.75    -16.95  1.00000
  773       3.75    -16.90  1.00000
  774       3.75    -16.85  1.00000
  775       3.75    -16.80  1.00000
  776       3.75    -16.75  1.00000
  777       3.75    -16.70  1.00000
  778       3.75    -16.65  1.00000
  779       3.75    -16.60  1.00000
  780       3.75    -16.55  1.00000
  781       3.75    -16.50  1.00000
  782       3.75    -16.45  1.00000
  783       3.75    -16.40  1.00000
  784       3.75    -16.35  1.00000
  785       3.75    -16.30  1.00000
  786       3.75    -16.25  1.00000
  787       3.75    -16.20  1.00000
  788       3.75    -16.15  1.00000
  789       3.75    -16.10  1.00000
  790       3.75    -16.05  1.00000
  791       3.75    -16.00  1.00000
  792       3.75    -15.95  1.00000
  793       3.75    -15.90  1.00000
  794       3.75    -15.85  1.00000
  795       3.75    -15.80  1.00000
  796       3.75    -15.75  1.00000
  797       3.75    -15.70  1.00000
  798       3.75    -15.65  1.00000
  799       3.75    -15.60  1.00000
  800       3.75    -15.55  1.00000
  801       3.75    -15.50  1.00000
  802       3.75    -15.45  1.00000
  803       3.75    -15.40  1.00000
  804       3.75    -15.35  1.00000
  805       3.75    -15.30  1.00000
  806       3.75    -15.25  1.00000
  807       3.75    -15.20  1.00000
  808       3.75    -15.15  1.00000
  809       3.75    -15.10  1.00000
  810       3.75    -15.05  1.00000
  811       3.75    -15.00  1.00000
  812       3.75    -14.95  1.00000
  813       3.80    -20.70  1.00000
  814       3.80    -20.65  1.00000
  815       3.80    -20.60  1.00000
  816       3.80    -20.55  1.00000
  817       3.80    -20.50  1.00000
  818       3.80    -20.45  1.00000
  819       3.80    -20.40  1.00000
  820       3.80    -20.35  1.00000
  821       3.80    -20.30  1.00000
  822       3.80    -20.25  1.00000
  823       3.80    -20.20  1.00000
  824       3.80    -20.15  1.00000
  825       3.80    -20.10  1.00000
  826       3.80    -20.05  1.00000
  827       3.80    -20.00  1.00000
  828       3.80    -19.95  1.00000
  829       3.80    -19.90  1.00000
  830       3.80    -19.85  1.00000
  831       3.80    -19.80  1.00000
  832       3.80    -19.75  1.00000
  833       3.80    -19.70  1.00000
  834       3.80    -19.65  1.00000
  835       3.80    -19.60  1.00000
  836       3.80    -19.55  1.00000
  837       3.80    -19.50  1.00000
  838       3.80    -19.45  1.00000
  839       3.80    -19.40  1.00000
  840       3.80    -19.35  1.00000
  841       3.80    -19.30  1.00000
  842       3.80    -19.25  1.00000
  843       3.80    -19.20  1.00000
  844       3.80    -19.15  1.00000
  845       3.80    -19.10  1.00000
  846       3.80    -19.05  1.00000
  847       3.80    -19.00  1.00000
  848       3.80    -18.95  1.00000
  849       3.80    -18.90  1.00000
  850       3.80    -18.85  1.00000
  851       3.80    -18.80  1.00000
  852       3.80    -18.75  1.00000
  853       3.80    -18.70  1.00000
  854       3.80    -18.65  1.00000
  855       3.80    -18.60  1.00000
  856       3.80    -18.55  1.00000
  857       3.80    -18.50  1.00000
  858       3.80    -18.45  1.00000
  859       3.80    -18.40  1.00000
  860       3.80    -18.35  1.00000
  861       3.80    -18.30  1.00000
  862       3.80    -18.25  1.00000
  863       3.80    -18.20  1.00000
  864       3.80    -18.15  1.00000
  865       3.80    -18.10  1.00000
  866       3.80    -18.05  1.00000
  867       3.80    -18.00  1.00000
  868       3.80    -17.95  1.00000
  869       3.80    -17.90  1.00000
  870       3.80    -17.85  1.00000
  871       3.80    -17.80  1.00000
  872       3.80    -17.75  1.00000
  873       3.80    -17.70  1.00000
  874       3.80    -17.65  1.00000
  875       3.80    -17.60  1.00000
  876       3.80    -17.55  1.00000
  877       3.80    -17.50  1.00000
  878       3.80    -17.45  1.00000
  879       3.80    -17.40  1.00000
  880       3.80    -17.35  1.00000
  881       3.80    -17.30  1.00000
  882       3.80    -17.25  1.00000
  883       3.80    -17.20  1.00000
  884       3.80    -17.15  1.00000
  885       3.80    -17.10  1.00000
  886       3.80    -17.05  1.00000
  887       3.80    -17.00  1.00000
  888       3.80    -16.95  1.00000
  889       3.80    -16.90  1.00000
  890       3.80    -16.85  1.00000
  891       3.80    -16.80  1.00000
  892       3.80    -16.75  1.00000
  893       3.80    -16.70  1.00000
  894       3.80    -16.65  1.00000
  895       3.80    -16.60  1.00000
  896       3.80    -16.55  1.00000
  897       3.80    -16.50  1.00000
  898       3.80    -16.45  1.00000
  899       3.80    -16.40  1.00000
  900       3.80    -16.35  1.00000
  901       3.80    -16.30  1.00000
  902       3.80    -16.25  1.00000
  903       3.80    -16.20  1.00000
  904       3.80    -16.15  1.00000
  905       3.80    -16.10  1.00000
  906       3.80    -16.05  1.00000
  907       3.80    -16.00  1.00000
  908       3.80    -15.95  1.00000
  909       3.80    -15.90  1.00000
  910       3.80    -15.85  1.00000
  911       3.80    -15.80  1.00000
  912       3.80    -15.75  1.00000
  913       3.80    -15.70  1.00000
  914       3.80    -15.65  1.00000
  915       3.80    -15.60  1.00000
  916       3.80    -15.55  1.00000
  917       3.80    -15.50  1.00000
  918       3.80    -15.45  1.00000
  919       3.80    -15.40  1.00000
  920       3.80    -15.35  1.00000
  921       3.80    -15.30  1.00000
  922       3.80    -15.25  1.00000
  923       3.80    -15.20  1.00000
  924       3.80    -15.15  1.00000
  925       3.80    -15.10  1.00000
  926       3.80    -15.05  1.00000
  927       3.80    -15.00  1.00000
  928       3.80    -14.95  1.00000
  929       3.85    -20.70  1.00000
  930       3.85    -20.65  1.00000
  931       3.85    -20.60  1.00000
  932       3.85    -20.55  1.00000
  933       3.85    -20.50  1.00000
  934       3.85    -20.45  1.00000
  935       3.85    -20.40  1.00000
  936       3.85    -20.35  1.00000
  937       3.85    -20.30  1.00000
  938       3.85    -20.25  1.00000
  939       3.85    -20.20  1.00000
  940       3.85    -20.15  1.00000
  941       3.85    -20.10  1.00000
  942       3.85    -20.05  1.00000
  943       3.85    -20.00  1.00000
  944       3.85    -19.95  1.00000
  945       3.85    -19.90  1.00000
  946       3.85    -19.85  1.00000
  947       3.85    -19.80  1.00000
  948       3.85    -19.75  1.00000
  949       3.85    -19.70  1.00000
  950       3.85    -19.65  1.00000
  951       3.85    -19.60  1.00000
  952       3.85    -19.55  1.00000
  953       3.85    -19.50  1.00000
  954       3.85    -19.45  1.00000
  955       3.85    -19.40  1.00000
  956       3.85    -19.35  1.00000
  957       3.85    -19.30  1.00000
  958       3.85    -19.25  1.00000
  959       3.85    -19.20  1.00000
  960       3.85    -19.15  1.00000
  961       3.85    -19.10  1.00000
  962       3.85    -19.05  1.00000
  963       3.85    -19.00  1.00000
  964       3.85    -18.95  1.00000
  965       3.85    -18.90  1.00000
  966       3.85    -18.85  1.00000
  967       3.85    -18.80  1.00000
  968       3.85    -18.75  1.00000
  969       3.85    -18.70  1.00000
  970       3.85    -18.65  1.00000
  971       3.85    -18.60  1.00000
  972       3.85    -18.55  1.00000
  973       3.85    -18.50  1.00000
  974       3.85    -18.45  1.00000
  975       3.85    -18.40  1.00000
  976       3.85    -18.35  1.00000
  977       3.85    -18.30  1.00000
  978       3.85    -18.25  1.00000
  979       3.85    -18.20  1.00000
  980       3.85    -18.15  1.00000
  981       3.85    -18.10  1.00000
  982       3.85    -18.05  1.00000
  983       3.85    -18.00  1.00000
  984       3.85    -17.95  1.00000
  985       3.85    -17.90  1.00000
  986       3.85    -17.85  1.00000
  987       3.85    -17.80  1.00000
  988       3.85    -17.75  1.00000
  989       3.85    -17.70  1.00000
  990       3.85    -17.65  1.00000
  991       3.85    -17.60  1.00000
  992       3.85    -17.55  1.00000
  993       3.85    -17.50  1.00000
  994       3.85    -17.45  1.00000
  995       3.85    -17.40  1.00000
  996       3.85    -17.35  1.00000
  997       3.85    -17.30  1.00000
  998       3.85    -17.25  1.00000
  999       3.85    -17.20  1.00000
  1000      3.85    -17.15  1.00000
  1001      3.85    -17.10  1.00000
  1002      3.85    -17.05  1.00000
  1003      3.85    -17.00  1.00000
  1004      3.85    -16.95  1.00000
  1005      3.85    -16.90  1.00000
  1006      3.85    -16.85  1.00000
  1007      3.85    -16.80  1.00000
  1008      3.85    -16.75  1.00000
  1009      3.85    -16.70  1.00000
  1010      3.85    -16.65  1.00000
  1011      3.85    -16.60  1.00000
  1012      3.85    -16.55  1.00000
  1013      3.85    -16.50  1.00000
  1014      3.85    -16.45  1.00000
  1015      3.85    -16.40  1.00000
  1016      3.85    -16.35  1.00000
  1017      3.85    -16.30  1.00000
  1018      3.85    -16.25  1.00000
  1019      3.85    -16.20  1.00000
  1020      3.85    -16.15  1.00000
  1021      3.85    -16.10  1.00000
  1022      3.85    -16.05  1.00000
  1023      3.85    -16.00  1.00000
  1024      3.85    -15.95  1.00000
  1025      3.85    -15.90  1.00000
  1026      3.85    -15.85  1.00000
  1027      3.85    -15.80  1.00000
  1028      3.85    -15.75  1.00000
  1029      3.85    -15.70  1.00000
  1030      3.85    -15.65  1.00000
  1031      3.85    -15.60  1.00000
  1032      3.85    -15.55  1.00000
  1033      3.85    -15.50  1.00000
  1034      3.85    -15.45  1.00000
  1035      3.85    -15.40  1.00000
  1036      3.85    -15.35  1.00000
  1037      3.85    -15.30  1.00000
  1038      3.85    -15.25  1.00000
  1039      3.85    -15.20  1.00000
  1040      3.85    -15.15  1.00000
  1041      3.85    -15.10  1.00000
  1042      3.85    -15.05  1.00000
  1043      3.85    -15.00  1.00000
  1044      3.85    -14.95  1.00000
  1045      3.90    -20.70  1.00000
  1046      3.90    -20.65  1.00000
  1047      3.90    -20.60  1.00000
  1048      3.90    -20.55  1.00000
  1049      3.90    -20.50  1.00000
  1050      3.90    -20.45  1.00000
  1051      3.90    -20.40  1.00000
  1052      3.90    -20.35  1.00000
  1053      3.90    -20.30  1.00000
  1054      3.90    -20.25  1.00000
  1055      3.90    -20.20  1.00000
  1056      3.90    -20.15  1.00000
  1057      3.90    -20.10  1.00000
  1058      3.90    -20.05  1.00000
  1059      3.90    -20.00  1.00000
  1060      3.90    -19.95  1.00000
  1061      3.90    -19.90  1.00000
  1062      3.90    -19.85  1.00000
  1063      3.90    -19.80  1.00000
  1064      3.90    -19.75  1.00000
  1065      3.90    -19.70  1.00000
  1066      3.90    -19.65  1.00000
  1067      3.90    -19.60  1.00000
  1068      3.90    -19.55  1.00000
  1069      3.90    -19.50  1.00000
  1070      3.90    -19.45  1.00000
  1071      3.90    -19.40  1.00000
  1072      3.90    -19.35  1.00000
  1073      3.90    -19.30  1.00000
  1074      3.90    -19.25  1.00000
  1075      3.90    -19.20  1.00000
  1076      3.90    -19.15  1.00000
  1077      3.90    -19.10  1.00000
  1078      3.90    -19.05  1.00000
  1079      3.90    -19.00  1.00000
  1080      3.90    -18.95  1.00000
  1081      3.90    -18.90  1.00000
  1082      3.90    -18.85  1.00000
  1083      3.90    -18.80  1.00000
  1084      3.90    -18.75  1.00000
  1085      3.90    -18.70  1.00000
  1086      3.90    -18.65  1.00000
  1087      3.90    -18.60  1.00000
  1088      3.90    -18.55  1.00000
  1089      3.90    -18.50  1.00000
  1090      3.90    -18.45  1.00000
  1091      3.90    -18.40  1.00000
  1092      3.90    -18.35  1.00000
  1093      3.90    -18.30  1.00000
  1094      3.90    -18.25  1.00000
  1095      3.90    -18.20  1.00000
  1096      3.90    -18.15  1.00000
  1097      3.90    -18.10  1.00000
  1098      3.90    -18.05  1.00000
  1099      3.90    -18.00  1.00000
  1100      3.90    -17.95  1.00000
  1101      3.90    -17.90  1.00000
  1102      3.90    -17.85  1.00000
  1103      3.90    -17.80  1.00000
  1104      3.90    -17.75  1.00000
  1105      3.90    -17.70  1.00000
  1106      3.90    -17.65  1.00000
  1107      3.90    -17.60  1.00000
  1108      3.90    -17.55  1.00000
  1109      3.90    -17.50  1.00000
  1110      3.90    -17.45  1.00000
  1111      3.90    -17.40  1.00000
  1112      3.90    -17.35  1.00000
  1113      3.90    -17.30  1.00000
  1114      3.90    -17.25  1.00000
  1115      3.90    -17.20  1.00000
  1116      3.90    -17.15  1.00000
  1117      3.90    -17.10  1.00000
  1118      3.90    -17.05  1.00000
  1119      3.90    -17.00  1.00000
  1120      3.90    -16.95  1.00000
  1121      3.90    -16.90  1.00000
  1122      3.90    -16.85  1.00000
  1123      3.90    -16.80  1.00000
  1124      3.90    -16.75  1.00000
  1125      3.90    -16.70  1.00000
  1126      3.90    -16.65  1.00000
  1127      3.90    -16.60  1.00000
  1128      3.90    -16.55  1.00000
  1129      3.90    -16.50  1.00000
  1130      3.90    -16.45  1.00000
  1131      3.90    -16.40  1.00000
  1132      3.90    -16.35  1.00000
  1133      3.90    -16.30  1.00000
  1134      3.90    -16.25  1.00000
  1135      3.90    -16.20  1.00000
  1136      3.90    -16.15  1.00000
  1137      3.90    -16.10  1.00000
  1138      3.90    -16.05  1.00000
  1139      3.90    -16.00  1.00000
  1140      3.90    -15.95  1.00000
  1141      3.90    -15.90  1.00000
  1142      3.90    -15.85  1.00000
  1143      3.90    -15.80  1.00000
  1144      3.90    -15.75  1.00000
  1145      3.90    -15.70  1.00000
  1146      3.90    -15.65  1.00000
  1147      3.90    -15.60  1.00000
  1148      3.90    -15.55  1.00000
  1149      3.90    -15.50  1.00000
  1150      3.90    -15.45  1.00000
  1151      3.90    -15.40  1.00000
  1152      3.90    -15.35  1.00000
  1153      3.90    -15.30  1.00000
  1154      3.90    -15.25  1.00000
  1155      3.90    -15.20  1.00000
  1156      3.90    -15.15  1.00000
  1157      3.90    -15.10  1.00000
  1158      3.90    -15.05  1.00000
  1159      3.90    -15.00  1.00000
  1160      3.90    -14.95  1.00000
  1161      3.95    -20.70  1.00000
  1162      3.95    -20.65  1.00000
  1163      3.95    -20.60  1.00000
  1164      3.95    -20.55  1.00000
  1165      3.95    -20.50  1.00000
  1166      3.95    -20.45  1.00000
  1167      3.95    -20.40  1.00000
  1168      3.95    -20.35  1.00000
  1169      3.95    -20.30  1.00000
  1170      3.95    -20.25  1.00000
  1171      3.95    -20.20  1.00000
  1172      3.95    -20.15  1.00000
  1173      3.95    -20.10  1.00000
  1174      3.95    -20.05  1.00000
  1175      3.95    -20.00  1.00000
  1176      3.95    -19.95  1.00000
  1177      3.95    -19.90  1.00000
  1178      3.95    -19.85  1.00000
  1179      3.95    -19.80  1.00000
  1180      3.95    -19.75  1.00000
  1181      3.95    -19.70  1.00000
  1182      3.95    -19.65  1.00000
  1183      3.95    -19.60  1.00000
  1184      3.95    -19.55  1.00000
  1185      3.95    -19.50  1.00000
  1186      3.95    -19.45  1.00000
  1187      3.95    -19.40  1.00000
  1188      3.95    -19.35  1.00000
  1189      3.95    -19.30  1.00000
  1190      3.95    -19.25  1.00000
  1191      3.95    -19.20  1.00000
  1192      3.95    -19.15  1.00000
  1193      3.95    -19.10  1.00000
  1194      3.95    -19.05  1.00000
  1195      3.95    -19.00  1.00000
  1196      3.95    -18.95  1.00000
  1197      3.95    -18.90  1.00000
  1198      3.95    -18.85  1.00000
  1199      3.95    -18.80  1.00000
  1200      3.95    -18.75  1.00000
  1201      3.95    -18.70  1.00000
  1202      3.95    -18.65  1.00000
  1203      3.95    -18.60  1.00000
  1204      3.95    -18.55  1.00000
  1205      3.95    -18.50  1.00000
  1206      3.95    -18.45  1.00000
  1207      3.95    -18.40  1.00000
  1208      3.95    -18.35  1.00000
  1209      3.95    -18.30  1.00000
  1210      3.95    -18.25  1.00000
  1211      3.95    -18.20  1.00000
  1212      3.95    -18.15  1.00000
  1213      3.95    -18.10  1.00000
  1214      3.95    -18.05  1.00000
  1215      3.95    -18.00  1.00000
  1216      3.95    -17.95  1.00000
  1217      3.95    -17.90  1.00000
  1218      3.95    -17.85  1.00000
  1219      3.95    -17.80  1.00000
  1220      3.95    -17.75  1.00000
  1221      3.95    -17.70  1.00000
  1222      3.95    -17.65  1.00000
  1223      3.95    -17.60  1.00000
  1224      3.95    -17.55  1.00000
  1225      3.95    -17.50  1.00000
  1226      3.95    -17.45  1.00000
  1227      3.95    -17.40  1.00000
  1228      3.95    -17.35  1.00000
  1229      3.95    -17.30  1.00000
  1230      3.95    -17.25  1.00000
  1231      3.95    -17.20  1.00000
  1232      3.95    -17.15  1.00000
  1233      3.95    -17.10  1.00000
  1234      3.95    -17.05  1.00000
  1235      3.95    -17.00  1.00000
  1236      3.95    -16.95  1.00000
  1237      3.95    -16.90  1.00000
  1238      3.95    -16.85  1.00000
  1239      3.95    -16.80  1.00000
  1240      3.95    -16.75  1.00000
  1241      3.95    -16.70  1.00000
  1242      3.95    -16.65  1.00000
  1243      3.95    -16.60  1.00000
  1244      3.95    -16.55  1.00000
  1245      3.95    -16.50  1.00000
  1246      3.95    -16.45  1.00000
  1247      3.95    -16.40  1.00000
  1248      3.95    -16.35  1.00000
  1249      3.95    -16.30  1.00000
  1250      3.95    -16.25  1.00000
  1251      3.95    -16.20  1.00000
  1252      3.95    -16.15  1.00000
  1253      3.95    -16.10  1.00000
  1254      3.95    -16.05  1.00000
  1255      3.95    -16.00  1.00000
  1256      3.95    -15.95  1.00000
  1257      3.95    -15.90  1.00000
  1258      3.95    -15.85  1.00000
  1259      3.95    -15.80  1.00000
  1260      3.95    -15.75  1.00000
  1261      3.95    -15.70  1.00000
  1262      3.95    -15.65  1.00000
  1263      3.95    -15.60  1.00000
  1264      3.95    -15.55  1.00000
  1265      3.95    -15.50  1.00000
  1266      3.95    -15.45  1.00000
  1267      3.95    -15.40  1.00000
  1268      3.95    -15.35  1.00000
  1269      3.95    -15.30  1.00000
  1270      3.95    -15.25  1.00000
  1271      3.95    -15.20  1.00000
  1272      3.95    -15.15  1.00000
  1273      3.95    -15.10  1.00000
  1274      3.95    -15.05  1.00000
  1275      3.95    -15.00  1.00000
  1276      3.95    -14.95  1.00000
  1277      4.00    -20.70  1.00000
  1278      4.00    -20.65  1.00000
  1279      4.00    -20.60  1.00000
  1280      4.00    -20.55  1.00000
  1281      4.00    -20.50  1.00000
  1282      4.00    -20.45  1.00000
  1283      4.00    -20.40  1.00000
  1284      4.00    -20.35  1.00000
  1285      4.00    -20.30  1.00000
  1286      4.00    -20.25  1.00000
  1287      4.00    -20.20  1.00000
  1288      4.00    -20.15  1.00000
  1289      4.00    -20.10  1.00000
  1290      4.00    -20.05  1.00000
  1291      4.00    -20.00  1.00000
  1292      4.00    -19.95  1.00000
  1293      4.00    -19.90  1.00000
  1294      4.00    -19.85  1.00000
  1295      4.00    -19.80  1.00000
  1296      4.00    -19.75  1.00000
  1297      4.00    -19.70  1.00000
  1298      4.00    -19.65  1.00000
  1299      4.00    -19.60  1.00000
  1300      4.00    -19.55  1.00000
  1301      4.00    -19.50  1.00000
  1302      4.00    -19.45  1.00000
  1303      4.00    -19.40  1.00000
  1304      4.00    -19.35  1.00000
  1305      4.00    -19.30  1.00000
  1306      4.00    -19.25  1.00000
  1307      4.00    -19.20  1.00000
  1308      4.00    -19.15  1.00000
  1309      4.00    -19.10  1.00000
  1310      4.00    -19.05  1.00000
  1311      4.00    -19.00  1.00000
  1312      4.00    -18.95  1.00000
  1313      4.00    -18.90  1.00000
  1314      4.00    -18.85  1.00000
  1315      4.00    -18.80  1.00000
  1316      4.00    -18.75  1.00000
  1317      4.00    -18.70  1.00000
  1318      4.00    -18.65  1.00000
  1319      4.00    -18.60  1.00000
  1320      4.00    -18.55  1.00000
  1321      4.00    -18.50  1.00000
  1322      4.00    -18.45  1.00000
  1323      4.00    -18.40  1.00000
  1324      4.00    -18.35  1.00000
  1325      4.00    -18.30  1.00000
  1326      4.00    -18.25  1.00000
  1327      4.00    -18.20  1.00000
  1328      4.00    -18.15  1.00000
  1329      4.00    -18.10  1.00000
  1330      4.00    -18.05  1.00000
  1331      4.00    -18.00  1.00000
  1332      4.00    -17.95  1.00000
  1333      4.00    -17.90  1.00000
  1334      4.00    -17.85  1.00000
  1335      4.00    -17.80  1.00000
  1336      4.00    -17.75  1.00000
  1337      4.00    -17.70  1.00000
  1338      4.00    -17.65  1.00000
  1339      4.00    -17.60  1.00000
  1340      4.00    -17.55  1.00000
  1341      4.00    -17.50  1.00000
  1342      4.00    -17.45  1.00000
  1343      4.00    -17.40  1.00000
  1344      4.00    -17.35  1.00000
  1345      4.00    -17.30  1.00000
  1346      4.00    -17.25  1.00000
  1347      4.00    -17.20  1.00000
  1348      4.00    -17.15  1.00000
  1349      4.00    -17.10  1.00000
  1350      4.00    -17.05  1.00000
  1351      4.00    -17.00  1.00000
  1352      4.00    -16.95  1.00000
  1353      4.00    -16.90  1.00000
  1354      4.00    -16.85  1.00000
  1355      4.00    -16.80  1.00000
  1356      4.00    -16.75  1.00000
  1357      4.00    -16.70  1.00000
  1358      4.00    -16.65  1.00000
  1359      4.00    -16.60  1.00000
  1360      4.00    -16.55  1.00000
  1361      4.00    -16.50  1.00000
  1362      4.00    -16.45  1.00000
  1363      4.00    -16.40  1.00000
  1364      4.00    -16.35  1.00000
  1365      4.00    -16.30  1.00000
  1366      4.00    -16.25  1.00000
  1367      4.00    -16.20  1.00000
  1368      4.00    -16.15  1.00000
  1369      4.00    -16.10  1.00000
  1370      4.00    -16.05  1.00000
  1371      4.00    -16.00  1.00000
  1372      4.00    -15.95  1.00000
  1373      4.00    -15.90  1.00000
  1374      4.00    -15.85  1.00000
  1375      4.00    -15.80  1.00000
  1376      4.00    -15.75  1.00000
  1377      4.00    -15.70  1.00000
  1378      4.00    -15.65  1.00000
  1379      4.00    -15.60  1.00000
  1380      4.00    -15.55  1.00000
  1381      4.00    -15.50  1.00000
  1382      4.00    -15.45  1.00000
  1383      4.00    -15.40  1.00000
  1384      4.00    -15.35  1.00000
  1385      4.00    -15.30  1.00000
  1386      4.00    -15.25  1.00000
  1387      4.00    -15.20  1.00000
  1388      4.00    -15.15  1.00000
  1389      4.00    -15.10  1.00000
  1390      4.00    -15.05  1.00000
  1391      4.00    -15.00  1.00000
  1392      4.00    -14.95  1.00000
  1393      4.05    -20.70  1.00000
  1394      4.05    -20.65  1.00000
  1395      4.05    -20.60  1.00000
  1396      4.05    -20.55  1.00000
  1397      4.05    -20.50  1.00000
  1398      4.05    -20.45  1.00000
  1399      4.05    -20.40  1.00000
  1400      4.05    -20.35  1.00000
  1401      4.05    -20.30  1.00000
  1402      4.05    -20.25  1.00000
  1403      4.05    -20.20  1.00000
  1404      4.05    -20.15  1.00000
  1405      4.05    -20.10  1.00000
  1406      4.05    -20.05  1.00000
  1407      4.05    -20.00  1.00000
  1408      4.05    -19.95  1.00000
  1409      4.05    -19.90  1.00000
  1410      4.05    -19.85  1.00000
  1411      4.05    -19.80  1.00000
  1412      4.05    -19.75  1.00000
  1413      4.05    -19.70  1.00000
  1414      4.05    -19.65  1.00000
  1415      4.05    -19.60  1.00000
  1416      4.05    -19.55  1.00000
  1417      4.05    -19.50  1.00000
  1418      4.05    -19.45  1.00000
  1419      4.05    -19.40  1.00000
  1420      4.05    -19.35  1.00000
  1421      4.05    -19.30  1.00000
  1422      4.05    -19.25  1.00000
  1423      4.05    -19.20  1.00000
  1424      4.05    -19.15  1.00000
  1425      4.05    -19.10  1.00000
  1426      4.05    -19.05  1.00000
  1427      4.05    -19.00  1.00000
  1428      4.05    -18.95  1.00000
  1429      4.05    -18.90  1.00000
  1430      4.05    -18.85  1.00000
  1431      4.05    -18.80  1.00000
  1432      4.05    -18.75  1.00000
  1433      4.05    -18.70  1.00000
  1434      4.05    -18.65  1.00000
  1435      4.05    -18.60  1.00000
  1436      4.05    -18.55  1.00000
  1437      4.05    -18.50  1.00000
  1438      4.05    -18.45  1.00000
  1439      4.05    -18.40  1.00000
  1440      4.05    -18.35  1.00000
  1441      4.05    -18.30  1.00000
  1442      4.05    -18.25  1.00000
  1443      4.05    -18.20  1.00000
  1444      4.05    -18.15  1.00000
  1445      4.05    -18.10  1.00000
  1446      4.05    -18.05  1.00000
  1447      4.05    -18.00  1.00000
  1448      4.05    -17.95  1.00000
  1449      4.05    -17.90  1.00000
  1450      4.05    -17.85  1.00000
  1451      4.05    -17.80  1.00000
  1452      4.05    -17.75  1.00000
  1453      4.05    -17.70  1.00000
  1454      4.05    -17.65  1.00000
  1455      4.05    -17.60  1.00000
  1456      4.05    -17.55  1.00000
  1457      4.05    -17.50  1.00000
  1458      4.05    -17.45  1.00000
  1459      4.05    -17.40  1.00000
  1460      4.05    -17.35  1.00000
  1461      4.05    -17.30  1.00000
  1462      4.05    -17.25  1.00000
  1463      4.05    -17.20  1.00000
  1464      4.05    -17.15  1.00000
  1465      4.05    -17.10  1.00000
  1466      4.05    -17.05  1.00000
  1467      4.05    -17.00  1.00000
  1468      4.05    -16.95  1.00000
  1469      4.05    -16.90  1.00000
  1470      4.05    -16.85  1.00000
  1471      4.05    -16.80  1.00000
  1472      4.05    -16.75  1.00000
  1473      4.05    -16.70  1.00000
  1474      4.05    -16.65  1.00000
  1475      4.05    -16.60  1.00000
  1476      4.05    -16.55  1.00000
  1477      4.05    -16.50  1.00000
  1478      4.05    -16.45  1.00000
  1479      4.05    -16.40  1.00000
  1480      4.05    -16.35  1.00000
  1481      4.05    -16.30  1.00000
  1482      4.05    -16.25  1.00000
  1483      4.05    -16.20  1.00000
  1484      4.05    -16.15  1.00000
  1485      4.05    -16.10  1.00000
  1486      4.05    -16.05  1.00000
  1487      4.05    -16.00  1.00000
  1488      4.05    -15.95  1.00000
  1489      4.05    -15.90  1.00000
  1490      4.05    -15.85  1.00000
  1491      4.05    -15.80  1.00000
  1492      4.05    -15.75  1.00000
  1493      4.05    -15.70  1.00000
  1494      4.05    -15.65  1.00000
  1495      4.05    -15.60  1.00000
  1496      4.05    -15.55  1.00000
  1497      4.05    -15.50  1.00000
  1498      4.05    -15.45  1.00000
  1499      4.05    -15.40  1.00000
  1500      4.05    -15.35  1.00000
  1501      4.05    -15.30  1.00000
  1502      4.05    -15.25  1.00000
  1503      4.05    -15.20  1.00000
  1504      4.05    -15.15  1.00000
  1505      4.05    -15.10  1.00000
  1506      4.05    -15.05  1.00000
  1507      4.05    -15.00  1.00000
  1508      4.05    -14.95  1.00000
  1509      4.10    -20.70  1.00000
  1510      4.10    -20.65  1.00000
  1511      4.10    -20.60  1.00000
  1512      4.10    -20.55  1.00000
  1513      4.10    -20.50  1.00000
  1514      4.10    -20.45  1.00000
  1515      4.10    -20.40  1.00000
  1516      4.10    -20.35  1.00000
  1517      4.10    -20.30  1.00000
  1518      4.10    -20.25  1.00000
  1519      4.10    -20.20  1.00000
  1520      4.10    -20.15  1.00000
  1521      4.10    -20.10  1.00000
  1522      4.10    -20.05  1.00000
  1523      4.10    -20.00  1.00000
  1524      4.10    -19.95  1.00000
  1525      4.10    -19.90  1.00000
  1526      4.10    -19.85  1.00000
  1527      4.10    -19.80  1.00000
  1528      4.10    -19.75  1.00000
  1529      4.10    -19.70  1.00000
  1530      4.10    -19.65  1.00000
  1531      4.10    -19.60  1.00000
  1532      4.10    -19.55  1.00000
  1533      4.10    -19.50  1.00000
  1534      4.10    -19.45  1.00000
  1535      4.10    -19.40  1.00000
  1536      4.10    -19.35  1.00000
  1537      4.10    -19.30  1.00000
  1538      4.10    -19.25  1.00000
  1539      4.10    -19.20  1.00000
  1540      4.10    -19.15  1.00000
  1541      4.10    -19.10  1.00000
  1542      4.10    -19.05  1.00000
  1543      4.10    -19.00  1.00000
  1544      4.10    -18.95  1.00000
  1545      4.10    -18.90  1.00000
  1546      4.10    -18.85  1.00000
  1547      4.10    -18.80  1.00000
  1548      4.10    -18.75  1.00000
  1549      4.10    -18.70  1.00000
  1550      4.10    -18.65  1.00000
  1551      4.10    -18.60  1.00000
  1552      4.10    -18.55  1.00000
  1553      4.10    -18.50  1.00000
  1554      4.10    -18.45  1.00000
  1555      4.10    -18.40  1.00000
  1556      4.10    -18.35  1.00000
  1557      4.10    -18.30  1.00000
  1558      4.10    -18.25  1.00000
  1559      4.10    -18.20  1.00000
  1560      4.10    -18.15  1.00000
  1561      4.10    -18.10  1.00000
  1562      4.10    -18.05  1.00000
  1563      4.10    -18.00  1.00000
  1564      4.10    -17.95  1.00000
  1565      4.10    -17.90  1.00000
  1566      4.10    -17.85  1.00000
  1567      4.10    -17.80  1.00000
  1568      4.10    -17.75  1.00000
  1569      4.10    -17.70  1.00000
  1570      4.10    -17.65  1.00000
  1571      4.10    -17.60  1.00000
  1572      4.10    -17.55  1.00000
  1573      4.10    -17.50  1.00000
  1574      4.10    -17.45  1.00000
  1575      4.10    -17.40  1.00000
  1576      4.10    -17.35  1.00000
  1577      4.10    -17.30  1.00000
  1578      4.10    -17.25  1.00000
  1579      4.10    -17.20  1.00000
  1580      4.10    -17.15  1.00000
  1581      4.10    -17.10  1.00000
  1582      4.10    -17.05  1.00000
  1583      4.10    -17.00  1.00000
  1584      4.10    -16.95  1.00000
  1585      4.10    -16.90  1.00000
  1586      4.10    -16.85  1.00000
  1587      4.10    -16.80  1.00000
  1588      4.10    -16.75  1.00000
  1589      4.10    -16.70  1.00000
  1590      4.10    -16.65  1.00000
  1591      4.10    -16.60  1.00000
  1592      4.10    -16.55  1.00000
  1593      4.10    -16.50  1.00000
  1594      4.10    -16.45  1.00000
  1595      4.10    -16.40  1.00000
  1596      4.10    -16.35  1.00000
  1597      4.10    -16.30  1.00000
  1598      4.10    -16.25  1.00000
  1599      4.10    -16.20  1.00000
  1600      4.10    -16.15  1.00000
  1601      4.10    -16.10  1.00000
  1602      4.10    -16.05  1.00000
  1603      4.10    -16.00  1.00000
  1604      4.10    -15.95  1.00000
  1605      4.10    -15.90  1.00000
  1606      4.10    -15.85  1.00000
  1607      4.10    -15.80  1.00000
  1608      4.10    -15.75  1.00000
  1609      4.10    -15.70  1.00000
  1610      4.10    -15.65  1.00000
  1611      4.10    -15.60  1.00000
  1612      4.10    -15.55  1.00000
  1613      4.10    -15.50  1.00000
  1614      4.10    -15.45  1.00000
  1615      4.10    -15.40  1.00000
  1616      4.10    -15.35  1.00000
  1617      4.10    -15.30  1.00000
  1618      4.10    -15.25  1.00000
  1619      4.10    -15.20  1.00000
  1620      4.10    -15.15  1.00000
  1621      4.10    -15.10  1.00000
  1622      4.10    -15.05  1.00000
  1623      4.10    -15.00  1.00000
  1624      4.10    -14.95  1.00000
  1625      4.15    -20.70  1.00000
  1626      4.15    -20.65  1.00000
  1627      4.15    -20.60  1.00000
  1628      4.15    -20.55  1.00000
  1629      4.15    -20.50  1.00000
  1630      4.15    -20.45  1.00000
  1631      4.15    -20.40  1.00000
  1632      4.15    -20.35  1.00000
  1633      4.15    -20.30  1.00000
  1634      4.15    -20.25  1.00000
  1635      4.15    -20.20  1.00000
  1636      4.15    -20.15  1.00000
  1637      4.15    -20.10  1.00000
  1638      4.15    -20.05  1.00000
  1639      4.15    -20.00  1.00000
  1640      4.15    -19.95  1.00000
  1641      4.15    -19.90  1.00000
  1642      4.15    -19.85  1.00000
  1643      4.15    -19.80  1.00000
  1644      4.15    -19.75  1.00000
  1645      4.15    -19.70  1.00000
  1646      4.15    -19.65  1.00000
  1647      4.15    -19.60  1.00000
  1648      4.15    -19.55  1.00000
  1649      4.15    -19.50  1.00000
  1650      4.15    -19.45  1.00000
  1651      4.15    -19.40  1.00000
  1652      4.15    -19.35  1.00000
  1653      4.15    -19.30  1.00000
  1654      4.15    -19.25  1.00000
  1655      4.15    -19.20  1.00000
  1656      4.15    -19.15  1.00000
  1657      4.15    -19.10  1.00000
  1658      4.15    -19.05  1.00000
  1659      4.15    -19.00  1.00000
  1660      4.15    -18.95  1.00000
  1661      4.15    -18.90  1.00000
  1662      4.15    -18.85  1.00000
  1663      4.15    -18.80  1.00000
  1664      4.15    -18.75  1.00000
  1665      4.15    -18.70  1.00000
  1666      4.15    -18.65  1.00000
  1667      4.15    -18.60  1.00000
  1668      4.15    -18.55  1.00000
  1669      4.15    -18.50  1.00000
  1670      4.15    -18.45  1.00000
  1671      4.15    -18.40  1.00000
  1672      4.15    -18.35  1.00000
  1673      4.15    -18.30  1.00000
  1674      4.15    -18.25  1.00000
  1675      4.15    -18.20  1.00000
  1676      4.15    -18.15  1.00000
  1677      4.15    -18.10  1.00000
  1678      4.15    -18.05  1.00000
  1679      4.15    -18.00  1.00000
  1680      4.15    -17.95  1.00000
  1681      4.15    -17.90  1.00000
  1682      4.15    -17.85  1.00000
  1683      4.15    -17.80  1.00000
  1684      4.15    -17.75  1.00000
  1685      4.15    -17.70  1.00000
  1686      4.15    -17.65  1.00000
  1687      4.15    -17.60  1.00000
  1688      4.15    -17.55  1.00000
  1689      4.15    -17.50  1.00000
  1690      4.15    -17.45  1.00000
  1691      4.15    -17.40  1.00000
  1692      4.15    -17.35  1.00000
  1693      4.15    -17.30  1.00000
  1694      4.15    -17.25  1.00000
  1695      4.15    -17.20  1.00000
  1696      4.15    -17.15  1.00000
  1697      4.15    -17.10  1.00000
  1698      4.15    -17.05  1.00000
  1699      4.15    -17.00  1.00000
  1700      4.15    -16.95  1.00000
  1701      4.15    -16.90  1.00000
  1702      4.15    -16.85  1.00000
  1703      4.15    -16.80  1.00000
  1704      4.15    -16.75  1.00000
  1705      4.15    -16.70  1.00000
  1706      4.15    -16.65  1.00000
  1707      4.15    -16.60  1.00000
  1708      4.15    -16.55  1.00000
  1709      4.15    -16.50  1.00000
  1710      4.15    -16.45  1.00000
  1711      4.15    -16.40  1.00000
  1712      4.15    -16.35  1.00000
  1713      4.15    -16.30  1.00000
  1714      4.15    -16.25  1.00000
  1715      4.15    -16.20  1.00000
  1716      4.15    -16.15  1.00000
  1717      4.15    -16.10  1.00000
  1718      4.15    -16.05  1.00000
  1719      4.15    -16.00  1.00000
  1720      4.15    -15.95  1.00000
  1721      4.15    -15.90  1.00000
  1722      4.15    -15.85  1.00000
  1723      4.15    -15.80  1.00000
  1724      4.15    -15.75  1.00000
  1725      4.15    -15.70  1.00000
  1726      4.15    -15.65  1.00000
  1727      4.15    -15.60  1.00000
  1728      4.15    -15.55  1.00000
  1729      4.15    -15.50  1.00000
  1730      4.15    -15.45  1.00000
  1731      4.15    -15.40  1.00000
  1732      4.15    -15.35  1.00000
  1733      4.15    -15.30  1.00000
  1734      4.15    -15.25  1.00000
  1735      4.15    -15.20  1.00000
  1736      4.15    -15.15  1.00000
  1737      4.15    -15.10  1.00000
  1738      4.15    -15.05  1.00000
  1739      4.15    -15.00  1.00000
  1740      4.15    -14.95  1.00000
  1741      4.20    -20.70  1.00000
  1742      4.20    -20.65  1.00000
  1743      4.20    -20.60  1.00000
  1744      4.20    -20.55  1.00000
  1745      4.20    -20.50  1.00000
  1746      4.20    -20.45  1.00000
  1747      4.20    -20.40  1.00000
  1748      4.20    -20.35  1.00000
  1749      4.20    -20.30  1.00000
  1750      4.20    -20.25  1.00000
  1751      4.20    -20.20  1.00000
  1752      4.20    -20.15  1.00000
  1753      4.20    -20.10  1.00000
  1754      4.20    -20.05  1.00000
  1755      4.20    -20.00  1.00000
  1756      4.20    -19.95  1.00000
  1757      4.20    -19.90  1.00000
  1758      4.20    -19.85  1.00000
  1759      4.20    -19.80  1.00000
  1760      4.20    -19.75  1.00000
  1761      4.20    -19.70  1.00000
  1762      4.20    -19.65  1.00000
  1763      4.20    -19.60  1.00000
  1764      4.20    -19.55  1.00000
  1765      4.20    -19.50  1.00000
  1766      4.20    -19.45  1.00000
  1767      4.20    -19.40  1.00000
  1768      4.20    -19.35  1.00000
  1769      4.20    -19.30  1.00000
  1770      4.20    -19.25  1.00000
  1771      4.20    -19.20  1.00000
  1772      4.20    -19.15  1.00000
  1773      4.20    -19.10  1.00000
  1774      4.20    -19.05  1.00000
  1775      4.20    -19.00  1.00000
  1776      4.20    -18.95  1.00000
  1777      4.20    -18.90  1.00000
  1778      4.20    -18.85  1.00000
  1779      4.20    -18.80  1.00000
  1780      4.20    -18.75  1.00000
  1781      4.20    -18.70  1.00000
  1782      4.20    -18.65  1.00000
  1783      4.20    -18.60  1.00000
  1784      4.20    -18.55  1.00000
  1785      4.20    -18.50  1.00000
  1786      4.20    -18.45  1.00000
  1787      4.20    -18.40  1.00000
  1788      4.20    -18.35  1.00000
  1789      4.20    -18.30  1.00000
  1790      4.20    -18.25  1.00000
  1791      4.20    -18.20  1.00000
  1792      4.20    -18.15  1.00000
  1793      4.20    -18.10  1.00000
  1794      4.20    -18.05  1.00000
  1795      4.20    -18.00  1.00000
  1796      4.20    -17.95  1.00000
  1797      4.20    -17.90  1.00000
  1798      4.20    -17.85  1.00000
  1799      4.20    -17.80  1.00000
  1800      4.20    -17.75  1.00000
  1801      4.20    -17.70  1.00000
  1802      4.20    -17.65  1.00000
  1803      4.20    -17.60  1.00000
  1804      4.20    -17.55  1.00000
  1805      4.20    -17.50  1.00000
  1806      4.20    -17.45  1.00000
  1807      4.20    -17.40  1.00000
  1808      4.20    -17.35  1.00000
  1809      4.20    -17.30  1.00000
  1810      4.20    -17.25  1.00000
  1811      4.20    -17.20  1.00000
  1812      4.20    -17.15  1.00000
  1813      4.20    -17.10  1.00000
  1814      4.20    -17.05  1.00000
  1815      4.20    -17.00  1.00000
  1816      4.20    -16.95  1.00000
  1817      4.20    -16.90  1.00000
  1818      4.20    -16.85  1.00000
  1819      4.20    -16.80  1.00000
  1820      4.20    -16.75  1.00000
  1821      4.20    -16.70  1.00000
  1822      4.20    -16.65  1.00000
  1823      4.20    -16.60  1.00000
  1824      4.20    -16.55  1.00000
  1825      4.20    -16.50  1.00000
  1826      4.20    -16.45  1.00000
  1827      4.20    -16.40  1.00000
  1828      4.20    -16.35  1.00000
  1829      4.20    -16.30  1.00000
  1830      4.20    -16.25  1.00000
  1831      4.20    -16.20  1.00000
  1832      4.20    -16.15  1.00000
  1833      4.20    -16.10  1.00000
  1834      4.20    -16.05  1.00000
  1835      4.20    -16.00  1.00000
  1836      4.20    -15.95  1.00000
  1837      4.20    -15.90  1.00000
  1838      4.20    -15.85  1.00000
  1839      4.20    -15.80  1.00000
  1840      4.20    -15.75  1.00000
  1841      4.20    -15.70  1.00000
  1842      4.20    -15.65  1.00000
  1843      4.20    -15.60  1.00000
  1844      4.20    -15.55  1.00000
  1845      4.20    -15.50  1.00000
  1846      4.20    -15.45  1.00000
  1847      4.20    -15.40  1.00000
  1848      4.20    -15.35  1.00000
  1849      4.20    -15.30  1.00000
  1850      4.20    -15.25  1.00000
  1851      4.20    -15.20  1.00000
  1852      4.20    -15.15  1.00000
  1853      4.20    -15.10  1.00000
  1854      4.20    -15.05  1.00000
  1855      4.20    -15.00  1.00000
  1856      4.20    -14.95  1.00000
  1857      4.25    -20.70  1.00000
  1858      4.25    -20.65  1.00000
  1859      4.25    -20.60  1.00000
  1860      4.25    -20.55  1.00000
  1861      4.25    -20.50  1.00000
  1862      4.25    -20.45  1.00000
  1863      4.25    -20.40  1.00000
  1864      4.25    -20.35  1.00000
  1865      4.25    -20.30  1.00000
  1866      4.25    -20.25  1.00000
  1867      4.25    -20.20  1.00000
  1868      4.25    -20.15  1.00000
  1869      4.25    -20.10  1.00000
  1870      4.25    -20.05  1.00000
  1871      4.25    -20.00  1.00000
  1872      4.25    -19.95  1.00000
  1873      4.25    -19.90  1.00000
  1874      4.25    -19.85  1.00000
  1875      4.25    -19.80  1.00000
  1876      4.25    -19.75  1.00000
  1877      4.25    -19.70  1.00000
  1878      4.25    -19.65  1.00000
  1879      4.25    -19.60  1.00000
  1880      4.25    -19.55  1.00000
  1881      4.25    -19.50  1.00000
  1882      4.25    -19.45  1.00000
  1883      4.25    -19.40  1.00000
  1884      4.25    -19.35  1.00000
  1885      4.25    -19.30  1.00000
  1886      4.25    -19.25  1.00000
  1887      4.25    -19.20  1.00000
  1888      4.25    -19.15  1.00000
  1889      4.25    -19.10  1.00000
  1890      4.25    -19.05  1.00000
  1891      4.25    -19.00  1.00000
  1892      4.25    -18.95  1.00000
  1893      4.25    -18.90  1.00000
  1894      4.25    -18.85  1.00000
  1895      4.25    -18.80  1.00000
  1896      4.25    -18.75  1.00000
  1897      4.25    -18.70  1.00000
  1898      4.25    -18.65  1.00000
  1899      4.25    -18.60  1.00000
  1900      4.25    -18.55  1.00000
  1901      4.25    -18.50  1.00000
  1902      4.25    -18.45  1.00000
  1903      4.25    -18.40  1.00000
  1904      4.25    -18.35  1.00000
  1905      4.25    -18.30  1.00000
  1906      4.25    -18.25  1.00000
  1907      4.25    -18.20  1.00000
  1908      4.25    -18.15  1.00000
  1909      4.25    -18.10  1.00000
  1910      4.25    -18.05  1.00000
  1911      4.25    -18.00  1.00000
  1912      4.25    -17.95  1.00000
  1913      4.25    -17.90  1.00000
  1914      4.25    -17.85  1.00000
  1915      4.25    -17.80  1.00000
  1916      4.25    -17.75  1.00000
  1917      4.25    -17.70  1.00000
  1918      4.25    -17.65  1.00000
  1919      4.25    -17.60  1.00000
  1920      4.25    -17.55  1.00000
  1921      4.25    -17.50  1.00000
  1922      4.25    -17.45  1.00000
  1923      4.25    -17.40  1.00000
  1924      4.25    -17.35  1.00000
  1925      4.25    -17.30  1.00000
  1926      4.25    -17.25  1.00000
  1927      4.25    -17.20  1.00000
  1928      4.25    -17.15  1.00000
  1929      4.25    -17.10  1.00000
  1930      4.25    -17.05  1.00000
  1931      4.25    -17.00  1.00000
  1932      4.25    -16.95  1.00000
  1933      4.25    -16.90  1.00000
  1934      4.25    -16.85  1.00000
  1935      4.25    -16.80  1.00000
  1936      4.25    -16.75  1.00000
  1937      4.25    -16.70  1.00000
  1938      4.25    -16.65  1.00000
  1939      4.25    -16.60  1.00000
  1940      4.25    -16.55  1.00000
  1941      4.25    -16.50  1.00000
  1942      4.25    -16.45  1.00000
  1943      4.25    -16.40  1.00000
  1944      4.25    -16.35  1.00000
  1945      4.25    -16.30  1.00000
  1946      4.25    -16.25  1.00000
  1947      4.25    -16.20  1.00000
  1948      4.25    -16.15  1.00000
  1949      4.25    -16.10  1.00000
  1950      4.25    -16.05  1.00000
  1951      4.25    -16.00  1.00000
  1952      4.25    -15.95  1.00000
  1953      4.25    -15.90  1.00000
  1954      4.25    -15.85  1.00000
  1955      4.25    -15.80  1.00000
  1956      4.25    -15.75  1.00000
  1957      4.25    -15.70  1.00000
  1958      4.25    -15.65  1.00000
  1959      4.25    -15.60  1.00000
  1960      4.25    -15.55  1.00000
  1961      4.25    -15.50  1.00000
  1962      4.25    -15.45  1.00000
  1963      4.25    -15.40  1.00000
  1964      4.25    -15.35  1.00000
  1965      4.25    -15.30  1.00000
  1966      4.25    -15.25  1.00000
  1967      4.25    -15.20  1.00000
  1968      4.25    -15.15  1.00000
  1969      4.25    -15.10  1.00000
  1970      4.25    -15.05  1.00000
  1971      4.25    -15.00  1.00000
  1972      4.25    -14.95  1.00000
  1973      4.30    -20.70  1.00000
  1974      4.30    -20.65  1.00000
  1975      4.30    -20.60  1.00000
  1976      4.30    -20.55  1.00000
  1977      4.30    -20.50  1.00000
  1978      4.30    -20.45  1.00000
  1979      4.30    -20.40  1.00000
  1980      4.30    -20.35  1.00000
  1981      4.30    -20.30  1.00000
  1982      4.30    -20.25  1.00000
  1983      4.30    -20.20  1.00000
  1984      4.30    -20.15  1.00000
  1985      4.30    -20.10  1.00000
  1986      4.30    -20.05  1.00000
  1987      4.30    -20.00  1.00000
  1988      4.30    -19.95  1.00000
  1989      4.30    -19.90  1.00000
  1990      4.30    -19.85  1.00000
  1991      4.30    -19.80  1.00000
  1992      4.30    -19.75  1.00000
  1993      4.30    -19.70  1.00000
  1994      4.30    -19.65  1.00000
  1995      4.30    -19.60  1.00000
  1996      4.30    -19.55  1.00000
  1997      4.30    -19.50  1.00000
  1998      4.30    -19.45  1.00000
  1999      4.30    -19.40  1.00000
  2000      4.30    -19.35  1.00000
  2001      4.30    -19.30  1.00000
  2002      4.30    -19.25  1.00000
  2003      4.30    -19.20  1.00000
  2004      4.30    -19.15  1.00000
  2005      4.30    -19.10  1.00000
  2006      4.30    -19.05  1.00000
  2007      4.30    -19.00  1.00000
  2008      4.30    -18.95  1.00000
  2009      4.30    -18.90  1.00000
  2010      4.30    -18.85  1.00000
  2011      4.30    -18.80  1.00000
  2012      4.30    -18.75  1.00000
  2013      4.30    -18.70  1.00000
  2014      4.30    -18.65  1.00000
  2015      4.30    -18.60  1.00000
  2016      4.30    -18.55  1.00000
  2017      4.30    -18.50  1.00000
  2018      4.30    -18.45  1.00000
  2019      4.30    -18.40  1.00000
  2020      4.30    -18.35  1.00000
  2021      4.30    -18.30  1.00000
  2022      4.30    -18.25  1.00000
  2023      4.30    -18.20  1.00000
  2024      4.30    -18.15  1.00000
  2025      4.30    -18.10  1.00000
  2026      4.30    -18.05  1.00000
  2027      4.30    -18.00  1.00000
  2028      4.30    -17.95  1.00000
  2029      4.30    -17.90  1.00000
  2030      4.30    -17.85  1.00000
  2031      4.30    -17.80  1.00000
  2032      4.30    -17.75  1.00000
  2033      4.30    -17.70  1.00000
  2034      4.30    -17.65  1.00000
  2035      4.30    -17.60  1.00000
  2036      4.30    -17.55  1.00000
  2037      4.30    -17.50  1.00000
  2038      4.30    -17.45  1.00000
  2039      4.30    -17.40  1.00000
  2040      4.30    -17.35  1.00000
  2041      4.30    -17.30  1.00000
  2042      4.30    -17.25  1.00000
  2043      4.30    -17.20  1.00000
  2044      4.30    -17.15  1.00000
  2045      4.30    -17.10  1.00000
  2046      4.30    -17.05  1.00000
  2047      4.30    -17.00  1.00000
  2048      4.30    -16.95  1.00000
  2049      4.30    -16.90  1.00000
  2050      4.30    -16.85  1.00000
  2051      4.30    -16.80  1.00000
  2052      4.30    -16.75  1.00000
  2053      4.30    -16.70  1.00000
  2054      4.30    -16.65  1.00000
  2055      4.30    -16.60  1.00000
  2056      4.30    -16.55  1.00000
  2057      4.30    -16.50  1.00000
  2058      4.30    -16.45  1.00000
  2059      4.30    -16.40  1.00000
  2060      4.30    -16.35  1.00000
  2061      4.30    -16.30  1.00000
  2062      4.30    -16.25  1.00000
  2063      4.30    -16.20  1.00000
  2064      4.30    -16.15  1.00000
  2065      4.30    -16.10  1.00000
  2066      4.30    -16.05  1.00000
  2067      4.30    -16.00  1.00000
  2068      4.30    -15.95  1.00000
  2069      4.30    -15.90  1.00000
  2070      4.30    -15.85  1.00000
  2071      4.30    -15.80  1.00000
  2072      4.30    -15.75  1.00000
  2073      4.30    -15.70  1.00000
  2074      4.30    -15.65  1.00000
  2075      4.30    -15.60  1.00000
  2076      4.30    -15.55  1.00000
  2077      4.30    -15.50  1.00000
  2078      4.30    -15.45  1.00000
  2079      4.30    -15.40  1.00000
  2080      4.30    -15.35  1.00000
  2081      4.30    -15.30  1.00000
  2082      4.30    -15.25  1.00000
  2083      4.30    -15.20  1.00000
  2084      4.30    -15.15  1.00000
  2085      4.30    -15.10  1.00000
  2086      4.30    -15.05  1.00000
  2087      4.30    -15.00  1.00000
  2088      4.30    -14.95  1.00000
  2089      4.35    -20.70  1.00000
  2090      4.35    -20.65  1.00000
  2091      4.35    -20.60  1.00000
  2092      4.35    -20.55  1.00000
  2093      4.35    -20.50  1.00000
  2094      4.35    -20.45  1.00000
  2095      4.35    -20.40  1.00000
  2096      4.35    -20.35  1.00000
  2097      4.35    -20.30  1.00000
  2098      4.35    -20.25  1.00000
  2099      4.35    -20.20  1.00000
  2100      4.35    -20.15  1.00000
  2101      4.35    -20.10  1.00000
  2102      4.35    -20.05  1.00000
  2103      4.35    -20.00  1.00000
  2104      4.35    -19.95  1.00000
  2105      4.35    -19.90  1.00000
  2106      4.35    -19.85  1.00000
  2107      4.35    -19.80  1.00000
  2108      4.35    -19.75  1.00000
  2109      4.35    -19.70  1.00000
  2110      4.35    -19.65  1.00000
  2111      4.35    -19.60  1.00000
  2112      4.35    -19.55  1.00000
  2113      4.35    -19.50  1.00000
  2114      4.35    -19.45  1.00000
  2115      4.35    -19.40  1.00000
  2116      4.35    -19.35  1.00000
  2117      4.35    -19.30  1.00000
  2118      4.35    -19.25  1.00000
  2119      4.35    -19.20  1.00000
  2120      4.35    -19.15  1.00000
  2121      4.35    -19.10  1.00000
  2122      4.35    -19.05  1.00000
  2123      4.35    -19.00  1.00000
  2124      4.35    -18.95  1.00000
  2125      4.35    -18.90  1.00000
  2126      4.35    -18.85  1.00000
  2127      4.35    -18.80  1.00000
  2128      4.35    -18.75  1.00000
  2129      4.35    -18.70  1.00000
  2130      4.35    -18.65  1.00000
  2131      4.35    -18.60  1.00000
  2132      4.35    -18.55  1.00000
  2133      4.35    -18.50  1.00000
  2134      4.35    -18.45  1.00000
  2135      4.35    -18.40  1.00000
  2136      4.35    -18.35  1.00000
  2137      4.35    -18.30  1.00000
  2138      4.35    -18.25  1.00000
  2139      4.35    -18.20  1.00000
  2140      4.35    -18.15  1.00000
  2141      4.35    -18.10  1.00000
  2142      4.35    -18.05  1.00000
  2143      4.35    -18.00  1.00000
  2144      4.35    -17.95  1.00000
  2145      4.35    -17.90  1.00000
  2146      4.35    -17.85  1.00000
  2147      4.35    -17.80  1.00000
  2148      4.35    -17.75  1.00000
  2149      4.35    -17.70  1.00000
  2150      4.35    -17.65  1.00000
  2151      4.35    -17.60  1.00000
  2152      4.35    -17.55  1.00000
  2153      4.35    -17.50  1.00000
  2154      4.35    -17.45  1.00000
  2155      4.35    -17.40  1.00000
  2156      4.35    -17.35  1.00000
  2157      4.35    -17.30  1.00000
  2158      4.35    -17.25  1.00000
  2159      4.35    -17.20  1.00000
  2160      4.35    -17.15  1.00000
  2161      4.35    -17.10  1.00000
  2162      4.35    -17.05  1.00000
  2163      4.35    -17.00  1.00000
  2164      4.35    -16.95  1.00000
  2165      4.35    -16.90  1.00000
  2166      4.35    -16.85  1.00000
  2167      4.35    -16.80  1.00000
  2168      4.35    -16.75  1.00000
  2169      4.35    -16.70  1.00000
  2170      4.35    -16.65  1.00000
  2171      4.35    -16.60  1.00000
  2172      4.35    -16.55  1.00000
  2173      4.35    -16.50  1.00000
  2174      4.35    -16.45  1.00000
  2175      4.35    -16.40  1.00000
  2176      4.35    -16.35  1.00000
  2177      4.35    -16.30  1.00000
  2178      4.35    -16.25  1.00000
  2179      4.35    -16.20  1.00000
  2180      4.35    -16.15  1.00000
  2181      4.35    -16.10  1.00000
  2182      4.35    -16.05  1.00000
  2183      4.35    -16.00  1.00000
  2184      4.35    -15.95  1.00000
  2185      4.35    -15.90  1.00000
  2186      4.35    -15.85  1.00000
  2187      4.35    -15.80  1.00000
  2188      4.35    -15.75  1.00000
  2189      4.35    -15.70  1.00000
  2190      4.35    -15.65  1.00000
  2191      4.35    -15.60  1.00000
  2192      4.35    -15.55  1.00000
  2193      4.35    -15.50  1.00000
  2194      4.35    -15.45  1.00000
  2195      4.35    -15.40  1.00000
  2196      4.35    -15.35  1.00000
  2197      4.35    -15.30  1.00000
  2198      4.35    -15.25  1.00000
  2199      4.35    -15.20  1.00000
  2200      4.35    -15.15  1.00000
  2201      4.35    -15.10  1.00000
  2202      4.35    -15.05  1.00000
  2203      4.35    -15.00  1.00000
  2204      4.35    -14.95  1.00000
  2205      4.40    -20.70  1.00000
  2206      4.40    -20.65  1.00000
  2207      4.40    -20.60  1.00000
  2208      4.40    -20.55  1.00000
  2209      4.40    -20.50  1.00000
  2210      4.40    -20.45  1.00000
  2211      4.40    -20.40  1.00000
  2212      4.40    -20.35  1.00000
  2213      4.40    -20.30  1.00000
  2214      4.40    -20.25  1.00000
  2215      4.40    -20.20  1.00000
  2216      4.40    -20.15  1.00000
  2217      4.40    -20.10  1.00000
  2218      4.40    -20.05  1.00000
  2219      4.40    -20.00  1.00000
  2220      4.40    -19.95  1.00000
  2221      4.40    -19.90  1.00000
  2222      4.40    -19.85  1.00000
  2223      4.40    -19.80  1.00000
  2224      4.40    -19.75  1.00000
  2225      4.40    -19.70  1.00000
  2226      4.40    -19.65  1.00000
  2227      4.40    -19.60  1.00000
  2228      4.40    -19.55  1.00000
  2229      4.40    -19.50  1.00000
  2230      4.40    -19.45  1.00000
  2231      4.40    -19.40  1.00000
  2232      4.40    -19.35  1.00000
  2233      4.40    -19.30  1.00000
  2234      4.40    -19.25  1.00000
  2235      4.40    -19.20  1.00000
  2236      4.40    -19.15  1.00000
  2237      4.40    -19.10  1.00000
  2238      4.40    -19.05  1.00000
  2239      4.40    -19.00  1.00000
  2240      4.40    -18.95  1.00000
  2241      4.40    -18.90  1.00000
  2242      4.40    -18.85  1.00000
  2243      4.40    -18.80  1.00000
  2244      4.40    -18.75  1.00000
  2245      4.40    -18.70  1.00000
  2246      4.40    -18.65  1.00000
  2247      4.40    -18.60  1.00000
  2248      4.40    -18.55  1.00000
  2249      4.40    -18.50  1.00000
  2250      4.40    -18.45  1.00000
  2251      4.40    -18.40  1.00000
  2252      4.40    -18.35  1.00000
  2253      4.40    -18.30  1.00000
  2254      4.40    -18.25  1.00000
  2255      4.40    -18.20  1.00000
  2256      4.40    -18.15  1.00000
  2257      4.40    -18.10  1.00000
  2258      4.40    -18.05  1.00000
  2259      4.40    -18.00  1.00000
  2260      4.40    -17.95  1.00000
  2261      4.40    -17.90  1.00000
  2262      4.40    -17.85  1.00000
  2263      4.40    -17.80  1.00000
  2264      4.40    -17.75  1.00000
  2265      4.40    -17.70  1.00000
  2266      4.40    -17.65  1.00000
  2267      4.40    -17.60  1.00000
  2268      4.40    -17.55  1.00000
  2269      4.40    -17.50  1.00000
  2270      4.40    -17.45  1.00000
  2271      4.40    -17.40  1.00000
  2272      4.40    -17.35  1.00000
  2273      4.40    -17.30  1.00000
  2274      4.40    -17.25  1.00000
  2275      4.40    -17.20  1.00000
  2276      4.40    -17.15  1.00000
  2277      4.40    -17.10  1.00000
  2278      4.40    -17.05  1.00000
  2279      4.40    -17.00  1.00000
  2280      4.40    -16.95  1.00000
  2281      4.40    -16.90  1.00000
  2282      4.40    -16.85  1.00000
  2283      4.40    -16.80  1.00000
  2284      4.40    -16.75  1.00000
  2285      4.40    -16.70  1.00000
  2286      4.40    -16.65  1.00000
  2287      4.40    -16.60  1.00000
  2288      4.40    -16.55  1.00000
  2289      4.40    -16.50  1.00000
  2290      4.40    -16.45  1.00000
  2291      4.40    -16.40  1.00000
  2292      4.40    -16.35  1.00000
  2293      4.40    -16.30  1.00000
  2294      4.40    -16.25  1.00000
  2295      4.40    -16.20  1.00000
  2296      4.40    -16.15  1.00000
  2297      4.40    -16.10  1.00000
  2298      4.40    -16.05  1.00000
  2299      4.40    -16.00  1.00000
  2300      4.40    -15.95  1.00000
  2301      4.40    -15.90  1.00000
  2302      4.40    -15.85  1.00000
  2303      4.40    -15.80  1.00000
  2304      4.40    -15.75  1.00000
  2305      4.40    -15.70  1.00000
  2306      4.40    -15.65  1.00000
  2307      4.40    -15.60  1.00000
  2308      4.40    -15.55  1.00000
  2309      4.40    -15.50  1.00000
  2310      4.40    -15.45  1.00000
  2311      4.40    -15.40  1.00000
  2312      4.40    -15.35  1.00000
  2313      4.40    -15.30  1.00000
  2314      4.40    -15.25  1.00000
  2315      4.40    -15.20  1.00000
  2316      4.40    -15.15  1.00000
  2317      4.40    -15.10  1.00000
  2318      4.40    -15.05  1.00000
  2319      4.40    -15.00  1.00000
  2320      4.40    -14.95  1.00000
  2321      4.45    -20.70  1.00000
  2322      4.45    -20.65  1.00000
  2323      4.45    -20.60  1.00000
  2324      4.45    -20.55  1.00000
  2325      4.45    -20.50  1.00000
  2326      4.45    -20.45  1.00000
  2327      4.45    -20.40  1.00000
  2328      4.45    -20.35  1.00000
  2329      4.45    -20.30  1.00000
  2330      4.45    -20.25  1.00000
  2331      4.45    -20.20  1.00000
  2332      4.45    -20.15  1.00000
  2333      4.45    -20.10  1.00000
  2334      4.45    -20.05  1.00000
  2335      4.45    -20.00  1.00000
  2336      4.45    -19.95  1.00000
  2337      4.45    -19.90  1.00000
  2338      4.45    -19.85  1.00000
  2339      4.45    -19.80  1.00000
  2340      4.45    -19.75  1.00000
  2341      4.45    -19.70  1.00000
  2342      4.45    -19.65  1.00000
  2343      4.45    -19.60  1.00000
  2344      4.45    -19.55  1.00000
  2345      4.45    -19.50  1.00000
  2346      4.45    -19.45  1.00000
  2347      4.45    -19.40  1.00000
  2348      4.45    -19.35  1.00000
  2349      4.45    -19.30  1.00000
  2350      4.45    -19.25  1.00000
  2351      4.45    -19.20  1.00000
  2352      4.45    -19.15  1.00000
  2353      4.45    -19.10  1.00000
  2354      4.45    -19.05  1.00000
  2355      4.45    -19.00  1.00000
  2356      4.45    -18.95  1.00000
  2357      4.45    -18.90  1.00000
  2358      4.45    -18.85  1.00000
  2359      4.45    -18.80  1.00000
  2360      4.45    -18.75  1.00000
  2361      4.45    -18.70  1.00000
  2362      4.45    -18.65  1.00000
  2363      4.45    -18.60  1.00000
  2364      4.45    -18.55  1.00000
  2365      4.45    -18.50  1.00000
  2366      4.45    -18.45  1.00000
  2367      4.45    -18.40  1.00000
  2368      4.45    -18.35  1.00000
  2369      4.45    -18.30  1.00000
  2370      4.45    -18.25  1.00000
  2371      4.45    -18.20  1.00000
  2372      4.45    -18.15  1.00000
  2373      4.45    -18.10  1.00000
  2374      4.45    -18.05  1.00000
  2375      4.45    -18.00  1.00000
  2376      4.45    -17.95  1.00000
  2377      4.45    -17.90  1.00000
  2378      4.45    -17.85  1.00000
  2379      4.45    -17.80  1.00000
  2380      4.45    -17.75  1.00000
  2381      4.45    -17.70  1.00000
  2382      4.45    -17.65  1.00000
  2383      4.45    -17.60  1.00000
  2384      4.45    -17.55  1.00000
  2385      4.45    -17.50  1.00000
  2386      4.45    -17.45  1.00000
  2387      4.45    -17.40  1.00000
  2388      4.45    -17.35  1.00000
  2389      4.45    -17.30  1.00000
  2390      4.45    -17.25  1.00000
  2391      4.45    -17.20  1.00000
  2392      4.45    -17.15  1.00000
  2393      4.45    -17.10  1.00000
  2394      4.45    -17.05  1.00000
  2395      4.45    -17.00  1.00000
  2396      4.45    -16.95  1.00000
  2397      4.45    -16.90  1.00000
  2398      4.45    -16.85  1.00000
  2399      4.45    -16.80  1.00000
  2400      4.45    -16.75  1.00000
  2401      4.45    -16.70  1.00000
  2402      4.45    -16.65  1.00000
  2403      4.45    -16.60  1.00000
  2404      4.45    -16.55  1.00000
  2405      4.45    -16.50  1.00000
  2406      4.45    -16.45  1.00000
  2407      4.45    -16.40  1.00000
  2408      4.45    -16.35  1.00000
  2409      4.45    -16.30  1.00000
  2410      4.45    -16.25  1.00000
  2411      4.45    -16.20  1.00000
  2412      4.45    -16.15  1.00000
  2413      4.45    -16.10  1.00000
  2414      4.45    -16.05  1.00000
  2415      4.45    -16.00  1.00000
  2416      4.45    -15.95  1.00000
  2417      4.45    -15.90  1.00000
  2418      4.45    -15.85  1.00000
  2419      4.45    -15.80  1.00000
  2420      4.45    -15.75  1.00000
  2421      4.45    -15.70  1.00000
  2422      4.45    -15.65  1.00000
  2423      4.45    -15.60  1.00000
  2424      4.45    -15.55  1.00000
  2425      4.45    -15.50  1.00000
  2426      4.45    -15.45  1.00000
  2427      4.45    -15.40  1.00000
  2428      4.45    -15.35  1.00000
  2429      4.45    -15.30  1.00000
  2430      4.45    -15.25  1.00000
  2431      4.45    -15.20  1.00000
  2432      4.45    -15.15  1.00000
  2433      4.45    -15.10  1.00000
  2434      4.45    -15.05  1.00000
  2435      4.45    -15.00  1.00000
  2436      4.45    -14.95  1.00000
  2437      4.50    -20.70  1.00000
  2438      4.50    -20.65  1.00000
  2439      4.50    -20.60  1.00000
  2440      4.50    -20.55  1.00000
  2441      4.50    -20.50  1.00000
  2442      4.50    -20.45  1.00000
  2443      4.50    -20.40  1.00000
  2444      4.50    -20.35  1.00000
  2445      4.50    -20.30  1.00000
  2446      4.50    -20.25  1.00000
  2447      4.50    -20.20  1.00000
  2448      4.50    -20.15  1.00000
  2449      4.50    -20.10  1.00000
  2450      4.50    -20.05  1.00000
  2451      4.50    -20.00  1.00000
  2452      4.50    -19.95  1.00000
  2453      4.50    -19.90  1.00000
  2454      4.50    -19.85  1.00000
  2455      4.50    -19.80  1.00000
  2456      4.50    -19.75  1.00000
  2457      4.50    -19.70  1.00000
  2458      4.50    -19.65  1.00000
  2459      4.50    -19.60  1.00000
  2460      4.50    -19.55  1.00000
  2461      4.50    -19.50  1.00000
  2462      4.50    -19.45  1.00000
  2463      4.50    -19.40  1.00000
  2464      4.50    -19.35  1.00000
  2465      4.50    -19.30  1.00000
  2466      4.50    -19.25  1.00000
  2467      4.50    -19.20  1.00000
  2468      4.50    -19.15  1.00000
  2469      4.50    -19.10  1.00000
  2470      4.50    -19.05  1.00000
  2471      4.50    -19.00  1.00000
  2472      4.50    -18.95  1.00000
  2473      4.50    -18.90  1.00000
  2474      4.50    -18.85  1.00000
  2475      4.50    -18.80  1.00000
  2476      4.50    -18.75  1.00000
  2477      4.50    -18.70  1.00000
  2478      4.50    -18.65  1.00000
  2479      4.50    -18.60  1.00000
  2480      4.50    -18.55  1.00000
  2481      4.50    -18.50  1.00000
  2482      4.50    -18.45  1.00000
  2483      4.50    -18.40  1.00000
  2484      4.50    -18.35  1.00000
  2485      4.50    -18.30  1.00000
  2486      4.50    -18.25  1.00000
  2487      4.50    -18.20  1.00000
  2488      4.50    -18.15  1.00000
  2489      4.50    -18.10  1.00000
  2490      4.50    -18.05  1.00000
  2491      4.50    -18.00  1.00000
  2492      4.50    -17.95  1.00000
  2493      4.50    -17.90  1.00000
  2494      4.50    -17.85  1.00000
  2495      4.50    -17.80  1.00000
  2496      4.50    -17.75  1.00000
  2497      4.50    -17.70  1.00000
  2498      4.50    -17.65  1.00000
  2499      4.50    -17.60  1.00000
  2500      4.50    -17.55  1.00000
  2501      4.50    -17.50  1.00000
  2502      4.50    -17.45  1.00000
  2503      4.50    -17.40  1.00000
  2504      4.50    -17.35  1.00000
  2505      4.50    -17.30  1.00000
  2506      4.50    -17.25  1.00000
  2507      4.50    -17.20  1.00000
  2508      4.50    -17.15  1.00000
  2509      4.50    -17.10  1.00000
  2510      4.50    -17.05  1.00000
  2511      4.50    -17.00  1.00000
  2512      4.50    -16.95  1.00000
  2513      4.50    -16.90  1.00000
  2514      4.50    -16.85  1.00000
  2515      4.50    -16.80  1.00000
  2516      4.50    -16.75  1.00000
  2517      4.50    -16.70  1.00000
  2518      4.50    -16.65  1.00000
  2519      4.50    -16.60  1.00000
  2520      4.50    -16.55  1.00000
  2521      4.50    -16.50  1.00000
  2522      4.50    -16.45  1.00000
  2523      4.50    -16.40  1.00000
  2524      4.50    -16.35  1.00000
  2525      4.50    -16.30  1.00000
  2526      4.50    -16.25  1.00000
  2527      4.50    -16.20  1.00000
  2528      4.50    -16.15  1.00000
  2529      4.50    -16.10  1.00000
  2530      4.50    -16.05  1.00000
  2531      4.50    -16.00  1.00000
  2532      4.50    -15.95  1.00000
  2533      4.50    -15.90  1.00000
  2534      4.50    -15.85  1.00000
  2535      4.50    -15.80  1.00000
  2536      4.50    -15.75  1.00000
  2537      4.50    -15.70  1.00000
  2538      4.50    -15.65  1.00000
  2539      4.50    -15.60  1.00000
  2540      4.50    -15.55  1.00000
  2541      4.50    -15.50  1.00000
  2542      4.50    -15.45  1.00000
  2543      4.50    -15.40  1.00000
  2544      4.50    -15.35  1.00000
  2545      4.50    -15.30  1.00000
  2546      4.50    -15.25  1.00000
  2547      4.50    -15.20  1.00000
  2548      4.50    -15.15  1.00000
  2549      4.50    -15.10  1.00000
  2550      4.50    -15.05  1.00000
  2551      4.50    -15.00  1.00000
  2552      4.50    -14.95  1.00000
  2553      4.55    -20.70  1.00000
  2554      4.55    -20.65  1.00000
  2555      4.55    -20.60  1.00000
  2556      4.55    -20.55  1.00000
  2557      4.55    -20.50  1.00000
  2558      4.55    -20.45  1.00000
  2559      4.55    -20.40  1.00000
  2560      4.55    -20.35  1.00000
  2561      4.55    -20.30  1.00000
  2562      4.55    -20.25  1.00000
  2563      4.55    -20.20  1.00000
  2564      4.55    -20.15  1.00000
  2565      4.55    -20.10  1.00000
  2566      4.55    -20.05  1.00000
  2567      4.55    -20.00  1.00000
  2568      4.55    -19.95  1.00000
  2569      4.55    -19.90  1.00000
  2570      4.55    -19.85  1.00000
  2571      4.55    -19.80  1.00000
  2572      4.55    -19.75  1.00000
  2573      4.55    -19.70  1.00000
  2574      4.55    -19.65  1.00000
  2575      4.55    -19.60  1.00000
  2576      4.55    -19.55  1.00000
  2577      4.55    -19.50  1.00000
  2578      4.55    -19.45  1.00000
  2579      4.55    -19.40  1.00000
  2580      4.55    -19.35  1.00000
  2581      4.55    -19.30  1.00000
  2582      4.55    -19.25  1.00000
  2583      4.55    -19.20  1.00000
  2584      4.55    -19.15  1.00000
  2585      4.55    -19.10  1.00000
  2586      4.55    -19.05  1.00000
  2587      4.55    -19.00  1.00000
  2588      4.55    -18.95  1.00000
  2589      4.55    -18.90  1.00000
  2590      4.55    -18.85  1.00000
  2591      4.55    -18.80  1.00000
  2592      4.55    -18.75  1.00000
  2593      4.55    -18.70  1.00000
  2594      4.55    -18.65  1.00000
  2595      4.55    -18.60  1.00000
  2596      4.55    -18.55  1.00000
  2597      4.55    -18.50  1.00000
  2598      4.55    -18.45  1.00000
  2599      4.55    -18.40  1.00000
  2600      4.55    -18.35  1.00000
  2601      4.55    -18.30  1.00000
  2602      4.55    -18.25  1.00000
  2603      4.55    -18.20  1.00000
  2604      4.55    -18.15  1.00000
  2605      4.55    -18.10  1.00000
  2606      4.55    -18.05  1.00000
  2607      4.55    -18.00  1.00000
  2608      4.55    -17.95  1.00000
  2609      4.55    -17.90  1.00000
  2610      4.55    -17.85  1.00000
  2611      4.55    -17.80  1.00000
  2612      4.55    -17.75  1.00000
  2613      4.55    -17.70  1.00000
  2614      4.55    -17.65  1.00000
  2615      4.55    -17.60  1.00000
  2616      4.55    -17.55  1.00000
  2617      4.55    -17.50  1.00000
  2618      4.55    -17.45  1.00000
  2619      4.55    -17.40  1.00000
  2620      4.55    -17.35  1.00000
  2621      4.55    -17.30  1.00000
  2622      4.55    -17.25  1.00000
  2623      4.55    -17.20  1.00000
  2624      4.55    -17.15  1.00000
  2625      4.55    -17.10  1.00000
  2626      4.55    -17.05  1.00000
  2627      4.55    -17.00  1.00000
  2628      4.55    -16.95  1.00000
  2629      4.55    -16.90  1.00000
  2630      4.55    -16.85  1.00000
  2631      4.55    -16.80  1.00000
  2632      4.55    -16.75  1.00000
  2633      4.55    -16.70  1.00000
  2634      4.55    -16.65  1.00000
  2635      4.55    -16.60  1.00000
  2636      4.55    -16.55  1.00000
  2637      4.55    -16.50  1.00000
  2638      4.55    -16.45  1.00000
  2639      4.55    -16.40  1.00000
  2640      4.55    -16.35  1.00000
  2641      4.55    -16.30  1.00000
  2642      4.55    -16.25  1.00000
  2643      4.55    -16.20  1.00000
  2644      4.55    -16.15  1.00000
  2645      4.55    -16.10  1.00000
  2646      4.55    -16.05  1.00000
  2647      4.55    -16.00  1.00000
  2648      4.55    -15.95  1.00000
  2649      4.55    -15.90  1.00000
  2650      4.55    -15.85  1.00000
  2651      4.55    -15.80  1.00000
  2652      4.55    -15.75  1.00000
  2653      4.55    -15.70  1.00000
  2654      4.55    -15.65  1.00000
  2655      4.55    -15.60  1.00000
  2656      4.55    -15.55  1.00000
  2657      4.55    -15.50  1.00000
  2658      4.55    -15.45  1.00000
  2659      4.55    -15.40  1.00000
  2660      4.55    -15.35  1.00000
  2661      4.55    -15.30  1.00000
  2662      4.55    -15.25  1.00000
  2663      4.55    -15.20  1.00000
  2664      4.55    -15.15  1.00000
  2665      4.55    -15.10  1.00000
  2666      4.55    -15.05  1.00000
  2667      4.55    -15.00  1.00000
  2668      4.55    -14.95  1.00000
  2669      4.60    -20.70  1.00000
  2670      4.60    -20.65  1.00000
  2671      4.60    -20.60  1.00000
  2672      4.60    -20.55  1.00000
  2673      4.60    -20.50  1.00000
  2674      4.60    -20.45  1.00000
  2675      4.60    -20.40  1.00000
  2676      4.60    -20.35  1.00000
  2677      4.60    -20.30  1.00000
  2678      4.60    -20.25  1.00000
  2679      4.60    -20.20  1.00000
  2680      4.60    -20.15  1.00000
  2681      4.60    -20.10  1.00000
  2682      4.60    -20.05  1.00000
  2683      4.60    -20.00  1.00000
  2684      4.60    -19.95  1.00000
  2685      4.60    -19.90  1.00000
  2686      4.60    -19.85  1.00000
  2687      4.60    -19.80  1.00000
  2688      4.60    -19.75  1.00000
  2689      4.60    -19.70  1.00000
  2690      4.60    -19.65  1.00000
  2691      4.60    -19.60  1.00000
  2692      4.60    -19.55  1.00000
  2693      4.60    -19.50  1.00000
  2694      4.60    -19.45  1.00000
  2695      4.60    -19.40  1.00000
  2696      4.60    -19.35  1.00000
  2697      4.60    -19.30  1.00000
  2698      4.60    -19.25  1.00000
  2699      4.60    -19.20  1.00000
  2700      4.60    -19.15  1.00000
  2701      4.60    -19.10  1.00000
  2702      4.60    -19.05  1.00000
  2703      4.60    -19.00  1.00000
  2704      4.60    -18.95  1.00000
  2705      4.60    -18.90  1.00000
  2706      4.60    -18.85  1.00000
  2707      4.60    -18.80  1.00000
  2708      4.60    -18.75  1.00000
  2709      4.60    -18.70  1.00000
  2710      4.60    -18.65  1.00000
  2711      4.60    -18.60  1.00000
  2712      4.60    -18.55  1.00000
  2713      4.60    -18.50  1.00000
  2714      4.60    -18.45  1.00000
  2715      4.60    -18.40  1.00000
  2716      4.60    -18.35  1.00000
  2717      4.60    -18.30  1.00000
  2718      4.60    -18.25  1.00000
  2719      4.60    -18.20  1.00000
  2720      4.60    -18.15  1.00000
  2721      4.60    -18.10  1.00000
  2722      4.60    -18.05  1.00000
  2723      4.60    -18.00  1.00000
  2724      4.60    -17.95  1.00000
  2725      4.60    -17.90  1.00000
  2726      4.60    -17.85  1.00000
  2727      4.60    -17.80  1.00000
  2728      4.60    -17.75  1.00000
  2729      4.60    -17.70  1.00000
  2730      4.60    -17.65  1.00000
  2731      4.60    -17.60  1.00000
  2732      4.60    -17.55  1.00000
  2733      4.60    -17.50  1.00000
  2734      4.60    -17.45  1.00000
  2735      4.60    -17.40  1.00000
  2736      4.60    -17.35  1.00000
  2737      4.60    -17.30  1.00000
  2738      4.60    -17.25  1.00000
  2739      4.60    -17.20  1.00000
  2740      4.60    -17.15  1.00000
  2741      4.60    -17.10  1.00000
  2742      4.60    -17.05  1.00000
  2743      4.60    -17.00  1.00000
  2744      4.60    -16.95  1.00000
  2745      4.60    -16.90  1.00000
  2746      4.60    -16.85  1.00000
  2747      4.60    -16.80  1.00000
  2748      4.60    -16.75  1.00000
  2749      4.60    -16.70  1.00000
  2750      4.60    -16.65  1.00000
  2751      4.60    -16.60  1.00000
  2752      4.60    -16.55  1.00000
  2753      4.60    -16.50  1.00000
  2754      4.60    -16.45  1.00000
  2755      4.60    -16.40  1.00000
  2756      4.60    -16.35  1.00000
  2757      4.60    -16.30  1.00000
  2758      4.60    -16.25  1.00000
  2759      4.60    -16.20  1.00000
  2760      4.60    -16.15  1.00000
  2761      4.60    -16.10  1.00000
  2762      4.60    -16.05  1.00000
  2763      4.60    -16.00  1.00000
  2764      4.60    -15.95  1.00000
  2765      4.60    -15.90  1.00000
  2766      4.60    -15.85  1.00000
  2767      4.60    -15.80  1.00000
  2768      4.60    -15.75  1.00000
  2769      4.60    -15.70  1.00000
  2770      4.60    -15.65  1.00000
  2771      4.60    -15.60  1.00000
  2772      4.60    -15.55  1.00000
  2773      4.60    -15.50  1.00000
  2774      4.60    -15.45  1.00000
  2775      4.60    -15.40  1.00000
  2776      4.60    -15.35  1.00000
  2777      4.60    -15.30  1.00000
  2778      4.60    -15.25  1.00000
  2779      4.60    -15.20  1.00000
  2780      4.60    -15.15  1.00000
  2781      4.60    -15.10  1.00000
  2782      4.60    -15.05  1.00000
  2783      4.60    -15.00  1.00000
  2784      4.60    -14.95  1.00000
  2785      4.65    -20.70  1.00000
  2786      4.65    -20.65  1.00000
  2787      4.65    -20.60  1.00000
  2788      4.65    -20.55  1.00000
  2789      4.65    -20.50  1.00000
  2790      4.65    -20.45  1.00000
  2791      4.65    -20.40  1.00000
  2792      4.65    -20.35  1.00000
  2793      4.65    -20.30  1.00000
  2794      4.65    -20.25  1.00000
  2795      4.65    -20.20  1.00000
  2796      4.65    -20.15  1.00000
  2797      4.65    -20.10  1.00000
  2798      4.65    -20.05  1.00000
  2799      4.65    -20.00  1.00000
  2800      4.65    -19.95  1.00000
  2801      4.65    -19.90  1.00000
  2802      4.65    -19.85  1.00000
  2803      4.65    -19.80  1.00000
  2804      4.65    -19.75  1.00000
  2805      4.65    -19.70  1.00000
  2806      4.65    -19.65  1.00000
  2807      4.65    -19.60  1.00000
  2808      4.65    -19.55  1.00000
  2809      4.65    -19.50  1.00000
  2810      4.65    -19.45  1.00000
  2811      4.65    -19.40  1.00000
  2812      4.65    -19.35  1.00000
  2813      4.65    -19.30  1.00000
  2814      4.65    -19.25  1.00000
  2815      4.65    -19.20  1.00000
  2816      4.65    -19.15  1.00000
  2817      4.65    -19.10  1.00000
  2818      4.65    -19.05  1.00000
  2819      4.65    -19.00  1.00000
  2820      4.65    -18.95  1.00000
  2821      4.65    -18.90  1.00000
  2822      4.65    -18.85  1.00000
  2823      4.65    -18.80  1.00000
  2824      4.65    -18.75  1.00000
  2825      4.65    -18.70  1.00000
  2826      4.65    -18.65  1.00000
  2827      4.65    -18.60  1.00000
  2828      4.65    -18.55  1.00000
  2829      4.65    -18.50  1.00000
  2830      4.65    -18.45  1.00000
  2831      4.65    -18.40  1.00000
  2832      4.65    -18.35  1.00000
  2833      4.65    -18.30  1.00000
  2834      4.65    -18.25  1.00000
  2835      4.65    -18.20  1.00000
  2836      4.65    -18.15  1.00000
  2837      4.65    -18.10  1.00000
  2838      4.65    -18.05  1.00000
  2839      4.65    -18.00  1.00000
  2840      4.65    -17.95  1.00000
  2841      4.65    -17.90  1.00000
  2842      4.65    -17.85  1.00000
  2843      4.65    -17.80  1.00000
  2844      4.65    -17.75  1.00000
  2845      4.65    -17.70  1.00000
  2846      4.65    -17.65  1.00000
  2847      4.65    -17.60  1.00000
  2848      4.65    -17.55  1.00000
  2849      4.65    -17.50  1.00000
  2850      4.65    -17.45  1.00000
  2851      4.65    -17.40  1.00000
  2852      4.65    -17.35  1.00000
  2853      4.65    -17.30  1.00000
  2854      4.65    -17.25  1.00000
  2855      4.65    -17.20  1.00000
  2856      4.65    -17.15  1.00000
  2857      4.65    -17.10  1.00000
  2858      4.65    -17.05  1.00000
  2859      4.65    -17.00  1.00000
  2860      4.65    -16.95  1.00000
  2861      4.65    -16.90  1.00000
  2862      4.65    -16.85  1.00000
  2863      4.65    -16.80  1.00000
  2864      4.65    -16.75  1.00000
  2865      4.65    -16.70  1.00000
  2866      4.65    -16.65  1.00000
  2867      4.65    -16.60  1.00000
  2868      4.65    -16.55  1.00000
  2869      4.65    -16.50  1.00000
  2870      4.65    -16.45  1.00000
  2871      4.65    -16.40  1.00000
  2872      4.65    -16.35  1.00000
  2873      4.65    -16.30  1.00000
  2874      4.65    -16.25  1.00000
  2875      4.65    -16.20  1.00000
  2876      4.65    -16.15  1.00000
  2877      4.65    -16.10  1.00000
  2878      4.65    -16.05  1.00000
  2879      4.65    -16.00  1.00000
  2880      4.65    -15.95  1.00000
  2881      4.65    -15.90  1.00000
  2882      4.65    -15.85  1.00000
  2883      4.65    -15.80  1.00000
  2884      4.65    -15.75  1.00000
  2885      4.65    -15.70  1.00000
  2886      4.65    -15.65  1.00000
  2887      4.65    -15.60  1.00000
  2888      4.65    -15.55  1.00000
  2889      4.65    -15.50  1.00000
  2890      4.65    -15.45  1.00000
  2891      4.65    -15.40  1.00000
  2892      4.65    -15.35  1.00000
  2893      4.65    -15.30  1.00000
  2894      4.65    -15.25  1.00000
  2895      4.65    -15.20  1.00000
  2896      4.65    -15.15  1.00000
  2897      4.65    -15.10  1.00000
  2898      4.65    -15.05  1.00000
  2899      4.65    -15.00  1.00000
  2900      4.65    -14.95  1.00000
  2901      4.70    -20.70  1.00000
  2902      4.70    -20.65  1.00000
  2903      4.70    -20.60  1.00000
  2904      4.70    -20.55  1.00000
  2905      4.70    -20.50  1.00000
  2906      4.70    -20.45  1.00000
  2907      4.70    -20.40  1.00000
  2908      4.70    -20.35  1.00000
  2909      4.70    -20.30  1.00000
  2910      4.70    -20.25  1.00000
  2911      4.70    -20.20  1.00000
  2912      4.70    -20.15  1.00000
  2913      4.70    -20.10  1.00000
  2914      4.70    -20.05  1.00000
  2915      4.70    -20.00  1.00000
  2916      4.70    -19.95  1.00000
  2917      4.70    -19.90  1.00000
  2918      4.70    -19.85  1.00000
  2919      4.70    -19.80  1.00000
  2920      4.70    -19.75  1.00000
  2921      4.70    -19.70  1.00000
  2922      4.70    -19.65  1.00000
  2923      4.70    -19.60  1.00000
  2924      4.70    -19.55  1.00000
  2925      4.70    -19.50  1.00000
  2926      4.70    -19.45  1.00000
  2927      4.70    -19.40  1.00000
  2928      4.70    -19.35  1.00000
  2929      4.70    -19.30  1.00000
  2930      4.70    -19.25  1.00000
  2931      4.70    -19.20  1.00000
  2932      4.70    -19.15  1.00000
  2933      4.70    -19.10  1.00000
  2934      4.70    -19.05  1.00000
  2935      4.70    -19.00  1.00000
  2936      4.70    -18.95  1.00000
  2937      4.70    -18.90  1.00000
  2938      4.70    -18.85  1.00000
  2939      4.70    -18.80  1.00000
  2940      4.70    -18.75  1.00000
  2941      4.70    -18.70  1.00000
  2942      4.70    -18.65  1.00000
  2943      4.70    -18.60  1.00000
  2944      4.70    -18.55  1.00000
  2945      4.70    -18.50  1.00000
  2946      4.70    -18.45  1.00000
  2947      4.70    -18.40  1.00000
  2948      4.70    -18.35  1.00000
  2949      4.70    -18.30  1.00000
  2950      4.70    -18.25  1.00000
  2951      4.70    -18.20  1.00000
  2952      4.70    -18.15  1.00000
  2953      4.70    -18.10  1.00000
  2954      4.70    -18.05  1.00000
  2955      4.70    -18.00  1.00000
  2956      4.70    -17.95  1.00000
  2957      4.70    -17.90  1.00000
  2958      4.70    -17.85  1.00000
  2959      4.70    -17.80  1.00000
  2960      4.70    -17.75  1.00000
  2961      4.70    -17.70  1.00000
  2962      4.70    -17.65  1.00000
  2963      4.70    -17.60  1.00000
  2964      4.70    -17.55  1.00000
  2965      4.70    -17.50  1.00000
  2966      4.70    -17.45  1.00000
  2967      4.70    -17.40  1.00000
  2968      4.70    -17.35  1.00000
  2969      4.70    -17.30  1.00000
  2970      4.70    -17.25  1.00000
  2971      4.70    -17.20  1.00000
  2972      4.70    -17.15  1.00000
  2973      4.70    -17.10  1.00000
  2974      4.70    -17.05  1.00000
  2975      4.70    -17.00  1.00000
  2976      4.70    -16.95  1.00000
  2977      4.70    -16.90  1.00000
  2978      4.70    -16.85  1.00000
  2979      4.70    -16.80  1.00000
  2980      4.70    -16.75  1.00000
  2981      4.70    -16.70  1.00000
  2982      4.70    -16.65  1.00000
  2983      4.70    -16.60  1.00000
  2984      4.70    -16.55  1.00000
  2985      4.70    -16.50  1.00000
  2986      4.70    -16.45  1.00000
  2987      4.70    -16.40  1.00000
  2988      4.70    -16.35  1.00000
  2989      4.70    -16.30  1.00000
  2990      4.70    -16.25  1.00000
  2991      4.70    -16.20  1.00000
  2992      4.70    -16.15  1.00000
  2993      4.70    -16.10  1.00000
  2994      4.70    -16.05  1.00000
  2995      4.70    -16.00  1.00000
  2996      4.70    -15.95  1.00000
  2997      4.70    -15.90  1.00000
  2998      4.70    -15.85  1.00000
  2999      4.70    -15.80  1.00000
  3000      4.70    -15.75  1.00000
  3001      4.70    -15.70  1.00000
  3002      4.70    -15.65  1.00000
  3003      4.70    -15.60  1.00000
  3004      4.70    -15.55  1.00000
  3005      4.70    -15.50  1.00000
  3006      4.70    -15.45  1.00000
  3007      4.70    -15.40  1.00000
  3008      4.70    -15.35  1.00000
  3009      4.70    -15.30  1.00000
  3010      4.70    -15.25  1.00000
  3011      4.70    -15.20  1.00000
  3012      4.70    -15.15  1.00000
  3013      4.70    -15.10  1.00000
  3014      4.70    -15.05  1.00000
  3015      4.70    -15.00  1.00000
  3016      4.70    -14.95  1.00000
  3017      4.75    -20.70  1.00000
  3018      4.75    -20.65  1.00000
  3019      4.75    -20.60  1.00000
  3020      4.75    -20.55  1.00000
  3021      4.75    -20.50  1.00000
  3022      4.75    -20.45  1.00000
  3023      4.75    -20.40  1.00000
  3024      4.75    -20.35  1.00000
  3025      4.75    -20.30  1.00000
  3026      4.75    -20.25  1.00000
  3027      4.75    -20.20  1.00000
  3028      4.75    -20.15  1.00000
  3029      4.75    -20.10  1.00000
  3030      4.75    -20.05  1.00000
  3031      4.75    -20.00  1.00000
  3032      4.75    -19.95  1.00000
  3033      4.75    -19.90  1.00000
  3034      4.75    -19.85  1.00000
  3035      4.75    -19.80  1.00000
  3036      4.75    -19.75  1.00000
  3037      4.75    -19.70  1.00000
  3038      4.75    -19.65  1.00000
  3039      4.75    -19.60  1.00000
  3040      4.75    -19.55  1.00000
  3041      4.75    -19.50  1.00000
  3042      4.75    -19.45  1.00000
  3043      4.75    -19.40  1.00000
  3044      4.75    -19.35  1.00000
  3045      4.75    -19.30  1.00000
  3046      4.75    -19.25  1.00000
  3047      4.75    -19.20  1.00000
  3048      4.75    -19.15  1.00000
  3049      4.75    -19.10  1.00000
  3050      4.75    -19.05  1.00000
  3051      4.75    -19.00  1.00000
  3052      4.75    -18.95  1.00000
  3053      4.75    -18.90  1.00000
  3054      4.75    -18.85  1.00000
  3055      4.75    -18.80  1.00000
  3056      4.75    -18.75  1.00000
  3057      4.75    -18.70  1.00000
  3058      4.75    -18.65  1.00000
  3059      4.75    -18.60  1.00000
  3060      4.75    -18.55  1.00000
  3061      4.75    -18.50  1.00000
  3062      4.75    -18.45  1.00000
  3063      4.75    -18.40  1.00000
  3064      4.75    -18.35  1.00000
  3065      4.75    -18.30  1.00000
  3066      4.75    -18.25  1.00000
  3067      4.75    -18.20  1.00000
  3068      4.75    -18.15  1.00000
  3069      4.75    -18.10  1.00000
  3070      4.75    -18.05  1.00000
  3071      4.75    -18.00  1.00000
  3072      4.75    -17.95  1.00000
  3073      4.75    -17.90  1.00000
  3074      4.75    -17.85  1.00000
  3075      4.75    -17.80  1.00000
  3076      4.75    -17.75  1.00000
  3077      4.75    -17.70  1.00000
  3078      4.75    -17.65  1.00000
  3079      4.75    -17.60  1.00000
  3080      4.75    -17.55  1.00000
  3081      4.75    -17.50  1.00000
  3082      4.75    -17.45  1.00000
  3083      4.75    -17.40  1.00000
  3084      4.75    -17.35  1.00000
  3085      4.75    -17.30  1.00000
  3086      4.75    -17.25  1.00000
  3087      4.75    -17.20  1.00000
  3088      4.75    -17.15  1.00000
  3089      4.75    -17.10  1.00000
  3090      4.75    -17.05  1.00000
  3091      4.75    -17.00  1.00000
  3092      4.75    -16.95  1.00000
  3093      4.75    -16.90  1.00000
  3094      4.75    -16.85  1.00000
  3095      4.75    -16.80  1.00000
  3096      4.75    -16.75  1.00000
  3097      4.75    -16.70  1.00000
  3098      4.75    -16.65  1.00000
  3099      4.75    -16.60  1.00000
  3100      4.75    -16.55  1.00000
  3101      4.75    -16.50  1.00000
  3102      4.75    -16.45  1.00000
  3103      4.75    -16.40  1.00000
  3104      4.75    -16.35  1.00000
  3105      4.75    -16.30  1.00000
  3106      4.75    -16.25  1.00000
  3107      4.75    -16.20  1.00000
  3108      4.75    -16.15  1.00000
  3109      4.75    -16.10  1.00000
  3110      4.75    -16.05  1.00000
  3111      4.75    -16.00  1.00000
  3112      4.75    -15.95  1.00000
  3113      4.75    -15.90  1.00000
  3114      4.75    -15.85  1.00000
  3115      4.75    -15.80  1.00000
  3116      4.75    -15.75  1.00000
  3117      4.75    -15.70  1.00000
  3118      4.75    -15.65  1.00000
  3119      4.75    -15.60  1.00000
  3120      4.75    -15.55  1.00000
  3121      4.75    -15.50  1.00000
  3122      4.75    -15.45  1.00000
  3123      4.75    -15.40  1.00000
  3124      4.75    -15.35  1.00000
  3125      4.75    -15.30  1.00000
  3126      4.75    -15.25  1.00000
  3127      4.75    -15.20  1.00000
  3128      4.75    -15.15  1.00000
  3129      4.75    -15.10  1.00000
  3130      4.75    -15.05  1.00000
  3131      4.75    -15.00  1.00000
  3132      4.75    -14.95  1.00000
  3133      4.80    -20.70  1.00000
  3134      4.80    -20.65  1.00000
  3135      4.80    -20.60  1.00000
  3136      4.80    -20.55  1.00000
  3137      4.80    -20.50  1.00000
  3138      4.80    -20.45  1.00000
  3139      4.80    -20.40  1.00000
  3140      4.80    -20.35  1.00000
  3141      4.80    -20.30  1.00000
  3142      4.80    -20.25  1.00000
  3143      4.80    -20.20  1.00000
  3144      4.80    -20.15  1.00000
  3145      4.80    -20.10  1.00000
  3146      4.80    -20.05  1.00000
  3147      4.80    -20.00  1.00000
  3148      4.80    -19.95  1.00000
  3149      4.80    -19.90  1.00000
  3150      4.80    -19.85  1.00000
  3151      4.80    -19.80  1.00000
  3152      4.80    -19.75  1.00000
  3153      4.80    -19.70  1.00000
  3154      4.80    -19.65  1.00000
  3155      4.80    -19.60  1.00000
  3156      4.80    -19.55  1.00000
  3157      4.80    -19.50  1.00000
  3158      4.80    -19.45  1.00000
  3159      4.80    -19.40  1.00000
  3160      4.80    -19.35  1.00000
  3161      4.80    -19.30  1.00000
  3162      4.80    -19.25  1.00000
  3163      4.80    -19.20  1.00000
  3164      4.80    -19.15  1.00000
  3165      4.80    -19.10  1.00000
  3166      4.80    -19.05  1.00000
  3167      4.80    -19.00  1.00000
  3168      4.80    -18.95  1.00000
  3169      4.80    -18.90  1.00000
  3170      4.80    -18.85  1.00000
  3171      4.80    -18.80  1.00000
  3172      4.80    -18.75  1.00000
  3173      4.80    -18.70  1.00000
  3174      4.80    -18.65  1.00000
  3175      4.80    -18.60  1.00000
  3176      4.80    -18.55  1.00000
  3177      4.80    -18.50  1.00000
  3178      4.80    -18.45  1.00000
  3179      4.80    -18.40  1.00000
  3180      4.80    -18.35  1.00000
  3181      4.80    -18.30  1.00000
  3182      4.80    -18.25  1.00000
  3183      4.80    -18.20  1.00000
  3184      4.80    -18.15  1.00000
  3185      4.80    -18.10  1.00000
  3186      4.80    -18.05  1.00000
  3187      4.80    -18.00  1.00000
  3188      4.80    -17.95  1.00000
  3189      4.80    -17.90  1.00000
  3190      4.80    -17.85  1.00000
  3191      4.80    -17.80  1.00000
  3192      4.80    -17.75  1.00000
  3193      4.80    -17.70  1.00000
  3194      4.80    -17.65  1.00000
  3195      4.80    -17.60  1.00000
  3196      4.80    -17.55  1.00000
  3197      4.80    -17.50  1.00000
  3198      4.80    -17.45  1.00000
  3199      4.80    -17.40  1.00000
  3200      4.80    -17.35  1.00000
  3201      4.80    -17.30  1.00000
  3202      4.80    -17.25  1.00000
  3203      4.80    -17.20  1.00000
  3204      4.80    -17.15  1.00000
  3205      4.80    -17.10  1.00000
  3206      4.80    -17.05  1.00000
  3207      4.80    -17.00  1.00000
  3208      4.80    -16.95  1.00000
  3209      4.80    -16.90  1.00000
  3210      4.80    -16.85  1.00000
  3211      4.80    -16.80  1.00000
  3212      4.80    -16.75  1.00000
  3213      4.80    -16.70  1.00000
  3214      4.80    -16.65  1.00000
  3215      4.80    -16.60  1.00000
  3216      4.80    -16.55  1.00000
  3217      4.80    -16.50  1.00000
  3218      4.80    -16.45  1.00000
  3219      4.80    -16.40  1.00000
  3220      4.80    -16.35  1.00000
  3221      4.80    -16.30  1.00000
  3222      4.80    -16.25  1.00000
  3223      4.80    -16.20  1.00000
  3224      4.80    -16.15  1.00000
  3225      4.80    -16.10  1.00000
  3226      4.80    -16.05  1.00000
  3227      4.80    -16.00  1.00000
  3228      4.80    -15.95  1.00000
  3229      4.80    -15.90  1.00000
  3230      4.80    -15.85  1.00000
  3231      4.80    -15.80  1.00000
  3232      4.80    -15.75  1.00000
  3233      4.80    -15.70  1.00000
  3234      4.80    -15.65  1.00000
  3235      4.80    -15.60  1.00000
  3236      4.80    -15.55  1.00000
  3237      4.80    -15.50  1.00000
  3238      4.80    -15.45  1.00000
  3239      4.80    -15.40  1.00000
  3240      4.80    -15.35  1.00000
  3241      4.80    -15.30  1.00000
  3242      4.80    -15.25  1.00000
  3243      4.80    -15.20  1.00000
  3244      4.80    -15.15  1.00000
  3245      4.80    -15.10  1.00000
  3246      4.80    -15.05  1.00000
  3247      4.80    -15.00  1.00000
  3248      4.80    -14.95  1.00000
  3249      4.85    -20.70  1.00000
  3250      4.85    -20.65  1.00000
  3251      4.85    -20.60  1.00000
  3252      4.85    -20.55  1.00000
  3253      4.85    -20.50  1.00000
  3254      4.85    -20.45  1.00000
  3255      4.85    -20.40  1.00000
  3256      4.85    -20.35  1.00000
  3257      4.85    -20.30  1.00000
  3258      4.85    -20.25  1.00000
  3259      4.85    -20.20  1.00000
  3260      4.85    -20.15  1.00000
  3261      4.85    -20.10  1.00000
  3262      4.85    -20.05  1.00000
  3263      4.85    -20.00  1.00000
  3264      4.85    -19.95  1.00000
  3265      4.85    -19.90  1.00000
  3266      4.85    -19.85  1.00000
  3267      4.85    -19.80  1.00000
  3268      4.85    -19.75  1.00000
  3269      4.85    -19.70  1.00000
  3270      4.85    -19.65  1.00000
  3271      4.85    -19.60  1.00000
  3272      4.85    -19.55  1.00000
  3273      4.85    -19.50  1.00000
  3274      4.85    -19.45  1.00000
  3275      4.85    -19.40  1.00000
  3276      4.85    -19.35  1.00000
  3277      4.85    -19.30  1.00000
  3278      4.85    -19.25  1.00000
  3279      4.85    -19.20  1.00000
  3280      4.85    -19.15  1.00000
  3281      4.85    -19.10  1.00000
  3282      4.85    -19.05  1.00000
  3283      4.85    -19.00  1.00000
  3284      4.85    -18.95  1.00000
  3285      4.85    -18.90  1.00000
  3286      4.85    -18.85  1.00000
  3287      4.85    -18.80  1.00000
  3288      4.85    -18.75  1.00000
  3289      4.85    -18.70  1.00000
  3290      4.85    -18.65  1.00000
  3291      4.85    -18.60  1.00000
  3292      4.85    -18.55  1.00000
  3293      4.85    -18.50  1.00000
  3294      4.85    -18.45  1.00000
  3295      4.85    -18.40  1.00000
  3296      4.85    -18.35  1.00000
  3297      4.85    -18.30  1.00000
  3298      4.85    -18.25  1.00000
  3299      4.85    -18.20  1.00000
  3300      4.85    -18.15  1.00000
  3301      4.85    -18.10  1.00000
  3302      4.85    -18.05  1.00000
  3303      4.85    -18.00  1.00000
  3304      4.85    -17.95  1.00000
  3305      4.85    -17.90  1.00000
  3306      4.85    -17.85  1.00000
  3307      4.85    -17.80  1.00000
  3308      4.85    -17.75  1.00000
  3309      4.85    -17.70  1.00000
  3310      4.85    -17.65  1.00000
  3311      4.85    -17.60  1.00000
  3312      4.85    -17.55  1.00000
  3313      4.85    -17.50  1.00000
  3314      4.85    -17.45  1.00000
  3315      4.85    -17.40  1.00000
  3316      4.85    -17.35  1.00000
  3317      4.85    -17.30  1.00000
  3318      4.85    -17.25  1.00000
  3319      4.85    -17.20  1.00000
  3320      4.85    -17.15  1.00000
  3321      4.85    -17.10  1.00000
  3322      4.85    -17.05  1.00000
  3323      4.85    -17.00  1.00000
  3324      4.85    -16.95  1.00000
  3325      4.85    -16.90  1.00000
  3326      4.85    -16.85  1.00000
  3327      4.85    -16.80  1.00000
  3328      4.85    -16.75  1.00000
  3329      4.85    -16.70  1.00000
  3330      4.85    -16.65  1.00000
  3331      4.85    -16.60  1.00000
  3332      4.85    -16.55  1.00000
  3333      4.85    -16.50  1.00000
  3334      4.85    -16.45  1.00000
  3335      4.85    -16.40  1.00000
  3336      4.85    -16.35  1.00000
  3337      4.85    -16.30  1.00000
  3338      4.85    -16.25  1.00000
  3339      4.85    -16.20  1.00000
  3340      4.85    -16.15  1.00000
  3341      4.85    -16.10  1.00000
  3342      4.85    -16.05  1.00000
  3343      4.85    -16.00  1.00000
  3344      4.85    -15.95  1.00000
  3345      4.85    -15.90  1.00000
  3346      4.85    -15.85  1.00000
  3347      4.85    -15.80  1.00000
  3348      4.85    -15.75  1.00000
  3349      4.85    -15.70  1.00000
  3350      4.85    -15.65  1.00000
  3351      4.85    -15.60  1.00000
  3352      4.85    -15.55  1.00000
  3353      4.85    -15.50  1.00000
  3354      4.85    -15.45  1.00000
  3355      4.85    -15.40  1.00000
  3356      4.85    -15.35  1.00000
  3357      4.85    -15.30  1.00000
  3358      4.85    -15.25  1.00000
  3359      4.85    -15.20  1.00000
  3360      4.85    -15.15  1.00000
  3361      4.85    -15.10  1.00000
  3362      4.85    -15.05  1.00000
  3363      4.85    -15.00  1.00000
  3364      4.85    -14.95  1.00000
  3365      4.90    -20.70  1.00000
  3366      4.90    -20.65  1.00000
  3367      4.90    -20.60  1.00000
  3368      4.90    -20.55  1.00000
  3369      4.90    -20.50  1.00000
  3370      4.90    -20.45  1.00000
  3371      4.90    -20.40  1.00000
  3372      4.90    -20.35  1.00000
  3373      4.90    -20.30  1.00000
  3374      4.90    -20.25  1.00000
  3375      4.90    -20.20  1.00000
  3376      4.90    -20.15  1.00000
  3377      4.90    -20.10  1.00000
  3378      4.90    -20.05  1.00000
  3379      4.90    -20.00  1.00000
  3380      4.90    -19.95  1.00000
  3381      4.90    -19.90  1.00000
  3382      4.90    -19.85  1.00000
  3383      4.90    -19.80  1.00000
  3384      4.90    -19.75  1.00000
  3385      4.90    -19.70  1.00000
  3386      4.90    -19.65  1.00000
  3387      4.90    -19.60  1.00000
  3388      4.90    -19.55  1.00000
  3389      4.90    -19.50  1.00000
  3390      4.90    -19.45  1.00000
  3391      4.90    -19.40  1.00000
  3392      4.90    -19.35  1.00000
  3393      4.90    -19.30  1.00000
  3394      4.90    -19.25  1.00000
  3395      4.90    -19.20  1.00000
  3396      4.90    -19.15  1.00000
  3397      4.90    -19.10  1.00000
  3398      4.90    -19.05  1.00000
  3399      4.90    -19.00  1.00000
  3400      4.90    -18.95  1.00000
  3401      4.90    -18.90  1.00000
  3402      4.90    -18.85  1.00000
  3403      4.90    -18.80  1.00000
  3404      4.90    -18.75  1.00000
  3405      4.90    -18.70  1.00000
  3406      4.90    -18.65  1.00000
  3407      4.90    -18.60  1.00000
  3408      4.90    -18.55  1.00000
  3409      4.90    -18.50  1.00000
  3410      4.90    -18.45  1.00000
  3411      4.90    -18.40  1.00000
  3412      4.90    -18.35  1.00000
  3413      4.90    -18.30  1.00000
  3414      4.90    -18.25  1.00000
  3415      4.90    -18.20  1.00000
  3416      4.90    -18.15  1.00000
  3417      4.90    -18.10  1.00000
  3418      4.90    -18.05  1.00000
  3419      4.90    -18.00  1.00000
  3420      4.90    -17.95  1.00000
  3421      4.90    -17.90  1.00000
  3422      4.90    -17.85  1.00000
  3423      4.90    -17.80  1.00000
  3424      4.90    -17.75  1.00000
  3425      4.90    -17.70  1.00000
  3426      4.90    -17.65  1.00000
  3427      4.90    -17.60  1.00000
  3428      4.90    -17.55  1.00000
  3429      4.90    -17.50  1.00000
  3430      4.90    -17.45  1.00000
  3431      4.90    -17.40  1.00000
  3432      4.90    -17.35  1.00000
  3433      4.90    -17.30  1.00000
  3434      4.90    -17.25  1.00000
  3435      4.90    -17.20  1.00000
  3436      4.90    -17.15  1.00000
  3437      4.90    -17.10  1.00000
  3438      4.90    -17.05  1.00000
  3439      4.90    -17.00  1.00000
  3440      4.90    -16.95  1.00000
  3441      4.90    -16.90  1.00000
  3442      4.90    -16.85  1.00000
  3443      4.90    -16.80  1.00000
  3444      4.90    -16.75  1.00000
  3445      4.90    -16.70  1.00000
  3446      4.90    -16.65  1.00000
  3447      4.90    -16.60  1.00000
  3448      4.90    -16.55  1.00000
  3449      4.90    -16.50  1.00000
  3450      4.90    -16.45  1.00000
  3451      4.90    -16.40  1.00000
  3452      4.90    -16.35  1.00000
  3453      4.90    -16.30  1.00000
  3454      4.90    -16.25  1.00000
  3455      4.90    -16.20  1.00000
  3456      4.90    -16.15  1.00000
  3457      4.90    -16.10  1.00000
  3458      4.90    -16.05  1.00000
  3459      4.90    -16.00  1.00000
  3460      4.90    -15.95  1.00000
  3461      4.90    -15.90  1.00000
  3462      4.90    -15.85  1.00000
  3463      4.90    -15.80  1.00000
  3464      4.90    -15.75  1.00000
  3465      4.90    -15.70  1.00000
  3466      4.90    -15.65  1.00000
  3467      4.90    -15.60  1.00000
  3468      4.90    -15.55  1.00000
  3469      4.90    -15.50  1.00000
  3470      4.90    -15.45  1.00000
  3471      4.90    -15.40  1.00000
  3472      4.90    -15.35  1.00000
  3473      4.90    -15.30  1.00000
  3474      4.90    -15.25  1.00000
  3475      4.90    -15.20  1.00000
  3476      4.90    -15.15  1.00000
  3477      4.90    -15.10  1.00000
  3478      4.90    -15.05  1.00000
  3479      4.90    -15.00  1.00000
  3480      4.90    -14.95  1.00000
  3481      4.95    -20.70  1.00000
  3482      4.95    -20.65  1.00000
  3483      4.95    -20.60  1.00000
  3484      4.95    -20.55  1.00000
  3485      4.95    -20.50  1.00000
  3486      4.95    -20.45  1.00000
  3487      4.95    -20.40  1.00000
  3488      4.95    -20.35  1.00000
  3489      4.95    -20.30  1.00000
  3490      4.95    -20.25  1.00000
  3491      4.95    -20.20  1.00000
  3492      4.95    -20.15  1.00000
  3493      4.95    -20.10  1.00000
  3494      4.95    -20.05  1.00000
  3495      4.95    -20.00  1.00000
  3496      4.95    -19.95  1.00000
  3497      4.95    -19.90  1.00000
  3498      4.95    -19.85  1.00000
  3499      4.95    -19.80  1.00000
  3500      4.95    -19.75  1.00000
  3501      4.95    -19.70  1.00000
  3502      4.95    -19.65  1.00000
  3503      4.95    -19.60  1.00000
  3504      4.95    -19.55  1.00000
  3505      4.95    -19.50  1.00000
  3506      4.95    -19.45  1.00000
  3507      4.95    -19.40  1.00000
  3508      4.95    -19.35  1.00000
  3509      4.95    -19.30  1.00000
  3510      4.95    -19.25  1.00000
  3511      4.95    -19.20  1.00000
  3512      4.95    -19.15  1.00000
  3513      4.95    -19.10  1.00000
  3514      4.95    -19.05  1.00000
  3515      4.95    -19.00  1.00000
  3516      4.95    -18.95  1.00000
  3517      4.95    -18.90  1.00000
  3518      4.95    -18.85  1.00000
  3519      4.95    -18.80  1.00000
  3520      4.95    -18.75  1.00000
  3521      4.95    -18.70  1.00000
  3522      4.95    -18.65  1.00000
  3523      4.95    -18.60  1.00000
  3524      4.95    -18.55  1.00000
  3525      4.95    -18.50  1.00000
  3526      4.95    -18.45  1.00000
  3527      4.95    -18.40  1.00000
  3528      4.95    -18.35  1.00000
  3529      4.95    -18.30  1.00000
  3530      4.95    -18.25  1.00000
  3531      4.95    -18.20  1.00000
  3532      4.95    -18.15  1.00000
  3533      4.95    -18.10  1.00000
  3534      4.95    -18.05  1.00000
  3535      4.95    -18.00  1.00000
  3536      4.95    -17.95  1.00000
  3537      4.95    -17.90  1.00000
  3538      4.95    -17.85  1.00000
  3539      4.95    -17.80  1.00000
  3540      4.95    -17.75  1.00000
  3541      4.95    -17.70  1.00000
  3542      4.95    -17.65  1.00000
  3543      4.95    -17.60  1.00000
  3544      4.95    -17.55  1.00000
  3545      4.95    -17.50  1.00000
  3546      4.95    -17.45  1.00000
  3547      4.95    -17.40  1.00000
  3548      4.95    -17.35  1.00000
  3549      4.95    -17.30  1.00000
  3550      4.95    -17.25  1.00000
  3551      4.95    -17.20  1.00000
  3552      4.95    -17.15  1.00000
  3553      4.95    -17.10  1.00000
  3554      4.95    -17.05  1.00000
  3555      4.95    -17.00  1.00000
  3556      4.95    -16.95  1.00000
  3557      4.95    -16.90  1.00000
  3558      4.95    -16.85  1.00000
  3559      4.95    -16.80  1.00000
  3560      4.95    -16.75  1.00000
  3561      4.95    -16.70  1.00000
  3562      4.95    -16.65  1.00000
  3563      4.95    -16.60  1.00000
  3564      4.95    -16.55  1.00000
  3565      4.95    -16.50  1.00000
  3566      4.95    -16.45  1.00000
  3567      4.95    -16.40  1.00000
  3568      4.95    -16.35  1.00000
  3569      4.95    -16.30  1.00000
  3570      4.95    -16.25  1.00000
  3571      4.95    -16.20  1.00000
  3572      4.95    -16.15  1.00000
  3573      4.95    -16.10  1.00000
  3574      4.95    -16.05  1.00000
  3575      4.95    -16.00  1.00000
  3576      4.95    -15.95  1.00000
  3577      4.95    -15.90  1.00000
  3578      4.95    -15.85  1.00000
  3579      4.95    -15.80  1.00000
  3580      4.95    -15.75  1.00000
  3581      4.95    -15.70  1.00000
  3582      4.95    -15.65  1.00000
  3583      4.95    -15.60  1.00000
  3584      4.95    -15.55  1.00000
  3585      4.95    -15.50  1.00000
  3586      4.95    -15.45  1.00000
  3587      4.95    -15.40  1.00000
  3588      4.95    -15.35  1.00000
  3589      4.95    -15.30  1.00000
  3590      4.95    -15.25  1.00000
  3591      4.95    -15.20  1.00000
  3592      4.95    -15.15  1.00000
  3593      4.95    -15.10  1.00000
  3594      4.95    -15.05  1.00000
  3595      4.95    -15.00  1.00000
  3596      4.95    -14.95  1.00000
  3597      5.00    -20.70  1.00000
  3598      5.00    -20.65  1.00000
  3599      5.00    -20.60  1.00000
  3600      5.00    -20.55  1.00000
  3601      5.00    -20.50  1.00000
  3602      5.00    -20.45  1.00000
  3603      5.00    -20.40  1.00000
  3604      5.00    -20.35  1.00000
  3605      5.00    -20.30  1.00000
  3606      5.00    -20.25  1.00000
  3607      5.00    -20.20  1.00000
  3608      5.00    -20.15  1.00000
  3609      5.00    -20.10  1.00000
  3610      5.00    -20.05  1.00000
  3611      5.00    -20.00  1.00000
  3612      5.00    -19.95  1.00000
  3613      5.00    -19.90  1.00000
  3614      5.00    -19.85  1.00000
  3615      5.00    -19.80  1.00000
  3616      5.00    -19.75  1.00000
  3617      5.00    -19.70  1.00000
  3618      5.00    -19.65  1.00000
  3619      5.00    -19.60  1.00000
  3620      5.00    -19.55  1.00000
  3621      5.00    -19.50  1.00000
  3622      5.00    -19.45  1.00000
  3623      5.00    -19.40  1.00000
  3624      5.00    -19.35  1.00000
  3625      5.00    -19.30  1.00000
  3626      5.00    -19.25  1.00000
  3627      5.00    -19.20  1.00000
  3628      5.00    -19.15  1.00000
  3629      5.00    -19.10  1.00000
  3630      5.00    -19.05  1.00000
  3631      5.00    -19.00  1.00000
  3632      5.00    -18.95  1.00000
  3633      5.00    -18.90  1.00000
  3634      5.00    -18.85  1.00000
  3635      5.00    -18.80  1.00000
  3636      5.00    -18.75  1.00000
  3637      5.00    -18.70  1.00000
  3638      5.00    -18.65  1.00000
  3639      5.00    -18.60  1.00000
  3640      5.00    -18.55  1.00000
  3641      5.00    -18.50  1.00000
  3642      5.00    -18.45  1.00000
  3643      5.00    -18.40  1.00000
  3644      5.00    -18.35  1.00000
  3645      5.00    -18.30  1.00000
  3646      5.00    -18.25  1.00000
  3647      5.00    -18.20  1.00000
  3648      5.00    -18.15  1.00000
  3649      5.00    -18.10  1.00000
  3650      5.00    -18.05  1.00000
  3651      5.00    -18.00  1.00000
  3652      5.00    -17.95  1.00000
  3653      5.00    -17.90  1.00000
  3654      5.00    -17.85  1.00000
  3655      5.00    -17.80  1.00000
  3656      5.00    -17.75  1.00000
  3657      5.00    -17.70  1.00000
  3658      5.00    -17.65  1.00000
  3659      5.00    -17.60  1.00000
  3660      5.00    -17.55  1.00000
  3661      5.00    -17.50  1.00000
  3662      5.00    -17.45  1.00000
  3663      5.00    -17.40  1.00000
  3664      5.00    -17.35  1.00000
  3665      5.00    -17.30  1.00000
  3666      5.00    -17.25  1.00000
  3667      5.00    -17.20  1.00000
  3668      5.00    -17.15  1.00000
  3669      5.00    -17.10  1.00000
  3670      5.00    -17.05  1.00000
  3671      5.00    -17.00  1.00000
  3672      5.00    -16.95  1.00000
  3673      5.00    -16.90  1.00000
  3674      5.00    -16.85  1.00000
  3675      5.00    -16.80  1.00000
  3676      5.00    -16.75  1.00000
  3677      5.00    -16.70  1.00000
  3678      5.00    -16.65  1.00000
  3679      5.00    -16.60  1.00000
  3680      5.00    -16.55  1.00000
  3681      5.00    -16.50  1.00000
  3682      5.00    -16.45  1.00000
  3683      5.00    -16.40  1.00000
  3684      5.00    -16.35  1.00000
  3685      5.00    -16.30  1.00000
  3686      5.00    -16.25  1.00000
  3687      5.00    -16.20  1.00000
  3688      5.00    -16.15  1.00000
  3689      5.00    -16.10  1.00000
  3690      5.00    -16.05  1.00000
  3691      5.00    -16.00  1.00000
  3692      5.00    -15.95  1.00000
  3693      5.00    -15.90  1.00000
  3694      5.00    -15.85  1.00000
  3695      5.00    -15.80  1.00000
  3696      5.00    -15.75  1.00000
  3697      5.00    -15.70  1.00000
  3698      5.00    -15.65  1.00000
  3699      5.00    -15.60  1.00000
  3700      5.00    -15.55  1.00000
  3701      5.00    -15.50  1.00000
  3702      5.00    -15.45  1.00000
  3703      5.00    -15.40  1.00000
  3704      5.00    -15.35  1.00000
  3705      5.00    -15.30  1.00000
  3706      5.00    -15.25  1.00000
  3707      5.00    -15.20  1.00000
  3708      5.00    -15.15  1.00000
  3709      5.00    -15.10  1.00000
  3710      5.00    -15.05  1.00000
  3711      5.00    -15.00  1.00000
  3712      5.00    -14.95  1.00000
  3713      5.05    -20.70  1.00000
  3714      5.05    -20.65  1.00000
  3715      5.05    -20.60  1.00000
  3716      5.05    -20.55  1.00000
  3717      5.05    -20.50  1.00000
  3718      5.05    -20.45  1.00000
  3719      5.05    -20.40  1.00000
  3720      5.05    -20.35  1.00000
  3721      5.05    -20.30  1.00000
  3722      5.05    -20.25  1.00000
  3723      5.05    -20.20  1.00000
  3724      5.05    -20.15  1.00000
  3725      5.05    -20.10  1.00000
  3726      5.05    -20.05  1.00000
  3727      5.05    -20.00  1.00000
  3728      5.05    -19.95  1.00000
  3729      5.05    -19.90  1.00000
  3730      5.05    -19.85  1.00000
  3731      5.05    -19.80  1.00000
  3732      5.05    -19.75  1.00000
  3733      5.05    -19.70  1.00000
  3734      5.05    -19.65  1.00000
  3735      5.05    -19.60  1.00000
  3736      5.05    -19.55  1.00000
  3737      5.05    -19.50  1.00000
  3738      5.05    -19.45  1.00000
  3739      5.05    -19.40  1.00000
  3740      5.05    -19.35  1.00000
  3741      5.05    -19.30  1.00000
  3742      5.05    -19.25  1.00000
  3743      5.05    -19.20  1.00000
  3744      5.05    -19.15  1.00000
  3745      5.05    -19.10  1.00000
  3746      5.05    -19.05  1.00000
  3747      5.05    -19.00  1.00000
  3748      5.05    -18.95  1.00000
  3749      5.05    -18.90  1.00000
  3750      5.05    -18.85  1.00000
  3751      5.05    -18.80  1.00000
  3752      5.05    -18.75  1.00000
  3753      5.05    -18.70  1.00000
  3754      5.05    -18.65  1.00000
  3755      5.05    -18.60  1.00000
  3756      5.05    -18.55  1.00000
  3757      5.05    -18.50  1.00000
  3758      5.05    -18.45  1.00000
  3759      5.05    -18.40  1.00000
  3760      5.05    -18.35  1.00000
  3761      5.05    -18.30  1.00000
  3762      5.05    -18.25  1.00000
  3763      5.05    -18.20  1.00000
  3764      5.05    -18.15  1.00000
  3765      5.05    -18.10  1.00000
  3766      5.05    -18.05  1.00000
  3767      5.05    -18.00  1.00000
  3768      5.05    -17.95  1.00000
  3769      5.05    -17.90  1.00000
  3770      5.05    -17.85  1.00000
  3771      5.05    -17.80  1.00000
  3772      5.05    -17.75  1.00000
  3773      5.05    -17.70  1.00000
  3774      5.05    -17.65  1.00000
  3775      5.05    -17.60  1.00000
  3776      5.05    -17.55  1.00000
  3777      5.05    -17.50  1.00000
  3778      5.05    -17.45  1.00000
  3779      5.05    -17.40  1.00000
  3780      5.05    -17.35  1.00000
  3781      5.05    -17.30  1.00000
  3782      5.05    -17.25  1.00000
  3783      5.05    -17.20  1.00000
  3784      5.05    -17.15  1.00000
  3785      5.05    -17.10  1.00000
  3786      5.05    -17.05  1.00000
  3787      5.05    -17.00  1.00000
  3788      5.05    -16.95  1.00000
  3789      5.05    -16.90  1.00000
  3790      5.05    -16.85  1.00000
  3791      5.05    -16.80  1.00000
  3792      5.05    -16.75  1.00000
  3793      5.05    -16.70  1.00000
  3794      5.05    -16.65  1.00000
  3795      5.05    -16.60  1.00000
  3796      5.05    -16.55  1.00000
  3797      5.05    -16.50  1.00000
  3798      5.05    -16.45  1.00000
  3799      5.05    -16.40  1.00000
  3800      5.05    -16.35  1.00000
  3801      5.05    -16.30  1.00000
  3802      5.05    -16.25  1.00000
  3803      5.05    -16.20  1.00000
  3804      5.05    -16.15  1.00000
  3805      5.05    -16.10  1.00000
  3806      5.05    -16.05  1.00000
  3807      5.05    -16.00  1.00000
  3808      5.05    -15.95  1.00000
  3809      5.05    -15.90  1.00000
  3810      5.05    -15.85  1.00000
  3811      5.05    -15.80  1.00000
  3812      5.05    -15.75  1.00000
  3813      5.05    -15.70  1.00000
  3814      5.05    -15.65  1.00000
  3815      5.05    -15.60  1.00000
  3816      5.05    -15.55  1.00000
  3817      5.05    -15.50  1.00000
  3818      5.05    -15.45  1.00000
  3819      5.05    -15.40  1.00000
  3820      5.05    -15.35  1.00000
  3821      5.05    -15.30  1.00000
  3822      5.05    -15.25  1.00000
  3823      5.05    -15.20  1.00000
  3824      5.05    -15.15  1.00000
  3825      5.05    -15.10  1.00000
  3826      5.05    -15.05  1.00000
  3827      5.05    -15.00  1.00000
  3828      5.05    -14.95  1.00000
  3829      5.10    -20.70  1.00000
  3830      5.10    -20.65  1.00000
  3831      5.10    -20.60  1.00000
  3832      5.10    -20.55  1.00000
  3833      5.10    -20.50  1.00000
  3834      5.10    -20.45  1.00000
  3835      5.10    -20.40  1.00000
  3836      5.10    -20.35  1.00000
  3837      5.10    -20.30  1.00000
  3838      5.10    -20.25  1.00000
  3839      5.10    -20.20  1.00000
  3840      5.10    -20.15  1.00000
  3841      5.10    -20.10  1.00000
  3842      5.10    -20.05  1.00000
  3843      5.10    -20.00  1.00000
  3844      5.10    -19.95  1.00000
  3845      5.10    -19.90  1.00000
  3846      5.10    -19.85  1.00000
  3847      5.10    -19.80  1.00000
  3848      5.10    -19.75  1.00000
  3849      5.10    -19.70  1.00000
  3850      5.10    -19.65  1.00000
  3851      5.10    -19.60  1.00000
  3852      5.10    -19.55  1.00000
  3853      5.10    -19.50  1.00000
  3854      5.10    -19.45  1.00000
  3855      5.10    -19.40  1.00000
  3856      5.10    -19.35  1.00000
  3857      5.10    -19.30  1.00000
  3858      5.10    -19.25  1.00000
  3859      5.10    -19.20  1.00000
  3860      5.10    -19.15  1.00000
  3861      5.10    -19.10  1.00000
  3862      5.10    -19.05  1.00000
  3863      5.10    -19.00  1.00000
  3864      5.10    -18.95  1.00000
  3865      5.10    -18.90  1.00000
  3866      5.10    -18.85  1.00000
  3867      5.10    -18.80  1.00000
  3868      5.10    -18.75  1.00000
  3869      5.10    -18.70  1.00000
  3870      5.10    -18.65  1.00000
  3871      5.10    -18.60  1.00000
  3872      5.10    -18.55  1.00000
  3873      5.10    -18.50  1.00000
  3874      5.10    -18.45  1.00000
  3875      5.10    -18.40  1.00000
  3876      5.10    -18.35  1.00000
  3877      5.10    -18.30  1.00000
  3878      5.10    -18.25  1.00000
  3879      5.10    -18.20  1.00000
  3880      5.10    -18.15  1.00000
  3881      5.10    -18.10  1.00000
  3882      5.10    -18.05  1.00000
  3883      5.10    -18.00  1.00000
  3884      5.10    -17.95  1.00000
  3885      5.10    -17.90  1.00000
  3886      5.10    -17.85  1.00000
  3887      5.10    -17.80  1.00000
  3888      5.10    -17.75  1.00000
  3889      5.10    -17.70  1.00000
  3890      5.10    -17.65  1.00000
  3891      5.10    -17.60  1.00000
  3892      5.10    -17.55  1.00000
  3893      5.10    -17.50  1.00000
  3894      5.10    -17.45  1.00000
  3895      5.10    -17.40  1.00000
  3896      5.10    -17.35  1.00000
  3897      5.10    -17.30  1.00000
  3898      5.10    -17.25  1.00000
  3899      5.10    -17.20  1.00000
  3900      5.10    -17.15  1.00000
  3901      5.10    -17.10  1.00000
  3902      5.10    -17.05  1.00000
  3903      5.10    -17.00  1.00000
  3904      5.10    -16.95  1.00000
  3905      5.10    -16.90  1.00000
  3906      5.10    -16.85  1.00000
  3907      5.10    -16.80  1.00000
  3908      5.10    -16.75  1.00000
  3909      5.10    -16.70  1.00000
  3910      5.10    -16.65  1.00000
  3911      5.10    -16.60  1.00000
  3912      5.10    -16.55  1.00000
  3913      5.10    -16.50  1.00000
  3914      5.10    -16.45  1.00000
  3915      5.10    -16.40  1.00000
  3916      5.10    -16.35  1.00000
  3917      5.10    -16.30  1.00000
  3918      5.10    -16.25  1.00000
  3919      5.10    -16.20  1.00000
  3920      5.10    -16.15  1.00000
  3921      5.10    -16.10  1.00000
  3922      5.10    -16.05  1.00000
  3923      5.10    -16.00  1.00000
  3924      5.10    -15.95  1.00000
  3925      5.10    -15.90  1.00000
  3926      5.10    -15.85  1.00000
  3927      5.10    -15.80  1.00000
  3928      5.10    -15.75  1.00000
  3929      5.10    -15.70  1.00000
  3930      5.10    -15.65  1.00000
  3931      5.10    -15.60  1.00000
  3932      5.10    -15.55  1.00000
  3933      5.10    -15.50  1.00000
  3934      5.10    -15.45  1.00000
  3935      5.10    -15.40  1.00000
  3936      5.10    -15.35  1.00000
  3937      5.10    -15.30  1.00000
  3938      5.10    -15.25  1.00000
  3939      5.10    -15.20  1.00000
  3940      5.10    -15.15  1.00000
  3941      5.10    -15.10  1.00000
  3942      5.10    -15.05  1.00000
  3943      5.10    -15.00  1.00000
  3944      5.10    -14.95  1.00000
  3945      5.15    -20.70  1.00000
  3946      5.15    -20.65  1.00000
  3947      5.15    -20.60  1.00000
  3948      5.15    -20.55  1.00000
  3949      5.15    -20.50  1.00000
  3950      5.15    -20.45  1.00000
  3951      5.15    -20.40  1.00000
  3952      5.15    -20.35  1.00000
  3953      5.15    -20.30  1.00000
  3954      5.15    -20.25  1.00000
  3955      5.15    -20.20  1.00000
  3956      5.15    -20.15  1.00000
  3957      5.15    -20.10  1.00000
  3958      5.15    -20.05  1.00000
  3959      5.15    -20.00  1.00000
  3960      5.15    -19.95  1.00000
  3961      5.15    -19.90  1.00000
  3962      5.15    -19.85  1.00000
  3963      5.15    -19.80  1.00000
  3964      5.15    -19.75  1.00000
  3965      5.15    -19.70  1.00000
  3966      5.15    -19.65  1.00000
  3967      5.15    -19.60  1.00000
  3968      5.15    -19.55  1.00000
  3969      5.15    -19.50  1.00000
  3970      5.15    -19.45  1.00000
  3971      5.15    -19.40  1.00000
  3972      5.15    -19.35  1.00000
  3973      5.15    -19.30  1.00000
  3974      5.15    -19.25  1.00000
  3975      5.15    -19.20  1.00000
  3976      5.15    -19.15  1.00000
  3977      5.15    -19.10  1.00000
  3978      5.15    -19.05  1.00000
  3979      5.15    -19.00  1.00000
  3980      5.15    -18.95  1.00000
  3981      5.15    -18.90  1.00000
  3982      5.15    -18.85  1.00000
  3983      5.15    -18.80  1.00000
  3984      5.15    -18.75  1.00000
  3985      5.15    -18.70  1.00000
  3986      5.15    -18.65  1.00000
  3987      5.15    -18.60  1.00000
  3988      5.15    -18.55  1.00000
  3989      5.15    -18.50  1.00000
  3990      5.15    -18.45  1.00000
  3991      5.15    -18.40  1.00000
  3992      5.15    -18.35  1.00000
  3993      5.15    -18.30  1.00000
  3994      5.15    -18.25  1.00000
  3995      5.15    -18.20  1.00000
  3996      5.15    -18.15  1.00000
  3997      5.15    -18.10  1.00000
  3998      5.15    -18.05  1.00000
  3999      5.15    -18.00  1.00000
  4000      5.15    -17.95  1.00000
  4001      5.15    -17.90  1.00000
  4002      5.15    -17.85  1.00000
  4003      5.15    -17.80  1.00000
  4004      5.15    -17.75  1.00000
  4005      5.15    -17.70  1.00000
  4006      5.15    -17.65  1.00000
  4007      5.15    -17.60  1.00000
  4008      5.15    -17.55  1.00000
  4009      5.15    -17.50  1.00000
  4010      5.15    -17.45  1.00000
  4011      5.15    -17.40  1.00000
  4012      5.15    -17.35  1.00000
  4013      5.15    -17.30  1.00000
  4014      5.15    -17.25  1.00000
  4015      5.15    -17.20  1.00000
  4016      5.15    -17.15  1.00000
  4017      5.15    -17.10  1.00000
  4018      5.15    -17.05  1.00000
  4019      5.15    -17.00  1.00000
  4020      5.15    -16.95  1.00000
  4021      5.15    -16.90  1.00000
  4022      5.15    -16.85  1.00000
  4023      5.15    -16.80  1.00000
  4024      5.15    -16.75  1.00000
  4025      5.15    -16.70  1.00000
  4026      5.15    -16.65  1.00000
  4027      5.15    -16.60  1.00000
  4028      5.15    -16.55  1.00000
  4029      5.15    -16.50  1.00000
  4030      5.15    -16.45  1.00000
  4031      5.15    -16.40  1.00000
  4032      5.15    -16.35  1.00000
  4033      5.15    -16.30  1.00000
  4034      5.15    -16.25  1.00000
  4035      5.15    -16.20  1.00000
  4036      5.15    -16.15  1.00000
  4037      5.15    -16.10  1.00000
  4038      5.15    -16.05  1.00000
  4039      5.15    -16.00  1.00000
  4040      5.15    -15.95  1.00000
  4041      5.15    -15.90  1.00000
  4042      5.15    -15.85  1.00000
  4043      5.15    -15.80  1.00000
  4044      5.15    -15.75  1.00000
  4045      5.15    -15.70  1.00000
  4046      5.15    -15.65  1.00000
  4047      5.15    -15.60  1.00000
  4048      5.15    -15.55  1.00000
  4049      5.15    -15.50  1.00000
  4050      5.15    -15.45  1.00000
  4051      5.15    -15.40  1.00000
  4052      5.15    -15.35  1.00000
  4053      5.15    -15.30  1.00000
  4054      5.15    -15.25  1.00000
  4055      5.15    -15.20  1.00000
  4056      5.15    -15.15  1.00000
  4057      5.15    -15.10  1.00000
  4058      5.15    -15.05  1.00000
  4059      5.15    -15.00  1.00000
  4060      5.15    -14.95  1.00000
  4061      5.20    -20.70  1.00000
  4062      5.20    -20.65  1.00000
  4063      5.20    -20.60  1.00000
  4064      5.20    -20.55  1.00000
  4065      5.20    -20.50  1.00000
  4066      5.20    -20.45  1.00000
  4067      5.20    -20.40  1.00000
  4068      5.20    -20.35  1.00000
  4069      5.20    -20.30  1.00000
  4070      5.20    -20.25  1.00000
  4071      5.20    -20.20  1.00000
  4072      5.20    -20.15  1.00000
  4073      5.20    -20.10  1.00000
  4074      5.20    -20.05  1.00000
  4075      5.20    -20.00  1.00000
  4076      5.20    -19.95  1.00000
  4077      5.20    -19.90  1.00000
  4078      5.20    -19.85  1.00000
  4079      5.20    -19.80  1.00000
  4080      5.20    -19.75  1.00000
  4081      5.20    -19.70  1.00000
  4082      5.20    -19.65  1.00000
  4083      5.20    -19.60  1.00000
  4084      5.20    -19.55  1.00000
  4085      5.20    -19.50  1.00000
  4086      5.20    -19.45  1.00000
  4087      5.20    -19.40  1.00000
  4088      5.20    -19.35  1.00000
  4089      5.20    -19.30  1.00000
  4090      5.20    -19.25  1.00000
  4091      5.20    -19.20  1.00000
  4092      5.20    -19.15  1.00000
  4093      5.20    -19.10  1.00000
  4094      5.20    -19.05  1.00000
  4095      5.20    -19.00  1.00000
  4096      5.20    -18.95  1.00000
  4097      5.20    -18.90  1.00000
  4098      5.20    -18.85  1.00000
  4099      5.20    -18.80  1.00000
  4100      5.20    -18.75  1.00000
  4101      5.20    -18.70  1.00000
  4102      5.20    -18.65  1.00000
  4103      5.20    -18.60  1.00000
  4104      5.20    -18.55  1.00000
  4105      5.20    -18.50  1.00000
  4106      5.20    -18.45  1.00000
  4107      5.20    -18.40  1.00000
  4108      5.20    -18.35  1.00000
  4109      5.20    -18.30  1.00000
  4110      5.20    -18.25  1.00000
  4111      5.20    -18.20  1.00000
  4112      5.20    -18.15  1.00000
  4113      5.20    -18.10  1.00000
  4114      5.20    -18.05  1.00000
  4115      5.20    -18.00  1.00000
  4116      5.20    -17.95  1.00000
  4117      5.20    -17.90  1.00000
  4118      5.20    -17.85  1.00000
  4119      5.20    -17.80  1.00000
  4120      5.20    -17.75  1.00000
  4121      5.20    -17.70  1.00000
  4122      5.20    -17.65  1.00000
  4123      5.20    -17.60  1.00000
  4124      5.20    -17.55  1.00000
  4125      5.20    -17.50  1.00000
  4126      5.20    -17.45  1.00000
  4127      5.20    -17.40  1.00000
  4128      5.20    -17.35  1.00000
  4129      5.20    -17.30  1.00000
  4130      5.20    -17.25  1.00000
  4131      5.20    -17.20  1.00000
  4132      5.20    -17.15  1.00000
  4133      5.20    -17.10  1.00000
  4134      5.20    -17.05  1.00000
  4135      5.20    -17.00  1.00000
  4136      5.20    -16.95  1.00000
  4137      5.20    -16.90  1.00000
  4138      5.20    -16.85  1.00000
  4139      5.20    -16.80  1.00000
  4140      5.20    -16.75  1.00000
  4141      5.20    -16.70  1.00000
  4142      5.20    -16.65  1.00000
  4143      5.20    -16.60  1.00000
  4144      5.20    -16.55  1.00000
  4145      5.20    -16.50  1.00000
  4146      5.20    -16.45  1.00000
  4147      5.20    -16.40  1.00000
  4148      5.20    -16.35  1.00000
  4149      5.20    -16.30  1.00000
  4150      5.20    -16.25  1.00000
  4151      5.20    -16.20  1.00000
  4152      5.20    -16.15  1.00000
  4153      5.20    -16.10  1.00000
  4154      5.20    -16.05  1.00000
  4155      5.20    -16.00  1.00000
  4156      5.20    -15.95  1.00000
  4157      5.20    -15.90  1.00000
  4158      5.20    -15.85  1.00000
  4159      5.20    -15.80  1.00000
  4160      5.20    -15.75  1.00000
  4161      5.20    -15.70  1.00000
  4162      5.20    -15.65  1.00000
  4163      5.20    -15.60  1.00000
  4164      5.20    -15.55  1.00000
  4165      5.20    -15.50  1.00000
  4166      5.20    -15.45  1.00000
  4167      5.20    -15.40  1.00000
  4168      5.20    -15.35  1.00000
  4169      5.20    -15.30  1.00000
  4170      5.20    -15.25  1.00000
  4171      5.20    -15.20  1.00000
  4172      5.20    -15.15  1.00000
  4173      5.20    -15.10  1.00000
  4174      5.20    -15.05  1.00000
  4175      5.20    -15.00  1.00000
  4176      5.20    -14.95  1.00000
  4177      5.25    -20.70  1.00000
  4178      5.25    -20.65  1.00000
  4179      5.25    -20.60  1.00000
  4180      5.25    -20.55  1.00000
  4181      5.25    -20.50  1.00000
  4182      5.25    -20.45  1.00000
  4183      5.25    -20.40  1.00000
  4184      5.25    -20.35  1.00000
  4185      5.25    -20.30  1.00000
  4186      5.25    -20.25  1.00000
  4187      5.25    -20.20  1.00000
  4188      5.25    -20.15  1.00000
  4189      5.25    -20.10  1.00000
  4190      5.25    -20.05  1.00000
  4191      5.25    -20.00  1.00000
  4192      5.25    -19.95  1.00000
  4193      5.25    -19.90  1.00000
  4194      5.25    -19.85  1.00000
  4195      5.25    -19.80  1.00000
  4196      5.25    -19.75  1.00000
  4197      5.25    -19.70  1.00000
  4198      5.25    -19.65  1.00000
  4199      5.25    -19.60  1.00000
  4200      5.25    -19.55  1.00000
  4201      5.25    -19.50  1.00000
  4202      5.25    -19.45  1.00000
  4203      5.25    -19.40  1.00000
  4204      5.25    -19.35  1.00000
  4205      5.25    -19.30  1.00000
  4206      5.25    -19.25  1.00000
  4207      5.25    -19.20  1.00000
  4208      5.25    -19.15  1.00000
  4209      5.25    -19.10  1.00000
  4210      5.25    -19.05  1.00000
  4211      5.25    -19.00  1.00000
  4212      5.25    -18.95  1.00000
  4213      5.25    -18.90  1.00000
  4214      5.25    -18.85  1.00000
  4215      5.25    -18.80  1.00000
  4216      5.25    -18.75  1.00000
  4217      5.25    -18.70  1.00000
  4218      5.25    -18.65  1.00000
  4219      5.25    -18.60  1.00000
  4220      5.25    -18.55  1.00000
  4221      5.25    -18.50  1.00000
  4222      5.25    -18.45  1.00000
  4223      5.25    -18.40  1.00000
  4224      5.25    -18.35  1.00000
  4225      5.25    -18.30  1.00000
  4226      5.25    -18.25  1.00000
  4227      5.25    -18.20  1.00000
  4228      5.25    -18.15  1.00000
  4229      5.25    -18.10  1.00000
  4230      5.25    -18.05  1.00000
  4231      5.25    -18.00  1.00000
  4232      5.25    -17.95  1.00000
  4233      5.25    -17.90  1.00000
  4234      5.25    -17.85  1.00000
  4235      5.25    -17.80  1.00000
  4236      5.25    -17.75  1.00000
  4237      5.25    -17.70  1.00000
  4238      5.25    -17.65  1.00000
  4239      5.25    -17.60  1.00000
  4240      5.25    -17.55  1.00000
  4241      5.25    -17.50  1.00000
  4242      5.25    -17.45  1.00000
  4243      5.25    -17.40  1.00000
  4244      5.25    -17.35  1.00000
  4245      5.25    -17.30  1.00000
  4246      5.25    -17.25  1.00000
  4247      5.25    -17.20  1.00000
  4248      5.25    -17.15  1.00000
  4249      5.25    -17.10  1.00000
  4250      5.25    -17.05  1.00000
  4251      5.25    -17.00  1.00000
  4252      5.25    -16.95  1.00000
  4253      5.25    -16.90  1.00000
  4254      5.25    -16.85  1.00000
  4255      5.25    -16.80  1.00000
  4256      5.25    -16.75  1.00000
  4257      5.25    -16.70  1.00000
  4258      5.25    -16.65  1.00000
  4259      5.25    -16.60  1.00000
  4260      5.25    -16.55  1.00000
  4261      5.25    -16.50  1.00000
  4262      5.25    -16.45  1.00000
  4263      5.25    -16.40  1.00000
  4264      5.25    -16.35  1.00000
  4265      5.25    -16.30  1.00000
  4266      5.25    -16.25  1.00000
  4267      5.25    -16.20  1.00000
  4268      5.25    -16.15  1.00000
  4269      5.25    -16.10  1.00000
  4270      5.25    -16.05  1.00000
  4271      5.25    -16.00  1.00000
  4272      5.25    -15.95  1.00000
  4273      5.25    -15.90  1.00000
  4274      5.25    -15.85  1.00000
  4275      5.25    -15.80  1.00000
  4276      5.25    -15.75  1.00000
  4277      5.25    -15.70  1.00000
  4278      5.25    -15.65  1.00000
  4279      5.25    -15.60  1.00000
  4280      5.25    -15.55  1.00000
  4281      5.25    -15.50  1.00000
  4282      5.25    -15.45  1.00000
  4283      5.25    -15.40  1.00000
  4284      5.25    -15.35  1.00000
  4285      5.25    -15.30  1.00000
  4286      5.25    -15.25  1.00000
  4287      5.25    -15.20  1.00000
  4288      5.25    -15.15  1.00000
  4289      5.25    -15.10  1.00000
  4290      5.25    -15.05  1.00000
  4291      5.25    -15.00  1.00000
  4292      5.25    -14.95  1.00000
  4293      5.30    -20.70  1.00000
  4294      5.30    -20.65  1.00000
  4295      5.30    -20.60  1.00000
  4296      5.30    -20.55  1.00000
  4297      5.30    -20.50  1.00000
  4298      5.30    -20.45  1.00000
  4299      5.30    -20.40  1.00000
  4300      5.30    -20.35  1.00000
  4301      5.30    -20.30  1.00000
  4302      5.30    -20.25  1.00000
  4303      5.30    -20.20  1.00000
  4304      5.30    -20.15  1.00000
  4305      5.30    -20.10  1.00000
  4306      5.30    -20.05  1.00000
  4307      5.30    -20.00  1.00000
  4308      5.30    -19.95  1.00000
  4309      5.30    -19.90  1.00000
  4310      5.30    -19.85  1.00000
  4311      5.30    -19.80  1.00000
  4312      5.30    -19.75  1.00000
  4313      5.30    -19.70  1.00000
  4314      5.30    -19.65  1.00000
  4315      5.30    -19.60  1.00000
  4316      5.30    -19.55  1.00000
  4317      5.30    -19.50  1.00000
  4318      5.30    -19.45  1.00000
  4319      5.30    -19.40  1.00000
  4320      5.30    -19.35  1.00000
  4321      5.30    -19.30  1.00000
  4322      5.30    -19.25  1.00000
  4323      5.30    -19.20  1.00000
  4324      5.30    -19.15  1.00000
  4325      5.30    -19.10  1.00000
  4326      5.30    -19.05  1.00000
  4327      5.30    -19.00  1.00000
  4328      5.30    -18.95  1.00000
  4329      5.30    -18.90  1.00000
  4330      5.30    -18.85  1.00000
  4331      5.30    -18.80  1.00000
  4332      5.30    -18.75  1.00000
  4333      5.30    -18.70  1.00000
  4334      5.30    -18.65  1.00000
  4335      5.30    -18.60  1.00000
  4336      5.30    -18.55  1.00000
  4337      5.30    -18.50  1.00000
  4338      5.30    -18.45  1.00000
  4339      5.30    -18.40  1.00000
  4340      5.30    -18.35  1.00000
  4341      5.30    -18.30  1.00000
  4342      5.30    -18.25  1.00000
  4343      5.30    -18.20  1.00000
  4344      5.30    -18.15  1.00000
  4345      5.30    -18.10  1.00000
  4346      5.30    -18.05  1.00000
  4347      5.30    -18.00  1.00000
  4348      5.30    -17.95  1.00000
  4349      5.30    -17.90  1.00000
  4350      5.30    -17.85  1.00000
  4351      5.30    -17.80  1.00000
  4352      5.30    -17.75  1.00000
  4353      5.30    -17.70  1.00000
  4354      5.30    -17.65  1.00000
  4355      5.30    -17.60  1.00000
  4356      5.30    -17.55  1.00000
  4357      5.30    -17.50  1.00000
  4358      5.30    -17.45  1.00000
  4359      5.30    -17.40  1.00000
  4360      5.30    -17.35  1.00000
  4361      5.30    -17.30  1.00000
  4362      5.30    -17.25  1.00000
  4363      5.30    -17.20  1.00000
  4364      5.30    -17.15  1.00000
  4365      5.30    -17.10  1.00000
  4366      5.30    -17.05  1.00000
  4367      5.30    -17.00  1.00000
  4368      5.30    -16.95  1.00000
  4369      5.30    -16.90  1.00000
  4370      5.30    -16.85  1.00000
  4371      5.30    -16.80  1.00000
  4372      5.30    -16.75  1.00000
  4373      5.30    -16.70  1.00000
  4374      5.30    -16.65  1.00000
  4375      5.30    -16.60  1.00000
  4376      5.30    -16.55  1.00000
  4377      5.30    -16.50  1.00000
  4378      5.30    -16.45  1.00000
  4379      5.30    -16.40  1.00000
  4380      5.30    -16.35  1.00000
  4381      5.30    -16.30  1.00000
  4382      5.30    -16.25  1.00000
  4383      5.30    -16.20  1.00000
  4384      5.30    -16.15  1.00000
  4385      5.30    -16.10  1.00000
  4386      5.30    -16.05  1.00000
  4387      5.30    -16.00  1.00000
  4388      5.30    -15.95  1.00000
  4389      5.30    -15.90  1.00000
  4390      5.30    -15.85  1.00000
  4391      5.30    -15.80  1.00000
  4392      5.30    -15.75  1.00000
  4393      5.30    -15.70  1.00000
  4394      5.30    -15.65  1.00000
  4395      5.30    -15.60  1.00000
  4396      5.30    -15.55  1.00000
  4397      5.30    -15.50  1.00000
  4398      5.30    -15.45  1.00000
  4399      5.30    -15.40  1.00000
  4400      5.30    -15.35  1.00000
  4401      5.30    -15.30  1.00000
  4402      5.30    -15.25  1.00000
  4403      5.30    -15.20  1.00000
  4404      5.30    -15.15  1.00000
  4405      5.30    -15.10  1.00000
  4406      5.30    -15.05  1.00000
  4407      5.30    -15.00  1.00000
  4408      5.30    -14.95  1.00000
  4409      5.35    -20.70  1.00000
  4410      5.35    -20.65  1.00000
  4411      5.35    -20.60  1.00000
  4412      5.35    -20.55  1.00000
  4413      5.35    -20.50  1.00000
  4414      5.35    -20.45  1.00000
  4415      5.35    -20.40  1.00000
  4416      5.35    -20.35  1.00000
  4417      5.35    -20.30  1.00000
  4418      5.35    -20.25  1.00000
  4419      5.35    -20.20  1.00000
  4420      5.35    -20.15  1.00000
  4421      5.35    -20.10  1.00000
  4422      5.35    -20.05  1.00000
  4423      5.35    -20.00  1.00000
  4424      5.35    -19.95  1.00000
  4425      5.35    -19.90  1.00000
  4426      5.35    -19.85  1.00000
  4427      5.35    -19.80  1.00000
  4428      5.35    -19.75  1.00000
  4429      5.35    -19.70  1.00000
  4430      5.35    -19.65  1.00000
  4431      5.35    -19.60  1.00000
  4432      5.35    -19.55  1.00000
  4433      5.35    -19.50  1.00000
  4434      5.35    -19.45  1.00000
  4435      5.35    -19.40  1.00000
  4436      5.35    -19.35  1.00000
  4437      5.35    -19.30  1.00000
  4438      5.35    -19.25  1.00000
  4439      5.35    -19.20  1.00000
  4440      5.35    -19.15  1.00000
  4441      5.35    -19.10  1.00000
  4442      5.35    -19.05  1.00000
  4443      5.35    -19.00  1.00000
  4444      5.35    -18.95  1.00000
  4445      5.35    -18.90  1.00000
  4446      5.35    -18.85  1.00000
  4447      5.35    -18.80  1.00000
  4448      5.35    -18.75  1.00000
  4449      5.35    -18.70  1.00000
  4450      5.35    -18.65  1.00000
  4451      5.35    -18.60  1.00000
  4452      5.35    -18.55  1.00000
  4453      5.35    -18.50  1.00000
  4454      5.35    -18.45  1.00000
  4455      5.35    -18.40  1.00000
  4456      5.35    -18.35  1.00000
  4457      5.35    -18.30  1.00000
  4458      5.35    -18.25  1.00000
  4459      5.35    -18.20  1.00000
  4460      5.35    -18.15  1.00000
  4461      5.35    -18.10  1.00000
  4462      5.35    -18.05  1.00000
  4463      5.35    -18.00  1.00000
  4464      5.35    -17.95  1.00000
  4465      5.35    -17.90  1.00000
  4466      5.35    -17.85  1.00000
  4467      5.35    -17.80  1.00000
  4468      5.35    -17.75  1.00000
  4469      5.35    -17.70  1.00000
  4470      5.35    -17.65  1.00000
  4471      5.35    -17.60  1.00000
  4472      5.35    -17.55  1.00000
  4473      5.35    -17.50  1.00000
  4474      5.35    -17.45  1.00000
  4475      5.35    -17.40  1.00000
  4476      5.35    -17.35  1.00000
  4477      5.35    -17.30  1.00000
  4478      5.35    -17.25  1.00000
  4479      5.35    -17.20  1.00000
  4480      5.35    -17.15  1.00000
  4481      5.35    -17.10  1.00000
  4482      5.35    -17.05  1.00000
  4483      5.35    -17.00  1.00000
  4484      5.35    -16.95  1.00000
  4485      5.35    -16.90  1.00000
  4486      5.35    -16.85  1.00000
  4487      5.35    -16.80  1.00000
  4488      5.35    -16.75  1.00000
  4489      5.35    -16.70  1.00000
  4490      5.35    -16.65  1.00000
  4491      5.35    -16.60  1.00000
  4492      5.35    -16.55  1.00000
  4493      5.35    -16.50  1.00000
  4494      5.35    -16.45  1.00000
  4495      5.35    -16.40  1.00000
  4496      5.35    -16.35  1.00000
  4497      5.35    -16.30  1.00000
  4498      5.35    -16.25  1.00000
  4499      5.35    -16.20  1.00000
  4500      5.35    -16.15  1.00000
  4501      5.35    -16.10  1.00000
  4502      5.35    -16.05  1.00000
  4503      5.35    -16.00  1.00000
  4504      5.35    -15.95  1.00000
  4505      5.35    -15.90  1.00000
  4506      5.35    -15.85  1.00000
  4507      5.35    -15.80  1.00000
  4508      5.35    -15.75  1.00000
  4509      5.35    -15.70  1.00000
  4510      5.35    -15.65  1.00000
  4511      5.35    -15.60  1.00000
  4512      5.35    -15.55  1.00000
  4513      5.35    -15.50  1.00000
  4514      5.35    -15.45  1.00000
  4515      5.35    -15.40  1.00000
  4516      5.35    -15.35  1.00000
  4517      5.35    -15.30  1.00000
  4518      5.35    -15.25  1.00000
  4519      5.35    -15.20  1.00000
  4520      5.35    -15.15  1.00000
  4521      5.35    -15.10  1.00000
  4522      5.35    -15.05  1.00000
  4523      5.35    -15.00  1.00000
  4524      5.35    -14.95  1.00000
  4525      5.40    -20.70  1.00000
  4526      5.40    -20.65  1.00000
  4527      5.40    -20.60  1.00000
  4528      5.40    -20.55  1.00000
  4529      5.40    -20.50  1.00000
  4530      5.40    -20.45  1.00000
  4531      5.40    -20.40  1.00000
  4532      5.40    -20.35  1.00000
  4533      5.40    -20.30  1.00000
  4534      5.40    -20.25  1.00000
  4535      5.40    -20.20  1.00000
  4536      5.40    -20.15  1.00000
  4537      5.40    -20.10  1.00000
  4538      5.40    -20.05  1.00000
  4539      5.40    -20.00  1.00000
  4540      5.40    -19.95  1.00000
  4541      5.40    -19.90  1.00000
  4542      5.40    -19.85  1.00000
  4543      5.40    -19.80  1.00000
  4544      5.40    -19.75  1.00000
  4545      5.40    -19.70  1.00000
  4546      5.40    -19.65  1.00000
  4547      5.40    -19.60  1.00000
  4548      5.40    -19.55  1.00000
  4549      5.40    -19.50  1.00000
  4550      5.40    -19.45  1.00000
  4551      5.40    -19.40  1.00000
  4552      5.40    -19.35  1.00000
  4553      5.40    -19.30  1.00000
  4554      5.40    -19.25  1.00000
  4555      5.40    -19.20  1.00000
  4556      5.40    -19.15  1.00000
  4557      5.40    -19.10  1.00000
  4558      5.40    -19.05  1.00000
  4559      5.40    -19.00  1.00000
  4560      5.40    -18.95  1.00000
  4561      5.40    -18.90  1.00000
  4562      5.40    -18.85  1.00000
  4563      5.40    -18.80  1.00000
  4564      5.40    -18.75  1.00000
  4565      5.40    -18.70  1.00000
  4566      5.40    -18.65  1.00000
  4567      5.40    -18.60  1.00000
  4568      5.40    -18.55  1.00000
  4569      5.40    -18.50  1.00000
  4570      5.40    -18.45  1.00000
  4571      5.40    -18.40  1.00000
  4572      5.40    -18.35  1.00000
  4573      5.40    -18.30  1.00000
  4574      5.40    -18.25  1.00000
  4575      5.40    -18.20  1.00000
  4576      5.40    -18.15  1.00000
  4577      5.40    -18.10  1.00000
  4578      5.40    -18.05  1.00000
  4579      5.40    -18.00  1.00000
  4580      5.40    -17.95  1.00000
  4581      5.40    -17.90  1.00000
  4582      5.40    -17.85  1.00000
  4583      5.40    -17.80  1.00000
  4584      5.40    -17.75  1.00000
  4585      5.40    -17.70  1.00000
  4586      5.40    -17.65  1.00000
  4587      5.40    -17.60  1.00000
  4588      5.40    -17.55  1.00000
  4589      5.40    -17.50  1.00000
  4590      5.40    -17.45  1.00000
  4591      5.40    -17.40  1.00000
  4592      5.40    -17.35  1.00000
  4593      5.40    -17.30  1.00000
  4594      5.40    -17.25  1.00000
  4595      5.40    -17.20  1.00000
  4596      5.40    -17.15  1.00000
  4597      5.40    -17.10  1.00000
  4598      5.40    -17.05  1.00000
  4599      5.40    -17.00  1.00000
  4600      5.40    -16.95  1.00000
  4601      5.40    -16.90  1.00000
  4602      5.40    -16.85  1.00000
  4603      5.40    -16.80  1.00000
  4604      5.40    -16.75  1.00000
  4605      5.40    -16.70  1.00000
  4606      5.40    -16.65  1.00000
  4607      5.40    -16.60  1.00000
  4608      5.40    -16.55  1.00000
  4609      5.40    -16.50  1.00000
  4610      5.40    -16.45  1.00000
  4611      5.40    -16.40  1.00000
  4612      5.40    -16.35  1.00000
  4613      5.40    -16.30  1.00000
  4614      5.40    -16.25  1.00000
  4615      5.40    -16.20  1.00000
  4616      5.40    -16.15  1.00000
  4617      5.40    -16.10  1.00000
  4618      5.40    -16.05  1.00000
  4619      5.40    -16.00  1.00000
  4620      5.40    -15.95  1.00000
  4621      5.40    -15.90  1.00000
  4622      5.40    -15.85  1.00000
  4623      5.40    -15.80  1.00000
  4624      5.40    -15.75  1.00000
  4625      5.40    -15.70  1.00000
  4626      5.40    -15.65  1.00000
  4627      5.40    -15.60  1.00000
  4628      5.40    -15.55  1.00000
  4629      5.40    -15.50  1.00000
  4630      5.40    -15.45  1.00000
  4631      5.40    -15.40  1.00000
  4632      5.40    -15.35  1.00000
  4633      5.40    -15.30  1.00000
  4634      5.40    -15.25  1.00000
  4635      5.40    -15.20  1.00000
  4636      5.40    -15.15  1.00000
  4637      5.40    -15.10  1.00000
  4638      5.40    -15.05  1.00000
  4639      5.40    -15.00  1.00000
  4640      5.40    -14.95  1.00000
  4641      5.45    -20.70  1.00000
  4642      5.45    -20.65  1.00000
  4643      5.45    -20.60  1.00000
  4644      5.45    -20.55  1.00000
  4645      5.45    -20.50  1.00000
  4646      5.45    -20.45  1.00000
  4647      5.45    -20.40  1.00000
  4648      5.45    -20.35  1.00000
  4649      5.45    -20.30  1.00000
  4650      5.45    -20.25  1.00000
  4651      5.45    -20.20  1.00000
  4652      5.45    -20.15  1.00000
  4653      5.45    -20.10  1.00000
  4654      5.45    -20.05  1.00000
  4655      5.45    -20.00  1.00000
  4656      5.45    -19.95  1.00000
  4657      5.45    -19.90  1.00000
  4658      5.45    -19.85  1.00000
  4659      5.45    -19.80  1.00000
  4660      5.45    -19.75  1.00000
  4661      5.45    -19.70  1.00000
  4662      5.45    -19.65  1.00000
  4663      5.45    -19.60  1.00000
  4664      5.45    -19.55  1.00000
  4665      5.45    -19.50  1.00000
  4666      5.45    -19.45  1.00000
  4667      5.45    -19.40  1.00000
  4668      5.45    -19.35  1.00000
  4669      5.45    -19.30  1.00000
  4670      5.45    -19.25  1.00000
  4671      5.45    -19.20  1.00000
  4672      5.45    -19.15  1.00000
  4673      5.45    -19.10  1.00000
  4674      5.45    -19.05  1.00000
  4675      5.45    -19.00  1.00000
  4676      5.45    -18.95  1.00000
  4677      5.45    -18.90  1.00000
  4678      5.45    -18.85  1.00000
  4679      5.45    -18.80  1.00000
  4680      5.45    -18.75  1.00000
  4681      5.45    -18.70  1.00000
  4682      5.45    -18.65  1.00000
  4683      5.45    -18.60  1.00000
  4684      5.45    -18.55  1.00000
  4685      5.45    -18.50  1.00000
  4686      5.45    -18.45  1.00000
  4687      5.45    -18.40  1.00000
  4688      5.45    -18.35  1.00000
  4689      5.45    -18.30  1.00000
  4690      5.45    -18.25  1.00000
  4691      5.45    -18.20  1.00000
  4692      5.45    -18.15  1.00000
  4693      5.45    -18.10  1.00000
  4694      5.45    -18.05  1.00000
  4695      5.45    -18.00  1.00000
  4696      5.45    -17.95  1.00000
  4697      5.45    -17.90  1.00000
  4698      5.45    -17.85  1.00000
  4699      5.45    -17.80  1.00000
  4700      5.45    -17.75  1.00000
  4701      5.45    -17.70  1.00000
  4702      5.45    -17.65  1.00000
  4703      5.45    -17.60  1.00000
  4704      5.45    -17.55  1.00000
  4705      5.45    -17.50  1.00000
  4706      5.45    -17.45  1.00000
  4707      5.45    -17.40  1.00000
  4708      5.45    -17.35  1.00000
  4709      5.45    -17.30  1.00000
  4710      5.45    -17.25  1.00000
  4711      5.45    -17.20  1.00000
  4712      5.45    -17.15  1.00000
  4713      5.45    -17.10  1.00000
  4714      5.45    -17.05  1.00000
  4715      5.45    -17.00  1.00000
  4716      5.45    -16.95  1.00000
  4717      5.45    -16.90  1.00000
  4718      5.45    -16.85  1.00000
  4719      5.45    -16.80  1.00000
  4720      5.45    -16.75  1.00000
  4721      5.45    -16.70  1.00000
  4722      5.45    -16.65  1.00000
  4723      5.45    -16.60  1.00000
  4724      5.45    -16.55  1.00000
  4725      5.45    -16.50  1.00000
  4726      5.45    -16.45  1.00000
  4727      5.45    -16.40  1.00000
  4728      5.45    -16.35  1.00000
  4729      5.45    -16.30  1.00000
  4730      5.45    -16.25  1.00000
  4731      5.45    -16.20  1.00000
  4732      5.45    -16.15  1.00000
  4733      5.45    -16.10  1.00000
  4734      5.45    -16.05  1.00000
  4735      5.45    -16.00  1.00000
  4736      5.45    -15.95  1.00000
  4737      5.45    -15.90  1.00000
  4738      5.45    -15.85  1.00000
  4739      5.45    -15.80  1.00000
  4740      5.45    -15.75  1.00000
  4741      5.45    -15.70  1.00000
  4742      5.45    -15.65  1.00000
  4743      5.45    -15.60  1.00000
  4744      5.45    -15.55  1.00000
  4745      5.45    -15.50  1.00000
  4746      5.45    -15.45  1.00000
  4747      5.45    -15.40  1.00000
  4748      5.45    -15.35  1.00000
  4749      5.45    -15.30  1.00000
  4750      5.45    -15.25  1.00000
  4751      5.45    -15.20  1.00000
  4752      5.45    -15.15  1.00000
  4753      5.45    -15.10  1.00000
  4754      5.45    -15.05  1.00000
  4755      5.45    -15.00  1.00000
  4756      5.45    -14.95  1.00000
  4757      5.50    -20.70  1.00000
  4758      5.50    -20.65  1.00000
  4759      5.50    -20.60  1.00000
  4760      5.50    -20.55  1.00000
  4761      5.50    -20.50  1.00000
  4762      5.50    -20.45  1.00000
  4763      5.50    -20.40  1.00000
  4764      5.50    -20.35  1.00000
  4765      5.50    -20.30  1.00000
  4766      5.50    -20.25  1.00000
  4767      5.50    -20.20  1.00000
  4768      5.50    -20.15  1.00000
  4769      5.50    -20.10  1.00000
  4770      5.50    -20.05  1.00000
  4771      5.50    -20.00  1.00000
  4772      5.50    -19.95  1.00000
  4773      5.50    -19.90  1.00000
  4774      5.50    -19.85  1.00000
  4775      5.50    -19.80  1.00000
  4776      5.50    -19.75  1.00000
  4777      5.50    -19.70  1.00000
  4778      5.50    -19.65  1.00000
  4779      5.50    -19.60  1.00000
  4780      5.50    -19.55  1.00000
  4781      5.50    -19.50  1.00000
  4782      5.50    -19.45  1.00000
  4783      5.50    -19.40  1.00000
  4784      5.50    -19.35  1.00000
  4785      5.50    -19.30  1.00000
  4786      5.50    -19.25  1.00000
  4787      5.50    -19.20  1.00000
  4788      5.50    -19.15  1.00000
  4789      5.50    -19.10  1.00000
  4790      5.50    -19.05  1.00000
  4791      5.50    -19.00  1.00000
  4792      5.50    -18.95  1.00000
  4793      5.50    -18.90  1.00000
  4794      5.50    -18.85  1.00000
  4795      5.50    -18.80  1.00000
  4796      5.50    -18.75  1.00000
  4797      5.50    -18.70  1.00000
  4798      5.50    -18.65  1.00000
  4799      5.50    -18.60  1.00000
  4800      5.50    -18.55  1.00000
  4801      5.50    -18.50  1.00000
  4802      5.50    -18.45  1.00000
  4803      5.50    -18.40  1.00000
  4804      5.50    -18.35  1.00000
  4805      5.50    -18.30  1.00000
  4806      5.50    -18.25  1.00000
  4807      5.50    -18.20  1.00000
  4808      5.50    -18.15  1.00000
  4809      5.50    -18.10  1.00000
  4810      5.50    -18.05  1.00000
  4811      5.50    -18.00  1.00000
  4812      5.50    -17.95  1.00000
  4813      5.50    -17.90  1.00000
  4814      5.50    -17.85  1.00000
  4815      5.50    -17.80  1.00000
  4816      5.50    -17.75  1.00000
  4817      5.50    -17.70  1.00000
  4818      5.50    -17.65  1.00000
  4819      5.50    -17.60  1.00000
  4820      5.50    -17.55  1.00000
  4821      5.50    -17.50  1.00000
  4822      5.50    -17.45  1.00000
  4823      5.50    -17.40  1.00000
  4824      5.50    -17.35  1.00000
  4825      5.50    -17.30  1.00000
  4826      5.50    -17.25  1.00000
  4827      5.50    -17.20  1.00000
  4828      5.50    -17.15  1.00000
  4829      5.50    -17.10  1.00000
  4830      5.50    -17.05  1.00000
  4831      5.50    -17.00  1.00000
  4832      5.50    -16.95  1.00000
  4833      5.50    -16.90  1.00000
  4834      5.50    -16.85  1.00000
  4835      5.50    -16.80  1.00000
  4836      5.50    -16.75  1.00000
  4837      5.50    -16.70  1.00000
  4838      5.50    -16.65  1.00000
  4839      5.50    -16.60  1.00000
  4840      5.50    -16.55  1.00000
  4841      5.50    -16.50  1.00000
  4842      5.50    -16.45  1.00000
  4843      5.50    -16.40  1.00000
  4844      5.50    -16.35  1.00000
  4845      5.50    -16.30  1.00000
  4846      5.50    -16.25  1.00000
  4847      5.50    -16.20  1.00000
  4848      5.50    -16.15  1.00000
  4849      5.50    -16.10  1.00000
  4850      5.50    -16.05  1.00000
  4851      5.50    -16.00  1.00000
  4852      5.50    -15.95  1.00000
  4853      5.50    -15.90  1.00000
  4854      5.50    -15.85  1.00000
  4855      5.50    -15.80  1.00000
  4856      5.50    -15.75  1.00000
  4857      5.50    -15.70  1.00000
  4858      5.50    -15.65  1.00000
  4859      5.50    -15.60  1.00000
  4860      5.50    -15.55  1.00000
  4861      5.50    -15.50  1.00000
  4862      5.50    -15.45  1.00000
  4863      5.50    -15.40  1.00000
  4864      5.50    -15.35  1.00000
  4865      5.50    -15.30  1.00000
  4866      5.50    -15.25  1.00000
  4867      5.50    -15.20  1.00000
  4868      5.50    -15.15  1.00000
  4869      5.50    -15.10  1.00000
  4870      5.50    -15.05  1.00000
  4871      5.50    -15.00  1.00000
  4872      5.50    -14.95  1.00000
  4873      5.55    -20.70  1.00000
  4874      5.55    -20.65  1.00000
  4875      5.55    -20.60  1.00000
  4876      5.55    -20.55  1.00000
  4877      5.55    -20.50  1.00000
  4878      5.55    -20.45  1.00000
  4879      5.55    -20.40  1.00000
  4880      5.55    -20.35  1.00000
  4881      5.55    -20.30  1.00000
  4882      5.55    -20.25  1.00000
  4883      5.55    -20.20  1.00000
  4884      5.55    -20.15  1.00000
  4885      5.55    -20.10  1.00000
  4886      5.55    -20.05  1.00000
  4887      5.55    -20.00  1.00000
  4888      5.55    -19.95  1.00000
  4889      5.55    -19.90  1.00000
  4890      5.55    -19.85  1.00000
  4891      5.55    -19.80  1.00000
  4892      5.55    -19.75  1.00000
  4893      5.55    -19.70  1.00000
  4894      5.55    -19.65  1.00000
  4895      5.55    -19.60  1.00000
  4896      5.55    -19.55  1.00000
  4897      5.55    -19.50  1.00000
  4898      5.55    -19.45  1.00000
  4899      5.55    -19.40  1.00000
  4900      5.55    -19.35  1.00000
  4901      5.55    -19.30  1.00000
  4902      5.55    -19.25  1.00000
  4903      5.55    -19.20  1.00000
  4904      5.55    -19.15  1.00000
  4905      5.55    -19.10  1.00000
  4906      5.55    -19.05  1.00000
  4907      5.55    -19.00  1.00000
  4908      5.55    -18.95  1.00000
  4909      5.55    -18.90  1.00000
  4910      5.55    -18.85  1.00000
  4911      5.55    -18.80  1.00000
  4912      5.55    -18.75  1.00000
  4913      5.55    -18.70  1.00000
  4914      5.55    -18.65  1.00000
  4915      5.55    -18.60  1.00000
  4916      5.55    -18.55  1.00000
  4917      5.55    -18.50  1.00000
  4918      5.55    -18.45  1.00000
  4919      5.55    -18.40  1.00000
  4920      5.55    -18.35  1.00000
  4921      5.55    -18.30  1.00000
  4922      5.55    -18.25  1.00000
  4923      5.55    -18.20  1.00000
  4924      5.55    -18.15  1.00000
  4925      5.55    -18.10  1.00000
  4926      5.55    -18.05  1.00000
  4927      5.55    -18.00  1.00000
  4928      5.55    -17.95  1.00000
  4929      5.55    -17.90  1.00000
  4930      5.55    -17.85  1.00000
  4931      5.55    -17.80  1.00000
  4932      5.55    -17.75  1.00000
  4933      5.55    -17.70  1.00000
  4934      5.55    -17.65  1.00000
  4935      5.55    -17.60  1.00000
  4936      5.55    -17.55  1.00000
  4937      5.55    -17.50  1.00000
  4938      5.55    -17.45  1.00000
  4939      5.55    -17.40  1.00000
  4940      5.55    -17.35  1.00000
  4941      5.55    -17.30  1.00000
  4942      5.55    -17.25  1.00000
  4943      5.55    -17.20  1.00000
  4944      5.55    -17.15  1.00000
  4945      5.55    -17.10  1.00000
  4946      5.55    -17.05  1.00000
  4947      5.55    -17.00  1.00000
  4948      5.55    -16.95  1.00000
  4949      5.55    -16.90  1.00000
  4950      5.55    -16.85  1.00000
  4951      5.55    -16.80  1.00000
  4952      5.55    -16.75  1.00000
  4953      5.55    -16.70  1.00000
  4954      5.55    -16.65  1.00000
  4955      5.55    -16.60  1.00000
  4956      5.55    -16.55  1.00000
  4957      5.55    -16.50  1.00000
  4958      5.55    -16.45  1.00000
  4959      5.55    -16.40  1.00000
  4960      5.55    -16.35  1.00000
  4961      5.55    -16.30  1.00000
  4962      5.55    -16.25  1.00000
  4963      5.55    -16.20  1.00000
  4964      5.55    -16.15  1.00000
  4965      5.55    -16.10  1.00000
  4966      5.55    -16.05  1.00000
  4967      5.55    -16.00  1.00000
  4968      5.55    -15.95  1.00000
  4969      5.55    -15.90  1.00000
  4970      5.55    -15.85  1.00000
  4971      5.55    -15.80  1.00000
  4972      5.55    -15.75  1.00000
  4973      5.55    -15.70  1.00000
  4974      5.55    -15.65  1.00000
  4975      5.55    -15.60  1.00000
  4976      5.55    -15.55  1.00000
  4977      5.55    -15.50  1.00000
  4978      5.55    -15.45  1.00000
  4979      5.55    -15.40  1.00000
  4980      5.55    -15.35  1.00000
  4981      5.55    -15.30  1.00000
  4982      5.55    -15.25  1.00000
  4983      5.55    -15.20  1.00000
  4984      5.55    -15.15  1.00000
  4985      5.55    -15.10  1.00000
  4986      5.55    -15.05  1.00000
  4987      5.55    -15.00  1.00000
  4988      5.55    -14.95  1.00000
  4989      5.60    -20.70  1.00000
  4990      5.60    -20.65  1.00000
  4991      5.60    -20.60  1.00000
  4992      5.60    -20.55  1.00000
  4993      5.60    -20.50  1.00000
  4994      5.60    -20.45  1.00000
  4995      5.60    -20.40  1.00000
  4996      5.60    -20.35  1.00000
  4997      5.60    -20.30  1.00000
  4998      5.60    -20.25  1.00000
  4999      5.60    -20.20  1.00000
  5000      5.60    -20.15  1.00000
  5001      5.60    -20.10  1.00000
  5002      5.60    -20.05  1.00000
  5003      5.60    -20.00  1.00000
  5004      5.60    -19.95  1.00000
  5005      5.60    -19.90  1.00000
  5006      5.60    -19.85  1.00000
  5007      5.60    -19.80  1.00000
  5008      5.60    -19.75  1.00000
  5009      5.60    -19.70  1.00000
  5010      5.60    -19.65  1.00000
  5011      5.60    -19.60  1.00000
  5012      5.60    -19.55  1.00000
  5013      5.60    -19.50  1.00000
  5014      5.60    -19.45  1.00000
  5015      5.60    -19.40  1.00000
  5016      5.60    -19.35  1.00000
  5017      5.60    -19.30  1.00000
  5018      5.60    -19.25  1.00000
  5019      5.60    -19.20  1.00000
  5020      5.60    -19.15  1.00000
  5021      5.60    -19.10  1.00000
  5022      5.60    -19.05  1.00000
  5023      5.60    -19.00  1.00000
  5024      5.60    -18.95  1.00000
  5025      5.60    -18.90  1.00000
  5026      5.60    -18.85  1.00000
  5027      5.60    -18.80  1.00000
  5028      5.60    -18.75  1.00000
  5029      5.60    -18.70  1.00000
  5030      5.60    -18.65  1.00000
  5031      5.60    -18.60  1.00000
  5032      5.60    -18.55  1.00000
  5033      5.60    -18.50  1.00000
  5034      5.60    -18.45  1.00000
  5035      5.60    -18.40  1.00000
  5036      5.60    -18.35  1.00000
  5037      5.60    -18.30  1.00000
  5038      5.60    -18.25  1.00000
  5039      5.60    -18.20  1.00000
  5040      5.60    -18.15  1.00000
  5041      5.60    -18.10  1.00000
  5042      5.60    -18.05  1.00000
  5043      5.60    -18.00  1.00000
  5044      5.60    -17.95  1.00000
  5045      5.60    -17.90  1.00000
  5046      5.60    -17.85  1.00000
  5047      5.60    -17.80  1.00000
  5048      5.60    -17.75  1.00000
  5049      5.60    -17.70  1.00000
  5050      5.60    -17.65  1.00000
  5051      5.60    -17.60  1.00000
  5052      5.60    -17.55  1.00000
  5053      5.60    -17.50  1.00000
  5054      5.60    -17.45  1.00000
  5055      5.60    -17.40  1.00000
  5056      5.60    -17.35  1.00000
  5057      5.60    -17.30  1.00000
  5058      5.60    -17.25  1.00000
  5059      5.60    -17.20  1.00000
  5060      5.60    -17.15  1.00000
  5061      5.60    -17.10  1.00000
  5062      5.60    -17.05  1.00000
  5063      5.60    -17.00  1.00000
  5064      5.60    -16.95  1.00000
  5065      5.60    -16.90  1.00000
  5066      5.60    -16.85  1.00000
  5067      5.60    -16.80  1.00000
  5068      5.60    -16.75  1.00000
  5069      5.60    -16.70  1.00000
  5070      5.60    -16.65  1.00000
  5071      5.60    -16.60  1.00000
  5072      5.60    -16.55  1.00000
  5073      5.60    -16.50  1.00000
  5074      5.60    -16.45  1.00000
  5075      5.60    -16.40  1.00000
  5076      5.60    -16.35  1.00000
  5077      5.60    -16.30  1.00000
  5078      5.60    -16.25  1.00000
  5079      5.60    -16.20  1.00000
  5080      5.60    -16.15  1.00000
  5081      5.60    -16.10  1.00000
  5082      5.60    -16.05  1.00000
  5083      5.60    -16.00  1.00000
  5084      5.60    -15.95  1.00000
  5085      5.60    -15.90  1.00000
  5086      5.60    -15.85  1.00000
  5087      5.60    -15.80  1.00000
  5088      5.60    -15.75  1.00000
  5089      5.60    -15.70  1.00000
  5090      5.60    -15.65  1.00000
  5091      5.60    -15.60  1.00000
  5092      5.60    -15.55  1.00000
  5093      5.60    -15.50  1.00000
  5094      5.60    -15.45  1.00000
  5095      5.60    -15.40  1.00000
  5096      5.60    -15.35  1.00000
  5097      5.60    -15.30  1.00000
  5098      5.60    -15.25  1.00000
  5099      5.60    -15.20  1.00000
  5100      5.60    -15.15  1.00000
  5101      5.60    -15.10  1.00000
  5102      5.60    -15.05  1.00000
  5103      5.60    -15.00  1.00000
  5104      5.60    -14.95  1.00000
  5105      5.65    -20.70  1.00000
  5106      5.65    -20.65  1.00000
  5107      5.65    -20.60  1.00000
  5108      5.65    -20.55  1.00000
  5109      5.65    -20.50  1.00000
  5110      5.65    -20.45  1.00000
  5111      5.65    -20.40  1.00000
  5112      5.65    -20.35  1.00000
  5113      5.65    -20.30  1.00000
  5114      5.65    -20.25  1.00000
  5115      5.65    -20.20  1.00000
  5116      5.65    -20.15  1.00000
  5117      5.65    -20.10  1.00000
  5118      5.65    -20.05  1.00000
  5119      5.65    -20.00  1.00000
  5120      5.65    -19.95  1.00000
  5121      5.65    -19.90  1.00000
  5122      5.65    -19.85  1.00000
  5123      5.65    -19.80  1.00000
  5124      5.65    -19.75  1.00000
  5125      5.65    -19.70  1.00000
  5126      5.65    -19.65  1.00000
  5127      5.65    -19.60  1.00000
  5128      5.65    -19.55  1.00000
  5129      5.65    -19.50  1.00000
  5130      5.65    -19.45  1.00000
  5131      5.65    -19.40  1.00000
  5132      5.65    -19.35  1.00000
  5133      5.65    -19.30  1.00000
  5134      5.65    -19.25  1.00000
  5135      5.65    -19.20  1.00000
  5136      5.65    -19.15  1.00000
  5137      5.65    -19.10  1.00000
  5138      5.65    -19.05  1.00000
  5139      5.65    -19.00  1.00000
  5140      5.65    -18.95  1.00000
  5141      5.65    -18.90  1.00000
  5142      5.65    -18.85  1.00000
  5143      5.65    -18.80  1.00000
  5144      5.65    -18.75  1.00000
  5145      5.65    -18.70  1.00000
  5146      5.65    -18.65  1.00000
  5147      5.65    -18.60  1.00000
  5148      5.65    -18.55  1.00000
  5149      5.65    -18.50  1.00000
  5150      5.65    -18.45  1.00000
  5151      5.65    -18.40  1.00000
  5152      5.65    -18.35  1.00000
  5153      5.65    -18.30  1.00000
  5154      5.65    -18.25  1.00000
  5155      5.65    -18.20  1.00000
  5156      5.65    -18.15  1.00000
  5157      5.65    -18.10  1.00000
  5158      5.65    -18.05  1.00000
  5159      5.65    -18.00  1.00000
  5160      5.65    -17.95  1.00000
  5161      5.65    -17.90  1.00000
  5162      5.65    -17.85  1.00000
  5163      5.65    -17.80  1.00000
  5164      5.65    -17.75  1.00000
  5165      5.65    -17.70  1.00000
  5166      5.65    -17.65  1.00000
  5167      5.65    -17.60  1.00000
  5168      5.65    -17.55  1.00000
  5169      5.65    -17.50  1.00000
  5170      5.65    -17.45  1.00000
  5171      5.65    -17.40  1.00000
  5172      5.65    -17.35  1.00000
  5173      5.65    -17.30  1.00000
  5174      5.65    -17.25  1.00000
  5175      5.65    -17.20  1.00000
  5176      5.65    -17.15  1.00000
  5177      5.65    -17.10  1.00000
  5178      5.65    -17.05  1.00000
  5179      5.65    -17.00  1.00000
  5180      5.65    -16.95  1.00000
  5181      5.65    -16.90  1.00000
  5182      5.65    -16.85  1.00000
  5183      5.65    -16.80  1.00000
  5184      5.65    -16.75  1.00000
  5185      5.65    -16.70  1.00000
  5186      5.65    -16.65  1.00000
  5187      5.65    -16.60  1.00000
  5188      5.65    -16.55  1.00000
  5189      5.65    -16.50  1.00000
  5190      5.65    -16.45  1.00000
  5191      5.65    -16.40  1.00000
  5192      5.65    -16.35  1.00000
  5193      5.65    -16.30  1.00000
  5194      5.65    -16.25  1.00000
  5195      5.65    -16.20  1.00000
  5196      5.65    -16.15  1.00000
  5197      5.65    -16.10  1.00000
  5198      5.65    -16.05  1.00000
  5199      5.65    -16.00  1.00000
  5200      5.65    -15.95  1.00000
  5201      5.65    -15.90  1.00000
  5202      5.65    -15.85  1.00000
  5203      5.65    -15.80  1.00000
  5204      5.65    -15.75  1.00000
  5205      5.65    -15.70  1.00000
  5206      5.65    -15.65  1.00000
  5207      5.65    -15.60  1.00000
  5208      5.65    -15.55  1.00000
  5209      5.65    -15.50  1.00000
  5210      5.65    -15.45  1.00000
  5211      5.65    -15.40  1.00000
  5212      5.65    -15.35  1.00000
  5213      5.65    -15.30  1.00000
  5214      5.65    -15.25  1.00000
  5215      5.65    -15.20  1.00000
  5216      5.65    -15.15  1.00000
  5217      5.65    -15.10  1.00000
  5218      5.65    -15.05  1.00000
  5219      5.65    -15.00  1.00000
  5220      5.65    -14.95  1.00000
  5221      5.70    -20.70  1.00000
  5222      5.70    -20.65  1.00000
  5223      5.70    -20.60  1.00000
  5224      5.70    -20.55  1.00000
  5225      5.70    -20.50  1.00000
  5226      5.70    -20.45  1.00000
  5227      5.70    -20.40  1.00000
  5228      5.70    -20.35  1.00000
  5229      5.70    -20.30  1.00000
  5230      5.70    -20.25  1.00000
  5231      5.70    -20.20  1.00000
  5232      5.70    -20.15  1.00000
  5233      5.70    -20.10  1.00000
  5234      5.70    -20.05  1.00000
  5235      5.70    -20.00  1.00000
  5236      5.70    -19.95  1.00000
  5237      5.70    -19.90  1.00000
  5238      5.70    -19.85  1.00000
  5239      5.70    -19.80  1.00000
  5240      5.70    -19.75  1.00000
  5241      5.70    -19.70  1.00000
  5242      5.70    -19.65  1.00000
  5243      5.70    -19.60  1.00000
  5244      5.70    -19.55  1.00000
  5245      5.70    -19.50  1.00000
  5246      5.70    -19.45  1.00000
  5247      5.70    -19.40  1.00000
  5248      5.70    -19.35  1.00000
  5249      5.70    -19.30  1.00000
  5250      5.70    -19.25  1.00000
  5251      5.70    -19.20  1.00000
  5252      5.70    -19.15  1.00000
  5253      5.70    -19.10  1.00000
  5254      5.70    -19.05  1.00000
  5255      5.70    -19.00  1.00000
  5256      5.70    -18.95  1.00000
  5257      5.70    -18.90  1.00000
  5258      5.70    -18.85  1.00000
  5259      5.70    -18.80  1.00000
  5260      5.70    -18.75  1.00000
  5261      5.70    -18.70  1.00000
  5262      5.70    -18.65  1.00000
  5263      5.70    -18.60  1.00000
  5264      5.70    -18.55  1.00000
  5265      5.70    -18.50  1.00000
  5266      5.70    -18.45  1.00000
  5267      5.70    -18.40  1.00000
  5268      5.70    -18.35  1.00000
  5269      5.70    -18.30  1.00000
  5270      5.70    -18.25  1.00000
  5271      5.70    -18.20  1.00000
  5272      5.70    -18.15  1.00000
  5273      5.70    -18.10  1.00000
  5274      5.70    -18.05  1.00000
  5275      5.70    -18.00  1.00000
  5276      5.70    -17.95  1.00000
  5277      5.70    -17.90  1.00000
  5278      5.70    -17.85  1.00000
  5279      5.70    -17.80  1.00000
  5280      5.70    -17.75  1.00000
  5281      5.70    -17.70  1.00000
  5282      5.70    -17.65  1.00000
  5283      5.70    -17.60  1.00000
  5284      5.70    -17.55  1.00000
  5285      5.70    -17.50  1.00000
  5286      5.70    -17.45  1.00000
  5287      5.70    -17.40  1.00000
  5288      5.70    -17.35  1.00000
  5289      5.70    -17.30  1.00000
  5290      5.70    -17.25  1.00000
  5291      5.70    -17.20  1.00000
  5292      5.70    -17.15  1.00000
  5293      5.70    -17.10  1.00000
  5294      5.70    -17.05  1.00000
  5295      5.70    -17.00  1.00000
  5296      5.70    -16.95  1.00000
  5297      5.70    -16.90  1.00000
  5298      5.70    -16.85  1.00000
  5299      5.70    -16.80  1.00000
  5300      5.70    -16.75  1.00000
  5301      5.70    -16.70  1.00000
  5302      5.70    -16.65  1.00000
  5303      5.70    -16.60  1.00000
  5304      5.70    -16.55  1.00000
  5305      5.70    -16.50  1.00000
  5306      5.70    -16.45  1.00000
  5307      5.70    -16.40  1.00000
  5308      5.70    -16.35  1.00000
  5309      5.70    -16.30  1.00000
  5310      5.70    -16.25  1.00000
  5311      5.70    -16.20  1.00000
  5312      5.70    -16.15  1.00000
  5313      5.70    -16.10  1.00000
  5314      5.70    -16.05  1.00000
  5315      5.70    -16.00  1.00000
  5316      5.70    -15.95  1.00000
  5317      5.70    -15.90  1.00000
  5318      5.70    -15.85  1.00000
  5319      5.70    -15.80  1.00000
  5320      5.70    -15.75  1.00000
  5321      5.70    -15.70  1.00000
  5322      5.70    -15.65  1.00000
  5323      5.70    -15.60  1.00000
  5324      5.70    -15.55  1.00000
  5325      5.70    -15.50  1.00000
  5326      5.70    -15.45  1.00000
  5327      5.70    -15.40  1.00000
  5328      5.70    -15.35  1.00000
  5329      5.70    -15.30  1.00000
  5330      5.70    -15.25  1.00000
  5331      5.70    -15.20  1.00000
  5332      5.70    -15.15  1.00000
  5333      5.70    -15.10  1.00000
  5334      5.70    -15.05  1.00000
  5335      5.70    -15.00  1.00000
  5336      5.70    -14.95  1.00000
  5337      5.75    -20.70  1.00000
  5338      5.75    -20.65  1.00000
  5339      5.75    -20.60  1.00000
  5340      5.75    -20.55  1.00000
  5341      5.75    -20.50  1.00000
  5342      5.75    -20.45  1.00000
  5343      5.75    -20.40  1.00000
  5344      5.75    -20.35  1.00000
  5345      5.75    -20.30  1.00000
  5346      5.75    -20.25  1.00000
  5347      5.75    -20.20  1.00000
  5348      5.75    -20.15  1.00000
  5349      5.75    -20.10  1.00000
  5350      5.75    -20.05  1.00000
  5351      5.75    -20.00  1.00000
  5352      5.75    -19.95  1.00000
  5353      5.75    -19.90  1.00000
  5354      5.75    -19.85  1.00000
  5355      5.75    -19.80  1.00000
  5356      5.75    -19.75  1.00000
  5357      5.75    -19.70  1.00000
  5358      5.75    -19.65  1.00000
  5359      5.75    -19.60  1.00000
  5360      5.75    -19.55  1.00000
  5361      5.75    -19.50  1.00000
  5362      5.75    -19.45  1.00000
  5363      5.75    -19.40  1.00000
  5364      5.75    -19.35  1.00000
  5365      5.75    -19.30  1.00000
  5366      5.75    -19.25  1.00000
  5367      5.75    -19.20  1.00000
  5368      5.75    -19.15  1.00000
  5369      5.75    -19.10  1.00000
  5370      5.75    -19.05  1.00000
  5371      5.75    -19.00  1.00000
  5372      5.75    -18.95  1.00000
  5373      5.75    -18.90  1.00000
  5374      5.75    -18.85  1.00000
  5375      5.75    -18.80  1.00000
  5376      5.75    -18.75  1.00000
  5377      5.75    -18.70  1.00000
  5378      5.75    -18.65  1.00000
  5379      5.75    -18.60  1.00000
  5380      5.75    -18.55  1.00000
  5381      5.75    -18.50  1.00000
  5382      5.75    -18.45  1.00000
  5383      5.75    -18.40  1.00000
  5384      5.75    -18.35  1.00000
  5385      5.75    -18.30  1.00000
  5386      5.75    -18.25  1.00000
  5387      5.75    -18.20  1.00000
  5388      5.75    -18.15  1.00000
  5389      5.75    -18.10  1.00000
  5390      5.75    -18.05  1.00000
  5391      5.75    -18.00  1.00000
  5392      5.75    -17.95  1.00000
  5393      5.75    -17.90  1.00000
  5394      5.75    -17.85  1.00000
  5395      5.75    -17.80  1.00000
  5396      5.75    -17.75  1.00000
  5397      5.75    -17.70  1.00000
  5398      5.75    -17.65  1.00000
  5399      5.75    -17.60  1.00000
  5400      5.75    -17.55  1.00000
  5401      5.75    -17.50  1.00000
  5402      5.75    -17.45  1.00000
  5403      5.75    -17.40  1.00000
  5404      5.75    -17.35  1.00000
  5405      5.75    -17.30  1.00000
  5406      5.75    -17.25  1.00000
  5407      5.75    -17.20  1.00000
  5408      5.75    -17.15  1.00000
  5409      5.75    -17.10  1.00000
  5410      5.75    -17.05  1.00000
  5411      5.75    -17.00  1.00000
  5412      5.75    -16.95  1.00000
  5413      5.75    -16.90  1.00000
  5414      5.75    -16.85  1.00000
  5415      5.75    -16.80  1.00000
  5416      5.75    -16.75  1.00000
  5417      5.75    -16.70  1.00000
  5418      5.75    -16.65  1.00000
  5419      5.75    -16.60  1.00000
  5420      5.75    -16.55  1.00000
  5421      5.75    -16.50  1.00000
  5422      5.75    -16.45  1.00000
  5423      5.75    -16.40  1.00000
  5424      5.75    -16.35  1.00000
  5425      5.75    -16.30  1.00000
  5426      5.75    -16.25  1.00000
  5427      5.75    -16.20  1.00000
  5428      5.75    -16.15  1.00000
  5429      5.75    -16.10  1.00000
  5430      5.75    -16.05  1.00000
  5431      5.75    -16.00  1.00000
  5432      5.75    -15.95  1.00000
  5433      5.75    -15.90  1.00000
  5434      5.75    -15.85  1.00000
  5435      5.75    -15.80  1.00000
  5436      5.75    -15.75  1.00000
  5437      5.75    -15.70  1.00000
  5438      5.75    -15.65  1.00000
  5439      5.75    -15.60  1.00000
  5440      5.75    -15.55  1.00000
  5441      5.75    -15.50  1.00000
  5442      5.75    -15.45  1.00000
  5443      5.75    -15.40  1.00000
  5444      5.75    -15.35  1.00000
  5445      5.75    -15.30  1.00000
  5446      5.75    -15.25  1.00000
  5447      5.75    -15.20  1.00000
  5448      5.75    -15.15  1.00000
  5449      5.75    -15.10  1.00000
  5450      5.75    -15.05  1.00000
  5451      5.75    -15.00  1.00000
  5452      5.75    -14.95  1.00000
  5453      5.80    -20.70  1.00000
  5454      5.80    -20.65  1.00000
  5455      5.80    -20.60  1.00000
  5456      5.80    -20.55  1.00000
  5457      5.80    -20.50  1.00000
  5458      5.80    -20.45  1.00000
  5459      5.80    -20.40  1.00000
  5460      5.80    -20.35  1.00000
  5461      5.80    -20.30  1.00000
  5462      5.80    -20.25  1.00000
  5463      5.80    -20.20  1.00000
  5464      5.80    -20.15  1.00000
  5465      5.80    -20.10  1.00000
  5466      5.80    -20.05  1.00000
  5467      5.80    -20.00  1.00000
  5468      5.80    -19.95  1.00000
  5469      5.80    -19.90  1.00000
  5470      5.80    -19.85  1.00000
  5471      5.80    -19.80  1.00000
  5472      5.80    -19.75  1.00000
  5473      5.80    -19.70  1.00000
  5474      5.80    -19.65  1.00000
  5475      5.80    -19.60  1.00000
  5476      5.80    -19.55  1.00000
  5477      5.80    -19.50  1.00000
  5478      5.80    -19.45  1.00000
  5479      5.80    -19.40  1.00000
  5480      5.80    -19.35  1.00000
  5481      5.80    -19.30  1.00000
  5482      5.80    -19.25  1.00000
  5483      5.80    -19.20  1.00000
  5484      5.80    -19.15  1.00000
  5485      5.80    -19.10  1.00000
  5486      5.80    -19.05  1.00000
  5487      5.80    -19.00  1.00000
  5488      5.80    -18.95  1.00000
  5489      5.80    -18.90  1.00000
  5490      5.80    -18.85  1.00000
  5491      5.80    -18.80  1.00000
  5492      5.80    -18.75  1.00000
  5493      5.80    -18.70  1.00000
  5494      5.80    -18.65  1.00000
  5495      5.80    -18.60  1.00000
  5496      5.80    -18.55  1.00000
  5497      5.80    -18.50  1.00000
  5498      5.80    -18.45  1.00000
  5499      5.80    -18.40  1.00000
  5500      5.80    -18.35  1.00000
  5501      5.80    -18.30  1.00000
  5502      5.80    -18.25  1.00000
  5503      5.80    -18.20  1.00000
  5504      5.80    -18.15  1.00000
  5505      5.80    -18.10  1.00000
  5506      5.80    -18.05  1.00000
  5507      5.80    -18.00  1.00000
  5508      5.80    -17.95  1.00000
  5509      5.80    -17.90  1.00000
  5510      5.80    -17.85  1.00000
  5511      5.80    -17.80  1.00000
  5512      5.80    -17.75  1.00000
  5513      5.80    -17.70  1.00000
  5514      5.80    -17.65  1.00000
  5515      5.80    -17.60  1.00000
  5516      5.80    -17.55  1.00000
  5517      5.80    -17.50  1.00000
  5518      5.80    -17.45  1.00000
  5519      5.80    -17.40  1.00000
  5520      5.80    -17.35  1.00000
  5521      5.80    -17.30  1.00000
  5522      5.80    -17.25  1.00000
  5523      5.80    -17.20  1.00000
  5524      5.80    -17.15  1.00000
  5525      5.80    -17.10  1.00000
  5526      5.80    -17.05  1.00000
  5527      5.80    -17.00  1.00000
  5528      5.80    -16.95  1.00000
  5529      5.80    -16.90  1.00000
  5530      5.80    -16.85  1.00000
  5531      5.80    -16.80  1.00000
  5532      5.80    -16.75  1.00000
  5533      5.80    -16.70  1.00000
  5534      5.80    -16.65  1.00000
  5535      5.80    -16.60  1.00000
  5536      5.80    -16.55  1.00000
  5537      5.80    -16.50  1.00000
  5538      5.80    -16.45  1.00000
  5539      5.80    -16.40  1.00000
  5540      5.80    -16.35  1.00000
  5541      5.80    -16.30  1.00000
  5542      5.80    -16.25  1.00000
  5543      5.80    -16.20  1.00000
  5544      5.80    -16.15  1.00000
  5545      5.80    -16.10  1.00000
  5546      5.80    -16.05  1.00000
  5547      5.80    -16.00  1.00000
  5548      5.80    -15.95  1.00000
  5549      5.80    -15.90  1.00000
  5550      5.80    -15.85  1.00000
  5551      5.80    -15.80  1.00000
  5552      5.80    -15.75  1.00000
  5553      5.80    -15.70  1.00000
  5554      5.80    -15.65  1.00000
  5555      5.80    -15.60  1.00000
  5556      5.80    -15.55  1.00000
  5557      5.80    -15.50  1.00000
  5558      5.80    -15.45  1.00000
  5559      5.80    -15.40  1.00000
  5560      5.80    -15.35  1.00000
  5561      5.80    -15.30  1.00000
  5562      5.80    -15.25  1.00000
  5563      5.80    -15.20  1.00000
  5564      5.80    -15.15  1.00000
  5565      5.80    -15.10  1.00000
  5566      5.80    -15.05  1.00000
  5567      5.80    -15.00  1.00000
  5568      5.80    -14.95  1.00000
  5569      5.85    -20.70  1.00000
  5570      5.85    -20.65  1.00000
  5571      5.85    -20.60  1.00000
  5572      5.85    -20.55  1.00000
  5573      5.85    -20.50  1.00000
  5574      5.85    -20.45  1.00000
  5575      5.85    -20.40  1.00000
  5576      5.85    -20.35  1.00000
  5577      5.85    -20.30  1.00000
  5578      5.85    -20.25  1.00000
  5579      5.85    -20.20  1.00000
  5580      5.85    -20.15  1.00000
  5581      5.85    -20.10  1.00000
  5582      5.85    -20.05  1.00000
  5583      5.85    -20.00  1.00000
  5584      5.85    -19.95  1.00000
  5585      5.85    -19.90  1.00000
  5586      5.85    -19.85  1.00000
  5587      5.85    -19.80  1.00000
  5588      5.85    -19.75  1.00000
  5589      5.85    -19.70  1.00000
  5590      5.85    -19.65  1.00000
  5591      5.85    -19.60  1.00000
  5592      5.85    -19.55  1.00000
  5593      5.85    -19.50  1.00000
  5594      5.85    -19.45  1.00000
  5595      5.85    -19.40  1.00000
  5596      5.85    -19.35  1.00000
  5597      5.85    -19.30  1.00000
  5598      5.85    -19.25  1.00000
  5599      5.85    -19.20  1.00000
  5600      5.85    -19.15  1.00000
  5601      5.85    -19.10  1.00000
  5602      5.85    -19.05  1.00000
  5603      5.85    -19.00  1.00000
  5604      5.85    -18.95  1.00000
  5605      5.85    -18.90  1.00000
  5606      5.85    -18.85  1.00000
  5607      5.85    -18.80  1.00000
  5608      5.85    -18.75  1.00000
  5609      5.85    -18.70  1.00000
  5610      5.85    -18.65  1.00000
  5611      5.85    -18.60  1.00000
  5612      5.85    -18.55  1.00000
  5613      5.85    -18.50  1.00000
  5614      5.85    -18.45  1.00000
  5615      5.85    -18.40  1.00000
  5616      5.85    -18.35  1.00000
  5617      5.85    -18.30  1.00000
  5618      5.85    -18.25  1.00000
  5619      5.85    -18.20  1.00000
  5620      5.85    -18.15  1.00000
  5621      5.85    -18.10  1.00000
  5622      5.85    -18.05  1.00000
  5623      5.85    -18.00  1.00000
  5624      5.85    -17.95  1.00000
  5625      5.85    -17.90  1.00000
  5626      5.85    -17.85  1.00000
  5627      5.85    -17.80  1.00000
  5628      5.85    -17.75  1.00000
  5629      5.85    -17.70  1.00000
  5630      5.85    -17.65  1.00000
  5631      5.85    -17.60  1.00000
  5632      5.85    -17.55  1.00000
  5633      5.85    -17.50  1.00000
  5634      5.85    -17.45  1.00000
  5635      5.85    -17.40  1.00000
  5636      5.85    -17.35  1.00000
  5637      5.85    -17.30  1.00000
  5638      5.85    -17.25  1.00000
  5639      5.85    -17.20  1.00000
  5640      5.85    -17.15  1.00000
  5641      5.85    -17.10  1.00000
  5642      5.85    -17.05  1.00000
  5643      5.85    -17.00  1.00000
  5644      5.85    -16.95  1.00000
  5645      5.85    -16.90  1.00000
  5646      5.85    -16.85  1.00000
  5647      5.85    -16.80  1.00000
  5648      5.85    -16.75  1.00000
  5649      5.85    -16.70  1.00000
  5650      5.85    -16.65  1.00000
  5651      5.85    -16.60  1.00000
  5652      5.85    -16.55  1.00000
  5653      5.85    -16.50  1.00000
  5654      5.85    -16.45  1.00000
  5655      5.85    -16.40  1.00000
  5656      5.85    -16.35  1.00000
  5657      5.85    -16.30  1.00000
  5658      5.85    -16.25  1.00000
  5659      5.85    -16.20  1.00000
  5660      5.85    -16.15  1.00000
  5661      5.85    -16.10  1.00000
  5662      5.85    -16.05  1.00000
  5663      5.85    -16.00  1.00000
  5664      5.85    -15.95  1.00000
  5665      5.85    -15.90  1.00000
  5666      5.85    -15.85  1.00000
  5667      5.85    -15.80  1.00000
  5668      5.85    -15.75  1.00000
  5669      5.85    -15.70  1.00000
  5670      5.85    -15.65  1.00000
  5671      5.85    -15.60  1.00000
  5672      5.85    -15.55  1.00000
  5673      5.85    -15.50  1.00000
  5674      5.85    -15.45  1.00000
  5675      5.85    -15.40  1.00000
  5676      5.85    -15.35  1.00000
  5677      5.85    -15.30  1.00000
  5678      5.85    -15.25  1.00000
  5679      5.85    -15.20  1.00000
  5680      5.85    -15.15  1.00000
  5681      5.85    -15.10  1.00000
  5682      5.85    -15.05  1.00000
  5683      5.85    -15.00  1.00000
  5684      5.85    -14.95  1.00000
  5685      5.90    -20.70  1.00000
  5686      5.90    -20.65  1.00000
  5687      5.90    -20.60  1.00000
  5688      5.90    -20.55  1.00000
  5689      5.90    -20.50  1.00000
  5690      5.90    -20.45  1.00000
  5691      5.90    -20.40  1.00000
  5692      5.90    -20.35  1.00000
  5693      5.90    -20.30  1.00000
  5694      5.90    -20.25  1.00000
  5695      5.90    -20.20  1.00000
  5696      5.90    -20.15  1.00000
  5697      5.90    -20.10  1.00000
  5698      5.90    -20.05  1.00000
  5699      5.90    -20.00  1.00000
  5700      5.90    -19.95  1.00000
  5701      5.90    -19.90  1.00000
  5702      5.90    -19.85  1.00000
  5703      5.90    -19.80  1.00000
  5704      5.90    -19.75  1.00000
  5705      5.90    -19.70  1.00000
  5706      5.90    -19.65  1.00000
  5707      5.90    -19.60  1.00000
  5708      5.90    -19.55  1.00000
  5709      5.90    -19.50  1.00000
  5710      5.90    -19.45  1.00000
  5711      5.90    -19.40  1.00000
  5712      5.90    -19.35  1.00000
  5713      5.90    -19.30  1.00000
  5714      5.90    -19.25  1.00000
  5715      5.90    -19.20  1.00000
  5716      5.90    -19.15  1.00000
  5717      5.90    -19.10  1.00000
  5718      5.90    -19.05  1.00000
  5719      5.90    -19.00  1.00000
  5720      5.90    -18.95  1.00000
  5721      5.90    -18.90  1.00000
  5722      5.90    -18.85  1.00000
  5723      5.90    -18.80  1.00000
  5724      5.90    -18.75  1.00000
  5725      5.90    -18.70  1.00000
  5726      5.90    -18.65  1.00000
  5727      5.90    -18.60  1.00000
  5728      5.90    -18.55  1.00000
  5729      5.90    -18.50  1.00000
  5730      5.90    -18.45  1.00000
  5731      5.90    -18.40  1.00000
  5732      5.90    -18.35  1.00000
  5733      5.90    -18.30  1.00000
  5734      5.90    -18.25  1.00000
  5735      5.90    -18.20  1.00000
  5736      5.90    -18.15  1.00000
  5737      5.90    -18.10  1.00000
  5738      5.90    -18.05  1.00000
  5739      5.90    -18.00  1.00000
  5740      5.90    -17.95  1.00000
  5741      5.90    -17.90  1.00000
  5742      5.90    -17.85  1.00000
  5743      5.90    -17.80  1.00000
  5744      5.90    -17.75  1.00000
  5745      5.90    -17.70  1.00000
  5746      5.90    -17.65  1.00000
  5747      5.90    -17.60  1.00000
  5748      5.90    -17.55  1.00000
  5749      5.90    -17.50  1.00000
  5750      5.90    -17.45  1.00000
  5751      5.90    -17.40  1.00000
  5752      5.90    -17.35  1.00000
  5753      5.90    -17.30  1.00000
  5754      5.90    -17.25  1.00000
  5755      5.90    -17.20  1.00000
  5756      5.90    -17.15  1.00000
  5757      5.90    -17.10  1.00000
  5758      5.90    -17.05  1.00000
  5759      5.90    -17.00  1.00000
  5760      5.90    -16.95  1.00000
  5761      5.90    -16.90  1.00000
  5762      5.90    -16.85  1.00000
  5763      5.90    -16.80  1.00000
  5764      5.90    -16.75  1.00000
  5765      5.90    -16.70  1.00000
  5766      5.90    -16.65  1.00000
  5767      5.90    -16.60  1.00000
  5768      5.90    -16.55  1.00000
  5769      5.90    -16.50  1.00000
  5770      5.90    -16.45  1.00000
  5771      5.90    -16.40  1.00000
  5772      5.90    -16.35  1.00000
  5773      5.90    -16.30  1.00000
  5774      5.90    -16.25  1.00000
  5775      5.90    -16.20  1.00000
  5776      5.90    -16.15  1.00000
  5777      5.90    -16.10  1.00000
  5778      5.90    -16.05  1.00000
  5779      5.90    -16.00  1.00000
  5780      5.90    -15.95  1.00000
  5781      5.90    -15.90  1.00000
  5782      5.90    -15.85  1.00000
  5783      5.90    -15.80  1.00000
  5784      5.90    -15.75  1.00000
  5785      5.90    -15.70  1.00000
  5786      5.90    -15.65  1.00000
  5787      5.90    -15.60  1.00000
  5788      5.90    -15.55  1.00000
  5789      5.90    -15.50  1.00000
  5790      5.90    -15.45  1.00000
  5791      5.90    -15.40  1.00000
  5792      5.90    -15.35  1.00000
  5793      5.90    -15.30  1.00000
  5794      5.90    -15.25  1.00000
  5795      5.90    -15.20  1.00000
  5796      5.90    -15.15  1.00000
  5797      5.90    -15.10  1.00000
  5798      5.90    -15.05  1.00000
  5799      5.90    -15.00  1.00000
  5800      5.90    -14.95  1.00000
  5801      5.95    -20.70  1.00000
  5802      5.95    -20.65  1.00000
  5803      5.95    -20.60  1.00000
  5804      5.95    -20.55  1.00000
  5805      5.95    -20.50  1.00000
  5806      5.95    -20.45  1.00000
  5807      5.95    -20.40  1.00000
  5808      5.95    -20.35  1.00000
  5809      5.95    -20.30  1.00000
  5810      5.95    -20.25  1.00000
  5811      5.95    -20.20  1.00000
  5812      5.95    -20.15  1.00000
  5813      5.95    -20.10  1.00000
  5814      5.95    -20.05  1.00000
  5815      5.95    -20.00  1.00000
  5816      5.95    -19.95  1.00000
  5817      5.95    -19.90  1.00000
  5818      5.95    -19.85  1.00000
  5819      5.95    -19.80  1.00000
  5820      5.95    -19.75  1.00000
  5821      5.95    -19.70  1.00000
  5822      5.95    -19.65  1.00000
  5823      5.95    -19.60  1.00000
  5824      5.95    -19.55  1.00000
  5825      5.95    -19.50  1.00000
  5826      5.95    -19.45  1.00000
  5827      5.95    -19.40  1.00000
  5828      5.95    -19.35  1.00000
  5829      5.95    -19.30  1.00000
  5830      5.95    -19.25  1.00000
  5831      5.95    -19.20  1.00000
  5832      5.95    -19.15  1.00000
  5833      5.95    -19.10  1.00000
  5834      5.95    -19.05  1.00000
  5835      5.95    -19.00  1.00000
  5836      5.95    -18.95  1.00000
  5837      5.95    -18.90  1.00000
  5838      5.95    -18.85  1.00000
  5839      5.95    -18.80  1.00000
  5840      5.95    -18.75  1.00000
  5841      5.95    -18.70  1.00000
  5842      5.95    -18.65  1.00000
  5843      5.95    -18.60  1.00000
  5844      5.95    -18.55  1.00000
  5845      5.95    -18.50  1.00000
  5846      5.95    -18.45  1.00000
  5847      5.95    -18.40  1.00000
  5848      5.95    -18.35  1.00000
  5849      5.95    -18.30  1.00000
  5850      5.95    -18.25  1.00000
  5851      5.95    -18.20  1.00000
  5852      5.95    -18.15  1.00000
  5853      5.95    -18.10  1.00000
  5854      5.95    -18.05  1.00000
  5855      5.95    -18.00  1.00000
  5856      5.95    -17.95  1.00000
  5857      5.95    -17.90  1.00000
  5858      5.95    -17.85  1.00000
  5859      5.95    -17.80  1.00000
  5860      5.95    -17.75  1.00000
  5861      5.95    -17.70  1.00000
  5862      5.95    -17.65  1.00000
  5863      5.95    -17.60  1.00000
  5864      5.95    -17.55  1.00000
  5865      5.95    -17.50  1.00000
  5866      5.95    -17.45  1.00000
  5867      5.95    -17.40  1.00000
  5868      5.95    -17.35  1.00000
  5869      5.95    -17.30  1.00000
  5870      5.95    -17.25  1.00000
  5871      5.95    -17.20  1.00000
  5872      5.95    -17.15  1.00000
  5873      5.95    -17.10  1.00000
  5874      5.95    -17.05  1.00000
  5875      5.95    -17.00  1.00000
  5876      5.95    -16.95  1.00000
  5877      5.95    -16.90  1.00000
  5878      5.95    -16.85  1.00000
  5879      5.95    -16.80  1.00000
  5880      5.95    -16.75  1.00000
  5881      5.95    -16.70  1.00000
  5882      5.95    -16.65  1.00000
  5883      5.95    -16.60  1.00000
  5884      5.95    -16.55  1.00000
  5885      5.95    -16.50  1.00000
  5886      5.95    -16.45  1.00000
  5887      5.95    -16.40  1.00000
  5888      5.95    -16.35  1.00000
  5889      5.95    -16.30  1.00000
  5890      5.95    -16.25  1.00000
  5891      5.95    -16.20  1.00000
  5892      5.95    -16.15  1.00000
  5893      5.95    -16.10  1.00000
  5894      5.95    -16.05  1.00000
  5895      5.95    -16.00  1.00000
  5896      5.95    -15.95  1.00000
  5897      5.95    -15.90  1.00000
  5898      5.95    -15.85  1.00000
  5899      5.95    -15.80  1.00000
  5900      5.95    -15.75  1.00000
  5901      5.95    -15.70  1.00000
  5902      5.95    -15.65  1.00000
  5903      5.95    -15.60  1.00000
  5904      5.95    -15.55  1.00000
  5905      5.95    -15.50  1.00000
  5906      5.95    -15.45  1.00000
  5907      5.95    -15.40  1.00000
  5908      5.95    -15.35  1.00000
  5909      5.95    -15.30  1.00000
  5910      5.95    -15.25  1.00000
  5911      5.95    -15.20  1.00000
  5912      5.95    -15.15  1.00000
  5913      5.95    -15.10  1.00000
  5914      5.95    -15.05  1.00000
  5915      5.95    -15.00  1.00000
  5916      5.95    -14.95  1.00000
  5917      6.00    -20.70  1.00000
  5918      6.00    -20.65  1.00000
  5919      6.00    -20.60  1.00000
  5920      6.00    -20.55  1.00000
  5921      6.00    -20.50  1.00000
  5922      6.00    -20.45  1.00000
  5923      6.00    -20.40  1.00000
  5924      6.00    -20.35  1.00000
  5925      6.00    -20.30  1.00000
  5926      6.00    -20.25  1.00000
  5927      6.00    -20.20  1.00000
  5928      6.00    -20.15  1.00000
  5929      6.00    -20.10  1.00000
  5930      6.00    -20.05  1.00000
  5931      6.00    -20.00  1.00000
  5932      6.00    -19.95  1.00000
  5933      6.00    -19.90  1.00000
  5934      6.00    -19.85  1.00000
  5935      6.00    -19.80  1.00000
  5936      6.00    -19.75  1.00000
  5937      6.00    -19.70  1.00000
  5938      6.00    -19.65  1.00000
  5939      6.00    -19.60  1.00000
  5940      6.00    -19.55  1.00000
  5941      6.00    -19.50  1.00000
  5942      6.00    -19.45  1.00000
  5943      6.00    -19.40  1.00000
  5944      6.00    -19.35  1.00000
  5945      6.00    -19.30  1.00000
  5946      6.00    -19.25  1.00000
  5947      6.00    -19.20  1.00000
  5948      6.00    -19.15  1.00000
  5949      6.00    -19.10  1.00000
  5950      6.00    -19.05  1.00000
  5951      6.00    -19.00  1.00000
  5952      6.00    -18.95  1.00000
  5953      6.00    -18.90  1.00000
  5954      6.00    -18.85  1.00000
  5955      6.00    -18.80  1.00000
  5956      6.00    -18.75  1.00000
  5957      6.00    -18.70  1.00000
  5958      6.00    -18.65  1.00000
  5959      6.00    -18.60  1.00000
  5960      6.00    -18.55  1.00000
  5961      6.00    -18.50  1.00000
  5962      6.00    -18.45  1.00000
  5963      6.00    -18.40  1.00000
  5964      6.00    -18.35  1.00000
  5965      6.00    -18.30  1.00000
  5966      6.00    -18.25  1.00000
  5967      6.00    -18.20  1.00000
  5968      6.00    -18.15  1.00000
  5969      6.00    -18.10  1.00000
  5970      6.00    -18.05  1.00000
  5971      6.00    -18.00  1.00000
  5972      6.00    -17.95  1.00000
  5973      6.00    -17.90  1.00000
  5974      6.00    -17.85  1.00000
  5975      6.00    -17.80  1.00000
  5976      6.00    -17.75  1.00000
  5977      6.00    -17.70  1.00000
  5978      6.00    -17.65  1.00000
  5979      6.00    -17.60  1.00000
  5980      6.00    -17.55  1.00000
  5981      6.00    -17.50  1.00000
  5982      6.00    -17.45  1.00000
  5983      6.00    -17.40  1.00000
  5984      6.00    -17.35  1.00000
  5985      6.00    -17.30  1.00000
  5986      6.00    -17.25  1.00000
  5987      6.00    -17.20  1.00000
  5988      6.00    -17.15  1.00000
  5989      6.00    -17.10  1.00000
  5990      6.00    -17.05  1.00000
  5991      6.00    -17.00  1.00000
  5992      6.00    -16.95  1.00000
  5993      6.00    -16.90  1.00000
  5994      6.00    -16.85  1.00000
  5995      6.00    -16.80  1.00000
  5996      6.00    -16.75  1.00000
  5997      6.00    -16.70  1.00000
  5998      6.00    -16.65  1.00000
  5999      6.00    -16.60  1.00000
  6000      6.00    -16.55  1.00000
  6001      6.00    -16.50  1.00000
  6002      6.00    -16.45  1.00000
  6003      6.00    -16.40  1.00000
  6004      6.00    -16.35  1.00000
  6005      6.00    -16.30  1.00000
  6006      6.00    -16.25  1.00000
  6007      6.00    -16.20  1.00000
  6008      6.00    -16.15  1.00000
  6009      6.00    -16.10  1.00000
  6010      6.00    -16.05  1.00000
  6011      6.00    -16.00  1.00000
  6012      6.00    -15.95  1.00000
  6013      6.00    -15.90  1.00000
  6014      6.00    -15.85  1.00000
  6015      6.00    -15.80  1.00000
  6016      6.00    -15.75  1.00000
  6017      6.00    -15.70  1.00000
  6018      6.00    -15.65  1.00000
  6019      6.00    -15.60  1.00000
  6020      6.00    -15.55  1.00000
  6021      6.00    -15.50  1.00000
  6022      6.00    -15.45  1.00000
  6023      6.00    -15.40  1.00000
  6024      6.00    -15.35  1.00000
  6025      6.00    -15.30  1.00000
  6026      6.00    -15.25  1.00000
  6027      6.00    -15.20  1.00000
  6028      6.00    -15.15  1.00000
  6029      6.00    -15.10  1.00000
  6030      6.00    -15.05  1.00000
  6031      6.00    -15.00  1.00000
  6032      6.00    -14.95  1.00000
  6033      6.05    -20.70  1.00000
  6034      6.05    -20.65  1.00000
  6035      6.05    -20.60  1.00000
  6036      6.05    -20.55  1.00000
  6037      6.05    -20.50  1.00000
  6038      6.05    -20.45  1.00000
  6039      6.05    -20.40  1.00000
  6040      6.05    -20.35  1.00000
  6041      6.05    -20.30  1.00000
  6042      6.05    -20.25  1.00000
  6043      6.05    -20.20  1.00000
  6044      6.05    -20.15  1.00000
  6045      6.05    -20.10  1.00000
  6046      6.05    -20.05  1.00000
  6047      6.05    -20.00  1.00000
  6048      6.05    -19.95  1.00000
  6049      6.05    -19.90  1.00000
  6050      6.05    -19.85  1.00000
  6051      6.05    -19.80  1.00000
  6052      6.05    -19.75  1.00000
  6053      6.05    -19.70  1.00000
  6054      6.05    -19.65  1.00000
  6055      6.05    -19.60  1.00000
  6056      6.05    -19.55  1.00000
  6057      6.05    -19.50  1.00000
  6058      6.05    -19.45  1.00000
  6059      6.05    -19.40  1.00000
  6060      6.05    -19.35  1.00000
  6061      6.05    -19.30  1.00000
  6062      6.05    -19.25  1.00000
  6063      6.05    -19.20  1.00000
  6064      6.05    -19.15  1.00000
  6065      6.05    -19.10  1.00000
  6066      6.05    -19.05  1.00000
  6067      6.05    -19.00  1.00000
  6068      6.05    -18.95  1.00000
  6069      6.05    -18.90  1.00000
  6070      6.05    -18.85  1.00000
  6071      6.05    -18.80  1.00000
  6072      6.05    -18.75  1.00000
  6073      6.05    -18.70  1.00000
  6074      6.05    -18.65  1.00000
  6075      6.05    -18.60  1.00000
  6076      6.05    -18.55  1.00000
  6077      6.05    -18.50  1.00000
  6078      6.05    -18.45  1.00000
  6079      6.05    -18.40  1.00000
  6080      6.05    -18.35  1.00000
  6081      6.05    -18.30  1.00000
  6082      6.05    -18.25  1.00000
  6083      6.05    -18.20  1.00000
  6084      6.05    -18.15  1.00000
  6085      6.05    -18.10  1.00000
  6086      6.05    -18.05  1.00000
  6087      6.05    -18.00  1.00000
  6088      6.05    -17.95  1.00000
  6089      6.05    -17.90  1.00000
  6090      6.05    -17.85  1.00000
  6091      6.05    -17.80  1.00000
  6092      6.05    -17.75  1.00000
  6093      6.05    -17.70  1.00000
  6094      6.05    -17.65  1.00000
  6095      6.05    -17.60  1.00000
  6096      6.05    -17.55  1.00000
  6097      6.05    -17.50  1.00000
  6098      6.05    -17.45  1.00000
  6099      6.05    -17.40  1.00000
  6100      6.05    -17.35  1.00000
  6101      6.05    -17.30  1.00000
  6102      6.05    -17.25  1.00000
  6103      6.05    -17.20  1.00000
  6104      6.05    -17.15  1.00000
  6105      6.05    -17.10  1.00000
  6106      6.05    -17.05  1.00000
  6107      6.05    -17.00  1.00000
  6108      6.05    -16.95  1.00000
  6109      6.05    -16.90  1.00000
  6110      6.05    -16.85  1.00000
  6111      6.05    -16.80  1.00000
  6112      6.05    -16.75  1.00000
  6113      6.05    -16.70  1.00000
  6114      6.05    -16.65  1.00000
  6115      6.05    -16.60  1.00000
  6116      6.05    -16.55  1.00000
  6117      6.05    -16.50  1.00000
  6118      6.05    -16.45  1.00000
  6119      6.05    -16.40  1.00000
  6120      6.05    -16.35  1.00000
  6121      6.05    -16.30  1.00000
  6122      6.05    -16.25  1.00000
  6123      6.05    -16.20  1.00000
  6124      6.05    -16.15  1.00000
  6125      6.05    -16.10  1.00000
  6126      6.05    -16.05  1.00000
  6127      6.05    -16.00  1.00000
  6128      6.05    -15.95  1.00000
  6129      6.05    -15.90  1.00000
  6130      6.05    -15.85  1.00000
  6131      6.05    -15.80  1.00000
  6132      6.05    -15.75  1.00000
  6133      6.05    -15.70  1.00000
  6134      6.05    -15.65  1.00000
  6135      6.05    -15.60  1.00000
  6136      6.05    -15.55  1.00000
  6137      6.05    -15.50  1.00000
  6138      6.05    -15.45  1.00000
  6139      6.05    -15.40  1.00000
  6140      6.05    -15.35  1.00000
  6141      6.05    -15.30  1.00000
  6142      6.05    -15.25  1.00000
  6143      6.05    -15.20  1.00000
  6144      6.05    -15.15  1.00000
  6145      6.05    -15.10  1.00000
  6146      6.05    -15.05  1.00000
  6147      6.05    -15.00  1.00000
  6148      6.05    -14.95  1.00000
  6149      6.10    -20.70  1.00000
  6150      6.10    -20.65  1.00000
  6151      6.10    -20.60  1.00000
  6152      6.10    -20.55  1.00000
  6153      6.10    -20.50  1.00000
  6154      6.10    -20.45  1.00000
  6155      6.10    -20.40  1.00000
  6156      6.10    -20.35  1.00000
  6157      6.10    -20.30  1.00000
  6158      6.10    -20.25  1.00000
  6159      6.10    -20.20  1.00000
  6160      6.10    -20.15  1.00000
  6161      6.10    -20.10  1.00000
  6162      6.10    -20.05  1.00000
  6163      6.10    -20.00  1.00000
  6164      6.10    -19.95  1.00000
  6165      6.10    -19.90  1.00000
  6166      6.10    -19.85  1.00000
  6167      6.10    -19.80  1.00000
  6168      6.10    -19.75  1.00000
  6169      6.10    -19.70  1.00000
  6170      6.10    -19.65  1.00000
  6171      6.10    -19.60  1.00000
  6172      6.10    -19.55  1.00000
  6173      6.10    -19.50  1.00000
  6174      6.10    -19.45  1.00000
  6175      6.10    -19.40  1.00000
  6176      6.10    -19.35  1.00000
  6177      6.10    -19.30  1.00000
  6178      6.10    -19.25  1.00000
  6179      6.10    -19.20  1.00000
  6180      6.10    -19.15  1.00000
  6181      6.10    -19.10  1.00000
  6182      6.10    -19.05  1.00000
  6183      6.10    -19.00  1.00000
  6184      6.10    -18.95  1.00000
  6185      6.10    -18.90  1.00000
  6186      6.10    -18.85  1.00000
  6187      6.10    -18.80  1.00000
  6188      6.10    -18.75  1.00000
  6189      6.10    -18.70  1.00000
  6190      6.10    -18.65  1.00000
  6191      6.10    -18.60  1.00000
  6192      6.10    -18.55  1.00000
  6193      6.10    -18.50  1.00000
  6194      6.10    -18.45  1.00000
  6195      6.10    -18.40  1.00000
  6196      6.10    -18.35  1.00000
  6197      6.10    -18.30  1.00000
  6198      6.10    -18.25  1.00000
  6199      6.10    -18.20  1.00000
  6200      6.10    -18.15  1.00000
  6201      6.10    -18.10  1.00000
  6202      6.10    -18.05  1.00000
  6203      6.10    -18.00  1.00000
  6204      6.10    -17.95  1.00000
  6205      6.10    -17.90  1.00000
  6206      6.10    -17.85  1.00000
  6207      6.10    -17.80  1.00000
  6208      6.10    -17.75  1.00000
  6209      6.10    -17.70  1.00000
  6210      6.10    -17.65  1.00000
  6211      6.10    -17.60  1.00000
  6212      6.10    -17.55  1.00000
  6213      6.10    -17.50  1.00000
  6214      6.10    -17.45  1.00000
  6215      6.10    -17.40  1.00000
  6216      6.10    -17.35  1.00000
  6217      6.10    -17.30  1.00000
  6218      6.10    -17.25  1.00000
  6219      6.10    -17.20  1.00000
  6220      6.10    -17.15  1.00000
  6221      6.10    -17.10  1.00000
  6222      6.10    -17.05  1.00000
  6223      6.10    -17.00  1.00000
  6224      6.10    -16.95  1.00000
  6225      6.10    -16.90  1.00000
  6226      6.10    -16.85  1.00000
  6227      6.10    -16.80  1.00000
  6228      6.10    -16.75  1.00000
  6229      6.10    -16.70  1.00000
  6230      6.10    -16.65  1.00000
  6231      6.10    -16.60  1.00000
  6232      6.10    -16.55  1.00000
  6233      6.10    -16.50  1.00000
  6234      6.10    -16.45  1.00000
  6235      6.10    -16.40  1.00000
  6236      6.10    -16.35  1.00000
  6237      6.10    -16.30  1.00000
  6238      6.10    -16.25  1.00000
  6239      6.10    -16.20  1.00000
  6240      6.10    -16.15  1.00000
  6241      6.10    -16.10  1.00000
  6242      6.10    -16.05  1.00000
  6243      6.10    -16.00  1.00000
  6244      6.10    -15.95  1.00000
  6245      6.10    -15.90  1.00000
  6246      6.10    -15.85  1.00000
  6247      6.10    -15.80  1.00000
  6248      6.10    -15.75  1.00000
  6249      6.10    -15.70  1.00000
  6250      6.10    -15.65  1.00000
  6251      6.10    -15.60  1.00000
  6252      6.10    -15.55  1.00000
  6253      6.10    -15.50  1.00000
  6254      6.10    -15.45  1.00000
  6255      6.10    -15.40  1.00000
  6256      6.10    -15.35  1.00000
  6257      6.10    -15.30  1.00000
  6258      6.10    -15.25  1.00000
  6259      6.10    -15.20  1.00000
  6260      6.10    -15.15  1.00000
  6261      6.10    -15.10  1.00000
  6262      6.10    -15.05  1.00000
  6263      6.10    -15.00  1.00000
  6264      6.10    -14.95  1.00000
  6265      6.15    -20.70  1.00000
  6266      6.15    -20.65  1.00000
  6267      6.15    -20.60  1.00000
  6268      6.15    -20.55  1.00000
  6269      6.15    -20.50  1.00000
  6270      6.15    -20.45  1.00000
  6271      6.15    -20.40  1.00000
  6272      6.15    -20.35  1.00000
  6273      6.15    -20.30  1.00000
  6274      6.15    -20.25  1.00000
  6275      6.15    -20.20  1.00000
  6276      6.15    -20.15  1.00000
  6277      6.15    -20.10  1.00000
  6278      6.15    -20.05  1.00000
  6279      6.15    -20.00  1.00000
  6280      6.15    -19.95  1.00000
  6281      6.15    -19.90  1.00000
  6282      6.15    -19.85  1.00000
  6283      6.15    -19.80  1.00000
  6284      6.15    -19.75  1.00000
  6285      6.15    -19.70  1.00000
  6286      6.15    -19.65  1.00000
  6287      6.15    -19.60  1.00000
  6288      6.15    -19.55  1.00000
  6289      6.15    -19.50  1.00000
  6290      6.15    -19.45  1.00000
  6291      6.15    -19.40  1.00000
  6292      6.15    -19.35  1.00000
  6293      6.15    -19.30  1.00000
  6294      6.15    -19.25  1.00000
  6295      6.15    -19.20  1.00000
  6296      6.15    -19.15  1.00000
  6297      6.15    -19.10  1.00000
  6298      6.15    -19.05  1.00000
  6299      6.15    -19.00  1.00000
  6300      6.15    -18.95  1.00000
  6301      6.15    -18.90  1.00000
  6302      6.15    -18.85  1.00000
  6303      6.15    -18.80  1.00000
  6304      6.15    -18.75  1.00000
  6305      6.15    -18.70  1.00000
  6306      6.15    -18.65  1.00000
  6307      6.15    -18.60  1.00000
  6308      6.15    -18.55  1.00000
  6309      6.15    -18.50  1.00000
  6310      6.15    -18.45  1.00000
  6311      6.15    -18.40  1.00000
  6312      6.15    -18.35  1.00000
  6313      6.15    -18.30  1.00000
  6314      6.15    -18.25  1.00000
  6315      6.15    -18.20  1.00000
  6316      6.15    -18.15  1.00000
  6317      6.15    -18.10  1.00000
  6318      6.15    -18.05  1.00000
  6319      6.15    -18.00  1.00000
  6320      6.15    -17.95  1.00000
  6321      6.15    -17.90  1.00000
  6322      6.15    -17.85  1.00000
  6323      6.15    -17.80  1.00000
  6324      6.15    -17.75  1.00000
  6325      6.15    -17.70  1.00000
  6326      6.15    -17.65  1.00000
  6327      6.15    -17.60  1.00000
  6328      6.15    -17.55  1.00000
  6329      6.15    -17.50  1.00000
  6330      6.15    -17.45  1.00000
  6331      6.15    -17.40  1.00000
  6332      6.15    -17.35  1.00000
  6333      6.15    -17.30  1.00000
  6334      6.15    -17.25  1.00000
  6335      6.15    -17.20  1.00000
  6336      6.15    -17.15  1.00000
  6337      6.15    -17.10  1.00000
  6338      6.15    -17.05  1.00000
  6339      6.15    -17.00  1.00000
  6340      6.15    -16.95  1.00000
  6341      6.15    -16.90  1.00000
  6342      6.15    -16.85  1.00000
  6343      6.15    -16.80  1.00000
  6344      6.15    -16.75  1.00000
  6345      6.15    -16.70  1.00000
  6346      6.15    -16.65  1.00000
  6347      6.15    -16.60  1.00000
  6348      6.15    -16.55  1.00000
  6349      6.15    -16.50  1.00000
  6350      6.15    -16.45  1.00000
  6351      6.15    -16.40  1.00000
  6352      6.15    -16.35  1.00000
  6353      6.15    -16.30  1.00000
  6354      6.15    -16.25  1.00000
  6355      6.15    -16.20  1.00000
  6356      6.15    -16.15  1.00000
  6357      6.15    -16.10  1.00000
  6358      6.15    -16.05  1.00000
  6359      6.15    -16.00  1.00000
  6360      6.15    -15.95  1.00000
  6361      6.15    -15.90  1.00000
  6362      6.15    -15.85  1.00000
  6363      6.15    -15.80  1.00000
  6364      6.15    -15.75  1.00000
  6365      6.15    -15.70  1.00000
  6366      6.15    -15.65  1.00000
  6367      6.15    -15.60  1.00000
  6368      6.15    -15.55  1.00000
  6369      6.15    -15.50  1.00000
  6370      6.15    -15.45  1.00000
  6371      6.15    -15.40  1.00000
  6372      6.15    -15.35  1.00000
  6373      6.15    -15.30  1.00000
  6374      6.15    -15.25  1.00000
  6375      6.15    -15.20  1.00000
  6376      6.15    -15.15  1.00000
  6377      6.15    -15.10  1.00000
  6378      6.15    -15.05  1.00000
  6379      6.15    -15.00  1.00000
  6380      6.15    -14.95  1.00000
  6381      6.20    -20.70  1.00000
  6382      6.20    -20.65  1.00000
  6383      6.20    -20.60  1.00000
  6384      6.20    -20.55  1.00000
  6385      6.20    -20.50  1.00000
  6386      6.20    -20.45  1.00000
  6387      6.20    -20.40  1.00000
  6388      6.20    -20.35  1.00000
  6389      6.20    -20.30  1.00000
  6390      6.20    -20.25  1.00000
  6391      6.20    -20.20  1.00000
  6392      6.20    -20.15  1.00000
  6393      6.20    -20.10  1.00000
  6394      6.20    -20.05  1.00000
  6395      6.20    -20.00  1.00000
  6396      6.20    -19.95  1.00000
  6397      6.20    -19.90  1.00000
  6398      6.20    -19.85  1.00000
  6399      6.20    -19.80  1.00000
  6400      6.20    -19.75  1.00000
  6401      6.20    -19.70  1.00000
  6402      6.20    -19.65  1.00000
  6403      6.20    -19.60  1.00000
  6404      6.20    -19.55  1.00000
  6405      6.20    -19.50  1.00000
  6406      6.20    -19.45  1.00000
  6407      6.20    -19.40  1.00000
  6408      6.20    -19.35  1.00000
  6409      6.20    -19.30  1.00000
  6410      6.20    -19.25  1.00000
  6411      6.20    -19.20  1.00000
  6412      6.20    -19.15  1.00000
  6413      6.20    -19.10  1.00000
  6414      6.20    -19.05  1.00000
  6415      6.20    -19.00  1.00000
  6416      6.20    -18.95  1.00000
  6417      6.20    -18.90  1.00000
  6418      6.20    -18.85  1.00000
  6419      6.20    -18.80  1.00000
  6420      6.20    -18.75  1.00000
  6421      6.20    -18.70  1.00000
  6422      6.20    -18.65  1.00000
  6423      6.20    -18.60  1.00000
  6424      6.20    -18.55  1.00000
  6425      6.20    -18.50  1.00000
  6426      6.20    -18.45  1.00000
  6427      6.20    -18.40  1.00000
  6428      6.20    -18.35  1.00000
  6429      6.20    -18.30  1.00000
  6430      6.20    -18.25  1.00000
  6431      6.20    -18.20  1.00000
  6432      6.20    -18.15  1.00000
  6433      6.20    -18.10  1.00000
  6434      6.20    -18.05  1.00000
  6435      6.20    -18.00  1.00000
  6436      6.20    -17.95  1.00000
  6437      6.20    -17.90  1.00000
  6438      6.20    -17.85  1.00000
  6439      6.20    -17.80  1.00000
  6440      6.20    -17.75  1.00000
  6441      6.20    -17.70  1.00000
  6442      6.20    -17.65  1.00000
  6443      6.20    -17.60  1.00000
  6444      6.20    -17.55  1.00000
  6445      6.20    -17.50  1.00000
  6446      6.20    -17.45  1.00000
  6447      6.20    -17.40  1.00000
  6448      6.20    -17.35  1.00000
  6449      6.20    -17.30  1.00000
  6450      6.20    -17.25  1.00000
  6451      6.20    -17.20  1.00000
  6452      6.20    -17.15  1.00000
  6453      6.20    -17.10  1.00000
  6454      6.20    -17.05  1.00000
  6455      6.20    -17.00  1.00000
  6456      6.20    -16.95  1.00000
  6457      6.20    -16.90  1.00000
  6458      6.20    -16.85  1.00000
  6459      6.20    -16.80  1.00000
  6460      6.20    -16.75  1.00000
  6461      6.20    -16.70  1.00000
  6462      6.20    -16.65  1.00000
  6463      6.20    -16.60  1.00000
  6464      6.20    -16.55  1.00000
  6465      6.20    -16.50  1.00000
  6466      6.20    -16.45  1.00000
  6467      6.20    -16.40  1.00000
  6468      6.20    -16.35  1.00000
  6469      6.20    -16.30  1.00000
  6470      6.20    -16.25  1.00000
  6471      6.20    -16.20  1.00000
  6472      6.20    -16.15  1.00000
  6473      6.20    -16.10  1.00000
  6474      6.20    -16.05  1.00000
  6475      6.20    -16.00  1.00000
  6476      6.20    -15.95  1.00000
  6477      6.20    -15.90  1.00000
  6478      6.20    -15.85  1.00000
  6479      6.20    -15.80  1.00000
  6480      6.20    -15.75  1.00000
  6481      6.20    -15.70  1.00000
  6482      6.20    -15.65  1.00000
  6483      6.20    -15.60  1.00000
  6484      6.20    -15.55  1.00000
  6485      6.20    -15.50  1.00000
  6486      6.20    -15.45  1.00000
  6487      6.20    -15.40  1.00000
  6488      6.20    -15.35  1.00000
  6489      6.20    -15.30  1.00000
  6490      6.20    -15.25  1.00000
  6491      6.20    -15.20  1.00000
  6492      6.20    -15.15  1.00000
  6493      6.20    -15.10  1.00000
  6494      6.20    -15.05  1.00000
  6495      6.20    -15.00  1.00000
  6496      6.20    -14.95  1.00000
  6497      6.25    -20.70  1.00000
  6498      6.25    -20.65  1.00000
  6499      6.25    -20.60  1.00000
  6500      6.25    -20.55  1.00000
  6501      6.25    -20.50  1.00000
  6502      6.25    -20.45  1.00000
  6503      6.25    -20.40  1.00000
  6504      6.25    -20.35  1.00000
  6505      6.25    -20.30  1.00000
  6506      6.25    -20.25  1.00000
  6507      6.25    -20.20  1.00000
  6508      6.25    -20.15  1.00000
  6509      6.25    -20.10  1.00000
  6510      6.25    -20.05  1.00000
  6511      6.25    -20.00  1.00000
  6512      6.25    -19.95  1.00000
  6513      6.25    -19.90  1.00000
  6514      6.25    -19.85  1.00000
  6515      6.25    -19.80  1.00000
  6516      6.25    -19.75  1.00000
  6517      6.25    -19.70  1.00000
  6518      6.25    -19.65  1.00000
  6519      6.25    -19.60  1.00000
  6520      6.25    -19.55  1.00000
  6521      6.25    -19.50  1.00000
  6522      6.25    -19.45  1.00000
  6523      6.25    -19.40  1.00000
  6524      6.25    -19.35  1.00000
  6525      6.25    -19.30  1.00000
  6526      6.25    -19.25  1.00000
  6527      6.25    -19.20  1.00000
  6528      6.25    -19.15  1.00000
  6529      6.25    -19.10  1.00000
  6530      6.25    -19.05  1.00000
  6531      6.25    -19.00  1.00000
  6532      6.25    -18.95  1.00000
  6533      6.25    -18.90  1.00000
  6534      6.25    -18.85  1.00000
  6535      6.25    -18.80  1.00000
  6536      6.25    -18.75  1.00000
  6537      6.25    -18.70  1.00000
  6538      6.25    -18.65  1.00000
  6539      6.25    -18.60  1.00000
  6540      6.25    -18.55  1.00000
  6541      6.25    -18.50  1.00000
  6542      6.25    -18.45  1.00000
  6543      6.25    -18.40  1.00000
  6544      6.25    -18.35  1.00000
  6545      6.25    -18.30  1.00000
  6546      6.25    -18.25  1.00000
  6547      6.25    -18.20  1.00000
  6548      6.25    -18.15  1.00000
  6549      6.25    -18.10  1.00000
  6550      6.25    -18.05  1.00000
  6551      6.25    -18.00  1.00000
  6552      6.25    -17.95  1.00000
  6553      6.25    -17.90  1.00000
  6554      6.25    -17.85  1.00000
  6555      6.25    -17.80  1.00000
  6556      6.25    -17.75  1.00000
  6557      6.25    -17.70  1.00000
  6558      6.25    -17.65  1.00000
  6559      6.25    -17.60  1.00000
  6560      6.25    -17.55  1.00000
  6561      6.25    -17.50  1.00000
  6562      6.25    -17.45  1.00000
  6563      6.25    -17.40  1.00000
  6564      6.25    -17.35  1.00000
  6565      6.25    -17.30  1.00000
  6566      6.25    -17.25  1.00000
  6567      6.25    -17.20  1.00000
  6568      6.25    -17.15  1.00000
  6569      6.25    -17.10  1.00000
  6570      6.25    -17.05  1.00000
  6571      6.25    -17.00  1.00000
  6572      6.25    -16.95  1.00000
  6573      6.25    -16.90  1.00000
  6574      6.25    -16.85  1.00000
  6575      6.25    -16.80  1.00000
  6576      6.25    -16.75  1.00000
  6577      6.25    -16.70  1.00000
  6578      6.25    -16.65  1.00000
  6579      6.25    -16.60  1.00000
  6580      6.25    -16.55  1.00000
  6581      6.25    -16.50  1.00000
  6582      6.25    -16.45  1.00000
  6583      6.25    -16.40  1.00000
  6584      6.25    -16.35  1.00000
  6585      6.25    -16.30  1.00000
  6586      6.25    -16.25  1.00000
  6587      6.25    -16.20  1.00000
  6588      6.25    -16.15  1.00000
  6589      6.25    -16.10  1.00000
  6590      6.25    -16.05  1.00000
  6591      6.25    -16.00  1.00000
  6592      6.25    -15.95  1.00000
  6593      6.25    -15.90  1.00000
  6594      6.25    -15.85  1.00000
  6595      6.25    -15.80  1.00000
  6596      6.25    -15.75  1.00000
  6597      6.25    -15.70  1.00000
  6598      6.25    -15.65  1.00000
  6599      6.25    -15.60  1.00000
  6600      6.25    -15.55  1.00000
  6601      6.25    -15.50  1.00000
  6602      6.25    -15.45  1.00000
  6603      6.25    -15.40  1.00000
  6604      6.25    -15.35  1.00000
  6605      6.25    -15.30  1.00000
  6606      6.25    -15.25  1.00000
  6607      6.25    -15.20  1.00000
  6608      6.25    -15.15  1.00000
  6609      6.25    -15.10  1.00000
  6610      6.25    -15.05  1.00000
  6611      6.25    -15.00  1.00000
  6612      6.25    -14.95  1.00000
  6613      6.30    -20.70  1.00000
  6614      6.30    -20.65  1.00000
  6615      6.30    -20.60  1.00000
  6616      6.30    -20.55  1.00000
  6617      6.30    -20.50  1.00000
  6618      6.30    -20.45  1.00000
  6619      6.30    -20.40  1.00000
  6620      6.30    -20.35  1.00000
  6621      6.30    -20.30  1.00000
  6622      6.30    -20.25  1.00000
  6623      6.30    -20.20  1.00000
  6624      6.30    -20.15  1.00000
  6625      6.30    -20.10  1.00000
  6626      6.30    -20.05  1.00000
  6627      6.30    -20.00  1.00000
  6628      6.30    -19.95  1.00000
  6629      6.30    -19.90  1.00000
  6630      6.30    -19.85  1.00000
  6631      6.30    -19.80  1.00000
  6632      6.30    -19.75  1.00000
  6633      6.30    -19.70  1.00000
  6634      6.30    -19.65  1.00000
  6635      6.30    -19.60  1.00000
  6636      6.30    -19.55  1.00000
  6637      6.30    -19.50  1.00000
  6638      6.30    -19.45  1.00000
  6639      6.30    -19.40  1.00000
  6640      6.30    -19.35  1.00000
  6641      6.30    -19.30  1.00000
  6642      6.30    -19.25  1.00000
  6643      6.30    -19.20  1.00000
  6644      6.30    -19.15  1.00000
  6645      6.30    -19.10  1.00000
  6646      6.30    -19.05  1.00000
  6647      6.30    -19.00  1.00000
  6648      6.30    -18.95  1.00000
  6649      6.30    -18.90  1.00000
  6650      6.30    -18.85  1.00000
  6651      6.30    -18.80  1.00000
  6652      6.30    -18.75  1.00000
  6653      6.30    -18.70  1.00000
  6654      6.30    -18.65  1.00000
  6655      6.30    -18.60  1.00000
  6656      6.30    -18.55  1.00000
  6657      6.30    -18.50  1.00000
  6658      6.30    -18.45  1.00000
  6659      6.30    -18.40  1.00000
  6660      6.30    -18.35  1.00000
  6661      6.30    -18.30  1.00000
  6662      6.30    -18.25  1.00000
  6663      6.30    -18.20  1.00000
  6664      6.30    -18.15  1.00000
  6665      6.30    -18.10  1.00000
  6666      6.30    -18.05  1.00000
  6667      6.30    -18.00  1.00000
  6668      6.30    -17.95  1.00000
  6669      6.30    -17.90  1.00000
  6670      6.30    -17.85  1.00000
  6671      6.30    -17.80  1.00000
  6672      6.30    -17.75  1.00000
  6673      6.30    -17.70  1.00000
  6674      6.30    -17.65  1.00000
  6675      6.30    -17.60  1.00000
  6676      6.30    -17.55  1.00000
  6677      6.30    -17.50  1.00000
  6678      6.30    -17.45  1.00000
  6679      6.30    -17.40  1.00000
  6680      6.30    -17.35  1.00000
  6681      6.30    -17.30  1.00000
  6682      6.30    -17.25  1.00000
  6683      6.30    -17.20  1.00000
  6684      6.30    -17.15  1.00000
  6685      6.30    -17.10  1.00000
  6686      6.30    -17.05  1.00000
  6687      6.30    -17.00  1.00000
  6688      6.30    -16.95  1.00000
  6689      6.30    -16.90  1.00000
  6690      6.30    -16.85  1.00000
  6691      6.30    -16.80  1.00000
  6692      6.30    -16.75  1.00000
  6693      6.30    -16.70  1.00000
  6694      6.30    -16.65  1.00000
  6695      6.30    -16.60  1.00000
  6696      6.30    -16.55  1.00000
  6697      6.30    -16.50  1.00000
  6698      6.30    -16.45  1.00000
  6699      6.30    -16.40  1.00000
  6700      6.30    -16.35  1.00000
  6701      6.30    -16.30  1.00000
  6702      6.30    -16.25  1.00000
  6703      6.30    -16.20  1.00000
  6704      6.30    -16.15  1.00000
  6705      6.30    -16.10  1.00000
  6706      6.30    -16.05  1.00000
  6707      6.30    -16.00  1.00000
  6708      6.30    -15.95  1.00000
  6709      6.30    -15.90  1.00000
  6710      6.30    -15.85  1.00000
  6711      6.30    -15.80  1.00000
  6712      6.30    -15.75  1.00000
  6713      6.30    -15.70  1.00000
  6714      6.30    -15.65  1.00000
  6715      6.30    -15.60  1.00000
  6716      6.30    -15.55  1.00000
  6717      6.30    -15.50  1.00000
  6718      6.30    -15.45  1.00000
  6719      6.30    -15.40  1.00000
  6720      6.30    -15.35  1.00000
  6721      6.30    -15.30  1.00000
  6722      6.30    -15.25  1.00000
  6723      6.30    -15.20  1.00000
  6724      6.30    -15.15  1.00000
  6725      6.30    -15.10  1.00000
  6726      6.30    -15.05  1.00000
  6727      6.30    -15.00  1.00000
  6728      6.30    -14.95  1.00000
  6729      6.35    -20.70  1.00000
  6730      6.35    -20.65  1.00000
  6731      6.35    -20.60  1.00000
  6732      6.35    -20.55  1.00000
  6733      6.35    -20.50  1.00000
  6734      6.35    -20.45  1.00000
  6735      6.35    -20.40  1.00000
  6736      6.35    -20.35  1.00000
  6737      6.35    -20.30  1.00000
  6738      6.35    -20.25  1.00000
  6739      6.35    -20.20  1.00000
  6740      6.35    -20.15  1.00000
  6741      6.35    -20.10  1.00000
  6742      6.35    -20.05  1.00000
  6743      6.35    -20.00  1.00000
  6744      6.35    -19.95  1.00000
  6745      6.35    -19.90  1.00000
  6746      6.35    -19.85  1.00000
  6747      6.35    -19.80  1.00000
  6748      6.35    -19.75  1.00000
  6749      6.35    -19.70  1.00000
  6750      6.35    -19.65  1.00000
  6751      6.35    -19.60  1.00000
  6752      6.35    -19.55  1.00000
  6753      6.35    -19.50  1.00000
  6754      6.35    -19.45  1.00000
  6755      6.35    -19.40  1.00000
  6756      6.35    -19.35  1.00000
  6757      6.35    -19.30  1.00000
  6758      6.35    -19.25  1.00000
  6759      6.35    -19.20  1.00000
  6760      6.35    -19.15  1.00000
  6761      6.35    -19.10  1.00000
  6762      6.35    -19.05  1.00000
  6763      6.35    -19.00  1.00000
  6764      6.35    -18.95  1.00000
  6765      6.35    -18.90  1.00000
  6766      6.35    -18.85  1.00000
  6767      6.35    -18.80  1.00000
  6768      6.35    -18.75  1.00000
  6769      6.35    -18.70  1.00000
  6770      6.35    -18.65  1.00000
  6771      6.35    -18.60  1.00000
  6772      6.35    -18.55  1.00000
  6773      6.35    -18.50  1.00000
  6774      6.35    -18.45  1.00000
  6775      6.35    -18.40  1.00000
  6776      6.35    -18.35  1.00000
  6777      6.35    -18.30  1.00000
  6778      6.35    -18.25  1.00000
  6779      6.35    -18.20  1.00000
  6780      6.35    -18.15  1.00000
  6781      6.35    -18.10  1.00000
  6782      6.35    -18.05  1.00000
  6783      6.35    -18.00  1.00000
  6784      6.35    -17.95  1.00000
  6785      6.35    -17.90  1.00000
  6786      6.35    -17.85  1.00000
  6787      6.35    -17.80  1.00000
  6788      6.35    -17.75  1.00000
  6789      6.35    -17.70  1.00000
  6790      6.35    -17.65  1.00000
  6791      6.35    -17.60  1.00000
  6792      6.35    -17.55  1.00000
  6793      6.35    -17.50  1.00000
  6794      6.35    -17.45  1.00000
  6795      6.35    -17.40  1.00000
  6796      6.35    -17.35  1.00000
  6797      6.35    -17.30  1.00000
  6798      6.35    -17.25  1.00000
  6799      6.35    -17.20  1.00000
  6800      6.35    -17.15  1.00000
  6801      6.35    -17.10  1.00000
  6802      6.35    -17.05  1.00000
  6803      6.35    -17.00  1.00000
  6804      6.35    -16.95  1.00000
  6805      6.35    -16.90  1.00000
  6806      6.35    -16.85  1.00000
  6807      6.35    -16.80  1.00000
  6808      6.35    -16.75  1.00000
  6809      6.35    -16.70  1.00000
  6810      6.35    -16.65  1.00000
  6811      6.35    -16.60  1.00000
  6812      6.35    -16.55  1.00000
  6813      6.35    -16.50  1.00000
  6814      6.35    -16.45  1.00000
  6815      6.35    -16.40  1.00000
  6816      6.35    -16.35  1.00000
  6817      6.35    -16.30  1.00000
  6818      6.35    -16.25  1.00000
  6819      6.35    -16.20  1.00000
  6820      6.35    -16.15  1.00000
  6821      6.35    -16.10  1.00000
  6822      6.35    -16.05  1.00000
  6823      6.35    -16.00  1.00000
  6824      6.35    -15.95  1.00000
  6825      6.35    -15.90  1.00000
  6826      6.35    -15.85  1.00000
  6827      6.35    -15.80  1.00000
  6828      6.35    -15.75  1.00000
  6829      6.35    -15.70  1.00000
  6830      6.35    -15.65  1.00000
  6831      6.35    -15.60  1.00000
  6832      6.35    -15.55  1.00000
  6833      6.35    -15.50  1.00000
  6834      6.35    -15.45  1.00000
  6835      6.35    -15.40  1.00000
  6836      6.35    -15.35  1.00000
  6837      6.35    -15.30  1.00000
  6838      6.35    -15.25  1.00000
  6839      6.35    -15.20  1.00000
  6840      6.35    -15.15  1.00000
  6841      6.35    -15.10  1.00000
  6842      6.35    -15.05  1.00000
  6843      6.35    -15.00  1.00000
  6844      6.35    -14.95  1.00000
  6845      6.40    -20.70  1.00000
  6846      6.40    -20.65  1.00000
  6847      6.40    -20.60  1.00000
  6848      6.40    -20.55  1.00000
  6849      6.40    -20.50  1.00000
  6850      6.40    -20.45  1.00000
  6851      6.40    -20.40  1.00000
  6852      6.40    -20.35  1.00000
  6853      6.40    -20.30  1.00000
  6854      6.40    -20.25  1.00000
  6855      6.40    -20.20  1.00000
  6856      6.40    -20.15  1.00000
  6857      6.40    -20.10  1.00000
  6858      6.40    -20.05  1.00000
  6859      6.40    -20.00  1.00000
  6860      6.40    -19.95  1.00000
  6861      6.40    -19.90  1.00000
  6862      6.40    -19.85  1.00000
  6863      6.40    -19.80  1.00000
  6864      6.40    -19.75  1.00000
  6865      6.40    -19.70  1.00000
  6866      6.40    -19.65  1.00000
  6867      6.40    -19.60  1.00000
  6868      6.40    -19.55  1.00000
  6869      6.40    -19.50  1.00000
  6870      6.40    -19.45  1.00000
  6871      6.40    -19.40  1.00000
  6872      6.40    -19.35  1.00000
  6873      6.40    -19.30  1.00000
  6874      6.40    -19.25  1.00000
  6875      6.40    -19.20  1.00000
  6876      6.40    -19.15  1.00000
  6877      6.40    -19.10  1.00000
  6878      6.40    -19.05  1.00000
  6879      6.40    -19.00  1.00000
  6880      6.40    -18.95  1.00000
  6881      6.40    -18.90  1.00000
  6882      6.40    -18.85  1.00000
  6883      6.40    -18.80  1.00000
  6884      6.40    -18.75  1.00000
  6885      6.40    -18.70  1.00000
  6886      6.40    -18.65  1.00000
  6887      6.40    -18.60  1.00000
  6888      6.40    -18.55  1.00000
  6889      6.40    -18.50  1.00000
  6890      6.40    -18.45  1.00000
  6891      6.40    -18.40  1.00000
  6892      6.40    -18.35  1.00000
  6893      6.40    -18.30  1.00000
  6894      6.40    -18.25  1.00000
  6895      6.40    -18.20  1.00000
  6896      6.40    -18.15  1.00000
  6897      6.40    -18.10  1.00000
  6898      6.40    -18.05  1.00000
  6899      6.40    -18.00  1.00000
  6900      6.40    -17.95  1.00000
  6901      6.40    -17.90  1.00000
  6902      6.40    -17.85  1.00000
  6903      6.40    -17.80  1.00000
  6904      6.40    -17.75  1.00000
  6905      6.40    -17.70  1.00000
  6906      6.40    -17.65  1.00000
  6907      6.40    -17.60  1.00000
  6908      6.40    -17.55  1.00000
  6909      6.40    -17.50  1.00000
  6910      6.40    -17.45  1.00000
  6911      6.40    -17.40  1.00000
  6912      6.40    -17.35  1.00000
  6913      6.40    -17.30  1.00000
  6914      6.40    -17.25  1.00000
  6915      6.40    -17.20  1.00000
  6916      6.40    -17.15  1.00000
  6917      6.40    -17.10  1.00000
  6918      6.40    -17.05  1.00000
  6919      6.40    -17.00  1.00000
  6920      6.40    -16.95  1.00000
  6921      6.40    -16.90  1.00000
  6922      6.40    -16.85  1.00000
  6923      6.40    -16.80  1.00000
  6924      6.40    -16.75  1.00000
  6925      6.40    -16.70  1.00000
  6926      6.40    -16.65  1.00000
  6927      6.40    -16.60  1.00000
  6928      6.40    -16.55  1.00000
  6929      6.40    -16.50  1.00000
  6930      6.40    -16.45  1.00000
  6931      6.40    -16.40  1.00000
  6932      6.40    -16.35  1.00000
  6933      6.40    -16.30  1.00000
  6934      6.40    -16.25  1.00000
  6935      6.40    -16.20  1.00000
  6936      6.40    -16.15  1.00000
  6937      6.40    -16.10  1.00000
  6938      6.40    -16.05  1.00000
  6939      6.40    -16.00  1.00000
  6940      6.40    -15.95  1.00000
  6941      6.40    -15.90  1.00000
  6942      6.40    -15.85  1.00000
  6943      6.40    -15.80  1.00000
  6944      6.40    -15.75  1.00000
  6945      6.40    -15.70  1.00000
  6946      6.40    -15.65  1.00000
  6947      6.40    -15.60  1.00000
  6948      6.40    -15.55  1.00000
  6949      6.40    -15.50  1.00000
  6950      6.40    -15.45  1.00000
  6951      6.40    -15.40  1.00000
  6952      6.40    -15.35  1.00000
  6953      6.40    -15.30  1.00000
  6954      6.40    -15.25  1.00000
  6955      6.40    -15.20  1.00000
  6956      6.40    -15.15  1.00000
  6957      6.40    -15.10  1.00000
  6958      6.40    -15.05  1.00000
  6959      6.40    -15.00  1.00000
  6960      6.40    -14.95  1.00000
  6961      6.45    -20.70  1.00000
  6962      6.45    -20.65  1.00000
  6963      6.45    -20.60  1.00000
  6964      6.45    -20.55  1.00000
  6965      6.45    -20.50  1.00000
  6966      6.45    -20.45  1.00000
  6967      6.45    -20.40  1.00000
  6968      6.45    -20.35  1.00000
  6969      6.45    -20.30  1.00000
  6970      6.45    -20.25  1.00000
  6971      6.45    -20.20  1.00000
  6972      6.45    -20.15  1.00000
  6973      6.45    -20.10  1.00000
  6974      6.45    -20.05  1.00000
  6975      6.45    -20.00  1.00000
  6976      6.45    -19.95  1.00000
  6977      6.45    -19.90  1.00000
  6978      6.45    -19.85  1.00000
  6979      6.45    -19.80  1.00000
  6980      6.45    -19.75  1.00000
  6981      6.45    -19.70  1.00000
  6982      6.45    -19.65  1.00000
  6983      6.45    -19.60  1.00000
  6984      6.45    -19.55  1.00000
  6985      6.45    -19.50  1.00000
  6986      6.45    -19.45  1.00000
  6987      6.45    -19.40  1.00000
  6988      6.45    -19.35  1.00000
  6989      6.45    -19.30  1.00000
  6990      6.45    -19.25  1.00000
  6991      6.45    -19.20  1.00000
  6992      6.45    -19.15  1.00000
  6993      6.45    -19.10  1.00000
  6994      6.45    -19.05  1.00000
  6995      6.45    -19.00  1.00000
  6996      6.45    -18.95  1.00000
  6997      6.45    -18.90  1.00000
  6998      6.45    -18.85  1.00000
  6999      6.45    -18.80  1.00000
  7000      6.45    -18.75  1.00000
  7001      6.45    -18.70  1.00000
  7002      6.45    -18.65  1.00000
  7003      6.45    -18.60  1.00000
  7004      6.45    -18.55  1.00000
  7005      6.45    -18.50  1.00000
  7006      6.45    -18.45  1.00000
  7007      6.45    -18.40  1.00000
  7008      6.45    -18.35  1.00000
  7009      6.45    -18.30  1.00000
  7010      6.45    -18.25  1.00000
  7011      6.45    -18.20  1.00000
  7012      6.45    -18.15  1.00000
  7013      6.45    -18.10  1.00000
  7014      6.45    -18.05  1.00000
  7015      6.45    -18.00  1.00000
  7016      6.45    -17.95  1.00000
  7017      6.45    -17.90  1.00000
  7018      6.45    -17.85  1.00000
  7019      6.45    -17.80  1.00000
  7020      6.45    -17.75  1.00000
  7021      6.45    -17.70  1.00000
  7022      6.45    -17.65  1.00000
  7023      6.45    -17.60  1.00000
  7024      6.45    -17.55  1.00000
  7025      6.45    -17.50  1.00000
  7026      6.45    -17.45  1.00000
  7027      6.45    -17.40  1.00000
  7028      6.45    -17.35  1.00000
  7029      6.45    -17.30  1.00000
  7030      6.45    -17.25  1.00000
  7031      6.45    -17.20  1.00000
  7032      6.45    -17.15  1.00000
  7033      6.45    -17.10  1.00000
  7034      6.45    -17.05  1.00000
  7035      6.45    -17.00  1.00000
  7036      6.45    -16.95  1.00000
  7037      6.45    -16.90  1.00000
  7038      6.45    -16.85  1.00000
  7039      6.45    -16.80  1.00000
  7040      6.45    -16.75  1.00000
  7041      6.45    -16.70  1.00000
  7042      6.45    -16.65  1.00000
  7043      6.45    -16.60  1.00000
  7044      6.45    -16.55  1.00000
  7045      6.45    -16.50  1.00000
  7046      6.45    -16.45  1.00000
  7047      6.45    -16.40  1.00000
  7048      6.45    -16.35  1.00000
  7049      6.45    -16.30  1.00000
  7050      6.45    -16.25  1.00000
  7051      6.45    -16.20  1.00000
  7052      6.45    -16.15  1.00000
  7053      6.45    -16.10  1.00000
  7054      6.45    -16.05  1.00000
  7055      6.45    -16.00  1.00000
  7056      6.45    -15.95  1.00000
  7057      6.45    -15.90  1.00000
  7058      6.45    -15.85  1.00000
  7059      6.45    -15.80  1.00000
  7060      6.45    -15.75  1.00000
  7061      6.45    -15.70  1.00000
  7062      6.45    -15.65  1.00000
  7063      6.45    -15.60  1.00000
  7064      6.45    -15.55  1.00000
  7065      6.45    -15.50  1.00000
  7066      6.45    -15.45  1.00000
  7067      6.45    -15.40  1.00000
  7068      6.45    -15.35  1.00000
  7069      6.45    -15.30  1.00000
  7070      6.45    -15.25  1.00000
  7071      6.45    -15.20  1.00000
  7072      6.45    -15.15  1.00000
  7073      6.45    -15.10  1.00000
  7074      6.45    -15.05  1.00000
  7075      6.45    -15.00  1.00000
  7076      6.45    -14.95  1.00000
  7077      6.50    -20.70  1.00000
  7078      6.50    -20.65  1.00000
  7079      6.50    -20.60  1.00000
  7080      6.50    -20.55  1.00000
  7081      6.50    -20.50  1.00000
  7082      6.50    -20.45  1.00000
  7083      6.50    -20.40  1.00000
  7084      6.50    -20.35  1.00000
  7085      6.50    -20.30  1.00000
  7086      6.50    -20.25  1.00000
  7087      6.50    -20.20  1.00000
  7088      6.50    -20.15  1.00000
  7089      6.50    -20.10  1.00000
  7090      6.50    -20.05  1.00000
  7091      6.50    -20.00  1.00000
  7092      6.50    -19.95  1.00000
  7093      6.50    -19.90  1.00000
  7094      6.50    -19.85  1.00000
  7095      6.50    -19.80  1.00000
  7096      6.50    -19.75  1.00000
  7097      6.50    -19.70  1.00000
  7098      6.50    -19.65  1.00000
  7099      6.50    -19.60  1.00000
  7100      6.50    -19.55  1.00000
  7101      6.50    -19.50  1.00000
  7102      6.50    -19.45  1.00000
  7103      6.50    -19.40  1.00000
  7104      6.50    -19.35  1.00000
  7105      6.50    -19.30  1.00000
  7106      6.50    -19.25  1.00000
  7107      6.50    -19.20  1.00000
  7108      6.50    -19.15  1.00000
  7109      6.50    -19.10  1.00000
  7110      6.50    -19.05  1.00000
  7111      6.50    -19.00  1.00000
  7112      6.50    -18.95  1.00000
  7113      6.50    -18.90  1.00000
  7114      6.50    -18.85  1.00000
  7115      6.50    -18.80  1.00000
  7116      6.50    -18.75  1.00000
  7117      6.50    -18.70  1.00000
  7118      6.50    -18.65  1.00000
  7119      6.50    -18.60  1.00000
  7120      6.50    -18.55  1.00000
  7121      6.50    -18.50  1.00000
  7122      6.50    -18.45  1.00000
  7123      6.50    -18.40  1.00000
  7124      6.50    -18.35  1.00000
  7125      6.50    -18.30  1.00000
  7126      6.50    -18.25  1.00000
  7127      6.50    -18.20  1.00000
  7128      6.50    -18.15  1.00000
  7129      6.50    -18.10  1.00000
  7130      6.50    -18.05  1.00000
  7131      6.50    -18.00  1.00000
  7132      6.50    -17.95  1.00000
  7133      6.50    -17.90  1.00000
  7134      6.50    -17.85  1.00000
  7135      6.50    -17.80  1.00000
  7136      6.50    -17.75  1.00000
  7137      6.50    -17.70  1.00000
  7138      6.50    -17.65  1.00000
  7139      6.50    -17.60  1.00000
  7140      6.50    -17.55  1.00000
  7141      6.50    -17.50  1.00000
  7142      6.50    -17.45  1.00000
  7143      6.50    -17.40  1.00000
  7144      6.50    -17.35  1.00000
  7145      6.50    -17.30  1.00000
  7146      6.50    -17.25  1.00000
  7147      6.50    -17.20  1.00000
  7148      6.50    -17.15  1.00000
  7149      6.50    -17.10  1.00000
  7150      6.50    -17.05  1.00000
  7151      6.50    -17.00  1.00000
  7152      6.50    -16.95  1.00000
  7153      6.50    -16.90  1.00000
  7154      6.50    -16.85  1.00000
  7155      6.50    -16.80  1.00000
  7156      6.50    -16.75  1.00000
  7157      6.50    -16.70  1.00000
  7158      6.50    -16.65  1.00000
  7159      6.50    -16.60  1.00000
  7160      6.50    -16.55  1.00000
  7161      6.50    -16.50  1.00000
  7162      6.50    -16.45  1.00000
  7163      6.50    -16.40  1.00000
  7164      6.50    -16.35  1.00000
  7165      6.50    -16.30  1.00000
  7166      6.50    -16.25  1.00000
  7167      6.50    -16.20  1.00000
  7168      6.50    -16.15  1.00000
  7169      6.50    -16.10  1.00000
  7170      6.50    -16.05  1.00000
  7171      6.50    -16.00  1.00000
  7172      6.50    -15.95  1.00000
  7173      6.50    -15.90  1.00000
  7174      6.50    -15.85  1.00000
  7175      6.50    -15.80  1.00000
  7176      6.50    -15.75  1.00000
  7177      6.50    -15.70  1.00000
  7178      6.50    -15.65  1.00000
  7179      6.50    -15.60  1.00000
  7180      6.50    -15.55  1.00000
  7181      6.50    -15.50  1.00000
  7182      6.50    -15.45  1.00000
  7183      6.50    -15.40  1.00000
  7184      6.50    -15.35  1.00000
  7185      6.50    -15.30  1.00000
  7186      6.50    -15.25  1.00000
  7187      6.50    -15.20  1.00000
  7188      6.50    -15.15  1.00000
  7189      6.50    -15.10  1.00000
  7190      6.50    -15.05  1.00000
  7191      6.50    -15.00  1.00000
  7192      6.50    -14.95  1.00000
  7193      6.55    -20.70  1.00000
  7194      6.55    -20.65  1.00000
  7195      6.55    -20.60  1.00000
  7196      6.55    -20.55  1.00000
  7197      6.55    -20.50  1.00000
  7198      6.55    -20.45  1.00000
  7199      6.55    -20.40  1.00000
  7200      6.55    -20.35  1.00000
  7201      6.55    -20.30  1.00000
  7202      6.55    -20.25  1.00000
  7203      6.55    -20.20  1.00000
  7204      6.55    -20.15  1.00000
  7205      6.55    -20.10  1.00000
  7206      6.55    -20.05  1.00000
  7207      6.55    -20.00  1.00000
  7208      6.55    -19.95  1.00000
  7209      6.55    -19.90  1.00000
  7210      6.55    -19.85  1.00000
  7211      6.55    -19.80  1.00000
  7212      6.55    -19.75  1.00000
  7213      6.55    -19.70  1.00000
  7214      6.55    -19.65  1.00000
  7215      6.55    -19.60  1.00000
  7216      6.55    -19.55  1.00000
  7217      6.55    -19.50  1.00000
  7218      6.55    -19.45  1.00000
  7219      6.55    -19.40  1.00000
  7220      6.55    -19.35  1.00000
  7221      6.55    -19.30  1.00000
  7222      6.55    -19.25  1.00000
  7223      6.55    -19.20  1.00000
  7224      6.55    -19.15  1.00000
  7225      6.55    -19.10  1.00000
  7226      6.55    -19.05  1.00000
  7227      6.55    -19.00  1.00000
  7228      6.55    -18.95  1.00000
  7229      6.55    -18.90  1.00000
  7230      6.55    -18.85  1.00000
  7231      6.55    -18.80  1.00000
  7232      6.55    -18.75  1.00000
  7233      6.55    -18.70  1.00000
  7234      6.55    -18.65  1.00000
  7235      6.55    -18.60  1.00000
  7236      6.55    -18.55  1.00000
  7237      6.55    -18.50  1.00000
  7238      6.55    -18.45  1.00000
  7239      6.55    -18.40  1.00000
  7240      6.55    -18.35  1.00000
  7241      6.55    -18.30  1.00000
  7242      6.55    -18.25  1.00000
  7243      6.55    -18.20  1.00000
  7244      6.55    -18.15  1.00000
  7245      6.55    -18.10  1.00000
  7246      6.55    -18.05  1.00000
  7247      6.55    -18.00  1.00000
  7248      6.55    -17.95  1.00000
  7249      6.55    -17.90  1.00000
  7250      6.55    -17.85  1.00000
  7251      6.55    -17.80  1.00000
  7252      6.55    -17.75  1.00000
  7253      6.55    -17.70  1.00000
  7254      6.55    -17.65  1.00000
  7255      6.55    -17.60  1.00000
  7256      6.55    -17.55  1.00000
  7257      6.55    -17.50  1.00000
  7258      6.55    -17.45  1.00000
  7259      6.55    -17.40  1.00000
  7260      6.55    -17.35  1.00000
  7261      6.55    -17.30  1.00000
  7262      6.55    -17.25  1.00000
  7263      6.55    -17.20  1.00000
  7264      6.55    -17.15  1.00000
  7265      6.55    -17.10  1.00000
  7266      6.55    -17.05  1.00000
  7267      6.55    -17.00  1.00000
  7268      6.55    -16.95  1.00000
  7269      6.55    -16.90  1.00000
  7270      6.55    -16.85  1.00000
  7271      6.55    -16.80  1.00000
  7272      6.55    -16.75  1.00000
  7273      6.55    -16.70  1.00000
  7274      6.55    -16.65  1.00000
  7275      6.55    -16.60  1.00000
  7276      6.55    -16.55  1.00000
  7277      6.55    -16.50  1.00000
  7278      6.55    -16.45  1.00000
  7279      6.55    -16.40  1.00000
  7280      6.55    -16.35  1.00000
  7281      6.55    -16.30  1.00000
  7282      6.55    -16.25  1.00000
  7283      6.55    -16.20  1.00000
  7284      6.55    -16.15  1.00000
  7285      6.55    -16.10  1.00000
  7286      6.55    -16.05  1.00000
  7287      6.55    -16.00  1.00000
  7288      6.55    -15.95  1.00000
  7289      6.55    -15.90  1.00000
  7290      6.55    -15.85  1.00000
  7291      6.55    -15.80  1.00000
  7292      6.55    -15.75  1.00000
  7293      6.55    -15.70  1.00000
  7294      6.55    -15.65  1.00000
  7295      6.55    -15.60  1.00000
  7296      6.55    -15.55  1.00000
  7297      6.55    -15.50  1.00000
  7298      6.55    -15.45  1.00000
  7299      6.55    -15.40  1.00000
  7300      6.55    -15.35  1.00000
  7301      6.55    -15.30  1.00000
  7302      6.55    -15.25  1.00000
  7303      6.55    -15.20  1.00000
  7304      6.55    -15.15  1.00000
  7305      6.55    -15.10  1.00000
  7306      6.55    -15.05  1.00000
  7307      6.55    -15.00  1.00000
  7308      6.55    -14.95  1.00000
  7309      6.60    -20.70  1.00000
  7310      6.60    -20.65  1.00000
  7311      6.60    -20.60  1.00000
  7312      6.60    -20.55  1.00000
  7313      6.60    -20.50  1.00000
  7314      6.60    -20.45  1.00000
  7315      6.60    -20.40  1.00000
  7316      6.60    -20.35  1.00000
  7317      6.60    -20.30  1.00000
  7318      6.60    -20.25  1.00000
  7319      6.60    -20.20  1.00000
  7320      6.60    -20.15  1.00000
  7321      6.60    -20.10  1.00000
  7322      6.60    -20.05  1.00000
  7323      6.60    -20.00  1.00000
  7324      6.60    -19.95  1.00000
  7325      6.60    -19.90  1.00000
  7326      6.60    -19.85  1.00000
  7327      6.60    -19.80  1.00000
  7328      6.60    -19.75  1.00000
  7329      6.60    -19.70  1.00000
  7330      6.60    -19.65  1.00000
  7331      6.60    -19.60  1.00000
  7332      6.60    -19.55  1.00000
  7333      6.60    -19.50  1.00000
  7334      6.60    -19.45  1.00000
  7335      6.60    -19.40  1.00000
  7336      6.60    -19.35  1.00000
  7337      6.60    -19.30  1.00000
  7338      6.60    -19.25  1.00000
  7339      6.60    -19.20  1.00000
  7340      6.60    -19.15  1.00000
  7341      6.60    -19.10  1.00000
  7342      6.60    -19.05  1.00000
  7343      6.60    -19.00  1.00000
  7344      6.60    -18.95  1.00000
  7345      6.60    -18.90  1.00000
  7346      6.60    -18.85  1.00000
  7347      6.60    -18.80  1.00000
  7348      6.60    -18.75  1.00000
  7349      6.60    -18.70  1.00000
  7350      6.60    -18.65  1.00000
  7351      6.60    -18.60  1.00000
  7352      6.60    -18.55  1.00000
  7353      6.60    -18.50  1.00000
  7354      6.60    -18.45  1.00000
  7355      6.60    -18.40  1.00000
  7356      6.60    -18.35  1.00000
  7357      6.60    -18.30  1.00000
  7358      6.60    -18.25  1.00000
  7359      6.60    -18.20  1.00000
  7360      6.60    -18.15  1.00000
  7361      6.60    -18.10  1.00000
  7362      6.60    -18.05  1.00000
  7363      6.60    -18.00  1.00000
  7364      6.60    -17.95  1.00000
  7365      6.60    -17.90  1.00000
  7366      6.60    -17.85  1.00000
  7367      6.60    -17.80  1.00000
  7368      6.60    -17.75  1.00000
  7369      6.60    -17.70  1.00000
  7370      6.60    -17.65  1.00000
  7371      6.60    -17.60  1.00000
  7372      6.60    -17.55  1.00000
  7373      6.60    -17.50  1.00000
  7374      6.60    -17.45  1.00000
  7375      6.60    -17.40  1.00000
  7376      6.60    -17.35  1.00000
  7377      6.60    -17.30  1.00000
  7378      6.60    -17.25  1.00000
  7379      6.60    -17.20  1.00000
  7380      6.60    -17.15  1.00000
  7381      6.60    -17.10  1.00000
  7382      6.60    -17.05  1.00000
  7383      6.60    -17.00  1.00000
  7384      6.60    -16.95  1.00000
  7385      6.60    -16.90  1.00000
  7386      6.60    -16.85  1.00000
  7387      6.60    -16.80  1.00000
  7388      6.60    -16.75  1.00000
  7389      6.60    -16.70  1.00000
  7390      6.60    -16.65  1.00000
  7391      6.60    -16.60  1.00000
  7392      6.60    -16.55  1.00000
  7393      6.60    -16.50  1.00000
  7394      6.60    -16.45  1.00000
  7395      6.60    -16.40  1.00000
  7396      6.60    -16.35  1.00000
  7397      6.60    -16.30  1.00000
  7398      6.60    -16.25  1.00000
  7399      6.60    -16.20  1.00000
  7400      6.60    -16.15  1.00000
  7401      6.60    -16.10  1.00000
  7402      6.60    -16.05  1.00000
  7403      6.60    -16.00  1.00000
  7404      6.60    -15.95  1.00000
  7405      6.60    -15.90  1.00000
  7406      6.60    -15.85  1.00000
  7407      6.60    -15.80  1.00000
  7408      6.60    -15.75  1.00000
  7409      6.60    -15.70  1.00000
  7410      6.60    -15.65  1.00000
  7411      6.60    -15.60  1.00000
  7412      6.60    -15.55  1.00000
  7413      6.60    -15.50  1.00000
  7414      6.60    -15.45  1.00000
  7415      6.60    -15.40  1.00000
  7416      6.60    -15.35  1.00000
  7417      6.60    -15.30  1.00000
  7418      6.60    -15.25  1.00000
  7419      6.60    -15.20  1.00000
  7420      6.60    -15.15  1.00000
  7421      6.60    -15.10  1.00000
  7422      6.60    -15.05  1.00000
  7423      6.60    -15.00  1.00000
  7424      6.60    -14.95  1.00000
  7425      6.65    -20.70  1.00000
  7426      6.65    -20.65  1.00000
  7427      6.65    -20.60  1.00000
  7428      6.65    -20.55  1.00000
  7429      6.65    -20.50  1.00000
  7430      6.65    -20.45  1.00000
  7431      6.65    -20.40  1.00000
  7432      6.65    -20.35  1.00000
  7433      6.65    -20.30  1.00000
  7434      6.65    -20.25  1.00000
  7435      6.65    -20.20  1.00000
  7436      6.65    -20.15  1.00000
  7437      6.65    -20.10  1.00000
  7438      6.65    -20.05  1.00000
  7439      6.65    -20.00  1.00000
  7440      6.65    -19.95  1.00000
  7441      6.65    -19.90  1.00000
  7442      6.65    -19.85  1.00000
  7443      6.65    -19.80  1.00000
  7444      6.65    -19.75  1.00000
  7445      6.65    -19.70  1.00000
  7446      6.65    -19.65  1.00000
  7447      6.65    -19.60  1.00000
  7448      6.65    -19.55  1.00000
  7449      6.65    -19.50  1.00000
  7450      6.65    -19.45  1.00000
  7451      6.65    -19.40  1.00000
  7452      6.65    -19.35  1.00000
  7453      6.65    -19.30  1.00000
  7454      6.65    -19.25  1.00000
  7455      6.65    -19.20  1.00000
  7456      6.65    -19.15  1.00000
  7457      6.65    -19.10  1.00000
  7458      6.65    -19.05  1.00000
  7459      6.65    -19.00  1.00000
  7460      6.65    -18.95  1.00000
  7461      6.65    -18.90  1.00000
  7462      6.65    -18.85  1.00000
  7463      6.65    -18.80  1.00000
  7464      6.65    -18.75  1.00000
  7465      6.65    -18.70  1.00000
  7466      6.65    -18.65  1.00000
  7467      6.65    -18.60  1.00000
  7468      6.65    -18.55  1.00000
  7469      6.65    -18.50  1.00000
  7470      6.65    -18.45  1.00000
  7471      6.65    -18.40  1.00000
  7472      6.65    -18.35  1.00000
  7473      6.65    -18.30  1.00000
  7474      6.65    -18.25  1.00000
  7475      6.65    -18.20  1.00000
  7476      6.65    -18.15  1.00000
  7477      6.65    -18.10  1.00000
  7478      6.65    -18.05  1.00000
  7479      6.65    -18.00  1.00000
  7480      6.65    -17.95  1.00000
  7481      6.65    -17.90  1.00000
  7482      6.65    -17.85  1.00000
  7483      6.65    -17.80  1.00000
  7484      6.65    -17.75  1.00000
  7485      6.65    -17.70  1.00000
  7486      6.65    -17.65  1.00000
  7487      6.65    -17.60  1.00000
  7488      6.65    -17.55  1.00000
  7489      6.65    -17.50  1.00000
  7490      6.65    -17.45  1.00000
  7491      6.65    -17.40  1.00000
  7492      6.65    -17.35  1.00000
  7493      6.65    -17.30  1.00000
  7494      6.65    -17.25  1.00000
  7495      6.65    -17.20  1.00000
  7496      6.65    -17.15  1.00000
  7497      6.65    -17.10  1.00000
  7498      6.65    -17.05  1.00000
  7499      6.65    -17.00  1.00000
  7500      6.65    -16.95  1.00000
  7501      6.65    -16.90  1.00000
  7502      6.65    -16.85  1.00000
  7503      6.65    -16.80  1.00000
  7504      6.65    -16.75  1.00000
  7505      6.65    -16.70  1.00000
  7506      6.65    -16.65  1.00000
  7507      6.65    -16.60  1.00000
  7508      6.65    -16.55  1.00000
  7509      6.65    -16.50  1.00000
  7510      6.65    -16.45  1.00000
  7511      6.65    -16.40  1.00000
  7512      6.65    -16.35  1.00000
  7513      6.65    -16.30  1.00000
  7514      6.65    -16.25  1.00000
  7515      6.65    -16.20  1.00000
  7516      6.65    -16.15  1.00000
  7517      6.65    -16.10  1.00000
  7518      6.65    -16.05  1.00000
  7519      6.65    -16.00  1.00000
  7520      6.65    -15.95  1.00000
  7521      6.65    -15.90  1.00000
  7522      6.65    -15.85  1.00000
  7523      6.65    -15.80  1.00000
  7524      6.65    -15.75  1.00000
  7525      6.65    -15.70  1.00000
  7526      6.65    -15.65  1.00000
  7527      6.65    -15.60  1.00000
  7528      6.65    -15.55  1.00000
  7529      6.65    -15.50  1.00000
  7530      6.65    -15.45  1.00000
  7531      6.65    -15.40  1.00000
  7532      6.65    -15.35  1.00000
  7533      6.65    -15.30  1.00000
  7534      6.65    -15.25  1.00000
  7535      6.65    -15.20  1.00000
  7536      6.65    -15.15  1.00000
  7537      6.65    -15.10  1.00000
  7538      6.65    -15.05  1.00000
  7539      6.65    -15.00  1.00000
  7540      6.65    -14.95  1.00000
  7541      6.70    -20.70  1.00000
  7542      6.70    -20.65  1.00000
  7543      6.70    -20.60  1.00000
  7544      6.70    -20.55  1.00000
  7545      6.70    -20.50  1.00000
  7546      6.70    -20.45  1.00000
  7547      6.70    -20.40  1.00000
  7548      6.70    -20.35  1.00000
  7549      6.70    -20.30  1.00000
  7550      6.70    -20.25  1.00000
  7551      6.70    -20.20  1.00000
  7552      6.70    -20.15  1.00000
  7553      6.70    -20.10  1.00000
  7554      6.70    -20.05  1.00000
  7555      6.70    -20.00  1.00000
  7556      6.70    -19.95  1.00000
  7557      6.70    -19.90  1.00000
  7558      6.70    -19.85  1.00000
  7559      6.70    -19.80  1.00000
  7560      6.70    -19.75  1.00000
  7561      6.70    -19.70  1.00000
  7562      6.70    -19.65  1.00000
  7563      6.70    -19.60  1.00000
  7564      6.70    -19.55  1.00000
  7565      6.70    -19.50  1.00000
  7566      6.70    -19.45  1.00000
  7567      6.70    -19.40  1.00000
  7568      6.70    -19.35  1.00000
  7569      6.70    -19.30  1.00000
  7570      6.70    -19.25  1.00000
  7571      6.70    -19.20  1.00000
  7572      6.70    -19.15  1.00000
  7573      6.70    -19.10  1.00000
  7574      6.70    -19.05  1.00000
  7575      6.70    -19.00  1.00000
  7576      6.70    -18.95  1.00000
  7577      6.70    -18.90  1.00000
  7578      6.70    -18.85  1.00000
  7579      6.70    -18.80  1.00000
  7580      6.70    -18.75  1.00000
  7581      6.70    -18.70  1.00000
  7582      6.70    -18.65  1.00000
  7583      6.70    -18.60  1.00000
  7584      6.70    -18.55  1.00000
  7585      6.70    -18.50  1.00000
  7586      6.70    -18.45  1.00000
  7587      6.70    -18.40  1.00000
  7588      6.70    -18.35  1.00000
  7589      6.70    -18.30  1.00000
  7590      6.70    -18.25  1.00000
  7591      6.70    -18.20  1.00000
  7592      6.70    -18.15  1.00000
  7593      6.70    -18.10  1.00000
  7594      6.70    -18.05  1.00000
  7595      6.70    -18.00  1.00000
  7596      6.70    -17.95  1.00000
  7597      6.70    -17.90  1.00000
  7598      6.70    -17.85  1.00000
  7599      6.70    -17.80  1.00000
  7600      6.70    -17.75  1.00000
  7601      6.70    -17.70  1.00000
  7602      6.70    -17.65  1.00000
  7603      6.70    -17.60  1.00000
  7604      6.70    -17.55  1.00000
  7605      6.70    -17.50  1.00000
  7606      6.70    -17.45  1.00000
  7607      6.70    -17.40  1.00000
  7608      6.70    -17.35  1.00000
  7609      6.70    -17.30  1.00000
  7610      6.70    -17.25  1.00000
  7611      6.70    -17.20  1.00000
  7612      6.70    -17.15  1.00000
  7613      6.70    -17.10  1.00000
  7614      6.70    -17.05  1.00000
  7615      6.70    -17.00  1.00000
  7616      6.70    -16.95  1.00000
  7617      6.70    -16.90  1.00000
  7618      6.70    -16.85  1.00000
  7619      6.70    -16.80  1.00000
  7620      6.70    -16.75  1.00000
  7621      6.70    -16.70  1.00000
  7622      6.70    -16.65  1.00000
  7623      6.70    -16.60  1.00000
  7624      6.70    -16.55  1.00000
  7625      6.70    -16.50  1.00000
  7626      6.70    -16.45  1.00000
  7627      6.70    -16.40  1.00000
  7628      6.70    -16.35  1.00000
  7629      6.70    -16.30  1.00000
  7630      6.70    -16.25  1.00000
  7631      6.70    -16.20  1.00000
  7632      6.70    -16.15  1.00000
  7633      6.70    -16.10  1.00000
  7634      6.70    -16.05  1.00000
  7635      6.70    -16.00  1.00000
  7636      6.70    -15.95  1.00000
  7637      6.70    -15.90  1.00000
  7638      6.70    -15.85  1.00000
  7639      6.70    -15.80  1.00000
  7640      6.70    -15.75  1.00000
  7641      6.70    -15.70  1.00000
  7642      6.70    -15.65  1.00000
  7643      6.70    -15.60  1.00000
  7644      6.70    -15.55  1.00000
  7645      6.70    -15.50  1.00000
  7646      6.70    -15.45  1.00000
  7647      6.70    -15.40  1.00000
  7648      6.70    -15.35  1.00000
  7649      6.70    -15.30  1.00000
  7650      6.70    -15.25  1.00000
  7651      6.70    -15.20  1.00000
  7652      6.70    -15.15  1.00000
  7653      6.70    -15.10  1.00000
  7654      6.70    -15.05  1.00000
  7655      6.70    -15.00  1.00000
  7656      6.70    -14.95  1.00000
  7657      6.75    -20.70  1.00000
  7658      6.75    -20.65  1.00000
  7659      6.75    -20.60  1.00000
  7660      6.75    -20.55  1.00000
  7661      6.75    -20.50  1.00000
  7662      6.75    -20.45  1.00000
  7663      6.75    -20.40  1.00000
  7664      6.75    -20.35  1.00000
  7665      6.75    -20.30  1.00000
  7666      6.75    -20.25  1.00000
  7667      6.75    -20.20  1.00000
  7668      6.75    -20.15  1.00000
  7669      6.75    -20.10  1.00000
  7670      6.75    -20.05  1.00000
  7671      6.75    -20.00  1.00000
  7672      6.75    -19.95  1.00000
  7673      6.75    -19.90  1.00000
  7674      6.75    -19.85  1.00000
  7675      6.75    -19.80  1.00000
  7676      6.75    -19.75  1.00000
  7677      6.75    -19.70  1.00000
  7678      6.75    -19.65  1.00000
  7679      6.75    -19.60  1.00000
  7680      6.75    -19.55  1.00000
  7681      6.75    -19.50  1.00000
  7682      6.75    -19.45  1.00000
  7683      6.75    -19.40  1.00000
  7684      6.75    -19.35  1.00000
  7685      6.75    -19.30  1.00000
  7686      6.75    -19.25  1.00000
  7687      6.75    -19.20  1.00000
  7688      6.75    -19.15  1.00000
  7689      6.75    -19.10  1.00000
  7690      6.75    -19.05  1.00000
  7691      6.75    -19.00  1.00000
  7692      6.75    -18.95  1.00000
  7693      6.75    -18.90  1.00000
  7694      6.75    -18.85  1.00000
  7695      6.75    -18.80  1.00000
  7696      6.75    -18.75  1.00000
  7697      6.75    -18.70  1.00000
  7698      6.75    -18.65  1.00000
  7699      6.75    -18.60  1.00000
  7700      6.75    -18.55  1.00000
  7701      6.75    -18.50  1.00000
  7702      6.75    -18.45  1.00000
  7703      6.75    -18.40  1.00000
  7704      6.75    -18.35  1.00000
  7705      6.75    -18.30  1.00000
  7706      6.75    -18.25  1.00000
  7707      6.75    -18.20  1.00000
  7708      6.75    -18.15  1.00000
  7709      6.75    -18.10  1.00000
  7710      6.75    -18.05  1.00000
  7711      6.75    -18.00  1.00000
  7712      6.75    -17.95  1.00000
  7713      6.75    -17.90  1.00000
  7714      6.75    -17.85  1.00000
  7715      6.75    -17.80  1.00000
  7716      6.75    -17.75  1.00000
  7717      6.75    -17.70  1.00000
  7718      6.75    -17.65  1.00000
  7719      6.75    -17.60  1.00000
  7720      6.75    -17.55  1.00000
  7721      6.75    -17.50  1.00000
  7722      6.75    -17.45  1.00000
  7723      6.75    -17.40  1.00000
  7724      6.75    -17.35  1.00000
  7725      6.75    -17.30  1.00000
  7726      6.75    -17.25  1.00000
  7727      6.75    -17.20  1.00000
  7728      6.75    -17.15  1.00000
  7729      6.75    -17.10  1.00000
  7730      6.75    -17.05  1.00000
  7731      6.75    -17.00  1.00000
  7732      6.75    -16.95  1.00000
  7733      6.75    -16.90  1.00000
  7734      6.75    -16.85  1.00000
  7735      6.75    -16.80  1.00000
  7736      6.75    -16.75  1.00000
  7737      6.75    -16.70  1.00000
  7738      6.75    -16.65  1.00000
  7739      6.75    -16.60  1.00000
  7740      6.75    -16.55  1.00000
  7741      6.75    -16.50  1.00000
  7742      6.75    -16.45  1.00000
  7743      6.75    -16.40  1.00000
  7744      6.75    -16.35  1.00000
  7745      6.75    -16.30  1.00000
  7746      6.75    -16.25  1.00000
  7747      6.75    -16.20  1.00000
  7748      6.75    -16.15  1.00000
  7749      6.75    -16.10  1.00000
  7750      6.75    -16.05  1.00000
  7751      6.75    -16.00  1.00000
  7752      6.75    -15.95  1.00000
  7753      6.75    -15.90  1.00000
  7754      6.75    -15.85  1.00000
  7755      6.75    -15.80  1.00000
  7756      6.75    -15.75  1.00000
  7757      6.75    -15.70  1.00000
  7758      6.75    -15.65  1.00000
  7759      6.75    -15.60  1.00000
  7760      6.75    -15.55  1.00000
  7761      6.75    -15.50  1.00000
  7762      6.75    -15.45  1.00000
  7763      6.75    -15.40  1.00000
  7764      6.75    -15.35  1.00000
  7765      6.75    -15.30  1.00000
  7766      6.75    -15.25  1.00000
  7767      6.75    -15.20  1.00000
  7768      6.75    -15.15  1.00000
  7769      6.75    -15.10  1.00000
  7770      6.75    -15.05  1.00000
  7771      6.75    -15.00  1.00000
  7772      6.75    -14.95  1.00000
  7773      6.80    -20.70  1.00000
  7774      6.80    -20.65  1.00000
  7775      6.80    -20.60  1.00000
  7776      6.80    -20.55  1.00000
  7777      6.80    -20.50  1.00000
  7778      6.80    -20.45  1.00000
  7779      6.80    -20.40  1.00000
  7780      6.80    -20.35  1.00000
  7781      6.80    -20.30  1.00000
  7782      6.80    -20.25  1.00000
  7783      6.80    -20.20  1.00000
  7784      6.80    -20.15  1.00000
  7785      6.80    -20.10  1.00000
  7786      6.80    -20.05  1.00000
  7787      6.80    -20.00  1.00000
  7788      6.80    -19.95  1.00000
  7789      6.80    -19.90  1.00000
  7790      6.80    -19.85  1.00000
  7791      6.80    -19.80  1.00000
  7792      6.80    -19.75  1.00000
  7793      6.80    -19.70  1.00000
  7794      6.80    -19.65  1.00000
  7795      6.80    -19.60  1.00000
  7796      6.80    -19.55  1.00000
  7797      6.80    -19.50  1.00000
  7798      6.80    -19.45  1.00000
  7799      6.80    -19.40  1.00000
  7800      6.80    -19.35  1.00000
  7801      6.80    -19.30  1.00000
  7802      6.80    -19.25  1.00000
  7803      6.80    -19.20  1.00000
  7804      6.80    -19.15  1.00000
  7805      6.80    -19.10  1.00000
  7806      6.80    -19.05  1.00000
  7807      6.80    -19.00  1.00000
  7808      6.80    -18.95  1.00000
  7809      6.80    -18.90  1.00000
  7810      6.80    -18.85  1.00000
  7811      6.80    -18.80  1.00000
  7812      6.80    -18.75  1.00000
  7813      6.80    -18.70  1.00000
  7814      6.80    -18.65  1.00000
  7815      6.80    -18.60  1.00000
  7816      6.80    -18.55  1.00000
  7817      6.80    -18.50  1.00000
  7818      6.80    -18.45  1.00000
  7819      6.80    -18.40  1.00000
  7820      6.80    -18.35  1.00000
  7821      6.80    -18.30  1.00000
  7822      6.80    -18.25  1.00000
  7823      6.80    -18.20  1.00000
  7824      6.80    -18.15  1.00000
  7825      6.80    -18.10  1.00000
  7826      6.80    -18.05  1.00000
  7827      6.80    -18.00  1.00000
  7828      6.80    -17.95  1.00000
  7829      6.80    -17.90  1.00000
  7830      6.80    -17.85  1.00000
  7831      6.80    -17.80  1.00000
  7832      6.80    -17.75  1.00000
  7833      6.80    -17.70  1.00000
  7834      6.80    -17.65  1.00000
  7835      6.80    -17.60  1.00000
  7836      6.80    -17.55  1.00000
  7837      6.80    -17.50  1.00000
  7838      6.80    -17.45  1.00000
  7839      6.80    -17.40  1.00000
  7840      6.80    -17.35  1.00000
  7841      6.80    -17.30  1.00000
  7842      6.80    -17.25  1.00000
  7843      6.80    -17.20  1.00000
  7844      6.80    -17.15  1.00000
  7845      6.80    -17.10  1.00000
  7846      6.80    -17.05  1.00000
  7847      6.80    -17.00  1.00000
  7848      6.80    -16.95  1.00000
  7849      6.80    -16.90  1.00000
  7850      6.80    -16.85  1.00000
  7851      6.80    -16.80  1.00000
  7852      6.80    -16.75  1.00000
  7853      6.80    -16.70  1.00000
  7854      6.80    -16.65  1.00000
  7855      6.80    -16.60  1.00000
  7856      6.80    -16.55  1.00000
  7857      6.80    -16.50  1.00000
  7858      6.80    -16.45  1.00000
  7859      6.80    -16.40  1.00000
  7860      6.80    -16.35  1.00000
  7861      6.80    -16.30  1.00000
  7862      6.80    -16.25  1.00000
  7863      6.80    -16.20  1.00000
  7864      6.80    -16.15  1.00000
  7865      6.80    -16.10  1.00000
  7866      6.80    -16.05  1.00000
  7867      6.80    -16.00  1.00000
  7868      6.80    -15.95  1.00000
  7869      6.80    -15.90  1.00000
  7870      6.80    -15.85  1.00000
  7871      6.80    -15.80  1.00000
  7872      6.80    -15.75  1.00000
  7873      6.80    -15.70  1.00000
  7874      6.80    -15.65  1.00000
  7875      6.80    -15.60  1.00000
  7876      6.80    -15.55  1.00000
  7877      6.80    -15.50  1.00000
  7878      6.80    -15.45  1.00000
  7879      6.80    -15.40  1.00000
  7880      6.80    -15.35  1.00000
  7881      6.80    -15.30  1.00000
  7882      6.80    -15.25  1.00000
  7883      6.80    -15.20  1.00000
  7884      6.80    -15.15  1.00000
  7885      6.80    -15.10  1.00000
  7886      6.80    -15.05  1.00000
  7887      6.80    -15.00  1.00000
  7888      6.80    -14.95  1.00000
  7889      6.85    -20.70  1.00000
  7890      6.85    -20.65  1.00000
  7891      6.85    -20.60  1.00000
  7892      6.85    -20.55  1.00000
  7893      6.85    -20.50  1.00000
  7894      6.85    -20.45  1.00000
  7895      6.85    -20.40  1.00000
  7896      6.85    -20.35  1.00000
  7897      6.85    -20.30  1.00000
  7898      6.85    -20.25  1.00000
  7899      6.85    -20.20  1.00000
  7900      6.85    -20.15  1.00000
  7901      6.85    -20.10  1.00000
  7902      6.85    -20.05  1.00000
  7903      6.85    -20.00  1.00000
  7904      6.85    -19.95  1.00000
  7905      6.85    -19.90  1.00000
  7906      6.85    -19.85  1.00000
  7907      6.85    -19.80  1.00000
  7908      6.85    -19.75  1.00000
  7909      6.85    -19.70  1.00000
  7910      6.85    -19.65  1.00000
  7911      6.85    -19.60  1.00000
  7912      6.85    -19.55  1.00000
  7913      6.85    -19.50  1.00000
  7914      6.85    -19.45  1.00000
  7915      6.85    -19.40  1.00000
  7916      6.85    -19.35  1.00000
  7917      6.85    -19.30  1.00000
  7918      6.85    -19.25  1.00000
  7919      6.85    -19.20  1.00000
  7920      6.85    -19.15  1.00000
  7921      6.85    -19.10  1.00000
  7922      6.85    -19.05  1.00000
  7923      6.85    -19.00  1.00000
  7924      6.85    -18.95  1.00000
  7925      6.85    -18.90  1.00000
  7926      6.85    -18.85  1.00000
  7927      6.85    -18.80  1.00000
  7928      6.85    -18.75  1.00000
  7929      6.85    -18.70  1.00000
  7930      6.85    -18.65  1.00000
  7931      6.85    -18.60  1.00000
  7932      6.85    -18.55  1.00000
  7933      6.85    -18.50  1.00000
  7934      6.85    -18.45  1.00000
  7935      6.85    -18.40  1.00000
  7936      6.85    -18.35  1.00000
  7937      6.85    -18.30  1.00000
  7938      6.85    -18.25  1.00000
  7939      6.85    -18.20  1.00000
  7940      6.85    -18.15  1.00000
  7941      6.85    -18.10  1.00000
  7942      6.85    -18.05  1.00000
  7943      6.85    -18.00  1.00000
  7944      6.85    -17.95  1.00000
  7945      6.85    -17.90  1.00000
  7946      6.85    -17.85  1.00000
  7947      6.85    -17.80  1.00000
  7948      6.85    -17.75  1.00000
  7949      6.85    -17.70  1.00000
  7950      6.85    -17.65  1.00000
  7951      6.85    -17.60  1.00000
  7952      6.85    -17.55  1.00000
  7953      6.85    -17.50  1.00000
  7954      6.85    -17.45  1.00000
  7955      6.85    -17.40  1.00000
  7956      6.85    -17.35  1.00000
  7957      6.85    -17.30  1.00000
  7958      6.85    -17.25  1.00000
  7959      6.85    -17.20  1.00000
  7960      6.85    -17.15  1.00000
  7961      6.85    -17.10  1.00000
  7962      6.85    -17.05  1.00000
  7963      6.85    -17.00  1.00000
  7964      6.85    -16.95  1.00000
  7965      6.85    -16.90  1.00000
  7966      6.85    -16.85  1.00000
  7967      6.85    -16.80  1.00000
  7968      6.85    -16.75  1.00000
  7969      6.85    -16.70  1.00000
  7970      6.85    -16.65  1.00000
  7971      6.85    -16.60  1.00000
  7972      6.85    -16.55  1.00000
  7973      6.85    -16.50  1.00000
  7974      6.85    -16.45  1.00000
  7975      6.85    -16.40  1.00000
  7976      6.85    -16.35  1.00000
  7977      6.85    -16.30  1.00000
  7978      6.85    -16.25  1.00000
  7979      6.85    -16.20  1.00000
  7980      6.85    -16.15  1.00000
  7981      6.85    -16.10  1.00000
  7982      6.85    -16.05  1.00000
  7983      6.85    -16.00  1.00000
  7984      6.85    -15.95  1.00000
  7985      6.85    -15.90  1.00000
  7986      6.85    -15.85  1.00000
  7987      6.85    -15.80  1.00000
  7988      6.85    -15.75  1.00000
  7989      6.85    -15.70  1.00000
  7990      6.85    -15.65  1.00000
  7991      6.85    -15.60  1.00000
  7992      6.85    -15.55  1.00000
  7993      6.85    -15.50  1.00000
  7994      6.85    -15.45  1.00000
  7995      6.85    -15.40  1.00000
  7996      6.85    -15.35  1.00000
  7997      6.85    -15.30  1.00000
  7998      6.85    -15.25  1.00000
  7999      6.85    -15.20  1.00000
  8000      6.85    -15.15  1.00000
  8001      6.85    -15.10  1.00000
  8002      6.85    -15.05  1.00000
  8003      6.85    -15.00  1.00000
  8004      6.85    -14.95  1.00000
  8005      6.90    -20.70  1.00000
  8006      6.90    -20.65  1.00000
  8007      6.90    -20.60  1.00000
  8008      6.90    -20.55  1.00000
  8009      6.90    -20.50  1.00000
  8010      6.90    -20.45  1.00000
  8011      6.90    -20.40  1.00000
  8012      6.90    -20.35  1.00000
  8013      6.90    -20.30  1.00000
  8014      6.90    -20.25  1.00000
  8015      6.90    -20.20  1.00000
  8016      6.90    -20.15  1.00000
  8017      6.90    -20.10  1.00000
  8018      6.90    -20.05  1.00000
  8019      6.90    -20.00  1.00000
  8020      6.90    -19.95  1.00000
  8021      6.90    -19.90  1.00000
  8022      6.90    -19.85  1.00000
  8023      6.90    -19.80  1.00000
  8024      6.90    -19.75  1.00000
  8025      6.90    -19.70  1.00000
  8026      6.90    -19.65  1.00000
  8027      6.90    -19.60  1.00000
  8028      6.90    -19.55  1.00000
  8029      6.90    -19.50  1.00000
  8030      6.90    -19.45  1.00000
  8031      6.90    -19.40  1.00000
  8032      6.90    -19.35  1.00000
  8033      6.90    -19.30  1.00000
  8034      6.90    -19.25  1.00000
  8035      6.90    -19.20  1.00000
  8036      6.90    -19.15  1.00000
  8037      6.90    -19.10  1.00000
  8038      6.90    -19.05  1.00000
  8039      6.90    -19.00  1.00000
  8040      6.90    -18.95  1.00000
  8041      6.90    -18.90  1.00000
  8042      6.90    -18.85  1.00000
  8043      6.90    -18.80  1.00000
  8044      6.90    -18.75  1.00000
  8045      6.90    -18.70  1.00000
  8046      6.90    -18.65  1.00000
  8047      6.90    -18.60  1.00000
  8048      6.90    -18.55  1.00000
  8049      6.90    -18.50  1.00000
  8050      6.90    -18.45  1.00000
  8051      6.90    -18.40  1.00000
  8052      6.90    -18.35  1.00000
  8053      6.90    -18.30  1.00000
  8054      6.90    -18.25  1.00000
  8055      6.90    -18.20  1.00000
  8056      6.90    -18.15  1.00000
  8057      6.90    -18.10  1.00000
  8058      6.90    -18.05  1.00000
  8059      6.90    -18.00  1.00000
  8060      6.90    -17.95  1.00000
  8061      6.90    -17.90  1.00000
  8062      6.90    -17.85  1.00000
  8063      6.90    -17.80  1.00000
  8064      6.90    -17.75  1.00000
  8065      6.90    -17.70  1.00000
  8066      6.90    -17.65  1.00000
  8067      6.90    -17.60  1.00000
  8068      6.90    -17.55  1.00000
  8069      6.90    -17.50  1.00000
  8070      6.90    -17.45  1.00000
  8071      6.90    -17.40  1.00000
  8072      6.90    -17.35  1.00000
  8073      6.90    -17.30  1.00000
  8074      6.90    -17.25  1.00000
  8075      6.90    -17.20  1.00000
  8076      6.90    -17.15  1.00000
  8077      6.90    -17.10  1.00000
  8078      6.90    -17.05  1.00000
  8079      6.90    -17.00  1.00000
  8080      6.90    -16.95  1.00000
  8081      6.90    -16.90  1.00000
  8082      6.90    -16.85  1.00000
  8083      6.90    -16.80  1.00000
  8084      6.90    -16.75  1.00000
  8085      6.90    -16.70  1.00000
  8086      6.90    -16.65  1.00000
  8087      6.90    -16.60  1.00000
  8088      6.90    -16.55  1.00000
  8089      6.90    -16.50  1.00000
  8090      6.90    -16.45  1.00000
  8091      6.90    -16.40  1.00000
  8092      6.90    -16.35  1.00000
  8093      6.90    -16.30  1.00000
  8094      6.90    -16.25  1.00000
  8095      6.90    -16.20  1.00000
  8096      6.90    -16.15  1.00000
  8097      6.90    -16.10  1.00000
  8098      6.90    -16.05  1.00000
  8099      6.90    -16.00  1.00000
  8100      6.90    -15.95  1.00000
  8101      6.90    -15.90  1.00000
  8102      6.90    -15.85  1.00000
  8103      6.90    -15.80  1.00000
  8104      6.90    -15.75  1.00000
  8105      6.90    -15.70  1.00000
  8106      6.90    -15.65  1.00000
  8107      6.90    -15.60  1.00000
  8108      6.90    -15.55  1.00000
  8109      6.90    -15.50  1.00000
  8110      6.90    -15.45  1.00000
  8111      6.90    -15.40  1.00000
  8112      6.90    -15.35  1.00000
  8113      6.90    -15.30  1.00000
  8114      6.90    -15.25  1.00000
  8115      6.90    -15.20  1.00000
  8116      6.90    -15.15  1.00000
  8117      6.90    -15.10  1.00000
  8118      6.90    -15.05  1.00000
  8119      6.90    -15.00  1.00000
  8120      6.90    -14.95  1.00000
  8121      6.95    -20.70  1.00000
  8122      6.95    -20.65  1.00000
  8123      6.95    -20.60  1.00000
  8124      6.95    -20.55  1.00000
  8125      6.95    -20.50  1.00000
  8126      6.95    -20.45  1.00000
  8127      6.95    -20.40  1.00000
  8128      6.95    -20.35  1.00000
  8129      6.95    -20.30  1.00000
  8130      6.95    -20.25  1.00000
  8131      6.95    -20.20  1.00000
  8132      6.95    -20.15  1.00000
  8133      6.95    -20.10  1.00000
  8134      6.95    -20.05  1.00000
  8135      6.95    -20.00  1.00000
  8136      6.95    -19.95  1.00000
  8137      6.95    -19.90  1.00000
  8138      6.95    -19.85  1.00000
  8139      6.95    -19.80  1.00000
  8140      6.95    -19.75  1.00000
  8141      6.95    -19.70  1.00000
  8142      6.95    -19.65  1.00000
  8143      6.95    -19.60  1.00000
  8144      6.95    -19.55  1.00000
  8145      6.95    -19.50  1.00000
  8146      6.95    -19.45  1.00000
  8147      6.95    -19.40  1.00000
  8148      6.95    -19.35  1.00000
  8149      6.95    -19.30  1.00000
  8150      6.95    -19.25  1.00000
  8151      6.95    -19.20  1.00000
  8152      6.95    -19.15  1.00000
  8153      6.95    -19.10  1.00000
  8154      6.95    -19.05  1.00000
  8155      6.95    -19.00  1.00000
  8156      6.95    -18.95  1.00000
  8157      6.95    -18.90  1.00000
  8158      6.95    -18.85  1.00000
  8159      6.95    -18.80  1.00000
  8160      6.95    -18.75  1.00000
  8161      6.95    -18.70  1.00000
  8162      6.95    -18.65  1.00000
  8163      6.95    -18.60  1.00000
  8164      6.95    -18.55  1.00000
  8165      6.95    -18.50  1.00000
  8166      6.95    -18.45  1.00000
  8167      6.95    -18.40  1.00000
  8168      6.95    -18.35  1.00000
  8169      6.95    -18.30  1.00000
  8170      6.95    -18.25  1.00000
  8171      6.95    -18.20  1.00000
  8172      6.95    -18.15  1.00000
  8173      6.95    -18.10  1.00000
  8174      6.95    -18.05  1.00000
  8175      6.95    -18.00  1.00000
  8176      6.95    -17.95  1.00000
  8177      6.95    -17.90  1.00000
  8178      6.95    -17.85  1.00000
  8179      6.95    -17.80  1.00000
  8180      6.95    -17.75  1.00000
  8181      6.95    -17.70  1.00000
  8182      6.95    -17.65  1.00000
  8183      6.95    -17.60  1.00000
  8184      6.95    -17.55  1.00000
  8185      6.95    -17.50  1.00000
  8186      6.95    -17.45  1.00000
  8187      6.95    -17.40  1.00000
  8188      6.95    -17.35  1.00000
  8189      6.95    -17.30  1.00000
  8190      6.95    -17.25  1.00000
  8191      6.95    -17.20  1.00000
  8192      6.95    -17.15  1.00000
  8193      6.95    -17.10  1.00000
  8194      6.95    -17.05  1.00000
  8195      6.95    -17.00  1.00000
  8196      6.95    -16.95  1.00000
  8197      6.95    -16.90  1.00000
  8198      6.95    -16.85  1.00000
  8199      6.95    -16.80  1.00000
  8200      6.95    -16.75  1.00000
  8201      6.95    -16.70  1.00000
  8202      6.95    -16.65  1.00000
  8203      6.95    -16.60  1.00000
  8204      6.95    -16.55  1.00000
  8205      6.95    -16.50  1.00000
  8206      6.95    -16.45  1.00000
  8207      6.95    -16.40  1.00000
  8208      6.95    -16.35  1.00000
  8209      6.95    -16.30  1.00000
  8210      6.95    -16.25  1.00000
  8211      6.95    -16.20  1.00000
  8212      6.95    -16.15  1.00000
  8213      6.95    -16.10  1.00000
  8214      6.95    -16.05  1.00000
  8215      6.95    -16.00  1.00000
  8216      6.95    -15.95  1.00000
  8217      6.95    -15.90  1.00000
  8218      6.95    -15.85  1.00000
  8219      6.95    -15.80  1.00000
  8220      6.95    -15.75  1.00000
  8221      6.95    -15.70  1.00000
  8222      6.95    -15.65  1.00000
  8223      6.95    -15.60  1.00000
  8224      6.95    -15.55  1.00000
  8225      6.95    -15.50  1.00000
  8226      6.95    -15.45  1.00000
  8227      6.95    -15.40  1.00000
  8228      6.95    -15.35  1.00000
  8229      6.95    -15.30  1.00000
  8230      6.95    -15.25  1.00000
  8231      6.95    -15.20  1.00000
  8232      6.95    -15.15  1.00000
  8233      6.95    -15.10  1.00000
  8234      6.95    -15.05  1.00000
  8235      6.95    -15.00  1.00000
  8236      6.95    -14.95  1.00000
  8237      7.00    -20.70  1.00000
  8238      7.00    -20.65  1.00000
  8239      7.00    -20.60  1.00000
  8240      7.00    -20.55  1.00000
  8241      7.00    -20.50  1.00000
  8242      7.00    -20.45  1.00000
  8243      7.00    -20.40  1.00000
  8244      7.00    -20.35  1.00000
  8245      7.00    -20.30  1.00000
  8246      7.00    -20.25  1.00000
  8247      7.00    -20.20  1.00000
  8248      7.00    -20.15  1.00000
  8249      7.00    -20.10  1.00000
  8250      7.00    -20.05  1.00000
  8251      7.00    -20.00  1.00000
  8252      7.00    -19.95  1.00000
  8253      7.00    -19.90  1.00000
  8254      7.00    -19.85  1.00000
  8255      7.00    -19.80  1.00000
  8256      7.00    -19.75  1.00000
  8257      7.00    -19.70  1.00000
  8258      7.00    -19.65  1.00000
  8259      7.00    -19.60  1.00000
  8260      7.00    -19.55  1.00000
  8261      7.00    -19.50  1.00000
  8262      7.00    -19.45  1.00000
  8263      7.00    -19.40  1.00000
  8264      7.00    -19.35  1.00000
  8265      7.00    -19.30  1.00000
  8266      7.00    -19.25  1.00000
  8267      7.00    -19.20  1.00000
  8268      7.00    -19.15  1.00000
  8269      7.00    -19.10  1.00000
  8270      7.00    -19.05  1.00000
  8271      7.00    -19.00  1.00000
  8272      7.00    -18.95  1.00000
  8273      7.00    -18.90  1.00000
  8274      7.00    -18.85  1.00000
  8275      7.00    -18.80  1.00000
  8276      7.00    -18.75  1.00000
  8277      7.00    -18.70  1.00000
  8278      7.00    -18.65  1.00000
  8279      7.00    -18.60  1.00000
  8280      7.00    -18.55  1.00000
  8281      7.00    -18.50  1.00000
  8282      7.00    -18.45  1.00000
  8283      7.00    -18.40  1.00000
  8284      7.00    -18.35  1.00000
  8285      7.00    -18.30  1.00000
  8286      7.00    -18.25  1.00000
  8287      7.00    -18.20  1.00000
  8288      7.00    -18.15  1.00000
  8289      7.00    -18.10  1.00000
  8290      7.00    -18.05  1.00000
  8291      7.00    -18.00  1.00000
  8292      7.00    -17.95  1.00000
  8293      7.00    -17.90  1.00000
  8294      7.00    -17.85  1.00000
  8295      7.00    -17.80  1.00000
  8296      7.00    -17.75  1.00000
  8297      7.00    -17.70  1.00000
  8298      7.00    -17.65  1.00000
  8299      7.00    -17.60  1.00000
  8300      7.00    -17.55  1.00000
  8301      7.00    -17.50  1.00000
  8302      7.00    -17.45  1.00000
  8303      7.00    -17.40  1.00000
  8304      7.00    -17.35  1.00000
  8305      7.00    -17.30  1.00000
  8306      7.00    -17.25  1.00000
  8307      7.00    -17.20  1.00000
  8308      7.00    -17.15  1.00000
  8309      7.00    -17.10  1.00000
  8310      7.00    -17.05  1.00000
  8311      7.00    -17.00  1.00000
  8312      7.00    -16.95  1.00000
  8313      7.00    -16.90  1.00000
  8314      7.00    -16.85  1.00000
  8315      7.00    -16.80  1.00000
  8316      7.00    -16.75  1.00000
  8317      7.00    -16.70  1.00000
  8318      7.00    -16.65  1.00000
  8319      7.00    -16.60  1.00000
  8320      7.00    -16.55  1.00000
  8321      7.00    -16.50  1.00000
  8322      7.00    -16.45  1.00000
  8323      7.00    -16.40  1.00000
  8324      7.00    -16.35  1.00000
  8325      7.00    -16.30  1.00000
  8326      7.00    -16.25  1.00000
  8327      7.00    -16.20  1.00000
  8328      7.00    -16.15  1.00000
  8329      7.00    -16.10  1.00000
  8330      7.00    -16.05  1.00000
  8331      7.00    -16.00  1.00000
  8332      7.00    -15.95  1.00000
  8333      7.00    -15.90  1.00000
  8334      7.00    -15.85  1.00000
  8335      7.00    -15.80  1.00000
  8336      7.00    -15.75  1.00000
  8337      7.00    -15.70  1.00000
  8338      7.00    -15.65  1.00000
  8339      7.00    -15.60  1.00000
  8340      7.00    -15.55  1.00000
  8341      7.00    -15.50  1.00000
  8342      7.00    -15.45  1.00000
  8343      7.00    -15.40  1.00000
  8344      7.00    -15.35  1.00000
  8345      7.00    -15.30  1.00000
  8346      7.00    -15.25  1.00000
  8347      7.00    -15.20  1.00000
  8348      7.00    -15.15  1.00000
  8349      7.00    -15.10  1.00000
  8350      7.00    -15.05  1.00000
  8351      7.00    -15.00  1.00000
  8352      7.00    -14.95  1.00000
  8353      7.05    -20.70  1.00000
  8354      7.05    -20.65  1.00000
  8355      7.05    -20.60  1.00000
  8356      7.05    -20.55  1.00000
  8357      7.05    -20.50  1.00000
  8358      7.05    -20.45  1.00000
  8359      7.05    -20.40  1.00000
  8360      7.05    -20.35  1.00000
  8361      7.05    -20.30  1.00000
  8362      7.05    -20.25  1.00000
  8363      7.05    -20.20  1.00000
  8364      7.05    -20.15  1.00000
  8365      7.05    -20.10  1.00000
  8366      7.05    -20.05  1.00000
  8367      7.05    -20.00  1.00000
  8368      7.05    -19.95  1.00000
  8369      7.05    -19.90  1.00000
  8370      7.05    -19.85  1.00000
  8371      7.05    -19.80  1.00000
  8372      7.05    -19.75  1.00000
  8373      7.05    -19.70  1.00000
  8374      7.05    -19.65  1.00000
  8375      7.05    -19.60  1.00000
  8376      7.05    -19.55  1.00000
  8377      7.05    -19.50  1.00000
  8378      7.05    -19.45  1.00000
  8379      7.05    -19.40  1.00000
  8380      7.05    -19.35  1.00000
  8381      7.05    -19.30  1.00000
  8382      7.05    -19.25  1.00000
  8383      7.05    -19.20  1.00000
  8384      7.05    -19.15  1.00000
  8385      7.05    -19.10  1.00000
  8386      7.05    -19.05  1.00000
  8387      7.05    -19.00  1.00000
  8388      7.05    -18.95  1.00000
  8389      7.05    -18.90  1.00000
  8390      7.05    -18.85  1.00000
  8391      7.05    -18.80  1.00000
  8392      7.05    -18.75  1.00000
  8393      7.05    -18.70  1.00000
  8394      7.05    -18.65  1.00000
  8395      7.05    -18.60  1.00000
  8396      7.05    -18.55  1.00000
  8397      7.05    -18.50  1.00000
  8398      7.05    -18.45  1.00000
  8399      7.05    -18.40  1.00000
  8400      7.05    -18.35  1.00000
  8401      7.05    -18.30  1.00000
  8402      7.05    -18.25  1.00000
  8403      7.05    -18.20  1.00000
  8404      7.05    -18.15  1.00000
  8405      7.05    -18.10  1.00000
  8406      7.05    -18.05  1.00000
  8407      7.05    -18.00  1.00000
  8408      7.05    -17.95  1.00000
  8409      7.05    -17.90  1.00000
  8410      7.05    -17.85  1.00000
  8411      7.05    -17.80  1.00000
  8412      7.05    -17.75  1.00000
  8413      7.05    -17.70  1.00000
  8414      7.05    -17.65  1.00000
  8415      7.05    -17.60  1.00000
  8416      7.05    -17.55  1.00000
  8417      7.05    -17.50  1.00000
  8418      7.05    -17.45  1.00000
  8419      7.05    -17.40  1.00000
  8420      7.05    -17.35  1.00000
  8421      7.05    -17.30  1.00000
  8422      7.05    -17.25  1.00000
  8423      7.05    -17.20  1.00000
  8424      7.05    -17.15  1.00000
  8425      7.05    -17.10  1.00000
  8426      7.05    -17.05  1.00000
  8427      7.05    -17.00  1.00000
  8428      7.05    -16.95  1.00000
  8429      7.05    -16.90  1.00000
  8430      7.05    -16.85  1.00000
  8431      7.05    -16.80  1.00000
  8432      7.05    -16.75  1.00000
  8433      7.05    -16.70  1.00000
  8434      7.05    -16.65  1.00000
  8435      7.05    -16.60  1.00000
  8436      7.05    -16.55  1.00000
  8437      7.05    -16.50  1.00000
  8438      7.05    -16.45  1.00000
  8439      7.05    -16.40  1.00000
  8440      7.05    -16.35  1.00000
  8441      7.05    -16.30  1.00000
  8442      7.05    -16.25  1.00000
  8443      7.05    -16.20  1.00000
  8444      7.05    -16.15  1.00000
  8445      7.05    -16.10  1.00000
  8446      7.05    -16.05  1.00000
  8447      7.05    -16.00  1.00000
  8448      7.05    -15.95  1.00000
  8449      7.05    -15.90  1.00000
  8450      7.05    -15.85  1.00000
  8451      7.05    -15.80  1.00000
  8452      7.05    -15.75  1.00000
  8453      7.05    -15.70  1.00000
  8454      7.05    -15.65  1.00000
  8455      7.05    -15.60  1.00000
  8456      7.05    -15.55  1.00000
  8457      7.05    -15.50  1.00000
  8458      7.05    -15.45  1.00000
  8459      7.05    -15.40  1.00000
  8460      7.05    -15.35  1.00000
  8461      7.05    -15.30  1.00000
  8462      7.05    -15.25  1.00000
  8463      7.05    -15.20  1.00000
  8464      7.05    -15.15  1.00000
  8465      7.05    -15.10  1.00000
  8466      7.05    -15.05  1.00000
  8467      7.05    -15.00  1.00000
  8468      7.05    -14.95  1.00000
  8469      7.10    -20.70  1.00000
  8470      7.10    -20.65  1.00000
  8471      7.10    -20.60  1.00000
  8472      7.10    -20.55  1.00000
  8473      7.10    -20.50  1.00000
  8474      7.10    -20.45  1.00000
  8475      7.10    -20.40  1.00000
  8476      7.10    -20.35  1.00000
  8477      7.10    -20.30  1.00000
  8478      7.10    -20.25  1.00000
  8479      7.10    -20.20  1.00000
  8480      7.10    -20.15  1.00000
  8481      7.10    -20.10  1.00000
  8482      7.10    -20.05  1.00000
  8483      7.10    -20.00  1.00000
  8484      7.10    -19.95  1.00000
  8485      7.10    -19.90  1.00000
  8486      7.10    -19.85  1.00000
  8487      7.10    -19.80  1.00000
  8488      7.10    -19.75  1.00000
  8489      7.10    -19.70  1.00000
  8490      7.10    -19.65  1.00000
  8491      7.10    -19.60  1.00000
  8492      7.10    -19.55  1.00000
  8493      7.10    -19.50  1.00000
  8494      7.10    -19.45  1.00000
  8495      7.10    -19.40  1.00000
  8496      7.10    -19.35  1.00000
  8497      7.10    -19.30  1.00000
  8498      7.10    -19.25  1.00000
  8499      7.10    -19.20  1.00000
  8500      7.10    -19.15  1.00000
  8501      7.10    -19.10  1.00000
  8502      7.10    -19.05  1.00000
  8503      7.10    -19.00  1.00000
  8504      7.10    -18.95  1.00000
  8505      7.10    -18.90  1.00000
  8506      7.10    -18.85  1.00000
  8507      7.10    -18.80  1.00000
  8508      7.10    -18.75  1.00000
  8509      7.10    -18.70  1.00000
  8510      7.10    -18.65  1.00000
  8511      7.10    -18.60  1.00000
  8512      7.10    -18.55  1.00000
  8513      7.10    -18.50  1.00000
  8514      7.10    -18.45  1.00000
  8515      7.10    -18.40  1.00000
  8516      7.10    -18.35  1.00000
  8517      7.10    -18.30  1.00000
  8518      7.10    -18.25  1.00000
  8519      7.10    -18.20  1.00000
  8520      7.10    -18.15  1.00000
  8521      7.10    -18.10  1.00000
  8522      7.10    -18.05  1.00000
  8523      7.10    -18.00  1.00000
  8524      7.10    -17.95  1.00000
  8525      7.10    -17.90  1.00000
  8526      7.10    -17.85  1.00000
  8527      7.10    -17.80  1.00000
  8528      7.10    -17.75  1.00000
  8529      7.10    -17.70  1.00000
  8530      7.10    -17.65  1.00000
  8531      7.10    -17.60  1.00000
  8532      7.10    -17.55  1.00000
  8533      7.10    -17.50  1.00000
  8534      7.10    -17.45  1.00000
  8535      7.10    -17.40  1.00000
  8536      7.10    -17.35  1.00000
  8537      7.10    -17.30  1.00000
  8538      7.10    -17.25  1.00000
  8539      7.10    -17.20  1.00000
  8540      7.10    -17.15  1.00000
  8541      7.10    -17.10  1.00000
  8542      7.10    -17.05  1.00000
  8543      7.10    -17.00  1.00000
  8544      7.10    -16.95  1.00000
  8545      7.10    -16.90  1.00000
  8546      7.10    -16.85  1.00000
  8547      7.10    -16.80  1.00000
  8548      7.10    -16.75  1.00000
  8549      7.10    -16.70  1.00000
  8550      7.10    -16.65  1.00000
  8551      7.10    -16.60  1.00000
  8552      7.10    -16.55  1.00000
  8553      7.10    -16.50  1.00000
  8554      7.10    -16.45  1.00000
  8555      7.10    -16.40  1.00000
  8556      7.10    -16.35  1.00000
  8557      7.10    -16.30  1.00000
  8558      7.10    -16.25  1.00000
  8559      7.10    -16.20  1.00000
  8560      7.10    -16.15  1.00000
  8561      7.10    -16.10  1.00000
  8562      7.10    -16.05  1.00000
  8563      7.10    -16.00  1.00000
  8564      7.10    -15.95  1.00000
  8565      7.10    -15.90  1.00000
  8566      7.10    -15.85  1.00000
  8567      7.10    -15.80  1.00000
  8568      7.10    -15.75  1.00000
  8569      7.10    -15.70  1.00000
  8570      7.10    -15.65  1.00000
  8571      7.10    -15.60  1.00000
  8572      7.10    -15.55  1.00000
  8573      7.10    -15.50  1.00000
  8574      7.10    -15.45  1.00000
  8575      7.10    -15.40  1.00000
  8576      7.10    -15.35  1.00000
  8577      7.10    -15.30  1.00000
  8578      7.10    -15.25  1.00000
  8579      7.10    -15.20  1.00000
  8580      7.10    -15.15  1.00000
  8581      7.10    -15.10  1.00000
  8582      7.10    -15.05  1.00000
  8583      7.10    -15.00  1.00000
  8584      7.10    -14.95  1.00000
  8585      7.15    -20.70  1.00000
  8586      7.15    -20.65  1.00000
  8587      7.15    -20.60  1.00000
  8588      7.15    -20.55  1.00000
  8589      7.15    -20.50  1.00000
  8590      7.15    -20.45  1.00000
  8591      7.15    -20.40  1.00000
  8592      7.15    -20.35  1.00000
  8593      7.15    -20.30  1.00000
  8594      7.15    -20.25  1.00000
  8595      7.15    -20.20  1.00000
  8596      7.15    -20.15  1.00000
  8597      7.15    -20.10  1.00000
  8598      7.15    -20.05  1.00000
  8599      7.15    -20.00  1.00000
  8600      7.15    -19.95  1.00000
  8601      7.15    -19.90  1.00000
  8602      7.15    -19.85  1.00000
  8603      7.15    -19.80  1.00000
  8604      7.15    -19.75  1.00000
  8605      7.15    -19.70  1.00000
  8606      7.15    -19.65  1.00000
  8607      7.15    -19.60  1.00000
  8608      7.15    -19.55  1.00000
  8609      7.15    -19.50  1.00000
  8610      7.15    -19.45  1.00000
  8611      7.15    -19.40  1.00000
  8612      7.15    -19.35  1.00000
  8613      7.15    -19.30  1.00000
  8614      7.15    -19.25  1.00000
  8615      7.15    -19.20  1.00000
  8616      7.15    -19.15  1.00000
  8617      7.15    -19.10  1.00000
  8618      7.15    -19.05  1.00000
  8619      7.15    -19.00  1.00000
  8620      7.15    -18.95  1.00000
  8621      7.15    -18.90  1.00000
  8622      7.15    -18.85  1.00000
  8623      7.15    -18.80  1.00000
  8624      7.15    -18.75  1.00000
  8625      7.15    -18.70  1.00000
  8626      7.15    -18.65  1.00000
  8627      7.15    -18.60  1.00000
  8628      7.15    -18.55  1.00000
  8629      7.15    -18.50  1.00000
  8630      7.15    -18.45  1.00000
  8631      7.15    -18.40  1.00000
  8632      7.15    -18.35  1.00000
  8633      7.15    -18.30  1.00000
  8634      7.15    -18.25  1.00000
  8635      7.15    -18.20  1.00000
  8636      7.15    -18.15  1.00000
  8637      7.15    -18.10  1.00000
  8638      7.15    -18.05  1.00000
  8639      7.15    -18.00  1.00000
  8640      7.15    -17.95  1.00000
  8641      7.15    -17.90  1.00000
  8642      7.15    -17.85  1.00000
  8643      7.15    -17.80  1.00000
  8644      7.15    -17.75  1.00000
  8645      7.15    -17.70  1.00000
  8646      7.15    -17.65  1.00000
  8647      7.15    -17.60  1.00000
  8648      7.15    -17.55  1.00000
  8649      7.15    -17.50  1.00000
  8650      7.15    -17.45  1.00000
  8651      7.15    -17.40  1.00000
  8652      7.15    -17.35  1.00000
  8653      7.15    -17.30  1.00000
  8654      7.15    -17.25  1.00000
  8655      7.15    -17.20  1.00000
  8656      7.15    -17.15  1.00000
  8657      7.15    -17.10  1.00000
  8658      7.15    -17.05  1.00000
  8659      7.15    -17.00  1.00000
  8660      7.15    -16.95  1.00000
  8661      7.15    -16.90  1.00000
  8662      7.15    -16.85  1.00000
  8663      7.15    -16.80  1.00000
  8664      7.15    -16.75  1.00000
  8665      7.15    -16.70  1.00000
  8666      7.15    -16.65  1.00000
  8667      7.15    -16.60  1.00000
  8668      7.15    -16.55  1.00000
  8669      7.15    -16.50  1.00000
  8670      7.15    -16.45  1.00000
  8671      7.15    -16.40  1.00000
  8672      7.15    -16.35  1.00000
  8673      7.15    -16.30  1.00000
  8674      7.15    -16.25  1.00000
  8675      7.15    -16.20  1.00000
  8676      7.15    -16.15  1.00000
  8677      7.15    -16.10  1.00000
  8678      7.15    -16.05  1.00000
  8679      7.15    -16.00  1.00000
  8680      7.15    -15.95  1.00000
  8681      7.15    -15.90  1.00000
  8682      7.15    -15.85  1.00000
  8683      7.15    -15.80  1.00000
  8684      7.15    -15.75  1.00000
  8685      7.15    -15.70  1.00000
  8686      7.15    -15.65  1.00000
  8687      7.15    -15.60  1.00000
  8688      7.15    -15.55  1.00000
  8689      7.15    -15.50  1.00000
  8690      7.15    -15.45  1.00000
  8691      7.15    -15.40  1.00000
  8692      7.15    -15.35  1.00000
  8693      7.15    -15.30  1.00000
  8694      7.15    -15.25  1.00000
  8695      7.15    -15.20  1.00000
  8696      7.15    -15.15  1.00000
  8697      7.15    -15.10  1.00000
  8698      7.15    -15.05  1.00000
  8699      7.15    -15.00  1.00000
  8700      7.15    -14.95  1.00000
  8701      7.20    -20.70  1.00000
  8702      7.20    -20.65  1.00000
  8703      7.20    -20.60  1.00000
  8704      7.20    -20.55  1.00000
  8705      7.20    -20.50  1.00000
  8706      7.20    -20.45  1.00000
  8707      7.20    -20.40  1.00000
  8708      7.20    -20.35  1.00000
  8709      7.20    -20.30  1.00000
  8710      7.20    -20.25  1.00000
  8711      7.20    -20.20  1.00000
  8712      7.20    -20.15  1.00000
  8713      7.20    -20.10  1.00000
  8714      7.20    -20.05  1.00000
  8715      7.20    -20.00  1.00000
  8716      7.20    -19.95  1.00000
  8717      7.20    -19.90  1.00000
  8718      7.20    -19.85  1.00000
  8719      7.20    -19.80  1.00000
  8720      7.20    -19.75  1.00000
  8721      7.20    -19.70  1.00000
  8722      7.20    -19.65  1.00000
  8723      7.20    -19.60  1.00000
  8724      7.20    -19.55  1.00000
  8725      7.20    -19.50  1.00000
  8726      7.20    -19.45  1.00000
  8727      7.20    -19.40  1.00000
  8728      7.20    -19.35  1.00000
  8729      7.20    -19.30  1.00000
  8730      7.20    -19.25  1.00000
  8731      7.20    -19.20  1.00000
  8732      7.20    -19.15  1.00000
  8733      7.20    -19.10  1.00000
  8734      7.20    -19.05  1.00000
  8735      7.20    -19.00  1.00000
  8736      7.20    -18.95  1.00000
  8737      7.20    -18.90  1.00000
  8738      7.20    -18.85  1.00000
  8739      7.20    -18.80  1.00000
  8740      7.20    -18.75  1.00000
  8741      7.20    -18.70  1.00000
  8742      7.20    -18.65  1.00000
  8743      7.20    -18.60  1.00000
  8744      7.20    -18.55  1.00000
  8745      7.20    -18.50  1.00000
  8746      7.20    -18.45  1.00000
  8747      7.20    -18.40  1.00000
  8748      7.20    -18.35  1.00000
  8749      7.20    -18.30  1.00000
  8750      7.20    -18.25  1.00000
  8751      7.20    -18.20  1.00000
  8752      7.20    -18.15  1.00000
  8753      7.20    -18.10  1.00000
  8754      7.20    -18.05  1.00000
  8755      7.20    -18.00  1.00000
  8756      7.20    -17.95  1.00000
  8757      7.20    -17.90  1.00000
  8758      7.20    -17.85  1.00000
  8759      7.20    -17.80  1.00000
  8760      7.20    -17.75  1.00000
  8761      7.20    -17.70  1.00000
  8762      7.20    -17.65  1.00000
  8763      7.20    -17.60  1.00000
  8764      7.20    -17.55  1.00000
  8765      7.20    -17.50  1.00000
  8766      7.20    -17.45  1.00000
  8767      7.20    -17.40  1.00000
  8768      7.20    -17.35  1.00000
  8769      7.20    -17.30  1.00000
  8770      7.20    -17.25  1.00000
  8771      7.20    -17.20  1.00000
  8772      7.20    -17.15  1.00000
  8773      7.20    -17.10  1.00000
  8774      7.20    -17.05  1.00000
  8775      7.20    -17.00  1.00000
  8776      7.20    -16.95  1.00000
  8777      7.20    -16.90  1.00000
  8778      7.20    -16.85  1.00000
  8779      7.20    -16.80  1.00000
  8780      7.20    -16.75  1.00000
  8781      7.20    -16.70  1.00000
  8782      7.20    -16.65  1.00000
  8783      7.20    -16.60  1.00000
  8784      7.20    -16.55  1.00000
  8785      7.20    -16.50  1.00000
  8786      7.20    -16.45  1.00000
  8787      7.20    -16.40  1.00000
  8788      7.20    -16.35  1.00000
  8789      7.20    -16.30  1.00000
  8790      7.20    -16.25  1.00000
  8791      7.20    -16.20  1.00000
  8792      7.20    -16.15  1.00000
  8793      7.20    -16.10  1.00000
  8794      7.20    -16.05  1.00000
  8795      7.20    -16.00  1.00000
  8796      7.20    -15.95  1.00000
  8797      7.20    -15.90  1.00000
  8798      7.20    -15.85  1.00000
  8799      7.20    -15.80  1.00000
  8800      7.20    -15.75  1.00000
  8801      7.20    -15.70  1.00000
  8802      7.20    -15.65  1.00000
  8803      7.20    -15.60  1.00000
  8804      7.20    -15.55  1.00000
  8805      7.20    -15.50  1.00000
  8806      7.20    -15.45  1.00000
  8807      7.20    -15.40  1.00000
  8808      7.20    -15.35  1.00000
  8809      7.20    -15.30  1.00000
  8810      7.20    -15.25  1.00000
  8811      7.20    -15.20  1.00000
  8812      7.20    -15.15  1.00000
  8813      7.20    -15.10  1.00000
  8814      7.20    -15.05  1.00000
  8815      7.20    -15.00  1.00000
  8816      7.20    -14.95  1.00000
  8817      7.25    -20.70  1.00000
  8818      7.25    -20.65  1.00000
  8819      7.25    -20.60  1.00000
  8820      7.25    -20.55  1.00000
  8821      7.25    -20.50  1.00000
  8822      7.25    -20.45  1.00000
  8823      7.25    -20.40  1.00000
  8824      7.25    -20.35  1.00000
  8825      7.25    -20.30  1.00000
  8826      7.25    -20.25  1.00000
  8827      7.25    -20.20  1.00000
  8828      7.25    -20.15  1.00000
  8829      7.25    -20.10  1.00000
  8830      7.25    -20.05  1.00000
  8831      7.25    -20.00  1.00000
  8832      7.25    -19.95  1.00000
  8833      7.25    -19.90  1.00000
  8834      7.25    -19.85  1.00000
  8835      7.25    -19.80  1.00000
  8836      7.25    -19.75  1.00000
  8837      7.25    -19.70  1.00000
  8838      7.25    -19.65  1.00000
  8839      7.25    -19.60  1.00000
  8840      7.25    -19.55  1.00000
  8841      7.25    -19.50  1.00000
  8842      7.25    -19.45  1.00000
  8843      7.25    -19.40  1.00000
  8844      7.25    -19.35  1.00000
  8845      7.25    -19.30  1.00000
  8846      7.25    -19.25  1.00000
  8847      7.25    -19.20  1.00000
  8848      7.25    -19.15  1.00000
  8849      7.25    -19.10  1.00000
  8850      7.25    -19.05  1.00000
  8851      7.25    -19.00  1.00000
  8852      7.25    -18.95  1.00000
  8853      7.25    -18.90  1.00000
  8854      7.25    -18.85  1.00000
  8855      7.25    -18.80  1.00000
  8856      7.25    -18.75  1.00000
  8857      7.25    -18.70  1.00000
  8858      7.25    -18.65  1.00000
  8859      7.25    -18.60  1.00000
  8860      7.25    -18.55  1.00000
  8861      7.25    -18.50  1.00000
  8862      7.25    -18.45  1.00000
  8863      7.25    -18.40  1.00000
  8864      7.25    -18.35  1.00000
  8865      7.25    -18.30  1.00000
  8866      7.25    -18.25  1.00000
  8867      7.25    -18.20  1.00000
  8868      7.25    -18.15  1.00000
  8869      7.25    -18.10  1.00000
  8870      7.25    -18.05  1.00000
  8871      7.25    -18.00  1.00000
  8872      7.25    -17.95  1.00000
  8873      7.25    -17.90  1.00000
  8874      7.25    -17.85  1.00000
  8875      7.25    -17.80  1.00000
  8876      7.25    -17.75  1.00000
  8877      7.25    -17.70  1.00000
  8878      7.25    -17.65  1.00000
  8879      7.25    -17.60  1.00000
  8880      7.25    -17.55  1.00000
  8881      7.25    -17.50  1.00000
  8882      7.25    -17.45  1.00000
  8883      7.25    -17.40  1.00000
  8884      7.25    -17.35  1.00000
  8885      7.25    -17.30  1.00000
  8886      7.25    -17.25  1.00000
  8887      7.25    -17.20  1.00000
  8888      7.25    -17.15  1.00000
  8889      7.25    -17.10  1.00000
  8890      7.25    -17.05  1.00000
  8891      7.25    -17.00  1.00000
  8892      7.25    -16.95  1.00000
  8893      7.25    -16.90  1.00000
  8894      7.25    -16.85  1.00000
  8895      7.25    -16.80  1.00000
  8896      7.25    -16.75  1.00000
  8897      7.25    -16.70  1.00000
  8898      7.25    -16.65  1.00000
  8899      7.25    -16.60  1.00000
  8900      7.25    -16.55  1.00000
  8901      7.25    -16.50  1.00000
  8902      7.25    -16.45  1.00000
  8903      7.25    -16.40  1.00000
  8904      7.25    -16.35  1.00000
  8905      7.25    -16.30  1.00000
  8906      7.25    -16.25  1.00000
  8907      7.25    -16.20  1.00000
  8908      7.25    -16.15  1.00000
  8909      7.25    -16.10  1.00000
  8910      7.25    -16.05  1.00000
  8911      7.25    -16.00  1.00000
  8912      7.25    -15.95  1.00000
  8913      7.25    -15.90  1.00000
  8914      7.25    -15.85  1.00000
  8915      7.25    -15.80  1.00000
  8916      7.25    -15.75  1.00000
  8917      7.25    -15.70  1.00000
  8918      7.25    -15.65  1.00000
  8919      7.25    -15.60  1.00000
  8920      7.25    -15.55  1.00000
  8921      7.25    -15.50  1.00000
  8922      7.25    -15.45  1.00000
  8923      7.25    -15.40  1.00000
  8924      7.25    -15.35  1.00000
  8925      7.25    -15.30  1.00000
  8926      7.25    -15.25  1.00000
  8927      7.25    -15.20  1.00000
  8928      7.25    -15.15  1.00000
  8929      7.25    -15.10  1.00000
  8930      7.25    -15.05  1.00000
  8931      7.25    -15.00  1.00000
  8932      7.25    -14.95  1.00000
  8933      7.30    -20.70  1.00000
  8934      7.30    -20.65  1.00000
  8935      7.30    -20.60  1.00000
  8936      7.30    -20.55  1.00000
  8937      7.30    -20.50  1.00000
  8938      7.30    -20.45  1.00000
  8939      7.30    -20.40  1.00000
  8940      7.30    -20.35  1.00000
  8941      7.30    -20.30  1.00000
  8942      7.30    -20.25  1.00000
  8943      7.30    -20.20  1.00000
  8944      7.30    -20.15  1.00000
  8945      7.30    -20.10  1.00000
  8946      7.30    -20.05  1.00000
  8947      7.30    -20.00  1.00000
  8948      7.30    -19.95  1.00000
  8949      7.30    -19.90  1.00000
  8950      7.30    -19.85  1.00000
  8951      7.30    -19.80  1.00000
  8952      7.30    -19.75  1.00000
  8953      7.30    -19.70  1.00000
  8954      7.30    -19.65  1.00000
  8955      7.30    -19.60  1.00000
  8956      7.30    -19.55  1.00000
  8957      7.30    -19.50  1.00000
  8958      7.30    -19.45  1.00000
  8959      7.30    -19.40  1.00000
  8960      7.30    -19.35  1.00000
  8961      7.30    -19.30  1.00000
  8962      7.30    -19.25  1.00000
  8963      7.30    -19.20  1.00000
  8964      7.30    -19.15  1.00000
  8965      7.30    -19.10  1.00000
  8966      7.30    -19.05  1.00000
  8967      7.30    -19.00  1.00000
  8968      7.30    -18.95  1.00000
  8969      7.30    -18.90  1.00000
  8970      7.30    -18.85  1.00000
  8971      7.30    -18.80  1.00000
  8972      7.30    -18.75  1.00000
  8973      7.30    -18.70  1.00000
  8974      7.30    -18.65  1.00000
  8975      7.30    -18.60  1.00000
  8976      7.30    -18.55  1.00000
  8977      7.30    -18.50  1.00000
  8978      7.30    -18.45  1.00000
  8979      7.30    -18.40  1.00000
  8980      7.30    -18.35  1.00000
  8981      7.30    -18.30  1.00000
  8982      7.30    -18.25  1.00000
  8983      7.30    -18.20  1.00000
  8984      7.30    -18.15  1.00000
  8985      7.30    -18.10  1.00000
  8986      7.30    -18.05  1.00000
  8987      7.30    -18.00  1.00000
  8988      7.30    -17.95  1.00000
  8989      7.30    -17.90  1.00000
  8990      7.30    -17.85  1.00000
  8991      7.30    -17.80  1.00000
  8992      7.30    -17.75  1.00000
  8993      7.30    -17.70  1.00000
  8994      7.30    -17.65  1.00000
  8995      7.30    -17.60  1.00000
  8996      7.30    -17.55  1.00000
  8997      7.30    -17.50  1.00000
  8998      7.30    -17.45  1.00000
  8999      7.30    -17.40  1.00000
  9000      7.30    -17.35  1.00000
  9001      7.30    -17.30  1.00000
  9002      7.30    -17.25  1.00000
  9003      7.30    -17.20  1.00000
  9004      7.30    -17.15  1.00000
  9005      7.30    -17.10  1.00000
  9006      7.30    -17.05  1.00000
  9007      7.30    -17.00  1.00000
  9008      7.30    -16.95  1.00000
  9009      7.30    -16.90  1.00000
  9010      7.30    -16.85  1.00000
  9011      7.30    -16.80  1.00000
  9012      7.30    -16.75  1.00000
  9013      7.30    -16.70  1.00000
  9014      7.30    -16.65  1.00000
  9015      7.30    -16.60  1.00000
  9016      7.30    -16.55  1.00000
  9017      7.30    -16.50  1.00000
  9018      7.30    -16.45  1.00000
  9019      7.30    -16.40  1.00000
  9020      7.30    -16.35  1.00000
  9021      7.30    -16.30  1.00000
  9022      7.30    -16.25  1.00000
  9023      7.30    -16.20  1.00000
  9024      7.30    -16.15  1.00000
  9025      7.30    -16.10  1.00000
  9026      7.30    -16.05  1.00000
  9027      7.30    -16.00  1.00000
  9028      7.30    -15.95  1.00000
  9029      7.30    -15.90  1.00000
  9030      7.30    -15.85  1.00000
  9031      7.30    -15.80  1.00000
  9032      7.30    -15.75  1.00000
  9033      7.30    -15.70  1.00000
  9034      7.30    -15.65  1.00000
  9035      7.30    -15.60  1.00000
  9036      7.30    -15.55  1.00000
  9037      7.30    -15.50  1.00000
  9038      7.30    -15.45  1.00000
  9039      7.30    -15.40  1.00000
  9040      7.30    -15.35  1.00000
  9041      7.30    -15.30  1.00000
  9042      7.30    -15.25  1.00000
  9043      7.30    -15.20  1.00000
  9044      7.30    -15.15  1.00000
  9045      7.30    -15.10  1.00000
  9046      7.30    -15.05  1.00000
  9047      7.30    -15.00  1.00000
  9048      7.30    -14.95  1.00000
  9049      7.35    -20.70  1.00000
  9050      7.35    -20.65  1.00000
  9051      7.35    -20.60  1.00000
  9052      7.35    -20.55  1.00000
  9053      7.35    -20.50  1.00000
  9054      7.35    -20.45  1.00000
  9055      7.35    -20.40  1.00000
  9056      7.35    -20.35  1.00000
  9057      7.35    -20.30  1.00000
  9058      7.35    -20.25  1.00000
  9059      7.35    -20.20  1.00000
  9060      7.35    -20.15  1.00000
  9061      7.35    -20.10  1.00000
  9062      7.35    -20.05  1.00000
  9063      7.35    -20.00  1.00000
  9064      7.35    -19.95  1.00000
  9065      7.35    -19.90  1.00000
  9066      7.35    -19.85  1.00000
  9067      7.35    -19.80  1.00000
  9068      7.35    -19.75  1.00000
  9069      7.35    -19.70  1.00000
  9070      7.35    -19.65  1.00000
  9071      7.35    -19.60  1.00000
  9072      7.35    -19.55  1.00000
  9073      7.35    -19.50  1.00000
  9074      7.35    -19.45  1.00000
  9075      7.35    -19.40  1.00000
  9076      7.35    -19.35  1.00000
  9077      7.35    -19.30  1.00000
  9078      7.35    -19.25  1.00000
  9079      7.35    -19.20  1.00000
  9080      7.35    -19.15  1.00000
  9081      7.35    -19.10  1.00000
  9082      7.35    -19.05  1.00000
  9083      7.35    -19.00  1.00000
  9084      7.35    -18.95  1.00000
  9085      7.35    -18.90  1.00000
  9086      7.35    -18.85  1.00000
  9087      7.35    -18.80  1.00000
  9088      7.35    -18.75  1.00000
  9089      7.35    -18.70  1.00000
  9090      7.35    -18.65  1.00000
  9091      7.35    -18.60  1.00000
  9092      7.35    -18.55  1.00000
  9093      7.35    -18.50  1.00000
  9094      7.35    -18.45  1.00000
  9095      7.35    -18.40  1.00000
  9096      7.35    -18.35  1.00000
  9097      7.35    -18.30  1.00000
  9098      7.35    -18.25  1.00000
  9099      7.35    -18.20  1.00000
  9100      7.35    -18.15  1.00000
  9101      7.35    -18.10  1.00000
  9102      7.35    -18.05  1.00000
  9103      7.35    -18.00  1.00000
  9104      7.35    -17.95  1.00000
  9105      7.35    -17.90  1.00000
  9106      7.35    -17.85  1.00000
  9107      7.35    -17.80  1.00000
  9108      7.35    -17.75  1.00000
  9109      7.35    -17.70  1.00000
  9110      7.35    -17.65  1.00000
  9111      7.35    -17.60  1.00000
  9112      7.35    -17.55  1.00000
  9113      7.35    -17.50  1.00000
  9114      7.35    -17.45  1.00000
  9115      7.35    -17.40  1.00000
  9116      7.35    -17.35  1.00000
  9117      7.35    -17.30  1.00000
  9118      7.35    -17.25  1.00000
  9119      7.35    -17.20  1.00000
  9120      7.35    -17.15  1.00000
  9121      7.35    -17.10  1.00000
  9122      7.35    -17.05  1.00000
  9123      7.35    -17.00  1.00000
  9124      7.35    -16.95  1.00000
  9125      7.35    -16.90  1.00000
  9126      7.35    -16.85  1.00000
  9127      7.35    -16.80  1.00000
  9128      7.35    -16.75  1.00000
  9129      7.35    -16.70  1.00000
  9130      7.35    -16.65  1.00000
  9131      7.35    -16.60  1.00000
  9132      7.35    -16.55  1.00000
  9133      7.35    -16.50  1.00000
  9134      7.35    -16.45  1.00000
  9135      7.35    -16.40  1.00000
  9136      7.35    -16.35  1.00000
  9137      7.35    -16.30  1.00000
  9138      7.35    -16.25  1.00000
  9139      7.35    -16.20  1.00000
  9140      7.35    -16.15  1.00000
  9141      7.35    -16.10  1.00000
  9142      7.35    -16.05  1.00000
  9143      7.35    -16.00  1.00000
  9144      7.35    -15.95  1.00000
  9145      7.35    -15.90  1.00000
  9146      7.35    -15.85  1.00000
  9147      7.35    -15.80  1.00000
  9148      7.35    -15.75  1.00000
  9149      7.35    -15.70  1.00000
  9150      7.35    -15.65  1.00000
  9151      7.35    -15.60  1.00000
  9152      7.35    -15.55  1.00000
  9153      7.35    -15.50  1.00000
  9154      7.35    -15.45  1.00000
  9155      7.35    -15.40  1.00000
  9156      7.35    -15.35  1.00000
  9157      7.35    -15.30  1.00000
  9158      7.35    -15.25  1.00000
  9159      7.35    -15.20  1.00000
  9160      7.35    -15.15  1.00000
  9161      7.35    -15.10  1.00000
  9162      7.35    -15.05  1.00000
  9163      7.35    -15.00  1.00000
  9164      7.35    -14.95  1.00000
  9165      7.40    -20.70  1.00000
  9166      7.40    -20.65  1.00000
  9167      7.40    -20.60  1.00000
  9168      7.40    -20.55  1.00000
  9169      7.40    -20.50  1.00000
  9170      7.40    -20.45  1.00000
  9171      7.40    -20.40  1.00000
  9172      7.40    -20.35  1.00000
  9173      7.40    -20.30  1.00000
  9174      7.40    -20.25  1.00000
  9175      7.40    -20.20  1.00000
  9176      7.40    -20.15  1.00000
  9177      7.40    -20.10  1.00000
  9178      7.40    -20.05  1.00000
  9179      7.40    -20.00  1.00000
  9180      7.40    -19.95  1.00000
  9181      7.40    -19.90  1.00000
  9182      7.40    -19.85  1.00000
  9183      7.40    -19.80  1.00000
  9184      7.40    -19.75  1.00000
  9185      7.40    -19.70  1.00000
  9186      7.40    -19.65  1.00000
  9187      7.40    -19.60  1.00000
  9188      7.40    -19.55  1.00000
  9189      7.40    -19.50  1.00000
  9190      7.40    -19.45  1.00000
  9191      7.40    -19.40  1.00000
  9192      7.40    -19.35  1.00000
  9193      7.40    -19.30  1.00000
  9194      7.40    -19.25  1.00000
  9195      7.40    -19.20  1.00000
  9196      7.40    -19.15  1.00000
  9197      7.40    -19.10  1.00000
  9198      7.40    -19.05  1.00000
  9199      7.40    -19.00  1.00000
  9200      7.40    -18.95  1.00000
  9201      7.40    -18.90  1.00000
  9202      7.40    -18.85  1.00000
  9203      7.40    -18.80  1.00000
  9204      7.40    -18.75  1.00000
  9205      7.40    -18.70  1.00000
  9206      7.40    -18.65  1.00000
  9207      7.40    -18.60  1.00000
  9208      7.40    -18.55  1.00000
  9209      7.40    -18.50  1.00000
  9210      7.40    -18.45  1.00000
  9211      7.40    -18.40  1.00000
  9212      7.40    -18.35  1.00000
  9213      7.40    -18.30  1.00000
  9214      7.40    -18.25  1.00000
  9215      7.40    -18.20  1.00000
  9216      7.40    -18.15  1.00000
  9217      7.40    -18.10  1.00000
  9218      7.40    -18.05  1.00000
  9219      7.40    -18.00  1.00000
  9220      7.40    -17.95  1.00000
  9221      7.40    -17.90  1.00000
  9222      7.40    -17.85  1.00000
  9223      7.40    -17.80  1.00000
  9224      7.40    -17.75  1.00000
  9225      7.40    -17.70  1.00000
  9226      7.40    -17.65  1.00000
  9227      7.40    -17.60  1.00000
  9228      7.40    -17.55  1.00000
  9229      7.40    -17.50  1.00000
  9230      7.40    -17.45  1.00000
  9231      7.40    -17.40  1.00000
  9232      7.40    -17.35  1.00000
  9233      7.40    -17.30  1.00000
  9234      7.40    -17.25  1.00000
  9235      7.40    -17.20  1.00000
  9236      7.40    -17.15  1.00000
  9237      7.40    -17.10  1.00000
  9238      7.40    -17.05  1.00000
  9239      7.40    -17.00  1.00000
  9240      7.40    -16.95  1.00000
  9241      7.40    -16.90  1.00000
  9242      7.40    -16.85  1.00000
  9243      7.40    -16.80  1.00000
  9244      7.40    -16.75  1.00000
  9245      7.40    -16.70  1.00000
  9246      7.40    -16.65  1.00000
  9247      7.40    -16.60  1.00000
  9248      7.40    -16.55  1.00000
  9249      7.40    -16.50  1.00000
  9250      7.40    -16.45  1.00000
  9251      7.40    -16.40  1.00000
  9252      7.40    -16.35  1.00000
  9253      7.40    -16.30  1.00000
  9254      7.40    -16.25  1.00000
  9255      7.40    -16.20  1.00000
  9256      7.40    -16.15  1.00000
  9257      7.40    -16.10  1.00000
  9258      7.40    -16.05  1.00000
  9259      7.40    -16.00  1.00000
  9260      7.40    -15.95  1.00000
  9261      7.40    -15.90  1.00000
  9262      7.40    -15.85  1.00000
  9263      7.40    -15.80  1.00000
  9264      7.40    -15.75  1.00000
  9265      7.40    -15.70  1.00000
  9266      7.40    -15.65  1.00000
  9267      7.40    -15.60  1.00000
  9268      7.40    -15.55  1.00000
  9269      7.40    -15.50  1.00000
  9270      7.40    -15.45  1.00000
  9271      7.40    -15.40  1.00000
  9272      7.40    -15.35  1.00000
  9273      7.40    -15.30  1.00000
  9274      7.40    -15.25  1.00000
  9275      7.40    -15.20  1.00000
  9276      7.40    -15.15  1.00000
  9277      7.40    -15.10  1.00000
  9278      7.40    -15.05  1.00000
  9279      7.40    -15.00  1.00000
  9280      7.40    -14.95  1.00000
  9281      7.45    -20.70  1.00000
  9282      7.45    -20.65  1.00000
  9283      7.45    -20.60  1.00000
  9284      7.45    -20.55  1.00000
  9285      7.45    -20.50  1.00000
  9286      7.45    -20.45  1.00000
  9287      7.45    -20.40  1.00000
  9288      7.45    -20.35  1.00000
  9289      7.45    -20.30  1.00000
  9290      7.45    -20.25  1.00000
  9291      7.45    -20.20  1.00000
  9292      7.45    -20.15  1.00000
  9293      7.45    -20.10  1.00000
  9294      7.45    -20.05  1.00000
  9295      7.45    -20.00  1.00000
  9296      7.45    -19.95  1.00000
  9297      7.45    -19.90  1.00000
  9298      7.45    -19.85  1.00000
  9299      7.45    -19.80  1.00000
  9300      7.45    -19.75  1.00000
  9301      7.45    -19.70  1.00000
  9302      7.45    -19.65  1.00000
  9303      7.45    -19.60  1.00000
  9304      7.45    -19.55  1.00000
  9305      7.45    -19.50  1.00000
  9306      7.45    -19.45  1.00000
  9307      7.45    -19.40  1.00000
  9308      7.45    -19.35  1.00000
  9309      7.45    -19.30  1.00000
  9310      7.45    -19.25  1.00000
  9311      7.45    -19.20  1.00000
  9312      7.45    -19.15  1.00000
  9313      7.45    -19.10  1.00000
  9314      7.45    -19.05  1.00000
  9315      7.45    -19.00  1.00000
  9316      7.45    -18.95  1.00000
  9317      7.45    -18.90  1.00000
  9318      7.45    -18.85  1.00000
  9319      7.45    -18.80  1.00000
  9320      7.45    -18.75  1.00000
  9321      7.45    -18.70  1.00000
  9322      7.45    -18.65  1.00000
  9323      7.45    -18.60  1.00000
  9324      7.45    -18.55  1.00000
  9325      7.45    -18.50  1.00000
  9326      7.45    -18.45  1.00000
  9327      7.45    -18.40  1.00000
  9328      7.45    -18.35  1.00000
  9329      7.45    -18.30  1.00000
  9330      7.45    -18.25  1.00000
  9331      7.45    -18.20  1.00000
  9332      7.45    -18.15  1.00000
  9333      7.45    -18.10  1.00000
  9334      7.45    -18.05  1.00000
  9335      7.45    -18.00  1.00000
  9336      7.45    -17.95  1.00000
  9337      7.45    -17.90  1.00000
  9338      7.45    -17.85  1.00000
  9339      7.45    -17.80  1.00000
  9340      7.45    -17.75  1.00000
  9341      7.45    -17.70  1.00000
  9342      7.45    -17.65  1.00000
  9343      7.45    -17.60  1.00000
  9344      7.45    -17.55  1.00000
  9345      7.45    -17.50  1.00000
  9346      7.45    -17.45  1.00000
  9347      7.45    -17.40  1.00000
  9348      7.45    -17.35  1.00000
  9349      7.45    -17.30  1.00000
  9350      7.45    -17.25  1.00000
  9351      7.45    -17.20  1.00000
  9352      7.45    -17.15  1.00000
  9353      7.45    -17.10  1.00000
  9354      7.45    -17.05  1.00000
  9355      7.45    -17.00  1.00000
  9356      7.45    -16.95  1.00000
  9357      7.45    -16.90  1.00000
  9358      7.45    -16.85  1.00000
  9359      7.45    -16.80  1.00000
  9360      7.45    -16.75  1.00000
  9361      7.45    -16.70  1.00000
  9362      7.45    -16.65  1.00000
  9363      7.45    -16.60  1.00000
  9364      7.45    -16.55  1.00000
  9365      7.45    -16.50  1.00000
  9366      7.45    -16.45  1.00000
  9367      7.45    -16.40  1.00000
  9368      7.45    -16.35  1.00000
  9369      7.45    -16.30  1.00000
  9370      7.45    -16.25  1.00000
  9371      7.45    -16.20  1.00000
  9372      7.45    -16.15  1.00000
  9373      7.45    -16.10  1.00000
  9374      7.45    -16.05  1.00000
  9375      7.45    -16.00  1.00000
  9376      7.45    -15.95  1.00000
  9377      7.45    -15.90  1.00000
  9378      7.45    -15.85  1.00000
  9379      7.45    -15.80  1.00000
  9380      7.45    -15.75  1.00000
  9381      7.45    -15.70  1.00000
  9382      7.45    -15.65  1.00000
  9383      7.45    -15.60  1.00000
  9384      7.45    -15.55  1.00000
  9385      7.45    -15.50  1.00000
  9386      7.45    -15.45  1.00000
  9387      7.45    -15.40  1.00000
  9388      7.45    -15.35  1.00000
  9389      7.45    -15.30  1.00000
  9390      7.45    -15.25  1.00000
  9391      7.45    -15.20  1.00000
  9392      7.45    -15.15  1.00000
  9393      7.45    -15.10  1.00000
  9394      7.45    -15.05  1.00000
  9395      7.45    -15.00  1.00000
  9396      7.45    -14.95  1.00000
  9397      7.50    -20.70  1.00000
  9398      7.50    -20.65  1.00000
  9399      7.50    -20.60  1.00000
  9400      7.50    -20.55  1.00000
  9401      7.50    -20.50  1.00000
  9402      7.50    -20.45  1.00000
  9403      7.50    -20.40  1.00000
  9404      7.50    -20.35  1.00000
  9405      7.50    -20.30  1.00000
  9406      7.50    -20.25  1.00000
  9407      7.50    -20.20  1.00000
  9408      7.50    -20.15  1.00000
  9409      7.50    -20.10  1.00000
  9410      7.50    -20.05  1.00000
  9411      7.50    -20.00  1.00000
  9412      7.50    -19.95  1.00000
  9413      7.50    -19.90  1.00000
  9414      7.50    -19.85  1.00000
  9415      7.50    -19.80  1.00000
  9416      7.50    -19.75  1.00000
  9417      7.50    -19.70  1.00000
  9418      7.50    -19.65  1.00000
  9419      7.50    -19.60  1.00000
  9420      7.50    -19.55  1.00000
  9421      7.50    -19.50  1.00000
  9422      7.50    -19.45  1.00000
  9423      7.50    -19.40  1.00000
  9424      7.50    -19.35  1.00000
  9425      7.50    -19.30  1.00000
  9426      7.50    -19.25  1.00000
  9427      7.50    -19.20  1.00000
  9428      7.50    -19.15  1.00000
  9429      7.50    -19.10  1.00000
  9430      7.50    -19.05  1.00000
  9431      7.50    -19.00  1.00000
  9432      7.50    -18.95  1.00000
  9433      7.50    -18.90  1.00000
  9434      7.50    -18.85  1.00000
  9435      7.50    -18.80  1.00000
  9436      7.50    -18.75  1.00000
  9437      7.50    -18.70  1.00000
  9438      7.50    -18.65  1.00000
  9439      7.50    -18.60  1.00000
  9440      7.50    -18.55  1.00000
  9441      7.50    -18.50  1.00000
  9442      7.50    -18.45  1.00000
  9443      7.50    -18.40  1.00000
  9444      7.50    -18.35  1.00000
  9445      7.50    -18.30  1.00000
  9446      7.50    -18.25  1.00000
  9447      7.50    -18.20  1.00000
  9448      7.50    -18.15  1.00000
  9449      7.50    -18.10  1.00000
  9450      7.50    -18.05  1.00000
  9451      7.50    -18.00  1.00000
  9452      7.50    -17.95  1.00000
  9453      7.50    -17.90  1.00000
  9454      7.50    -17.85  1.00000
  9455      7.50    -17.80  1.00000
  9456      7.50    -17.75  1.00000
  9457      7.50    -17.70  1.00000
  9458      7.50    -17.65  1.00000
  9459      7.50    -17.60  1.00000
  9460      7.50    -17.55  1.00000
  9461      7.50    -17.50  1.00000
  9462      7.50    -17.45  1.00000
  9463      7.50    -17.40  1.00000
  9464      7.50    -17.35  1.00000
  9465      7.50    -17.30  1.00000
  9466      7.50    -17.25  1.00000
  9467      7.50    -17.20  1.00000
  9468      7.50    -17.15  1.00000
  9469      7.50    -17.10  1.00000
  9470      7.50    -17.05  1.00000
  9471      7.50    -17.00  1.00000
  9472      7.50    -16.95  1.00000
  9473      7.50    -16.90  1.00000
  9474      7.50    -16.85  1.00000
  9475      7.50    -16.80  1.00000
  9476      7.50    -16.75  1.00000
  9477      7.50    -16.70  1.00000
  9478      7.50    -16.65  1.00000
  9479      7.50    -16.60  1.00000
  9480      7.50    -16.55  1.00000
  9481      7.50    -16.50  1.00000
  9482      7.50    -16.45  1.00000
  9483      7.50    -16.40  1.00000
  9484      7.50    -16.35  1.00000
  9485      7.50    -16.30  1.00000
  9486      7.50    -16.25  1.00000
  9487      7.50    -16.20  1.00000
  9488      7.50    -16.15  1.00000
  9489      7.50    -16.10  1.00000
  9490      7.50    -16.05  1.00000
  9491      7.50    -16.00  1.00000
  9492      7.50    -15.95  1.00000
  9493      7.50    -15.90  1.00000
  9494      7.50    -15.85  1.00000
  9495      7.50    -15.80  1.00000
  9496      7.50    -15.75  1.00000
  9497      7.50    -15.70  1.00000
  9498      7.50    -15.65  1.00000
  9499      7.50    -15.60  1.00000
  9500      7.50    -15.55  1.00000
  9501      7.50    -15.50  1.00000
  9502      7.50    -15.45  1.00000
  9503      7.50    -15.40  1.00000
  9504      7.50    -15.35  1.00000
  9505      7.50    -15.30  1.00000
  9506      7.50    -15.25  1.00000
  9507      7.50    -15.20  1.00000
  9508      7.50    -15.15  1.00000
  9509      7.50    -15.10  1.00000
  9510      7.50    -15.05  1.00000
  9511      7.50    -15.00  1.00000
  9512      7.50    -14.95  1.00000
  9513      7.55    -20.70  1.00000
  9514      7.55    -20.65  1.00000
  9515      7.55    -20.60  1.00000
  9516      7.55    -20.55  1.00000
  9517      7.55    -20.50  1.00000
  9518      7.55    -20.45  1.00000
  9519      7.55    -20.40  1.00000
  9520      7.55    -20.35  1.00000
  9521      7.55    -20.30  1.00000
  9522      7.55    -20.25  1.00000
  9523      7.55    -20.20  1.00000
  9524      7.55    -20.15  1.00000
  9525      7.55    -20.10  1.00000
  9526      7.55    -20.05  1.00000
  9527      7.55    -20.00  1.00000
  9528      7.55    -19.95  1.00000
  9529      7.55    -19.90  1.00000
  9530      7.55    -19.85  1.00000
  9531      7.55    -19.80  1.00000
  9532      7.55    -19.75  1.00000
  9533      7.55    -19.70  1.00000
  9534      7.55    -19.65  1.00000
  9535      7.55    -19.60  1.00000
  9536      7.55    -19.55  1.00000
  9537      7.55    -19.50  1.00000
  9538      7.55    -19.45  1.00000
  9539      7.55    -19.40  1.00000
  9540      7.55    -19.35  1.00000
  9541      7.55    -19.30  1.00000
  9542      7.55    -19.25  1.00000
  9543      7.55    -19.20  1.00000
  9544      7.55    -19.15  1.00000
  9545      7.55    -19.10  1.00000
  9546      7.55    -19.05  1.00000
  9547      7.55    -19.00  1.00000
  9548      7.55    -18.95  1.00000
  9549      7.55    -18.90  1.00000
  9550      7.55    -18.85  1.00000
  9551      7.55    -18.80  1.00000
  9552      7.55    -18.75  1.00000
  9553      7.55    -18.70  1.00000
  9554      7.55    -18.65  1.00000
  9555      7.55    -18.60  1.00000
  9556      7.55    -18.55  1.00000
  9557      7.55    -18.50  1.00000
  9558      7.55    -18.45  1.00000
  9559      7.55    -18.40  1.00000
  9560      7.55    -18.35  1.00000
  9561      7.55    -18.30  1.00000
  9562      7.55    -18.25  1.00000
  9563      7.55    -18.20  1.00000
  9564      7.55    -18.15  1.00000
  9565      7.55    -18.10  1.00000
  9566      7.55    -18.05  1.00000
  9567      7.55    -18.00  1.00000
  9568      7.55    -17.95  1.00000
  9569      7.55    -17.90  1.00000
  9570      7.55    -17.85  1.00000
  9571      7.55    -17.80  1.00000
  9572      7.55    -17.75  1.00000
  9573      7.55    -17.70  1.00000
  9574      7.55    -17.65  1.00000
  9575      7.55    -17.60  1.00000
  9576      7.55    -17.55  1.00000
  9577      7.55    -17.50  1.00000
  9578      7.55    -17.45  1.00000
  9579      7.55    -17.40  1.00000
  9580      7.55    -17.35  1.00000
  9581      7.55    -17.30  1.00000
  9582      7.55    -17.25  1.00000
  9583      7.55    -17.20  1.00000
  9584      7.55    -17.15  1.00000
  9585      7.55    -17.10  1.00000
  9586      7.55    -17.05  1.00000
  9587      7.55    -17.00  1.00000
  9588      7.55    -16.95  1.00000
  9589      7.55    -16.90  1.00000
  9590      7.55    -16.85  1.00000
  9591      7.55    -16.80  1.00000
  9592      7.55    -16.75  1.00000
  9593      7.55    -16.70  1.00000
  9594      7.55    -16.65  1.00000
  9595      7.55    -16.60  1.00000
  9596      7.55    -16.55  1.00000
  9597      7.55    -16.50  1.00000
  9598      7.55    -16.45  1.00000
  9599      7.55    -16.40  1.00000
  9600      7.55    -16.35  1.00000
  9601      7.55    -16.30  1.00000
  9602      7.55    -16.25  1.00000
  9603      7.55    -16.20  1.00000
  9604      7.55    -16.15  1.00000
  9605      7.55    -16.10  1.00000
  9606      7.55    -16.05  1.00000
  9607      7.55    -16.00  1.00000
  9608      7.55    -15.95  1.00000
  9609      7.55    -15.90  1.00000
  9610      7.55    -15.85  1.00000
  9611      7.55    -15.80  1.00000
  9612      7.55    -15.75  1.00000
  9613      7.55    -15.70  1.00000
  9614      7.55    -15.65  1.00000
  9615      7.55    -15.60  1.00000
  9616      7.55    -15.55  1.00000
  9617      7.55    -15.50  1.00000
  9618      7.55    -15.45  1.00000
  9619      7.55    -15.40  1.00000
  9620      7.55    -15.35  1.00000
  9621      7.55    -15.30  1.00000
  9622      7.55    -15.25  1.00000
  9623      7.55    -15.20  1.00000
  9624      7.55    -15.15  1.00000
  9625      7.55    -15.10  1.00000
  9626      7.55    -15.05  1.00000
  9627      7.55    -15.00  1.00000
  9628      7.55    -14.95  1.00000
  9629      7.60    -20.70  1.00000
  9630      7.60    -20.65  1.00000
  9631      7.60    -20.60  1.00000
  9632      7.60    -20.55  1.00000
  9633      7.60    -20.50  1.00000
  9634      7.60    -20.45  1.00000
  9635      7.60    -20.40  1.00000
  9636      7.60    -20.35  1.00000
  9637      7.60    -20.30  1.00000
  9638      7.60    -20.25  1.00000
  9639      7.60    -20.20  1.00000
  9640      7.60    -20.15  1.00000
  9641      7.60    -20.10  1.00000
  9642      7.60    -20.05  1.00000
  9643      7.60    -20.00  1.00000
  9644      7.60    -19.95  1.00000
  9645      7.60    -19.90  1.00000
  9646      7.60    -19.85  1.00000
  9647      7.60    -19.80  1.00000
  9648      7.60    -19.75  1.00000
  9649      7.60    -19.70  1.00000
  9650      7.60    -19.65  1.00000
  9651      7.60    -19.60  1.00000
  9652      7.60    -19.55  1.00000
  9653      7.60    -19.50  1.00000
  9654      7.60    -19.45  1.00000
  9655      7.60    -19.40  1.00000
  9656      7.60    -19.35  1.00000
  9657      7.60    -19.30  1.00000
  9658      7.60    -19.25  1.00000
  9659      7.60    -19.20  1.00000
  9660      7.60    -19.15  1.00000
  9661      7.60    -19.10  1.00000
  9662      7.60    -19.05  1.00000
  9663      7.60    -19.00  1.00000
  9664      7.60    -18.95  1.00000
  9665      7.60    -18.90  1.00000
  9666      7.60    -18.85  1.00000
  9667      7.60    -18.80  1.00000
  9668      7.60    -18.75  1.00000
  9669      7.60    -18.70  1.00000
  9670      7.60    -18.65  1.00000
  9671      7.60    -18.60  1.00000
  9672      7.60    -18.55  1.00000
  9673      7.60    -18.50  1.00000
  9674      7.60    -18.45  1.00000
  9675      7.60    -18.40  1.00000
  9676      7.60    -18.35  1.00000
  9677      7.60    -18.30  1.00000
  9678      7.60    -18.25  1.00000
  9679      7.60    -18.20  1.00000
  9680      7.60    -18.15  1.00000
  9681      7.60    -18.10  1.00000
  9682      7.60    -18.05  1.00000
  9683      7.60    -18.00  1.00000
  9684      7.60    -17.95  1.00000
  9685      7.60    -17.90  1.00000
  9686      7.60    -17.85  1.00000
  9687      7.60    -17.80  1.00000
  9688      7.60    -17.75  1.00000
  9689      7.60    -17.70  1.00000
  9690      7.60    -17.65  1.00000
  9691      7.60    -17.60  1.00000
  9692      7.60    -17.55  1.00000
  9693      7.60    -17.50  1.00000
  9694      7.60    -17.45  1.00000
  9695      7.60    -17.40  1.00000
  9696      7.60    -17.35  1.00000
  9697      7.60    -17.30  1.00000
  9698      7.60    -17.25  1.00000
  9699      7.60    -17.20  1.00000
  9700      7.60    -17.15  1.00000
  9701      7.60    -17.10  1.00000
  9702      7.60    -17.05  1.00000
  9703      7.60    -17.00  1.00000
  9704      7.60    -16.95  1.00000
  9705      7.60    -16.90  1.00000
  9706      7.60    -16.85  1.00000
  9707      7.60    -16.80  1.00000
  9708      7.60    -16.75  1.00000
  9709      7.60    -16.70  1.00000
  9710      7.60    -16.65  1.00000
  9711      7.60    -16.60  1.00000
  9712      7.60    -16.55  1.00000
  9713      7.60    -16.50  1.00000
  9714      7.60    -16.45  1.00000
  9715      7.60    -16.40  1.00000
  9716      7.60    -16.35  1.00000
  9717      7.60    -16.30  1.00000
  9718      7.60    -16.25  1.00000
  9719      7.60    -16.20  1.00000
  9720      7.60    -16.15  1.00000
  9721      7.60    -16.10  1.00000
  9722      7.60    -16.05  1.00000
  9723      7.60    -16.00  1.00000
  9724      7.60    -15.95  1.00000
  9725      7.60    -15.90  1.00000
  9726      7.60    -15.85  1.00000
  9727      7.60    -15.80  1.00000
  9728      7.60    -15.75  1.00000
  9729      7.60    -15.70  1.00000
  9730      7.60    -15.65  1.00000
  9731      7.60    -15.60  1.00000
  9732      7.60    -15.55  1.00000
  9733      7.60    -15.50  1.00000
  9734      7.60    -15.45  1.00000
  9735      7.60    -15.40  1.00000
  9736      7.60    -15.35  1.00000
  9737      7.60    -15.30  1.00000
  9738      7.60    -15.25  1.00000
  9739      7.60    -15.20  1.00000
  9740      7.60    -15.15  1.00000
  9741      7.60    -15.10  1.00000
  9742      7.60    -15.05  1.00000
  9743      7.60    -15.00  1.00000
  9744      7.60    -14.95  1.00000
  9745      7.65    -20.70  1.00000
  9746      7.65    -20.65  1.00000
  9747      7.65    -20.60  1.00000
  9748      7.65    -20.55  1.00000
  9749      7.65    -20.50  1.00000
  9750      7.65    -20.45  1.00000
  9751      7.65    -20.40  1.00000
  9752      7.65    -20.35  1.00000
  9753      7.65    -20.30  1.00000
  9754      7.65    -20.25  1.00000
  9755      7.65    -20.20  1.00000
  9756      7.65    -20.15  1.00000
  9757      7.65    -20.10  1.00000
  9758      7.65    -20.05  1.00000
  9759      7.65    -20.00  1.00000
  9760      7.65    -19.95  1.00000
  9761      7.65    -19.90  1.00000
  9762      7.65    -19.85  1.00000
  9763      7.65    -19.80  1.00000
  9764      7.65    -19.75  1.00000
  9765      7.65    -19.70  1.00000
  9766      7.65    -19.65  1.00000
  9767      7.65    -19.60  1.00000
  9768      7.65    -19.55  1.00000
  9769      7.65    -19.50  1.00000
  9770      7.65    -19.45  1.00000
  9771      7.65    -19.40  1.00000
  9772      7.65    -19.35  1.00000
  9773      7.65    -19.30  1.00000
  9774      7.65    -19.25  1.00000
  9775      7.65    -19.20  1.00000
  9776      7.65    -19.15  1.00000
  9777      7.65    -19.10  1.00000
  9778      7.65    -19.05  1.00000
  9779      7.65    -19.00  1.00000
  9780      7.65    -18.95  1.00000
  9781      7.65    -18.90  1.00000
  9782      7.65    -18.85  1.00000
  9783      7.65    -18.80  1.00000
  9784      7.65    -18.75  1.00000
  9785      7.65    -18.70  1.00000
  9786      7.65    -18.65  1.00000
  9787      7.65    -18.60  1.00000
  9788      7.65    -18.55  1.00000
  9789      7.65    -18.50  1.00000
  9790      7.65    -18.45  1.00000
  9791      7.65    -18.40  1.00000
  9792      7.65    -18.35  1.00000
  9793      7.65    -18.30  1.00000
  9794      7.65    -18.25  1.00000
  9795      7.65    -18.20  1.00000
  9796      7.65    -18.15  1.00000
  9797      7.65    -18.10  1.00000
  9798      7.65    -18.05  1.00000
  9799      7.65    -18.00  1.00000
  9800      7.65    -17.95  1.00000
  9801      7.65    -17.90  1.00000
  9802      7.65    -17.85  1.00000
  9803      7.65    -17.80  1.00000
  9804      7.65    -17.75  1.00000
  9805      7.65    -17.70  1.00000
  9806      7.65    -17.65  1.00000
  9807      7.65    -17.60  1.00000
  9808      7.65    -17.55  1.00000
  9809      7.65    -17.50  1.00000
  9810      7.65    -17.45  1.00000
  9811      7.65    -17.40  1.00000
  9812      7.65    -17.35  1.00000
  9813      7.65    -17.30  1.00000
  9814      7.65    -17.25  1.00000
  9815      7.65    -17.20  1.00000
  9816      7.65    -17.15  1.00000
  9817      7.65    -17.10  1.00000
  9818      7.65    -17.05  1.00000
  9819      7.65    -17.00  1.00000
  9820      7.65    -16.95  1.00000
  9821      7.65    -16.90  1.00000
  9822      7.65    -16.85  1.00000
  9823      7.65    -16.80  1.00000
  9824      7.65    -16.75  1.00000
  9825      7.65    -16.70  1.00000
  9826      7.65    -16.65  1.00000
  9827      7.65    -16.60  1.00000
  9828      7.65    -16.55  1.00000
  9829      7.65    -16.50  1.00000
  9830      7.65    -16.45  1.00000
  9831      7.65    -16.40  1.00000
  9832      7.65    -16.35  1.00000
  9833      7.65    -16.30  1.00000
  9834      7.65    -16.25  1.00000
  9835      7.65    -16.20  1.00000
  9836      7.65    -16.15  1.00000
  9837      7.65    -16.10  1.00000
  9838      7.65    -16.05  1.00000
  9839      7.65    -16.00  1.00000
  9840      7.65    -15.95  1.00000
  9841      7.65    -15.90  1.00000
  9842      7.65    -15.85  1.00000
  9843      7.65    -15.80  1.00000
  9844      7.65    -15.75  1.00000
  9845      7.65    -15.70  1.00000
  9846      7.65    -15.65  1.00000
  9847      7.65    -15.60  1.00000
  9848      7.65    -15.55  1.00000
  9849      7.65    -15.50  1.00000
  9850      7.65    -15.45  1.00000
  9851      7.65    -15.40  1.00000
  9852      7.65    -15.35  1.00000
  9853      7.65    -15.30  1.00000
  9854      7.65    -15.25  1.00000
  9855      7.65    -15.20  1.00000
  9856      7.65    -15.15  1.00000
  9857      7.65    -15.10  1.00000
  9858      7.65    -15.05  1.00000
  9859      7.65    -15.00  1.00000
  9860      7.65    -14.95  1.00000
  9861      7.70    -20.70  1.00000
  9862      7.70    -20.65  1.00000
  9863      7.70    -20.60  1.00000
  9864      7.70    -20.55  1.00000
  9865      7.70    -20.50  1.00000
  9866      7.70    -20.45  1.00000
  9867      7.70    -20.40  1.00000
  9868      7.70    -20.35  1.00000
  9869      7.70    -20.30  1.00000
  9870      7.70    -20.25  1.00000
  9871      7.70    -20.20  1.00000
  9872      7.70    -20.15  1.00000
  9873      7.70    -20.10  1.00000
  9874      7.70    -20.05  1.00000
  9875      7.70    -20.00  1.00000
  9876      7.70    -19.95  1.00000
  9877      7.70    -19.90  1.00000
  9878      7.70    -19.85  1.00000
  9879      7.70    -19.80  1.00000
  9880      7.70    -19.75  1.00000
  9881      7.70    -19.70  1.00000
  9882      7.70    -19.65  1.00000
  9883      7.70    -19.60  1.00000
  9884      7.70    -19.55  1.00000
  9885      7.70    -19.50  1.00000
  9886      7.70    -19.45  1.00000
  9887      7.70    -19.40  1.00000
  9888      7.70    -19.35  1.00000
  9889      7.70    -19.30  1.00000
  9890      7.70    -19.25  1.00000
  9891      7.70    -19.20  1.00000
  9892      7.70    -19.15  1.00000
  9893      7.70    -19.10  1.00000
  9894      7.70    -19.05  1.00000
  9895      7.70    -19.00  1.00000
  9896      7.70    -18.95  1.00000
  9897      7.70    -18.90  1.00000
  9898      7.70    -18.85  1.00000
  9899      7.70    -18.80  1.00000
  9900      7.70    -18.75  1.00000
  9901      7.70    -18.70  1.00000
  9902      7.70    -18.65  1.00000
  9903      7.70    -18.60  1.00000
  9904      7.70    -18.55  1.00000
  9905      7.70    -18.50  1.00000
  9906      7.70    -18.45  1.00000
  9907      7.70    -18.40  1.00000
  9908      7.70    -18.35  1.00000
  9909      7.70    -18.30  1.00000
  9910      7.70    -18.25  1.00000
  9911      7.70    -18.20  1.00000
  9912      7.70    -18.15  1.00000
  9913      7.70    -18.10  1.00000
  9914      7.70    -18.05  1.00000
  9915      7.70    -18.00  1.00000
  9916      7.70    -17.95  1.00000
  9917      7.70    -17.90  1.00000
  9918      7.70    -17.85  1.00000
  9919      7.70    -17.80  1.00000
  9920      7.70    -17.75  1.00000
  9921      7.70    -17.70  1.00000
  9922      7.70    -17.65  1.00000
  9923      7.70    -17.60  1.00000
  9924      7.70    -17.55  1.00000
  9925      7.70    -17.50  1.00000
  9926      7.70    -17.45  1.00000
  9927      7.70    -17.40  1.00000
  9928      7.70    -17.35  1.00000
  9929      7.70    -17.30  1.00000
  9930      7.70    -17.25  1.00000
  9931      7.70    -17.20  1.00000
  9932      7.70    -17.15  1.00000
  9933      7.70    -17.10  1.00000
  9934      7.70    -17.05  1.00000
  9935      7.70    -17.00  1.00000
  9936      7.70    -16.95  1.00000
  9937      7.70    -16.90  1.00000
  9938      7.70    -16.85  1.00000
  9939      7.70    -16.80  1.00000
  9940      7.70    -16.75  1.00000
  9941      7.70    -16.70  1.00000
  9942      7.70    -16.65  1.00000
  9943      7.70    -16.60  1.00000
  9944      7.70    -16.55  1.00000
  9945      7.70    -16.50  1.00000
  9946      7.70    -16.45  1.00000
  9947      7.70    -16.40  1.00000
  9948      7.70    -16.35  1.00000
  9949      7.70    -16.30  1.00000
  9950      7.70    -16.25  1.00000
  9951      7.70    -16.20  1.00000
  9952      7.70    -16.15  1.00000
  9953      7.70    -16.10  1.00000
  9954      7.70    -16.05  1.00000
  9955      7.70    -16.00  1.00000
  9956      7.70    -15.95  1.00000
  9957      7.70    -15.90  1.00000
  9958      7.70    -15.85  1.00000
  9959      7.70    -15.80  1.00000
  9960      7.70    -15.75  1.00000
  9961      7.70    -15.70  1.00000
  9962      7.70    -15.65  1.00000
  9963      7.70    -15.60  1.00000
  9964      7.70    -15.55  1.00000
  9965      7.70    -15.50  1.00000
  9966      7.70    -15.45  1.00000
  9967      7.70    -15.40  1.00000
  9968      7.70    -15.35  1.00000
  9969      7.70    -15.30  1.00000
  9970      7.70    -15.25  1.00000
  9971      7.70    -15.20  1.00000
  9972      7.70    -15.15  1.00000
  9973      7.70    -15.10  1.00000
  9974      7.70    -15.05  1.00000
  9975      7.70    -15.00  1.00000
  9976      7.70    -14.95  1.00000
  9977      7.75    -20.70  1.00000
  9978      7.75    -20.65  1.00000
  9979      7.75    -20.60  1.00000
  9980      7.75    -20.55  1.00000
  9981      7.75    -20.50  1.00000
  9982      7.75    -20.45  1.00000
  9983      7.75    -20.40  1.00000
  9984      7.75    -20.35  1.00000
  9985      7.75    -20.30  1.00000
  9986      7.75    -20.25  1.00000
  9987      7.75    -20.20  1.00000
  9988      7.75    -20.15  1.00000
  9989      7.75    -20.10  1.00000
  9990      7.75    -20.05  1.00000
  9991      7.75    -20.00  1.00000
  9992      7.75    -19.95  1.00000
  9993      7.75    -19.90  1.00000
  9994      7.75    -19.85  1.00000
  9995      7.75    -19.80  1.00000
  9996      7.75    -19.75  1.00000
  9997      7.75    -19.70  1.00000
  9998      7.75    -19.65  1.00000
  9999      7.75    -19.60  1.00000
  10000     7.75    -19.55  1.00000
  10001     7.75    -19.50  1.00000
  10002     7.75    -19.45  1.00000
  10003     7.75    -19.40  1.00000
  10004     7.75    -19.35  1.00000
  10005     7.75    -19.30  1.00000
  10006     7.75    -19.25  1.00000
  10007     7.75    -19.20  1.00000
  10008     7.75    -19.15  1.00000
  10009     7.75    -19.10  1.00000
  10010     7.75    -19.05  1.00000
  10011     7.75    -19.00  1.00000
  10012     7.75    -18.95  1.00000
  10013     7.75    -18.90  1.00000
  10014     7.75    -18.85  1.00000
  10015     7.75    -18.80  1.00000
  10016     7.75    -18.75  1.00000
  10017     7.75    -18.70  1.00000
  10018     7.75    -18.65  1.00000
  10019     7.75    -18.60  1.00000
  10020     7.75    -18.55  1.00000
  10021     7.75    -18.50  1.00000
  10022     7.75    -18.45  1.00000
  10023     7.75    -18.40  1.00000
  10024     7.75    -18.35  1.00000
  10025     7.75    -18.30  1.00000
  10026     7.75    -18.25  1.00000
  10027     7.75    -18.20  1.00000
  10028     7.75    -18.15  1.00000
  10029     7.75    -18.10  1.00000
  10030     7.75    -18.05  1.00000
  10031     7.75    -18.00  1.00000
  10032     7.75    -17.95  1.00000
  10033     7.75    -17.90  1.00000
  10034     7.75    -17.85  1.00000
  10035     7.75    -17.80  1.00000
  10036     7.75    -17.75  1.00000
  10037     7.75    -17.70  1.00000
  10038     7.75    -17.65  1.00000
  10039     7.75    -17.60  1.00000
  10040     7.75    -17.55  1.00000
  10041     7.75    -17.50  1.00000
  10042     7.75    -17.45  1.00000
  10043     7.75    -17.40  1.00000
  10044     7.75    -17.35  1.00000
  10045     7.75    -17.30  1.00000
  10046     7.75    -17.25  1.00000
  10047     7.75    -17.20  1.00000
  10048     7.75    -17.15  1.00000
  10049     7.75    -17.10  1.00000
  10050     7.75    -17.05  1.00000
  10051     7.75    -17.00  1.00000
  10052     7.75    -16.95  1.00000
  10053     7.75    -16.90  1.00000
  10054     7.75    -16.85  1.00000
  10055     7.75    -16.80  1.00000
  10056     7.75    -16.75  1.00000
  10057     7.75    -16.70  1.00000
  10058     7.75    -16.65  1.00000
  10059     7.75    -16.60  1.00000
  10060     7.75    -16.55  1.00000
  10061     7.75    -16.50  1.00000
  10062     7.75    -16.45  1.00000
  10063     7.75    -16.40  1.00000
  10064     7.75    -16.35  1.00000
  10065     7.75    -16.30  1.00000
  10066     7.75    -16.25  1.00000
  10067     7.75    -16.20  1.00000
  10068     7.75    -16.15  1.00000
  10069     7.75    -16.10  1.00000
  10070     7.75    -16.05  1.00000
  10071     7.75    -16.00  1.00000
  10072     7.75    -15.95  1.00000
  10073     7.75    -15.90  1.00000
  10074     7.75    -15.85  1.00000
  10075     7.75    -15.80  1.00000
  10076     7.75    -15.75  1.00000
  10077     7.75    -15.70  1.00000
  10078     7.75    -15.65  1.00000
  10079     7.75    -15.60  1.00000
  10080     7.75    -15.55  1.00000
  10081     7.75    -15.50  1.00000
  10082     7.75    -15.45  1.00000
  10083     7.75    -15.40  1.00000
  10084     7.75    -15.35  1.00000
  10085     7.75    -15.30  1.00000
  10086     7.75    -15.25  1.00000
  10087     7.75    -15.20  1.00000
  10088     7.75    -15.15  1.00000
  10089     7.75    -15.10  1.00000
  10090     7.75    -15.05  1.00000
  10091     7.75    -15.00  1.00000
  10092     7.75    -14.95  1.00000
  10093     7.80    -20.70  1.00000
  10094     7.80    -20.65  1.00000
  10095     7.80    -20.60  1.00000
  10096     7.80    -20.55  1.00000
  10097     7.80    -20.50  1.00000
  10098     7.80    -20.45  1.00000
  10099     7.80    -20.40  1.00000
  10100     7.80    -20.35  1.00000
  10101     7.80    -20.30  1.00000
  10102     7.80    -20.25  1.00000
  10103     7.80    -20.20  1.00000
  10104     7.80    -20.15  1.00000
  10105     7.80    -20.10  1.00000
  10106     7.80    -20.05  1.00000
  10107     7.80    -20.00  1.00000
  10108     7.80    -19.95  1.00000
  10109     7.80    -19.90  1.00000
  10110     7.80    -19.85  1.00000
  10111     7.80    -19.80  1.00000
  10112     7.80    -19.75  1.00000
  10113     7.80    -19.70  1.00000
  10114     7.80    -19.65  1.00000
  10115     7.80    -19.60  1.00000
  10116     7.80    -19.55  1.00000
  10117     7.80    -19.50  1.00000
  10118     7.80    -19.45  1.00000
  10119     7.80    -19.40  1.00000
  10120     7.80    -19.35  1.00000
  10121     7.80    -19.30  1.00000
  10122     7.80    -19.25  1.00000
  10123     7.80    -19.20  1.00000
  10124     7.80    -19.15  1.00000
  10125     7.80    -19.10  1.00000
  10126     7.80    -19.05  1.00000
  10127     7.80    -19.00  1.00000
  10128     7.80    -18.95  1.00000
  10129     7.80    -18.90  1.00000
  10130     7.80    -18.85  1.00000
  10131     7.80    -18.80  1.00000
  10132     7.80    -18.75  1.00000
  10133     7.80    -18.70  1.00000
  10134     7.80    -18.65  1.00000
  10135     7.80    -18.60  1.00000
  10136     7.80    -18.55  1.00000
  10137     7.80    -18.50  1.00000
  10138     7.80    -18.45  1.00000
  10139     7.80    -18.40  1.00000
  10140     7.80    -18.35  1.00000
  10141     7.80    -18.30  1.00000
  10142     7.80    -18.25  1.00000
  10143     7.80    -18.20  1.00000
  10144     7.80    -18.15  1.00000
  10145     7.80    -18.10  1.00000
  10146     7.80    -18.05  1.00000
  10147     7.80    -18.00  1.00000
  10148     7.80    -17.95  1.00000
  10149     7.80    -17.90  1.00000
  10150     7.80    -17.85  1.00000
  10151     7.80    -17.80  1.00000
  10152     7.80    -17.75  1.00000
  10153     7.80    -17.70  1.00000
  10154     7.80    -17.65  1.00000
  10155     7.80    -17.60  1.00000
  10156     7.80    -17.55  1.00000
  10157     7.80    -17.50  1.00000
  10158     7.80    -17.45  1.00000
  10159     7.80    -17.40  1.00000
  10160     7.80    -17.35  1.00000
  10161     7.80    -17.30  1.00000
  10162     7.80    -17.25  1.00000
  10163     7.80    -17.20  1.00000
  10164     7.80    -17.15  1.00000
  10165     7.80    -17.10  1.00000
  10166     7.80    -17.05  1.00000
  10167     7.80    -17.00  1.00000
  10168     7.80    -16.95  1.00000
  10169     7.80    -16.90  1.00000
  10170     7.80    -16.85  1.00000
  10171     7.80    -16.80  1.00000
  10172     7.80    -16.75  1.00000
  10173     7.80    -16.70  1.00000
  10174     7.80    -16.65  1.00000
  10175     7.80    -16.60  1.00000
  10176     7.80    -16.55  1.00000
  10177     7.80    -16.50  1.00000
  10178     7.80    -16.45  1.00000
  10179     7.80    -16.40  1.00000
  10180     7.80    -16.35  1.00000
  10181     7.80    -16.30  1.00000
  10182     7.80    -16.25  1.00000
  10183     7.80    -16.20  1.00000
  10184     7.80    -16.15  1.00000
  10185     7.80    -16.10  1.00000
  10186     7.80    -16.05  1.00000
  10187     7.80    -16.00  1.00000
  10188     7.80    -15.95  1.00000
  10189     7.80    -15.90  1.00000
  10190     7.80    -15.85  1.00000
  10191     7.80    -15.80  1.00000
  10192     7.80    -15.75  1.00000
  10193     7.80    -15.70  1.00000
  10194     7.80    -15.65  1.00000
  10195     7.80    -15.60  1.00000
  10196     7.80    -15.55  1.00000
  10197     7.80    -15.50  1.00000
  10198     7.80    -15.45  1.00000
  10199     7.80    -15.40  1.00000
  10200     7.80    -15.35  1.00000
  10201     7.80    -15.30  1.00000
  10202     7.80    -15.25  1.00000
  10203     7.80    -15.20  1.00000
  10204     7.80    -15.15  1.00000
  10205     7.80    -15.10  1.00000
  10206     7.80    -15.05  1.00000
  10207     7.80    -15.00  1.00000
  10208     7.80    -14.95  1.00000
  10209     7.85    -20.70  1.00000
  10210     7.85    -20.65  1.00000
  10211     7.85    -20.60  1.00000
  10212     7.85    -20.55  1.00000
  10213     7.85    -20.50  1.00000
  10214     7.85    -20.45  1.00000
  10215     7.85    -20.40  1.00000
  10216     7.85    -20.35  1.00000
  10217     7.85    -20.30  1.00000
  10218     7.85    -20.25  1.00000
  10219     7.85    -20.20  1.00000
  10220     7.85    -20.15  1.00000
  10221     7.85    -20.10  1.00000
  10222     7.85    -20.05  1.00000
  10223     7.85    -20.00  1.00000
  10224     7.85    -19.95  1.00000
  10225     7.85    -19.90  1.00000
  10226     7.85    -19.85  1.00000
  10227     7.85    -19.80  1.00000
  10228     7.85    -19.75  1.00000
  10229     7.85    -19.70  1.00000
  10230     7.85    -19.65  1.00000
  10231     7.85    -19.60  1.00000
  10232     7.85    -19.55  1.00000
  10233     7.85    -19.50  1.00000
  10234     7.85    -19.45  1.00000
  10235     7.85    -19.40  1.00000
  10236     7.85    -19.35  1.00000
  10237     7.85    -19.30  1.00000
  10238     7.85    -19.25  1.00000
  10239     7.85    -19.20  1.00000
  10240     7.85    -19.15  1.00000
  10241     7.85    -19.10  1.00000
  10242     7.85    -19.05  1.00000
  10243     7.85    -19.00  1.00000
  10244     7.85    -18.95  1.00000
  10245     7.85    -18.90  1.00000
  10246     7.85    -18.85  1.00000
  10247     7.85    -18.80  1.00000
  10248     7.85    -18.75  1.00000
  10249     7.85    -18.70  1.00000
  10250     7.85    -18.65  1.00000
  10251     7.85    -18.60  1.00000
  10252     7.85    -18.55  1.00000
  10253     7.85    -18.50  1.00000
  10254     7.85    -18.45  1.00000
  10255     7.85    -18.40  1.00000
  10256     7.85    -18.35  1.00000
  10257     7.85    -18.30  1.00000
  10258     7.85    -18.25  1.00000
  10259     7.85    -18.20  1.00000
  10260     7.85    -18.15  1.00000
  10261     7.85    -18.10  1.00000
  10262     7.85    -18.05  1.00000
  10263     7.85    -18.00  1.00000
  10264     7.85    -17.95  1.00000
  10265     7.85    -17.90  1.00000
  10266     7.85    -17.85  1.00000
  10267     7.85    -17.80  1.00000
  10268     7.85    -17.75  1.00000
  10269     7.85    -17.70  1.00000
  10270     7.85    -17.65  1.00000
  10271     7.85    -17.60  1.00000
  10272     7.85    -17.55  1.00000
  10273     7.85    -17.50  1.00000
  10274     7.85    -17.45  1.00000
  10275     7.85    -17.40  1.00000
  10276     7.85    -17.35  1.00000
  10277     7.85    -17.30  1.00000
  10278     7.85    -17.25  1.00000
  10279     7.85    -17.20  1.00000
  10280     7.85    -17.15  1.00000
  10281     7.85    -17.10  1.00000
  10282     7.85    -17.05  1.00000
  10283     7.85    -17.00  1.00000
  10284     7.85    -16.95  1.00000
  10285     7.85    -16.90  1.00000
  10286     7.85    -16.85  1.00000
  10287     7.85    -16.80  1.00000
  10288     7.85    -16.75  1.00000
  10289     7.85    -16.70  1.00000
  10290     7.85    -16.65  1.00000
  10291     7.85    -16.60  1.00000
  10292     7.85    -16.55  1.00000
  10293     7.85    -16.50  1.00000
  10294     7.85    -16.45  1.00000
  10295     7.85    -16.40  1.00000
  10296     7.85    -16.35  1.00000
  10297     7.85    -16.30  1.00000
  10298     7.85    -16.25  1.00000
  10299     7.85    -16.20  1.00000
  10300     7.85    -16.15  1.00000
  10301     7.85    -16.10  1.00000
  10302     7.85    -16.05  1.00000
  10303     7.85    -16.00  1.00000
  10304     7.85    -15.95  1.00000
  10305     7.85    -15.90  1.00000
  10306     7.85    -15.85  1.00000
  10307     7.85    -15.80  1.00000
  10308     7.85    -15.75  1.00000
  10309     7.85    -15.70  1.00000
  10310     7.85    -15.65  1.00000
  10311     7.85    -15.60  1.00000
  10312     7.85    -15.55  1.00000
  10313     7.85    -15.50  1.00000
  10314     7.85    -15.45  1.00000
  10315     7.85    -15.40  1.00000
  10316     7.85    -15.35  1.00000
  10317     7.85    -15.30  1.00000
  10318     7.85    -15.25  1.00000
  10319     7.85    -15.20  1.00000
  10320     7.85    -15.15  1.00000
  10321     7.85    -15.10  1.00000
  10322     7.85    -15.05  1.00000
  10323     7.85    -15.00  1.00000
  10324     7.85    -14.95  1.00000
  10325     7.90    -20.70  1.00000
  10326     7.90    -20.65  1.00000
  10327     7.90    -20.60  1.00000
  10328     7.90    -20.55  1.00000
  10329     7.90    -20.50  1.00000
  10330     7.90    -20.45  1.00000
  10331     7.90    -20.40  1.00000
  10332     7.90    -20.35  1.00000
  10333     7.90    -20.30  1.00000
  10334     7.90    -20.25  1.00000
  10335     7.90    -20.20  1.00000
  10336     7.90    -20.15  1.00000
  10337     7.90    -20.10  1.00000
  10338     7.90    -20.05  1.00000
  10339     7.90    -20.00  1.00000
  10340     7.90    -19.95  1.00000
  10341     7.90    -19.90  1.00000
  10342     7.90    -19.85  1.00000
  10343     7.90    -19.80  1.00000
  10344     7.90    -19.75  1.00000
  10345     7.90    -19.70  1.00000
  10346     7.90    -19.65  1.00000
  10347     7.90    -19.60  1.00000
  10348     7.90    -19.55  1.00000
  10349     7.90    -19.50  1.00000
  10350     7.90    -19.45  1.00000
  10351     7.90    -19.40  1.00000
  10352     7.90    -19.35  1.00000
  10353     7.90    -19.30  1.00000
  10354     7.90    -19.25  1.00000
  10355     7.90    -19.20  1.00000
  10356     7.90    -19.15  1.00000
  10357     7.90    -19.10  1.00000
  10358     7.90    -19.05  1.00000
  10359     7.90    -19.00  1.00000
  10360     7.90    -18.95  1.00000
  10361     7.90    -18.90  1.00000
  10362     7.90    -18.85  1.00000
  10363     7.90    -18.80  1.00000
  10364     7.90    -18.75  1.00000
  10365     7.90    -18.70  1.00000
  10366     7.90    -18.65  1.00000
  10367     7.90    -18.60  1.00000
  10368     7.90    -18.55  1.00000
  10369     7.90    -18.50  1.00000
  10370     7.90    -18.45  1.00000
  10371     7.90    -18.40  1.00000
  10372     7.90    -18.35  1.00000
  10373     7.90    -18.30  1.00000
  10374     7.90    -18.25  1.00000
  10375     7.90    -18.20  1.00000
  10376     7.90    -18.15  1.00000
  10377     7.90    -18.10  1.00000
  10378     7.90    -18.05  1.00000
  10379     7.90    -18.00  1.00000
  10380     7.90    -17.95  1.00000
  10381     7.90    -17.90  1.00000
  10382     7.90    -17.85  1.00000
  10383     7.90    -17.80  1.00000
  10384     7.90    -17.75  1.00000
  10385     7.90    -17.70  1.00000
  10386     7.90    -17.65  1.00000
  10387     7.90    -17.60  1.00000
  10388     7.90    -17.55  1.00000
  10389     7.90    -17.50  1.00000
  10390     7.90    -17.45  1.00000
  10391     7.90    -17.40  1.00000
  10392     7.90    -17.35  1.00000
  10393     7.90    -17.30  1.00000
  10394     7.90    -17.25  1.00000
  10395     7.90    -17.20  1.00000
  10396     7.90    -17.15  1.00000
  10397     7.90    -17.10  1.00000
  10398     7.90    -17.05  1.00000
  10399     7.90    -17.00  1.00000
  10400     7.90    -16.95  1.00000
  10401     7.90    -16.90  1.00000
  10402     7.90    -16.85  1.00000
  10403     7.90    -16.80  1.00000
  10404     7.90    -16.75  1.00000
  10405     7.90    -16.70  1.00000
  10406     7.90    -16.65  1.00000
  10407     7.90    -16.60  1.00000
  10408     7.90    -16.55  1.00000
  10409     7.90    -16.50  1.00000
  10410     7.90    -16.45  1.00000
  10411     7.90    -16.40  1.00000
  10412     7.90    -16.35  1.00000
  10413     7.90    -16.30  1.00000
  10414     7.90    -16.25  1.00000
  10415     7.90    -16.20  1.00000
  10416     7.90    -16.15  1.00000
  10417     7.90    -16.10  1.00000
  10418     7.90    -16.05  1.00000
  10419     7.90    -16.00  1.00000
  10420     7.90    -15.95  1.00000
  10421     7.90    -15.90  1.00000
  10422     7.90    -15.85  1.00000
  10423     7.90    -15.80  1.00000
  10424     7.90    -15.75  1.00000
  10425     7.90    -15.70  1.00000
  10426     7.90    -15.65  1.00000
  10427     7.90    -15.60  1.00000
  10428     7.90    -15.55  1.00000
  10429     7.90    -15.50  1.00000
  10430     7.90    -15.45  1.00000
  10431     7.90    -15.40  1.00000
  10432     7.90    -15.35  1.00000
  10433     7.90    -15.30  1.00000
  10434     7.90    -15.25  1.00000
  10435     7.90    -15.20  1.00000
  10436     7.90    -15.15  1.00000
  10437     7.90    -15.10  1.00000
  10438     7.90    -15.05  1.00000
  10439     7.90    -15.00  1.00000
  10440     7.90    -14.95  1.00000
  10441     7.95    -20.70  1.00000
  10442     7.95    -20.65  1.00000
  10443     7.95    -20.60  1.00000
  10444     7.95    -20.55  1.00000
  10445     7.95    -20.50  1.00000
  10446     7.95    -20.45  1.00000
  10447     7.95    -20.40  1.00000
  10448     7.95    -20.35  1.00000
  10449     7.95    -20.30  1.00000
  10450     7.95    -20.25  1.00000
  10451     7.95    -20.20  1.00000
  10452     7.95    -20.15  1.00000
  10453     7.95    -20.10  1.00000
  10454     7.95    -20.05  1.00000
  10455     7.95    -20.00  1.00000
  10456     7.95    -19.95  1.00000
  10457     7.95    -19.90  1.00000
  10458     7.95    -19.85  1.00000
  10459     7.95    -19.80  1.00000
  10460     7.95    -19.75  1.00000
  10461     7.95    -19.70  1.00000
  10462     7.95    -19.65  1.00000
  10463     7.95    -19.60  1.00000
  10464     7.95    -19.55  1.00000
  10465     7.95    -19.50  1.00000
  10466     7.95    -19.45  1.00000
  10467     7.95    -19.40  1.00000
  10468     7.95    -19.35  1.00000
  10469     7.95    -19.30  1.00000
  10470     7.95    -19.25  1.00000
  10471     7.95    -19.20  1.00000
  10472     7.95    -19.15  1.00000
  10473     7.95    -19.10  1.00000
  10474     7.95    -19.05  1.00000
  10475     7.95    -19.00  1.00000
  10476     7.95    -18.95  1.00000
  10477     7.95    -18.90  1.00000
  10478     7.95    -18.85  1.00000
  10479     7.95    -18.80  1.00000
  10480     7.95    -18.75  1.00000
  10481     7.95    -18.70  1.00000
  10482     7.95    -18.65  1.00000
  10483     7.95    -18.60  1.00000
  10484     7.95    -18.55  1.00000
  10485     7.95    -18.50  1.00000
  10486     7.95    -18.45  1.00000
  10487     7.95    -18.40  1.00000
  10488     7.95    -18.35  1.00000
  10489     7.95    -18.30  1.00000
  10490     7.95    -18.25  1.00000
  10491     7.95    -18.20  1.00000
  10492     7.95    -18.15  1.00000
  10493     7.95    -18.10  1.00000
  10494     7.95    -18.05  1.00000
  10495     7.95    -18.00  1.00000
  10496     7.95    -17.95  1.00000
  10497     7.95    -17.90  1.00000
  10498     7.95    -17.85  1.00000
  10499     7.95    -17.80  1.00000
  10500     7.95    -17.75  1.00000
  10501     7.95    -17.70  1.00000
  10502     7.95    -17.65  1.00000
  10503     7.95    -17.60  1.00000
  10504     7.95    -17.55  1.00000
  10505     7.95    -17.50  1.00000
  10506     7.95    -17.45  1.00000
  10507     7.95    -17.40  1.00000
  10508     7.95    -17.35  1.00000
  10509     7.95    -17.30  1.00000
  10510     7.95    -17.25  1.00000
  10511     7.95    -17.20  1.00000
  10512     7.95    -17.15  1.00000
  10513     7.95    -17.10  1.00000
  10514     7.95    -17.05  1.00000
  10515     7.95    -17.00  1.00000
  10516     7.95    -16.95  1.00000
  10517     7.95    -16.90  1.00000
  10518     7.95    -16.85  1.00000
  10519     7.95    -16.80  1.00000
  10520     7.95    -16.75  1.00000
  10521     7.95    -16.70  1.00000
  10522     7.95    -16.65  1.00000
  10523     7.95    -16.60  1.00000
  10524     7.95    -16.55  1.00000
  10525     7.95    -16.50  1.00000
  10526     7.95    -16.45  1.00000
  10527     7.95    -16.40  1.00000
  10528     7.95    -16.35  1.00000
  10529     7.95    -16.30  1.00000
  10530     7.95    -16.25  1.00000
  10531     7.95    -16.20  1.00000
  10532     7.95    -16.15  1.00000
  10533     7.95    -16.10  1.00000
  10534     7.95    -16.05  1.00000
  10535     7.95    -16.00  1.00000
  10536     7.95    -15.95  1.00000
  10537     7.95    -15.90  1.00000
  10538     7.95    -15.85  1.00000
  10539     7.95    -15.80  1.00000
  10540     7.95    -15.75  1.00000
  10541     7.95    -15.70  1.00000
  10542     7.95    -15.65  1.00000
  10543     7.95    -15.60  1.00000
  10544     7.95    -15.55  1.00000
  10545     7.95    -15.50  1.00000
  10546     7.95    -15.45  1.00000
  10547     7.95    -15.40  1.00000
  10548     7.95    -15.35  1.00000
  10549     7.95    -15.30  1.00000
  10550     7.95    -15.25  1.00000
  10551     7.95    -15.20  1.00000
  10552     7.95    -15.15  1.00000
  10553     7.95    -15.10  1.00000
  10554     7.95    -15.05  1.00000
  10555     7.95    -15.00  1.00000
  10556     7.95    -14.95  1.00000
  10557     8.00    -20.70  1.00000
  10558     8.00    -20.65  1.00000
  10559     8.00    -20.60  1.00000
  10560     8.00    -20.55  1.00000
  10561     8.00    -20.50  1.00000
  10562     8.00    -20.45  1.00000
  10563     8.00    -20.40  1.00000
  10564     8.00    -20.35  1.00000
  10565     8.00    -20.30  1.00000
  10566     8.00    -20.25  1.00000
  10567     8.00    -20.20  1.00000
  10568     8.00    -20.15  1.00000
  10569     8.00    -20.10  1.00000
  10570     8.00    -20.05  1.00000
  10571     8.00    -20.00  1.00000
  10572     8.00    -19.95  1.00000
  10573     8.00    -19.90  1.00000
  10574     8.00    -19.85  1.00000
  10575     8.00    -19.80  1.00000
  10576     8.00    -19.75  1.00000
  10577     8.00    -19.70  1.00000
  10578     8.00    -19.65  1.00000
  10579     8.00    -19.60  1.00000
  10580     8.00    -19.55  1.00000
  10581     8.00    -19.50  1.00000
  10582     8.00    -19.45  1.00000
  10583     8.00    -19.40  1.00000
  10584     8.00    -19.35  1.00000
  10585     8.00    -19.30  1.00000
  10586     8.00    -19.25  1.00000
  10587     8.00    -19.20  1.00000
  10588     8.00    -19.15  1.00000
  10589     8.00    -19.10  1.00000
  10590     8.00    -19.05  1.00000
  10591     8.00    -19.00  1.00000
  10592     8.00    -18.95  1.00000
  10593     8.00    -18.90  1.00000
  10594     8.00    -18.85  1.00000
  10595     8.00    -18.80  1.00000
  10596     8.00    -18.75  1.00000
  10597     8.00    -18.70  1.00000
  10598     8.00    -18.65  1.00000
  10599     8.00    -18.60  1.00000
  10600     8.00    -18.55  1.00000
  10601     8.00    -18.50  1.00000
  10602     8.00    -18.45  1.00000
  10603     8.00    -18.40  1.00000
  10604     8.00    -18.35  1.00000
  10605     8.00    -18.30  1.00000
  10606     8.00    -18.25  1.00000
  10607     8.00    -18.20  1.00000
  10608     8.00    -18.15  1.00000
  10609     8.00    -18.10  1.00000
  10610     8.00    -18.05  1.00000
  10611     8.00    -18.00  1.00000
  10612     8.00    -17.95  1.00000
  10613     8.00    -17.90  1.00000
  10614     8.00    -17.85  1.00000
  10615     8.00    -17.80  1.00000
  10616     8.00    -17.75  1.00000
  10617     8.00    -17.70  1.00000
  10618     8.00    -17.65  1.00000
  10619     8.00    -17.60  1.00000
  10620     8.00    -17.55  1.00000
  10621     8.00    -17.50  1.00000
  10622     8.00    -17.45  1.00000
  10623     8.00    -17.40  1.00000
  10624     8.00    -17.35  1.00000
  10625     8.00    -17.30  1.00000
  10626     8.00    -17.25  1.00000
  10627     8.00    -17.20  1.00000
  10628     8.00    -17.15  1.00000
  10629     8.00    -17.10  1.00000
  10630     8.00    -17.05  1.00000
  10631     8.00    -17.00  1.00000
  10632     8.00    -16.95  1.00000
  10633     8.00    -16.90  1.00000
  10634     8.00    -16.85  1.00000
  10635     8.00    -16.80  1.00000
  10636     8.00    -16.75  1.00000
  10637     8.00    -16.70  1.00000
  10638     8.00    -16.65  1.00000
  10639     8.00    -16.60  1.00000
  10640     8.00    -16.55  1.00000
  10641     8.00    -16.50  1.00000
  10642     8.00    -16.45  1.00000
  10643     8.00    -16.40  1.00000
  10644     8.00    -16.35  1.00000
  10645     8.00    -16.30  1.00000
  10646     8.00    -16.25  1.00000
  10647     8.00    -16.20  1.00000
  10648     8.00    -16.15  1.00000
  10649     8.00    -16.10  1.00000
  10650     8.00    -16.05  1.00000
  10651     8.00    -16.00  1.00000
  10652     8.00    -15.95  1.00000
  10653     8.00    -15.90  1.00000
  10654     8.00    -15.85  1.00000
  10655     8.00    -15.80  1.00000
  10656     8.00    -15.75  1.00000
  10657     8.00    -15.70  1.00000
  10658     8.00    -15.65  1.00000
  10659     8.00    -15.60  1.00000
  10660     8.00    -15.55  1.00000
  10661     8.00    -15.50  1.00000
  10662     8.00    -15.45  1.00000
  10663     8.00    -15.40  1.00000
  10664     8.00    -15.35  1.00000
  10665     8.00    -15.30  1.00000
  10666     8.00    -15.25  1.00000
  10667     8.00    -15.20  1.00000
  10668     8.00    -15.15  1.00000
  10669     8.00    -15.10  1.00000
  10670     8.00    -15.05  1.00000
  10671     8.00    -15.00  1.00000
  10672     8.00    -14.95  1.00000
  10673     8.05    -20.70  1.00000
  10674     8.05    -20.65  1.00000
  10675     8.05    -20.60  1.00000
  10676     8.05    -20.55  1.00000
  10677     8.05    -20.50  1.00000
  10678     8.05    -20.45  1.00000
  10679     8.05    -20.40  1.00000
  10680     8.05    -20.35  1.00000
  10681     8.05    -20.30  1.00000
  10682     8.05    -20.25  1.00000
  10683     8.05    -20.20  1.00000
  10684     8.05    -20.15  1.00000
  10685     8.05    -20.10  1.00000
  10686     8.05    -20.05  1.00000
  10687     8.05    -20.00  1.00000
  10688     8.05    -19.95  1.00000
  10689     8.05    -19.90  1.00000
  10690     8.05    -19.85  1.00000
  10691     8.05    -19.80  1.00000
  10692     8.05    -19.75  1.00000
  10693     8.05    -19.70  1.00000
  10694     8.05    -19.65  1.00000
  10695     8.05    -19.60  1.00000
  10696     8.05    -19.55  1.00000
  10697     8.05    -19.50  1.00000
  10698     8.05    -19.45  1.00000
  10699     8.05    -19.40  1.00000
  10700     8.05    -19.35  1.00000
  10701     8.05    -19.30  1.00000
  10702     8.05    -19.25  1.00000
  10703     8.05    -19.20  1.00000
  10704     8.05    -19.15  1.00000
  10705     8.05    -19.10  1.00000
  10706     8.05    -19.05  1.00000
  10707     8.05    -19.00  1.00000
  10708     8.05    -18.95  1.00000
  10709     8.05    -18.90  1.00000
  10710     8.05    -18.85  1.00000
  10711     8.05    -18.80  1.00000
  10712     8.05    -18.75  1.00000
  10713     8.05    -18.70  1.00000
  10714     8.05    -18.65  1.00000
  10715     8.05    -18.60  1.00000
  10716     8.05    -18.55  1.00000
  10717     8.05    -18.50  1.00000
  10718     8.05    -18.45  1.00000
  10719     8.05    -18.40  1.00000
  10720     8.05    -18.35  1.00000
  10721     8.05    -18.30  1.00000
  10722     8.05    -18.25  1.00000
  10723     8.05    -18.20  1.00000
  10724     8.05    -18.15  1.00000
  10725     8.05    -18.10  1.00000
  10726     8.05    -18.05  1.00000
  10727     8.05    -18.00  1.00000
  10728     8.05    -17.95  1.00000
  10729     8.05    -17.90  1.00000
  10730     8.05    -17.85  1.00000
  10731     8.05    -17.80  1.00000
  10732     8.05    -17.75  1.00000
  10733     8.05    -17.70  1.00000
  10734     8.05    -17.65  1.00000
  10735     8.05    -17.60  1.00000
  10736     8.05    -17.55  1.00000
  10737     8.05    -17.50  1.00000
  10738     8.05    -17.45  1.00000
  10739     8.05    -17.40  1.00000
  10740     8.05    -17.35  1.00000
  10741     8.05    -17.30  1.00000
  10742     8.05    -17.25  1.00000
  10743     8.05    -17.20  1.00000
  10744     8.05    -17.15  1.00000
  10745     8.05    -17.10  1.00000
  10746     8.05    -17.05  1.00000
  10747     8.05    -17.00  1.00000
  10748     8.05    -16.95  1.00000
  10749     8.05    -16.90  1.00000
  10750     8.05    -16.85  1.00000
  10751     8.05    -16.80  1.00000
  10752     8.05    -16.75  1.00000
  10753     8.05    -16.70  1.00000
  10754     8.05    -16.65  1.00000
  10755     8.05    -16.60  1.00000
  10756     8.05    -16.55  1.00000
  10757     8.05    -16.50  1.00000
  10758     8.05    -16.45  1.00000
  10759     8.05    -16.40  1.00000
  10760     8.05    -16.35  1.00000
  10761     8.05    -16.30  1.00000
  10762     8.05    -16.25  1.00000
  10763     8.05    -16.20  1.00000
  10764     8.05    -16.15  1.00000
  10765     8.05    -16.10  1.00000
  10766     8.05    -16.05  1.00000
  10767     8.05    -16.00  1.00000
  10768     8.05    -15.95  1.00000
  10769     8.05    -15.90  1.00000
  10770     8.05    -15.85  1.00000
  10771     8.05    -15.80  1.00000
  10772     8.05    -15.75  1.00000
  10773     8.05    -15.70  1.00000
  10774     8.05    -15.65  1.00000
  10775     8.05    -15.60  1.00000
  10776     8.05    -15.55  1.00000
  10777     8.05    -15.50  1.00000
  10778     8.05    -15.45  1.00000
  10779     8.05    -15.40  1.00000
  10780     8.05    -15.35  1.00000
  10781     8.05    -15.30  1.00000
  10782     8.05    -15.25  1.00000
  10783     8.05    -15.20  1.00000
  10784     8.05    -15.15  1.00000
  10785     8.05    -15.10  1.00000
  10786     8.05    -15.05  1.00000
  10787     8.05    -15.00  1.00000
  10788     8.05    -14.95  1.00000
  10789     8.10    -20.70  1.00000
  10790     8.10    -20.65  1.00000
  10791     8.10    -20.60  1.00000
  10792     8.10    -20.55  1.00000
  10793     8.10    -20.50  1.00000
  10794     8.10    -20.45  1.00000
  10795     8.10    -20.40  1.00000
  10796     8.10    -20.35  1.00000
  10797     8.10    -20.30  1.00000
  10798     8.10    -20.25  1.00000
  10799     8.10    -20.20  1.00000
  10800     8.10    -20.15  1.00000
  10801     8.10    -20.10  1.00000
  10802     8.10    -20.05  1.00000
  10803     8.10    -20.00  1.00000
  10804     8.10    -19.95  1.00000
  10805     8.10    -19.90  1.00000
  10806     8.10    -19.85  1.00000
  10807     8.10    -19.80  1.00000
  10808     8.10    -19.75  1.00000
  10809     8.10    -19.70  1.00000
  10810     8.10    -19.65  1.00000
  10811     8.10    -19.60  1.00000
  10812     8.10    -19.55  1.00000
  10813     8.10    -19.50  1.00000
  10814     8.10    -19.45  1.00000
  10815     8.10    -19.40  1.00000
  10816     8.10    -19.35  1.00000
  10817     8.10    -19.30  1.00000
  10818     8.10    -19.25  1.00000
  10819     8.10    -19.20  1.00000
  10820     8.10    -19.15  1.00000
  10821     8.10    -19.10  1.00000
  10822     8.10    -19.05  1.00000
  10823     8.10    -19.00  1.00000
  10824     8.10    -18.95  1.00000
  10825     8.10    -18.90  1.00000
  10826     8.10    -18.85  1.00000
  10827     8.10    -18.80  1.00000
  10828     8.10    -18.75  1.00000
  10829     8.10    -18.70  1.00000
  10830     8.10    -18.65  1.00000
  10831     8.10    -18.60  1.00000
  10832     8.10    -18.55  1.00000
  10833     8.10    -18.50  1.00000
  10834     8.10    -18.45  1.00000
  10835     8.10    -18.40  1.00000
  10836     8.10    -18.35  1.00000
  10837     8.10    -18.30  1.00000
  10838     8.10    -18.25  1.00000
  10839     8.10    -18.20  1.00000
  10840     8.10    -18.15  1.00000
  10841     8.10    -18.10  1.00000
  10842     8.10    -18.05  1.00000
  10843     8.10    -18.00  1.00000
  10844     8.10    -17.95  1.00000
  10845     8.10    -17.90  1.00000
  10846     8.10    -17.85  1.00000
  10847     8.10    -17.80  1.00000
  10848     8.10    -17.75  1.00000
  10849     8.10    -17.70  1.00000
  10850     8.10    -17.65  1.00000
  10851     8.10    -17.60  1.00000
  10852     8.10    -17.55  1.00000
  10853     8.10    -17.50  1.00000
  10854     8.10    -17.45  1.00000
  10855     8.10    -17.40  1.00000
  10856     8.10    -17.35  1.00000
  10857     8.10    -17.30  1.00000
  10858     8.10    -17.25  1.00000
  10859     8.10    -17.20  1.00000
  10860     8.10    -17.15  1.00000
  10861     8.10    -17.10  1.00000
  10862     8.10    -17.05  1.00000
  10863     8.10    -17.00  1.00000
  10864     8.10    -16.95  1.00000
  10865     8.10    -16.90  1.00000
  10866     8.10    -16.85  1.00000
  10867     8.10    -16.80  1.00000
  10868     8.10    -16.75  1.00000
  10869     8.10    -16.70  1.00000
  10870     8.10    -16.65  1.00000
  10871     8.10    -16.60  1.00000
  10872     8.10    -16.55  1.00000
  10873     8.10    -16.50  1.00000
  10874     8.10    -16.45  1.00000
  10875     8.10    -16.40  1.00000
  10876     8.10    -16.35  1.00000
  10877     8.10    -16.30  1.00000
  10878     8.10    -16.25  1.00000
  10879     8.10    -16.20  1.00000
  10880     8.10    -16.15  1.00000
  10881     8.10    -16.10  1.00000
  10882     8.10    -16.05  1.00000
  10883     8.10    -16.00  1.00000
  10884     8.10    -15.95  1.00000
  10885     8.10    -15.90  1.00000
  10886     8.10    -15.85  1.00000
  10887     8.10    -15.80  1.00000
  10888     8.10    -15.75  1.00000
  10889     8.10    -15.70  1.00000
  10890     8.10    -15.65  1.00000
  10891     8.10    -15.60  1.00000
  10892     8.10    -15.55  1.00000
  10893     8.10    -15.50  1.00000
  10894     8.10    -15.45  1.00000
  10895     8.10    -15.40  1.00000
  10896     8.10    -15.35  1.00000
  10897     8.10    -15.30  1.00000
  10898     8.10    -15.25  1.00000
  10899     8.10    -15.20  1.00000
  10900     8.10    -15.15  1.00000
  10901     8.10    -15.10  1.00000
  10902     8.10    -15.05  1.00000
  10903     8.10    -15.00  1.00000
  10904     8.10    -14.95  1.00000
  10905     8.15    -20.70  1.00000
  10906     8.15    -20.65  1.00000
  10907     8.15    -20.60  1.00000
  10908     8.15    -20.55  1.00000
  10909     8.15    -20.50  1.00000
  10910     8.15    -20.45  1.00000
  10911     8.15    -20.40  1.00000
  10912     8.15    -20.35  1.00000
  10913     8.15    -20.30  1.00000
  10914     8.15    -20.25  1.00000
  10915     8.15    -20.20  1.00000
  10916     8.15    -20.15  1.00000
  10917     8.15    -20.10  1.00000
  10918     8.15    -20.05  1.00000
  10919     8.15    -20.00  1.00000
  10920     8.15    -19.95  1.00000
  10921     8.15    -19.90  1.00000
  10922     8.15    -19.85  1.00000
  10923     8.15    -19.80  1.00000
  10924     8.15    -19.75  1.00000
  10925     8.15    -19.70  1.00000
  10926     8.15    -19.65  1.00000
  10927     8.15    -19.60  1.00000
  10928     8.15    -19.55  1.00000
  10929     8.15    -19.50  1.00000
  10930     8.15    -19.45  1.00000
  10931     8.15    -19.40  1.00000
  10932     8.15    -19.35  1.00000
  10933     8.15    -19.30  1.00000
  10934     8.15    -19.25  1.00000
  10935     8.15    -19.20  1.00000
  10936     8.15    -19.15  1.00000
  10937     8.15    -19.10  1.00000
  10938     8.15    -19.05  1.00000
  10939     8.15    -19.00  1.00000
  10940     8.15    -18.95  1.00000
  10941     8.15    -18.90  1.00000
  10942     8.15    -18.85  1.00000
  10943     8.15    -18.80  1.00000
  10944     8.15    -18.75  1.00000
  10945     8.15    -18.70  1.00000
  10946     8.15    -18.65  1.00000
  10947     8.15    -18.60  1.00000
  10948     8.15    -18.55  1.00000
  10949     8.15    -18.50  1.00000
  10950     8.15    -18.45  1.00000
  10951     8.15    -18.40  1.00000
  10952     8.15    -18.35  1.00000
  10953     8.15    -18.30  1.00000
  10954     8.15    -18.25  1.00000
  10955     8.15    -18.20  1.00000
  10956     8.15    -18.15  1.00000
  10957     8.15    -18.10  1.00000
  10958     8.15    -18.05  1.00000
  10959     8.15    -18.00  1.00000
  10960     8.15    -17.95  1.00000
  10961     8.15    -17.90  1.00000
  10962     8.15    -17.85  1.00000
  10963     8.15    -17.80  1.00000
  10964     8.15    -17.75  1.00000
  10965     8.15    -17.70  1.00000
  10966     8.15    -17.65  1.00000
  10967     8.15    -17.60  1.00000
  10968     8.15    -17.55  1.00000
  10969     8.15    -17.50  1.00000
  10970     8.15    -17.45  1.00000
  10971     8.15    -17.40  1.00000
  10972     8.15    -17.35  1.00000
  10973     8.15    -17.30  1.00000
  10974     8.15    -17.25  1.00000
  10975     8.15    -17.20  1.00000
  10976     8.15    -17.15  1.00000
  10977     8.15    -17.10  1.00000
  10978     8.15    -17.05  1.00000
  10979     8.15    -17.00  1.00000
  10980     8.15    -16.95  1.00000
  10981     8.15    -16.90  1.00000
  10982     8.15    -16.85  1.00000
  10983     8.15    -16.80  1.00000
  10984     8.15    -16.75  1.00000
  10985     8.15    -16.70  1.00000
  10986     8.15    -16.65  1.00000
  10987     8.15    -16.60  1.00000
  10988     8.15    -16.55  1.00000
  10989     8.15    -16.50  1.00000
  10990     8.15    -16.45  1.00000
  10991     8.15    -16.40  1.00000
  10992     8.15    -16.35  1.00000
  10993     8.15    -16.30  1.00000
  10994     8.15    -16.25  1.00000
  10995     8.15    -16.20  1.00000
  10996     8.15    -16.15  1.00000
  10997     8.15    -16.10  1.00000
  10998     8.15    -16.05  1.00000
  10999     8.15    -16.00  1.00000
  11000     8.15    -15.95  1.00000
  11001     8.15    -15.90  1.00000
  11002     8.15    -15.85  1.00000
  11003     8.15    -15.80  1.00000
  11004     8.15    -15.75  1.00000
  11005     8.15    -15.70  1.00000
  11006     8.15    -15.65  1.00000
  11007     8.15    -15.60  1.00000
  11008     8.15    -15.55  1.00000
  11009     8.15    -15.50  1.00000
  11010     8.15    -15.45  1.00000
  11011     8.15    -15.40  1.00000
  11012     8.15    -15.35  1.00000
  11013     8.15    -15.30  1.00000
  11014     8.15    -15.25  1.00000
  11015     8.15    -15.20  1.00000
  11016     8.15    -15.15  1.00000
  11017     8.15    -15.10  1.00000
  11018     8.15    -15.05  1.00000
  11019     8.15    -15.00  1.00000
  11020     8.15    -14.95  1.00000
  11021     8.20    -20.70  1.00000
  11022     8.20    -20.65  1.00000
  11023     8.20    -20.60  1.00000
  11024     8.20    -20.55  1.00000
  11025     8.20    -20.50  1.00000
  11026     8.20    -20.45  1.00000
  11027     8.20    -20.40  1.00000
  11028     8.20    -20.35  1.00000
  11029     8.20    -20.30  1.00000
  11030     8.20    -20.25  1.00000
  11031     8.20    -20.20  1.00000
  11032     8.20    -20.15  1.00000
  11033     8.20    -20.10  1.00000
  11034     8.20    -20.05  1.00000
  11035     8.20    -20.00  1.00000
  11036     8.20    -19.95  1.00000
  11037     8.20    -19.90  1.00000
  11038     8.20    -19.85  1.00000
  11039     8.20    -19.80  1.00000
  11040     8.20    -19.75  1.00000
  11041     8.20    -19.70  1.00000
  11042     8.20    -19.65  1.00000
  11043     8.20    -19.60  1.00000
  11044     8.20    -19.55  1.00000
  11045     8.20    -19.50  1.00000
  11046     8.20    -19.45  1.00000
  11047     8.20    -19.40  1.00000
  11048     8.20    -19.35  1.00000
  11049     8.20    -19.30  1.00000
  11050     8.20    -19.25  1.00000
  11051     8.20    -19.20  1.00000
  11052     8.20    -19.15  1.00000
  11053     8.20    -19.10  1.00000
  11054     8.20    -19.05  1.00000
  11055     8.20    -19.00  1.00000
  11056     8.20    -18.95  1.00000
  11057     8.20    -18.90  1.00000
  11058     8.20    -18.85  1.00000
  11059     8.20    -18.80  1.00000
  11060     8.20    -18.75  1.00000
  11061     8.20    -18.70  1.00000
  11062     8.20    -18.65  1.00000
  11063     8.20    -18.60  1.00000
  11064     8.20    -18.55  1.00000
  11065     8.20    -18.50  1.00000
  11066     8.20    -18.45  1.00000
  11067     8.20    -18.40  1.00000
  11068     8.20    -18.35  1.00000
  11069     8.20    -18.30  1.00000
  11070     8.20    -18.25  1.00000
  11071     8.20    -18.20  1.00000
  11072     8.20    -18.15  1.00000
  11073     8.20    -18.10  1.00000
  11074     8.20    -18.05  1.00000
  11075     8.20    -18.00  1.00000
  11076     8.20    -17.95  1.00000
  11077     8.20    -17.90  1.00000
  11078     8.20    -17.85  1.00000
  11079     8.20    -17.80  1.00000
  11080     8.20    -17.75  1.00000
  11081     8.20    -17.70  1.00000
  11082     8.20    -17.65  1.00000
  11083     8.20    -17.60  1.00000
  11084     8.20    -17.55  1.00000
  11085     8.20    -17.50  1.00000
  11086     8.20    -17.45  1.00000
  11087     8.20    -17.40  1.00000
  11088     8.20    -17.35  1.00000
  11089     8.20    -17.30  1.00000
  11090     8.20    -17.25  1.00000
  11091     8.20    -17.20  1.00000
  11092     8.20    -17.15  1.00000
  11093     8.20    -17.10  1.00000
  11094     8.20    -17.05  1.00000
  11095     8.20    -17.00  1.00000
  11096     8.20    -16.95  1.00000
  11097     8.20    -16.90  1.00000
  11098     8.20    -16.85  1.00000
  11099     8.20    -16.80  1.00000
  11100     8.20    -16.75  1.00000
  11101     8.20    -16.70  1.00000
  11102     8.20    -16.65  1.00000
  11103     8.20    -16.60  1.00000
  11104     8.20    -16.55  1.00000
  11105     8.20    -16.50  1.00000
  11106     8.20    -16.45  1.00000
  11107     8.20    -16.40  1.00000
  11108     8.20    -16.35  1.00000
  11109     8.20    -16.30  1.00000
  11110     8.20    -16.25  1.00000
  11111     8.20    -16.20  1.00000
  11112     8.20    -16.15  1.00000
  11113     8.20    -16.10  1.00000
  11114     8.20    -16.05  1.00000
  11115     8.20    -16.00  1.00000
  11116     8.20    -15.95  1.00000
  11117     8.20    -15.90  1.00000
  11118     8.20    -15.85  1.00000
  11119     8.20    -15.80  1.00000
  11120     8.20    -15.75  1.00000
  11121     8.20    -15.70  1.00000
  11122     8.20    -15.65  1.00000
  11123     8.20    -15.60  1.00000
  11124     8.20    -15.55  1.00000
  11125     8.20    -15.50  1.00000
  11126     8.20    -15.45  1.00000
  11127     8.20    -15.40  1.00000
  11128     8.20    -15.35  1.00000
  11129     8.20    -15.30  1.00000
  11130     8.20    -15.25  1.00000
  11131     8.20    -15.20  1.00000
  11132     8.20    -15.15  1.00000
  11133     8.20    -15.10  1.00000
  11134     8.20    -15.05  1.00000
  11135     8.20    -15.00  1.00000
  11136     8.20    -14.95  1.00000
  11137     8.25    -20.70  1.00000
  11138     8.25    -20.65  1.00000
  11139     8.25    -20.60  1.00000
  11140     8.25    -20.55  1.00000
  11141     8.25    -20.50  1.00000
  11142     8.25    -20.45  1.00000
  11143     8.25    -20.40  1.00000
  11144     8.25    -20.35  1.00000
  11145     8.25    -20.30  1.00000
  11146     8.25    -20.25  1.00000
  11147     8.25    -20.20  1.00000
  11148     8.25    -20.15  1.00000
  11149     8.25    -20.10  1.00000
  11150     8.25    -20.05  1.00000
  11151     8.25    -20.00  1.00000
  11152     8.25    -19.95  1.00000
  11153     8.25    -19.90  1.00000
  11154     8.25    -19.85  1.00000
  11155     8.25    -19.80  1.00000
  11156     8.25    -19.75  1.00000
  11157     8.25    -19.70  1.00000
  11158     8.25    -19.65  1.00000
  11159     8.25    -19.60  1.00000
  11160     8.25    -19.55  1.00000
  11161     8.25    -19.50  1.00000
  11162     8.25    -19.45  1.00000
  11163     8.25    -19.40  1.00000
  11164     8.25    -19.35  1.00000
  11165     8.25    -19.30  1.00000
  11166     8.25    -19.25  1.00000
  11167     8.25    -19.20  1.00000
  11168     8.25    -19.15  1.00000
  11169     8.25    -19.10  1.00000
  11170     8.25    -19.05  1.00000
  11171     8.25    -19.00  1.00000
  11172     8.25    -18.95  1.00000
  11173     8.25    -18.90  1.00000
  11174     8.25    -18.85  1.00000
  11175     8.25    -18.80  1.00000
  11176     8.25    -18.75  1.00000
  11177     8.25    -18.70  1.00000
  11178     8.25    -18.65  1.00000
  11179     8.25    -18.60  1.00000
  11180     8.25    -18.55  1.00000
  11181     8.25    -18.50  1.00000
  11182     8.25    -18.45  1.00000
  11183     8.25    -18.40  1.00000
  11184     8.25    -18.35  1.00000
  11185     8.25    -18.30  1.00000
  11186     8.25    -18.25  1.00000
  11187     8.25    -18.20  1.00000
  11188     8.25    -18.15  1.00000
  11189     8.25    -18.10  1.00000
  11190     8.25    -18.05  1.00000
  11191     8.25    -18.00  1.00000
  11192     8.25    -17.95  1.00000
  11193     8.25    -17.90  1.00000
  11194     8.25    -17.85  1.00000
  11195     8.25    -17.80  1.00000
  11196     8.25    -17.75  1.00000
  11197     8.25    -17.70  1.00000
  11198     8.25    -17.65  1.00000
  11199     8.25    -17.60  1.00000
  11200     8.25    -17.55  1.00000
  11201     8.25    -17.50  1.00000
  11202     8.25    -17.45  1.00000
  11203     8.25    -17.40  1.00000
  11204     8.25    -17.35  1.00000
  11205     8.25    -17.30  1.00000
  11206     8.25    -17.25  1.00000
  11207     8.25    -17.20  1.00000
  11208     8.25    -17.15  1.00000
  11209     8.25    -17.10  1.00000
  11210     8.25    -17.05  1.00000
  11211     8.25    -17.00  1.00000
  11212     8.25    -16.95  1.00000
  11213     8.25    -16.90  1.00000
  11214     8.25    -16.85  1.00000
  11215     8.25    -16.80  1.00000
  11216     8.25    -16.75  1.00000
  11217     8.25    -16.70  1.00000
  11218     8.25    -16.65  1.00000
  11219     8.25    -16.60  1.00000
  11220     8.25    -16.55  1.00000
  11221     8.25    -16.50  1.00000
  11222     8.25    -16.45  1.00000
  11223     8.25    -16.40  1.00000
  11224     8.25    -16.35  1.00000
  11225     8.25    -16.30  1.00000
  11226     8.25    -16.25  1.00000
  11227     8.25    -16.20  1.00000
  11228     8.25    -16.15  1.00000
  11229     8.25    -16.10  1.00000
  11230     8.25    -16.05  1.00000
  11231     8.25    -16.00  1.00000
  11232     8.25    -15.95  1.00000
  11233     8.25    -15.90  1.00000
  11234     8.25    -15.85  1.00000
  11235     8.25    -15.80  1.00000
  11236     8.25    -15.75  1.00000
  11237     8.25    -15.70  1.00000
  11238     8.25    -15.65  1.00000
  11239     8.25    -15.60  1.00000
  11240     8.25    -15.55  1.00000
  11241     8.25    -15.50  1.00000
  11242     8.25    -15.45  1.00000
  11243     8.25    -15.40  1.00000
  11244     8.25    -15.35  1.00000
  11245     8.25    -15.30  1.00000
  11246     8.25    -15.25  1.00000
  11247     8.25    -15.20  1.00000
  11248     8.25    -15.15  1.00000
  11249     8.25    -15.10  1.00000
  11250     8.25    -15.05  1.00000
  11251     8.25    -15.00  1.00000
  11252     8.25    -14.95  1.00000
  11253     8.30    -20.70  1.00000
  11254     8.30    -20.65  1.00000
  11255     8.30    -20.60  1.00000
  11256     8.30    -20.55  1.00000
  11257     8.30    -20.50  1.00000
  11258     8.30    -20.45  1.00000
  11259     8.30    -20.40  1.00000
  11260     8.30    -20.35  1.00000
  11261     8.30    -20.30  1.00000
  11262     8.30    -20.25  1.00000
  11263     8.30    -20.20  1.00000
  11264     8.30    -20.15  1.00000
  11265     8.30    -20.10  1.00000
  11266     8.30    -20.05  1.00000
  11267     8.30    -20.00  1.00000
  11268     8.30    -19.95  1.00000
  11269     8.30    -19.90  1.00000
  11270     8.30    -19.85  1.00000
  11271     8.30    -19.80  1.00000
  11272     8.30    -19.75  1.00000
  11273     8.30    -19.70  1.00000
  11274     8.30    -19.65  1.00000
  11275     8.30    -19.60  1.00000
  11276     8.30    -19.55  1.00000
  11277     8.30    -19.50  1.00000
  11278     8.30    -19.45  1.00000
  11279     8.30    -19.40  1.00000
  11280     8.30    -19.35  1.00000
  11281     8.30    -19.30  1.00000
  11282     8.30    -19.25  1.00000
  11283     8.30    -19.20  1.00000
  11284     8.30    -19.15  1.00000
  11285     8.30    -19.10  1.00000
  11286     8.30    -19.05  1.00000
  11287     8.30    -19.00  1.00000
  11288     8.30    -18.95  1.00000
  11289     8.30    -18.90  1.00000
  11290     8.30    -18.85  1.00000
  11291     8.30    -18.80  1.00000
  11292     8.30    -18.75  1.00000
  11293     8.30    -18.70  1.00000
  11294     8.30    -18.65  1.00000
  11295     8.30    -18.60  1.00000
  11296     8.30    -18.55  1.00000
  11297     8.30    -18.50  1.00000
  11298     8.30    -18.45  1.00000
  11299     8.30    -18.40  1.00000
  11300     8.30    -18.35  1.00000
  11301     8.30    -18.30  1.00000
  11302     8.30    -18.25  1.00000
  11303     8.30    -18.20  1.00000
  11304     8.30    -18.15  1.00000
  11305     8.30    -18.10  1.00000
  11306     8.30    -18.05  1.00000
  11307     8.30    -18.00  1.00000
  11308     8.30    -17.95  1.00000
  11309     8.30    -17.90  1.00000
  11310     8.30    -17.85  1.00000
  11311     8.30    -17.80  1.00000
  11312     8.30    -17.75  1.00000
  11313     8.30    -17.70  1.00000
  11314     8.30    -17.65  1.00000
  11315     8.30    -17.60  1.00000
  11316     8.30    -17.55  1.00000
  11317     8.30    -17.50  1.00000
  11318     8.30    -17.45  1.00000
  11319     8.30    -17.40  1.00000
  11320     8.30    -17.35  1.00000
  11321     8.30    -17.30  1.00000
  11322     8.30    -17.25  1.00000
  11323     8.30    -17.20  1.00000
  11324     8.30    -17.15  1.00000
  11325     8.30    -17.10  1.00000
  11326     8.30    -17.05  1.00000
  11327     8.30    -17.00  1.00000
  11328     8.30    -16.95  1.00000
  11329     8.30    -16.90  1.00000
  11330     8.30    -16.85  1.00000
  11331     8.30    -16.80  1.00000
  11332     8.30    -16.75  1.00000
  11333     8.30    -16.70  1.00000
  11334     8.30    -16.65  1.00000
  11335     8.30    -16.60  1.00000
  11336     8.30    -16.55  1.00000
  11337     8.30    -16.50  1.00000
  11338     8.30    -16.45  1.00000
  11339     8.30    -16.40  1.00000
  11340     8.30    -16.35  1.00000
  11341     8.30    -16.30  1.00000
  11342     8.30    -16.25  1.00000
  11343     8.30    -16.20  1.00000
  11344     8.30    -16.15  1.00000
  11345     8.30    -16.10  1.00000
  11346     8.30    -16.05  1.00000
  11347     8.30    -16.00  1.00000
  11348     8.30    -15.95  1.00000
  11349     8.30    -15.90  1.00000
  11350     8.30    -15.85  1.00000
  11351     8.30    -15.80  1.00000
  11352     8.30    -15.75  1.00000
  11353     8.30    -15.70  1.00000
  11354     8.30    -15.65  1.00000
  11355     8.30    -15.60  1.00000
  11356     8.30    -15.55  1.00000
  11357     8.30    -15.50  1.00000
  11358     8.30    -15.45  1.00000
  11359     8.30    -15.40  1.00000
  11360     8.30    -15.35  1.00000
  11361     8.30    -15.30  1.00000
  11362     8.30    -15.25  1.00000
  11363     8.30    -15.20  1.00000
  11364     8.30    -15.15  1.00000
  11365     8.30    -15.10  1.00000
  11366     8.30    -15.05  1.00000
  11367     8.30    -15.00  1.00000
  11368     8.30    -14.95  1.00000
  11369     8.35    -20.70  1.00000
  11370     8.35    -20.65  1.00000
  11371     8.35    -20.60  1.00000
  11372     8.35    -20.55  1.00000
  11373     8.35    -20.50  1.00000
  11374     8.35    -20.45  1.00000
  11375     8.35    -20.40  1.00000
  11376     8.35    -20.35  1.00000
  11377     8.35    -20.30  1.00000
  11378     8.35    -20.25  1.00000
  11379     8.35    -20.20  1.00000
  11380     8.35    -20.15  1.00000
  11381     8.35    -20.10  1.00000
  11382     8.35    -20.05  1.00000
  11383     8.35    -20.00  1.00000
  11384     8.35    -19.95  1.00000
  11385     8.35    -19.90  1.00000
  11386     8.35    -19.85  1.00000
  11387     8.35    -19.80  1.00000
  11388     8.35    -19.75  1.00000
  11389     8.35    -19.70  1.00000
  11390     8.35    -19.65  1.00000
  11391     8.35    -19.60  1.00000
  11392     8.35    -19.55  1.00000
  11393     8.35    -19.50  1.00000
  11394     8.35    -19.45  1.00000
  11395     8.35    -19.40  1.00000
  11396     8.35    -19.35  1.00000
  11397     8.35    -19.30  1.00000
  11398     8.35    -19.25  1.00000
  11399     8.35    -19.20  1.00000
  11400     8.35    -19.15  1.00000
  11401     8.35    -19.10  1.00000
  11402     8.35    -19.05  1.00000
  11403     8.35    -19.00  1.00000
  11404     8.35    -18.95  1.00000
  11405     8.35    -18.90  1.00000
  11406     8.35    -18.85  1.00000
  11407     8.35    -18.80  1.00000
  11408     8.35    -18.75  1.00000
  11409     8.35    -18.70  1.00000
  11410     8.35    -18.65  1.00000
  11411     8.35    -18.60  1.00000
  11412     8.35    -18.55  1.00000
  11413     8.35    -18.50  1.00000
  11414     8.35    -18.45  1.00000
  11415     8.35    -18.40  1.00000
  11416     8.35    -18.35  1.00000
  11417     8.35    -18.30  1.00000
  11418     8.35    -18.25  1.00000
  11419     8.35    -18.20  1.00000
  11420     8.35    -18.15  1.00000
  11421     8.35    -18.10  1.00000
  11422     8.35    -18.05  1.00000
  11423     8.35    -18.00  1.00000
  11424     8.35    -17.95  1.00000
  11425     8.35    -17.90  1.00000
  11426     8.35    -17.85  1.00000
  11427     8.35    -17.80  1.00000
  11428     8.35    -17.75  1.00000
  11429     8.35    -17.70  1.00000
  11430     8.35    -17.65  1.00000
  11431     8.35    -17.60  1.00000
  11432     8.35    -17.55  1.00000
  11433     8.35    -17.50  1.00000
  11434     8.35    -17.45  1.00000
  11435     8.35    -17.40  1.00000
  11436     8.35    -17.35  1.00000
  11437     8.35    -17.30  1.00000
  11438     8.35    -17.25  1.00000
  11439     8.35    -17.20  1.00000
  11440     8.35    -17.15  1.00000
  11441     8.35    -17.10  1.00000
  11442     8.35    -17.05  1.00000
  11443     8.35    -17.00  1.00000
  11444     8.35    -16.95  1.00000
  11445     8.35    -16.90  1.00000
  11446     8.35    -16.85  1.00000
  11447     8.35    -16.80  1.00000
  11448     8.35    -16.75  1.00000
  11449     8.35    -16.70  1.00000
  11450     8.35    -16.65  1.00000
  11451     8.35    -16.60  1.00000
  11452     8.35    -16.55  1.00000
  11453     8.35    -16.50  1.00000
  11454     8.35    -16.45  1.00000
  11455     8.35    -16.40  1.00000
  11456     8.35    -16.35  1.00000
  11457     8.35    -16.30  1.00000
  11458     8.35    -16.25  1.00000
  11459     8.35    -16.20  1.00000
  11460     8.35    -16.15  1.00000
  11461     8.35    -16.10  1.00000
  11462     8.35    -16.05  1.00000
  11463     8.35    -16.00  1.00000
  11464     8.35    -15.95  1.00000
  11465     8.35    -15.90  1.00000
  11466     8.35    -15.85  1.00000
  11467     8.35    -15.80  1.00000
  11468     8.35    -15.75  1.00000
  11469     8.35    -15.70  1.00000
  11470     8.35    -15.65  1.00000
  11471     8.35    -15.60  1.00000
  11472     8.35    -15.55  1.00000
  11473     8.35    -15.50  1.00000
  11474     8.35    -15.45  1.00000
  11475     8.35    -15.40  1.00000
  11476     8.35    -15.35  1.00000
  11477     8.35    -15.30  1.00000
  11478     8.35    -15.25  1.00000
  11479     8.35    -15.20  1.00000
  11480     8.35    -15.15  1.00000
  11481     8.35    -15.10  1.00000
  11482     8.35    -15.05  1.00000
  11483     8.35    -15.00  1.00000
  11484     8.35    -14.95  1.00000
  11485     8.40    -20.70  1.00000
  11486     8.40    -20.65  1.00000
  11487     8.40    -20.60  1.00000
  11488     8.40    -20.55  1.00000
  11489     8.40    -20.50  1.00000
  11490     8.40    -20.45  1.00000
  11491     8.40    -20.40  1.00000
  11492     8.40    -20.35  1.00000
  11493     8.40    -20.30  1.00000
  11494     8.40    -20.25  1.00000
  11495     8.40    -20.20  1.00000
  11496     8.40    -20.15  1.00000
  11497     8.40    -20.10  1.00000
  11498     8.40    -20.05  1.00000
  11499     8.40    -20.00  1.00000
  11500     8.40    -19.95  1.00000
  11501     8.40    -19.90  1.00000
  11502     8.40    -19.85  1.00000
  11503     8.40    -19.80  1.00000
  11504     8.40    -19.75  1.00000
  11505     8.40    -19.70  1.00000
  11506     8.40    -19.65  1.00000
  11507     8.40    -19.60  1.00000
  11508     8.40    -19.55  1.00000
  11509     8.40    -19.50  1.00000
  11510     8.40    -19.45  1.00000
  11511     8.40    -19.40  1.00000
  11512     8.40    -19.35  1.00000
  11513     8.40    -19.30  1.00000
  11514     8.40    -19.25  1.00000
  11515     8.40    -19.20  1.00000
  11516     8.40    -19.15  1.00000
  11517     8.40    -19.10  1.00000
  11518     8.40    -19.05  1.00000
  11519     8.40    -19.00  1.00000
  11520     8.40    -18.95  1.00000
  11521     8.40    -18.90  1.00000
  11522     8.40    -18.85  1.00000
  11523     8.40    -18.80  1.00000
  11524     8.40    -18.75  1.00000
  11525     8.40    -18.70  1.00000
  11526     8.40    -18.65  1.00000
  11527     8.40    -18.60  1.00000
  11528     8.40    -18.55  1.00000
  11529     8.40    -18.50  1.00000
  11530     8.40    -18.45  1.00000
  11531     8.40    -18.40  1.00000
  11532     8.40    -18.35  1.00000
  11533     8.40    -18.30  1.00000
  11534     8.40    -18.25  1.00000
  11535     8.40    -18.20  1.00000
  11536     8.40    -18.15  1.00000
  11537     8.40    -18.10  1.00000
  11538     8.40    -18.05  1.00000
  11539     8.40    -18.00  1.00000
  11540     8.40    -17.95  1.00000
  11541     8.40    -17.90  1.00000
  11542     8.40    -17.85  1.00000
  11543     8.40    -17.80  1.00000
  11544     8.40    -17.75  1.00000
  11545     8.40    -17.70  1.00000
  11546     8.40    -17.65  1.00000
  11547     8.40    -17.60  1.00000
  11548     8.40    -17.55  1.00000
  11549     8.40    -17.50  1.00000
  11550     8.40    -17.45  1.00000
  11551     8.40    -17.40  1.00000
  11552     8.40    -17.35  1.00000
  11553     8.40    -17.30  1.00000
  11554     8.40    -17.25  1.00000
  11555     8.40    -17.20  1.00000
  11556     8.40    -17.15  1.00000
  11557     8.40    -17.10  1.00000
  11558     8.40    -17.05  1.00000
  11559     8.40    -17.00  1.00000
  11560     8.40    -16.95  1.00000
  11561     8.40    -16.90  1.00000
  11562     8.40    -16.85  1.00000
  11563     8.40    -16.80  1.00000
  11564     8.40    -16.75  1.00000
  11565     8.40    -16.70  1.00000
  11566     8.40    -16.65  1.00000
  11567     8.40    -16.60  1.00000
  11568     8.40    -16.55  1.00000
  11569     8.40    -16.50  1.00000
  11570     8.40    -16.45  1.00000
  11571     8.40    -16.40  1.00000
  11572     8.40    -16.35  1.00000
  11573     8.40    -16.30  1.00000
  11574     8.40    -16.25  1.00000
  11575     8.40    -16.20  1.00000
  11576     8.40    -16.15  1.00000
  11577     8.40    -16.10  1.00000
  11578     8.40    -16.05  1.00000
  11579     8.40    -16.00  1.00000
  11580     8.40    -15.95  1.00000
  11581     8.40    -15.90  1.00000
  11582     8.40    -15.85  1.00000
  11583     8.40    -15.80  1.00000
  11584     8.40    -15.75  1.00000
  11585     8.40    -15.70  1.00000
  11586     8.40    -15.65  1.00000
  11587     8.40    -15.60  1.00000
  11588     8.40    -15.55  1.00000
  11589     8.40    -15.50  1.00000
  11590     8.40    -15.45  1.00000
  11591     8.40    -15.40  1.00000
  11592     8.40    -15.35  1.00000
  11593     8.40    -15.30  1.00000
  11594     8.40    -15.25  1.00000
  11595     8.40    -15.20  1.00000
  11596     8.40    -15.15  1.00000
  11597     8.40    -15.10  1.00000
  11598     8.40    -15.05  1.00000
  11599     8.40    -15.00  1.00000
  11600     8.40    -14.95  1.00000
  11601     8.45    -20.70  1.00000
  11602     8.45    -20.65  1.00000
  11603     8.45    -20.60  1.00000
  11604     8.45    -20.55  1.00000
  11605     8.45    -20.50  1.00000
  11606     8.45    -20.45  1.00000
  11607     8.45    -20.40  1.00000
  11608     8.45    -20.35  1.00000
  11609     8.45    -20.30  1.00000
  11610     8.45    -20.25  1.00000
  11611     8.45    -20.20  1.00000
  11612     8.45    -20.15  1.00000
  11613     8.45    -20.10  1.00000
  11614     8.45    -20.05  1.00000
  11615     8.45    -20.00  1.00000
  11616     8.45    -19.95  1.00000
  11617     8.45    -19.90  1.00000
  11618     8.45    -19.85  1.00000
  11619     8.45    -19.80  1.00000
  11620     8.45    -19.75  1.00000
  11621     8.45    -19.70  1.00000
  11622     8.45    -19.65  1.00000
  11623     8.45    -19.60  1.00000
  11624     8.45    -19.55  1.00000
  11625     8.45    -19.50  1.00000
  11626     8.45    -19.45  1.00000
  11627     8.45    -19.40  1.00000
  11628     8.45    -19.35  1.00000
  11629     8.45    -19.30  1.00000
  11630     8.45    -19.25  1.00000
  11631     8.45    -19.20  1.00000
  11632     8.45    -19.15  1.00000
  11633     8.45    -19.10  1.00000
  11634     8.45    -19.05  1.00000
  11635     8.45    -19.00  1.00000
  11636     8.45    -18.95  1.00000
  11637     8.45    -18.90  1.00000
  11638     8.45    -18.85  1.00000
  11639     8.45    -18.80  1.00000
  11640     8.45    -18.75  1.00000
  11641     8.45    -18.70  1.00000
  11642     8.45    -18.65  1.00000
  11643     8.45    -18.60  1.00000
  11644     8.45    -18.55  1.00000
  11645     8.45    -18.50  1.00000
  11646     8.45    -18.45  1.00000
  11647     8.45    -18.40  1.00000
  11648     8.45    -18.35  1.00000
  11649     8.45    -18.30  1.00000
  11650     8.45    -18.25  1.00000
  11651     8.45    -18.20  1.00000
  11652     8.45    -18.15  1.00000
  11653     8.45    -18.10  1.00000
  11654     8.45    -18.05  1.00000
  11655     8.45    -18.00  1.00000
  11656     8.45    -17.95  1.00000
  11657     8.45    -17.90  1.00000
  11658     8.45    -17.85  1.00000
  11659     8.45    -17.80  1.00000
  11660     8.45    -17.75  1.00000
  11661     8.45    -17.70  1.00000
  11662     8.45    -17.65  1.00000
  11663     8.45    -17.60  1.00000
  11664     8.45    -17.55  1.00000
  11665     8.45    -17.50  1.00000
  11666     8.45    -17.45  1.00000
  11667     8.45    -17.40  1.00000
  11668     8.45    -17.35  1.00000
  11669     8.45    -17.30  1.00000
  11670     8.45    -17.25  1.00000
  11671     8.45    -17.20  1.00000
  11672     8.45    -17.15  1.00000
  11673     8.45    -17.10  1.00000
  11674     8.45    -17.05  1.00000
  11675     8.45    -17.00  1.00000
  11676     8.45    -16.95  1.00000
  11677     8.45    -16.90  1.00000
  11678     8.45    -16.85  1.00000
  11679     8.45    -16.80  1.00000
  11680     8.45    -16.75  1.00000
  11681     8.45    -16.70  1.00000
  11682     8.45    -16.65  1.00000
  11683     8.45    -16.60  1.00000
  11684     8.45    -16.55  1.00000
  11685     8.45    -16.50  1.00000
  11686     8.45    -16.45  1.00000
  11687     8.45    -16.40  1.00000
  11688     8.45    -16.35  1.00000
  11689     8.45    -16.30  1.00000
  11690     8.45    -16.25  1.00000
  11691     8.45    -16.20  1.00000
  11692     8.45    -16.15  1.00000
  11693     8.45    -16.10  1.00000
  11694     8.45    -16.05  1.00000
  11695     8.45    -16.00  1.00000
  11696     8.45    -15.95  1.00000
  11697     8.45    -15.90  1.00000
  11698     8.45    -15.85  1.00000
  11699     8.45    -15.80  1.00000
  11700     8.45    -15.75  1.00000
  11701     8.45    -15.70  1.00000
  11702     8.45    -15.65  1.00000
  11703     8.45    -15.60  1.00000
  11704     8.45    -15.55  1.00000
  11705     8.45    -15.50  1.00000
  11706     8.45    -15.45  1.00000
  11707     8.45    -15.40  1.00000
  11708     8.45    -15.35  1.00000
  11709     8.45    -15.30  1.00000
  11710     8.45    -15.25  1.00000
  11711     8.45    -15.20  1.00000
  11712     8.45    -15.15  1.00000
  11713     8.45    -15.10  1.00000
  11714     8.45    -15.05  1.00000
  11715     8.45    -15.00  1.00000
  11716     8.45    -14.95  1.00000
  11717     8.50    -20.70  1.00000
  11718     8.50    -20.65  1.00000
  11719     8.50    -20.60  1.00000
  11720     8.50    -20.55  1.00000
  11721     8.50    -20.50  1.00000
  11722     8.50    -20.45  1.00000
  11723     8.50    -20.40  1.00000
  11724     8.50    -20.35  1.00000
  11725     8.50    -20.30  1.00000
  11726     8.50    -20.25  1.00000
  11727     8.50    -20.20  1.00000
  11728     8.50    -20.15  1.00000
  11729     8.50    -20.10  1.00000
  11730     8.50    -20.05  1.00000
  11731     8.50    -20.00  1.00000
  11732     8.50    -19.95  1.00000
  11733     8.50    -19.90  1.00000
  11734     8.50    -19.85  1.00000
  11735     8.50    -19.80  1.00000
  11736     8.50    -19.75  1.00000
  11737     8.50    -19.70  1.00000
  11738     8.50    -19.65  1.00000
  11739     8.50    -19.60  1.00000
  11740     8.50    -19.55  1.00000
  11741     8.50    -19.50  1.00000
  11742     8.50    -19.45  1.00000
  11743     8.50    -19.40  1.00000
  11744     8.50    -19.35  1.00000
  11745     8.50    -19.30  1.00000
  11746     8.50    -19.25  1.00000
  11747     8.50    -19.20  1.00000
  11748     8.50    -19.15  1.00000
  11749     8.50    -19.10  1.00000
  11750     8.50    -19.05  1.00000
  11751     8.50    -19.00  1.00000
  11752     8.50    -18.95  1.00000
  11753     8.50    -18.90  1.00000
  11754     8.50    -18.85  1.00000
  11755     8.50    -18.80  1.00000
  11756     8.50    -18.75  1.00000
  11757     8.50    -18.70  1.00000
  11758     8.50    -18.65  1.00000
  11759     8.50    -18.60  1.00000
  11760     8.50    -18.55  1.00000
  11761     8.50    -18.50  1.00000
  11762     8.50    -18.45  1.00000
  11763     8.50    -18.40  1.00000
  11764     8.50    -18.35  1.00000
  11765     8.50    -18.30  1.00000
  11766     8.50    -18.25  1.00000
  11767     8.50    -18.20  1.00000
  11768     8.50    -18.15  1.00000
  11769     8.50    -18.10  1.00000
  11770     8.50    -18.05  1.00000
  11771     8.50    -18.00  1.00000
  11772     8.50    -17.95  1.00000
  11773     8.50    -17.90  1.00000
  11774     8.50    -17.85  1.00000
  11775     8.50    -17.80  1.00000
  11776     8.50    -17.75  1.00000
  11777     8.50    -17.70  1.00000
  11778     8.50    -17.65  1.00000
  11779     8.50    -17.60  1.00000
  11780     8.50    -17.55  1.00000
  11781     8.50    -17.50  1.00000
  11782     8.50    -17.45  1.00000
  11783     8.50    -17.40  1.00000
  11784     8.50    -17.35  1.00000
  11785     8.50    -17.30  1.00000
  11786     8.50    -17.25  1.00000
  11787     8.50    -17.20  1.00000
  11788     8.50    -17.15  1.00000
  11789     8.50    -17.10  1.00000
  11790     8.50    -17.05  1.00000
  11791     8.50    -17.00  1.00000
  11792     8.50    -16.95  1.00000
  11793     8.50    -16.90  1.00000
  11794     8.50    -16.85  1.00000
  11795     8.50    -16.80  1.00000
  11796     8.50    -16.75  1.00000
  11797     8.50    -16.70  1.00000
  11798     8.50    -16.65  1.00000
  11799     8.50    -16.60  1.00000
  11800     8.50    -16.55  1.00000
  11801     8.50    -16.50  1.00000
  11802     8.50    -16.45  1.00000
  11803     8.50    -16.40  1.00000
  11804     8.50    -16.35  1.00000
  11805     8.50    -16.30  1.00000
  11806     8.50    -16.25  1.00000
  11807     8.50    -16.20  1.00000
  11808     8.50    -16.15  1.00000
  11809     8.50    -16.10  1.00000
  11810     8.50    -16.05  1.00000
  11811     8.50    -16.00  1.00000
  11812     8.50    -15.95  1.00000
  11813     8.50    -15.90  1.00000
  11814     8.50    -15.85  1.00000
  11815     8.50    -15.80  1.00000
  11816     8.50    -15.75  1.00000
  11817     8.50    -15.70  1.00000
  11818     8.50    -15.65  1.00000
  11819     8.50    -15.60  1.00000
  11820     8.50    -15.55  1.00000
  11821     8.50    -15.50  1.00000
  11822     8.50    -15.45  1.00000
  11823     8.50    -15.40  1.00000
  11824     8.50    -15.35  1.00000
  11825     8.50    -15.30  1.00000
  11826     8.50    -15.25  1.00000
  11827     8.50    -15.20  1.00000
  11828     8.50    -15.15  1.00000
  11829     8.50    -15.10  1.00000
  11830     8.50    -15.05  1.00000
  11831     8.50    -15.00  1.00000
  11832     8.50    -14.95  1.00000
  11833     8.55    -20.70  1.00000
  11834     8.55    -20.65  1.00000
  11835     8.55    -20.60  1.00000
  11836     8.55    -20.55  1.00000
  11837     8.55    -20.50  1.00000
  11838     8.55    -20.45  1.00000
  11839     8.55    -20.40  1.00000
  11840     8.55    -20.35  1.00000
  11841     8.55    -20.30  1.00000
  11842     8.55    -20.25  1.00000
  11843     8.55    -20.20  1.00000
  11844     8.55    -20.15  1.00000
  11845     8.55    -20.10  1.00000
  11846     8.55    -20.05  1.00000
  11847     8.55    -20.00  1.00000
  11848     8.55    -19.95  1.00000
  11849     8.55    -19.90  1.00000
  11850     8.55    -19.85  1.00000
  11851     8.55    -19.80  1.00000
  11852     8.55    -19.75  1.00000
  11853     8.55    -19.70  1.00000
  11854     8.55    -19.65  1.00000
  11855     8.55    -19.60  1.00000
  11856     8.55    -19.55  1.00000
  11857     8.55    -19.50  1.00000
  11858     8.55    -19.45  1.00000
  11859     8.55    -19.40  1.00000
  11860     8.55    -19.35  1.00000
  11861     8.55    -19.30  1.00000
  11862     8.55    -19.25  1.00000
  11863     8.55    -19.20  1.00000
  11864     8.55    -19.15  1.00000
  11865     8.55    -19.10  1.00000
  11866     8.55    -19.05  1.00000
  11867     8.55    -19.00  1.00000
  11868     8.55    -18.95  1.00000
  11869     8.55    -18.90  1.00000
  11870     8.55    -18.85  1.00000
  11871     8.55    -18.80  1.00000
  11872     8.55    -18.75  1.00000
  11873     8.55    -18.70  1.00000
  11874     8.55    -18.65  1.00000
  11875     8.55    -18.60  1.00000
  11876     8.55    -18.55  1.00000
  11877     8.55    -18.50  1.00000
  11878     8.55    -18.45  1.00000
  11879     8.55    -18.40  1.00000
  11880     8.55    -18.35  1.00000
  11881     8.55    -18.30  1.00000
  11882     8.55    -18.25  1.00000
  11883     8.55    -18.20  1.00000
  11884     8.55    -18.15  1.00000
  11885     8.55    -18.10  1.00000
  11886     8.55    -18.05  1.00000
  11887     8.55    -18.00  1.00000
  11888     8.55    -17.95  1.00000
  11889     8.55    -17.90  1.00000
  11890     8.55    -17.85  1.00000
  11891     8.55    -17.80  1.00000
  11892     8.55    -17.75  1.00000
  11893     8.55    -17.70  1.00000
  11894     8.55    -17.65  1.00000
  11895     8.55    -17.60  1.00000
  11896     8.55    -17.55  1.00000
  11897     8.55    -17.50  1.00000
  11898     8.55    -17.45  1.00000
  11899     8.55    -17.40  1.00000
  11900     8.55    -17.35  1.00000
  11901     8.55    -17.30  1.00000
  11902     8.55    -17.25  1.00000
  11903     8.55    -17.20  1.00000
  11904     8.55    -17.15  1.00000
  11905     8.55    -17.10  1.00000
  11906     8.55    -17.05  1.00000
  11907     8.55    -17.00  1.00000
  11908     8.55    -16.95  1.00000
  11909     8.55    -16.90  1.00000
  11910     8.55    -16.85  1.00000
  11911     8.55    -16.80  1.00000
  11912     8.55    -16.75  1.00000
  11913     8.55    -16.70  1.00000
  11914     8.55    -16.65  1.00000
  11915     8.55    -16.60  1.00000
  11916     8.55    -16.55  1.00000
  11917     8.55    -16.50  1.00000
  11918     8.55    -16.45  1.00000
  11919     8.55    -16.40  1.00000
  11920     8.55    -16.35  1.00000
  11921     8.55    -16.30  1.00000
  11922     8.55    -16.25  1.00000
  11923     8.55    -16.20  1.00000
  11924     8.55    -16.15  1.00000
  11925     8.55    -16.10  1.00000
  11926     8.55    -16.05  1.00000
  11927     8.55    -16.00  1.00000
  11928     8.55    -15.95  1.00000
  11929     8.55    -15.90  1.00000
  11930     8.55    -15.85  1.00000
  11931     8.55    -15.80  1.00000
  11932     8.55    -15.75  1.00000
  11933     8.55    -15.70  1.00000
  11934     8.55    -15.65  1.00000
  11935     8.55    -15.60  1.00000
  11936     8.55    -15.55  1.00000
  11937     8.55    -15.50  1.00000
  11938     8.55    -15.45  1.00000
  11939     8.55    -15.40  1.00000
  11940     8.55    -15.35  1.00000
  11941     8.55    -15.30  1.00000
  11942     8.55    -15.25  1.00000
  11943     8.55    -15.20  1.00000
  11944     8.55    -15.15  1.00000
  11945     8.55    -15.10  1.00000
  11946     8.55    -15.05  1.00000
  11947     8.55    -15.00  1.00000
  11948     8.55    -14.95  1.00000
  11949     8.60    -20.70  1.00000
  11950     8.60    -20.65  1.00000
  11951     8.60    -20.60  1.00000
  11952     8.60    -20.55  1.00000
  11953     8.60    -20.50  1.00000
  11954     8.60    -20.45  1.00000
  11955     8.60    -20.40  1.00000
  11956     8.60    -20.35  1.00000
  11957     8.60    -20.30  1.00000
  11958     8.60    -20.25  1.00000
  11959     8.60    -20.20  1.00000
  11960     8.60    -20.15  1.00000
  11961     8.60    -20.10  1.00000
  11962     8.60    -20.05  1.00000
  11963     8.60    -20.00  1.00000
  11964     8.60    -19.95  1.00000
  11965     8.60    -19.90  1.00000
  11966     8.60    -19.85  1.00000
  11967     8.60    -19.80  1.00000
  11968     8.60    -19.75  1.00000
  11969     8.60    -19.70  1.00000
  11970     8.60    -19.65  1.00000
  11971     8.60    -19.60  1.00000
  11972     8.60    -19.55  1.00000
  11973     8.60    -19.50  1.00000
  11974     8.60    -19.45  1.00000
  11975     8.60    -19.40  1.00000
  11976     8.60    -19.35  1.00000
  11977     8.60    -19.30  1.00000
  11978     8.60    -19.25  1.00000
  11979     8.60    -19.20  1.00000
  11980     8.60    -19.15  1.00000
  11981     8.60    -19.10  1.00000
  11982     8.60    -19.05  1.00000
  11983     8.60    -19.00  1.00000
  11984     8.60    -18.95  1.00000
  11985     8.60    -18.90  1.00000
  11986     8.60    -18.85  1.00000
  11987     8.60    -18.80  1.00000
  11988     8.60    -18.75  1.00000
  11989     8.60    -18.70  1.00000
  11990     8.60    -18.65  1.00000
  11991     8.60    -18.60  1.00000
  11992     8.60    -18.55  1.00000
  11993     8.60    -18.50  1.00000
  11994     8.60    -18.45  1.00000
  11995     8.60    -18.40  1.00000
  11996     8.60    -18.35  1.00000
  11997     8.60    -18.30  1.00000
  11998     8.60    -18.25  1.00000
  11999     8.60    -18.20  1.00000
  12000     8.60    -18.15  1.00000
  12001     8.60    -18.10  1.00000
  12002     8.60    -18.05  1.00000
  12003     8.60    -18.00  1.00000
  12004     8.60    -17.95  1.00000
  12005     8.60    -17.90  1.00000
  12006     8.60    -17.85  1.00000
  12007     8.60    -17.80  1.00000
  12008     8.60    -17.75  1.00000
  12009     8.60    -17.70  1.00000
  12010     8.60    -17.65  1.00000
  12011     8.60    -17.60  1.00000
  12012     8.60    -17.55  1.00000
  12013     8.60    -17.50  1.00000
  12014     8.60    -17.45  1.00000
  12015     8.60    -17.40  1.00000
  12016     8.60    -17.35  1.00000
  12017     8.60    -17.30  1.00000
  12018     8.60    -17.25  1.00000
  12019     8.60    -17.20  1.00000
  12020     8.60    -17.15  1.00000
  12021     8.60    -17.10  1.00000
  12022     8.60    -17.05  1.00000
  12023     8.60    -17.00  1.00000
  12024     8.60    -16.95  1.00000
  12025     8.60    -16.90  1.00000
  12026     8.60    -16.85  1.00000
  12027     8.60    -16.80  1.00000
  12028     8.60    -16.75  1.00000
  12029     8.60    -16.70  1.00000
  12030     8.60    -16.65  1.00000
  12031     8.60    -16.60  1.00000
  12032     8.60    -16.55  1.00000
  12033     8.60    -16.50  1.00000
  12034     8.60    -16.45  1.00000
  12035     8.60    -16.40  1.00000
  12036     8.60    -16.35  1.00000
  12037     8.60    -16.30  1.00000
  12038     8.60    -16.25  1.00000
  12039     8.60    -16.20  1.00000
  12040     8.60    -16.15  1.00000
  12041     8.60    -16.10  1.00000
  12042     8.60    -16.05  1.00000
  12043     8.60    -16.00  1.00000
  12044     8.60    -15.95  1.00000
  12045     8.60    -15.90  1.00000
  12046     8.60    -15.85  1.00000
  12047     8.60    -15.80  1.00000
  12048     8.60    -15.75  1.00000
  12049     8.60    -15.70  1.00000
  12050     8.60    -15.65  1.00000
  12051     8.60    -15.60  1.00000
  12052     8.60    -15.55  1.00000
  12053     8.60    -15.50  1.00000
  12054     8.60    -15.45  1.00000
  12055     8.60    -15.40  1.00000
  12056     8.60    -15.35  1.00000
  12057     8.60    -15.30  1.00000
  12058     8.60    -15.25  1.00000
  12059     8.60    -15.20  1.00000
  12060     8.60    -15.15  1.00000
  12061     8.60    -15.10  1.00000
  12062     8.60    -15.05  1.00000
  12063     8.60    -15.00  1.00000
  12064     8.60    -14.95  1.00000
  12065     8.65    -20.70  1.00000
  12066     8.65    -20.65  1.00000
  12067     8.65    -20.60  1.00000
  12068     8.65    -20.55  1.00000
  12069     8.65    -20.50  1.00000
  12070     8.65    -20.45  1.00000
  12071     8.65    -20.40  1.00000
  12072     8.65    -20.35  1.00000
  12073     8.65    -20.30  1.00000
  12074     8.65    -20.25  1.00000
  12075     8.65    -20.20  1.00000
  12076     8.65    -20.15  1.00000
  12077     8.65    -20.10  1.00000
  12078     8.65    -20.05  1.00000
  12079     8.65    -20.00  1.00000
  12080     8.65    -19.95  1.00000
  12081     8.65    -19.90  1.00000
  12082     8.65    -19.85  1.00000
  12083     8.65    -19.80  1.00000
  12084     8.65    -19.75  1.00000
  12085     8.65    -19.70  1.00000
  12086     8.65    -19.65  1.00000
  12087     8.65    -19.60  1.00000
  12088     8.65    -19.55  1.00000
  12089     8.65    -19.50  1.00000
  12090     8.65    -19.45  1.00000
  12091     8.65    -19.40  1.00000
  12092     8.65    -19.35  1.00000
  12093     8.65    -19.30  1.00000
  12094     8.65    -19.25  1.00000
  12095     8.65    -19.20  1.00000
  12096     8.65    -19.15  1.00000
  12097     8.65    -19.10  1.00000
  12098     8.65    -19.05  1.00000
  12099     8.65    -19.00  1.00000
  12100     8.65    -18.95  1.00000
  12101     8.65    -18.90  1.00000
  12102     8.65    -18.85  1.00000
  12103     8.65    -18.80  1.00000
  12104     8.65    -18.75  1.00000
  12105     8.65    -18.70  1.00000
  12106     8.65    -18.65  1.00000
  12107     8.65    -18.60  1.00000
  12108     8.65    -18.55  1.00000
  12109     8.65    -18.50  1.00000
  12110     8.65    -18.45  1.00000
  12111     8.65    -18.40  1.00000
  12112     8.65    -18.35  1.00000
  12113     8.65    -18.30  1.00000
  12114     8.65    -18.25  1.00000
  12115     8.65    -18.20  1.00000
  12116     8.65    -18.15  1.00000
  12117     8.65    -18.10  1.00000
  12118     8.65    -18.05  1.00000
  12119     8.65    -18.00  1.00000
  12120     8.65    -17.95  1.00000
  12121     8.65    -17.90  1.00000
  12122     8.65    -17.85  1.00000
  12123     8.65    -17.80  1.00000
  12124     8.65    -17.75  1.00000
  12125     8.65    -17.70  1.00000
  12126     8.65    -17.65  1.00000
  12127     8.65    -17.60  1.00000
  12128     8.65    -17.55  1.00000
  12129     8.65    -17.50  1.00000
  12130     8.65    -17.45  1.00000
  12131     8.65    -17.40  1.00000
  12132     8.65    -17.35  1.00000
  12133     8.65    -17.30  1.00000
  12134     8.65    -17.25  1.00000
  12135     8.65    -17.20  1.00000
  12136     8.65    -17.15  1.00000
  12137     8.65    -17.10  1.00000
  12138     8.65    -17.05  1.00000
  12139     8.65    -17.00  1.00000
  12140     8.65    -16.95  1.00000
  12141     8.65    -16.90  1.00000
  12142     8.65    -16.85  1.00000
  12143     8.65    -16.80  1.00000
  12144     8.65    -16.75  1.00000
  12145     8.65    -16.70  1.00000
  12146     8.65    -16.65  1.00000
  12147     8.65    -16.60  1.00000
  12148     8.65    -16.55  1.00000
  12149     8.65    -16.50  1.00000
  12150     8.65    -16.45  1.00000
  12151     8.65    -16.40  1.00000
  12152     8.65    -16.35  1.00000
  12153     8.65    -16.30  1.00000
  12154     8.65    -16.25  1.00000
  12155     8.65    -16.20  1.00000
  12156     8.65    -16.15  1.00000
  12157     8.65    -16.10  1.00000
  12158     8.65    -16.05  1.00000
  12159     8.65    -16.00  1.00000
  12160     8.65    -15.95  1.00000
  12161     8.65    -15.90  1.00000
  12162     8.65    -15.85  1.00000
  12163     8.65    -15.80  1.00000
  12164     8.65    -15.75  1.00000
  12165     8.65    -15.70  1.00000
  12166     8.65    -15.65  1.00000
  12167     8.65    -15.60  1.00000
  12168     8.65    -15.55  1.00000
  12169     8.65    -15.50  1.00000
  12170     8.65    -15.45  1.00000
  12171     8.65    -15.40  1.00000
  12172     8.65    -15.35  1.00000
  12173     8.65    -15.30  1.00000
  12174     8.65    -15.25  1.00000
  12175     8.65    -15.20  1.00000
  12176     8.65    -15.15  1.00000
  12177     8.65    -15.10  1.00000
  12178     8.65    -15.05  1.00000
  12179     8.65    -15.00  1.00000
  12180     8.65    -14.95  1.00000
  12181     8.70    -20.70  1.00000
  12182     8.70    -20.65  1.00000
  12183     8.70    -20.60  1.00000
  12184     8.70    -20.55  1.00000
  12185     8.70    -20.50  1.00000
  12186     8.70    -20.45  1.00000
  12187     8.70    -20.40  1.00000
  12188     8.70    -20.35  1.00000
  12189     8.70    -20.30  1.00000
  12190     8.70    -20.25  1.00000
  12191     8.70    -20.20  1.00000
  12192     8.70    -20.15  1.00000
  12193     8.70    -20.10  1.00000
  12194     8.70    -20.05  1.00000
  12195     8.70    -20.00  1.00000
  12196     8.70    -19.95  1.00000
  12197     8.70    -19.90  1.00000
  12198     8.70    -19.85  1.00000
  12199     8.70    -19.80  1.00000
  12200     8.70    -19.75  1.00000
  12201     8.70    -19.70  1.00000
  12202     8.70    -19.65  1.00000
  12203     8.70    -19.60  1.00000
  12204     8.70    -19.55  1.00000
  12205     8.70    -19.50  1.00000
  12206     8.70    -19.45  1.00000
  12207     8.70    -19.40  1.00000
  12208     8.70    -19.35  1.00000
  12209     8.70    -19.30  1.00000
  12210     8.70    -19.25  1.00000
  12211     8.70    -19.20  1.00000
  12212     8.70    -19.15  1.00000
  12213     8.70    -19.10  1.00000
  12214     8.70    -19.05  1.00000
  12215     8.70    -19.00  1.00000
  12216     8.70    -18.95  1.00000
  12217     8.70    -18.90  1.00000
  12218     8.70    -18.85  1.00000
  12219     8.70    -18.80  1.00000
  12220     8.70    -18.75  1.00000
  12221     8.70    -18.70  1.00000
  12222     8.70    -18.65  1.00000
  12223     8.70    -18.60  1.00000
  12224     8.70    -18.55  1.00000
  12225     8.70    -18.50  1.00000
  12226     8.70    -18.45  1.00000
  12227     8.70    -18.40  1.00000
  12228     8.70    -18.35  1.00000
  12229     8.70    -18.30  1.00000
  12230     8.70    -18.25  1.00000
  12231     8.70    -18.20  1.00000
  12232     8.70    -18.15  1.00000
  12233     8.70    -18.10  1.00000
  12234     8.70    -18.05  1.00000
  12235     8.70    -18.00  1.00000
  12236     8.70    -17.95  1.00000
  12237     8.70    -17.90  1.00000
  12238     8.70    -17.85  1.00000
  12239     8.70    -17.80  1.00000
  12240     8.70    -17.75  1.00000
  12241     8.70    -17.70  1.00000
  12242     8.70    -17.65  1.00000
  12243     8.70    -17.60  1.00000
  12244     8.70    -17.55  1.00000
  12245     8.70    -17.50  1.00000
  12246     8.70    -17.45  1.00000
  12247     8.70    -17.40  1.00000
  12248     8.70    -17.35  1.00000
  12249     8.70    -17.30  1.00000
  12250     8.70    -17.25  1.00000
  12251     8.70    -17.20  1.00000
  12252     8.70    -17.15  1.00000
  12253     8.70    -17.10  1.00000
  12254     8.70    -17.05  1.00000
  12255     8.70    -17.00  1.00000
  12256     8.70    -16.95  1.00000
  12257     8.70    -16.90  1.00000
  12258     8.70    -16.85  1.00000
  12259     8.70    -16.80  1.00000
  12260     8.70    -16.75  1.00000
  12261     8.70    -16.70  1.00000
  12262     8.70    -16.65  1.00000
  12263     8.70    -16.60  1.00000
  12264     8.70    -16.55  1.00000
  12265     8.70    -16.50  1.00000
  12266     8.70    -16.45  1.00000
  12267     8.70    -16.40  1.00000
  12268     8.70    -16.35  1.00000
  12269     8.70    -16.30  1.00000
  12270     8.70    -16.25  1.00000
  12271     8.70    -16.20  1.00000
  12272     8.70    -16.15  1.00000
  12273     8.70    -16.10  1.00000
  12274     8.70    -16.05  1.00000
  12275     8.70    -16.00  1.00000
  12276     8.70    -15.95  1.00000
  12277     8.70    -15.90  1.00000
  12278     8.70    -15.85  1.00000
  12279     8.70    -15.80  1.00000
  12280     8.70    -15.75  1.00000
  12281     8.70    -15.70  1.00000
  12282     8.70    -15.65  1.00000
  12283     8.70    -15.60  1.00000
  12284     8.70    -15.55  1.00000
  12285     8.70    -15.50  1.00000
  12286     8.70    -15.45  1.00000
  12287     8.70    -15.40  1.00000
  12288     8.70    -15.35  1.00000
  12289     8.70    -15.30  1.00000
  12290     8.70    -15.25  1.00000
  12291     8.70    -15.20  1.00000
  12292     8.70    -15.15  1.00000
  12293     8.70    -15.10  1.00000
  12294     8.70    -15.05  1.00000
  12295     8.70    -15.00  1.00000
  12296     8.70    -14.95  1.00000
  12297     8.75    -20.70  1.00000
  12298     8.75    -20.65  1.00000
  12299     8.75    -20.60  1.00000
  12300     8.75    -20.55  1.00000
  12301     8.75    -20.50  1.00000
  12302     8.75    -20.45  1.00000
  12303     8.75    -20.40  1.00000
  12304     8.75    -20.35  1.00000
  12305     8.75    -20.30  1.00000
  12306     8.75    -20.25  1.00000
  12307     8.75    -20.20  1.00000
  12308     8.75    -20.15  1.00000
  12309     8.75    -20.10  1.00000
  12310     8.75    -20.05  1.00000
  12311     8.75    -20.00  1.00000
  12312     8.75    -19.95  1.00000
  12313     8.75    -19.90  1.00000
  12314     8.75    -19.85  1.00000
  12315     8.75    -19.80  1.00000
  12316     8.75    -19.75  1.00000
  12317     8.75    -19.70  1.00000
  12318     8.75    -19.65  1.00000
  12319     8.75    -19.60  1.00000
  12320     8.75    -19.55  1.00000
  12321     8.75    -19.50  1.00000
  12322     8.75    -19.45  1.00000
  12323     8.75    -19.40  1.00000
  12324     8.75    -19.35  1.00000
  12325     8.75    -19.30  1.00000
  12326     8.75    -19.25  1.00000
  12327     8.75    -19.20  1.00000
  12328     8.75    -19.15  1.00000
  12329     8.75    -19.10  1.00000
  12330     8.75    -19.05  1.00000
  12331     8.75    -19.00  1.00000
  12332     8.75    -18.95  1.00000
  12333     8.75    -18.90  1.00000
  12334     8.75    -18.85  1.00000
  12335     8.75    -18.80  1.00000
  12336     8.75    -18.75  1.00000
  12337     8.75    -18.70  1.00000
  12338     8.75    -18.65  1.00000
  12339     8.75    -18.60  1.00000
  12340     8.75    -18.55  1.00000
  12341     8.75    -18.50  1.00000
  12342     8.75    -18.45  1.00000
  12343     8.75    -18.40  1.00000
  12344     8.75    -18.35  1.00000
  12345     8.75    -18.30  1.00000
  12346     8.75    -18.25  1.00000
  12347     8.75    -18.20  1.00000
  12348     8.75    -18.15  1.00000
  12349     8.75    -18.10  1.00000
  12350     8.75    -18.05  1.00000
  12351     8.75    -18.00  1.00000
  12352     8.75    -17.95  1.00000
  12353     8.75    -17.90  1.00000
  12354     8.75    -17.85  1.00000
  12355     8.75    -17.80  1.00000
  12356     8.75    -17.75  1.00000
  12357     8.75    -17.70  1.00000
  12358     8.75    -17.65  1.00000
  12359     8.75    -17.60  1.00000
  12360     8.75    -17.55  1.00000
  12361     8.75    -17.50  1.00000
  12362     8.75    -17.45  1.00000
  12363     8.75    -17.40  1.00000
  12364     8.75    -17.35  1.00000
  12365     8.75    -17.30  1.00000
  12366     8.75    -17.25  1.00000
  12367     8.75    -17.20  1.00000
  12368     8.75    -17.15  1.00000
  12369     8.75    -17.10  1.00000
  12370     8.75    -17.05  1.00000
  12371     8.75    -17.00  1.00000
  12372     8.75    -16.95  1.00000
  12373     8.75    -16.90  1.00000
  12374     8.75    -16.85  1.00000
  12375     8.75    -16.80  1.00000
  12376     8.75    -16.75  1.00000
  12377     8.75    -16.70  1.00000
  12378     8.75    -16.65  1.00000
  12379     8.75    -16.60  1.00000
  12380     8.75    -16.55  1.00000
  12381     8.75    -16.50  1.00000
  12382     8.75    -16.45  1.00000
  12383     8.75    -16.40  1.00000
  12384     8.75    -16.35  1.00000
  12385     8.75    -16.30  1.00000
  12386     8.75    -16.25  1.00000
  12387     8.75    -16.20  1.00000
  12388     8.75    -16.15  1.00000
  12389     8.75    -16.10  1.00000
  12390     8.75    -16.05  1.00000
  12391     8.75    -16.00  1.00000
  12392     8.75    -15.95  1.00000
  12393     8.75    -15.90  1.00000
  12394     8.75    -15.85  1.00000
  12395     8.75    -15.80  1.00000
  12396     8.75    -15.75  1.00000
  12397     8.75    -15.70  1.00000
  12398     8.75    -15.65  1.00000
  12399     8.75    -15.60  1.00000
  12400     8.75    -15.55  1.00000
  12401     8.75    -15.50  1.00000
  12402     8.75    -15.45  1.00000
  12403     8.75    -15.40  1.00000
  12404     8.75    -15.35  1.00000
  12405     8.75    -15.30  1.00000
  12406     8.75    -15.25  1.00000
  12407     8.75    -15.20  1.00000
  12408     8.75    -15.15  1.00000
  12409     8.75    -15.10  1.00000
  12410     8.75    -15.05  1.00000
  12411     8.75    -15.00  1.00000
  12412     8.75    -14.95  1.00000
  12413     8.80    -20.70  1.00000
  12414     8.80    -20.65  1.00000
  12415     8.80    -20.60  1.00000
  12416     8.80    -20.55  1.00000
  12417     8.80    -20.50  1.00000
  12418     8.80    -20.45  1.00000
  12419     8.80    -20.40  1.00000
  12420     8.80    -20.35  1.00000
  12421     8.80    -20.30  1.00000
  12422     8.80    -20.25  1.00000
  12423     8.80    -20.20  1.00000
  12424     8.80    -20.15  1.00000
  12425     8.80    -20.10  1.00000
  12426     8.80    -20.05  1.00000
  12427     8.80    -20.00  1.00000
  12428     8.80    -19.95  1.00000
  12429     8.80    -19.90  1.00000
  12430     8.80    -19.85  1.00000
  12431     8.80    -19.80  1.00000
  12432     8.80    -19.75  1.00000
  12433     8.80    -19.70  1.00000
  12434     8.80    -19.65  1.00000
  12435     8.80    -19.60  1.00000
  12436     8.80    -19.55  1.00000
  12437     8.80    -19.50  1.00000
  12438     8.80    -19.45  1.00000
  12439     8.80    -19.40  1.00000
  12440     8.80    -19.35  1.00000
  12441     8.80    -19.30  1.00000
  12442     8.80    -19.25  1.00000
  12443     8.80    -19.20  1.00000
  12444     8.80    -19.15  1.00000
  12445     8.80    -19.10  1.00000
  12446     8.80    -19.05  1.00000
  12447     8.80    -19.00  1.00000
  12448     8.80    -18.95  1.00000
  12449     8.80    -18.90  1.00000
  12450     8.80    -18.85  1.00000
  12451     8.80    -18.80  1.00000
  12452     8.80    -18.75  1.00000
  12453     8.80    -18.70  1.00000
  12454     8.80    -18.65  1.00000
  12455     8.80    -18.60  1.00000
  12456     8.80    -18.55  1.00000
  12457     8.80    -18.50  1.00000
  12458     8.80    -18.45  1.00000
  12459     8.80    -18.40  1.00000
  12460     8.80    -18.35  1.00000
  12461     8.80    -18.30  1.00000
  12462     8.80    -18.25  1.00000
  12463     8.80    -18.20  1.00000
  12464     8.80    -18.15  1.00000
  12465     8.80    -18.10  1.00000
  12466     8.80    -18.05  1.00000
  12467     8.80    -18.00  1.00000
  12468     8.80    -17.95  1.00000
  12469     8.80    -17.90  1.00000
  12470     8.80    -17.85  1.00000
  12471     8.80    -17.80  1.00000
  12472     8.80    -17.75  1.00000
  12473     8.80    -17.70  1.00000
  12474     8.80    -17.65  1.00000
  12475     8.80    -17.60  1.00000
  12476     8.80    -17.55  1.00000
  12477     8.80    -17.50  1.00000
  12478     8.80    -17.45  1.00000
  12479     8.80    -17.40  1.00000
  12480     8.80    -17.35  1.00000
  12481     8.80    -17.30  1.00000
  12482     8.80    -17.25  1.00000
  12483     8.80    -17.20  1.00000
  12484     8.80    -17.15  1.00000
  12485     8.80    -17.10  1.00000
  12486     8.80    -17.05  1.00000
  12487     8.80    -17.00  1.00000
  12488     8.80    -16.95  1.00000
  12489     8.80    -16.90  1.00000
  12490     8.80    -16.85  1.00000
  12491     8.80    -16.80  1.00000
  12492     8.80    -16.75  1.00000
  12493     8.80    -16.70  1.00000
  12494     8.80    -16.65  1.00000
  12495     8.80    -16.60  1.00000
  12496     8.80    -16.55  1.00000
  12497     8.80    -16.50  1.00000
  12498     8.80    -16.45  1.00000
  12499     8.80    -16.40  1.00000
  12500     8.80    -16.35  1.00000
  12501     8.80    -16.30  1.00000
  12502     8.80    -16.25  1.00000
  12503     8.80    -16.20  1.00000
  12504     8.80    -16.15  1.00000
  12505     8.80    -16.10  1.00000
  12506     8.80    -16.05  1.00000
  12507     8.80    -16.00  1.00000
  12508     8.80    -15.95  1.00000
  12509     8.80    -15.90  1.00000
  12510     8.80    -15.85  1.00000
  12511     8.80    -15.80  1.00000
  12512     8.80    -15.75  1.00000
  12513     8.80    -15.70  1.00000
  12514     8.80    -15.65  1.00000
  12515     8.80    -15.60  1.00000
  12516     8.80    -15.55  1.00000
  12517     8.80    -15.50  1.00000
  12518     8.80    -15.45  1.00000
  12519     8.80    -15.40  1.00000
  12520     8.80    -15.35  1.00000
  12521     8.80    -15.30  1.00000
  12522     8.80    -15.25  1.00000
  12523     8.80    -15.20  1.00000
  12524     8.80    -15.15  1.00000
  12525     8.80    -15.10  1.00000
  12526     8.80    -15.05  1.00000
  12527     8.80    -15.00  1.00000
  12528     8.80    -14.95  1.00000
  12529     8.85    -20.70  1.00000
  12530     8.85    -20.65  1.00000
  12531     8.85    -20.60  1.00000
  12532     8.85    -20.55  1.00000
  12533     8.85    -20.50  1.00000
  12534     8.85    -20.45  1.00000
  12535     8.85    -20.40  1.00000
  12536     8.85    -20.35  1.00000
  12537     8.85    -20.30  1.00000
  12538     8.85    -20.25  1.00000
  12539     8.85    -20.20  1.00000
  12540     8.85    -20.15  1.00000
  12541     8.85    -20.10  1.00000
  12542     8.85    -20.05  1.00000
  12543     8.85    -20.00  1.00000
  12544     8.85    -19.95  1.00000
  12545     8.85    -19.90  1.00000
  12546     8.85    -19.85  1.00000
  12547     8.85    -19.80  1.00000
  12548     8.85    -19.75  1.00000
  12549     8.85    -19.70  1.00000
  12550     8.85    -19.65  1.00000
  12551     8.85    -19.60  1.00000
  12552     8.85    -19.55  1.00000
  12553     8.85    -19.50  1.00000
  12554     8.85    -19.45  1.00000
  12555     8.85    -19.40  1.00000
  12556     8.85    -19.35  1.00000
  12557     8.85    -19.30  1.00000
  12558     8.85    -19.25  1.00000
  12559     8.85    -19.20  1.00000
  12560     8.85    -19.15  1.00000
  12561     8.85    -19.10  1.00000
  12562     8.85    -19.05  1.00000
  12563     8.85    -19.00  1.00000
  12564     8.85    -18.95  1.00000
  12565     8.85    -18.90  1.00000
  12566     8.85    -18.85  1.00000
  12567     8.85    -18.80  1.00000
  12568     8.85    -18.75  1.00000
  12569     8.85    -18.70  1.00000
  12570     8.85    -18.65  1.00000
  12571     8.85    -18.60  1.00000
  12572     8.85    -18.55  1.00000
  12573     8.85    -18.50  1.00000
  12574     8.85    -18.45  1.00000
  12575     8.85    -18.40  1.00000
  12576     8.85    -18.35  1.00000
  12577     8.85    -18.30  1.00000
  12578     8.85    -18.25  1.00000
  12579     8.85    -18.20  1.00000
  12580     8.85    -18.15  1.00000
  12581     8.85    -18.10  1.00000
  12582     8.85    -18.05  1.00000
  12583     8.85    -18.00  1.00000
  12584     8.85    -17.95  1.00000
  12585     8.85    -17.90  1.00000
  12586     8.85    -17.85  1.00000
  12587     8.85    -17.80  1.00000
  12588     8.85    -17.75  1.00000
  12589     8.85    -17.70  1.00000
  12590     8.85    -17.65  1.00000
  12591     8.85    -17.60  1.00000
  12592     8.85    -17.55  1.00000
  12593     8.85    -17.50  1.00000
  12594     8.85    -17.45  1.00000
  12595     8.85    -17.40  1.00000
  12596     8.85    -17.35  1.00000
  12597     8.85    -17.30  1.00000
  12598     8.85    -17.25  1.00000
  12599     8.85    -17.20  1.00000
  12600     8.85    -17.15  1.00000
  12601     8.85    -17.10  1.00000
  12602     8.85    -17.05  1.00000
  12603     8.85    -17.00  1.00000
  12604     8.85    -16.95  1.00000
  12605     8.85    -16.90  1.00000
  12606     8.85    -16.85  1.00000
  12607     8.85    -16.80  1.00000
  12608     8.85    -16.75  1.00000
  12609     8.85    -16.70  1.00000
  12610     8.85    -16.65  1.00000
  12611     8.85    -16.60  1.00000
  12612     8.85    -16.55  1.00000
  12613     8.85    -16.50  1.00000
  12614     8.85    -16.45  1.00000
  12615     8.85    -16.40  1.00000
  12616     8.85    -16.35  1.00000
  12617     8.85    -16.30  1.00000
  12618     8.85    -16.25  1.00000
  12619     8.85    -16.20  1.00000
  12620     8.85    -16.15  1.00000
  12621     8.85    -16.10  1.00000
  12622     8.85    -16.05  1.00000
  12623     8.85    -16.00  1.00000
  12624     8.85    -15.95  1.00000
  12625     8.85    -15.90  1.00000
  12626     8.85    -15.85  1.00000
  12627     8.85    -15.80  1.00000
  12628     8.85    -15.75  1.00000
  12629     8.85    -15.70  1.00000
  12630     8.85    -15.65  1.00000
  12631     8.85    -15.60  1.00000
  12632     8.85    -15.55  1.00000
  12633     8.85    -15.50  1.00000
  12634     8.85    -15.45  1.00000
  12635     8.85    -15.40  1.00000
  12636     8.85    -15.35  1.00000
  12637     8.85    -15.30  1.00000
  12638     8.85    -15.25  1.00000
  12639     8.85    -15.20  1.00000
  12640     8.85    -15.15  1.00000
  12641     8.85    -15.10  1.00000
  12642     8.85    -15.05  1.00000
  12643     8.85    -15.00  1.00000
  12644     8.85    -14.95  1.00000
  12645     8.90    -20.70  1.00000
  12646     8.90    -20.65  1.00000
  12647     8.90    -20.60  1.00000
  12648     8.90    -20.55  1.00000
  12649     8.90    -20.50  1.00000
  12650     8.90    -20.45  1.00000
  12651     8.90    -20.40  1.00000
  12652     8.90    -20.35  1.00000
  12653     8.90    -20.30  1.00000
  12654     8.90    -20.25  1.00000
  12655     8.90    -20.20  1.00000
  12656     8.90    -20.15  1.00000
  12657     8.90    -20.10  1.00000
  12658     8.90    -20.05  1.00000
  12659     8.90    -20.00  1.00000
  12660     8.90    -19.95  1.00000
  12661     8.90    -19.90  1.00000
  12662     8.90    -19.85  1.00000
  12663     8.90    -19.80  1.00000
  12664     8.90    -19.75  1.00000
  12665     8.90    -19.70  1.00000
  12666     8.90    -19.65  1.00000
  12667     8.90    -19.60  1.00000
  12668     8.90    -19.55  1.00000
  12669     8.90    -19.50  1.00000
  12670     8.90    -19.45  1.00000
  12671     8.90    -19.40  1.00000
  12672     8.90    -19.35  1.00000
  12673     8.90    -19.30  1.00000
  12674     8.90    -19.25  1.00000
  12675     8.90    -19.20  1.00000
  12676     8.90    -19.15  1.00000
  12677     8.90    -19.10  1.00000
  12678     8.90    -19.05  1.00000
  12679     8.90    -19.00  1.00000
  12680     8.90    -18.95  1.00000
  12681     8.90    -18.90  1.00000
  12682     8.90    -18.85  1.00000
  12683     8.90    -18.80  1.00000
  12684     8.90    -18.75  1.00000
  12685     8.90    -18.70  1.00000
  12686     8.90    -18.65  1.00000
  12687     8.90    -18.60  1.00000
  12688     8.90    -18.55  1.00000
  12689     8.90    -18.50  1.00000
  12690     8.90    -18.45  1.00000
  12691     8.90    -18.40  1.00000
  12692     8.90    -18.35  1.00000
  12693     8.90    -18.30  1.00000
  12694     8.90    -18.25  1.00000
  12695     8.90    -18.20  1.00000
  12696     8.90    -18.15  1.00000
  12697     8.90    -18.10  1.00000
  12698     8.90    -18.05  1.00000
  12699     8.90    -18.00  1.00000
  12700     8.90    -17.95  1.00000
  12701     8.90    -17.90  1.00000
  12702     8.90    -17.85  1.00000
  12703     8.90    -17.80  1.00000
  12704     8.90    -17.75  1.00000
  12705     8.90    -17.70  1.00000
  12706     8.90    -17.65  1.00000
  12707     8.90    -17.60  1.00000
  12708     8.90    -17.55  1.00000
  12709     8.90    -17.50  1.00000
  12710     8.90    -17.45  1.00000
  12711     8.90    -17.40  1.00000
  12712     8.90    -17.35  1.00000
  12713     8.90    -17.30  1.00000
  12714     8.90    -17.25  1.00000
  12715     8.90    -17.20  1.00000
  12716     8.90    -17.15  1.00000
  12717     8.90    -17.10  1.00000
  12718     8.90    -17.05  1.00000
  12719     8.90    -17.00  1.00000
  12720     8.90    -16.95  1.00000
  12721     8.90    -16.90  1.00000
  12722     8.90    -16.85  1.00000
  12723     8.90    -16.80  1.00000
  12724     8.90    -16.75  1.00000
  12725     8.90    -16.70  1.00000
  12726     8.90    -16.65  1.00000
  12727     8.90    -16.60  1.00000
  12728     8.90    -16.55  1.00000
  12729     8.90    -16.50  1.00000
  12730     8.90    -16.45  1.00000
  12731     8.90    -16.40  1.00000
  12732     8.90    -16.35  1.00000
  12733     8.90    -16.30  1.00000
  12734     8.90    -16.25  1.00000
  12735     8.90    -16.20  1.00000
  12736     8.90    -16.15  1.00000
  12737     8.90    -16.10  1.00000
  12738     8.90    -16.05  1.00000
  12739     8.90    -16.00  1.00000
  12740     8.90    -15.95  1.00000
  12741     8.90    -15.90  1.00000
  12742     8.90    -15.85  1.00000
  12743     8.90    -15.80  1.00000
  12744     8.90    -15.75  1.00000
  12745     8.90    -15.70  1.00000
  12746     8.90    -15.65  1.00000
  12747     8.90    -15.60  1.00000
  12748     8.90    -15.55  1.00000
  12749     8.90    -15.50  1.00000
  12750     8.90    -15.45  1.00000
  12751     8.90    -15.40  1.00000
  12752     8.90    -15.35  1.00000
  12753     8.90    -15.30  1.00000
  12754     8.90    -15.25  1.00000
  12755     8.90    -15.20  1.00000
  12756     8.90    -15.15  1.00000
  12757     8.90    -15.10  1.00000
  12758     8.90    -15.05  1.00000
  12759     8.90    -15.00  1.00000
  12760     8.90    -14.95  1.00000
  12761     8.95    -20.70  1.00000
  12762     8.95    -20.65  1.00000
  12763     8.95    -20.60  1.00000
  12764     8.95    -20.55  1.00000
  12765     8.95    -20.50  1.00000
  12766     8.95    -20.45  1.00000
  12767     8.95    -20.40  1.00000
  12768     8.95    -20.35  1.00000
  12769     8.95    -20.30  1.00000
  12770     8.95    -20.25  1.00000
  12771     8.95    -20.20  1.00000
  12772     8.95    -20.15  1.00000
  12773     8.95    -20.10  1.00000
  12774     8.95    -20.05  1.00000
  12775     8.95    -20.00  1.00000
  12776     8.95    -19.95  1.00000
  12777     8.95    -19.90  1.00000
  12778     8.95    -19.85  1.00000
  12779     8.95    -19.80  1.00000
  12780     8.95    -19.75  1.00000
  12781     8.95    -19.70  1.00000
  12782     8.95    -19.65  1.00000
  12783     8.95    -19.60  1.00000
  12784     8.95    -19.55  1.00000
  12785     8.95    -19.50  1.00000
  12786     8.95    -19.45  1.00000
  12787     8.95    -19.40  1.00000
  12788     8.95    -19.35  1.00000
  12789     8.95    -19.30  1.00000
  12790     8.95    -19.25  1.00000
  12791     8.95    -19.20  1.00000
  12792     8.95    -19.15  1.00000
  12793     8.95    -19.10  1.00000
  12794     8.95    -19.05  1.00000
  12795     8.95    -19.00  1.00000
  12796     8.95    -18.95  1.00000
  12797     8.95    -18.90  1.00000
  12798     8.95    -18.85  1.00000
  12799     8.95    -18.80  1.00000
  12800     8.95    -18.75  1.00000
  12801     8.95    -18.70  1.00000
  12802     8.95    -18.65  1.00000
  12803     8.95    -18.60  1.00000
  12804     8.95    -18.55  1.00000
  12805     8.95    -18.50  1.00000
  12806     8.95    -18.45  1.00000
  12807     8.95    -18.40  1.00000
  12808     8.95    -18.35  1.00000
  12809     8.95    -18.30  1.00000
  12810     8.95    -18.25  1.00000
  12811     8.95    -18.20  1.00000
  12812     8.95    -18.15  1.00000
  12813     8.95    -18.10  1.00000
  12814     8.95    -18.05  1.00000
  12815     8.95    -18.00  1.00000
  12816     8.95    -17.95  1.00000
  12817     8.95    -17.90  1.00000
  12818     8.95    -17.85  1.00000
  12819     8.95    -17.80  1.00000
  12820     8.95    -17.75  1.00000
  12821     8.95    -17.70  1.00000
  12822     8.95    -17.65  1.00000
  12823     8.95    -17.60  1.00000
  12824     8.95    -17.55  1.00000
  12825     8.95    -17.50  1.00000
  12826     8.95    -17.45  1.00000
  12827     8.95    -17.40  1.00000
  12828     8.95    -17.35  1.00000
  12829     8.95    -17.30  1.00000
  12830     8.95    -17.25  1.00000
  12831     8.95    -17.20  1.00000
  12832     8.95    -17.15  1.00000
  12833     8.95    -17.10  1.00000
  12834     8.95    -17.05  1.00000
  12835     8.95    -17.00  1.00000
  12836     8.95    -16.95  1.00000
  12837     8.95    -16.90  1.00000
  12838     8.95    -16.85  1.00000
  12839     8.95    -16.80  1.00000
  12840     8.95    -16.75  1.00000
  12841     8.95    -16.70  1.00000
  12842     8.95    -16.65  1.00000
  12843     8.95    -16.60  1.00000
  12844     8.95    -16.55  1.00000
  12845     8.95    -16.50  1.00000
  12846     8.95    -16.45  1.00000
  12847     8.95    -16.40  1.00000
  12848     8.95    -16.35  1.00000
  12849     8.95    -16.30  1.00000
  12850     8.95    -16.25  1.00000
  12851     8.95    -16.20  1.00000
  12852     8.95    -16.15  1.00000
  12853     8.95    -16.10  1.00000
  12854     8.95    -16.05  1.00000
  12855     8.95    -16.00  1.00000
  12856     8.95    -15.95  1.00000
  12857     8.95    -15.90  1.00000
  12858     8.95    -15.85  1.00000
  12859     8.95    -15.80  1.00000
  12860     8.95    -15.75  1.00000
  12861     8.95    -15.70  1.00000
  12862     8.95    -15.65  1.00000
  12863     8.95    -15.60  1.00000
  12864     8.95    -15.55  1.00000
  12865     8.95    -15.50  1.00000
  12866     8.95    -15.45  1.00000
  12867     8.95    -15.40  1.00000
  12868     8.95    -15.35  1.00000
  12869     8.95    -15.30  1.00000
  12870     8.95    -15.25  1.00000
  12871     8.95    -15.20  1.00000
  12872     8.95    -15.15  1.00000
  12873     8.95    -15.10  1.00000
  12874     8.95    -15.05  1.00000
  12875     8.95    -15.00  1.00000
  12876     8.95    -14.95  1.00000
  12877     9.00    -20.70  1.00000
  12878     9.00    -20.65  1.00000
  12879     9.00    -20.60  1.00000
  12880     9.00    -20.55  1.00000
  12881     9.00    -20.50  1.00000
  12882     9.00    -20.45  1.00000
  12883     9.00    -20.40  1.00000
  12884     9.00    -20.35  1.00000
  12885     9.00    -20.30  1.00000
  12886     9.00    -20.25  1.00000
  12887     9.00    -20.20  1.00000
  12888     9.00    -20.15  1.00000
  12889     9.00    -20.10  1.00000
  12890     9.00    -20.05  1.00000
  12891     9.00    -20.00  1.00000
  12892     9.00    -19.95  1.00000
  12893     9.00    -19.90  1.00000
  12894     9.00    -19.85  1.00000
  12895     9.00    -19.80  1.00000
  12896     9.00    -19.75  1.00000
  12897     9.00    -19.70  1.00000
  12898     9.00    -19.65  1.00000
  12899     9.00    -19.60  1.00000
  12900     9.00    -19.55  1.00000
  12901     9.00    -19.50  1.00000
  12902     9.00    -19.45  1.00000
  12903     9.00    -19.40  1.00000
  12904     9.00    -19.35  1.00000
  12905     9.00    -19.30  1.00000
  12906     9.00    -19.25  1.00000
  12907     9.00    -19.20  1.00000
  12908     9.00    -19.15  1.00000
  12909     9.00    -19.10  1.00000
  12910     9.00    -19.05  1.00000
  12911     9.00    -19.00  1.00000
  12912     9.00    -18.95  1.00000
  12913     9.00    -18.90  1.00000
  12914     9.00    -18.85  1.00000
  12915     9.00    -18.80  1.00000
  12916     9.00    -18.75  1.00000
  12917     9.00    -18.70  1.00000
  12918     9.00    -18.65  1.00000
  12919     9.00    -18.60  1.00000
  12920     9.00    -18.55  1.00000
  12921     9.00    -18.50  1.00000
  12922     9.00    -18.45  1.00000
  12923     9.00    -18.40  1.00000
  12924     9.00    -18.35  1.00000
  12925     9.00    -18.30  1.00000
  12926     9.00    -18.25  1.00000
  12927     9.00    -18.20  1.00000
  12928     9.00    -18.15  1.00000
  12929     9.00    -18.10  1.00000
  12930     9.00    -18.05  1.00000
  12931     9.00    -18.00  1.00000
  12932     9.00    -17.95  1.00000
  12933     9.00    -17.90  1.00000
  12934     9.00    -17.85  1.00000
  12935     9.00    -17.80  1.00000
  12936     9.00    -17.75  1.00000
  12937     9.00    -17.70  1.00000
  12938     9.00    -17.65  1.00000
  12939     9.00    -17.60  1.00000
  12940     9.00    -17.55  1.00000
  12941     9.00    -17.50  1.00000
  12942     9.00    -17.45  1.00000
  12943     9.00    -17.40  1.00000
  12944     9.00    -17.35  1.00000
  12945     9.00    -17.30  1.00000
  12946     9.00    -17.25  1.00000
  12947     9.00    -17.20  1.00000
  12948     9.00    -17.15  1.00000
  12949     9.00    -17.10  1.00000
  12950     9.00    -17.05  1.00000
  12951     9.00    -17.00  1.00000
  12952     9.00    -16.95  1.00000
  12953     9.00    -16.90  1.00000
  12954     9.00    -16.85  1.00000
  12955     9.00    -16.80  1.00000
  12956     9.00    -16.75  1.00000
  12957     9.00    -16.70  1.00000
  12958     9.00    -16.65  1.00000
  12959     9.00    -16.60  1.00000
  12960     9.00    -16.55  1.00000
  12961     9.00    -16.50  1.00000
  12962     9.00    -16.45  1.00000
  12963     9.00    -16.40  1.00000
  12964     9.00    -16.35  1.00000
  12965     9.00    -16.30  1.00000
  12966     9.00    -16.25  1.00000
  12967     9.00    -16.20  1.00000
  12968     9.00    -16.15  1.00000
  12969     9.00    -16.10  1.00000
  12970     9.00    -16.05  1.00000
  12971     9.00    -16.00  1.00000
  12972     9.00    -15.95  1.00000
  12973     9.00    -15.90  1.00000
  12974     9.00    -15.85  1.00000
  12975     9.00    -15.80  1.00000
  12976     9.00    -15.75  1.00000
  12977     9.00    -15.70  1.00000
  12978     9.00    -15.65  1.00000
  12979     9.00    -15.60  1.00000
  12980     9.00    -15.55  1.00000
  12981     9.00    -15.50  1.00000
  12982     9.00    -15.45  1.00000
  12983     9.00    -15.40  1.00000
  12984     9.00    -15.35  1.00000
  12985     9.00    -15.30  1.00000
  12986     9.00    -15.25  1.00000
  12987     9.00    -15.20  1.00000
  12988     9.00    -15.15  1.00000
  12989     9.00    -15.10  1.00000
  12990     9.00    -15.05  1.00000
  12991     9.00    -15.00  1.00000
  12992     9.00    -14.95  1.00000
  12993     9.05    -20.70  1.00000
  12994     9.05    -20.65  1.00000
  12995     9.05    -20.60  1.00000
  12996     9.05    -20.55  1.00000
  12997     9.05    -20.50  1.00000
  12998     9.05    -20.45  1.00000
  12999     9.05    -20.40  1.00000
  13000     9.05    -20.35  1.00000
  13001     9.05    -20.30  1.00000
  13002     9.05    -20.25  1.00000
  13003     9.05    -20.20  1.00000
  13004     9.05    -20.15  1.00000
  13005     9.05    -20.10  1.00000
  13006     9.05    -20.05  1.00000
  13007     9.05    -20.00  1.00000
  13008     9.05    -19.95  1.00000
  13009     9.05    -19.90  1.00000
  13010     9.05    -19.85  1.00000
  13011     9.05    -19.80  1.00000
  13012     9.05    -19.75  1.00000
  13013     9.05    -19.70  1.00000
  13014     9.05    -19.65  1.00000
  13015     9.05    -19.60  1.00000
  13016     9.05    -19.55  1.00000
  13017     9.05    -19.50  1.00000
  13018     9.05    -19.45  1.00000
  13019     9.05    -19.40  1.00000
  13020     9.05    -19.35  1.00000
  13021     9.05    -19.30  1.00000
  13022     9.05    -19.25  1.00000
  13023     9.05    -19.20  1.00000
  13024     9.05    -19.15  1.00000
  13025     9.05    -19.10  1.00000
  13026     9.05    -19.05  1.00000
  13027     9.05    -19.00  1.00000
  13028     9.05    -18.95  1.00000
  13029     9.05    -18.90  1.00000
  13030     9.05    -18.85  1.00000
  13031     9.05    -18.80  1.00000
  13032     9.05    -18.75  1.00000
  13033     9.05    -18.70  1.00000
  13034     9.05    -18.65  1.00000
  13035     9.05    -18.60  1.00000
  13036     9.05    -18.55  1.00000
  13037     9.05    -18.50  1.00000
  13038     9.05    -18.45  1.00000
  13039     9.05    -18.40  1.00000
  13040     9.05    -18.35  1.00000
  13041     9.05    -18.30  1.00000
  13042     9.05    -18.25  1.00000
  13043     9.05    -18.20  1.00000
  13044     9.05    -18.15  1.00000
  13045     9.05    -18.10  1.00000
  13046     9.05    -18.05  1.00000
  13047     9.05    -18.00  1.00000
  13048     9.05    -17.95  1.00000
  13049     9.05    -17.90  1.00000
  13050     9.05    -17.85  1.00000
  13051     9.05    -17.80  1.00000
  13052     9.05    -17.75  1.00000
  13053     9.05    -17.70  1.00000
  13054     9.05    -17.65  1.00000
  13055     9.05    -17.60  1.00000
  13056     9.05    -17.55  1.00000
  13057     9.05    -17.50  1.00000
  13058     9.05    -17.45  1.00000
  13059     9.05    -17.40  1.00000
  13060     9.05    -17.35  1.00000
  13061     9.05    -17.30  1.00000
  13062     9.05    -17.25  1.00000
  13063     9.05    -17.20  1.00000
  13064     9.05    -17.15  1.00000
  13065     9.05    -17.10  1.00000
  13066     9.05    -17.05  1.00000
  13067     9.05    -17.00  1.00000
  13068     9.05    -16.95  1.00000
  13069     9.05    -16.90  1.00000
  13070     9.05    -16.85  1.00000
  13071     9.05    -16.80  1.00000
  13072     9.05    -16.75  1.00000
  13073     9.05    -16.70  1.00000
  13074     9.05    -16.65  1.00000
  13075     9.05    -16.60  1.00000
  13076     9.05    -16.55  1.00000
  13077     9.05    -16.50  1.00000
  13078     9.05    -16.45  1.00000
  13079     9.05    -16.40  1.00000
  13080     9.05    -16.35  1.00000
  13081     9.05    -16.30  1.00000
  13082     9.05    -16.25  1.00000
  13083     9.05    -16.20  1.00000
  13084     9.05    -16.15  1.00000
  13085     9.05    -16.10  1.00000
  13086     9.05    -16.05  1.00000
  13087     9.05    -16.00  1.00000
  13088     9.05    -15.95  1.00000
  13089     9.05    -15.90  1.00000
  13090     9.05    -15.85  1.00000
  13091     9.05    -15.80  1.00000
  13092     9.05    -15.75  1.00000
  13093     9.05    -15.70  1.00000
  13094     9.05    -15.65  1.00000
  13095     9.05    -15.60  1.00000
  13096     9.05    -15.55  1.00000
  13097     9.05    -15.50  1.00000
  13098     9.05    -15.45  1.00000
  13099     9.05    -15.40  1.00000
  13100     9.05    -15.35  1.00000
  13101     9.05    -15.30  1.00000
  13102     9.05    -15.25  1.00000
  13103     9.05    -15.20  1.00000
  13104     9.05    -15.15  1.00000
  13105     9.05    -15.10  1.00000
  13106     9.05    -15.05  1.00000
  13107     9.05    -15.00  1.00000
  13108     9.05    -14.95  1.00000
  13109     9.10    -20.70  1.00000
  13110     9.10    -20.65  1.00000
  13111     9.10    -20.60  1.00000
  13112     9.10    -20.55  1.00000
  13113     9.10    -20.50  1.00000
  13114     9.10    -20.45  1.00000
  13115     9.10    -20.40  1.00000
  13116     9.10    -20.35  1.00000
  13117     9.10    -20.30  1.00000
  13118     9.10    -20.25  1.00000
  13119     9.10    -20.20  1.00000
  13120     9.10    -20.15  1.00000
  13121     9.10    -20.10  1.00000
  13122     9.10    -20.05  1.00000
  13123     9.10    -20.00  1.00000
  13124     9.10    -19.95  1.00000
  13125     9.10    -19.90  1.00000
  13126     9.10    -19.85  1.00000
  13127     9.10    -19.80  1.00000
  13128     9.10    -19.75  1.00000
  13129     9.10    -19.70  1.00000
  13130     9.10    -19.65  1.00000
  13131     9.10    -19.60  1.00000
  13132     9.10    -19.55  1.00000
  13133     9.10    -19.50  1.00000
  13134     9.10    -19.45  1.00000
  13135     9.10    -19.40  1.00000
  13136     9.10    -19.35  1.00000
  13137     9.10    -19.30  1.00000
  13138     9.10    -19.25  1.00000
  13139     9.10    -19.20  1.00000
  13140     9.10    -19.15  1.00000
  13141     9.10    -19.10  1.00000
  13142     9.10    -19.05  1.00000
  13143     9.10    -19.00  1.00000
  13144     9.10    -18.95  1.00000
  13145     9.10    -18.90  1.00000
  13146     9.10    -18.85  1.00000
  13147     9.10    -18.80  1.00000
  13148     9.10    -18.75  1.00000
  13149     9.10    -18.70  1.00000
  13150     9.10    -18.65  1.00000
  13151     9.10    -18.60  1.00000
  13152     9.10    -18.55  1.00000
  13153     9.10    -18.50  1.00000
  13154     9.10    -18.45  1.00000
  13155     9.10    -18.40  1.00000
  13156     9.10    -18.35  1.00000
  13157     9.10    -18.30  1.00000
  13158     9.10    -18.25  1.00000
  13159     9.10    -18.20  1.00000
  13160     9.10    -18.15  1.00000
  13161     9.10    -18.10  1.00000
  13162     9.10    -18.05  1.00000
  13163     9.10    -18.00  1.00000
  13164     9.10    -17.95  1.00000
  13165     9.10    -17.90  1.00000
  13166     9.10    -17.85  1.00000
  13167     9.10    -17.80  1.00000
  13168     9.10    -17.75  1.00000
  13169     9.10    -17.70  1.00000
  13170     9.10    -17.65  1.00000
  13171     9.10    -17.60  1.00000
  13172     9.10    -17.55  1.00000
  13173     9.10    -17.50  1.00000
  13174     9.10    -17.45  1.00000
  13175     9.10    -17.40  1.00000
  13176     9.10    -17.35  1.00000
  13177     9.10    -17.30  1.00000
  13178     9.10    -17.25  1.00000
  13179     9.10    -17.20  1.00000
  13180     9.10    -17.15  1.00000
  13181     9.10    -17.10  1.00000
  13182     9.10    -17.05  1.00000
  13183     9.10    -17.00  1.00000
  13184     9.10    -16.95  1.00000
  13185     9.10    -16.90  1.00000
  13186     9.10    -16.85  1.00000
  13187     9.10    -16.80  1.00000
  13188     9.10    -16.75  1.00000
  13189     9.10    -16.70  1.00000
  13190     9.10    -16.65  1.00000
  13191     9.10    -16.60  1.00000
  13192     9.10    -16.55  1.00000
  13193     9.10    -16.50  1.00000
  13194     9.10    -16.45  1.00000
  13195     9.10    -16.40  1.00000
  13196     9.10    -16.35  1.00000
  13197     9.10    -16.30  1.00000
  13198     9.10    -16.25  1.00000
  13199     9.10    -16.20  1.00000
  13200     9.10    -16.15  1.00000
  13201     9.10    -16.10  1.00000
  13202     9.10    -16.05  1.00000
  13203     9.10    -16.00  1.00000
  13204     9.10    -15.95  1.00000
  13205     9.10    -15.90  1.00000
  13206     9.10    -15.85  1.00000
  13207     9.10    -15.80  1.00000
  13208     9.10    -15.75  1.00000
  13209     9.10    -15.70  1.00000
  13210     9.10    -15.65  1.00000
  13211     9.10    -15.60  1.00000
  13212     9.10    -15.55  1.00000
  13213     9.10    -15.50  1.00000
  13214     9.10    -15.45  1.00000
  13215     9.10    -15.40  1.00000
  13216     9.10    -15.35  1.00000
  13217     9.10    -15.30  1.00000
  13218     9.10    -15.25  1.00000
  13219     9.10    -15.20  1.00000
  13220     9.10    -15.15  1.00000
  13221     9.10    -15.10  1.00000
  13222     9.10    -15.05  1.00000
  13223     9.10    -15.00  1.00000
  13224     9.10    -14.95  1.00000
  13225     9.15    -20.70  1.00000
  13226     9.15    -20.65  1.00000
  13227     9.15    -20.60  1.00000
  13228     9.15    -20.55  1.00000
  13229     9.15    -20.50  1.00000
  13230     9.15    -20.45  1.00000
  13231     9.15    -20.40  1.00000
  13232     9.15    -20.35  1.00000
  13233     9.15    -20.30  1.00000
  13234     9.15    -20.25  1.00000
  13235     9.15    -20.20  1.00000
  13236     9.15    -20.15  1.00000
  13237     9.15    -20.10  1.00000
  13238     9.15    -20.05  1.00000
  13239     9.15    -20.00  1.00000
  13240     9.15    -19.95  1.00000
  13241     9.15    -19.90  1.00000
  13242     9.15    -19.85  1.00000
  13243     9.15    -19.80  1.00000
  13244     9.15    -19.75  1.00000
  13245     9.15    -19.70  1.00000
  13246     9.15    -19.65  1.00000
  13247     9.15    -19.60  1.00000
  13248     9.15    -19.55  1.00000
  13249     9.15    -19.50  1.00000
  13250     9.15    -19.45  1.00000
  13251     9.15    -19.40  1.00000
  13252     9.15    -19.35  1.00000
  13253     9.15    -19.30  1.00000
  13254     9.15    -19.25  1.00000
  13255     9.15    -19.20  1.00000
  13256     9.15    -19.15  1.00000
  13257     9.15    -19.10  1.00000
  13258     9.15    -19.05  1.00000
  13259     9.15    -19.00  1.00000
  13260     9.15    -18.95  1.00000
  13261     9.15    -18.90  1.00000
  13262     9.15    -18.85  1.00000
  13263     9.15    -18.80  1.00000
  13264     9.15    -18.75  1.00000
  13265     9.15    -18.70  1.00000
  13266     9.15    -18.65  1.00000
  13267     9.15    -18.60  1.00000
  13268     9.15    -18.55  1.00000
  13269     9.15    -18.50  1.00000
  13270     9.15    -18.45  1.00000
  13271     9.15    -18.40  1.00000
  13272     9.15    -18.35  1.00000
  13273     9.15    -18.30  1.00000
  13274     9.15    -18.25  1.00000
  13275     9.15    -18.20  1.00000
  13276     9.15    -18.15  1.00000
  13277     9.15    -18.10  1.00000
  13278     9.15    -18.05  1.00000
  13279     9.15    -18.00  1.00000
  13280     9.15    -17.95  1.00000
  13281     9.15    -17.90  1.00000
  13282     9.15    -17.85  1.00000
  13283     9.15    -17.80  1.00000
  13284     9.15    -17.75  1.00000
  13285     9.15    -17.70  1.00000
  13286     9.15    -17.65  1.00000
  13287     9.15    -17.60  1.00000
  13288     9.15    -17.55  1.00000
  13289     9.15    -17.50  1.00000
  13290     9.15    -17.45  1.00000
  13291     9.15    -17.40  1.00000
  13292     9.15    -17.35  1.00000
  13293     9.15    -17.30  1.00000
  13294     9.15    -17.25  1.00000
  13295     9.15    -17.20  1.00000
  13296     9.15    -17.15  1.00000
  13297     9.15    -17.10  1.00000
  13298     9.15    -17.05  1.00000
  13299     9.15    -17.00  1.00000
  13300     9.15    -16.95  1.00000
  13301     9.15    -16.90  1.00000
  13302     9.15    -16.85  1.00000
  13303     9.15    -16.80  1.00000
  13304     9.15    -16.75  1.00000
  13305     9.15    -16.70  1.00000
  13306     9.15    -16.65  1.00000
  13307     9.15    -16.60  1.00000
  13308     9.15    -16.55  1.00000
  13309     9.15    -16.50  1.00000
  13310     9.15    -16.45  1.00000
  13311     9.15    -16.40  1.00000
  13312     9.15    -16.35  1.00000
  13313     9.15    -16.30  1.00000
  13314     9.15    -16.25  1.00000
  13315     9.15    -16.20  1.00000
  13316     9.15    -16.15  1.00000
  13317     9.15    -16.10  1.00000
  13318     9.15    -16.05  1.00000
  13319     9.15    -16.00  1.00000
  13320     9.15    -15.95  1.00000
  13321     9.15    -15.90  1.00000
  13322     9.15    -15.85  1.00000
  13323     9.15    -15.80  1.00000
  13324     9.15    -15.75  1.00000
  13325     9.15    -15.70  1.00000
  13326     9.15    -15.65  1.00000
  13327     9.15    -15.60  1.00000
  13328     9.15    -15.55  1.00000
  13329     9.15    -15.50  1.00000
  13330     9.15    -15.45  1.00000
  13331     9.15    -15.40  1.00000
  13332     9.15    -15.35  1.00000
  13333     9.15    -15.30  1.00000
  13334     9.15    -15.25  1.00000
  13335     9.15    -15.20  1.00000
  13336     9.15    -15.15  1.00000
  13337     9.15    -15.10  1.00000
  13338     9.15    -15.05  1.00000
  13339     9.15    -15.00  1.00000
  13340     9.15    -14.95  1.00000
  13341     9.20    -20.70  1.00000
  13342     9.20    -20.65  1.00000
  13343     9.20    -20.60  1.00000
  13344     9.20    -20.55  1.00000
  13345     9.20    -20.50  1.00000
  13346     9.20    -20.45  1.00000
  13347     9.20    -20.40  1.00000
  13348     9.20    -20.35  1.00000
  13349     9.20    -20.30  1.00000
  13350     9.20    -20.25  1.00000
  13351     9.20    -20.20  1.00000
  13352     9.20    -20.15  1.00000
  13353     9.20    -20.10  1.00000
  13354     9.20    -20.05  1.00000
  13355     9.20    -20.00  1.00000
  13356     9.20    -19.95  1.00000
  13357     9.20    -19.90  1.00000
  13358     9.20    -19.85  1.00000
  13359     9.20    -19.80  1.00000
  13360     9.20    -19.75  1.00000
  13361     9.20    -19.70  1.00000
  13362     9.20    -19.65  1.00000
  13363     9.20    -19.60  1.00000
  13364     9.20    -19.55  1.00000
  13365     9.20    -19.50  1.00000
  13366     9.20    -19.45  1.00000
  13367     9.20    -19.40  1.00000
  13368     9.20    -19.35  1.00000
  13369     9.20    -19.30  1.00000
  13370     9.20    -19.25  1.00000
  13371     9.20    -19.20  1.00000
  13372     9.20    -19.15  1.00000
  13373     9.20    -19.10  1.00000
  13374     9.20    -19.05  1.00000
  13375     9.20    -19.00  1.00000
  13376     9.20    -18.95  1.00000
  13377     9.20    -18.90  1.00000
  13378     9.20    -18.85  1.00000
  13379     9.20    -18.80  1.00000
  13380     9.20    -18.75  1.00000
  13381     9.20    -18.70  1.00000
  13382     9.20    -18.65  1.00000
  13383     9.20    -18.60  1.00000
  13384     9.20    -18.55  1.00000
  13385     9.20    -18.50  1.00000
  13386     9.20    -18.45  1.00000
  13387     9.20    -18.40  1.00000
  13388     9.20    -18.35  1.00000
  13389     9.20    -18.30  1.00000
  13390     9.20    -18.25  1.00000
  13391     9.20    -18.20  1.00000
  13392     9.20    -18.15  1.00000
  13393     9.20    -18.10  1.00000
  13394     9.20    -18.05  1.00000
  13395     9.20    -18.00  1.00000
  13396     9.20    -17.95  1.00000
  13397     9.20    -17.90  1.00000
  13398     9.20    -17.85  1.00000
  13399     9.20    -17.80  1.00000
  13400     9.20    -17.75  1.00000
  13401     9.20    -17.70  1.00000
  13402     9.20    -17.65  1.00000
  13403     9.20    -17.60  1.00000
  13404     9.20    -17.55  1.00000
  13405     9.20    -17.50  1.00000
  13406     9.20    -17.45  1.00000
  13407     9.20    -17.40  1.00000
  13408     9.20    -17.35  1.00000
  13409     9.20    -17.30  1.00000
  13410     9.20    -17.25  1.00000
  13411     9.20    -17.20  1.00000
  13412     9.20    -17.15  1.00000
  13413     9.20    -17.10  1.00000
  13414     9.20    -17.05  1.00000
  13415     9.20    -17.00  1.00000
  13416     9.20    -16.95  1.00000
  13417     9.20    -16.90  1.00000
  13418     9.20    -16.85  1.00000
  13419     9.20    -16.80  1.00000
  13420     9.20    -16.75  1.00000
  13421     9.20    -16.70  1.00000
  13422     9.20    -16.65  1.00000
  13423     9.20    -16.60  1.00000
  13424     9.20    -16.55  1.00000
  13425     9.20    -16.50  1.00000
  13426     9.20    -16.45  1.00000
  13427     9.20    -16.40  1.00000
  13428     9.20    -16.35  1.00000
  13429     9.20    -16.30  1.00000
  13430     9.20    -16.25  1.00000
  13431     9.20    -16.20  1.00000
  13432     9.20    -16.15  1.00000
  13433     9.20    -16.10  1.00000
  13434     9.20    -16.05  1.00000
  13435     9.20    -16.00  1.00000
  13436     9.20    -15.95  1.00000
  13437     9.20    -15.90  1.00000
  13438     9.20    -15.85  1.00000
  13439     9.20    -15.80  1.00000
  13440     9.20    -15.75  1.00000
  13441     9.20    -15.70  1.00000
  13442     9.20    -15.65  1.00000
  13443     9.20    -15.60  1.00000
  13444     9.20    -15.55  1.00000
  13445     9.20    -15.50  1.00000
  13446     9.20    -15.45  1.00000
  13447     9.20    -15.40  1.00000
  13448     9.20    -15.35  1.00000
  13449     9.20    -15.30  1.00000
  13450     9.20    -15.25  1.00000
  13451     9.20    -15.20  1.00000
  13452     9.20    -15.15  1.00000
  13453     9.20    -15.10  1.00000
  13454     9.20    -15.05  1.00000
  13455     9.20    -15.00  1.00000
  13456     9.20    -14.95  1.00000
  13457     9.25    -20.70  1.00000
  13458     9.25    -20.65  1.00000
  13459     9.25    -20.60  1.00000
  13460     9.25    -20.55  1.00000
  13461     9.25    -20.50  1.00000
  13462     9.25    -20.45  1.00000
  13463     9.25    -20.40  1.00000
  13464     9.25    -20.35  1.00000
  13465     9.25    -20.30  1.00000
  13466     9.25    -20.25  1.00000
  13467     9.25    -20.20  1.00000
  13468     9.25    -20.15  1.00000
  13469     9.25    -20.10  1.00000
  13470     9.25    -20.05  1.00000
  13471     9.25    -20.00  1.00000
  13472     9.25    -19.95  1.00000
  13473     9.25    -19.90  1.00000
  13474     9.25    -19.85  1.00000
  13475     9.25    -19.80  1.00000
  13476     9.25    -19.75  1.00000
  13477     9.25    -19.70  1.00000
  13478     9.25    -19.65  1.00000
  13479     9.25    -19.60  1.00000
  13480     9.25    -19.55  1.00000
  13481     9.25    -19.50  1.00000
  13482     9.25    -19.45  1.00000
  13483     9.25    -19.40  1.00000
  13484     9.25    -19.35  1.00000
  13485     9.25    -19.30  1.00000
  13486     9.25    -19.25  1.00000
  13487     9.25    -19.20  1.00000
  13488     9.25    -19.15  1.00000
  13489     9.25    -19.10  1.00000
  13490     9.25    -19.05  1.00000
  13491     9.25    -19.00  1.00000
  13492     9.25    -18.95  1.00000
  13493     9.25    -18.90  1.00000
  13494     9.25    -18.85  1.00000
  13495     9.25    -18.80  1.00000
  13496     9.25    -18.75  1.00000
  13497     9.25    -18.70  1.00000
  13498     9.25    -18.65  1.00000
  13499     9.25    -18.60  1.00000
  13500     9.25    -18.55  1.00000
  13501     9.25    -18.50  1.00000
  13502     9.25    -18.45  1.00000
  13503     9.25    -18.40  1.00000
  13504     9.25    -18.35  1.00000
  13505     9.25    -18.30  1.00000
  13506     9.25    -18.25  1.00000
  13507     9.25    -18.20  1.00000
  13508     9.25    -18.15  1.00000
  13509     9.25    -18.10  1.00000
  13510     9.25    -18.05  1.00000
  13511     9.25    -18.00  1.00000
  13512     9.25    -17.95  1.00000
  13513     9.25    -17.90  1.00000
  13514     9.25    -17.85  1.00000
  13515     9.25    -17.80  1.00000
  13516     9.25    -17.75  1.00000
  13517     9.25    -17.70  1.00000
  13518     9.25    -17.65  1.00000
  13519     9.25    -17.60  1.00000
  13520     9.25    -17.55  1.00000
  13521     9.25    -17.50  1.00000
  13522     9.25    -17.45  1.00000
  13523     9.25    -17.40  1.00000
  13524     9.25    -17.35  1.00000
  13525     9.25    -17.30  1.00000
  13526     9.25    -17.25  1.00000
  13527     9.25    -17.20  1.00000
  13528     9.25    -17.15  1.00000
  13529     9.25    -17.10  1.00000
  13530     9.25    -17.05  1.00000
  13531     9.25    -17.00  1.00000
  13532     9.25    -16.95  1.00000
  13533     9.25    -16.90  1.00000
  13534     9.25    -16.85  1.00000
  13535     9.25    -16.80  1.00000
  13536     9.25    -16.75  1.00000
  13537     9.25    -16.70  1.00000
  13538     9.25    -16.65  1.00000
  13539     9.25    -16.60  1.00000
  13540     9.25    -16.55  1.00000
  13541     9.25    -16.50  1.00000
  13542     9.25    -16.45  1.00000
  13543     9.25    -16.40  1.00000
  13544     9.25    -16.35  1.00000
  13545     9.25    -16.30  1.00000
  13546     9.25    -16.25  1.00000
  13547     9.25    -16.20  1.00000
  13548     9.25    -16.15  1.00000
  13549     9.25    -16.10  1.00000
  13550     9.25    -16.05  1.00000
  13551     9.25    -16.00  1.00000
  13552     9.25    -15.95  1.00000
  13553     9.25    -15.90  1.00000
  13554     9.25    -15.85  1.00000
  13555     9.25    -15.80  1.00000
  13556     9.25    -15.75  1.00000
  13557     9.25    -15.70  1.00000
  13558     9.25    -15.65  1.00000
  13559     9.25    -15.60  1.00000
  13560     9.25    -15.55  1.00000
  13561     9.25    -15.50  1.00000
  13562     9.25    -15.45  1.00000
  13563     9.25    -15.40  1.00000
  13564     9.25    -15.35  1.00000
  13565     9.25    -15.30  1.00000
  13566     9.25    -15.25  1.00000
  13567     9.25    -15.20  1.00000
  13568     9.25    -15.15  1.00000
  13569     9.25    -15.10  1.00000
  13570     9.25    -15.05  1.00000
  13571     9.25    -15.00  1.00000
  13572     9.25    -14.95  1.00000
  13573     9.30    -20.70  1.00000
  13574     9.30    -20.65  1.00000
  13575     9.30    -20.60  1.00000
  13576     9.30    -20.55  1.00000
  13577     9.30    -20.50  1.00000
  13578     9.30    -20.45  1.00000
  13579     9.30    -20.40  1.00000
  13580     9.30    -20.35  1.00000
  13581     9.30    -20.30  1.00000
  13582     9.30    -20.25  1.00000
  13583     9.30    -20.20  1.00000
  13584     9.30    -20.15  1.00000
  13585     9.30    -20.10  1.00000
  13586     9.30    -20.05  1.00000
  13587     9.30    -20.00  1.00000
  13588     9.30    -19.95  1.00000
  13589     9.30    -19.90  1.00000
  13590     9.30    -19.85  1.00000
  13591     9.30    -19.80  1.00000
  13592     9.30    -19.75  1.00000
  13593     9.30    -19.70  1.00000
  13594     9.30    -19.65  1.00000
  13595     9.30    -19.60  1.00000
  13596     9.30    -19.55  1.00000
  13597     9.30    -19.50  1.00000
  13598     9.30    -19.45  1.00000
  13599     9.30    -19.40  1.00000
  13600     9.30    -19.35  1.00000
  13601     9.30    -19.30  1.00000
  13602     9.30    -19.25  1.00000
  13603     9.30    -19.20  1.00000
  13604     9.30    -19.15  1.00000
  13605     9.30    -19.10  1.00000
  13606     9.30    -19.05  1.00000
  13607     9.30    -19.00  1.00000
  13608     9.30    -18.95  1.00000
  13609     9.30    -18.90  1.00000
  13610     9.30    -18.85  1.00000
  13611     9.30    -18.80  1.00000
  13612     9.30    -18.75  1.00000
  13613     9.30    -18.70  1.00000
  13614     9.30    -18.65  1.00000
  13615     9.30    -18.60  1.00000
  13616     9.30    -18.55  1.00000
  13617     9.30    -18.50  1.00000
  13618     9.30    -18.45  1.00000
  13619     9.30    -18.40  1.00000
  13620     9.30    -18.35  1.00000
  13621     9.30    -18.30  1.00000
  13622     9.30    -18.25  1.00000
  13623     9.30    -18.20  1.00000
  13624     9.30    -18.15  1.00000
  13625     9.30    -18.10  1.00000
  13626     9.30    -18.05  1.00000
  13627     9.30    -18.00  1.00000
  13628     9.30    -17.95  1.00000
  13629     9.30    -17.90  1.00000
  13630     9.30    -17.85  1.00000
  13631     9.30    -17.80  1.00000
  13632     9.30    -17.75  1.00000
  13633     9.30    -17.70  1.00000
  13634     9.30    -17.65  1.00000
  13635     9.30    -17.60  1.00000
  13636     9.30    -17.55  1.00000
  13637     9.30    -17.50  1.00000
  13638     9.30    -17.45  1.00000
  13639     9.30    -17.40  1.00000
  13640     9.30    -17.35  1.00000
  13641     9.30    -17.30  1.00000
  13642     9.30    -17.25  1.00000
  13643     9.30    -17.20  1.00000
  13644     9.30    -17.15  1.00000
  13645     9.30    -17.10  1.00000
  13646     9.30    -17.05  1.00000
  13647     9.30    -17.00  1.00000
  13648     9.30    -16.95  1.00000
  13649     9.30    -16.90  1.00000
  13650     9.30    -16.85  1.00000
  13651     9.30    -16.80  1.00000
  13652     9.30    -16.75  1.00000
  13653     9.30    -16.70  1.00000
  13654     9.30    -16.65  1.00000
  13655     9.30    -16.60  1.00000
  13656     9.30    -16.55  1.00000
  13657     9.30    -16.50  1.00000
  13658     9.30    -16.45  1.00000
  13659     9.30    -16.40  1.00000
  13660     9.30    -16.35  1.00000
  13661     9.30    -16.30  1.00000
  13662     9.30    -16.25  1.00000
  13663     9.30    -16.20  1.00000
  13664     9.30    -16.15  1.00000
  13665     9.30    -16.10  1.00000
  13666     9.30    -16.05  1.00000
  13667     9.30    -16.00  1.00000
  13668     9.30    -15.95  1.00000
  13669     9.30    -15.90  1.00000
  13670     9.30    -15.85  1.00000
  13671     9.30    -15.80  1.00000
  13672     9.30    -15.75  1.00000
  13673     9.30    -15.70  1.00000
  13674     9.30    -15.65  1.00000
  13675     9.30    -15.60  1.00000
  13676     9.30    -15.55  1.00000
  13677     9.30    -15.50  1.00000
  13678     9.30    -15.45  1.00000
  13679     9.30    -15.40  1.00000
  13680     9.30    -15.35  1.00000
  13681     9.30    -15.30  1.00000
  13682     9.30    -15.25  1.00000
  13683     9.30    -15.20  1.00000
  13684     9.30    -15.15  1.00000
  13685     9.30    -15.10  1.00000
  13686     9.30    -15.05  1.00000
  13687     9.30    -15.00  1.00000
  13688     9.30    -14.95  1.00000
  13689     9.35    -20.70  1.00000
  13690     9.35    -20.65  1.00000
  13691     9.35    -20.60  1.00000
  13692     9.35    -20.55  1.00000
  13693     9.35    -20.50  1.00000
  13694     9.35    -20.45  1.00000
  13695     9.35    -20.40  1.00000
  13696     9.35    -20.35  1.00000
  13697     9.35    -20.30  1.00000
  13698     9.35    -20.25  1.00000
  13699     9.35    -20.20  1.00000
  13700     9.35    -20.15  1.00000
  13701     9.35    -20.10  1.00000
  13702     9.35    -20.05  1.00000
  13703     9.35    -20.00  1.00000
  13704     9.35    -19.95  1.00000
  13705     9.35    -19.90  1.00000
  13706     9.35    -19.85  1.00000
  13707     9.35    -19.80  1.00000
  13708     9.35    -19.75  1.00000
  13709     9.35    -19.70  1.00000
  13710     9.35    -19.65  1.00000
  13711     9.35    -19.60  1.00000
  13712     9.35    -19.55  1.00000
  13713     9.35    -19.50  1.00000
  13714     9.35    -19.45  1.00000
  13715     9.35    -19.40  1.00000
  13716     9.35    -19.35  1.00000
  13717     9.35    -19.30  1.00000
  13718     9.35    -19.25  1.00000
  13719     9.35    -19.20  1.00000
  13720     9.35    -19.15  1.00000
  13721     9.35    -19.10  1.00000
  13722     9.35    -19.05  1.00000
  13723     9.35    -19.00  1.00000
  13724     9.35    -18.95  1.00000
  13725     9.35    -18.90  1.00000
  13726     9.35    -18.85  1.00000
  13727     9.35    -18.80  1.00000
  13728     9.35    -18.75  1.00000
  13729     9.35    -18.70  1.00000
  13730     9.35    -18.65  1.00000
  13731     9.35    -18.60  1.00000
  13732     9.35    -18.55  1.00000
  13733     9.35    -18.50  1.00000
  13734     9.35    -18.45  1.00000
  13735     9.35    -18.40  1.00000
  13736     9.35    -18.35  1.00000
  13737     9.35    -18.30  1.00000
  13738     9.35    -18.25  1.00000
  13739     9.35    -18.20  1.00000
  13740     9.35    -18.15  1.00000
  13741     9.35    -18.10  1.00000
  13742     9.35    -18.05  1.00000
  13743     9.35    -18.00  1.00000
  13744     9.35    -17.95  1.00000
  13745     9.35    -17.90  1.00000
  13746     9.35    -17.85  1.00000
  13747     9.35    -17.80  1.00000
  13748     9.35    -17.75  1.00000
  13749     9.35    -17.70  1.00000
  13750     9.35    -17.65  1.00000
  13751     9.35    -17.60  1.00000
  13752     9.35    -17.55  1.00000
  13753     9.35    -17.50  1.00000
  13754     9.35    -17.45  1.00000
  13755     9.35    -17.40  1.00000
  13756     9.35    -17.35  1.00000
  13757     9.35    -17.30  1.00000
  13758     9.35    -17.25  1.00000
  13759     9.35    -17.20  1.00000
  13760     9.35    -17.15  1.00000
  13761     9.35    -17.10  1.00000
  13762     9.35    -17.05  1.00000
  13763     9.35    -17.00  1.00000
  13764     9.35    -16.95  1.00000
  13765     9.35    -16.90  1.00000
  13766     9.35    -16.85  1.00000
  13767     9.35    -16.80  1.00000
  13768     9.35    -16.75  1.00000
  13769     9.35    -16.70  1.00000
  13770     9.35    -16.65  1.00000
  13771     9.35    -16.60  1.00000
  13772     9.35    -16.55  1.00000
  13773     9.35    -16.50  1.00000
  13774     9.35    -16.45  1.00000
  13775     9.35    -16.40  1.00000
  13776     9.35    -16.35  1.00000
  13777     9.35    -16.30  1.00000
  13778     9.35    -16.25  1.00000
  13779     9.35    -16.20  1.00000
  13780     9.35    -16.15  1.00000
  13781     9.35    -16.10  1.00000
  13782     9.35    -16.05  1.00000
  13783     9.35    -16.00  1.00000
  13784     9.35    -15.95  1.00000
  13785     9.35    -15.90  1.00000
  13786     9.35    -15.85  1.00000
  13787     9.35    -15.80  1.00000
  13788     9.35    -15.75  1.00000
  13789     9.35    -15.70  1.00000
  13790     9.35    -15.65  1.00000
  13791     9.35    -15.60  1.00000
  13792     9.35    -15.55  1.00000
  13793     9.35    -15.50  1.00000
  13794     9.35    -15.45  1.00000
  13795     9.35    -15.40  1.00000
  13796     9.35    -15.35  1.00000
  13797     9.35    -15.30  1.00000
  13798     9.35    -15.25  1.00000
  13799     9.35    -15.20  1.00000
  13800     9.35    -15.15  1.00000
  13801     9.35    -15.10  1.00000
  13802     9.35    -15.05  1.00000
  13803     9.35    -15.00  1.00000
  13804     9.35    -14.95  1.00000
  13805     9.40    -20.70  1.00000
  13806     9.40    -20.65  1.00000
  13807     9.40    -20.60  1.00000
  13808     9.40    -20.55  1.00000
  13809     9.40    -20.50  1.00000
  13810     9.40    -20.45  1.00000
  13811     9.40    -20.40  1.00000
  13812     9.40    -20.35  1.00000
  13813     9.40    -20.30  1.00000
  13814     9.40    -20.25  1.00000
  13815     9.40    -20.20  1.00000
  13816     9.40    -20.15  1.00000
  13817     9.40    -20.10  1.00000
  13818     9.40    -20.05  1.00000
  13819     9.40    -20.00  1.00000
  13820     9.40    -19.95  1.00000
  13821     9.40    -19.90  1.00000
  13822     9.40    -19.85  1.00000
  13823     9.40    -19.80  1.00000
  13824     9.40    -19.75  1.00000
  13825     9.40    -19.70  1.00000
  13826     9.40    -19.65  1.00000
  13827     9.40    -19.60  1.00000
  13828     9.40    -19.55  1.00000
  13829     9.40    -19.50  1.00000
  13830     9.40    -19.45  1.00000
  13831     9.40    -19.40  1.00000
  13832     9.40    -19.35  1.00000
  13833     9.40    -19.30  1.00000
  13834     9.40    -19.25  1.00000
  13835     9.40    -19.20  1.00000
  13836     9.40    -19.15  1.00000
  13837     9.40    -19.10  1.00000
  13838     9.40    -19.05  1.00000
  13839     9.40    -19.00  1.00000
  13840     9.40    -18.95  1.00000
  13841     9.40    -18.90  1.00000
  13842     9.40    -18.85  1.00000
  13843     9.40    -18.80  1.00000
  13844     9.40    -18.75  1.00000
  13845     9.40    -18.70  1.00000
  13846     9.40    -18.65  1.00000
  13847     9.40    -18.60  1.00000
  13848     9.40    -18.55  1.00000
  13849     9.40    -18.50  1.00000
  13850     9.40    -18.45  1.00000
  13851     9.40    -18.40  1.00000
  13852     9.40    -18.35  1.00000
  13853     9.40    -18.30  1.00000
  13854     9.40    -18.25  1.00000
  13855     9.40    -18.20  1.00000
  13856     9.40    -18.15  1.00000
  13857     9.40    -18.10  1.00000
  13858     9.40    -18.05  1.00000
  13859     9.40    -18.00  1.00000
  13860     9.40    -17.95  1.00000
  13861     9.40    -17.90  1.00000
  13862     9.40    -17.85  1.00000
  13863     9.40    -17.80  1.00000
  13864     9.40    -17.75  1.00000
  13865     9.40    -17.70  1.00000
  13866     9.40    -17.65  1.00000
  13867     9.40    -17.60  1.00000
  13868     9.40    -17.55  1.00000
  13869     9.40    -17.50  1.00000
  13870     9.40    -17.45  1.00000
  13871     9.40    -17.40  1.00000
  13872     9.40    -17.35  1.00000
  13873     9.40    -17.30  1.00000
  13874     9.40    -17.25  1.00000
  13875     9.40    -17.20  1.00000
  13876     9.40    -17.15  1.00000
  13877     9.40    -17.10  1.00000
  13878     9.40    -17.05  1.00000
  13879     9.40    -17.00  1.00000
  13880     9.40    -16.95  1.00000
  13881     9.40    -16.90  1.00000
  13882     9.40    -16.85  1.00000
  13883     9.40    -16.80  1.00000
  13884     9.40    -16.75  1.00000
  13885     9.40    -16.70  1.00000
  13886     9.40    -16.65  1.00000
  13887     9.40    -16.60  1.00000
  13888     9.40    -16.55  1.00000
  13889     9.40    -16.50  1.00000
  13890     9.40    -16.45  1.00000
  13891     9.40    -16.40  1.00000
  13892     9.40    -16.35  1.00000
  13893     9.40    -16.30  1.00000
  13894     9.40    -16.25  1.00000
  13895     9.40    -16.20  1.00000
  13896     9.40    -16.15  1.00000
  13897     9.40    -16.10  1.00000
  13898     9.40    -16.05  1.00000
  13899     9.40    -16.00  1.00000
  13900     9.40    -15.95  1.00000
  13901     9.40    -15.90  1.00000
  13902     9.40    -15.85  1.00000
  13903     9.40    -15.80  1.00000
  13904     9.40    -15.75  1.00000
  13905     9.40    -15.70  1.00000
  13906     9.40    -15.65  1.00000
  13907     9.40    -15.60  1.00000
  13908     9.40    -15.55  1.00000
  13909     9.40    -15.50  1.00000
  13910     9.40    -15.45  1.00000
  13911     9.40    -15.40  1.00000
  13912     9.40    -15.35  1.00000
  13913     9.40    -15.30  1.00000
  13914     9.40    -15.25  1.00000
  13915     9.40    -15.20  1.00000
  13916     9.40    -15.15  1.00000
  13917     9.40    -15.10  1.00000
  13918     9.40    -15.05  1.00000
  13919     9.40    -15.00  1.00000
  13920     9.40    -14.95  1.00000
  13921     9.45    -20.70  1.00000
  13922     9.45    -20.65  1.00000
  13923     9.45    -20.60  1.00000
  13924     9.45    -20.55  1.00000
  13925     9.45    -20.50  1.00000
  13926     9.45    -20.45  1.00000
  13927     9.45    -20.40  1.00000
  13928     9.45    -20.35  1.00000
  13929     9.45    -20.30  1.00000
  13930     9.45    -20.25  1.00000
  13931     9.45    -20.20  1.00000
  13932     9.45    -20.15  1.00000
  13933     9.45    -20.10  1.00000
  13934     9.45    -20.05  1.00000
  13935     9.45    -20.00  1.00000
  13936     9.45    -19.95  1.00000
  13937     9.45    -19.90  1.00000
  13938     9.45    -19.85  1.00000
  13939     9.45    -19.80  1.00000
  13940     9.45    -19.75  1.00000
  13941     9.45    -19.70  1.00000
  13942     9.45    -19.65  1.00000
  13943     9.45    -19.60  1.00000
  13944     9.45    -19.55  1.00000
  13945     9.45    -19.50  1.00000
  13946     9.45    -19.45  1.00000
  13947     9.45    -19.40  1.00000
  13948     9.45    -19.35  1.00000
  13949     9.45    -19.30  1.00000
  13950     9.45    -19.25  1.00000
  13951     9.45    -19.20  1.00000
  13952     9.45    -19.15  1.00000
  13953     9.45    -19.10  1.00000
  13954     9.45    -19.05  1.00000
  13955     9.45    -19.00  1.00000
  13956     9.45    -18.95  1.00000
  13957     9.45    -18.90  1.00000
  13958     9.45    -18.85  1.00000
  13959     9.45    -18.80  1.00000
  13960     9.45    -18.75  1.00000
  13961     9.45    -18.70  1.00000
  13962     9.45    -18.65  1.00000
  13963     9.45    -18.60  1.00000
  13964     9.45    -18.55  1.00000
  13965     9.45    -18.50  1.00000
  13966     9.45    -18.45  1.00000
  13967     9.45    -18.40  1.00000
  13968     9.45    -18.35  1.00000
  13969     9.45    -18.30  1.00000
  13970     9.45    -18.25  1.00000
  13971     9.45    -18.20  1.00000
  13972     9.45    -18.15  1.00000
  13973     9.45    -18.10  1.00000
  13974     9.45    -18.05  1.00000
  13975     9.45    -18.00  1.00000
  13976     9.45    -17.95  1.00000
  13977     9.45    -17.90  1.00000
  13978     9.45    -17.85  1.00000
  13979     9.45    -17.80  1.00000
  13980     9.45    -17.75  1.00000
  13981     9.45    -17.70  1.00000
  13982     9.45    -17.65  1.00000
  13983     9.45    -17.60  1.00000
  13984     9.45    -17.55  1.00000
  13985     9.45    -17.50  1.00000
  13986     9.45    -17.45  1.00000
  13987     9.45    -17.40  1.00000
  13988     9.45    -17.35  1.00000
  13989     9.45    -17.30  1.00000
  13990     9.45    -17.25  1.00000
  13991     9.45    -17.20  1.00000
  13992     9.45    -17.15  1.00000
  13993     9.45    -17.10  1.00000
  13994     9.45    -17.05  1.00000
  13995     9.45    -17.00  1.00000
  13996     9.45    -16.95  1.00000
  13997     9.45    -16.90  1.00000
  13998     9.45    -16.85  1.00000
  13999     9.45    -16.80  1.00000
  14000     9.45    -16.75  1.00000
  14001     9.45    -16.70  1.00000
  14002     9.45    -16.65  1.00000
  14003     9.45    -16.60  1.00000
  14004     9.45    -16.55  1.00000
  14005     9.45    -16.50  1.00000
  14006     9.45    -16.45  1.00000
  14007     9.45    -16.40  1.00000
  14008     9.45    -16.35  1.00000
  14009     9.45    -16.30  1.00000
  14010     9.45    -16.25  1.00000
  14011     9.45    -16.20  1.00000
  14012     9.45    -16.15  1.00000
  14013     9.45    -16.10  1.00000
  14014     9.45    -16.05  1.00000
  14015     9.45    -16.00  1.00000
  14016     9.45    -15.95  1.00000
  14017     9.45    -15.90  1.00000
  14018     9.45    -15.85  1.00000
  14019     9.45    -15.80  1.00000
  14020     9.45    -15.75  1.00000
  14021     9.45    -15.70  1.00000
  14022     9.45    -15.65  1.00000
  14023     9.45    -15.60  1.00000
  14024     9.45    -15.55  1.00000
  14025     9.45    -15.50  1.00000
  14026     9.45    -15.45  1.00000
  14027     9.45    -15.40  1.00000
  14028     9.45    -15.35  1.00000
  14029     9.45    -15.30  1.00000
  14030     9.45    -15.25  1.00000
  14031     9.45    -15.20  1.00000
  14032     9.45    -15.15  1.00000
  14033     9.45    -15.10  1.00000
  14034     9.45    -15.05  1.00000
  14035     9.45    -15.00  1.00000
  14036     9.45    -14.95  1.00000
  14037     9.50    -20.70  1.00000
  14038     9.50    -20.65  1.00000
  14039     9.50    -20.60  1.00000
  14040     9.50    -20.55  1.00000
  14041     9.50    -20.50  1.00000
  14042     9.50    -20.45  1.00000
  14043     9.50    -20.40  1.00000
  14044     9.50    -20.35  1.00000
  14045     9.50    -20.30  1.00000
  14046     9.50    -20.25  1.00000
  14047     9.50    -20.20  1.00000
  14048     9.50    -20.15  1.00000
  14049     9.50    -20.10  1.00000
  14050     9.50    -20.05  1.00000
  14051     9.50    -20.00  1.00000
  14052     9.50    -19.95  1.00000
  14053     9.50    -19.90  1.00000
  14054     9.50    -19.85  1.00000
  14055     9.50    -19.80  1.00000
  14056     9.50    -19.75  1.00000
  14057     9.50    -19.70  1.00000
  14058     9.50    -19.65  1.00000
  14059     9.50    -19.60  1.00000
  14060     9.50    -19.55  1.00000
  14061     9.50    -19.50  1.00000
  14062     9.50    -19.45  1.00000
  14063     9.50    -19.40  1.00000
  14064     9.50    -19.35  1.00000
  14065     9.50    -19.30  1.00000
  14066     9.50    -19.25  1.00000
  14067     9.50    -19.20  1.00000
  14068     9.50    -19.15  1.00000
  14069     9.50    -19.10  1.00000
  14070     9.50    -19.05  1.00000
  14071     9.50    -19.00  1.00000
  14072     9.50    -18.95  1.00000
  14073     9.50    -18.90  1.00000
  14074     9.50    -18.85  1.00000
  14075     9.50    -18.80  1.00000
  14076     9.50    -18.75  1.00000
  14077     9.50    -18.70  1.00000
  14078     9.50    -18.65  1.00000
  14079     9.50    -18.60  1.00000
  14080     9.50    -18.55  1.00000
  14081     9.50    -18.50  1.00000
  14082     9.50    -18.45  1.00000
  14083     9.50    -18.40  1.00000
  14084     9.50    -18.35  1.00000
  14085     9.50    -18.30  1.00000
  14086     9.50    -18.25  1.00000
  14087     9.50    -18.20  1.00000
  14088     9.50    -18.15  1.00000
  14089     9.50    -18.10  1.00000
  14090     9.50    -18.05  1.00000
  14091     9.50    -18.00  1.00000
  14092     9.50    -17.95  1.00000
  14093     9.50    -17.90  1.00000
  14094     9.50    -17.85  1.00000
  14095     9.50    -17.80  1.00000
  14096     9.50    -17.75  1.00000
  14097     9.50    -17.70  1.00000
  14098     9.50    -17.65  1.00000
  14099     9.50    -17.60  1.00000
  14100     9.50    -17.55  1.00000
  14101     9.50    -17.50  1.00000
  14102     9.50    -17.45  1.00000
  14103     9.50    -17.40  1.00000
  14104     9.50    -17.35  1.00000
  14105     9.50    -17.30  1.00000
  14106     9.50    -17.25  1.00000
  14107     9.50    -17.20  1.00000
  14108     9.50    -17.15  1.00000
  14109     9.50    -17.10  1.00000
  14110     9.50    -17.05  1.00000
  14111     9.50    -17.00  1.00000
  14112     9.50    -16.95  1.00000
  14113     9.50    -16.90  1.00000
  14114     9.50    -16.85  1.00000
  14115     9.50    -16.80  1.00000
  14116     9.50    -16.75  1.00000
  14117     9.50    -16.70  1.00000
  14118     9.50    -16.65  1.00000
  14119     9.50    -16.60  1.00000
  14120     9.50    -16.55  1.00000
  14121     9.50    -16.50  1.00000
  14122     9.50    -16.45  1.00000
  14123     9.50    -16.40  1.00000
  14124     9.50    -16.35  1.00000
  14125     9.50    -16.30  1.00000
  14126     9.50    -16.25  1.00000
  14127     9.50    -16.20  1.00000
  14128     9.50    -16.15  1.00000
  14129     9.50    -16.10  1.00000
  14130     9.50    -16.05  1.00000
  14131     9.50    -16.00  1.00000
  14132     9.50    -15.95  1.00000
  14133     9.50    -15.90  1.00000
  14134     9.50    -15.85  1.00000
  14135     9.50    -15.80  1.00000
  14136     9.50    -15.75  1.00000
  14137     9.50    -15.70  1.00000
  14138     9.50    -15.65  1.00000
  14139     9.50    -15.60  1.00000
  14140     9.50    -15.55  1.00000
  14141     9.50    -15.50  1.00000
  14142     9.50    -15.45  1.00000
  14143     9.50    -15.40  1.00000
  14144     9.50    -15.35  1.00000
  14145     9.50    -15.30  1.00000
  14146     9.50    -15.25  1.00000
  14147     9.50    -15.20  1.00000
  14148     9.50    -15.15  1.00000
  14149     9.50    -15.10  1.00000
  14150     9.50    -15.05  1.00000
  14151     9.50    -15.00  1.00000
  14152     9.50    -14.95  1.00000
  14153     9.55    -20.70  1.00000
  14154     9.55    -20.65  1.00000
  14155     9.55    -20.60  1.00000
  14156     9.55    -20.55  1.00000
  14157     9.55    -20.50  1.00000
  14158     9.55    -20.45  1.00000
  14159     9.55    -20.40  1.00000
  14160     9.55    -20.35  1.00000
  14161     9.55    -20.30  1.00000
  14162     9.55    -20.25  1.00000
  14163     9.55    -20.20  1.00000
  14164     9.55    -20.15  1.00000
  14165     9.55    -20.10  1.00000
  14166     9.55    -20.05  1.00000
  14167     9.55    -20.00  1.00000
  14168     9.55    -19.95  1.00000
  14169     9.55    -19.90  1.00000
  14170     9.55    -19.85  1.00000
  14171     9.55    -19.80  1.00000
  14172     9.55    -19.75  1.00000
  14173     9.55    -19.70  1.00000
  14174     9.55    -19.65  1.00000
  14175     9.55    -19.60  1.00000
  14176     9.55    -19.55  1.00000
  14177     9.55    -19.50  1.00000
  14178     9.55    -19.45  1.00000
  14179     9.55    -19.40  1.00000
  14180     9.55    -19.35  1.00000
  14181     9.55    -19.30  1.00000
  14182     9.55    -19.25  1.00000
  14183     9.55    -19.20  1.00000
  14184     9.55    -19.15  1.00000
  14185     9.55    -19.10  1.00000
  14186     9.55    -19.05  1.00000
  14187     9.55    -19.00  1.00000
  14188     9.55    -18.95  1.00000
  14189     9.55    -18.90  1.00000
  14190     9.55    -18.85  1.00000
  14191     9.55    -18.80  1.00000
  14192     9.55    -18.75  1.00000
  14193     9.55    -18.70  1.00000
  14194     9.55    -18.65  1.00000
  14195     9.55    -18.60  1.00000
  14196     9.55    -18.55  1.00000
  14197     9.55    -18.50  1.00000
  14198     9.55    -18.45  1.00000
  14199     9.55    -18.40  1.00000
  14200     9.55    -18.35  1.00000
  14201     9.55    -18.30  1.00000
  14202     9.55    -18.25  1.00000
  14203     9.55    -18.20  1.00000
  14204     9.55    -18.15  1.00000
  14205     9.55    -18.10  1.00000
  14206     9.55    -18.05  1.00000
  14207     9.55    -18.00  1.00000
  14208     9.55    -17.95  1.00000
  14209     9.55    -17.90  1.00000
  14210     9.55    -17.85  1.00000
  14211     9.55    -17.80  1.00000
  14212     9.55    -17.75  1.00000
  14213     9.55    -17.70  1.00000
  14214     9.55    -17.65  1.00000
  14215     9.55    -17.60  1.00000
  14216     9.55    -17.55  1.00000
  14217     9.55    -17.50  1.00000
  14218     9.55    -17.45  1.00000
  14219     9.55    -17.40  1.00000
  14220     9.55    -17.35  1.00000
  14221     9.55    -17.30  1.00000
  14222     9.55    -17.25  1.00000
  14223     9.55    -17.20  1.00000
  14224     9.55    -17.15  1.00000
  14225     9.55    -17.10  1.00000
  14226     9.55    -17.05  1.00000
  14227     9.55    -17.00  1.00000
  14228     9.55    -16.95  1.00000
  14229     9.55    -16.90  1.00000
  14230     9.55    -16.85  1.00000
  14231     9.55    -16.80  1.00000
  14232     9.55    -16.75  1.00000
  14233     9.55    -16.70  1.00000
  14234     9.55    -16.65  1.00000
  14235     9.55    -16.60  1.00000
  14236     9.55    -16.55  1.00000
  14237     9.55    -16.50  1.00000
  14238     9.55    -16.45  1.00000
  14239     9.55    -16.40  1.00000
  14240     9.55    -16.35  1.00000
  14241     9.55    -16.30  1.00000
  14242     9.55    -16.25  1.00000
  14243     9.55    -16.20  1.00000
  14244     9.55    -16.15  1.00000
  14245     9.55    -16.10  1.00000
  14246     9.55    -16.05  1.00000
  14247     9.55    -16.00  1.00000
  14248     9.55    -15.95  1.00000
  14249     9.55    -15.90  1.00000
  14250     9.55    -15.85  1.00000
  14251     9.55    -15.80  1.00000
  14252     9.55    -15.75  1.00000
  14253     9.55    -15.70  1.00000
  14254     9.55    -15.65  1.00000
  14255     9.55    -15.60  1.00000
  14256     9.55    -15.55  1.00000
  14257     9.55    -15.50  1.00000
  14258     9.55    -15.45  1.00000
  14259     9.55    -15.40  1.00000
  14260     9.55    -15.35  1.00000
  14261     9.55    -15.30  1.00000
  14262     9.55    -15.25  1.00000
  14263     9.55    -15.20  1.00000
  14264     9.55    -15.15  1.00000
  14265     9.55    -15.10  1.00000
  14266     9.55    -15.05  1.00000
  14267     9.55    -15.00  1.00000
  14268     9.55    -14.95  1.00000
  14269     9.60    -20.70  1.00000
  14270     9.60    -20.65  1.00000
  14271     9.60    -20.60  1.00000
  14272     9.60    -20.55  1.00000
  14273     9.60    -20.50  1.00000
  14274     9.60    -20.45  1.00000
  14275     9.60    -20.40  1.00000
  14276     9.60    -20.35  1.00000
  14277     9.60    -20.30  1.00000
  14278     9.60    -20.25  1.00000
  14279     9.60    -20.20  1.00000
  14280     9.60    -20.15  1.00000
  14281     9.60    -20.10  1.00000
  14282     9.60    -20.05  1.00000
  14283     9.60    -20.00  1.00000
  14284     9.60    -19.95  1.00000
  14285     9.60    -19.90  1.00000
  14286     9.60    -19.85  1.00000
  14287     9.60    -19.80  1.00000
  14288     9.60    -19.75  1.00000
  14289     9.60    -19.70  1.00000
  14290     9.60    -19.65  1.00000
  14291     9.60    -19.60  1.00000
  14292     9.60    -19.55  1.00000
  14293     9.60    -19.50  1.00000
  14294     9.60    -19.45  1.00000
  14295     9.60    -19.40  1.00000
  14296     9.60    -19.35  1.00000
  14297     9.60    -19.30  1.00000
  14298     9.60    -19.25  1.00000
  14299     9.60    -19.20  1.00000
  14300     9.60    -19.15  1.00000
  14301     9.60    -19.10  1.00000
  14302     9.60    -19.05  1.00000
  14303     9.60    -19.00  1.00000
  14304     9.60    -18.95  1.00000
  14305     9.60    -18.90  1.00000
  14306     9.60    -18.85  1.00000
  14307     9.60    -18.80  1.00000
  14308     9.60    -18.75  1.00000
  14309     9.60    -18.70  1.00000
  14310     9.60    -18.65  1.00000
  14311     9.60    -18.60  1.00000
  14312     9.60    -18.55  1.00000
  14313     9.60    -18.50  1.00000
  14314     9.60    -18.45  1.00000
  14315     9.60    -18.40  1.00000
  14316     9.60    -18.35  1.00000
  14317     9.60    -18.30  1.00000
  14318     9.60    -18.25  1.00000
  14319     9.60    -18.20  1.00000
  14320     9.60    -18.15  1.00000
  14321     9.60    -18.10  1.00000
  14322     9.60    -18.05  1.00000
  14323     9.60    -18.00  1.00000
  14324     9.60    -17.95  1.00000
  14325     9.60    -17.90  1.00000
  14326     9.60    -17.85  1.00000
  14327     9.60    -17.80  1.00000
  14328     9.60    -17.75  1.00000
  14329     9.60    -17.70  1.00000
  14330     9.60    -17.65  1.00000
  14331     9.60    -17.60  1.00000
  14332     9.60    -17.55  1.00000
  14333     9.60    -17.50  1.00000
  14334     9.60    -17.45  1.00000
  14335     9.60    -17.40  1.00000
  14336     9.60    -17.35  1.00000
  14337     9.60    -17.30  1.00000
  14338     9.60    -17.25  1.00000
  14339     9.60    -17.20  1.00000
  14340     9.60    -17.15  1.00000
  14341     9.60    -17.10  1.00000
  14342     9.60    -17.05  1.00000
  14343     9.60    -17.00  1.00000
  14344     9.60    -16.95  1.00000
  14345     9.60    -16.90  1.00000
  14346     9.60    -16.85  1.00000
  14347     9.60    -16.80  1.00000
  14348     9.60    -16.75  1.00000
  14349     9.60    -16.70  1.00000
  14350     9.60    -16.65  1.00000
  14351     9.60    -16.60  1.00000
  14352     9.60    -16.55  1.00000
  14353     9.60    -16.50  1.00000
  14354     9.60    -16.45  1.00000
  14355     9.60    -16.40  1.00000
  14356     9.60    -16.35  1.00000
  14357     9.60    -16.30  1.00000
  14358     9.60    -16.25  1.00000
  14359     9.60    -16.20  1.00000
  14360     9.60    -16.15  1.00000
  14361     9.60    -16.10  1.00000
  14362     9.60    -16.05  1.00000
  14363     9.60    -16.00  1.00000
  14364     9.60    -15.95  1.00000
  14365     9.60    -15.90  1.00000
  14366     9.60    -15.85  1.00000
  14367     9.60    -15.80  1.00000
  14368     9.60    -15.75  1.00000
  14369     9.60    -15.70  1.00000
  14370     9.60    -15.65  1.00000
  14371     9.60    -15.60  1.00000
  14372     9.60    -15.55  1.00000
  14373     9.60    -15.50  1.00000
  14374     9.60    -15.45  1.00000
  14375     9.60    -15.40  1.00000
  14376     9.60    -15.35  1.00000
  14377     9.60    -15.30  1.00000
  14378     9.60    -15.25  1.00000
  14379     9.60    -15.20  1.00000
  14380     9.60    -15.15  1.00000
  14381     9.60    -15.10  1.00000
  14382     9.60    -15.05  1.00000
  14383     9.60    -15.00  1.00000
  14384     9.60    -14.95  1.00000
  14385     9.65    -20.70  1.00000
  14386     9.65    -20.65  1.00000
  14387     9.65    -20.60  1.00000
  14388     9.65    -20.55  1.00000
  14389     9.65    -20.50  1.00000
  14390     9.65    -20.45  1.00000
  14391     9.65    -20.40  1.00000
  14392     9.65    -20.35  1.00000
  14393     9.65    -20.30  1.00000
  14394     9.65    -20.25  1.00000
  14395     9.65    -20.20  1.00000
  14396     9.65    -20.15  1.00000
  14397     9.65    -20.10  1.00000
  14398     9.65    -20.05  1.00000
  14399     9.65    -20.00  1.00000
  14400     9.65    -19.95  1.00000
  14401     9.65    -19.90  1.00000
  14402     9.65    -19.85  1.00000
  14403     9.65    -19.80  1.00000
  14404     9.65    -19.75  1.00000
  14405     9.65    -19.70  1.00000
  14406     9.65    -19.65  1.00000
  14407     9.65    -19.60  1.00000
  14408     9.65    -19.55  1.00000
  14409     9.65    -19.50  1.00000
  14410     9.65    -19.45  1.00000
  14411     9.65    -19.40  1.00000
  14412     9.65    -19.35  1.00000
  14413     9.65    -19.30  1.00000
  14414     9.65    -19.25  1.00000
  14415     9.65    -19.20  1.00000
  14416     9.65    -19.15  1.00000
  14417     9.65    -19.10  1.00000
  14418     9.65    -19.05  1.00000
  14419     9.65    -19.00  1.00000
  14420     9.65    -18.95  1.00000
  14421     9.65    -18.90  1.00000
  14422     9.65    -18.85  1.00000
  14423     9.65    -18.80  1.00000
  14424     9.65    -18.75  1.00000
  14425     9.65    -18.70  1.00000
  14426     9.65    -18.65  1.00000
  14427     9.65    -18.60  1.00000
  14428     9.65    -18.55  1.00000
  14429     9.65    -18.50  1.00000
  14430     9.65    -18.45  1.00000
  14431     9.65    -18.40  1.00000
  14432     9.65    -18.35  1.00000
  14433     9.65    -18.30  1.00000
  14434     9.65    -18.25  1.00000
  14435     9.65    -18.20  1.00000
  14436     9.65    -18.15  1.00000
  14437     9.65    -18.10  1.00000
  14438     9.65    -18.05  1.00000
  14439     9.65    -18.00  1.00000
  14440     9.65    -17.95  1.00000
  14441     9.65    -17.90  1.00000
  14442     9.65    -17.85  1.00000
  14443     9.65    -17.80  1.00000
  14444     9.65    -17.75  1.00000
  14445     9.65    -17.70  1.00000
  14446     9.65    -17.65  1.00000
  14447     9.65    -17.60  1.00000
  14448     9.65    -17.55  1.00000
  14449     9.65    -17.50  1.00000
  14450     9.65    -17.45  1.00000
  14451     9.65    -17.40  1.00000
  14452     9.65    -17.35  1.00000
  14453     9.65    -17.30  1.00000
  14454     9.65    -17.25  1.00000
  14455     9.65    -17.20  1.00000
  14456     9.65    -17.15  1.00000
  14457     9.65    -17.10  1.00000
  14458     9.65    -17.05  1.00000
  14459     9.65    -17.00  1.00000
  14460     9.65    -16.95  1.00000
  14461     9.65    -16.90  1.00000
  14462     9.65    -16.85  1.00000
  14463     9.65    -16.80  1.00000
  14464     9.65    -16.75  1.00000
  14465     9.65    -16.70  1.00000
  14466     9.65    -16.65  1.00000
  14467     9.65    -16.60  1.00000
  14468     9.65    -16.55  1.00000
  14469     9.65    -16.50  1.00000
  14470     9.65    -16.45  1.00000
  14471     9.65    -16.40  1.00000
  14472     9.65    -16.35  1.00000
  14473     9.65    -16.30  1.00000
  14474     9.65    -16.25  1.00000
  14475     9.65    -16.20  1.00000
  14476     9.65    -16.15  1.00000
  14477     9.65    -16.10  1.00000
  14478     9.65    -16.05  1.00000
  14479     9.65    -16.00  1.00000
  14480     9.65    -15.95  1.00000
  14481     9.65    -15.90  1.00000
  14482     9.65    -15.85  1.00000
  14483     9.65    -15.80  1.00000
  14484     9.65    -15.75  1.00000
  14485     9.65    -15.70  1.00000
  14486     9.65    -15.65  1.00000
  14487     9.65    -15.60  1.00000
  14488     9.65    -15.55  1.00000
  14489     9.65    -15.50  1.00000
  14490     9.65    -15.45  1.00000
  14491     9.65    -15.40  1.00000
  14492     9.65    -15.35  1.00000
  14493     9.65    -15.30  1.00000
  14494     9.65    -15.25  1.00000
  14495     9.65    -15.20  1.00000
  14496     9.65    -15.15  1.00000
  14497     9.65    -15.10  1.00000
  14498     9.65    -15.05  1.00000
  14499     9.65    -15.00  1.00000
  14500     9.65    -14.95  1.00000
  14501     9.70    -20.70  1.00000
  14502     9.70    -20.65  1.00000
  14503     9.70    -20.60  1.00000
  14504     9.70    -20.55  1.00000
  14505     9.70    -20.50  1.00000
  14506     9.70    -20.45  1.00000
  14507     9.70    -20.40  1.00000
  14508     9.70    -20.35  1.00000
  14509     9.70    -20.30  1.00000
  14510     9.70    -20.25  1.00000
  14511     9.70    -20.20  1.00000
  14512     9.70    -20.15  1.00000
  14513     9.70    -20.10  1.00000
  14514     9.70    -20.05  1.00000
  14515     9.70    -20.00  1.00000
  14516     9.70    -19.95  1.00000
  14517     9.70    -19.90  1.00000
  14518     9.70    -19.85  1.00000
  14519     9.70    -19.80  1.00000
  14520     9.70    -19.75  1.00000
  14521     9.70    -19.70  1.00000
  14522     9.70    -19.65  1.00000
  14523     9.70    -19.60  1.00000
  14524     9.70    -19.55  1.00000
  14525     9.70    -19.50  1.00000
  14526     9.70    -19.45  1.00000
  14527     9.70    -19.40  1.00000
  14528     9.70    -19.35  1.00000
  14529     9.70    -19.30  1.00000
  14530     9.70    -19.25  1.00000
  14531     9.70    -19.20  1.00000
  14532     9.70    -19.15  1.00000
  14533     9.70    -19.10  1.00000
  14534     9.70    -19.05  1.00000
  14535     9.70    -19.00  1.00000
  14536     9.70    -18.95  1.00000
  14537     9.70    -18.90  1.00000
  14538     9.70    -18.85  1.00000
  14539     9.70    -18.80  1.00000
  14540     9.70    -18.75  1.00000
  14541     9.70    -18.70  1.00000
  14542     9.70    -18.65  1.00000
  14543     9.70    -18.60  1.00000
  14544     9.70    -18.55  1.00000
  14545     9.70    -18.50  1.00000
  14546     9.70    -18.45  1.00000
  14547     9.70    -18.40  1.00000
  14548     9.70    -18.35  1.00000
  14549     9.70    -18.30  1.00000
  14550     9.70    -18.25  1.00000
  14551     9.70    -18.20  1.00000
  14552     9.70    -18.15  1.00000
  14553     9.70    -18.10  1.00000
  14554     9.70    -18.05  1.00000
  14555     9.70    -18.00  1.00000
  14556     9.70    -17.95  1.00000
  14557     9.70    -17.90  1.00000
  14558     9.70    -17.85  1.00000
  14559     9.70    -17.80  1.00000
  14560     9.70    -17.75  1.00000
  14561     9.70    -17.70  1.00000
  14562     9.70    -17.65  1.00000
  14563     9.70    -17.60  1.00000
  14564     9.70    -17.55  1.00000
  14565     9.70    -17.50  1.00000
  14566     9.70    -17.45  1.00000
  14567     9.70    -17.40  1.00000
  14568     9.70    -17.35  1.00000
  14569     9.70    -17.30  1.00000
  14570     9.70    -17.25  1.00000
  14571     9.70    -17.20  1.00000
  14572     9.70    -17.15  1.00000
  14573     9.70    -17.10  1.00000
  14574     9.70    -17.05  1.00000
  14575     9.70    -17.00  1.00000
  14576     9.70    -16.95  1.00000
  14577     9.70    -16.90  1.00000
  14578     9.70    -16.85  1.00000
  14579     9.70    -16.80  1.00000
  14580     9.70    -16.75  1.00000
  14581     9.70    -16.70  1.00000
  14582     9.70    -16.65  1.00000
  14583     9.70    -16.60  1.00000
  14584     9.70    -16.55  1.00000
  14585     9.70    -16.50  1.00000
  14586     9.70    -16.45  1.00000
  14587     9.70    -16.40  1.00000
  14588     9.70    -16.35  1.00000
  14589     9.70    -16.30  1.00000
  14590     9.70    -16.25  1.00000
  14591     9.70    -16.20  1.00000
  14592     9.70    -16.15  1.00000
  14593     9.70    -16.10  1.00000
  14594     9.70    -16.05  1.00000
  14595     9.70    -16.00  1.00000
  14596     9.70    -15.95  1.00000
  14597     9.70    -15.90  1.00000
  14598     9.70    -15.85  1.00000
  14599     9.70    -15.80  1.00000
  14600     9.70    -15.75  1.00000
  14601     9.70    -15.70  1.00000
  14602     9.70    -15.65  1.00000
  14603     9.70    -15.60  1.00000
  14604     9.70    -15.55  1.00000
  14605     9.70    -15.50  1.00000
  14606     9.70    -15.45  1.00000
  14607     9.70    -15.40  1.00000
  14608     9.70    -15.35  1.00000
  14609     9.70    -15.30  1.00000
  14610     9.70    -15.25  1.00000
  14611     9.70    -15.20  1.00000
  14612     9.70    -15.15  1.00000
  14613     9.70    -15.10  1.00000
  14614     9.70    -15.05  1.00000
  14615     9.70    -15.00  1.00000
  14616     9.70    -14.95  1.00000
  14617     9.75    -20.70  1.00000
  14618     9.75    -20.65  1.00000
  14619     9.75    -20.60  1.00000
  14620     9.75    -20.55  1.00000
  14621     9.75    -20.50  1.00000
  14622     9.75    -20.45  1.00000
  14623     9.75    -20.40  1.00000
  14624     9.75    -20.35  1.00000
  14625     9.75    -20.30  1.00000
  14626     9.75    -20.25  1.00000
  14627     9.75    -20.20  1.00000
  14628     9.75    -20.15  1.00000
  14629     9.75    -20.10  1.00000
  14630     9.75    -20.05  1.00000
  14631     9.75    -20.00  1.00000
  14632     9.75    -19.95  1.00000
  14633     9.75    -19.90  1.00000
  14634     9.75    -19.85  1.00000
  14635     9.75    -19.80  1.00000
  14636     9.75    -19.75  1.00000
  14637     9.75    -19.70  1.00000
  14638     9.75    -19.65  1.00000
  14639     9.75    -19.60  1.00000
  14640     9.75    -19.55  1.00000
  14641     9.75    -19.50  1.00000
  14642     9.75    -19.45  1.00000
  14643     9.75    -19.40  1.00000
  14644     9.75    -19.35  1.00000
  14645     9.75    -19.30  1.00000
  14646     9.75    -19.25  1.00000
  14647     9.75    -19.20  1.00000
  14648     9.75    -19.15  1.00000
  14649     9.75    -19.10  1.00000
  14650     9.75    -19.05  1.00000
  14651     9.75    -19.00  1.00000
  14652     9.75    -18.95  1.00000
  14653     9.75    -18.90  1.00000
  14654     9.75    -18.85  1.00000
  14655     9.75    -18.80  1.00000
  14656     9.75    -18.75  1.00000
  14657     9.75    -18.70  1.00000
  14658     9.75    -18.65  1.00000
  14659     9.75    -18.60  1.00000
  14660     9.75    -18.55  1.00000
  14661     9.75    -18.50  1.00000
  14662     9.75    -18.45  1.00000
  14663     9.75    -18.40  1.00000
  14664     9.75    -18.35  1.00000
  14665     9.75    -18.30  1.00000
  14666     9.75    -18.25  1.00000
  14667     9.75    -18.20  1.00000
  14668     9.75    -18.15  1.00000
  14669     9.75    -18.10  1.00000
  14670     9.75    -18.05  1.00000
  14671     9.75    -18.00  1.00000
  14672     9.75    -17.95  1.00000
  14673     9.75    -17.90  1.00000
  14674     9.75    -17.85  1.00000
  14675     9.75    -17.80  1.00000
  14676     9.75    -17.75  1.00000
  14677     9.75    -17.70  1.00000
  14678     9.75    -17.65  1.00000
  14679     9.75    -17.60  1.00000
  14680     9.75    -17.55  1.00000
  14681     9.75    -17.50  1.00000
  14682     9.75    -17.45  1.00000
  14683     9.75    -17.40  1.00000
  14684     9.75    -17.35  1.00000
  14685     9.75    -17.30  1.00000
  14686     9.75    -17.25  1.00000
  14687     9.75    -17.20  1.00000
  14688     9.75    -17.15  1.00000
  14689     9.75    -17.10  1.00000
  14690     9.75    -17.05  1.00000
  14691     9.75    -17.00  1.00000
  14692     9.75    -16.95  1.00000
  14693     9.75    -16.90  1.00000
  14694     9.75    -16.85  1.00000
  14695     9.75    -16.80  1.00000
  14696     9.75    -16.75  1.00000
  14697     9.75    -16.70  1.00000
  14698     9.75    -16.65  1.00000
  14699     9.75    -16.60  1.00000
  14700     9.75    -16.55  1.00000
  14701     9.75    -16.50  1.00000
  14702     9.75    -16.45  1.00000
  14703     9.75    -16.40  1.00000
  14704     9.75    -16.35  1.00000
  14705     9.75    -16.30  1.00000
  14706     9.75    -16.25  1.00000
  14707     9.75    -16.20  1.00000
  14708     9.75    -16.15  1.00000
  14709     9.75    -16.10  1.00000
  14710     9.75    -16.05  1.00000
  14711     9.75    -16.00  1.00000
  14712     9.75    -15.95  1.00000
  14713     9.75    -15.90  1.00000
  14714     9.75    -15.85  1.00000
  14715     9.75    -15.80  1.00000
  14716     9.75    -15.75  1.00000
  14717     9.75    -15.70  1.00000
  14718     9.75    -15.65  1.00000
  14719     9.75    -15.60  1.00000
  14720     9.75    -15.55  1.00000
  14721     9.75    -15.50  1.00000
  14722     9.75    -15.45  1.00000
  14723     9.75    -15.40  1.00000
  14724     9.75    -15.35  1.00000
  14725     9.75    -15.30  1.00000
  14726     9.75    -15.25  1.00000
  14727     9.75    -15.20  1.00000
  14728     9.75    -15.15  1.00000
  14729     9.75    -15.10  1.00000
  14730     9.75    -15.05  1.00000
  14731     9.75    -15.00  1.00000
  14732     9.75    -14.95  1.00000
  14733     9.80    -20.70  1.00000
  14734     9.80    -20.65  1.00000
  14735     9.80    -20.60  1.00000
  14736     9.80    -20.55  1.00000
  14737     9.80    -20.50  1.00000
  14738     9.80    -20.45  1.00000
  14739     9.80    -20.40  1.00000
  14740     9.80    -20.35  1.00000
  14741     9.80    -20.30  1.00000
  14742     9.80    -20.25  1.00000
  14743     9.80    -20.20  1.00000
  14744     9.80    -20.15  1.00000
  14745     9.80    -20.10  1.00000
  14746     9.80    -20.05  1.00000
  14747     9.80    -20.00  1.00000
  14748     9.80    -19.95  1.00000
  14749     9.80    -19.90  1.00000
  14750     9.80    -19.85  1.00000
  14751     9.80    -19.80  1.00000
  14752     9.80    -19.75  1.00000
  14753     9.80    -19.70  1.00000
  14754     9.80    -19.65  1.00000
  14755     9.80    -19.60  1.00000
  14756     9.80    -19.55  1.00000
  14757     9.80    -19.50  1.00000
  14758     9.80    -19.45  1.00000
  14759     9.80    -19.40  1.00000
  14760     9.80    -19.35  1.00000
  14761     9.80    -19.30  1.00000
  14762     9.80    -19.25  1.00000
  14763     9.80    -19.20  1.00000
  14764     9.80    -19.15  1.00000
  14765     9.80    -19.10  1.00000
  14766     9.80    -19.05  1.00000
  14767     9.80    -19.00  1.00000
  14768     9.80    -18.95  1.00000
  14769     9.80    -18.90  1.00000
  14770     9.80    -18.85  1.00000
  14771     9.80    -18.80  1.00000
  14772     9.80    -18.75  1.00000
  14773     9.80    -18.70  1.00000
  14774     9.80    -18.65  1.00000
  14775     9.80    -18.60  1.00000
  14776     9.80    -18.55  1.00000
  14777     9.80    -18.50  1.00000
  14778     9.80    -18.45  1.00000
  14779     9.80    -18.40  1.00000
  14780     9.80    -18.35  1.00000
  14781     9.80    -18.30  1.00000
  14782     9.80    -18.25  1.00000
  14783     9.80    -18.20  1.00000
  14784     9.80    -18.15  1.00000
  14785     9.80    -18.10  1.00000
  14786     9.80    -18.05  1.00000
  14787     9.80    -18.00  1.00000
  14788     9.80    -17.95  1.00000
  14789     9.80    -17.90  1.00000
  14790     9.80    -17.85  1.00000
  14791     9.80    -17.80  1.00000
  14792     9.80    -17.75  1.00000
  14793     9.80    -17.70  1.00000
  14794     9.80    -17.65  1.00000
  14795     9.80    -17.60  1.00000
  14796     9.80    -17.55  1.00000
  14797     9.80    -17.50  1.00000
  14798     9.80    -17.45  1.00000
  14799     9.80    -17.40  1.00000
  14800     9.80    -17.35  1.00000
  14801     9.80    -17.30  1.00000
  14802     9.80    -17.25  1.00000
  14803     9.80    -17.20  1.00000
  14804     9.80    -17.15  1.00000
  14805     9.80    -17.10  1.00000
  14806     9.80    -17.05  1.00000
  14807     9.80    -17.00  1.00000
  14808     9.80    -16.95  1.00000
  14809     9.80    -16.90  1.00000
  14810     9.80    -16.85  1.00000
  14811     9.80    -16.80  1.00000
  14812     9.80    -16.75  1.00000
  14813     9.80    -16.70  1.00000
  14814     9.80    -16.65  1.00000
  14815     9.80    -16.60  1.00000
  14816     9.80    -16.55  1.00000
  14817     9.80    -16.50  1.00000
  14818     9.80    -16.45  1.00000
  14819     9.80    -16.40  1.00000
  14820     9.80    -16.35  1.00000
  14821     9.80    -16.30  1.00000
  14822     9.80    -16.25  1.00000
  14823     9.80    -16.20  1.00000
  14824     9.80    -16.15  1.00000
  14825     9.80    -16.10  1.00000
  14826     9.80    -16.05  1.00000
  14827     9.80    -16.00  1.00000
  14828     9.80    -15.95  1.00000
  14829     9.80    -15.90  1.00000
  14830     9.80    -15.85  1.00000
  14831     9.80    -15.80  1.00000
  14832     9.80    -15.75  1.00000
  14833     9.80    -15.70  1.00000
  14834     9.80    -15.65  1.00000
  14835     9.80    -15.60  1.00000
  14836     9.80    -15.55  1.00000
  14837     9.80    -15.50  1.00000
  14838     9.80    -15.45  1.00000
  14839     9.80    -15.40  1.00000
  14840     9.80    -15.35  1.00000
  14841     9.80    -15.30  1.00000
  14842     9.80    -15.25  1.00000
  14843     9.80    -15.20  1.00000
  14844     9.80    -15.15  1.00000
  14845     9.80    -15.10  1.00000
  14846     9.80    -15.05  1.00000
  14847     9.80    -15.00  1.00000
  14848     9.80    -14.95  1.00000
  14849     9.85    -20.70  1.00000
  14850     9.85    -20.65  1.00000
  14851     9.85    -20.60  1.00000
  14852     9.85    -20.55  1.00000
  14853     9.85    -20.50  1.00000
  14854     9.85    -20.45  1.00000
  14855     9.85    -20.40  1.00000
  14856     9.85    -20.35  1.00000
  14857     9.85    -20.30  1.00000
  14858     9.85    -20.25  1.00000
  14859     9.85    -20.20  1.00000
  14860     9.85    -20.15  1.00000
  14861     9.85    -20.10  1.00000
  14862     9.85    -20.05  1.00000
  14863     9.85    -20.00  1.00000
  14864     9.85    -19.95  1.00000
  14865     9.85    -19.90  1.00000
  14866     9.85    -19.85  1.00000
  14867     9.85    -19.80  1.00000
  14868     9.85    -19.75  1.00000
  14869     9.85    -19.70  1.00000
  14870     9.85    -19.65  1.00000
  14871     9.85    -19.60  1.00000
  14872     9.85    -19.55  1.00000
  14873     9.85    -19.50  1.00000
  14874     9.85    -19.45  1.00000
  14875     9.85    -19.40  1.00000
  14876     9.85    -19.35  1.00000
  14877     9.85    -19.30  1.00000
  14878     9.85    -19.25  1.00000
  14879     9.85    -19.20  1.00000
  14880     9.85    -19.15  1.00000
  14881     9.85    -19.10  1.00000
  14882     9.85    -19.05  1.00000
  14883     9.85    -19.00  1.00000
  14884     9.85    -18.95  1.00000
  14885     9.85    -18.90  1.00000
  14886     9.85    -18.85  1.00000
  14887     9.85    -18.80  1.00000
  14888     9.85    -18.75  1.00000
  14889     9.85    -18.70  1.00000
  14890     9.85    -18.65  1.00000
  14891     9.85    -18.60  1.00000
  14892     9.85    -18.55  1.00000
  14893     9.85    -18.50  1.00000
  14894     9.85    -18.45  1.00000
  14895     9.85    -18.40  1.00000
  14896     9.85    -18.35  1.00000
  14897     9.85    -18.30  1.00000
  14898     9.85    -18.25  1.00000
  14899     9.85    -18.20  1.00000
  14900     9.85    -18.15  1.00000
  14901     9.85    -18.10  1.00000
  14902     9.85    -18.05  1.00000
  14903     9.85    -18.00  1.00000
  14904     9.85    -17.95  1.00000
  14905     9.85    -17.90  1.00000
  14906     9.85    -17.85  1.00000
  14907     9.85    -17.80  1.00000
  14908     9.85    -17.75  1.00000
  14909     9.85    -17.70  1.00000
  14910     9.85    -17.65  1.00000
  14911     9.85    -17.60  1.00000
  14912     9.85    -17.55  1.00000
  14913     9.85    -17.50  1.00000
  14914     9.85    -17.45  1.00000
  14915     9.85    -17.40  1.00000
  14916     9.85    -17.35  1.00000
  14917     9.85    -17.30  1.00000
  14918     9.85    -17.25  1.00000
  14919     9.85    -17.20  1.00000
  14920     9.85    -17.15  1.00000
  14921     9.85    -17.10  1.00000
  14922     9.85    -17.05  1.00000
  14923     9.85    -17.00  1.00000
  14924     9.85    -16.95  1.00000
  14925     9.85    -16.90  1.00000
  14926     9.85    -16.85  1.00000
  14927     9.85    -16.80  1.00000
  14928     9.85    -16.75  1.00000
  14929     9.85    -16.70  1.00000
  14930     9.85    -16.65  1.00000
  14931     9.85    -16.60  1.00000
  14932     9.85    -16.55  1.00000
  14933     9.85    -16.50  1.00000
  14934     9.85    -16.45  1.00000
  14935     9.85    -16.40  1.00000
  14936     9.85    -16.35  1.00000
  14937     9.85    -16.30  1.00000
  14938     9.85    -16.25  1.00000
  14939     9.85    -16.20  1.00000
  14940     9.85    -16.15  1.00000
  14941     9.85    -16.10  1.00000
  14942     9.85    -16.05  1.00000
  14943     9.85    -16.00  1.00000
  14944     9.85    -15.95  1.00000
  14945     9.85    -15.90  1.00000
  14946     9.85    -15.85  1.00000
  14947     9.85    -15.80  1.00000
  14948     9.85    -15.75  1.00000
  14949     9.85    -15.70  1.00000
  14950     9.85    -15.65  1.00000
  14951     9.85    -15.60  1.00000
  14952     9.85    -15.55  1.00000
  14953     9.85    -15.50  1.00000
  14954     9.85    -15.45  1.00000
  14955     9.85    -15.40  1.00000
  14956     9.85    -15.35  1.00000
  14957     9.85    -15.30  1.00000
  14958     9.85    -15.25  1.00000
  14959     9.85    -15.20  1.00000
  14960     9.85    -15.15  1.00000
  14961     9.85    -15.10  1.00000
  14962     9.85    -15.05  1.00000
  14963     9.85    -15.00  1.00000
  14964     9.85    -14.95  1.00000
  14965     9.90    -20.70  1.00000
  14966     9.90    -20.65  1.00000
  14967     9.90    -20.60  1.00000
  14968     9.90    -20.55  1.00000
  14969     9.90    -20.50  1.00000
  14970     9.90    -20.45  1.00000
  14971     9.90    -20.40  1.00000
  14972     9.90    -20.35  1.00000
  14973     9.90    -20.30  1.00000
  14974     9.90    -20.25  1.00000
  14975     9.90    -20.20  1.00000
  14976     9.90    -20.15  1.00000
  14977     9.90    -20.10  1.00000
  14978     9.90    -20.05  1.00000
  14979     9.90    -20.00  1.00000
  14980     9.90    -19.95  1.00000
  14981     9.90    -19.90  1.00000
  14982     9.90    -19.85  1.00000
  14983     9.90    -19.80  1.00000
  14984     9.90    -19.75  1.00000
  14985     9.90    -19.70  1.00000
  14986     9.90    -19.65  1.00000
  14987     9.90    -19.60  1.00000
  14988     9.90    -19.55  1.00000
  14989     9.90    -19.50  1.00000
  14990     9.90    -19.45  1.00000
  14991     9.90    -19.40  1.00000
  14992     9.90    -19.35  1.00000
  14993     9.90    -19.30  1.00000
  14994     9.90    -19.25  1.00000
  14995     9.90    -19.20  1.00000
  14996     9.90    -19.15  1.00000
  14997     9.90    -19.10  1.00000
  14998     9.90    -19.05  1.00000
  14999     9.90    -19.00  1.00000
  15000     9.90    -18.95  1.00000
  15001     9.90    -18.90  1.00000
  15002     9.90    -18.85  1.00000
  15003     9.90    -18.80  1.00000
  15004     9.90    -18.75  1.00000
  15005     9.90    -18.70  1.00000
  15006     9.90    -18.65  1.00000
  15007     9.90    -18.60  1.00000
  15008     9.90    -18.55  1.00000
  15009     9.90    -18.50  1.00000
  15010     9.90    -18.45  1.00000
  15011     9.90    -18.40  1.00000
  15012     9.90    -18.35  1.00000
  15013     9.90    -18.30  1.00000
  15014     9.90    -18.25  1.00000
  15015     9.90    -18.20  1.00000
  15016     9.90    -18.15  1.00000
  15017     9.90    -18.10  1.00000
  15018     9.90    -18.05  1.00000
  15019     9.90    -18.00  1.00000
  15020     9.90    -17.95  1.00000
  15021     9.90    -17.90  1.00000
  15022     9.90    -17.85  1.00000
  15023     9.90    -17.80  1.00000
  15024     9.90    -17.75  1.00000
  15025     9.90    -17.70  1.00000
  15026     9.90    -17.65  1.00000
  15027     9.90    -17.60  1.00000
  15028     9.90    -17.55  1.00000
  15029     9.90    -17.50  1.00000
  15030     9.90    -17.45  1.00000
  15031     9.90    -17.40  1.00000
  15032     9.90    -17.35  1.00000
  15033     9.90    -17.30  1.00000
  15034     9.90    -17.25  1.00000
  15035     9.90    -17.20  1.00000
  15036     9.90    -17.15  1.00000
  15037     9.90    -17.10  1.00000
  15038     9.90    -17.05  1.00000
  15039     9.90    -17.00  1.00000
  15040     9.90    -16.95  1.00000
  15041     9.90    -16.90  1.00000
  15042     9.90    -16.85  1.00000
  15043     9.90    -16.80  1.00000
  15044     9.90    -16.75  1.00000
  15045     9.90    -16.70  1.00000
  15046     9.90    -16.65  1.00000
  15047     9.90    -16.60  1.00000
  15048     9.90    -16.55  1.00000
  15049     9.90    -16.50  1.00000
  15050     9.90    -16.45  1.00000
  15051     9.90    -16.40  1.00000
  15052     9.90    -16.35  1.00000
  15053     9.90    -16.30  1.00000
  15054     9.90    -16.25  1.00000
  15055     9.90    -16.20  1.00000
  15056     9.90    -16.15  1.00000
  15057     9.90    -16.10  1.00000
  15058     9.90    -16.05  1.00000
  15059     9.90    -16.00  1.00000
  15060     9.90    -15.95  1.00000
  15061     9.90    -15.90  1.00000
  15062     9.90    -15.85  1.00000
  15063     9.90    -15.80  1.00000
  15064     9.90    -15.75  1.00000
  15065     9.90    -15.70  1.00000
  15066     9.90    -15.65  1.00000
  15067     9.90    -15.60  1.00000
  15068     9.90    -15.55  1.00000
  15069     9.90    -15.50  1.00000
  15070     9.90    -15.45  1.00000
  15071     9.90    -15.40  1.00000
  15072     9.90    -15.35  1.00000
  15073     9.90    -15.30  1.00000
  15074     9.90    -15.25  1.00000
  15075     9.90    -15.20  1.00000
  15076     9.90    -15.15  1.00000
  15077     9.90    -15.10  1.00000
  15078     9.90    -15.05  1.00000
  15079     9.90    -15.00  1.00000
  15080     9.90    -14.95  1.00000
  15081     9.95    -20.70  1.00000
  15082     9.95    -20.65  1.00000
  15083     9.95    -20.60  1.00000
  15084     9.95    -20.55  1.00000
  15085     9.95    -20.50  1.00000
  15086     9.95    -20.45  1.00000
  15087     9.95    -20.40  1.00000
  15088     9.95    -20.35  1.00000
  15089     9.95    -20.30  1.00000
  15090     9.95    -20.25  1.00000
  15091     9.95    -20.20  1.00000
  15092     9.95    -20.15  1.00000
  15093     9.95    -20.10  1.00000
  15094     9.95    -20.05  1.00000
  15095     9.95    -20.00  1.00000
  15096     9.95    -19.95  1.00000
  15097     9.95    -19.90  1.00000
  15098     9.95    -19.85  1.00000
  15099     9.95    -19.80  1.00000
  15100     9.95    -19.75  1.00000
  15101     9.95    -19.70  1.00000
  15102     9.95    -19.65  1.00000
  15103     9.95    -19.60  1.00000
  15104     9.95    -19.55  1.00000
  15105     9.95    -19.50  1.00000
  15106     9.95    -19.45  1.00000
  15107     9.95    -19.40  1.00000
  15108     9.95    -19.35  1.00000
  15109     9.95    -19.30  1.00000
  15110     9.95    -19.25  1.00000
  15111     9.95    -19.20  1.00000
  15112     9.95    -19.15  1.00000
  15113     9.95    -19.10  1.00000
  15114     9.95    -19.05  1.00000
  15115     9.95    -19.00  1.00000
  15116     9.95    -18.95  1.00000
  15117     9.95    -18.90  1.00000
  15118     9.95    -18.85  1.00000
  15119     9.95    -18.80  1.00000
  15120     9.95    -18.75  1.00000
  15121     9.95    -18.70  1.00000
  15122     9.95    -18.65  1.00000
  15123     9.95    -18.60  1.00000
  15124     9.95    -18.55  1.00000
  15125     9.95    -18.50  1.00000
  15126     9.95    -18.45  1.00000
  15127     9.95    -18.40  1.00000
  15128     9.95    -18.35  1.00000
  15129     9.95    -18.30  1.00000
  15130     9.95    -18.25  1.00000
  15131     9.95    -18.20  1.00000
  15132     9.95    -18.15  1.00000
  15133     9.95    -18.10  1.00000
  15134     9.95    -18.05  1.00000
  15135     9.95    -18.00  1.00000
  15136     9.95    -17.95  1.00000
  15137     9.95    -17.90  1.00000
  15138     9.95    -17.85  1.00000
  15139     9.95    -17.80  1.00000
  15140     9.95    -17.75  1.00000
  15141     9.95    -17.70  1.00000
  15142     9.95    -17.65  1.00000
  15143     9.95    -17.60  1.00000
  15144     9.95    -17.55  1.00000
  15145     9.95    -17.50  1.00000
  15146     9.95    -17.45  1.00000
  15147     9.95    -17.40  1.00000
  15148     9.95    -17.35  1.00000
  15149     9.95    -17.30  1.00000
  15150     9.95    -17.25  1.00000
  15151     9.95    -17.20  1.00000
  15152     9.95    -17.15  1.00000
  15153     9.95    -17.10  1.00000
  15154     9.95    -17.05  1.00000
  15155     9.95    -17.00  1.00000
  15156     9.95    -16.95  1.00000
  15157     9.95    -16.90  1.00000
  15158     9.95    -16.85  1.00000
  15159     9.95    -16.80  1.00000
  15160     9.95    -16.75  1.00000
  15161     9.95    -16.70  1.00000
  15162     9.95    -16.65  1.00000
  15163     9.95    -16.60  1.00000
  15164     9.95    -16.55  1.00000
  15165     9.95    -16.50  1.00000
  15166     9.95    -16.45  1.00000
  15167     9.95    -16.40  1.00000
  15168     9.95    -16.35  1.00000
  15169     9.95    -16.30  1.00000
  15170     9.95    -16.25  1.00000
  15171     9.95    -16.20  1.00000
  15172     9.95    -16.15  1.00000
  15173     9.95    -16.10  1.00000
  15174     9.95    -16.05  1.00000
  15175     9.95    -16.00  1.00000
  15176     9.95    -15.95  1.00000
  15177     9.95    -15.90  1.00000
  15178     9.95    -15.85  1.00000
  15179     9.95    -15.80  1.00000
  15180     9.95    -15.75  1.00000
  15181     9.95    -15.70  1.00000
  15182     9.95    -15.65  1.00000
  15183     9.95    -15.60  1.00000
  15184     9.95    -15.55  1.00000
  15185     9.95    -15.50  1.00000
  15186     9.95    -15.45  1.00000
  15187     9.95    -15.40  1.00000
  15188     9.95    -15.35  1.00000
  15189     9.95    -15.30  1.00000
  15190     9.95    -15.25  1.00000
  15191     9.95    -15.20  1.00000
  15192     9.95    -15.15  1.00000
  15193     9.95    -15.10  1.00000
  15194     9.95    -15.05  1.00000
  15195     9.95    -15.00  1.00000
  15196     9.95    -14.95  1.00000
  15197     10.00   -20.70  1.00000
  15198     10.00   -20.65  1.00000
  15199     10.00   -20.60  1.00000
  15200     10.00   -20.55  1.00000
  15201     10.00   -20.50  1.00000
  15202     10.00   -20.45  1.00000
  15203     10.00   -20.40  1.00000
  15204     10.00   -20.35  1.00000
  15205     10.00   -20.30  1.00000
  15206     10.00   -20.25  1.00000
  15207     10.00   -20.20  1.00000
  15208     10.00   -20.15  1.00000
  15209     10.00   -20.10  1.00000
  15210     10.00   -20.05  1.00000
  15211     10.00   -20.00  1.00000
  15212     10.00   -19.95  1.00000
  15213     10.00   -19.90  1.00000
  15214     10.00   -19.85  1.00000
  15215     10.00   -19.80  1.00000
  15216     10.00   -19.75  1.00000
  15217     10.00   -19.70  1.00000
  15218     10.00   -19.65  1.00000
  15219     10.00   -19.60  1.00000
  15220     10.00   -19.55  1.00000
  15221     10.00   -19.50  1.00000
  15222     10.00   -19.45  1.00000
  15223     10.00   -19.40  1.00000
  15224     10.00   -19.35  1.00000
  15225     10.00   -19.30  1.00000
  15226     10.00   -19.25  1.00000
  15227     10.00   -19.20  1.00000
  15228     10.00   -19.15  1.00000
  15229     10.00   -19.10  1.00000
  15230     10.00   -19.05  1.00000
  15231     10.00   -19.00  1.00000
  15232     10.00   -18.95  1.00000
  15233     10.00   -18.90  1.00000
  15234     10.00   -18.85  1.00000
  15235     10.00   -18.80  1.00000
  15236     10.00   -18.75  1.00000
  15237     10.00   -18.70  1.00000
  15238     10.00   -18.65  1.00000
  15239     10.00   -18.60  1.00000
  15240     10.00   -18.55  1.00000
  15241     10.00   -18.50  1.00000
  15242     10.00   -18.45  1.00000
  15243     10.00   -18.40  1.00000
  15244     10.00   -18.35  1.00000
  15245     10.00   -18.30  1.00000
  15246     10.00   -18.25  1.00000
  15247     10.00   -18.20  1.00000
  15248     10.00   -18.15  1.00000
  15249     10.00   -18.10  1.00000
  15250     10.00   -18.05  1.00000
  15251     10.00   -18.00  1.00000
  15252     10.00   -17.95  1.00000
  15253     10.00   -17.90  1.00000
  15254     10.00   -17.85  1.00000
  15255     10.00   -17.80  1.00000
  15256     10.00   -17.75  1.00000
  15257     10.00   -17.70  1.00000
  15258     10.00   -17.65  1.00000
  15259     10.00   -17.60  1.00000
  15260     10.00   -17.55  1.00000
  15261     10.00   -17.50  1.00000
  15262     10.00   -17.45  1.00000
  15263     10.00   -17.40  1.00000
  15264     10.00   -17.35  1.00000
  15265     10.00   -17.30  1.00000
  15266     10.00   -17.25  1.00000
  15267     10.00   -17.20  1.00000
  15268     10.00   -17.15  1.00000
  15269     10.00   -17.10  1.00000
  15270     10.00   -17.05  1.00000
  15271     10.00   -17.00  1.00000
  15272     10.00   -16.95  1.00000
  15273     10.00   -16.90  1.00000
  15274     10.00   -16.85  1.00000
  15275     10.00   -16.80  1.00000
  15276     10.00   -16.75  1.00000
  15277     10.00   -16.70  1.00000
  15278     10.00   -16.65  1.00000
  15279     10.00   -16.60  1.00000
  15280     10.00   -16.55  1.00000
  15281     10.00   -16.50  1.00000
  15282     10.00   -16.45  1.00000
  15283     10.00   -16.40  1.00000
  15284     10.00   -16.35  1.00000
  15285     10.00   -16.30  1.00000
  15286     10.00   -16.25  1.00000
  15287     10.00   -16.20  1.00000
  15288     10.00   -16.15  1.00000
  15289     10.00   -16.10  1.00000
  15290     10.00   -16.05  1.00000
  15291     10.00   -16.00  1.00000
  15292     10.00   -15.95  1.00000
  15293     10.00   -15.90  1.00000
  15294     10.00   -15.85  1.00000
  15295     10.00   -15.80  1.00000
  15296     10.00   -15.75  1.00000
  15297     10.00   -15.70  1.00000
  15298     10.00   -15.65  1.00000
  15299     10.00   -15.60  1.00000
  15300     10.00   -15.55  1.00000
  15301     10.00   -15.50  1.00000
  15302     10.00   -15.45  1.00000
  15303     10.00   -15.40  1.00000
  15304     10.00   -15.35  1.00000
  15305     10.00   -15.30  1.00000
  15306     10.00   -15.25  1.00000
  15307     10.00   -15.20  1.00000
  15308     10.00   -15.15  1.00000
  15309     10.00   -15.10  1.00000
  15310     10.00   -15.05  1.00000
  15311     10.00   -15.00  1.00000
  15312     10.00   -14.95  1.00000
  15313     10.05   -20.70  1.00000
  15314     10.05   -20.65  1.00000
  15315     10.05   -20.60  1.00000
  15316     10.05   -20.55  1.00000
  15317     10.05   -20.50  1.00000
  15318     10.05   -20.45  1.00000
  15319     10.05   -20.40  1.00000
  15320     10.05   -20.35  1.00000
  15321     10.05   -20.30  1.00000
  15322     10.05   -20.25  1.00000
  15323     10.05   -20.20  1.00000
  15324     10.05   -20.15  1.00000
  15325     10.05   -20.10  1.00000
  15326     10.05   -20.05  1.00000
  15327     10.05   -20.00  1.00000
  15328     10.05   -19.95  1.00000
  15329     10.05   -19.90  1.00000
  15330     10.05   -19.85  1.00000
  15331     10.05   -19.80  1.00000
  15332     10.05   -19.75  1.00000
  15333     10.05   -19.70  1.00000
  15334     10.05   -19.65  1.00000
  15335     10.05   -19.60  1.00000
  15336     10.05   -19.55  1.00000
  15337     10.05   -19.50  1.00000
  15338     10.05   -19.45  1.00000
  15339     10.05   -19.40  1.00000
  15340     10.05   -19.35  1.00000
  15341     10.05   -19.30  1.00000
  15342     10.05   -19.25  1.00000
  15343     10.05   -19.20  1.00000
  15344     10.05   -19.15  1.00000
  15345     10.05   -19.10  1.00000
  15346     10.05   -19.05  1.00000
  15347     10.05   -19.00  1.00000
  15348     10.05   -18.95  1.00000
  15349     10.05   -18.90  1.00000
  15350     10.05   -18.85  1.00000
  15351     10.05   -18.80  1.00000
  15352     10.05   -18.75  1.00000
  15353     10.05   -18.70  1.00000
  15354     10.05   -18.65  1.00000
  15355     10.05   -18.60  1.00000
  15356     10.05   -18.55  1.00000
  15357     10.05   -18.50  1.00000
  15358     10.05   -18.45  1.00000
  15359     10.05   -18.40  1.00000
  15360     10.05   -18.35  1.00000
  15361     10.05   -18.30  1.00000
  15362     10.05   -18.25  1.00000
  15363     10.05   -18.20  1.00000
  15364     10.05   -18.15  1.00000
  15365     10.05   -18.10  1.00000
  15366     10.05   -18.05  1.00000
  15367     10.05   -18.00  1.00000
  15368     10.05   -17.95  1.00000
  15369     10.05   -17.90  1.00000
  15370     10.05   -17.85  1.00000
  15371     10.05   -17.80  1.00000
  15372     10.05   -17.75  1.00000
  15373     10.05   -17.70  1.00000
  15374     10.05   -17.65  1.00000
  15375     10.05   -17.60  1.00000
  15376     10.05   -17.55  1.00000
  15377     10.05   -17.50  1.00000
  15378     10.05   -17.45  1.00000
  15379     10.05   -17.40  1.00000
  15380     10.05   -17.35  1.00000
  15381     10.05   -17.30  1.00000
  15382     10.05   -17.25  1.00000
  15383     10.05   -17.20  1.00000
  15384     10.05   -17.15  1.00000
  15385     10.05   -17.10  1.00000
  15386     10.05   -17.05  1.00000
  15387     10.05   -17.00  1.00000
  15388     10.05   -16.95  1.00000
  15389     10.05   -16.90  1.00000
  15390     10.05   -16.85  1.00000
  15391     10.05   -16.80  1.00000
  15392     10.05   -16.75  1.00000
  15393     10.05   -16.70  1.00000
  15394     10.05   -16.65  1.00000
  15395     10.05   -16.60  1.00000
  15396     10.05   -16.55  1.00000
  15397     10.05   -16.50  1.00000
  15398     10.05   -16.45  1.00000
  15399     10.05   -16.40  1.00000
  15400     10.05   -16.35  1.00000
  15401     10.05   -16.30  1.00000
  15402     10.05   -16.25  1.00000
  15403     10.05   -16.20  1.00000
  15404     10.05   -16.15  1.00000
  15405     10.05   -16.10  1.00000
  15406     10.05   -16.05  1.00000
  15407     10.05   -16.00  1.00000
  15408     10.05   -15.95  1.00000
  15409     10.05   -15.90  1.00000
  15410     10.05   -15.85  1.00000
  15411     10.05   -15.80  1.00000
  15412     10.05   -15.75  1.00000
  15413     10.05   -15.70  1.00000
  15414     10.05   -15.65  1.00000
  15415     10.05   -15.60  1.00000
  15416     10.05   -15.55  1.00000
  15417     10.05   -15.50  1.00000
  15418     10.05   -15.45  1.00000
  15419     10.05   -15.40  1.00000
  15420     10.05   -15.35  1.00000
  15421     10.05   -15.30  1.00000
  15422     10.05   -15.25  1.00000
  15423     10.05   -15.20  1.00000
  15424     10.05   -15.15  1.00000
  15425     10.05   -15.10  1.00000
  15426     10.05   -15.05  1.00000
  15427     10.05   -15.00  1.00000
  15428     10.05   -14.95  1.00000
  15429     10.10   -20.70  1.00000
  15430     10.10   -20.65  1.00000
  15431     10.10   -20.60  1.00000
  15432     10.10   -20.55  1.00000
  15433     10.10   -20.50  1.00000
  15434     10.10   -20.45  1.00000
  15435     10.10   -20.40  1.00000
  15436     10.10   -20.35  1.00000
  15437     10.10   -20.30  1.00000
  15438     10.10   -20.25  1.00000
  15439     10.10   -20.20  1.00000
  15440     10.10   -20.15  1.00000
  15441     10.10   -20.10  1.00000
  15442     10.10   -20.05  1.00000
  15443     10.10   -20.00  1.00000
  15444     10.10   -19.95  1.00000
  15445     10.10   -19.90  1.00000
  15446     10.10   -19.85  1.00000
  15447     10.10   -19.80  1.00000
  15448     10.10   -19.75  1.00000
  15449     10.10   -19.70  1.00000
  15450     10.10   -19.65  1.00000
  15451     10.10   -19.60  1.00000
  15452     10.10   -19.55  1.00000
  15453     10.10   -19.50  1.00000
  15454     10.10   -19.45  1.00000
  15455     10.10   -19.40  1.00000
  15456     10.10   -19.35  1.00000
  15457     10.10   -19.30  1.00000
  15458     10.10   -19.25  1.00000
  15459     10.10   -19.20  1.00000
  15460     10.10   -19.15  1.00000
  15461     10.10   -19.10  1.00000
  15462     10.10   -19.05  1.00000
  15463     10.10   -19.00  1.00000
  15464     10.10   -18.95  1.00000
  15465     10.10   -18.90  1.00000
  15466     10.10   -18.85  1.00000
  15467     10.10   -18.80  1.00000
  15468     10.10   -18.75  1.00000
  15469     10.10   -18.70  1.00000
  15470     10.10   -18.65  1.00000
  15471     10.10   -18.60  1.00000
  15472     10.10   -18.55  1.00000
  15473     10.10   -18.50  1.00000
  15474     10.10   -18.45  1.00000
  15475     10.10   -18.40  1.00000
  15476     10.10   -18.35  1.00000
  15477     10.10   -18.30  1.00000
  15478     10.10   -18.25  1.00000
  15479     10.10   -18.20  1.00000
  15480     10.10   -18.15  1.00000
  15481     10.10   -18.10  1.00000
  15482     10.10   -18.05  1.00000
  15483     10.10   -18.00  1.00000
  15484     10.10   -17.95  1.00000
  15485     10.10   -17.90  1.00000
  15486     10.10   -17.85  1.00000
  15487     10.10   -17.80  1.00000
  15488     10.10   -17.75  1.00000
  15489     10.10   -17.70  1.00000
  15490     10.10   -17.65  1.00000
  15491     10.10   -17.60  1.00000
  15492     10.10   -17.55  1.00000
  15493     10.10   -17.50  1.00000
  15494     10.10   -17.45  1.00000
  15495     10.10   -17.40  1.00000
  15496     10.10   -17.35  1.00000
  15497     10.10   -17.30  1.00000
  15498     10.10   -17.25  1.00000
  15499     10.10   -17.20  1.00000
  15500     10.10   -17.15  1.00000
  15501     10.10   -17.10  1.00000
  15502     10.10   -17.05  1.00000
  15503     10.10   -17.00  1.00000
  15504     10.10   -16.95  1.00000
  15505     10.10   -16.90  1.00000
  15506     10.10   -16.85  1.00000
  15507     10.10   -16.80  1.00000
  15508     10.10   -16.75  1.00000
  15509     10.10   -16.70  1.00000
  15510     10.10   -16.65  1.00000
  15511     10.10   -16.60  1.00000
  15512     10.10   -16.55  1.00000
  15513     10.10   -16.50  1.00000
  15514     10.10   -16.45  1.00000
  15515     10.10   -16.40  1.00000
  15516     10.10   -16.35  1.00000
  15517     10.10   -16.30  1.00000
  15518     10.10   -16.25  1.00000
  15519     10.10   -16.20  1.00000
  15520     10.10   -16.15  1.00000
  15521     10.10   -16.10  1.00000
  15522     10.10   -16.05  1.00000
  15523     10.10   -16.00  1.00000
  15524     10.10   -15.95  1.00000
  15525     10.10   -15.90  1.00000
  15526     10.10   -15.85  1.00000
  15527     10.10   -15.80  1.00000
  15528     10.10   -15.75  1.00000
  15529     10.10   -15.70  1.00000
  15530     10.10   -15.65  1.00000
  15531     10.10   -15.60  1.00000
  15532     10.10   -15.55  1.00000
  15533     10.10   -15.50  1.00000
  15534     10.10   -15.45  1.00000
  15535     10.10   -15.40  1.00000
  15536     10.10   -15.35  1.00000
  15537     10.10   -15.30  1.00000
  15538     10.10   -15.25  1.00000
  15539     10.10   -15.20  1.00000
  15540     10.10   -15.15  1.00000
  15541     10.10   -15.10  1.00000
  15542     10.10   -15.05  1.00000
  15543     10.10   -15.00  1.00000
  15544     10.10   -14.95  1.00000
  15545     10.15   -20.70  1.00000
  15546     10.15   -20.65  1.00000
  15547     10.15   -20.60  1.00000
  15548     10.15   -20.55  1.00000
  15549     10.15   -20.50  1.00000
  15550     10.15   -20.45  1.00000
  15551     10.15   -20.40  1.00000
  15552     10.15   -20.35  1.00000
  15553     10.15   -20.30  1.00000
  15554     10.15   -20.25  1.00000
  15555     10.15   -20.20  1.00000
  15556     10.15   -20.15  1.00000
  15557     10.15   -20.10  1.00000
  15558     10.15   -20.05  1.00000
  15559     10.15   -20.00  1.00000
  15560     10.15   -19.95  1.00000
  15561     10.15   -19.90  1.00000
  15562     10.15   -19.85  1.00000
  15563     10.15   -19.80  1.00000
  15564     10.15   -19.75  1.00000
  15565     10.15   -19.70  1.00000
  15566     10.15   -19.65  1.00000
  15567     10.15   -19.60  1.00000
  15568     10.15   -19.55  1.00000
  15569     10.15   -19.50  1.00000
  15570     10.15   -19.45  1.00000
  15571     10.15   -19.40  1.00000
  15572     10.15   -19.35  1.00000
  15573     10.15   -19.30  1.00000
  15574     10.15   -19.25  1.00000
  15575     10.15   -19.20  1.00000
  15576     10.15   -19.15  1.00000
  15577     10.15   -19.10  1.00000
  15578     10.15   -19.05  1.00000
  15579     10.15   -19.00  1.00000
  15580     10.15   -18.95  1.00000
  15581     10.15   -18.90  1.00000
  15582     10.15   -18.85  1.00000
  15583     10.15   -18.80  1.00000
  15584     10.15   -18.75  1.00000
  15585     10.15   -18.70  1.00000
  15586     10.15   -18.65  1.00000
  15587     10.15   -18.60  1.00000
  15588     10.15   -18.55  1.00000
  15589     10.15   -18.50  1.00000
  15590     10.15   -18.45  1.00000
  15591     10.15   -18.40  1.00000
  15592     10.15   -18.35  1.00000
  15593     10.15   -18.30  1.00000
  15594     10.15   -18.25  1.00000
  15595     10.15   -18.20  1.00000
  15596     10.15   -18.15  1.00000
  15597     10.15   -18.10  1.00000
  15598     10.15   -18.05  1.00000
  15599     10.15   -18.00  1.00000
  15600     10.15   -17.95  1.00000
  15601     10.15   -17.90  1.00000
  15602     10.15   -17.85  1.00000
  15603     10.15   -17.80  1.00000
  15604     10.15   -17.75  1.00000
  15605     10.15   -17.70  1.00000
  15606     10.15   -17.65  1.00000
  15607     10.15   -17.60  1.00000
  15608     10.15   -17.55  1.00000
  15609     10.15   -17.50  1.00000
  15610     10.15   -17.45  1.00000
  15611     10.15   -17.40  1.00000
  15612     10.15   -17.35  1.00000
  15613     10.15   -17.30  1.00000
  15614     10.15   -17.25  1.00000
  15615     10.15   -17.20  1.00000
  15616     10.15   -17.15  1.00000
  15617     10.15   -17.10  1.00000
  15618     10.15   -17.05  1.00000
  15619     10.15   -17.00  1.00000
  15620     10.15   -16.95  1.00000
  15621     10.15   -16.90  1.00000
  15622     10.15   -16.85  1.00000
  15623     10.15   -16.80  1.00000
  15624     10.15   -16.75  1.00000
  15625     10.15   -16.70  1.00000
  15626     10.15   -16.65  1.00000
  15627     10.15   -16.60  1.00000
  15628     10.15   -16.55  1.00000
  15629     10.15   -16.50  1.00000
  15630     10.15   -16.45  1.00000
  15631     10.15   -16.40  1.00000
  15632     10.15   -16.35  1.00000
  15633     10.15   -16.30  1.00000
  15634     10.15   -16.25  1.00000
  15635     10.15   -16.20  1.00000
  15636     10.15   -16.15  1.00000
  15637     10.15   -16.10  1.00000
  15638     10.15   -16.05  1.00000
  15639     10.15   -16.00  1.00000
  15640     10.15   -15.95  1.00000
  15641     10.15   -15.90  1.00000
  15642     10.15   -15.85  1.00000
  15643     10.15   -15.80  1.00000
  15644     10.15   -15.75  1.00000
  15645     10.15   -15.70  1.00000
  15646     10.15   -15.65  1.00000
  15647     10.15   -15.60  1.00000
  15648     10.15   -15.55  1.00000
  15649     10.15   -15.50  1.00000
  15650     10.15   -15.45  1.00000
  15651     10.15   -15.40  1.00000
  15652     10.15   -15.35  1.00000
  15653     10.15   -15.30  1.00000
  15654     10.15   -15.25  1.00000
  15655     10.15   -15.20  1.00000
  15656     10.15   -15.15  1.00000
  15657     10.15   -15.10  1.00000
  15658     10.15   -15.05  1.00000
  15659     10.15   -15.00  1.00000
  15660     10.15   -14.95  1.00000
  15661     10.20   -20.70  1.00000
  15662     10.20   -20.65  1.00000
  15663     10.20   -20.60  1.00000
  15664     10.20   -20.55  1.00000
  15665     10.20   -20.50  1.00000
  15666     10.20   -20.45  1.00000
  15667     10.20   -20.40  1.00000
  15668     10.20   -20.35  1.00000
  15669     10.20   -20.30  1.00000
  15670     10.20   -20.25  1.00000
  15671     10.20   -20.20  1.00000
  15672     10.20   -20.15  1.00000
  15673     10.20   -20.10  1.00000
  15674     10.20   -20.05  1.00000
  15675     10.20   -20.00  1.00000
  15676     10.20   -19.95  1.00000
  15677     10.20   -19.90  1.00000
  15678     10.20   -19.85  1.00000
  15679     10.20   -19.80  1.00000
  15680     10.20   -19.75  1.00000
  15681     10.20   -19.70  1.00000
  15682     10.20   -19.65  1.00000
  15683     10.20   -19.60  1.00000
  15684     10.20   -19.55  1.00000
  15685     10.20   -19.50  1.00000
  15686     10.20   -19.45  1.00000
  15687     10.20   -19.40  1.00000
  15688     10.20   -19.35  1.00000
  15689     10.20   -19.30  1.00000
  15690     10.20   -19.25  1.00000
  15691     10.20   -19.20  1.00000
  15692     10.20   -19.15  1.00000
  15693     10.20   -19.10  1.00000
  15694     10.20   -19.05  1.00000
  15695     10.20   -19.00  1.00000
  15696     10.20   -18.95  1.00000
  15697     10.20   -18.90  1.00000
  15698     10.20   -18.85  1.00000
  15699     10.20   -18.80  1.00000
  15700     10.20   -18.75  1.00000
  15701     10.20   -18.70  1.00000
  15702     10.20   -18.65  1.00000
  15703     10.20   -18.60  1.00000
  15704     10.20   -18.55  1.00000
  15705     10.20   -18.50  1.00000
  15706     10.20   -18.45  1.00000
  15707     10.20   -18.40  1.00000
  15708     10.20   -18.35  1.00000
  15709     10.20   -18.30  1.00000
  15710     10.20   -18.25  1.00000
  15711     10.20   -18.20  1.00000
  15712     10.20   -18.15  1.00000
  15713     10.20   -18.10  1.00000
  15714     10.20   -18.05  1.00000
  15715     10.20   -18.00  1.00000
  15716     10.20   -17.95  1.00000
  15717     10.20   -17.90  1.00000
  15718     10.20   -17.85  1.00000
  15719     10.20   -17.80  1.00000
  15720     10.20   -17.75  1.00000
  15721     10.20   -17.70  1.00000
  15722     10.20   -17.65  1.00000
  15723     10.20   -17.60  1.00000
  15724     10.20   -17.55  1.00000
  15725     10.20   -17.50  1.00000
  15726     10.20   -17.45  1.00000
  15727     10.20   -17.40  1.00000
  15728     10.20   -17.35  1.00000
  15729     10.20   -17.30  1.00000
  15730     10.20   -17.25  1.00000
  15731     10.20   -17.20  1.00000
  15732     10.20   -17.15  1.00000
  15733     10.20   -17.10  1.00000
  15734     10.20   -17.05  1.00000
  15735     10.20   -17.00  1.00000
  15736     10.20   -16.95  1.00000
  15737     10.20   -16.90  1.00000
  15738     10.20   -16.85  1.00000
  15739     10.20   -16.80  1.00000
  15740     10.20   -16.75  1.00000
  15741     10.20   -16.70  1.00000
  15742     10.20   -16.65  1.00000
  15743     10.20   -16.60  1.00000
  15744     10.20   -16.55  1.00000
  15745     10.20   -16.50  1.00000
  15746     10.20   -16.45  1.00000
  15747     10.20   -16.40  1.00000
  15748     10.20   -16.35  1.00000
  15749     10.20   -16.30  1.00000
  15750     10.20   -16.25  1.00000
  15751     10.20   -16.20  1.00000
  15752     10.20   -16.15  1.00000
  15753     10.20   -16.10  1.00000
  15754     10.20   -16.05  1.00000
  15755     10.20   -16.00  1.00000
  15756     10.20   -15.95  1.00000
  15757     10.20   -15.90  1.00000
  15758     10.20   -15.85  1.00000
  15759     10.20   -15.80  1.00000
  15760     10.20   -15.75  1.00000
  15761     10.20   -15.70  1.00000
  15762     10.20   -15.65  1.00000
  15763     10.20   -15.60  1.00000
  15764     10.20   -15.55  1.00000
  15765     10.20   -15.50  1.00000
  15766     10.20   -15.45  1.00000
  15767     10.20   -15.40  1.00000
  15768     10.20   -15.35  1.00000
  15769     10.20   -15.30  1.00000
  15770     10.20   -15.25  1.00000
  15771     10.20   -15.20  1.00000
  15772     10.20   -15.15  1.00000
  15773     10.20   -15.10  1.00000
  15774     10.20   -15.05  1.00000
  15775     10.20   -15.00  1.00000
  15776     10.20   -14.95  1.00000
  15777     10.25   -20.70  1.00000
  15778     10.25   -20.65  1.00000
  15779     10.25   -20.60  1.00000
  15780     10.25   -20.55  1.00000
  15781     10.25   -20.50  1.00000
  15782     10.25   -20.45  1.00000
  15783     10.25   -20.40  1.00000
  15784     10.25   -20.35  1.00000
  15785     10.25   -20.30  1.00000
  15786     10.25   -20.25  1.00000
  15787     10.25   -20.20  1.00000
  15788     10.25   -20.15  1.00000
  15789     10.25   -20.10  1.00000
  15790     10.25   -20.05  1.00000
  15791     10.25   -20.00  1.00000
  15792     10.25   -19.95  1.00000
  15793     10.25   -19.90  1.00000
  15794     10.25   -19.85  1.00000
  15795     10.25   -19.80  1.00000
  15796     10.25   -19.75  1.00000
  15797     10.25   -19.70  1.00000
  15798     10.25   -19.65  1.00000
  15799     10.25   -19.60  1.00000
  15800     10.25   -19.55  1.00000
  15801     10.25   -19.50  1.00000
  15802     10.25   -19.45  1.00000
  15803     10.25   -19.40  1.00000
  15804     10.25   -19.35  1.00000
  15805     10.25   -19.30  1.00000
  15806     10.25   -19.25  1.00000
  15807     10.25   -19.20  1.00000
  15808     10.25   -19.15  1.00000
  15809     10.25   -19.10  1.00000
  15810     10.25   -19.05  1.00000
  15811     10.25   -19.00  1.00000
  15812     10.25   -18.95  1.00000
  15813     10.25   -18.90  1.00000
  15814     10.25   -18.85  1.00000
  15815     10.25   -18.80  1.00000
  15816     10.25   -18.75  1.00000
  15817     10.25   -18.70  1.00000
  15818     10.25   -18.65  1.00000
  15819     10.25   -18.60  1.00000
  15820     10.25   -18.55  1.00000
  15821     10.25   -18.50  1.00000
  15822     10.25   -18.45  1.00000
  15823     10.25   -18.40  1.00000
  15824     10.25   -18.35  1.00000
  15825     10.25   -18.30  1.00000
  15826     10.25   -18.25  1.00000
  15827     10.25   -18.20  1.00000
  15828     10.25   -18.15  1.00000
  15829     10.25   -18.10  1.00000
  15830     10.25   -18.05  1.00000
  15831     10.25   -18.00  1.00000
  15832     10.25   -17.95  1.00000
  15833     10.25   -17.90  1.00000
  15834     10.25   -17.85  1.00000
  15835     10.25   -17.80  1.00000
  15836     10.25   -17.75  1.00000
  15837     10.25   -17.70  1.00000
  15838     10.25   -17.65  1.00000
  15839     10.25   -17.60  1.00000
  15840     10.25   -17.55  1.00000
  15841     10.25   -17.50  1.00000
  15842     10.25   -17.45  1.00000
  15843     10.25   -17.40  1.00000
  15844     10.25   -17.35  1.00000
  15845     10.25   -17.30  1.00000
  15846     10.25   -17.25  1.00000
  15847     10.25   -17.20  1.00000
  15848     10.25   -17.15  1.00000
  15849     10.25   -17.10  1.00000
  15850     10.25   -17.05  1.00000
  15851     10.25   -17.00  1.00000
  15852     10.25   -16.95  1.00000
  15853     10.25   -16.90  1.00000
  15854     10.25   -16.85  1.00000
  15855     10.25   -16.80  1.00000
  15856     10.25   -16.75  1.00000
  15857     10.25   -16.70  1.00000
  15858     10.25   -16.65  1.00000
  15859     10.25   -16.60  1.00000
  15860     10.25   -16.55  1.00000
  15861     10.25   -16.50  1.00000
  15862     10.25   -16.45  1.00000
  15863     10.25   -16.40  1.00000
  15864     10.25   -16.35  1.00000
  15865     10.25   -16.30  1.00000
  15866     10.25   -16.25  1.00000
  15867     10.25   -16.20  1.00000
  15868     10.25   -16.15  1.00000
  15869     10.25   -16.10  1.00000
  15870     10.25   -16.05  1.00000
  15871     10.25   -16.00  1.00000
  15872     10.25   -15.95  1.00000
  15873     10.25   -15.90  1.00000
  15874     10.25   -15.85  1.00000
  15875     10.25   -15.80  1.00000
  15876     10.25   -15.75  1.00000
  15877     10.25   -15.70  1.00000
  15878     10.25   -15.65  1.00000
  15879     10.25   -15.60  1.00000
  15880     10.25   -15.55  1.00000
  15881     10.25   -15.50  1.00000
  15882     10.25   -15.45  1.00000
  15883     10.25   -15.40  1.00000
  15884     10.25   -15.35  1.00000
  15885     10.25   -15.30  1.00000
  15886     10.25   -15.25  1.00000
  15887     10.25   -15.20  1.00000
  15888     10.25   -15.15  1.00000
  15889     10.25   -15.10  1.00000
  15890     10.25   -15.05  1.00000
  15891     10.25   -15.00  1.00000
  15892     10.25   -14.95  1.00000
  15893     10.30   -20.70  1.00000
  15894     10.30   -20.65  1.00000
  15895     10.30   -20.60  1.00000
  15896     10.30   -20.55  1.00000
  15897     10.30   -20.50  1.00000
  15898     10.30   -20.45  1.00000
  15899     10.30   -20.40  1.00000
  15900     10.30   -20.35  1.00000
  15901     10.30   -20.30  1.00000
  15902     10.30   -20.25  1.00000
  15903     10.30   -20.20  1.00000
  15904     10.30   -20.15  1.00000
  15905     10.30   -20.10  1.00000
  15906     10.30   -20.05  1.00000
  15907     10.30   -20.00  1.00000
  15908     10.30   -19.95  1.00000
  15909     10.30   -19.90  1.00000
  15910     10.30   -19.85  1.00000
  15911     10.30   -19.80  1.00000
  15912     10.30   -19.75  1.00000
  15913     10.30   -19.70  1.00000
  15914     10.30   -19.65  1.00000
  15915     10.30   -19.60  1.00000
  15916     10.30   -19.55  1.00000
  15917     10.30   -19.50  1.00000
  15918     10.30   -19.45  1.00000
  15919     10.30   -19.40  1.00000
  15920     10.30   -19.35  1.00000
  15921     10.30   -19.30  1.00000
  15922     10.30   -19.25  1.00000
  15923     10.30   -19.20  1.00000
  15924     10.30   -19.15  1.00000
  15925     10.30   -19.10  1.00000
  15926     10.30   -19.05  1.00000
  15927     10.30   -19.00  1.00000
  15928     10.30   -18.95  1.00000
  15929     10.30   -18.90  1.00000
  15930     10.30   -18.85  1.00000
  15931     10.30   -18.80  1.00000
  15932     10.30   -18.75  1.00000
  15933     10.30   -18.70  1.00000
  15934     10.30   -18.65  1.00000
  15935     10.30   -18.60  1.00000
  15936     10.30   -18.55  1.00000
  15937     10.30   -18.50  1.00000
  15938     10.30   -18.45  1.00000
  15939     10.30   -18.40  1.00000
  15940     10.30   -18.35  1.00000
  15941     10.30   -18.30  1.00000
  15942     10.30   -18.25  1.00000
  15943     10.30   -18.20  1.00000
  15944     10.30   -18.15  1.00000
  15945     10.30   -18.10  1.00000
  15946     10.30   -18.05  1.00000
  15947     10.30   -18.00  1.00000
  15948     10.30   -17.95  1.00000
  15949     10.30   -17.90  1.00000
  15950     10.30   -17.85  1.00000
  15951     10.30   -17.80  1.00000
  15952     10.30   -17.75  1.00000
  15953     10.30   -17.70  1.00000
  15954     10.30   -17.65  1.00000
  15955     10.30   -17.60  1.00000
  15956     10.30   -17.55  1.00000
  15957     10.30   -17.50  1.00000
  15958     10.30   -17.45  1.00000
  15959     10.30   -17.40  1.00000
  15960     10.30   -17.35  1.00000
  15961     10.30   -17.30  1.00000
  15962     10.30   -17.25  1.00000
  15963     10.30   -17.20  1.00000
  15964     10.30   -17.15  1.00000
  15965     10.30   -17.10  1.00000
  15966     10.30   -17.05  1.00000
  15967     10.30   -17.00  1.00000
  15968     10.30   -16.95  1.00000
  15969     10.30   -16.90  1.00000
  15970     10.30   -16.85  1.00000
  15971     10.30   -16.80  1.00000
  15972     10.30   -16.75  1.00000
  15973     10.30   -16.70  1.00000
  15974     10.30   -16.65  1.00000
  15975     10.30   -16.60  1.00000
  15976     10.30   -16.55  1.00000
  15977     10.30   -16.50  1.00000
  15978     10.30   -16.45  1.00000
  15979     10.30   -16.40  1.00000
  15980     10.30   -16.35  1.00000
  15981     10.30   -16.30  1.00000
  15982     10.30   -16.25  1.00000
  15983     10.30   -16.20  1.00000
  15984     10.30   -16.15  1.00000
  15985     10.30   -16.10  1.00000
  15986     10.30   -16.05  1.00000
  15987     10.30   -16.00  1.00000
  15988     10.30   -15.95  1.00000
  15989     10.30   -15.90  1.00000
  15990     10.30   -15.85  1.00000
  15991     10.30   -15.80  1.00000
  15992     10.30   -15.75  1.00000
  15993     10.30   -15.70  1.00000
  15994     10.30   -15.65  1.00000
  15995     10.30   -15.60  1.00000
  15996     10.30   -15.55  1.00000
  15997     10.30   -15.50  1.00000
  15998     10.30   -15.45  1.00000
  15999     10.30   -15.40  1.00000
  16000     10.30   -15.35  1.00000
  16001     10.30   -15.30  1.00000
  16002     10.30   -15.25  1.00000
  16003     10.30   -15.20  1.00000
  16004     10.30   -15.15  1.00000
  16005     10.30   -15.10  1.00000
  16006     10.30   -15.05  1.00000
  16007     10.30   -15.00  1.00000
  16008     10.30   -14.95  1.00000
  16009     10.35   -20.70  1.00000
  16010     10.35   -20.65  1.00000
  16011     10.35   -20.60  1.00000
  16012     10.35   -20.55  1.00000
  16013     10.35   -20.50  1.00000
  16014     10.35   -20.45  1.00000
  16015     10.35   -20.40  1.00000
  16016     10.35   -20.35  1.00000
  16017     10.35   -20.30  1.00000
  16018     10.35   -20.25  1.00000
  16019     10.35   -20.20  1.00000
  16020     10.35   -20.15  1.00000
  16021     10.35   -20.10  1.00000
  16022     10.35   -20.05  1.00000
  16023     10.35   -20.00  1.00000
  16024     10.35   -19.95  1.00000
  16025     10.35   -19.90  1.00000
  16026     10.35   -19.85  1.00000
  16027     10.35   -19.80  1.00000
  16028     10.35   -19.75  1.00000
  16029     10.35   -19.70  1.00000
  16030     10.35   -19.65  1.00000
  16031     10.35   -19.60  1.00000
  16032     10.35   -19.55  1.00000
  16033     10.35   -19.50  1.00000
  16034     10.35   -19.45  1.00000
  16035     10.35   -19.40  1.00000
  16036     10.35   -19.35  1.00000
  16037     10.35   -19.30  1.00000
  16038     10.35   -19.25  1.00000
  16039     10.35   -19.20  1.00000
  16040     10.35   -19.15  1.00000
  16041     10.35   -19.10  1.00000
  16042     10.35   -19.05  1.00000
  16043     10.35   -19.00  1.00000
  16044     10.35   -18.95  1.00000
  16045     10.35   -18.90  1.00000
  16046     10.35   -18.85  1.00000
  16047     10.35   -18.80  1.00000
  16048     10.35   -18.75  1.00000
  16049     10.35   -18.70  1.00000
  16050     10.35   -18.65  1.00000
  16051     10.35   -18.60  1.00000
  16052     10.35   -18.55  1.00000
  16053     10.35   -18.50  1.00000
  16054     10.35   -18.45  1.00000
  16055     10.35   -18.40  1.00000
  16056     10.35   -18.35  1.00000
  16057     10.35   -18.30  1.00000
  16058     10.35   -18.25  1.00000
  16059     10.35   -18.20  1.00000
  16060     10.35   -18.15  1.00000
  16061     10.35   -18.10  1.00000
  16062     10.35   -18.05  1.00000
  16063     10.35   -18.00  1.00000
  16064     10.35   -17.95  1.00000
  16065     10.35   -17.90  1.00000
  16066     10.35   -17.85  1.00000
  16067     10.35   -17.80  1.00000
  16068     10.35   -17.75  1.00000
  16069     10.35   -17.70  1.00000
  16070     10.35   -17.65  1.00000
  16071     10.35   -17.60  1.00000
  16072     10.35   -17.55  1.00000
  16073     10.35   -17.50  1.00000
  16074     10.35   -17.45  1.00000
  16075     10.35   -17.40  1.00000
  16076     10.35   -17.35  1.00000
  16077     10.35   -17.30  1.00000
  16078     10.35   -17.25  1.00000
  16079     10.35   -17.20  1.00000
  16080     10.35   -17.15  1.00000
  16081     10.35   -17.10  1.00000
  16082     10.35   -17.05  1.00000
  16083     10.35   -17.00  1.00000
  16084     10.35   -16.95  1.00000
  16085     10.35   -16.90  1.00000
  16086     10.35   -16.85  1.00000
  16087     10.35   -16.80  1.00000
  16088     10.35   -16.75  1.00000
  16089     10.35   -16.70  1.00000
  16090     10.35   -16.65  1.00000
  16091     10.35   -16.60  1.00000
  16092     10.35   -16.55  1.00000
  16093     10.35   -16.50  1.00000
  16094     10.35   -16.45  1.00000
  16095     10.35   -16.40  1.00000
  16096     10.35   -16.35  1.00000
  16097     10.35   -16.30  1.00000
  16098     10.35   -16.25  1.00000
  16099     10.35   -16.20  1.00000
  16100     10.35   -16.15  1.00000
  16101     10.35   -16.10  1.00000
  16102     10.35   -16.05  1.00000
  16103     10.35   -16.00  1.00000
  16104     10.35   -15.95  1.00000
  16105     10.35   -15.90  1.00000
  16106     10.35   -15.85  1.00000
  16107     10.35   -15.80  1.00000
  16108     10.35   -15.75  1.00000
  16109     10.35   -15.70  1.00000
  16110     10.35   -15.65  1.00000
  16111     10.35   -15.60  1.00000
  16112     10.35   -15.55  1.00000
  16113     10.35   -15.50  1.00000
  16114     10.35   -15.45  1.00000
  16115     10.35   -15.40  1.00000
  16116     10.35   -15.35  1.00000
  16117     10.35   -15.30  1.00000
  16118     10.35   -15.25  1.00000
  16119     10.35   -15.20  1.00000
  16120     10.35   -15.15  1.00000
  16121     10.35   -15.10  1.00000
  16122     10.35   -15.05  1.00000
  16123     10.35   -15.00  1.00000
  16124     10.35   -14.95  1.00000
  16125     10.40   -20.70  1.00000
  16126     10.40   -20.65  1.00000
  16127     10.40   -20.60  1.00000
  16128     10.40   -20.55  1.00000
  16129     10.40   -20.50  1.00000
  16130     10.40   -20.45  1.00000
  16131     10.40   -20.40  1.00000
  16132     10.40   -20.35  1.00000
  16133     10.40   -20.30  1.00000
  16134     10.40   -20.25  1.00000
  16135     10.40   -20.20  1.00000
  16136     10.40   -20.15  1.00000
  16137     10.40   -20.10  1.00000
  16138     10.40   -20.05  1.00000
  16139     10.40   -20.00  1.00000
  16140     10.40   -19.95  1.00000
  16141     10.40   -19.90  1.00000
  16142     10.40   -19.85  1.00000
  16143     10.40   -19.80  1.00000
  16144     10.40   -19.75  1.00000
  16145     10.40   -19.70  1.00000
  16146     10.40   -19.65  1.00000
  16147     10.40   -19.60  1.00000
  16148     10.40   -19.55  1.00000
  16149     10.40   -19.50  1.00000
  16150     10.40   -19.45  1.00000
  16151     10.40   -19.40  1.00000
  16152     10.40   -19.35  1.00000
  16153     10.40   -19.30  1.00000
  16154     10.40   -19.25  1.00000
  16155     10.40   -19.20  1.00000
  16156     10.40   -19.15  1.00000
  16157     10.40   -19.10  1.00000
  16158     10.40   -19.05  1.00000
  16159     10.40   -19.00  1.00000
  16160     10.40   -18.95  1.00000
  16161     10.40   -18.90  1.00000
  16162     10.40   -18.85  1.00000
  16163     10.40   -18.80  1.00000
  16164     10.40   -18.75  1.00000
  16165     10.40   -18.70  1.00000
  16166     10.40   -18.65  1.00000
  16167     10.40   -18.60  1.00000
  16168     10.40   -18.55  1.00000
  16169     10.40   -18.50  1.00000
  16170     10.40   -18.45  1.00000
  16171     10.40   -18.40  1.00000
  16172     10.40   -18.35  1.00000
  16173     10.40   -18.30  1.00000
  16174     10.40   -18.25  1.00000
  16175     10.40   -18.20  1.00000
  16176     10.40   -18.15  1.00000
  16177     10.40   -18.10  1.00000
  16178     10.40   -18.05  1.00000
  16179     10.40   -18.00  1.00000
  16180     10.40   -17.95  1.00000
  16181     10.40   -17.90  1.00000
  16182     10.40   -17.85  1.00000
  16183     10.40   -17.80  1.00000
  16184     10.40   -17.75  1.00000
  16185     10.40   -17.70  1.00000
  16186     10.40   -17.65  1.00000
  16187     10.40   -17.60  1.00000
  16188     10.40   -17.55  1.00000
  16189     10.40   -17.50  1.00000
  16190     10.40   -17.45  1.00000
  16191     10.40   -17.40  1.00000
  16192     10.40   -17.35  1.00000
  16193     10.40   -17.30  1.00000
  16194     10.40   -17.25  1.00000
  16195     10.40   -17.20  1.00000
  16196     10.40   -17.15  1.00000
  16197     10.40   -17.10  1.00000
  16198     10.40   -17.05  1.00000
  16199     10.40   -17.00  1.00000
  16200     10.40   -16.95  1.00000
  16201     10.40   -16.90  1.00000
  16202     10.40   -16.85  1.00000
  16203     10.40   -16.80  1.00000
  16204     10.40   -16.75  1.00000
  16205     10.40   -16.70  1.00000
  16206     10.40   -16.65  1.00000
  16207     10.40   -16.60  1.00000
  16208     10.40   -16.55  1.00000
  16209     10.40   -16.50  1.00000
  16210     10.40   -16.45  1.00000
  16211     10.40   -16.40  1.00000
  16212     10.40   -16.35  1.00000
  16213     10.40   -16.30  1.00000
  16214     10.40   -16.25  1.00000
  16215     10.40   -16.20  1.00000
  16216     10.40   -16.15  1.00000
  16217     10.40   -16.10  1.00000
  16218     10.40   -16.05  1.00000
  16219     10.40   -16.00  1.00000
  16220     10.40   -15.95  1.00000
  16221     10.40   -15.90  1.00000
  16222     10.40   -15.85  1.00000
  16223     10.40   -15.80  1.00000
  16224     10.40   -15.75  1.00000
  16225     10.40   -15.70  1.00000
  16226     10.40   -15.65  1.00000
  16227     10.40   -15.60  1.00000
  16228     10.40   -15.55  1.00000
  16229     10.40   -15.50  1.00000
  16230     10.40   -15.45  1.00000
  16231     10.40   -15.40  1.00000
  16232     10.40   -15.35  1.00000
  16233     10.40   -15.30  1.00000
  16234     10.40   -15.25  1.00000
  16235     10.40   -15.20  1.00000
  16236     10.40   -15.15  1.00000
  16237     10.40   -15.10  1.00000
  16238     10.40   -15.05  1.00000
  16239     10.40   -15.00  1.00000
  16240     10.40   -14.95  1.00000
  16241     10.45   -20.70  1.00000
  16242     10.45   -20.65  1.00000
  16243     10.45   -20.60  1.00000
  16244     10.45   -20.55  1.00000
  16245     10.45   -20.50  1.00000
  16246     10.45   -20.45  1.00000
  16247     10.45   -20.40  1.00000
  16248     10.45   -20.35  1.00000
  16249     10.45   -20.30  1.00000
  16250     10.45   -20.25  1.00000
  16251     10.45   -20.20  1.00000
  16252     10.45   -20.15  1.00000
  16253     10.45   -20.10  1.00000
  16254     10.45   -20.05  1.00000
  16255     10.45   -20.00  1.00000
  16256     10.45   -19.95  1.00000
  16257     10.45   -19.90  1.00000
  16258     10.45   -19.85  1.00000
  16259     10.45   -19.80  1.00000
  16260     10.45   -19.75  1.00000
  16261     10.45   -19.70  1.00000
  16262     10.45   -19.65  1.00000
  16263     10.45   -19.60  1.00000
  16264     10.45   -19.55  1.00000
  16265     10.45   -19.50  1.00000
  16266     10.45   -19.45  1.00000
  16267     10.45   -19.40  1.00000
  16268     10.45   -19.35  1.00000
  16269     10.45   -19.30  1.00000
  16270     10.45   -19.25  1.00000
  16271     10.45   -19.20  1.00000
  16272     10.45   -19.15  1.00000
  16273     10.45   -19.10  1.00000
  16274     10.45   -19.05  1.00000
  16275     10.45   -19.00  1.00000
  16276     10.45   -18.95  1.00000
  16277     10.45   -18.90  1.00000
  16278     10.45   -18.85  1.00000
  16279     10.45   -18.80  1.00000
  16280     10.45   -18.75  1.00000
  16281     10.45   -18.70  1.00000
  16282     10.45   -18.65  1.00000
  16283     10.45   -18.60  1.00000
  16284     10.45   -18.55  1.00000
  16285     10.45   -18.50  1.00000
  16286     10.45   -18.45  1.00000
  16287     10.45   -18.40  1.00000
  16288     10.45   -18.35  1.00000
  16289     10.45   -18.30  1.00000
  16290     10.45   -18.25  1.00000
  16291     10.45   -18.20  1.00000
  16292     10.45   -18.15  1.00000
  16293     10.45   -18.10  1.00000
  16294     10.45   -18.05  1.00000
  16295     10.45   -18.00  1.00000
  16296     10.45   -17.95  1.00000
  16297     10.45   -17.90  1.00000
  16298     10.45   -17.85  1.00000
  16299     10.45   -17.80  1.00000
  16300     10.45   -17.75  1.00000
  16301     10.45   -17.70  1.00000
  16302     10.45   -17.65  1.00000
  16303     10.45   -17.60  1.00000
  16304     10.45   -17.55  1.00000
  16305     10.45   -17.50  1.00000
  16306     10.45   -17.45  1.00000
  16307     10.45   -17.40  1.00000
  16308     10.45   -17.35  1.00000
  16309     10.45   -17.30  1.00000
  16310     10.45   -17.25  1.00000
  16311     10.45   -17.20  1.00000
  16312     10.45   -17.15  1.00000
  16313     10.45   -17.10  1.00000
  16314     10.45   -17.05  1.00000
  16315     10.45   -17.00  1.00000
  16316     10.45   -16.95  1.00000
  16317     10.45   -16.90  1.00000
  16318     10.45   -16.85  1.00000
  16319     10.45   -16.80  1.00000
  16320     10.45   -16.75  1.00000
  16321     10.45   -16.70  1.00000
  16322     10.45   -16.65  1.00000
  16323     10.45   -16.60  1.00000
  16324     10.45   -16.55  1.00000
  16325     10.45   -16.50  1.00000
  16326     10.45   -16.45  1.00000
  16327     10.45   -16.40  1.00000
  16328     10.45   -16.35  1.00000
  16329     10.45   -16.30  1.00000
  16330     10.45   -16.25  1.00000
  16331     10.45   -16.20  1.00000
  16332     10.45   -16.15  1.00000
  16333     10.45   -16.10  1.00000
  16334     10.45   -16.05  1.00000
  16335     10.45   -16.00  1.00000
  16336     10.45   -15.95  1.00000
  16337     10.45   -15.90  1.00000
  16338     10.45   -15.85  1.00000
  16339     10.45   -15.80  1.00000
  16340     10.45   -15.75  1.00000
  16341     10.45   -15.70  1.00000
  16342     10.45   -15.65  1.00000
  16343     10.45   -15.60  1.00000
  16344     10.45   -15.55  1.00000
  16345     10.45   -15.50  1.00000
  16346     10.45   -15.45  1.00000
  16347     10.45   -15.40  1.00000
  16348     10.45   -15.35  1.00000
  16349     10.45   -15.30  1.00000
  16350     10.45   -15.25  1.00000
  16351     10.45   -15.20  1.00000
  16352     10.45   -15.15  1.00000
  16353     10.45   -15.10  1.00000
  16354     10.45   -15.05  1.00000
  16355     10.45   -15.00  1.00000
  16356     10.45   -14.95  1.00000
  16357     10.50   -20.70  1.00000
  16358     10.50   -20.65  1.00000
  16359     10.50   -20.60  1.00000
  16360     10.50   -20.55  1.00000
  16361     10.50   -20.50  1.00000
  16362     10.50   -20.45  1.00000
  16363     10.50   -20.40  1.00000
  16364     10.50   -20.35  1.00000
  16365     10.50   -20.30  1.00000
  16366     10.50   -20.25  1.00000
  16367     10.50   -20.20  1.00000
  16368     10.50   -20.15  1.00000
  16369     10.50   -20.10  1.00000
  16370     10.50   -20.05  1.00000
  16371     10.50   -20.00  1.00000
  16372     10.50   -19.95  1.00000
  16373     10.50   -19.90  1.00000
  16374     10.50   -19.85  1.00000
  16375     10.50   -19.80  1.00000
  16376     10.50   -19.75  1.00000
  16377     10.50   -19.70  1.00000
  16378     10.50   -19.65  1.00000
  16379     10.50   -19.60  1.00000
  16380     10.50   -19.55  1.00000
  16381     10.50   -19.50  1.00000
  16382     10.50   -19.45  1.00000
  16383     10.50   -19.40  1.00000
  16384     10.50   -19.35  1.00000
  16385     10.50   -19.30  1.00000
  16386     10.50   -19.25  1.00000
  16387     10.50   -19.20  1.00000
  16388     10.50   -19.15  1.00000
  16389     10.50   -19.10  1.00000
  16390     10.50   -19.05  1.00000
  16391     10.50   -19.00  1.00000
  16392     10.50   -18.95  1.00000
  16393     10.50   -18.90  1.00000
  16394     10.50   -18.85  1.00000
  16395     10.50   -18.80  1.00000
  16396     10.50   -18.75  1.00000
  16397     10.50   -18.70  1.00000
  16398     10.50   -18.65  1.00000
  16399     10.50   -18.60  1.00000
  16400     10.50   -18.55  1.00000
  16401     10.50   -18.50  1.00000
  16402     10.50   -18.45  1.00000
  16403     10.50   -18.40  1.00000
  16404     10.50   -18.35  1.00000
  16405     10.50   -18.30  1.00000
  16406     10.50   -18.25  1.00000
  16407     10.50   -18.20  1.00000
  16408     10.50   -18.15  1.00000
  16409     10.50   -18.10  1.00000
  16410     10.50   -18.05  1.00000
  16411     10.50   -18.00  1.00000
  16412     10.50   -17.95  1.00000
  16413     10.50   -17.90  1.00000
  16414     10.50   -17.85  1.00000
  16415     10.50   -17.80  1.00000
  16416     10.50   -17.75  1.00000
  16417     10.50   -17.70  1.00000
  16418     10.50   -17.65  1.00000
  16419     10.50   -17.60  1.00000
  16420     10.50   -17.55  1.00000
  16421     10.50   -17.50  1.00000
  16422     10.50   -17.45  1.00000
  16423     10.50   -17.40  1.00000
  16424     10.50   -17.35  1.00000
  16425     10.50   -17.30  1.00000
  16426     10.50   -17.25  1.00000
  16427     10.50   -17.20  1.00000
  16428     10.50   -17.15  1.00000
  16429     10.50   -17.10  1.00000
  16430     10.50   -17.05  1.00000
  16431     10.50   -17.00  1.00000
  16432     10.50   -16.95  1.00000
  16433     10.50   -16.90  1.00000
  16434     10.50   -16.85  1.00000
  16435     10.50   -16.80  1.00000
  16436     10.50   -16.75  1.00000
  16437     10.50   -16.70  1.00000
  16438     10.50   -16.65  1.00000
  16439     10.50   -16.60  1.00000
  16440     10.50   -16.55  1.00000
  16441     10.50   -16.50  1.00000
  16442     10.50   -16.45  1.00000
  16443     10.50   -16.40  1.00000
  16444     10.50   -16.35  1.00000
  16445     10.50   -16.30  1.00000
  16446     10.50   -16.25  1.00000
  16447     10.50   -16.20  1.00000
  16448     10.50   -16.15  1.00000
  16449     10.50   -16.10  1.00000
  16450     10.50   -16.05  1.00000
  16451     10.50   -16.00  1.00000
  16452     10.50   -15.95  1.00000
  16453     10.50   -15.90  1.00000
  16454     10.50   -15.85  1.00000
  16455     10.50   -15.80  1.00000
  16456     10.50   -15.75  1.00000
  16457     10.50   -15.70  1.00000
  16458     10.50   -15.65  1.00000
  16459     10.50   -15.60  1.00000
  16460     10.50   -15.55  1.00000
  16461     10.50   -15.50  1.00000
  16462     10.50   -15.45  1.00000
  16463     10.50   -15.40  1.00000
  16464     10.50   -15.35  1.00000
  16465     10.50   -15.30  1.00000
  16466     10.50   -15.25  1.00000
  16467     10.50   -15.20  1.00000
  16468     10.50   -15.15  1.00000
  16469     10.50   -15.10  1.00000
  16470     10.50   -15.05  1.00000
  16471     10.50   -15.00  1.00000
  16472     10.50   -14.95  1.00000
  16473     10.55   -20.70  1.00000
  16474     10.55   -20.65  1.00000
  16475     10.55   -20.60  1.00000
  16476     10.55   -20.55  1.00000
  16477     10.55   -20.50  1.00000
  16478     10.55   -20.45  1.00000
  16479     10.55   -20.40  1.00000
  16480     10.55   -20.35  1.00000
  16481     10.55   -20.30  1.00000
  16482     10.55   -20.25  1.00000
  16483     10.55   -20.20  1.00000
  16484     10.55   -20.15  1.00000
  16485     10.55   -20.10  1.00000
  16486     10.55   -20.05  1.00000
  16487     10.55   -20.00  1.00000
  16488     10.55   -19.95  1.00000
  16489     10.55   -19.90  1.00000
  16490     10.55   -19.85  1.00000
  16491     10.55   -19.80  1.00000
  16492     10.55   -19.75  1.00000
  16493     10.55   -19.70  1.00000
  16494     10.55   -19.65  1.00000
  16495     10.55   -19.60  1.00000
  16496     10.55   -19.55  1.00000
  16497     10.55   -19.50  1.00000
  16498     10.55   -19.45  1.00000
  16499     10.55   -19.40  1.00000
  16500     10.55   -19.35  1.00000
  16501     10.55   -19.30  1.00000
  16502     10.55   -19.25  1.00000
  16503     10.55   -19.20  1.00000
  16504     10.55   -19.15  1.00000
  16505     10.55   -19.10  1.00000
  16506     10.55   -19.05  1.00000
  16507     10.55   -19.00  1.00000
  16508     10.55   -18.95  1.00000
  16509     10.55   -18.90  1.00000
  16510     10.55   -18.85  1.00000
  16511     10.55   -18.80  1.00000
  16512     10.55   -18.75  1.00000
  16513     10.55   -18.70  1.00000
  16514     10.55   -18.65  1.00000
  16515     10.55   -18.60  1.00000
  16516     10.55   -18.55  1.00000
  16517     10.55   -18.50  1.00000
  16518     10.55   -18.45  1.00000
  16519     10.55   -18.40  1.00000
  16520     10.55   -18.35  1.00000
  16521     10.55   -18.30  1.00000
  16522     10.55   -18.25  1.00000
  16523     10.55   -18.20  1.00000
  16524     10.55   -18.15  1.00000
  16525     10.55   -18.10  1.00000
  16526     10.55   -18.05  1.00000
  16527     10.55   -18.00  1.00000
  16528     10.55   -17.95  1.00000
  16529     10.55   -17.90  1.00000
  16530     10.55   -17.85  1.00000
  16531     10.55   -17.80  1.00000
  16532     10.55   -17.75  1.00000
  16533     10.55   -17.70  1.00000
  16534     10.55   -17.65  1.00000
  16535     10.55   -17.60  1.00000
  16536     10.55   -17.55  1.00000
  16537     10.55   -17.50  1.00000
  16538     10.55   -17.45  1.00000
  16539     10.55   -17.40  1.00000
  16540     10.55   -17.35  1.00000
  16541     10.55   -17.30  1.00000
  16542     10.55   -17.25  1.00000
  16543     10.55   -17.20  1.00000
  16544     10.55   -17.15  1.00000
  16545     10.55   -17.10  1.00000
  16546     10.55   -17.05  1.00000
  16547     10.55   -17.00  1.00000
  16548     10.55   -16.95  1.00000
  16549     10.55   -16.90  1.00000
  16550     10.55   -16.85  1.00000
  16551     10.55   -16.80  1.00000
  16552     10.55   -16.75  1.00000
  16553     10.55   -16.70  1.00000
  16554     10.55   -16.65  1.00000
  16555     10.55   -16.60  1.00000
  16556     10.55   -16.55  1.00000
  16557     10.55   -16.50  1.00000
  16558     10.55   -16.45  1.00000
  16559     10.55   -16.40  1.00000
  16560     10.55   -16.35  1.00000
  16561     10.55   -16.30  1.00000
  16562     10.55   -16.25  1.00000
  16563     10.55   -16.20  1.00000
  16564     10.55   -16.15  1.00000
  16565     10.55   -16.10  1.00000
  16566     10.55   -16.05  1.00000
  16567     10.55   -16.00  1.00000
  16568     10.55   -15.95  1.00000
  16569     10.55   -15.90  1.00000
  16570     10.55   -15.85  1.00000
  16571     10.55   -15.80  1.00000
  16572     10.55   -15.75  1.00000
  16573     10.55   -15.70  1.00000
  16574     10.55   -15.65  1.00000
  16575     10.55   -15.60  1.00000
  16576     10.55   -15.55  1.00000
  16577     10.55   -15.50  1.00000
  16578     10.55   -15.45  1.00000
  16579     10.55   -15.40  1.00000
  16580     10.55   -15.35  1.00000
  16581     10.55   -15.30  1.00000
  16582     10.55   -15.25  1.00000
  16583     10.55   -15.20  1.00000
  16584     10.55   -15.15  1.00000
  16585     10.55   -15.10  1.00000
  16586     10.55   -15.05  1.00000
  16587     10.55   -15.00  1.00000
  16588     10.55   -14.95  1.00000
  16589     10.60   -20.70  1.00000
  16590     10.60   -20.65  1.00000
  16591     10.60   -20.60  1.00000
  16592     10.60   -20.55  1.00000
  16593     10.60   -20.50  1.00000
  16594     10.60   -20.45  1.00000
  16595     10.60   -20.40  1.00000
  16596     10.60   -20.35  1.00000
  16597     10.60   -20.30  1.00000
  16598     10.60   -20.25  1.00000
  16599     10.60   -20.20  1.00000
  16600     10.60   -20.15  1.00000
  16601     10.60   -20.10  1.00000
  16602     10.60   -20.05  1.00000
  16603     10.60   -20.00  1.00000
  16604     10.60   -19.95  1.00000
  16605     10.60   -19.90  1.00000
  16606     10.60   -19.85  1.00000
  16607     10.60   -19.80  1.00000
  16608     10.60   -19.75  1.00000
  16609     10.60   -19.70  1.00000
  16610     10.60   -19.65  1.00000
  16611     10.60   -19.60  1.00000
  16612     10.60   -19.55  1.00000
  16613     10.60   -19.50  1.00000
  16614     10.60   -19.45  1.00000
  16615     10.60   -19.40  1.00000
  16616     10.60   -19.35  1.00000
  16617     10.60   -19.30  1.00000
  16618     10.60   -19.25  1.00000
  16619     10.60   -19.20  1.00000
  16620     10.60   -19.15  1.00000
  16621     10.60   -19.10  1.00000
  16622     10.60   -19.05  1.00000
  16623     10.60   -19.00  1.00000
  16624     10.60   -18.95  1.00000
  16625     10.60   -18.90  1.00000
  16626     10.60   -18.85  1.00000
  16627     10.60   -18.80  1.00000
  16628     10.60   -18.75  1.00000
  16629     10.60   -18.70  1.00000
  16630     10.60   -18.65  1.00000
  16631     10.60   -18.60  1.00000
  16632     10.60   -18.55  1.00000
  16633     10.60   -18.50  1.00000
  16634     10.60   -18.45  1.00000
  16635     10.60   -18.40  1.00000
  16636     10.60   -18.35  1.00000
  16637     10.60   -18.30  1.00000
  16638     10.60   -18.25  1.00000
  16639     10.60   -18.20  1.00000
  16640     10.60   -18.15  1.00000
  16641     10.60   -18.10  1.00000
  16642     10.60   -18.05  1.00000
  16643     10.60   -18.00  1.00000
  16644     10.60   -17.95  1.00000
  16645     10.60   -17.90  1.00000
  16646     10.60   -17.85  1.00000
  16647     10.60   -17.80  1.00000
  16648     10.60   -17.75  1.00000
  16649     10.60   -17.70  1.00000
  16650     10.60   -17.65  1.00000
  16651     10.60   -17.60  1.00000
  16652     10.60   -17.55  1.00000
  16653     10.60   -17.50  1.00000
  16654     10.60   -17.45  1.00000
  16655     10.60   -17.40  1.00000
  16656     10.60   -17.35  1.00000
  16657     10.60   -17.30  1.00000
  16658     10.60   -17.25  1.00000
  16659     10.60   -17.20  1.00000
  16660     10.60   -17.15  1.00000
  16661     10.60   -17.10  1.00000
  16662     10.60   -17.05  1.00000
  16663     10.60   -17.00  1.00000
  16664     10.60   -16.95  1.00000
  16665     10.60   -16.90  1.00000
  16666     10.60   -16.85  1.00000
  16667     10.60   -16.80  1.00000
  16668     10.60   -16.75  1.00000
  16669     10.60   -16.70  1.00000
  16670     10.60   -16.65  1.00000
  16671     10.60   -16.60  1.00000
  16672     10.60   -16.55  1.00000
  16673     10.60   -16.50  1.00000
  16674     10.60   -16.45  1.00000
  16675     10.60   -16.40  1.00000
  16676     10.60   -16.35  1.00000
  16677     10.60   -16.30  1.00000
  16678     10.60   -16.25  1.00000
  16679     10.60   -16.20  1.00000
  16680     10.60   -16.15  1.00000
  16681     10.60   -16.10  1.00000
  16682     10.60   -16.05  1.00000
  16683     10.60   -16.00  1.00000
  16684     10.60   -15.95  1.00000
  16685     10.60   -15.90  1.00000
  16686     10.60   -15.85  1.00000
  16687     10.60   -15.80  1.00000
  16688     10.60   -15.75  1.00000
  16689     10.60   -15.70  1.00000
  16690     10.60   -15.65  1.00000
  16691     10.60   -15.60  1.00000
  16692     10.60   -15.55  1.00000
  16693     10.60   -15.50  1.00000
  16694     10.60   -15.45  1.00000
  16695     10.60   -15.40  1.00000
  16696     10.60   -15.35  1.00000
  16697     10.60   -15.30  1.00000
  16698     10.60   -15.25  1.00000
  16699     10.60   -15.20  1.00000
  16700     10.60   -15.15  1.00000
  16701     10.60   -15.10  1.00000
  16702     10.60   -15.05  1.00000
  16703     10.60   -15.00  1.00000
  16704     10.60   -14.95  1.00000
  16705     10.65   -20.70  1.00000
  16706     10.65   -20.65  1.00000
  16707     10.65   -20.60  1.00000
  16708     10.65   -20.55  1.00000
  16709     10.65   -20.50  1.00000
  16710     10.65   -20.45  1.00000
  16711     10.65   -20.40  1.00000
  16712     10.65   -20.35  1.00000
  16713     10.65   -20.30  1.00000
  16714     10.65   -20.25  1.00000
  16715     10.65   -20.20  1.00000
  16716     10.65   -20.15  1.00000
  16717     10.65   -20.10  1.00000
  16718     10.65   -20.05  1.00000
  16719     10.65   -20.00  1.00000
  16720     10.65   -19.95  1.00000
  16721     10.65   -19.90  1.00000
  16722     10.65   -19.85  1.00000
  16723     10.65   -19.80  1.00000
  16724     10.65   -19.75  1.00000
  16725     10.65   -19.70  1.00000
  16726     10.65   -19.65  1.00000
  16727     10.65   -19.60  1.00000
  16728     10.65   -19.55  1.00000
  16729     10.65   -19.50  1.00000
  16730     10.65   -19.45  1.00000
  16731     10.65   -19.40  1.00000
  16732     10.65   -19.35  1.00000
  16733     10.65   -19.30  1.00000
  16734     10.65   -19.25  1.00000
  16735     10.65   -19.20  1.00000
  16736     10.65   -19.15  1.00000
  16737     10.65   -19.10  1.00000
  16738     10.65   -19.05  1.00000
  16739     10.65   -19.00  1.00000
  16740     10.65   -18.95  1.00000
  16741     10.65   -18.90  1.00000
  16742     10.65   -18.85  1.00000
  16743     10.65   -18.80  1.00000
  16744     10.65   -18.75  1.00000
  16745     10.65   -18.70  1.00000
  16746     10.65   -18.65  1.00000
  16747     10.65   -18.60  1.00000
  16748     10.65   -18.55  1.00000
  16749     10.65   -18.50  1.00000
  16750     10.65   -18.45  1.00000
  16751     10.65   -18.40  1.00000
  16752     10.65   -18.35  1.00000
  16753     10.65   -18.30  1.00000
  16754     10.65   -18.25  1.00000
  16755     10.65   -18.20  1.00000
  16756     10.65   -18.15  1.00000
  16757     10.65   -18.10  1.00000
  16758     10.65   -18.05  1.00000
  16759     10.65   -18.00  1.00000
  16760     10.65   -17.95  1.00000
  16761     10.65   -17.90  1.00000
  16762     10.65   -17.85  1.00000
  16763     10.65   -17.80  1.00000
  16764     10.65   -17.75  1.00000
  16765     10.65   -17.70  1.00000
  16766     10.65   -17.65  1.00000
  16767     10.65   -17.60  1.00000
  16768     10.65   -17.55  1.00000
  16769     10.65   -17.50  1.00000
  16770     10.65   -17.45  1.00000
  16771     10.65   -17.40  1.00000
  16772     10.65   -17.35  1.00000
  16773     10.65   -17.30  1.00000
  16774     10.65   -17.25  1.00000
  16775     10.65   -17.20  1.00000
  16776     10.65   -17.15  1.00000
  16777     10.65   -17.10  1.00000
  16778     10.65   -17.05  1.00000
  16779     10.65   -17.00  1.00000
  16780     10.65   -16.95  1.00000
  16781     10.65   -16.90  1.00000
  16782     10.65   -16.85  1.00000
  16783     10.65   -16.80  1.00000
  16784     10.65   -16.75  1.00000
  16785     10.65   -16.70  1.00000
  16786     10.65   -16.65  1.00000
  16787     10.65   -16.60  1.00000
  16788     10.65   -16.55  1.00000
  16789     10.65   -16.50  1.00000
  16790     10.65   -16.45  1.00000
  16791     10.65   -16.40  1.00000
  16792     10.65   -16.35  1.00000
  16793     10.65   -16.30  1.00000
  16794     10.65   -16.25  1.00000
  16795     10.65   -16.20  1.00000
  16796     10.65   -16.15  1.00000
  16797     10.65   -16.10  1.00000
  16798     10.65   -16.05  1.00000
  16799     10.65   -16.00  1.00000
  16800     10.65   -15.95  1.00000
  16801     10.65   -15.90  1.00000
  16802     10.65   -15.85  1.00000
  16803     10.65   -15.80  1.00000
  16804     10.65   -15.75  1.00000
  16805     10.65   -15.70  1.00000
  16806     10.65   -15.65  1.00000
  16807     10.65   -15.60  1.00000
  16808     10.65   -15.55  1.00000
  16809     10.65   -15.50  1.00000
  16810     10.65   -15.45  1.00000
  16811     10.65   -15.40  1.00000
  16812     10.65   -15.35  1.00000
  16813     10.65   -15.30  1.00000
  16814     10.65   -15.25  1.00000
  16815     10.65   -15.20  1.00000
  16816     10.65   -15.15  1.00000
  16817     10.65   -15.10  1.00000
  16818     10.65   -15.05  1.00000
  16819     10.65   -15.00  1.00000
  16820     10.65   -14.95  1.00000
  16821     10.70   -20.70  1.00000
  16822     10.70   -20.65  1.00000
  16823     10.70   -20.60  1.00000
  16824     10.70   -20.55  1.00000
  16825     10.70   -20.50  1.00000
  16826     10.70   -20.45  1.00000
  16827     10.70   -20.40  1.00000
  16828     10.70   -20.35  1.00000
  16829     10.70   -20.30  1.00000
  16830     10.70   -20.25  1.00000
  16831     10.70   -20.20  1.00000
  16832     10.70   -20.15  1.00000
  16833     10.70   -20.10  1.00000
  16834     10.70   -20.05  1.00000
  16835     10.70   -20.00  1.00000
  16836     10.70   -19.95  1.00000
  16837     10.70   -19.90  1.00000
  16838     10.70   -19.85  1.00000
  16839     10.70   -19.80  1.00000
  16840     10.70   -19.75  1.00000
  16841     10.70   -19.70  1.00000
  16842     10.70   -19.65  1.00000
  16843     10.70   -19.60  1.00000
  16844     10.70   -19.55  1.00000
  16845     10.70   -19.50  1.00000
  16846     10.70   -19.45  1.00000
  16847     10.70   -19.40  1.00000
  16848     10.70   -19.35  1.00000
  16849     10.70   -19.30  1.00000
  16850     10.70   -19.25  1.00000
  16851     10.70   -19.20  1.00000
  16852     10.70   -19.15  1.00000
  16853     10.70   -19.10  1.00000
  16854     10.70   -19.05  1.00000
  16855     10.70   -19.00  1.00000
  16856     10.70   -18.95  1.00000
  16857     10.70   -18.90  1.00000
  16858     10.70   -18.85  1.00000
  16859     10.70   -18.80  1.00000
  16860     10.70   -18.75  1.00000
  16861     10.70   -18.70  1.00000
  16862     10.70   -18.65  1.00000
  16863     10.70   -18.60  1.00000
  16864     10.70   -18.55  1.00000
  16865     10.70   -18.50  1.00000
  16866     10.70   -18.45  1.00000
  16867     10.70   -18.40  1.00000
  16868     10.70   -18.35  1.00000
  16869     10.70   -18.30  1.00000
  16870     10.70   -18.25  1.00000
  16871     10.70   -18.20  1.00000
  16872     10.70   -18.15  1.00000
  16873     10.70   -18.10  1.00000
  16874     10.70   -18.05  1.00000
  16875     10.70   -18.00  1.00000
  16876     10.70   -17.95  1.00000
  16877     10.70   -17.90  1.00000
  16878     10.70   -17.85  1.00000
  16879     10.70   -17.80  1.00000
  16880     10.70   -17.75  1.00000
  16881     10.70   -17.70  1.00000
  16882     10.70   -17.65  1.00000
  16883     10.70   -17.60  1.00000
  16884     10.70   -17.55  1.00000
  16885     10.70   -17.50  1.00000
  16886     10.70   -17.45  1.00000
  16887     10.70   -17.40  1.00000
  16888     10.70   -17.35  1.00000
  16889     10.70   -17.30  1.00000
  16890     10.70   -17.25  1.00000
  16891     10.70   -17.20  1.00000
  16892     10.70   -17.15  1.00000
  16893     10.70   -17.10  1.00000
  16894     10.70   -17.05  1.00000
  16895     10.70   -17.00  1.00000
  16896     10.70   -16.95  1.00000
  16897     10.70   -16.90  1.00000
  16898     10.70   -16.85  1.00000
  16899     10.70   -16.80  1.00000
  16900     10.70   -16.75  1.00000
  16901     10.70   -16.70  1.00000
  16902     10.70   -16.65  1.00000
  16903     10.70   -16.60  1.00000
  16904     10.70   -16.55  1.00000
  16905     10.70   -16.50  1.00000
  16906     10.70   -16.45  1.00000
  16907     10.70   -16.40  1.00000
  16908     10.70   -16.35  1.00000
  16909     10.70   -16.30  1.00000
  16910     10.70   -16.25  1.00000
  16911     10.70   -16.20  1.00000
  16912     10.70   -16.15  1.00000
  16913     10.70   -16.10  1.00000
  16914     10.70   -16.05  1.00000
  16915     10.70   -16.00  1.00000
  16916     10.70   -15.95  1.00000
  16917     10.70   -15.90  1.00000
  16918     10.70   -15.85  1.00000
  16919     10.70   -15.80  1.00000
  16920     10.70   -15.75  1.00000
  16921     10.70   -15.70  1.00000
  16922     10.70   -15.65  1.00000
  16923     10.70   -15.60  1.00000
  16924     10.70   -15.55  1.00000
  16925     10.70   -15.50  1.00000
  16926     10.70   -15.45  1.00000
  16927     10.70   -15.40  1.00000
  16928     10.70   -15.35  1.00000
  16929     10.70   -15.30  1.00000
  16930     10.70   -15.25  1.00000
  16931     10.70   -15.20  1.00000
  16932     10.70   -15.15  1.00000
  16933     10.70   -15.10  1.00000
  16934     10.70   -15.05  1.00000
  16935     10.70   -15.00  1.00000
  16936     10.70   -14.95  1.00000
  16937     10.75   -20.70  1.00000
  16938     10.75   -20.65  1.00000
  16939     10.75   -20.60  1.00000
  16940     10.75   -20.55  1.00000
  16941     10.75   -20.50  1.00000
  16942     10.75   -20.45  1.00000
  16943     10.75   -20.40  1.00000
  16944     10.75   -20.35  1.00000
  16945     10.75   -20.30  1.00000
  16946     10.75   -20.25  1.00000
  16947     10.75   -20.20  1.00000
  16948     10.75   -20.15  1.00000
  16949     10.75   -20.10  1.00000
  16950     10.75   -20.05  1.00000
  16951     10.75   -20.00  1.00000
  16952     10.75   -19.95  1.00000
  16953     10.75   -19.90  1.00000
  16954     10.75   -19.85  1.00000
  16955     10.75   -19.80  1.00000
  16956     10.75   -19.75  1.00000
  16957     10.75   -19.70  1.00000
  16958     10.75   -19.65  1.00000
  16959     10.75   -19.60  1.00000
  16960     10.75   -19.55  1.00000
  16961     10.75   -19.50  1.00000
  16962     10.75   -19.45  1.00000
  16963     10.75   -19.40  1.00000
  16964     10.75   -19.35  1.00000
  16965     10.75   -19.30  1.00000
  16966     10.75   -19.25  1.00000
  16967     10.75   -19.20  1.00000
  16968     10.75   -19.15  1.00000
  16969     10.75   -19.10  1.00000
  16970     10.75   -19.05  1.00000
  16971     10.75   -19.00  1.00000
  16972     10.75   -18.95  1.00000
  16973     10.75   -18.90  1.00000
  16974     10.75   -18.85  1.00000
  16975     10.75   -18.80  1.00000
  16976     10.75   -18.75  1.00000
  16977     10.75   -18.70  1.00000
  16978     10.75   -18.65  1.00000
  16979     10.75   -18.60  1.00000
  16980     10.75   -18.55  1.00000
  16981     10.75   -18.50  1.00000
  16982     10.75   -18.45  1.00000
  16983     10.75   -18.40  1.00000
  16984     10.75   -18.35  1.00000
  16985     10.75   -18.30  1.00000
  16986     10.75   -18.25  1.00000
  16987     10.75   -18.20  1.00000
  16988     10.75   -18.15  1.00000
  16989     10.75   -18.10  1.00000
  16990     10.75   -18.05  1.00000
  16991     10.75   -18.00  1.00000
  16992     10.75   -17.95  1.00000
  16993     10.75   -17.90  1.00000
  16994     10.75   -17.85  1.00000
  16995     10.75   -17.80  1.00000
  16996     10.75   -17.75  1.00000
  16997     10.75   -17.70  1.00000
  16998     10.75   -17.65  1.00000
  16999     10.75   -17.60  1.00000
  17000     10.75   -17.55  1.00000
  17001     10.75   -17.50  1.00000
  17002     10.75   -17.45  1.00000
  17003     10.75   -17.40  1.00000
  17004     10.75   -17.35  1.00000
  17005     10.75   -17.30  1.00000
  17006     10.75   -17.25  1.00000
  17007     10.75   -17.20  1.00000
  17008     10.75   -17.15  1.00000
  17009     10.75   -17.10  1.00000
  17010     10.75   -17.05  1.00000
  17011     10.75   -17.00  1.00000
  17012     10.75   -16.95  1.00000
  17013     10.75   -16.90  1.00000
  17014     10.75   -16.85  1.00000
  17015     10.75   -16.80  1.00000
  17016     10.75   -16.75  1.00000
  17017     10.75   -16.70  1.00000
  17018     10.75   -16.65  1.00000
  17019     10.75   -16.60  1.00000
  17020     10.75   -16.55  1.00000
  17021     10.75   -16.50  1.00000
  17022     10.75   -16.45  1.00000
  17023     10.75   -16.40  1.00000
  17024     10.75   -16.35  1.00000
  17025     10.75   -16.30  1.00000
  17026     10.75   -16.25  1.00000
  17027     10.75   -16.20  1.00000
  17028     10.75   -16.15  1.00000
  17029     10.75   -16.10  1.00000
  17030     10.75   -16.05  1.00000
  17031     10.75   -16.00  1.00000
  17032     10.75   -15.95  1.00000
  17033     10.75   -15.90  1.00000
  17034     10.75   -15.85  1.00000
  17035     10.75   -15.80  1.00000
  17036     10.75   -15.75  1.00000
  17037     10.75   -15.70  1.00000
  17038     10.75   -15.65  1.00000
  17039     10.75   -15.60  1.00000
  17040     10.75   -15.55  1.00000
  17041     10.75   -15.50  1.00000
  17042     10.75   -15.45  1.00000
  17043     10.75   -15.40  1.00000
  17044     10.75   -15.35  1.00000
  17045     10.75   -15.30  1.00000
  17046     10.75   -15.25  1.00000
  17047     10.75   -15.20  1.00000
  17048     10.75   -15.15  1.00000
  17049     10.75   -15.10  1.00000
  17050     10.75   -15.05  1.00000
  17051     10.75   -15.00  1.00000
  17052     10.75   -14.95  1.00000
