# Using z_tolerance = 0.0001 and mag_tolerance = 0.0000
    1  3.940  -32.30  1.00000  0.0500  0.050
    2  3.940  -32.25  1.00000  0.0500  0.050
    3  3.940  -32.20  1.00000  0.0500  0.050
    4  3.940  -32.15  1.00000  0.0500  0.050
    5  3.940  -32.10  1.00000  0.0500  0.050
    6  3.940  -32.05  1.00000  0.0500  0.050
    7  3.940  -32.00  1.00000  0.0500  0.050
    8  3.940  -31.95  1.00000  0.0500  0.050
    9  3.940  -31.90  1.00000  0.0500  0.050
   10  3.940  -31.85  1.00000  0.0500  0.050
   11  3.940  -31.80  1.00000  0.0500  0.050
   12  3.940  -31.75  1.00000  0.0500  0.050
   13  3.940  -31.70  1.00000  0.0500  0.050
   14  3.940  -31.65  1.00000  0.0500  0.050
   15  3.940  -31.60  1.00000  0.0500  0.050
   16  3.940  -31.55  1.00000  0.0500  0.050
   17  3.940  -31.50  1.00000  0.0500  0.050
   18  3.940  -31.45  1.00000  0.0500  0.050
   19  3.940  -31.40  1.00000  0.0500  0.050
   20  3.940  -31.35  1.00000  0.0500  0.050
   21  3.940  -31.30  1.00000  0.0500  0.050
   22  3.940  -31.25  1.00000  0.0500  0.050
   23  3.940  -31.20  1.00000  0.0500  0.050
   24  3.940  -31.15  1.00000  0.0500  0.050
   25  3.940  -31.10  1.00000  0.0500  0.050
   26  3.940  -31.05  1.00000  0.0500  0.050
   27  3.940  -31.00  1.00000  0.0500  0.050
   28  3.940  -30.95  1.00000  0.0500  0.050
   29  3.940  -30.90  1.00000  0.0500  0.050
   30  3.940  -30.85  1.00000  0.0500  0.050
   31  3.940  -30.80  1.00000  0.0500  0.050
   32  3.940  -30.75  1.00000  0.0500  0.050
   33  3.940  -30.70  1.00000  0.0500  0.050
   34  3.940  -30.65  1.00000  0.0500  0.050
   35  3.940  -30.60  1.00000  0.0500  0.050
   36  3.940  -30.55  1.00000  0.0500  0.050
   37  3.940  -30.50  1.00000  0.0500  0.050
   38  3.940  -30.45  1.00000  0.0500  0.050
   39  3.940  -30.40  1.00000  0.0500  0.050
   40  3.940  -30.35  1.00000  0.0500  0.050
   41  3.940  -30.30  1.00000  0.0500  0.050
   42  3.940  -30.25  1.00000  0.0500  0.050
   43  3.940  -30.20  1.00000  0.0500  0.050
   44  3.940  -30.15  1.00000  0.0500  0.050
   45  3.940  -30.10  1.00000  0.0500  0.050
   46  3.940  -30.05  1.00000  0.0500  0.050
   47  3.940  -30.00  1.00000  0.0500  0.050
   48  3.940  -29.95  1.00000  0.0500  0.050
   49  3.940  -29.90  1.00000  0.0500  0.050
   50  3.940  -29.85  1.00000  0.0500  0.050
   51  3.940  -29.80  1.00000  0.0500  0.050
   52  3.940  -29.75  1.00000  0.0500  0.050
   53  3.940  -29.70  1.00000  0.0500  0.050
   54  3.940  -29.65  1.00000  0.0500  0.050
   55  3.940  -29.60  1.00000  0.0500  0.050
   56  3.940  -29.55  1.00000  0.0500  0.050
   57  3.940  -29.50  1.00000  0.0500  0.050
   58  3.940  -29.45  1.00000  0.0500  0.050
   59  3.940  -29.40  1.00000  0.0500  0.050
   60  3.940  -29.35  1.00000  0.0500  0.050
   61  3.940  -29.30  1.00000  0.0500  0.050
   62  3.940  -29.25  1.00000  0.0500  0.050
   63  3.940  -29.20  1.00000  0.0500  0.050
   64  3.940  -29.15  1.00000  0.0500  0.050
   65  3.940  -29.10  1.00000  0.0500  0.050
   66  3.940  -29.05  1.00000  0.0500  0.050
   67  3.940  -29.00  1.00000  0.0500  0.050
   68  3.940  -28.95  1.00000  0.0500  0.050
   69  3.940  -28.90  1.00000  0.0500  0.050
   70  3.940  -28.85  1.00000  0.0500  0.050
   71  3.990  -32.30  1.00000  0.0500  0.050
   72  3.990  -32.25  1.00000  0.0500  0.050
   73  3.990  -32.20  1.00000  0.0500  0.050
   74  3.990  -32.15  1.00000  0.0500  0.050
   75  3.990  -32.10  1.00000  0.0500  0.050
   76  3.990  -32.05  1.00000  0.0500  0.050
   77  3.990  -32.00  1.00000  0.0500  0.050
   78  3.990  -31.95  1.00000  0.0500  0.050
   79  3.990  -31.90  1.00000  0.0500  0.050
   80  3.990  -31.85  1.00000  0.0500  0.050
   81  3.990  -31.80  1.00000  0.0500  0.050
   82  3.990  -31.75  1.00000  0.0500  0.050
   83  3.990  -31.70  1.00000  0.0500  0.050
   84  3.990  -31.65  1.00000  0.0500  0.050
   85  3.990  -31.60  1.00000  0.0500  0.050
   86  3.990  -31.55  1.00000  0.0500  0.050
   87  3.990  -31.50  1.00000  0.0500  0.050
   88  3.990  -31.45  1.00000  0.0500  0.050
   89  3.990  -31.40  1.00000  0.0500  0.050
   90  3.990  -31.35  1.00000  0.0500  0.050
   91  3.990  -31.30  1.00000  0.0500  0.050
   92  3.990  -31.25  1.00000  0.0500  0.050
   93  3.990  -31.20  1.00000  0.0500  0.050
   94  3.990  -31.15  1.00000  0.0500  0.050
   95  3.990  -31.10  1.00000  0.0500  0.050
   96  3.990  -31.05  1.00000  0.0500  0.050
   97  3.990  -31.00  1.00000  0.0500  0.050
   98  3.990  -30.95  1.00000  0.0500  0.050
   99  3.990  -30.90  1.00000  0.0500  0.050
  100  3.990  -30.85  1.00000  0.0500  0.050
  101  3.990  -30.80  1.00000  0.0500  0.050
  102  3.990  -30.75  1.00000  0.0500  0.050
  103  3.990  -30.70  1.00000  0.0500  0.050
  104  3.990  -30.65  1.00000  0.0500  0.050
  105  3.990  -30.60  1.00000  0.0500  0.050
  106  3.990  -30.55  1.00000  0.0500  0.050
  107  3.990  -30.50  1.00000  0.0500  0.050
  108  3.990  -30.45  1.00000  0.0500  0.050
  109  3.990  -30.40  1.00000  0.0500  0.050
  110  3.990  -30.35  1.00000  0.0500  0.050
  111  3.990  -30.30  1.00000  0.0500  0.050
  112  3.990  -30.25  1.00000  0.0500  0.050
  113  3.990  -30.20  1.00000  0.0500  0.050
  114  3.990  -30.15  1.00000  0.0500  0.050
  115  3.990  -30.10  1.00000  0.0500  0.050
  116  3.990  -30.05  1.00000  0.0500  0.050
  117  3.990  -30.00  1.00000  0.0500  0.050
  118  3.990  -29.95  1.00000  0.0500  0.050
  119  3.990  -29.90  1.00000  0.0500  0.050
  120  3.990  -29.85  1.00000  0.0500  0.050
  121  3.990  -29.80  1.00000  0.0500  0.050
  122  3.990  -29.75  1.00000  0.0500  0.050
  123  3.990  -29.70  1.00000  0.0500  0.050
  124  3.990  -29.65  1.00000  0.0500  0.050
  125  3.990  -29.60  1.00000  0.0500  0.050
  126  3.990  -29.55  1.00000  0.0500  0.050
  127  3.990  -29.50  1.00000  0.0500  0.050
  128  3.990  -29.45  1.00000  0.0500  0.050
  129  3.990  -29.40  1.00000  0.0500  0.050
  130  3.990  -29.35  1.00000  0.0500  0.050
  131  3.990  -29.30  1.00000  0.0500  0.050
  132  3.990  -29.25  1.00000  0.0500  0.050
  133  3.990  -29.20  1.00000  0.0500  0.050
  134  3.990  -29.15  1.00000  0.0500  0.050
  135  3.990  -29.10  1.00000  0.0500  0.050
  136  3.990  -29.05  1.00000  0.0500  0.050
  137  3.990  -29.00  1.00000  0.0500  0.050
  138  3.990  -28.95  1.00000  0.0500  0.050
  139  3.990  -28.90  1.00000  0.0500  0.050
  140  3.990  -28.85  1.00000  0.0500  0.050
  141  4.040  -32.30  1.00000  0.0500  0.050
  142  4.040  -32.25  1.00000  0.0500  0.050
  143  4.040  -32.20  1.00000  0.0500  0.050
  144  4.040  -32.15  1.00000  0.0500  0.050
  145  4.040  -32.10  1.00000  0.0500  0.050
  146  4.040  -32.05  1.00000  0.0500  0.050
  147  4.040  -32.00  1.00000  0.0500  0.050
  148  4.040  -31.95  1.00000  0.0500  0.050
  149  4.040  -31.90  1.00000  0.0500  0.050
  150  4.040  -31.85  1.00000  0.0500  0.050
  151  4.040  -31.80  1.00000  0.0500  0.050
  152  4.040  -31.75  1.00000  0.0500  0.050
  153  4.040  -31.70  1.00000  0.0500  0.050
  154  4.040  -31.65  1.00000  0.0500  0.050
  155  4.040  -31.60  1.00000  0.0500  0.050
  156  4.040  -31.55  1.00000  0.0500  0.050
  157  4.040  -31.50  1.00000  0.0500  0.050
  158  4.040  -31.45  1.00000  0.0500  0.050
  159  4.040  -31.40  1.00000  0.0500  0.050
  160  4.040  -31.35  1.00000  0.0500  0.050
  161  4.040  -31.30  1.00000  0.0500  0.050
  162  4.040  -31.25  1.00000  0.0500  0.050
  163  4.040  -31.20  1.00000  0.0500  0.050
  164  4.040  -31.15  1.00000  0.0500  0.050
  165  4.040  -31.10  1.00000  0.0500  0.050
  166  4.040  -31.05  1.00000  0.0500  0.050
  167  4.040  -31.00  1.00000  0.0500  0.050
  168  4.040  -30.95  1.00000  0.0500  0.050
  169  4.040  -30.90  1.00000  0.0500  0.050
  170  4.040  -30.85  1.00000  0.0500  0.050
  171  4.040  -30.80  1.00000  0.0500  0.050
  172  4.040  -30.75  1.00000  0.0500  0.050
  173  4.040  -30.70  1.00000  0.0500  0.050
  174  4.040  -30.65  1.00000  0.0500  0.050
  175  4.040  -30.60  1.00000  0.0500  0.050
  176  4.040  -30.55  1.00000  0.0500  0.050
  177  4.040  -30.50  1.00000  0.0500  0.050
  178  4.040  -30.45  1.00000  0.0500  0.050
  179  4.040  -30.40  1.00000  0.0500  0.050
  180  4.040  -30.35  1.00000  0.0500  0.050
  181  4.040  -30.30  1.00000  0.0500  0.050
  182  4.040  -30.25  1.00000  0.0500  0.050
  183  4.040  -30.20  1.00000  0.0500  0.050
  184  4.040  -30.15  1.00000  0.0500  0.050
  185  4.040  -30.10  1.00000  0.0500  0.050
  186  4.040  -30.05  1.00000  0.0500  0.050
  187  4.040  -30.00  1.00000  0.0500  0.050
  188  4.040  -29.95  1.00000  0.0500  0.050
  189  4.040  -29.90  1.00000  0.0500  0.050
  190  4.040  -29.85  1.00000  0.0500  0.050
  191  4.040  -29.80  1.00000  0.0500  0.050
  192  4.040  -29.75  1.00000  0.0500  0.050
  193  4.040  -29.70  1.00000  0.0500  0.050
  194  4.040  -29.65  1.00000  0.0500  0.050
  195  4.040  -29.60  1.00000  0.0500  0.050
  196  4.040  -29.55  1.00000  0.0500  0.050
  197  4.040  -29.50  1.00000  0.0500  0.050
  198  4.040  -29.45  1.00000  0.0500  0.050
  199  4.040  -29.40  1.00000  0.0500  0.050
  200  4.040  -29.35  1.00000  0.0500  0.050
  201  4.040  -29.30  1.00000  0.0500  0.050
  202  4.040  -29.25  1.00000  0.0500  0.050
  203  4.040  -29.20  1.00000  0.0500  0.050
  204  4.040  -29.15  1.00000  0.0500  0.050
  205  4.040  -29.10  1.00000  0.0500  0.050
  206  4.040  -29.05  1.00000  0.0500  0.050
  207  4.040  -29.00  1.00000  0.0500  0.050
  208  4.040  -28.95  1.00000  0.0500  0.050
  209  4.040  -28.90  1.00000  0.0500  0.050
  210  4.040  -28.85  1.00000  0.0500  0.050
  211  4.090  -32.30  1.00000  0.0500  0.050
  212  4.090  -32.25  1.00000  0.0500  0.050
  213  4.090  -32.20  1.00000  0.0500  0.050
  214  4.090  -32.15  1.00000  0.0500  0.050
  215  4.090  -32.10  1.00000  0.0500  0.050
  216  4.090  -32.05  1.00000  0.0500  0.050
  217  4.090  -32.00  1.00000  0.0500  0.050
  218  4.090  -31.95  1.00000  0.0500  0.050
  219  4.090  -31.90  1.00000  0.0500  0.050
  220  4.090  -31.85  1.00000  0.0500  0.050
  221  4.090  -31.80  1.00000  0.0500  0.050
  222  4.090  -31.75  1.00000  0.0500  0.050
  223  4.090  -31.70  1.00000  0.0500  0.050
  224  4.090  -31.65  1.00000  0.0500  0.050
  225  4.090  -31.60  1.00000  0.0500  0.050
  226  4.090  -31.55  1.00000  0.0500  0.050
  227  4.090  -31.50  1.00000  0.0500  0.050
  228  4.090  -31.45  1.00000  0.0500  0.050
  229  4.090  -31.40  1.00000  0.0500  0.050
  230  4.090  -31.35  1.00000  0.0500  0.050
  231  4.090  -31.30  1.00000  0.0500  0.050
  232  4.090  -31.25  1.00000  0.0500  0.050
  233  4.090  -31.20  1.00000  0.0500  0.050
  234  4.090  -31.15  1.00000  0.0500  0.050
  235  4.090  -31.10  1.00000  0.0500  0.050
  236  4.090  -31.05  1.00000  0.0500  0.050
  237  4.090  -31.00  1.00000  0.0500  0.050
  238  4.090  -30.95  1.00000  0.0500  0.050
  239  4.090  -30.90  1.00000  0.0500  0.050
  240  4.090  -30.85  1.00000  0.0500  0.050
  241  4.090  -30.80  1.00000  0.0500  0.050
  242  4.090  -30.75  1.00000  0.0500  0.050
  243  4.090  -30.70  1.00000  0.0500  0.050
  244  4.090  -30.65  1.00000  0.0500  0.050
  245  4.090  -30.60  1.00000  0.0500  0.050
  246  4.090  -30.55  1.00000  0.0500  0.050
  247  4.090  -30.50  1.00000  0.0500  0.050
  248  4.090  -30.45  1.00000  0.0500  0.050
  249  4.090  -30.40  1.00000  0.0500  0.050
  250  4.090  -30.35  1.00000  0.0500  0.050
  251  4.090  -30.30  1.00000  0.0500  0.050
  252  4.090  -30.25  1.00000  0.0500  0.050
  253  4.090  -30.20  1.00000  0.0500  0.050
  254  4.090  -30.15  1.00000  0.0500  0.050
  255  4.090  -30.10  1.00000  0.0500  0.050
  256  4.090  -30.05  1.00000  0.0500  0.050
  257  4.090  -30.00  1.00000  0.0500  0.050
  258  4.090  -29.95  1.00000  0.0500  0.050
  259  4.090  -29.90  1.00000  0.0500  0.050
  260  4.090  -29.85  1.00000  0.0500  0.050
  261  4.090  -29.80  1.00000  0.0500  0.050
  262  4.090  -29.75  1.00000  0.0500  0.050
  263  4.090  -29.70  1.00000  0.0500  0.050
  264  4.090  -29.65  1.00000  0.0500  0.050
  265  4.090  -29.60  1.00000  0.0500  0.050
  266  4.090  -29.55  1.00000  0.0500  0.050
  267  4.090  -29.50  1.00000  0.0500  0.050
  268  4.090  -29.45  1.00000  0.0500  0.050
  269  4.090  -29.40  1.00000  0.0500  0.050
  270  4.090  -29.35  1.00000  0.0500  0.050
  271  4.090  -29.30  1.00000  0.0500  0.050
  272  4.090  -29.25  1.00000  0.0500  0.050
  273  4.090  -29.20  1.00000  0.0500  0.050
  274  4.090  -29.15  1.00000  0.0500  0.050
  275  4.090  -29.10  1.00000  0.0500  0.050
  276  4.090  -29.05  1.00000  0.0500  0.050
  277  4.090  -29.00  1.00000  0.0500  0.050
  278  4.090  -28.95  1.00000  0.0500  0.050
  279  4.090  -28.90  1.00000  0.0500  0.050
  280  4.090  -28.85  1.00000  0.0500  0.050
  281  4.140  -32.30  1.00000  0.0500  0.050
  282  4.140  -32.25  1.00000  0.0500  0.050
  283  4.140  -32.20  1.00000  0.0500  0.050
  284  4.140  -32.15  1.00000  0.0500  0.050
  285  4.140  -32.10  1.00000  0.0500  0.050
  286  4.140  -32.05  1.00000  0.0500  0.050
  287  4.140  -32.00  1.00000  0.0500  0.050
  288  4.140  -31.95  1.00000  0.0500  0.050
  289  4.140  -31.90  1.00000  0.0500  0.050
  290  4.140  -31.85  1.00000  0.0500  0.050
  291  4.140  -31.80  1.00000  0.0500  0.050
  292  4.140  -31.75  1.00000  0.0500  0.050
  293  4.140  -31.70  1.00000  0.0500  0.050
  294  4.140  -31.65  1.00000  0.0500  0.050
  295  4.140  -31.60  1.00000  0.0500  0.050
  296  4.140  -31.55  1.00000  0.0500  0.050
  297  4.140  -31.50  1.00000  0.0500  0.050
  298  4.140  -31.45  1.00000  0.0500  0.050
  299  4.140  -31.40  1.00000  0.0500  0.050
  300  4.140  -31.35  1.00000  0.0500  0.050
  301  4.140  -31.30  1.00000  0.0500  0.050
  302  4.140  -31.25  1.00000  0.0500  0.050
  303  4.140  -31.20  1.00000  0.0500  0.050
  304  4.140  -31.15  1.00000  0.0500  0.050
  305  4.140  -31.10  1.00000  0.0500  0.050
  306  4.140  -31.05  1.00000  0.0500  0.050
  307  4.140  -31.00  1.00000  0.0500  0.050
  308  4.140  -30.95  1.00000  0.0500  0.050
  309  4.140  -30.90  1.00000  0.0500  0.050
  310  4.140  -30.85  1.00000  0.0500  0.050
  311  4.140  -30.80  1.00000  0.0500  0.050
  312  4.140  -30.75  1.00000  0.0500  0.050
  313  4.140  -30.70  1.00000  0.0500  0.050
  314  4.140  -30.65  1.00000  0.0500  0.050
  315  4.140  -30.60  1.00000  0.0500  0.050
  316  4.140  -30.55  1.00000  0.0500  0.050
  317  4.140  -30.50  1.00000  0.0500  0.050
  318  4.140  -30.45  1.00000  0.0500  0.050
  319  4.140  -30.40  1.00000  0.0500  0.050
  320  4.140  -30.35  1.00000  0.0500  0.050
  321  4.140  -30.30  1.00000  0.0500  0.050
  322  4.140  -30.25  1.00000  0.0500  0.050
  323  4.140  -30.20  1.00000  0.0500  0.050
  324  4.140  -30.15  1.00000  0.0500  0.050
  325  4.140  -30.10  1.00000  0.0500  0.050
  326  4.140  -30.05  1.00000  0.0500  0.050
  327  4.140  -30.00  1.00000  0.0500  0.050
  328  4.140  -29.95  1.00000  0.0500  0.050
  329  4.140  -29.90  1.00000  0.0500  0.050
  330  4.140  -29.85  1.00000  0.0500  0.050
  331  4.140  -29.80  1.00000  0.0500  0.050
  332  4.140  -29.75  1.00000  0.0500  0.050
  333  4.140  -29.70  1.00000  0.0500  0.050
  334  4.140  -29.65  1.00000  0.0500  0.050
  335  4.140  -29.60  1.00000  0.0500  0.050
  336  4.140  -29.55  1.00000  0.0500  0.050
  337  4.140  -29.50  1.00000  0.0500  0.050
  338  4.140  -29.45  1.00000  0.0500  0.050
  339  4.140  -29.40  1.00000  0.0500  0.050
  340  4.140  -29.35  1.00000  0.0500  0.050
  341  4.140  -29.30  1.00000  0.0500  0.050
  342  4.140  -29.25  1.00000  0.0500  0.050
  343  4.140  -29.20  1.00000  0.0500  0.050
  344  4.140  -29.15  1.00000  0.0500  0.050
  345  4.140  -29.10  1.00000  0.0500  0.050
  346  4.140  -29.05  1.00000  0.0500  0.050
  347  4.140  -29.00  1.00000  0.0500  0.050
  348  4.140  -28.95  1.00000  0.0500  0.050
  349  4.140  -28.90  1.00000  0.0500  0.050
  350  4.140  -28.85  1.00000  0.0500  0.050
  351  4.190  -32.30  1.00000  0.0500  0.050
  352  4.190  -32.25  1.00000  0.0500  0.050
  353  4.190  -32.20  1.00000  0.0500  0.050
  354  4.190  -32.15  1.00000  0.0500  0.050
  355  4.190  -32.10  1.00000  0.0500  0.050
  356  4.190  -32.05  1.00000  0.0500  0.050
  357  4.190  -32.00  1.00000  0.0500  0.050
  358  4.190  -31.95  1.00000  0.0500  0.050
  359  4.190  -31.90  1.00000  0.0500  0.050
  360  4.190  -31.85  1.00000  0.0500  0.050
  361  4.190  -31.80  1.00000  0.0500  0.050
  362  4.190  -31.75  1.00000  0.0500  0.050
  363  4.190  -31.70  1.00000  0.0500  0.050
  364  4.190  -31.65  1.00000  0.0500  0.050
  365  4.190  -31.60  1.00000  0.0500  0.050
  366  4.190  -31.55  1.00000  0.0500  0.050
  367  4.190  -31.50  1.00000  0.0500  0.050
  368  4.190  -31.45  1.00000  0.0500  0.050
  369  4.190  -31.40  1.00000  0.0500  0.050
  370  4.190  -31.35  1.00000  0.0500  0.050
  371  4.190  -31.30  1.00000  0.0500  0.050
  372  4.190  -31.25  1.00000  0.0500  0.050
  373  4.190  -31.20  1.00000  0.0500  0.050
  374  4.190  -31.15  1.00000  0.0500  0.050
  375  4.190  -31.10  1.00000  0.0500  0.050
  376  4.190  -31.05  1.00000  0.0500  0.050
  377  4.190  -31.00  1.00000  0.0500  0.050
  378  4.190  -30.95  1.00000  0.0500  0.050
  379  4.190  -30.90  1.00000  0.0500  0.050
  380  4.190  -30.85  1.00000  0.0500  0.050
  381  4.190  -30.80  1.00000  0.0500  0.050
  382  4.190  -30.75  1.00000  0.0500  0.050
  383  4.190  -30.70  1.00000  0.0500  0.050
  384  4.190  -30.65  1.00000  0.0500  0.050
  385  4.190  -30.60  1.00000  0.0500  0.050
  386  4.190  -30.55  1.00000  0.0500  0.050
  387  4.190  -30.50  1.00000  0.0500  0.050
  388  4.190  -30.45  1.00000  0.0500  0.050
  389  4.190  -30.40  1.00000  0.0500  0.050
  390  4.190  -30.35  1.00000  0.0500  0.050
  391  4.190  -30.30  1.00000  0.0500  0.050
  392  4.190  -30.25  1.00000  0.0500  0.050
  393  4.190  -30.20  1.00000  0.0500  0.050
  394  4.190  -30.15  1.00000  0.0500  0.050
  395  4.190  -30.10  1.00000  0.0500  0.050
  396  4.190  -30.05  1.00000  0.0500  0.050
  397  4.190  -30.00  1.00000  0.0500  0.050
  398  4.190  -29.95  1.00000  0.0500  0.050
  399  4.190  -29.90  1.00000  0.0500  0.050
  400  4.190  -29.85  1.00000  0.0500  0.050
  401  4.190  -29.80  1.00000  0.0500  0.050
  402  4.190  -29.75  1.00000  0.0500  0.050
  403  4.190  -29.70  1.00000  0.0500  0.050
  404  4.190  -29.65  1.00000  0.0500  0.050
  405  4.190  -29.60  1.00000  0.0500  0.050
  406  4.190  -29.55  1.00000  0.0500  0.050
  407  4.190  -29.50  1.00000  0.0500  0.050
  408  4.190  -29.45  1.00000  0.0500  0.050
  409  4.190  -29.40  1.00000  0.0500  0.050
  410  4.190  -29.35  1.00000  0.0500  0.050
  411  4.190  -29.30  1.00000  0.0500  0.050
  412  4.190  -29.25  1.00000  0.0500  0.050
  413  4.190  -29.20  1.00000  0.0500  0.050
  414  4.190  -29.15  1.00000  0.0500  0.050
  415  4.190  -29.10  1.00000  0.0500  0.050
  416  4.190  -29.05  1.00000  0.0500  0.050
  417  4.190  -29.00  1.00000  0.0500  0.050
  418  4.190  -28.95  1.00000  0.0500  0.050
  419  4.190  -28.90  1.00000  0.0500  0.050
  420  4.190  -28.85  1.00000  0.0500  0.050
  421  4.240  -32.30  1.00000  0.0500  0.050
  422  4.240  -32.25  1.00000  0.0500  0.050
  423  4.240  -32.20  1.00000  0.0500  0.050
  424  4.240  -32.15  1.00000  0.0500  0.050
  425  4.240  -32.10  1.00000  0.0500  0.050
  426  4.240  -32.05  1.00000  0.0500  0.050
  427  4.240  -32.00  1.00000  0.0500  0.050
  428  4.240  -31.95  1.00000  0.0500  0.050
  429  4.240  -31.90  1.00000  0.0500  0.050
  430  4.240  -31.85  1.00000  0.0500  0.050
  431  4.240  -31.80  1.00000  0.0500  0.050
  432  4.240  -31.75  1.00000  0.0500  0.050
  433  4.240  -31.70  1.00000  0.0500  0.050
  434  4.240  -31.65  1.00000  0.0500  0.050
  435  4.240  -31.60  1.00000  0.0500  0.050
  436  4.240  -31.55  1.00000  0.0500  0.050
  437  4.240  -31.50  1.00000  0.0500  0.050
  438  4.240  -31.45  1.00000  0.0500  0.050
  439  4.240  -31.40  1.00000  0.0500  0.050
  440  4.240  -31.35  1.00000  0.0500  0.050
  441  4.240  -31.30  1.00000  0.0500  0.050
  442  4.240  -31.25  1.00000  0.0500  0.050
  443  4.240  -31.20  1.00000  0.0500  0.050
  444  4.240  -31.15  1.00000  0.0500  0.050
  445  4.240  -31.10  1.00000  0.0500  0.050
  446  4.240  -31.05  1.00000  0.0500  0.050
  447  4.240  -31.00  1.00000  0.0500  0.050
  448  4.240  -30.95  1.00000  0.0500  0.050
  449  4.240  -30.90  1.00000  0.0500  0.050
  450  4.240  -30.85  1.00000  0.0500  0.050
  451  4.240  -30.80  1.00000  0.0500  0.050
  452  4.240  -30.75  1.00000  0.0500  0.050
  453  4.240  -30.70  1.00000  0.0500  0.050
  454  4.240  -30.65  1.00000  0.0500  0.050
  455  4.240  -30.60  1.00000  0.0500  0.050
  456  4.240  -30.55  1.00000  0.0500  0.050
  457  4.240  -30.50  1.00000  0.0500  0.050
  458  4.240  -30.45  1.00000  0.0500  0.050
  459  4.240  -30.40  1.00000  0.0500  0.050
  460  4.240  -30.35  1.00000  0.0500  0.050
  461  4.240  -30.30  1.00000  0.0500  0.050
  462  4.240  -30.25  1.00000  0.0500  0.050
  463  4.240  -30.20  1.00000  0.0500  0.050
  464  4.240  -30.15  1.00000  0.0500  0.050
  465  4.240  -30.10  1.00000  0.0500  0.050
  466  4.240  -30.05  1.00000  0.0500  0.050
  467  4.240  -30.00  1.00000  0.0500  0.050
  468  4.240  -29.95  1.00000  0.0500  0.050
  469  4.240  -29.90  1.00000  0.0500  0.050
  470  4.240  -29.85  1.00000  0.0500  0.050
  471  4.240  -29.80  1.00000  0.0500  0.050
  472  4.240  -29.75  1.00000  0.0500  0.050
  473  4.240  -29.70  1.00000  0.0500  0.050
  474  4.240  -29.65  1.00000  0.0500  0.050
  475  4.240  -29.60  1.00000  0.0500  0.050
  476  4.240  -29.55  1.00000  0.0500  0.050
  477  4.240  -29.50  1.00000  0.0500  0.050
  478  4.240  -29.45  1.00000  0.0500  0.050
  479  4.240  -29.40  1.00000  0.0500  0.050
  480  4.240  -29.35  1.00000  0.0500  0.050
  481  4.240  -29.30  1.00000  0.0500  0.050
  482  4.240  -29.25  1.00000  0.0500  0.050
  483  4.240  -29.20  1.00000  0.0500  0.050
  484  4.240  -29.15  1.00000  0.0500  0.050
  485  4.240  -29.10  1.00000  0.0500  0.050
  486  4.240  -29.05  1.00000  0.0500  0.050
  487  4.240  -29.00  1.00000  0.0500  0.050
  488  4.240  -28.95  1.00000  0.0500  0.050
  489  4.240  -28.90  1.00000  0.0500  0.050
  490  4.240  -28.85  1.00000  0.0500  0.050
  491  4.290  -32.30  1.00000  0.0500  0.050
  492  4.290  -32.25  1.00000  0.0500  0.050
  493  4.290  -32.20  1.00000  0.0500  0.050
  494  4.290  -32.15  1.00000  0.0500  0.050
  495  4.290  -32.10  1.00000  0.0500  0.050
  496  4.290  -32.05  1.00000  0.0500  0.050
  497  4.290  -32.00  1.00000  0.0500  0.050
  498  4.290  -31.95  1.00000  0.0500  0.050
  499  4.290  -31.90  1.00000  0.0500  0.050
  500  4.290  -31.85  1.00000  0.0500  0.050
  501  4.290  -31.80  1.00000  0.0500  0.050
  502  4.290  -31.75  1.00000  0.0500  0.050
  503  4.290  -31.70  1.00000  0.0500  0.050
  504  4.290  -31.65  1.00000  0.0500  0.050
  505  4.290  -31.60  1.00000  0.0500  0.050
  506  4.290  -31.55  1.00000  0.0500  0.050
  507  4.290  -31.50  1.00000  0.0500  0.050
  508  4.290  -31.45  1.00000  0.0500  0.050
  509  4.290  -31.40  1.00000  0.0500  0.050
  510  4.290  -31.35  1.00000  0.0500  0.050
  511  4.290  -31.30  1.00000  0.0500  0.050
  512  4.290  -31.25  1.00000  0.0500  0.050
  513  4.290  -31.20  1.00000  0.0500  0.050
  514  4.290  -31.15  1.00000  0.0500  0.050
  515  4.290  -31.10  1.00000  0.0500  0.050
  516  4.290  -31.05  1.00000  0.0500  0.050
  517  4.290  -31.00  1.00000  0.0500  0.050
  518  4.290  -30.95  1.00000  0.0500  0.050
  519  4.290  -30.90  1.00000  0.0500  0.050
  520  4.290  -30.85  1.00000  0.0500  0.050
  521  4.290  -30.80  1.00000  0.0500  0.050
  522  4.290  -30.75  1.00000  0.0500  0.050
  523  4.290  -30.70  1.00000  0.0500  0.050
  524  4.290  -30.65  1.00000  0.0500  0.050
  525  4.290  -30.60  1.00000  0.0500  0.050
  526  4.290  -30.55  1.00000  0.0500  0.050
  527  4.290  -30.50  1.00000  0.0500  0.050
  528  4.290  -30.45  1.00000  0.0500  0.050
  529  4.290  -30.40  1.00000  0.0500  0.050
  530  4.290  -30.35  1.00000  0.0500  0.050
  531  4.290  -30.30  1.00000  0.0500  0.050
  532  4.290  -30.25  1.00000  0.0500  0.050
  533  4.290  -30.20  1.00000  0.0500  0.050
  534  4.290  -30.15  1.00000  0.0500  0.050
  535  4.290  -30.10  1.00000  0.0500  0.050
  536  4.290  -30.05  1.00000  0.0500  0.050
  537  4.290  -30.00  1.00000  0.0500  0.050
  538  4.290  -29.95  1.00000  0.0500  0.050
  539  4.290  -29.90  1.00000  0.0500  0.050
  540  4.290  -29.85  1.00000  0.0500  0.050
  541  4.290  -29.80  1.00000  0.0500  0.050
  542  4.290  -29.75  1.00000  0.0500  0.050
  543  4.290  -29.70  1.00000  0.0500  0.050
  544  4.290  -29.65  1.00000  0.0500  0.050
  545  4.290  -29.60  1.00000  0.0500  0.050
  546  4.290  -29.55  1.00000  0.0500  0.050
  547  4.290  -29.50  1.00000  0.0500  0.050
  548  4.290  -29.45  1.00000  0.0500  0.050
  549  4.290  -29.40  1.00000  0.0500  0.050
  550  4.290  -29.35  1.00000  0.0500  0.050
  551  4.290  -29.30  1.00000  0.0500  0.050
  552  4.290  -29.25  1.00000  0.0500  0.050
  553  4.290  -29.20  1.00000  0.0500  0.050
  554  4.290  -29.15  1.00000  0.0500  0.050
  555  4.290  -29.10  1.00000  0.0500  0.050
  556  4.290  -29.05  1.00000  0.0500  0.050
  557  4.290  -29.00  1.00000  0.0500  0.050
  558  4.290  -28.95  1.00000  0.0500  0.050
  559  4.290  -28.90  1.00000  0.0500  0.050
  560  4.290  -28.85  1.00000  0.0500  0.050
  561  4.340  -32.30  1.00000  0.0500  0.050
  562  4.340  -32.25  1.00000  0.0500  0.050
  563  4.340  -32.20  1.00000  0.0500  0.050
  564  4.340  -32.15  1.00000  0.0500  0.050
  565  4.340  -32.10  1.00000  0.0500  0.050
  566  4.340  -32.05  1.00000  0.0500  0.050
  567  4.340  -32.00  1.00000  0.0500  0.050
  568  4.340  -31.95  1.00000  0.0500  0.050
  569  4.340  -31.90  1.00000  0.0500  0.050
  570  4.340  -31.85  1.00000  0.0500  0.050
  571  4.340  -31.80  1.00000  0.0500  0.050
  572  4.340  -31.75  1.00000  0.0500  0.050
  573  4.340  -31.70  1.00000  0.0500  0.050
  574  4.340  -31.65  1.00000  0.0500  0.050
  575  4.340  -31.60  1.00000  0.0500  0.050
  576  4.340  -31.55  1.00000  0.0500  0.050
  577  4.340  -31.50  1.00000  0.0500  0.050
  578  4.340  -31.45  1.00000  0.0500  0.050
  579  4.340  -31.40  1.00000  0.0500  0.050
  580  4.340  -31.35  1.00000  0.0500  0.050
  581  4.340  -31.30  1.00000  0.0500  0.050
  582  4.340  -31.25  1.00000  0.0500  0.050
  583  4.340  -31.20  1.00000  0.0500  0.050
  584  4.340  -31.15  1.00000  0.0500  0.050
  585  4.340  -31.10  1.00000  0.0500  0.050
  586  4.340  -31.05  1.00000  0.0500  0.050
  587  4.340  -31.00  1.00000  0.0500  0.050
  588  4.340  -30.95  1.00000  0.0500  0.050
  589  4.340  -30.90  1.00000  0.0500  0.050
  590  4.340  -30.85  1.00000  0.0500  0.050
  591  4.340  -30.80  1.00000  0.0500  0.050
  592  4.340  -30.75  1.00000  0.0500  0.050
  593  4.340  -30.70  1.00000  0.0500  0.050
  594  4.340  -30.65  1.00000  0.0500  0.050
  595  4.340  -30.60  1.00000  0.0500  0.050
  596  4.340  -30.55  1.00000  0.0500  0.050
  597  4.340  -30.50  1.00000  0.0500  0.050
  598  4.340  -30.45  1.00000  0.0500  0.050
  599  4.340  -30.40  1.00000  0.0500  0.050
  600  4.340  -30.35  1.00000  0.0500  0.050
  601  4.340  -30.30  1.00000  0.0500  0.050
  602  4.340  -30.25  1.00000  0.0500  0.050
  603  4.340  -30.20  1.00000  0.0500  0.050
  604  4.340  -30.15  1.00000  0.0500  0.050
  605  4.340  -30.10  1.00000  0.0500  0.050
  606  4.340  -30.05  1.00000  0.0500  0.050
  607  4.340  -30.00  1.00000  0.0500  0.050
  608  4.340  -29.95  1.00000  0.0500  0.050
  609  4.340  -29.90  1.00000  0.0500  0.050
  610  4.340  -29.85  1.00000  0.0500  0.050
  611  4.340  -29.80  1.00000  0.0500  0.050
  612  4.340  -29.75  1.00000  0.0500  0.050
  613  4.340  -29.70  1.00000  0.0500  0.050
  614  4.340  -29.65  1.00000  0.0500  0.050
  615  4.340  -29.60  1.00000  0.0500  0.050
  616  4.340  -29.55  1.00000  0.0500  0.050
  617  4.340  -29.50  1.00000  0.0500  0.050
  618  4.340  -29.45  1.00000  0.0500  0.050
  619  4.340  -29.40  1.00000  0.0500  0.050
  620  4.340  -29.35  1.00000  0.0500  0.050
  621  4.340  -29.30  1.00000  0.0500  0.050
  622  4.340  -29.25  1.00000  0.0500  0.050
  623  4.340  -29.20  1.00000  0.0500  0.050
  624  4.340  -29.15  1.00000  0.0500  0.050
  625  4.340  -29.10  1.00000  0.0500  0.050
  626  4.340  -29.05  1.00000  0.0500  0.050
  627  4.340  -29.00  1.00000  0.0500  0.050
  628  4.340  -28.95  1.00000  0.0500  0.050
  629  4.340  -28.90  1.00000  0.0500  0.050
  630  4.340  -28.85  1.00000  0.0500  0.050
  631  4.390  -32.30  1.00000  0.0500  0.050
  632  4.390  -32.25  1.00000  0.0500  0.050
  633  4.390  -32.20  1.00000  0.0500  0.050
  634  4.390  -32.15  1.00000  0.0500  0.050
  635  4.390  -32.10  1.00000  0.0500  0.050
  636  4.390  -32.05  1.00000  0.0500  0.050
  637  4.390  -32.00  1.00000  0.0500  0.050
  638  4.390  -31.95  1.00000  0.0500  0.050
  639  4.390  -31.90  1.00000  0.0500  0.050
  640  4.390  -31.85  1.00000  0.0500  0.050
  641  4.390  -31.80  1.00000  0.0500  0.050
  642  4.390  -31.75  1.00000  0.0500  0.050
  643  4.390  -31.70  1.00000  0.0500  0.050
  644  4.390  -31.65  1.00000  0.0500  0.050
  645  4.390  -31.60  1.00000  0.0500  0.050
  646  4.390  -31.55  1.00000  0.0500  0.050
  647  4.390  -31.50  1.00000  0.0500  0.050
  648  4.390  -31.45  1.00000  0.0500  0.050
  649  4.390  -31.40  1.00000  0.0500  0.050
  650  4.390  -31.35  1.00000  0.0500  0.050
  651  4.390  -31.30  1.00000  0.0500  0.050
  652  4.390  -31.25  1.00000  0.0500  0.050
  653  4.390  -31.20  1.00000  0.0500  0.050
  654  4.390  -31.15  1.00000  0.0500  0.050
  655  4.390  -31.10  1.00000  0.0500  0.050
  656  4.390  -31.05  1.00000  0.0500  0.050
  657  4.390  -31.00  1.00000  0.0500  0.050
  658  4.390  -30.95  1.00000  0.0500  0.050
  659  4.390  -30.90  1.00000  0.0500  0.050
  660  4.390  -30.85  1.00000  0.0500  0.050
  661  4.390  -30.80  1.00000  0.0500  0.050
  662  4.390  -30.75  1.00000  0.0500  0.050
  663  4.390  -30.70  1.00000  0.0500  0.050
  664  4.390  -30.65  1.00000  0.0500  0.050
  665  4.390  -30.60  1.00000  0.0500  0.050
  666  4.390  -30.55  1.00000  0.0500  0.050
  667  4.390  -30.50  1.00000  0.0500  0.050
  668  4.390  -30.45  1.00000  0.0500  0.050
  669  4.390  -30.40  1.00000  0.0500  0.050
  670  4.390  -30.35  1.00000  0.0500  0.050
  671  4.390  -30.30  1.00000  0.0500  0.050
  672  4.390  -30.25  1.00000  0.0500  0.050
  673  4.390  -30.20  1.00000  0.0500  0.050
  674  4.390  -30.15  1.00000  0.0500  0.050
  675  4.390  -30.10  1.00000  0.0500  0.050
  676  4.390  -30.05  1.00000  0.0500  0.050
  677  4.390  -30.00  1.00000  0.0500  0.050
  678  4.390  -29.95  1.00000  0.0500  0.050
  679  4.390  -29.90  1.00000  0.0500  0.050
  680  4.390  -29.85  1.00000  0.0500  0.050
  681  4.390  -29.80  1.00000  0.0500  0.050
  682  4.390  -29.75  1.00000  0.0500  0.050
  683  4.390  -29.70  1.00000  0.0500  0.050
  684  4.390  -29.65  1.00000  0.0500  0.050
  685  4.390  -29.60  1.00000  0.0500  0.050
  686  4.390  -29.55  1.00000  0.0500  0.050
  687  4.390  -29.50  1.00000  0.0500  0.050
  688  4.390  -29.45  1.00000  0.0500  0.050
  689  4.390  -29.40  1.00000  0.0500  0.050
  690  4.390  -29.35  1.00000  0.0500  0.050
  691  4.390  -29.30  1.00000  0.0500  0.050
  692  4.390  -29.25  1.00000  0.0500  0.050
  693  4.390  -29.20  1.00000  0.0500  0.050
  694  4.390  -29.15  1.00000  0.0500  0.050
  695  4.390  -29.10  1.00000  0.0500  0.050
  696  4.390  -29.05  1.00000  0.0500  0.050
  697  4.390  -29.00  1.00000  0.0500  0.050
  698  4.390  -28.95  1.00000  0.0500  0.050
  699  4.390  -28.90  1.00000  0.0500  0.050
  700  4.390  -28.85  1.00000  0.0500  0.050
  701  4.440  -32.30  1.00000  0.0500  0.050
  702  4.440  -32.25  1.00000  0.0500  0.050
  703  4.440  -32.20  1.00000  0.0500  0.050
  704  4.440  -32.15  1.00000  0.0500  0.050
  705  4.440  -32.10  1.00000  0.0500  0.050
  706  4.440  -32.05  1.00000  0.0500  0.050
  707  4.440  -32.00  1.00000  0.0500  0.050
  708  4.440  -31.95  1.00000  0.0500  0.050
  709  4.440  -31.90  1.00000  0.0500  0.050
  710  4.440  -31.85  1.00000  0.0500  0.050
  711  4.440  -31.80  1.00000  0.0500  0.050
  712  4.440  -31.75  1.00000  0.0500  0.050
  713  4.440  -31.70  1.00000  0.0500  0.050
  714  4.440  -31.65  1.00000  0.0500  0.050
  715  4.440  -31.60  1.00000  0.0500  0.050
  716  4.440  -31.55  1.00000  0.0500  0.050
  717  4.440  -31.50  1.00000  0.0500  0.050
  718  4.440  -31.45  1.00000  0.0500  0.050
  719  4.440  -31.40  1.00000  0.0500  0.050
  720  4.440  -31.35  1.00000  0.0500  0.050
  721  4.440  -31.30  1.00000  0.0500  0.050
  722  4.440  -31.25  1.00000  0.0500  0.050
  723  4.440  -31.20  1.00000  0.0500  0.050
  724  4.440  -31.15  1.00000  0.0500  0.050
  725  4.440  -31.10  1.00000  0.0500  0.050
  726  4.440  -31.05  1.00000  0.0500  0.050
  727  4.440  -31.00  1.00000  0.0500  0.050
  728  4.440  -30.95  1.00000  0.0500  0.050
  729  4.440  -30.90  1.00000  0.0500  0.050
  730  4.440  -30.85  1.00000  0.0500  0.050
  731  4.440  -30.80  1.00000  0.0500  0.050
  732  4.440  -30.75  1.00000  0.0500  0.050
  733  4.440  -30.70  1.00000  0.0500  0.050
  734  4.440  -30.65  1.00000  0.0500  0.050
  735  4.440  -30.60  1.00000  0.0500  0.050
  736  4.440  -30.55  1.00000  0.0500  0.050
  737  4.440  -30.50  1.00000  0.0500  0.050
  738  4.440  -30.45  1.00000  0.0500  0.050
  739  4.440  -30.40  1.00000  0.0500  0.050
  740  4.440  -30.35  1.00000  0.0500  0.050
  741  4.440  -30.30  1.00000  0.0500  0.050
  742  4.440  -30.25  1.00000  0.0500  0.050
  743  4.440  -30.20  1.00000  0.0500  0.050
  744  4.440  -30.15  1.00000  0.0500  0.050
  745  4.440  -30.10  1.00000  0.0500  0.050
  746  4.440  -30.05  1.00000  0.0500  0.050
  747  4.440  -30.00  1.00000  0.0500  0.050
  748  4.440  -29.95  1.00000  0.0500  0.050
  749  4.440  -29.90  1.00000  0.0500  0.050
  750  4.440  -29.85  1.00000  0.0500  0.050
  751  4.440  -29.80  1.00000  0.0500  0.050
  752  4.440  -29.75  1.00000  0.0500  0.050
  753  4.440  -29.70  1.00000  0.0500  0.050
  754  4.440  -29.65  1.00000  0.0500  0.050
  755  4.440  -29.60  1.00000  0.0500  0.050
  756  4.440  -29.55  1.00000  0.0500  0.050
  757  4.440  -29.50  1.00000  0.0500  0.050
  758  4.440  -29.45  1.00000  0.0500  0.050
  759  4.440  -29.40  1.00000  0.0500  0.050
  760  4.440  -29.35  1.00000  0.0500  0.050
  761  4.440  -29.30  1.00000  0.0500  0.050
  762  4.440  -29.25  1.00000  0.0500  0.050
  763  4.440  -29.20  1.00000  0.0500  0.050
  764  4.440  -29.15  1.00000  0.0500  0.050
  765  4.440  -29.10  1.00000  0.0500  0.050
  766  4.440  -29.05  1.00000  0.0500  0.050
  767  4.440  -29.00  1.00000  0.0500  0.050
  768  4.440  -28.95  1.00000  0.0500  0.050
  769  4.440  -28.90  1.00000  0.0500  0.050
  770  4.440  -28.85  1.00000  0.0500  0.050
  771  4.490  -32.30  1.00000  0.0500  0.050
  772  4.490  -32.25  1.00000  0.0500  0.050
  773  4.490  -32.20  1.00000  0.0500  0.050
  774  4.490  -32.15  1.00000  0.0500  0.050
  775  4.490  -32.10  1.00000  0.0500  0.050
  776  4.490  -32.05  1.00000  0.0500  0.050
  777  4.490  -32.00  1.00000  0.0500  0.050
  778  4.490  -31.95  1.00000  0.0500  0.050
  779  4.490  -31.90  1.00000  0.0500  0.050
  780  4.490  -31.85  1.00000  0.0500  0.050
  781  4.490  -31.80  1.00000  0.0500  0.050
  782  4.490  -31.75  1.00000  0.0500  0.050
  783  4.490  -31.70  1.00000  0.0500  0.050
  784  4.490  -31.65  1.00000  0.0500  0.050
  785  4.490  -31.60  1.00000  0.0500  0.050
  786  4.490  -31.55  1.00000  0.0500  0.050
  787  4.490  -31.50  1.00000  0.0500  0.050
  788  4.490  -31.45  1.00000  0.0500  0.050
  789  4.490  -31.40  1.00000  0.0500  0.050
  790  4.490  -31.35  1.00000  0.0500  0.050
  791  4.490  -31.30  1.00000  0.0500  0.050
  792  4.490  -31.25  1.00000  0.0500  0.050
  793  4.490  -31.20  1.00000  0.0500  0.050
  794  4.490  -31.15  1.00000  0.0500  0.050
  795  4.490  -31.10  1.00000  0.0500  0.050
  796  4.490  -31.05  1.00000  0.0500  0.050
  797  4.490  -31.00  1.00000  0.0500  0.050
  798  4.490  -30.95  1.00000  0.0500  0.050
  799  4.490  -30.90  1.00000  0.0500  0.050
  800  4.490  -30.85  1.00000  0.0500  0.050
  801  4.490  -30.80  1.00000  0.0500  0.050
  802  4.490  -30.75  1.00000  0.0500  0.050
  803  4.490  -30.70  1.00000  0.0500  0.050
  804  4.490  -30.65  1.00000  0.0500  0.050
  805  4.490  -30.60  1.00000  0.0500  0.050
  806  4.490  -30.55  1.00000  0.0500  0.050
  807  4.490  -30.50  1.00000  0.0500  0.050
  808  4.490  -30.45  1.00000  0.0500  0.050
  809  4.490  -30.40  1.00000  0.0500  0.050
  810  4.490  -30.35  1.00000  0.0500  0.050
  811  4.490  -30.30  1.00000  0.0500  0.050
  812  4.490  -30.25  1.00000  0.0500  0.050
  813  4.490  -30.20  1.00000  0.0500  0.050
  814  4.490  -30.15  1.00000  0.0500  0.050
  815  4.490  -30.10  1.00000  0.0500  0.050
  816  4.490  -30.05  1.00000  0.0500  0.050
  817  4.490  -30.00  1.00000  0.0500  0.050
  818  4.490  -29.95  1.00000  0.0500  0.050
  819  4.490  -29.90  1.00000  0.0500  0.050
  820  4.490  -29.85  1.00000  0.0500  0.050
  821  4.490  -29.80  1.00000  0.0500  0.050
  822  4.490  -29.75  1.00000  0.0500  0.050
  823  4.490  -29.70  1.00000  0.0500  0.050
  824  4.490  -29.65  1.00000  0.0500  0.050
  825  4.490  -29.60  1.00000  0.0500  0.050
  826  4.490  -29.55  1.00000  0.0500  0.050
  827  4.490  -29.50  1.00000  0.0500  0.050
  828  4.490  -29.45  1.00000  0.0500  0.050
  829  4.490  -29.40  1.00000  0.0500  0.050
  830  4.490  -29.35  1.00000  0.0500  0.050
  831  4.490  -29.30  1.00000  0.0500  0.050
  832  4.490  -29.25  1.00000  0.0500  0.050
  833  4.490  -29.20  1.00000  0.0500  0.050
  834  4.490  -29.15  1.00000  0.0500  0.050
  835  4.490  -29.10  1.00000  0.0500  0.050
  836  4.490  -29.05  1.00000  0.0500  0.050
  837  4.490  -29.00  1.00000  0.0500  0.050
  838  4.490  -28.95  1.00000  0.0500  0.050
  839  4.490  -28.90  1.00000  0.0500  0.050
  840  4.490  -28.85  1.00000  0.0500  0.050
  841  4.540  -32.30  1.00000  0.0500  0.050
  842  4.540  -32.25  1.00000  0.0500  0.050
  843  4.540  -32.20  1.00000  0.0500  0.050
  844  4.540  -32.15  1.00000  0.0500  0.050
  845  4.540  -32.10  1.00000  0.0500  0.050
  846  4.540  -32.05  1.00000  0.0500  0.050
  847  4.540  -32.00  1.00000  0.0500  0.050
  848  4.540  -31.95  1.00000  0.0500  0.050
  849  4.540  -31.90  1.00000  0.0500  0.050
  850  4.540  -31.85  1.00000  0.0500  0.050
  851  4.540  -31.80  1.00000  0.0500  0.050
  852  4.540  -31.75  1.00000  0.0500  0.050
  853  4.540  -31.70  1.00000  0.0500  0.050
  854  4.540  -31.65  1.00000  0.0500  0.050
  855  4.540  -31.60  1.00000  0.0500  0.050
  856  4.540  -31.55  1.00000  0.0500  0.050
  857  4.540  -31.50  1.00000  0.0500  0.050
  858  4.540  -31.45  1.00000  0.0500  0.050
  859  4.540  -31.40  1.00000  0.0500  0.050
  860  4.540  -31.35  1.00000  0.0500  0.050
  861  4.540  -31.30  1.00000  0.0500  0.050
  862  4.540  -31.25  1.00000  0.0500  0.050
  863  4.540  -31.20  1.00000  0.0500  0.050
  864  4.540  -31.15  1.00000  0.0500  0.050
  865  4.540  -31.10  1.00000  0.0500  0.050
  866  4.540  -31.05  1.00000  0.0500  0.050
  867  4.540  -31.00  1.00000  0.0500  0.050
  868  4.540  -30.95  1.00000  0.0500  0.050
  869  4.540  -30.90  1.00000  0.0500  0.050
  870  4.540  -30.85  1.00000  0.0500  0.050
  871  4.540  -30.80  1.00000  0.0500  0.050
  872  4.540  -30.75  1.00000  0.0500  0.050
  873  4.540  -30.70  1.00000  0.0500  0.050
  874  4.540  -30.65  1.00000  0.0500  0.050
  875  4.540  -30.60  1.00000  0.0500  0.050
  876  4.540  -30.55  1.00000  0.0500  0.050
  877  4.540  -30.50  1.00000  0.0500  0.050
  878  4.540  -30.45  1.00000  0.0500  0.050
  879  4.540  -30.40  1.00000  0.0500  0.050
  880  4.540  -30.35  1.00000  0.0500  0.050
  881  4.540  -30.30  1.00000  0.0500  0.050
  882  4.540  -30.25  1.00000  0.0500  0.050
  883  4.540  -30.20  1.00000  0.0500  0.050
  884  4.540  -30.15  1.00000  0.0500  0.050
  885  4.540  -30.10  1.00000  0.0500  0.050
  886  4.540  -30.05  1.00000  0.0500  0.050
  887  4.540  -30.00  1.00000  0.0500  0.050
  888  4.540  -29.95  1.00000  0.0500  0.050
  889  4.540  -29.90  1.00000  0.0500  0.050
  890  4.540  -29.85  1.00000  0.0500  0.050
  891  4.540  -29.80  1.00000  0.0500  0.050
  892  4.540  -29.75  1.00000  0.0500  0.050
  893  4.540  -29.70  1.00000  0.0500  0.050
  894  4.540  -29.65  1.00000  0.0500  0.050
  895  4.540  -29.60  1.00000  0.0500  0.050
  896  4.540  -29.55  1.00000  0.0500  0.050
  897  4.540  -29.50  1.00000  0.0500  0.050
  898  4.540  -29.45  1.00000  0.0500  0.050
  899  4.540  -29.40  1.00000  0.0500  0.050
  900  4.540  -29.35  1.00000  0.0500  0.050
  901  4.540  -29.30  1.00000  0.0500  0.050
  902  4.540  -29.25  1.00000  0.0500  0.050
  903  4.540  -29.20  1.00000  0.0500  0.050
  904  4.540  -29.15  1.00000  0.0500  0.050
  905  4.540  -29.10  1.00000  0.0500  0.050
  906  4.540  -29.05  1.00000  0.0500  0.050
  907  4.540  -29.00  1.00000  0.0500  0.050
  908  4.540  -28.95  1.00000  0.0500  0.050
  909  4.540  -28.90  1.00000  0.0500  0.050
  910  4.540  -28.85  1.00000  0.0500  0.050
  911  4.590  -32.30  1.00000  0.0500  0.050
  912  4.590  -32.25  1.00000  0.0500  0.050
  913  4.590  -32.20  1.00000  0.0500  0.050
  914  4.590  -32.15  1.00000  0.0500  0.050
  915  4.590  -32.10  1.00000  0.0500  0.050
  916  4.590  -32.05  1.00000  0.0500  0.050
  917  4.590  -32.00  1.00000  0.0500  0.050
  918  4.590  -31.95  1.00000  0.0500  0.050
  919  4.590  -31.90  1.00000  0.0500  0.050
  920  4.590  -31.85  1.00000  0.0500  0.050
  921  4.590  -31.80  1.00000  0.0500  0.050
  922  4.590  -31.75  1.00000  0.0500  0.050
  923  4.590  -31.70  1.00000  0.0500  0.050
  924  4.590  -31.65  1.00000  0.0500  0.050
  925  4.590  -31.60  1.00000  0.0500  0.050
  926  4.590  -31.55  1.00000  0.0500  0.050
  927  4.590  -31.50  1.00000  0.0500  0.050
  928  4.590  -31.45  1.00000  0.0500  0.050
  929  4.590  -31.40  1.00000  0.0500  0.050
  930  4.590  -31.35  1.00000  0.0500  0.050
  931  4.590  -31.30  1.00000  0.0500  0.050
  932  4.590  -31.25  1.00000  0.0500  0.050
  933  4.590  -31.20  1.00000  0.0500  0.050
  934  4.590  -31.15  1.00000  0.0500  0.050
  935  4.590  -31.10  1.00000  0.0500  0.050
  936  4.590  -31.05  1.00000  0.0500  0.050
  937  4.590  -31.00  1.00000  0.0500  0.050
  938  4.590  -30.95  1.00000  0.0500  0.050
  939  4.590  -30.90  1.00000  0.0500  0.050
  940  4.590  -30.85  1.00000  0.0500  0.050
  941  4.590  -30.80  1.00000  0.0500  0.050
  942  4.590  -30.75  1.00000  0.0500  0.050
  943  4.590  -30.70  1.00000  0.0500  0.050
  944  4.590  -30.65  1.00000  0.0500  0.050
  945  4.590  -30.60  1.00000  0.0500  0.050
  946  4.590  -30.55  1.00000  0.0500  0.050
  947  4.590  -30.50  1.00000  0.0500  0.050
  948  4.590  -30.45  1.00000  0.0500  0.050
  949  4.590  -30.40  1.00000  0.0500  0.050
  950  4.590  -30.35  1.00000  0.0500  0.050
  951  4.590  -30.30  1.00000  0.0500  0.050
  952  4.590  -30.25  1.00000  0.0500  0.050
  953  4.590  -30.20  1.00000  0.0500  0.050
  954  4.590  -30.15  1.00000  0.0500  0.050
  955  4.590  -30.10  1.00000  0.0500  0.050
  956  4.590  -30.05  1.00000  0.0500  0.050
  957  4.590  -30.00  1.00000  0.0500  0.050
  958  4.590  -29.95  1.00000  0.0500  0.050
  959  4.590  -29.90  1.00000  0.0500  0.050
  960  4.590  -29.85  1.00000  0.0500  0.050
  961  4.590  -29.80  1.00000  0.0500  0.050
  962  4.590  -29.75  1.00000  0.0500  0.050
  963  4.590  -29.70  1.00000  0.0500  0.050
  964  4.590  -29.65  1.00000  0.0500  0.050
  965  4.590  -29.60  1.00000  0.0500  0.050
  966  4.590  -29.55  1.00000  0.0500  0.050
  967  4.590  -29.50  1.00000  0.0500  0.050
  968  4.590  -29.45  1.00000  0.0500  0.050
  969  4.590  -29.40  1.00000  0.0500  0.050
  970  4.590  -29.35  1.00000  0.0500  0.050
  971  4.590  -29.30  1.00000  0.0500  0.050
  972  4.590  -29.25  1.00000  0.0500  0.050
  973  4.590  -29.20  1.00000  0.0500  0.050
  974  4.590  -29.15  1.00000  0.0500  0.050
  975  4.590  -29.10  1.00000  0.0500  0.050
  976  4.590  -29.05  1.00000  0.0500  0.050
  977  4.590  -29.00  1.00000  0.0500  0.050
  978  4.590  -28.95  1.00000  0.0500  0.050
  979  4.590  -28.90  1.00000  0.0500  0.050
  980  4.590  -28.85  1.00000  0.0500  0.050
  981  4.640  -32.30  1.00000  0.0500  0.050
  982  4.640  -32.25  1.00000  0.0500  0.050
  983  4.640  -32.20  1.00000  0.0500  0.050
  984  4.640  -32.15  1.00000  0.0500  0.050
  985  4.640  -32.10  1.00000  0.0500  0.050
  986  4.640  -32.05  1.00000  0.0500  0.050
  987  4.640  -32.00  1.00000  0.0500  0.050
  988  4.640  -31.95  1.00000  0.0500  0.050
  989  4.640  -31.90  1.00000  0.0500  0.050
  990  4.640  -31.85  1.00000  0.0500  0.050
  991  4.640  -31.80  1.00000  0.0500  0.050
  992  4.640  -31.75  1.00000  0.0500  0.050
  993  4.640  -31.70  1.00000  0.0500  0.050
  994  4.640  -31.65  1.00000  0.0500  0.050
  995  4.640  -31.60  1.00000  0.0500  0.050
  996  4.640  -31.55  1.00000  0.0500  0.050
  997  4.640  -31.50  1.00000  0.0500  0.050
  998  4.640  -31.45  1.00000  0.0500  0.050
  999  4.640  -31.40  1.00000  0.0500  0.050
 1000  4.640  -31.35  1.00000  0.0500  0.050
 1001  4.640  -31.30  1.00000  0.0500  0.050
 1002  4.640  -31.25  1.00000  0.0500  0.050
 1003  4.640  -31.20  1.00000  0.0500  0.050
 1004  4.640  -31.15  1.00000  0.0500  0.050
 1005  4.640  -31.10  1.00000  0.0500  0.050
 1006  4.640  -31.05  1.00000  0.0500  0.050
 1007  4.640  -31.00  1.00000  0.0500  0.050
 1008  4.640  -30.95  1.00000  0.0500  0.050
 1009  4.640  -30.90  1.00000  0.0500  0.050
 1010  4.640  -30.85  1.00000  0.0500  0.050
 1011  4.640  -30.80  1.00000  0.0500  0.050
 1012  4.640  -30.75  1.00000  0.0500  0.050
 1013  4.640  -30.70  1.00000  0.0500  0.050
 1014  4.640  -30.65  1.00000  0.0500  0.050
 1015  4.640  -30.60  1.00000  0.0500  0.050
 1016  4.640  -30.55  1.00000  0.0500  0.050
 1017  4.640  -30.50  1.00000  0.0500  0.050
 1018  4.640  -30.45  1.00000  0.0500  0.050
 1019  4.640  -30.40  1.00000  0.0500  0.050
 1020  4.640  -30.35  1.00000  0.0500  0.050
 1021  4.640  -30.30  1.00000  0.0500  0.050
 1022  4.640  -30.25  1.00000  0.0500  0.050
 1023  4.640  -30.20  1.00000  0.0500  0.050
 1024  4.640  -30.15  1.00000  0.0500  0.050
 1025  4.640  -30.10  1.00000  0.0500  0.050
 1026  4.640  -30.05  1.00000  0.0500  0.050
 1027  4.640  -30.00  1.00000  0.0500  0.050
 1028  4.640  -29.95  1.00000  0.0500  0.050
 1029  4.640  -29.90  1.00000  0.0500  0.050
 1030  4.640  -29.85  1.00000  0.0500  0.050
 1031  4.640  -29.80  1.00000  0.0500  0.050
 1032  4.640  -29.75  1.00000  0.0500  0.050
 1033  4.640  -29.70  1.00000  0.0500  0.050
 1034  4.640  -29.65  1.00000  0.0500  0.050
 1035  4.640  -29.60  1.00000  0.0500  0.050
 1036  4.640  -29.55  1.00000  0.0500  0.050
 1037  4.640  -29.50  1.00000  0.0500  0.050
 1038  4.640  -29.45  1.00000  0.0500  0.050
 1039  4.640  -29.40  1.00000  0.0500  0.050
 1040  4.640  -29.35  1.00000  0.0500  0.050
 1041  4.640  -29.30  1.00000  0.0500  0.050
 1042  4.640  -29.25  1.00000  0.0500  0.050
 1043  4.640  -29.20  1.00000  0.0500  0.050
 1044  4.640  -29.15  1.00000  0.0500  0.050
 1045  4.640  -29.10  1.00000  0.0500  0.050
 1046  4.640  -29.05  1.00000  0.0500  0.050
 1047  4.640  -29.00  1.00000  0.0500  0.050
 1048  4.640  -28.95  1.00000  0.0500  0.050
 1049  4.640  -28.90  1.00000  0.0500  0.050
 1050  4.640  -28.85  1.00000  0.0500  0.050
 1051  4.690  -32.30  1.00000  0.0500  0.050
 1052  4.690  -32.25  1.00000  0.0500  0.050
 1053  4.690  -32.20  1.00000  0.0500  0.050
 1054  4.690  -32.15  1.00000  0.0500  0.050
 1055  4.690  -32.10  1.00000  0.0500  0.050
 1056  4.690  -32.05  1.00000  0.0500  0.050
 1057  4.690  -32.00  1.00000  0.0500  0.050
 1058  4.690  -31.95  1.00000  0.0500  0.050
 1059  4.690  -31.90  1.00000  0.0500  0.050
 1060  4.690  -31.85  1.00000  0.0500  0.050
 1061  4.690  -31.80  1.00000  0.0500  0.050
 1062  4.690  -31.75  1.00000  0.0500  0.050
 1063  4.690  -31.70  1.00000  0.0500  0.050
 1064  4.690  -31.65  1.00000  0.0500  0.050
 1065  4.690  -31.60  1.00000  0.0500  0.050
 1066  4.690  -31.55  1.00000  0.0500  0.050
 1067  4.690  -31.50  1.00000  0.0500  0.050
 1068  4.690  -31.45  1.00000  0.0500  0.050
 1069  4.690  -31.40  1.00000  0.0500  0.050
 1070  4.690  -31.35  1.00000  0.0500  0.050
 1071  4.690  -31.30  1.00000  0.0500  0.050
 1072  4.690  -31.25  1.00000  0.0500  0.050
 1073  4.690  -31.20  1.00000  0.0500  0.050
 1074  4.690  -31.15  1.00000  0.0500  0.050
 1075  4.690  -31.10  1.00000  0.0500  0.050
 1076  4.690  -31.05  1.00000  0.0500  0.050
 1077  4.690  -31.00  1.00000  0.0500  0.050
 1078  4.690  -30.95  1.00000  0.0500  0.050
 1079  4.690  -30.90  1.00000  0.0500  0.050
 1080  4.690  -30.85  1.00000  0.0500  0.050
 1081  4.690  -30.80  1.00000  0.0500  0.050
 1082  4.690  -30.75  1.00000  0.0500  0.050
 1083  4.690  -30.70  1.00000  0.0500  0.050
 1084  4.690  -30.65  1.00000  0.0500  0.050
 1085  4.690  -30.60  1.00000  0.0500  0.050
 1086  4.690  -30.55  1.00000  0.0500  0.050
 1087  4.690  -30.50  1.00000  0.0500  0.050
 1088  4.690  -30.45  1.00000  0.0500  0.050
 1089  4.690  -30.40  1.00000  0.0500  0.050
 1090  4.690  -30.35  1.00000  0.0500  0.050
 1091  4.690  -30.30  1.00000  0.0500  0.050
 1092  4.690  -30.25  1.00000  0.0500  0.050
 1093  4.690  -30.20  1.00000  0.0500  0.050
 1094  4.690  -30.15  1.00000  0.0500  0.050
 1095  4.690  -30.10  1.00000  0.0500  0.050
 1096  4.690  -30.05  1.00000  0.0500  0.050
 1097  4.690  -30.00  1.00000  0.0500  0.050
 1098  4.690  -29.95  1.00000  0.0500  0.050
 1099  4.690  -29.90  1.00000  0.0500  0.050
 1100  4.690  -29.85  1.00000  0.0500  0.050
 1101  4.690  -29.80  1.00000  0.0500  0.050
 1102  4.690  -29.75  1.00000  0.0500  0.050
 1103  4.690  -29.70  1.00000  0.0500  0.050
 1104  4.690  -29.65  1.00000  0.0500  0.050
 1105  4.690  -29.60  1.00000  0.0500  0.050
 1106  4.690  -29.55  1.00000  0.0500  0.050
 1107  4.690  -29.50  1.00000  0.0500  0.050
 1108  4.690  -29.45  1.00000  0.0500  0.050
 1109  4.690  -29.40  1.00000  0.0500  0.050
 1110  4.690  -29.35  1.00000  0.0500  0.050
 1111  4.690  -29.30  1.00000  0.0500  0.050
 1112  4.690  -29.25  1.00000  0.0500  0.050
 1113  4.690  -29.20  1.00000  0.0500  0.050
 1114  4.690  -29.15  1.00000  0.0500  0.050
 1115  4.690  -29.10  1.00000  0.0500  0.050
 1116  4.690  -29.05  1.00000  0.0500  0.050
 1117  4.690  -29.00  1.00000  0.0500  0.050
 1118  4.690  -28.95  1.00000  0.0500  0.050
 1119  4.690  -28.90  1.00000  0.0500  0.050
 1120  4.690  -28.85  1.00000  0.0500  0.050
 1121  4.740  -32.30  1.00000  0.0500  0.050
 1122  4.740  -32.25  1.00000  0.0500  0.050
 1123  4.740  -32.20  1.00000  0.0500  0.050
 1124  4.740  -32.15  1.00000  0.0500  0.050
 1125  4.740  -32.10  1.00000  0.0500  0.050
 1126  4.740  -32.05  1.00000  0.0500  0.050
 1127  4.740  -32.00  1.00000  0.0500  0.050
 1128  4.740  -31.95  1.00000  0.0500  0.050
 1129  4.740  -31.90  1.00000  0.0500  0.050
 1130  4.740  -31.85  1.00000  0.0500  0.050
 1131  4.740  -31.80  1.00000  0.0500  0.050
 1132  4.740  -31.75  1.00000  0.0500  0.050
 1133  4.740  -31.70  1.00000  0.0500  0.050
 1134  4.740  -31.65  1.00000  0.0500  0.050
 1135  4.740  -31.60  1.00000  0.0500  0.050
 1136  4.740  -31.55  1.00000  0.0500  0.050
 1137  4.740  -31.50  1.00000  0.0500  0.050
 1138  4.740  -31.45  1.00000  0.0500  0.050
 1139  4.740  -31.40  1.00000  0.0500  0.050
 1140  4.740  -31.35  1.00000  0.0500  0.050
 1141  4.740  -31.30  1.00000  0.0500  0.050
 1142  4.740  -31.25  1.00000  0.0500  0.050
 1143  4.740  -31.20  1.00000  0.0500  0.050
 1144  4.740  -31.15  1.00000  0.0500  0.050
 1145  4.740  -31.10  1.00000  0.0500  0.050
 1146  4.740  -31.05  1.00000  0.0500  0.050
 1147  4.740  -31.00  1.00000  0.0500  0.050
 1148  4.740  -30.95  1.00000  0.0500  0.050
 1149  4.740  -30.90  1.00000  0.0500  0.050
 1150  4.740  -30.85  1.00000  0.0500  0.050
 1151  4.740  -30.80  1.00000  0.0500  0.050
 1152  4.740  -30.75  1.00000  0.0500  0.050
 1153  4.740  -30.70  1.00000  0.0500  0.050
 1154  4.740  -30.65  1.00000  0.0500  0.050
 1155  4.740  -30.60  1.00000  0.0500  0.050
 1156  4.740  -30.55  1.00000  0.0500  0.050
 1157  4.740  -30.50  1.00000  0.0500  0.050
 1158  4.740  -30.45  1.00000  0.0500  0.050
 1159  4.740  -30.40  1.00000  0.0500  0.050
 1160  4.740  -30.35  1.00000  0.0500  0.050
 1161  4.740  -30.30  1.00000  0.0500  0.050
 1162  4.740  -30.25  1.00000  0.0500  0.050
 1163  4.740  -30.20  1.00000  0.0500  0.050
 1164  4.740  -30.15  1.00000  0.0500  0.050
 1165  4.740  -30.10  1.00000  0.0500  0.050
 1166  4.740  -30.05  1.00000  0.0500  0.050
 1167  4.740  -30.00  1.00000  0.0500  0.050
 1168  4.740  -29.95  1.00000  0.0500  0.050
 1169  4.740  -29.90  1.00000  0.0500  0.050
 1170  4.740  -29.85  1.00000  0.0500  0.050
 1171  4.740  -29.80  1.00000  0.0500  0.050
 1172  4.740  -29.75  1.00000  0.0500  0.050
 1173  4.740  -29.70  1.00000  0.0500  0.050
 1174  4.740  -29.65  1.00000  0.0500  0.050
 1175  4.740  -29.60  1.00000  0.0500  0.050
 1176  4.740  -29.55  1.00000  0.0500  0.050
 1177  4.740  -29.50  1.00000  0.0500  0.050
 1178  4.740  -29.45  1.00000  0.0500  0.050
 1179  4.740  -29.40  1.00000  0.0500  0.050
 1180  4.740  -29.35  1.00000  0.0500  0.050
 1181  4.740  -29.30  1.00000  0.0500  0.050
 1182  4.740  -29.25  1.00000  0.0500  0.050
 1183  4.740  -29.20  1.00000  0.0500  0.050
 1184  4.740  -29.15  1.00000  0.0500  0.050
 1185  4.740  -29.10  1.00000  0.0500  0.050
 1186  4.740  -29.05  1.00000  0.0500  0.050
 1187  4.740  -29.00  1.00000  0.0500  0.050
 1188  4.740  -28.95  1.00000  0.0500  0.050
 1189  4.740  -28.90  1.00000  0.0500  0.050
 1190  4.740  -28.85  1.00000  0.0500  0.050
 1191  4.790  -32.30  1.00000  0.0500  0.050
 1192  4.790  -32.25  1.00000  0.0500  0.050
 1193  4.790  -32.20  1.00000  0.0500  0.050
 1194  4.790  -32.15  1.00000  0.0500  0.050
 1195  4.790  -32.10  1.00000  0.0500  0.050
 1196  4.790  -32.05  1.00000  0.0500  0.050
 1197  4.790  -32.00  1.00000  0.0500  0.050
 1198  4.790  -31.95  1.00000  0.0500  0.050
 1199  4.790  -31.90  1.00000  0.0500  0.050
 1200  4.790  -31.85  1.00000  0.0500  0.050
 1201  4.790  -31.80  1.00000  0.0500  0.050
 1202  4.790  -31.75  1.00000  0.0500  0.050
 1203  4.790  -31.70  1.00000  0.0500  0.050
 1204  4.790  -31.65  1.00000  0.0500  0.050
 1205  4.790  -31.60  1.00000  0.0500  0.050
 1206  4.790  -31.55  1.00000  0.0500  0.050
 1207  4.790  -31.50  1.00000  0.0500  0.050
 1208  4.790  -31.45  1.00000  0.0500  0.050
 1209  4.790  -31.40  1.00000  0.0500  0.050
 1210  4.790  -31.35  1.00000  0.0500  0.050
 1211  4.790  -31.30  1.00000  0.0500  0.050
 1212  4.790  -31.25  1.00000  0.0500  0.050
 1213  4.790  -31.20  1.00000  0.0500  0.050
 1214  4.790  -31.15  1.00000  0.0500  0.050
 1215  4.790  -31.10  1.00000  0.0500  0.050
 1216  4.790  -31.05  1.00000  0.0500  0.050
 1217  4.790  -31.00  1.00000  0.0500  0.050
 1218  4.790  -30.95  1.00000  0.0500  0.050
 1219  4.790  -30.90  1.00000  0.0500  0.050
 1220  4.790  -30.85  1.00000  0.0500  0.050
 1221  4.790  -30.80  1.00000  0.0500  0.050
 1222  4.790  -30.75  1.00000  0.0500  0.050
 1223  4.790  -30.70  1.00000  0.0500  0.050
 1224  4.790  -30.65  1.00000  0.0500  0.050
 1225  4.790  -30.60  1.00000  0.0500  0.050
 1226  4.790  -30.55  1.00000  0.0500  0.050
 1227  4.790  -30.50  1.00000  0.0500  0.050
 1228  4.790  -30.45  1.00000  0.0500  0.050
 1229  4.790  -30.40  1.00000  0.0500  0.050
 1230  4.790  -30.35  1.00000  0.0500  0.050
 1231  4.790  -30.30  1.00000  0.0500  0.050
 1232  4.790  -30.25  1.00000  0.0500  0.050
 1233  4.790  -30.20  1.00000  0.0500  0.050
 1234  4.790  -30.15  1.00000  0.0500  0.050
 1235  4.790  -30.10  1.00000  0.0500  0.050
 1236  4.790  -30.05  1.00000  0.0500  0.050
 1237  4.790  -30.00  1.00000  0.0500  0.050
 1238  4.790  -29.95  1.00000  0.0500  0.050
 1239  4.790  -29.90  1.00000  0.0500  0.050
 1240  4.790  -29.85  1.00000  0.0500  0.050
 1241  4.790  -29.80  1.00000  0.0500  0.050
 1242  4.790  -29.75  1.00000  0.0500  0.050
 1243  4.790  -29.70  1.00000  0.0500  0.050
 1244  4.790  -29.65  1.00000  0.0500  0.050
 1245  4.790  -29.60  1.00000  0.0500  0.050
 1246  4.790  -29.55  1.00000  0.0500  0.050
 1247  4.790  -29.50  1.00000  0.0500  0.050
 1248  4.790  -29.45  1.00000  0.0500  0.050
 1249  4.790  -29.40  1.00000  0.0500  0.050
 1250  4.790  -29.35  1.00000  0.0500  0.050
 1251  4.790  -29.30  1.00000  0.0500  0.050
 1252  4.790  -29.25  1.00000  0.0500  0.050
 1253  4.790  -29.20  1.00000  0.0500  0.050
 1254  4.790  -29.15  1.00000  0.0500  0.050
 1255  4.790  -29.10  1.00000  0.0500  0.050
 1256  4.790  -29.05  1.00000  0.0500  0.050
 1257  4.790  -29.00  1.00000  0.0500  0.050
 1258  4.790  -28.95  1.00000  0.0500  0.050
 1259  4.790  -28.90  1.00000  0.0500  0.050
 1260  4.790  -28.85  1.00000  0.0500  0.050
 1261  4.840  -32.30  1.00000  0.0500  0.050
 1262  4.840  -32.25  1.00000  0.0500  0.050
 1263  4.840  -32.20  1.00000  0.0500  0.050
 1264  4.840  -32.15  1.00000  0.0500  0.050
 1265  4.840  -32.10  1.00000  0.0500  0.050
 1266  4.840  -32.05  1.00000  0.0500  0.050
 1267  4.840  -32.00  1.00000  0.0500  0.050
 1268  4.840  -31.95  1.00000  0.0500  0.050
 1269  4.840  -31.90  1.00000  0.0500  0.050
 1270  4.840  -31.85  1.00000  0.0500  0.050
 1271  4.840  -31.80  1.00000  0.0500  0.050
 1272  4.840  -31.75  1.00000  0.0500  0.050
 1273  4.840  -31.70  1.00000  0.0500  0.050
 1274  4.840  -31.65  1.00000  0.0500  0.050
 1275  4.840  -31.60  1.00000  0.0500  0.050
 1276  4.840  -31.55  1.00000  0.0500  0.050
 1277  4.840  -31.50  1.00000  0.0500  0.050
 1278  4.840  -31.45  1.00000  0.0500  0.050
 1279  4.840  -31.40  1.00000  0.0500  0.050
 1280  4.840  -31.35  1.00000  0.0500  0.050
 1281  4.840  -31.30  1.00000  0.0500  0.050
 1282  4.840  -31.25  1.00000  0.0500  0.050
 1283  4.840  -31.20  1.00000  0.0500  0.050
 1284  4.840  -31.15  1.00000  0.0500  0.050
 1285  4.840  -31.10  1.00000  0.0500  0.050
 1286  4.840  -31.05  1.00000  0.0500  0.050
 1287  4.840  -31.00  1.00000  0.0500  0.050
 1288  4.840  -30.95  1.00000  0.0500  0.050
 1289  4.840  -30.90  1.00000  0.0500  0.050
 1290  4.840  -30.85  1.00000  0.0500  0.050
 1291  4.840  -30.80  1.00000  0.0500  0.050
 1292  4.840  -30.75  1.00000  0.0500  0.050
 1293  4.840  -30.70  1.00000  0.0500  0.050
 1294  4.840  -30.65  1.00000  0.0500  0.050
 1295  4.840  -30.60  1.00000  0.0500  0.050
 1296  4.840  -30.55  1.00000  0.0500  0.050
 1297  4.840  -30.50  1.00000  0.0500  0.050
 1298  4.840  -30.45  1.00000  0.0500  0.050
 1299  4.840  -30.40  1.00000  0.0500  0.050
 1300  4.840  -30.35  1.00000  0.0500  0.050
 1301  4.840  -30.30  1.00000  0.0500  0.050
 1302  4.840  -30.25  1.00000  0.0500  0.050
 1303  4.840  -30.20  1.00000  0.0500  0.050
 1304  4.840  -30.15  1.00000  0.0500  0.050
 1305  4.840  -30.10  1.00000  0.0500  0.050
 1306  4.840  -30.05  1.00000  0.0500  0.050
 1307  4.840  -30.00  1.00000  0.0500  0.050
 1308  4.840  -29.95  1.00000  0.0500  0.050
 1309  4.840  -29.90  1.00000  0.0500  0.050
 1310  4.840  -29.85  1.00000  0.0500  0.050
 1311  4.840  -29.80  1.00000  0.0500  0.050
 1312  4.840  -29.75  1.00000  0.0500  0.050
 1313  4.840  -29.70  1.00000  0.0500  0.050
 1314  4.840  -29.65  1.00000  0.0500  0.050
 1315  4.840  -29.60  1.00000  0.0500  0.050
 1316  4.840  -29.55  1.00000  0.0500  0.050
 1317  4.840  -29.50  1.00000  0.0500  0.050
 1318  4.840  -29.45  1.00000  0.0500  0.050
 1319  4.840  -29.40  1.00000  0.0500  0.050
 1320  4.840  -29.35  1.00000  0.0500  0.050
 1321  4.840  -29.30  1.00000  0.0500  0.050
 1322  4.840  -29.25  1.00000  0.0500  0.050
 1323  4.840  -29.20  1.00000  0.0500  0.050
 1324  4.840  -29.15  1.00000  0.0500  0.050
 1325  4.840  -29.10  1.00000  0.0500  0.050
 1326  4.840  -29.05  1.00000  0.0500  0.050
 1327  4.840  -29.00  1.00000  0.0500  0.050
 1328  4.840  -28.95  1.00000  0.0500  0.050
 1329  4.840  -28.90  1.00000  0.0500  0.050
 1330  4.840  -28.85  1.00000  0.0500  0.050
 1331  4.890  -32.30  1.00000  0.0500  0.050
 1332  4.890  -32.25  1.00000  0.0500  0.050
 1333  4.890  -32.20  1.00000  0.0500  0.050
 1334  4.890  -32.15  1.00000  0.0500  0.050
 1335  4.890  -32.10  1.00000  0.0500  0.050
 1336  4.890  -32.05  1.00000  0.0500  0.050
 1337  4.890  -32.00  1.00000  0.0500  0.050
 1338  4.890  -31.95  1.00000  0.0500  0.050
 1339  4.890  -31.90  1.00000  0.0500  0.050
 1340  4.890  -31.85  1.00000  0.0500  0.050
 1341  4.890  -31.80  1.00000  0.0500  0.050
 1342  4.890  -31.75  1.00000  0.0500  0.050
 1343  4.890  -31.70  1.00000  0.0500  0.050
 1344  4.890  -31.65  1.00000  0.0500  0.050
 1345  4.890  -31.60  1.00000  0.0500  0.050
 1346  4.890  -31.55  1.00000  0.0500  0.050
 1347  4.890  -31.50  1.00000  0.0500  0.050
 1348  4.890  -31.45  1.00000  0.0500  0.050
 1349  4.890  -31.40  1.00000  0.0500  0.050
 1350  4.890  -31.35  1.00000  0.0500  0.050
 1351  4.890  -31.30  1.00000  0.0500  0.050
 1352  4.890  -31.25  1.00000  0.0500  0.050
 1353  4.890  -31.20  1.00000  0.0500  0.050
 1354  4.890  -31.15  1.00000  0.0500  0.050
 1355  4.890  -31.10  1.00000  0.0500  0.050
 1356  4.890  -31.05  1.00000  0.0500  0.050
 1357  4.890  -31.00  1.00000  0.0500  0.050
 1358  4.890  -30.95  1.00000  0.0500  0.050
 1359  4.890  -30.90  1.00000  0.0500  0.050
 1360  4.890  -30.85  1.00000  0.0500  0.050
 1361  4.890  -30.80  1.00000  0.0500  0.050
 1362  4.890  -30.75  1.00000  0.0500  0.050
 1363  4.890  -30.70  1.00000  0.0500  0.050
 1364  4.890  -30.65  1.00000  0.0500  0.050
 1365  4.890  -30.60  1.00000  0.0500  0.050
 1366  4.890  -30.55  1.00000  0.0500  0.050
 1367  4.890  -30.50  1.00000  0.0500  0.050
 1368  4.890  -30.45  1.00000  0.0500  0.050
 1369  4.890  -30.40  1.00000  0.0500  0.050
 1370  4.890  -30.35  1.00000  0.0500  0.050
 1371  4.890  -30.30  1.00000  0.0500  0.050
 1372  4.890  -30.25  1.00000  0.0500  0.050
 1373  4.890  -30.20  1.00000  0.0500  0.050
 1374  4.890  -30.15  1.00000  0.0500  0.050
 1375  4.890  -30.10  1.00000  0.0500  0.050
 1376  4.890  -30.05  1.00000  0.0500  0.050
 1377  4.890  -30.00  1.00000  0.0500  0.050
 1378  4.890  -29.95  1.00000  0.0500  0.050
 1379  4.890  -29.90  1.00000  0.0500  0.050
 1380  4.890  -29.85  1.00000  0.0500  0.050
 1381  4.890  -29.80  1.00000  0.0500  0.050
 1382  4.890  -29.75  1.00000  0.0500  0.050
 1383  4.890  -29.70  1.00000  0.0500  0.050
 1384  4.890  -29.65  1.00000  0.0500  0.050
 1385  4.890  -29.60  1.00000  0.0500  0.050
 1386  4.890  -29.55  1.00000  0.0500  0.050
 1387  4.890  -29.50  1.00000  0.0500  0.050
 1388  4.890  -29.45  1.00000  0.0500  0.050
 1389  4.890  -29.40  1.00000  0.0500  0.050
 1390  4.890  -29.35  1.00000  0.0500  0.050
 1391  4.890  -29.30  1.00000  0.0500  0.050
 1392  4.890  -29.25  1.00000  0.0500  0.050
 1393  4.890  -29.20  1.00000  0.0500  0.050
 1394  4.890  -29.15  1.00000  0.0500  0.050
 1395  4.890  -29.10  1.00000  0.0500  0.050
 1396  4.890  -29.05  1.00000  0.0500  0.050
 1397  4.890  -29.00  1.00000  0.0500  0.050
 1398  4.890  -28.95  1.00000  0.0500  0.050
 1399  4.890  -28.90  1.00000  0.0500  0.050
 1400  4.890  -28.85  1.00000  0.0500  0.050
 1401  4.940  -32.30  1.00000  0.0500  0.050
 1402  4.940  -32.25  1.00000  0.0500  0.050
 1403  4.940  -32.20  1.00000  0.0500  0.050
 1404  4.940  -32.15  1.00000  0.0500  0.050
 1405  4.940  -32.10  1.00000  0.0500  0.050
 1406  4.940  -32.05  1.00000  0.0500  0.050
 1407  4.940  -32.00  1.00000  0.0500  0.050
 1408  4.940  -31.95  1.00000  0.0500  0.050
 1409  4.940  -31.90  1.00000  0.0500  0.050
 1410  4.940  -31.85  1.00000  0.0500  0.050
 1411  4.940  -31.80  1.00000  0.0500  0.050
 1412  4.940  -31.75  1.00000  0.0500  0.050
 1413  4.940  -31.70  1.00000  0.0500  0.050
 1414  4.940  -31.65  1.00000  0.0500  0.050
 1415  4.940  -31.60  1.00000  0.0500  0.050
 1416  4.940  -31.55  1.00000  0.0500  0.050
 1417  4.940  -31.50  1.00000  0.0500  0.050
 1418  4.940  -31.45  1.00000  0.0500  0.050
 1419  4.940  -31.40  1.00000  0.0500  0.050
 1420  4.940  -31.35  1.00000  0.0500  0.050
 1421  4.940  -31.30  1.00000  0.0500  0.050
 1422  4.940  -31.25  1.00000  0.0500  0.050
 1423  4.940  -31.20  1.00000  0.0500  0.050
 1424  4.940  -31.15  1.00000  0.0500  0.050
 1425  4.940  -31.10  1.00000  0.0500  0.050
 1426  4.940  -31.05  1.00000  0.0500  0.050
 1427  4.940  -31.00  1.00000  0.0500  0.050
 1428  4.940  -30.95  1.00000  0.0500  0.050
 1429  4.940  -30.90  1.00000  0.0500  0.050
 1430  4.940  -30.85  1.00000  0.0500  0.050
 1431  4.940  -30.80  1.00000  0.0500  0.050
 1432  4.940  -30.75  1.00000  0.0500  0.050
 1433  4.940  -30.70  1.00000  0.0500  0.050
 1434  4.940  -30.65  1.00000  0.0500  0.050
 1435  4.940  -30.60  1.00000  0.0500  0.050
 1436  4.940  -30.55  1.00000  0.0500  0.050
 1437  4.940  -30.50  1.00000  0.0500  0.050
 1438  4.940  -30.45  1.00000  0.0500  0.050
 1439  4.940  -30.40  1.00000  0.0500  0.050
 1440  4.940  -30.35  1.00000  0.0500  0.050
 1441  4.940  -30.30  1.00000  0.0500  0.050
 1442  4.940  -30.25  1.00000  0.0500  0.050
 1443  4.940  -30.20  1.00000  0.0500  0.050
 1444  4.940  -30.15  1.00000  0.0500  0.050
 1445  4.940  -30.10  1.00000  0.0500  0.050
 1446  4.940  -30.05  1.00000  0.0500  0.050
 1447  4.940  -30.00  1.00000  0.0500  0.050
 1448  4.940  -29.95  1.00000  0.0500  0.050
 1449  4.940  -29.90  1.00000  0.0500  0.050
 1450  4.940  -29.85  1.00000  0.0500  0.050
 1451  4.940  -29.80  1.00000  0.0500  0.050
 1452  4.940  -29.75  1.00000  0.0500  0.050
 1453  4.940  -29.70  1.00000  0.0500  0.050
 1454  4.940  -29.65  1.00000  0.0500  0.050
 1455  4.940  -29.60  1.00000  0.0500  0.050
 1456  4.940  -29.55  1.00000  0.0500  0.050
 1457  4.940  -29.50  1.00000  0.0500  0.050
 1458  4.940  -29.45  1.00000  0.0500  0.050
 1459  4.940  -29.40  1.00000  0.0500  0.050
 1460  4.940  -29.35  1.00000  0.0500  0.050
 1461  4.940  -29.30  1.00000  0.0500  0.050
 1462  4.940  -29.25  1.00000  0.0500  0.050
 1463  4.940  -29.20  1.00000  0.0500  0.050
 1464  4.940  -29.15  1.00000  0.0500  0.050
 1465  4.940  -29.10  1.00000  0.0500  0.050
 1466  4.940  -29.05  1.00000  0.0500  0.050
 1467  4.940  -29.00  1.00000  0.0500  0.050
 1468  4.940  -28.95  1.00000  0.0500  0.050
 1469  4.940  -28.90  1.00000  0.0500  0.050
 1470  4.940  -28.85  1.00000  0.0500  0.050
 1471  4.990  -32.30  1.00000  0.0500  0.050
 1472  4.990  -32.25  1.00000  0.0500  0.050
 1473  4.990  -32.20  1.00000  0.0500  0.050
 1474  4.990  -32.15  1.00000  0.0500  0.050
 1475  4.990  -32.10  1.00000  0.0500  0.050
 1476  4.990  -32.05  1.00000  0.0500  0.050
 1477  4.990  -32.00  1.00000  0.0500  0.050
 1478  4.990  -31.95  1.00000  0.0500  0.050
 1479  4.990  -31.90  1.00000  0.0500  0.050
 1480  4.990  -31.85  1.00000  0.0500  0.050
 1481  4.990  -31.80  1.00000  0.0500  0.050
 1482  4.990  -31.75  1.00000  0.0500  0.050
 1483  4.990  -31.70  1.00000  0.0500  0.050
 1484  4.990  -31.65  1.00000  0.0500  0.050
 1485  4.990  -31.60  1.00000  0.0500  0.050
 1486  4.990  -31.55  1.00000  0.0500  0.050
 1487  4.990  -31.50  1.00000  0.0500  0.050
 1488  4.990  -31.45  1.00000  0.0500  0.050
 1489  4.990  -31.40  1.00000  0.0500  0.050
 1490  4.990  -31.35  1.00000  0.0500  0.050
 1491  4.990  -31.30  1.00000  0.0500  0.050
 1492  4.990  -31.25  1.00000  0.0500  0.050
 1493  4.990  -31.20  1.00000  0.0500  0.050
 1494  4.990  -31.15  1.00000  0.0500  0.050
 1495  4.990  -31.10  1.00000  0.0500  0.050
 1496  4.990  -31.05  1.00000  0.0500  0.050
 1497  4.990  -31.00  1.00000  0.0500  0.050
 1498  4.990  -30.95  1.00000  0.0500  0.050
 1499  4.990  -30.90  1.00000  0.0500  0.050
 1500  4.990  -30.85  1.00000  0.0500  0.050
 1501  4.990  -30.80  1.00000  0.0500  0.050
 1502  4.990  -30.75  1.00000  0.0500  0.050
 1503  4.990  -30.70  1.00000  0.0500  0.050
 1504  4.990  -30.65  1.00000  0.0500  0.050
 1505  4.990  -30.60  1.00000  0.0500  0.050
 1506  4.990  -30.55  1.00000  0.0500  0.050
 1507  4.990  -30.50  1.00000  0.0500  0.050
 1508  4.990  -30.45  1.00000  0.0500  0.050
 1509  4.990  -30.40  1.00000  0.0500  0.050
 1510  4.990  -30.35  1.00000  0.0500  0.050
 1511  4.990  -30.30  1.00000  0.0500  0.050
 1512  4.990  -30.25  1.00000  0.0500  0.050
 1513  4.990  -30.20  1.00000  0.0500  0.050
 1514  4.990  -30.15  1.00000  0.0500  0.050
 1515  4.990  -30.10  1.00000  0.0500  0.050
 1516  4.990  -30.05  1.00000  0.0500  0.050
 1517  4.990  -30.00  1.00000  0.0500  0.050
 1518  4.990  -29.95  1.00000  0.0500  0.050
 1519  4.990  -29.90  1.00000  0.0500  0.050
 1520  4.990  -29.85  1.00000  0.0500  0.050
 1521  4.990  -29.80  1.00000  0.0500  0.050
 1522  4.990  -29.75  1.00000  0.0500  0.050
 1523  4.990  -29.70  1.00000  0.0500  0.050
 1524  4.990  -29.65  1.00000  0.0500  0.050
 1525  4.990  -29.60  1.00000  0.0500  0.050
 1526  4.990  -29.55  1.00000  0.0500  0.050
 1527  4.990  -29.50  1.00000  0.0500  0.050
 1528  4.990  -29.45  1.00000  0.0500  0.050
 1529  4.990  -29.40  1.00000  0.0500  0.050
 1530  4.990  -29.35  1.00000  0.0500  0.050
 1531  4.990  -29.30  1.00000  0.0500  0.050
 1532  4.990  -29.25  1.00000  0.0500  0.050
 1533  4.990  -29.20  1.00000  0.0500  0.050
 1534  4.990  -29.15  1.00000  0.0500  0.050
 1535  4.990  -29.10  1.00000  0.0500  0.050
 1536  4.990  -29.05  1.00000  0.0500  0.050
 1537  4.990  -29.00  1.00000  0.0500  0.050
 1538  4.990  -28.95  1.00000  0.0500  0.050
 1539  4.990  -28.90  1.00000  0.0500  0.050
 1540  4.990  -28.85  1.00000  0.0500  0.050
 1541  5.040  -32.30  1.00000  0.0500  0.050
 1542  5.040  -32.25  1.00000  0.0500  0.050
 1543  5.040  -32.20  1.00000  0.0500  0.050
 1544  5.040  -32.15  1.00000  0.0500  0.050
 1545  5.040  -32.10  1.00000  0.0500  0.050
 1546  5.040  -32.05  1.00000  0.0500  0.050
 1547  5.040  -32.00  1.00000  0.0500  0.050
 1548  5.040  -31.95  1.00000  0.0500  0.050
 1549  5.040  -31.90  1.00000  0.0500  0.050
 1550  5.040  -31.85  1.00000  0.0500  0.050
 1551  5.040  -31.80  1.00000  0.0500  0.050
 1552  5.040  -31.75  1.00000  0.0500  0.050
 1553  5.040  -31.70  1.00000  0.0500  0.050
 1554  5.040  -31.65  1.00000  0.0500  0.050
 1555  5.040  -31.60  1.00000  0.0500  0.050
 1556  5.040  -31.55  1.00000  0.0500  0.050
 1557  5.040  -31.50  1.00000  0.0500  0.050
 1558  5.040  -31.45  1.00000  0.0500  0.050
 1559  5.040  -31.40  1.00000  0.0500  0.050
 1560  5.040  -31.35  1.00000  0.0500  0.050
 1561  5.040  -31.30  1.00000  0.0500  0.050
 1562  5.040  -31.25  1.00000  0.0500  0.050
 1563  5.040  -31.20  1.00000  0.0500  0.050
 1564  5.040  -31.15  1.00000  0.0500  0.050
 1565  5.040  -31.10  1.00000  0.0500  0.050
 1566  5.040  -31.05  1.00000  0.0500  0.050
 1567  5.040  -31.00  1.00000  0.0500  0.050
 1568  5.040  -30.95  1.00000  0.0500  0.050
 1569  5.040  -30.90  1.00000  0.0500  0.050
 1570  5.040  -30.85  1.00000  0.0500  0.050
 1571  5.040  -30.80  1.00000  0.0500  0.050
 1572  5.040  -30.75  1.00000  0.0500  0.050
 1573  5.040  -30.70  1.00000  0.0500  0.050
 1574  5.040  -30.65  1.00000  0.0500  0.050
 1575  5.040  -30.60  1.00000  0.0500  0.050
 1576  5.040  -30.55  1.00000  0.0500  0.050
 1577  5.040  -30.50  1.00000  0.0500  0.050
 1578  5.040  -30.45  1.00000  0.0500  0.050
 1579  5.040  -30.40  1.00000  0.0500  0.050
 1580  5.040  -30.35  1.00000  0.0500  0.050
 1581  5.040  -30.30  1.00000  0.0500  0.050
 1582  5.040  -30.25  1.00000  0.0500  0.050
 1583  5.040  -30.20  1.00000  0.0500  0.050
 1584  5.040  -30.15  1.00000  0.0500  0.050
 1585  5.040  -30.10  1.00000  0.0500  0.050
 1586  5.040  -30.05  1.00000  0.0500  0.050
 1587  5.040  -30.00  1.00000  0.0500  0.050
 1588  5.040  -29.95  1.00000  0.0500  0.050
 1589  5.040  -29.90  1.00000  0.0500  0.050
 1590  5.040  -29.85  1.00000  0.0500  0.050
 1591  5.040  -29.80  1.00000  0.0500  0.050
 1592  5.040  -29.75  1.00000  0.0500  0.050
 1593  5.040  -29.70  1.00000  0.0500  0.050
 1594  5.040  -29.65  1.00000  0.0500  0.050
 1595  5.040  -29.60  1.00000  0.0500  0.050
 1596  5.040  -29.55  1.00000  0.0500  0.050
 1597  5.040  -29.50  1.00000  0.0500  0.050
 1598  5.040  -29.45  1.00000  0.0500  0.050
 1599  5.040  -29.40  1.00000  0.0500  0.050
 1600  5.040  -29.35  1.00000  0.0500  0.050
 1601  5.040  -29.30  1.00000  0.0500  0.050
 1602  5.040  -29.25  1.00000  0.0500  0.050
 1603  5.040  -29.20  1.00000  0.0500  0.050
 1604  5.040  -29.15  1.00000  0.0500  0.050
 1605  5.040  -29.10  1.00000  0.0500  0.050
 1606  5.040  -29.05  1.00000  0.0500  0.050
 1607  5.040  -29.00  1.00000  0.0500  0.050
 1608  5.040  -28.95  1.00000  0.0500  0.050
 1609  5.040  -28.90  1.00000  0.0500  0.050
 1610  5.040  -28.85  1.00000  0.0500  0.050
 1611  5.090  -32.30  1.00000  0.0500  0.050
 1612  5.090  -32.25  1.00000  0.0500  0.050
 1613  5.090  -32.20  1.00000  0.0500  0.050
 1614  5.090  -32.15  1.00000  0.0500  0.050
 1615  5.090  -32.10  1.00000  0.0500  0.050
 1616  5.090  -32.05  1.00000  0.0500  0.050
 1617  5.090  -32.00  1.00000  0.0500  0.050
 1618  5.090  -31.95  1.00000  0.0500  0.050
 1619  5.090  -31.90  1.00000  0.0500  0.050
 1620  5.090  -31.85  1.00000  0.0500  0.050
 1621  5.090  -31.80  1.00000  0.0500  0.050
 1622  5.090  -31.75  1.00000  0.0500  0.050
 1623  5.090  -31.70  1.00000  0.0500  0.050
 1624  5.090  -31.65  1.00000  0.0500  0.050
 1625  5.090  -31.60  1.00000  0.0500  0.050
 1626  5.090  -31.55  1.00000  0.0500  0.050
 1627  5.090  -31.50  1.00000  0.0500  0.050
 1628  5.090  -31.45  1.00000  0.0500  0.050
 1629  5.090  -31.40  1.00000  0.0500  0.050
 1630  5.090  -31.35  1.00000  0.0500  0.050
 1631  5.090  -31.30  1.00000  0.0500  0.050
 1632  5.090  -31.25  1.00000  0.0500  0.050
 1633  5.090  -31.20  1.00000  0.0500  0.050
 1634  5.090  -31.15  1.00000  0.0500  0.050
 1635  5.090  -31.10  1.00000  0.0500  0.050
 1636  5.090  -31.05  1.00000  0.0500  0.050
 1637  5.090  -31.00  1.00000  0.0500  0.050
 1638  5.090  -30.95  1.00000  0.0500  0.050
 1639  5.090  -30.90  1.00000  0.0500  0.050
 1640  5.090  -30.85  1.00000  0.0500  0.050
 1641  5.090  -30.80  1.00000  0.0500  0.050
 1642  5.090  -30.75  1.00000  0.0500  0.050
 1643  5.090  -30.70  1.00000  0.0500  0.050
 1644  5.090  -30.65  1.00000  0.0500  0.050
 1645  5.090  -30.60  1.00000  0.0500  0.050
 1646  5.090  -30.55  1.00000  0.0500  0.050
 1647  5.090  -30.50  1.00000  0.0500  0.050
 1648  5.090  -30.45  1.00000  0.0500  0.050
 1649  5.090  -30.40  1.00000  0.0500  0.050
 1650  5.090  -30.35  1.00000  0.0500  0.050
 1651  5.090  -30.30  1.00000  0.0500  0.050
 1652  5.090  -30.25  1.00000  0.0500  0.050
 1653  5.090  -30.20  1.00000  0.0500  0.050
 1654  5.090  -30.15  1.00000  0.0500  0.050
 1655  5.090  -30.10  1.00000  0.0500  0.050
 1656  5.090  -30.05  1.00000  0.0500  0.050
 1657  5.090  -30.00  1.00000  0.0500  0.050
 1658  5.090  -29.95  1.00000  0.0500  0.050
 1659  5.090  -29.90  1.00000  0.0500  0.050
 1660  5.090  -29.85  1.00000  0.0500  0.050
 1661  5.090  -29.80  1.00000  0.0500  0.050
 1662  5.090  -29.75  1.00000  0.0500  0.050
 1663  5.090  -29.70  1.00000  0.0500  0.050
 1664  5.090  -29.65  1.00000  0.0500  0.050
 1665  5.090  -29.60  1.00000  0.0500  0.050
 1666  5.090  -29.55  1.00000  0.0500  0.050
 1667  5.090  -29.50  1.00000  0.0500  0.050
 1668  5.090  -29.45  1.00000  0.0500  0.050
 1669  5.090  -29.40  1.00000  0.0500  0.050
 1670  5.090  -29.35  1.00000  0.0500  0.050
 1671  5.090  -29.30  1.00000  0.0500  0.050
 1672  5.090  -29.25  1.00000  0.0500  0.050
 1673  5.090  -29.20  1.00000  0.0500  0.050
 1674  5.090  -29.15  1.00000  0.0500  0.050
 1675  5.090  -29.10  1.00000  0.0500  0.050
 1676  5.090  -29.05  1.00000  0.0500  0.050
 1677  5.090  -29.00  1.00000  0.0500  0.050
 1678  5.090  -28.95  1.00000  0.0500  0.050
 1679  5.090  -28.90  1.00000  0.0500  0.050
 1680  5.090  -28.85  1.00000  0.0500  0.050
 1681  5.140  -32.30  1.00000  0.0500  0.050
 1682  5.140  -32.25  1.00000  0.0500  0.050
 1683  5.140  -32.20  1.00000  0.0500  0.050
 1684  5.140  -32.15  1.00000  0.0500  0.050
 1685  5.140  -32.10  1.00000  0.0500  0.050
 1686  5.140  -32.05  1.00000  0.0500  0.050
 1687  5.140  -32.00  1.00000  0.0500  0.050
 1688  5.140  -31.95  1.00000  0.0500  0.050
 1689  5.140  -31.90  1.00000  0.0500  0.050
 1690  5.140  -31.85  1.00000  0.0500  0.050
 1691  5.140  -31.80  1.00000  0.0500  0.050
 1692  5.140  -31.75  1.00000  0.0500  0.050
 1693  5.140  -31.70  1.00000  0.0500  0.050
 1694  5.140  -31.65  1.00000  0.0500  0.050
 1695  5.140  -31.60  1.00000  0.0500  0.050
 1696  5.140  -31.55  1.00000  0.0500  0.050
 1697  5.140  -31.50  1.00000  0.0500  0.050
 1698  5.140  -31.45  1.00000  0.0500  0.050
 1699  5.140  -31.40  1.00000  0.0500  0.050
 1700  5.140  -31.35  1.00000  0.0500  0.050
 1701  5.140  -31.30  1.00000  0.0500  0.050
 1702  5.140  -31.25  1.00000  0.0500  0.050
 1703  5.140  -31.20  1.00000  0.0500  0.050
 1704  5.140  -31.15  1.00000  0.0500  0.050
 1705  5.140  -31.10  1.00000  0.0500  0.050
 1706  5.140  -31.05  1.00000  0.0500  0.050
 1707  5.140  -31.00  1.00000  0.0500  0.050
 1708  5.140  -30.95  1.00000  0.0500  0.050
 1709  5.140  -30.90  1.00000  0.0500  0.050
 1710  5.140  -30.85  1.00000  0.0500  0.050
 1711  5.140  -30.80  1.00000  0.0500  0.050
 1712  5.140  -30.75  1.00000  0.0500  0.050
 1713  5.140  -30.70  1.00000  0.0500  0.050
 1714  5.140  -30.65  1.00000  0.0500  0.050
 1715  5.140  -30.60  1.00000  0.0500  0.050
 1716  5.140  -30.55  1.00000  0.0500  0.050
 1717  5.140  -30.50  1.00000  0.0500  0.050
 1718  5.140  -30.45  1.00000  0.0500  0.050
 1719  5.140  -30.40  1.00000  0.0500  0.050
 1720  5.140  -30.35  1.00000  0.0500  0.050
 1721  5.140  -30.30  1.00000  0.0500  0.050
 1722  5.140  -30.25  1.00000  0.0500  0.050
 1723  5.140  -30.20  1.00000  0.0500  0.050
 1724  5.140  -30.15  1.00000  0.0500  0.050
 1725  5.140  -30.10  1.00000  0.0500  0.050
 1726  5.140  -30.05  1.00000  0.0500  0.050
 1727  5.140  -30.00  1.00000  0.0500  0.050
 1728  5.140  -29.95  1.00000  0.0500  0.050
 1729  5.140  -29.90  1.00000  0.0500  0.050
 1730  5.140  -29.85  1.00000  0.0500  0.050
 1731  5.140  -29.80  1.00000  0.0500  0.050
 1732  5.140  -29.75  1.00000  0.0500  0.050
 1733  5.140  -29.70  1.00000  0.0500  0.050
 1734  5.140  -29.65  1.00000  0.0500  0.050
 1735  5.140  -29.60  1.00000  0.0500  0.050
 1736  5.140  -29.55  1.00000  0.0500  0.050
 1737  5.140  -29.50  1.00000  0.0500  0.050
 1738  5.140  -29.45  1.00000  0.0500  0.050
 1739  5.140  -29.40  1.00000  0.0500  0.050
 1740  5.140  -29.35  1.00000  0.0500  0.050
 1741  5.140  -29.30  1.00000  0.0500  0.050
 1742  5.140  -29.25  1.00000  0.0500  0.050
 1743  5.140  -29.20  1.00000  0.0500  0.050
 1744  5.140  -29.15  1.00000  0.0500  0.050
 1745  5.140  -29.10  1.00000  0.0500  0.050
 1746  5.140  -29.05  1.00000  0.0500  0.050
 1747  5.140  -29.00  1.00000  0.0500  0.050
 1748  5.140  -28.95  1.00000  0.0500  0.050
 1749  5.140  -28.90  1.00000  0.0500  0.050
 1750  5.140  -28.85  1.00000  0.0500  0.050
 1751  5.190  -32.30  1.00000  0.0500  0.050
 1752  5.190  -32.25  1.00000  0.0500  0.050
 1753  5.190  -32.20  1.00000  0.0500  0.050
 1754  5.190  -32.15  1.00000  0.0500  0.050
 1755  5.190  -32.10  1.00000  0.0500  0.050
 1756  5.190  -32.05  1.00000  0.0500  0.050
 1757  5.190  -32.00  1.00000  0.0500  0.050
 1758  5.190  -31.95  1.00000  0.0500  0.050
 1759  5.190  -31.90  1.00000  0.0500  0.050
 1760  5.190  -31.85  1.00000  0.0500  0.050
 1761  5.190  -31.80  1.00000  0.0500  0.050
 1762  5.190  -31.75  1.00000  0.0500  0.050
 1763  5.190  -31.70  1.00000  0.0500  0.050
 1764  5.190  -31.65  1.00000  0.0500  0.050
 1765  5.190  -31.60  1.00000  0.0500  0.050
 1766  5.190  -31.55  1.00000  0.0500  0.050
 1767  5.190  -31.50  1.00000  0.0500  0.050
 1768  5.190  -31.45  1.00000  0.0500  0.050
 1769  5.190  -31.40  1.00000  0.0500  0.050
 1770  5.190  -31.35  1.00000  0.0500  0.050
 1771  5.190  -31.30  1.00000  0.0500  0.050
 1772  5.190  -31.25  1.00000  0.0500  0.050
 1773  5.190  -31.20  1.00000  0.0500  0.050
 1774  5.190  -31.15  1.00000  0.0500  0.050
 1775  5.190  -31.10  1.00000  0.0500  0.050
 1776  5.190  -31.05  1.00000  0.0500  0.050
 1777  5.190  -31.00  1.00000  0.0500  0.050
 1778  5.190  -30.95  1.00000  0.0500  0.050
 1779  5.190  -30.90  1.00000  0.0500  0.050
 1780  5.190  -30.85  1.00000  0.0500  0.050
 1781  5.190  -30.80  1.00000  0.0500  0.050
 1782  5.190  -30.75  1.00000  0.0500  0.050
 1783  5.190  -30.70  1.00000  0.0500  0.050
 1784  5.190  -30.65  1.00000  0.0500  0.050
 1785  5.190  -30.60  1.00000  0.0500  0.050
 1786  5.190  -30.55  1.00000  0.0500  0.050
 1787  5.190  -30.50  1.00000  0.0500  0.050
 1788  5.190  -30.45  1.00000  0.0500  0.050
 1789  5.190  -30.40  1.00000  0.0500  0.050
 1790  5.190  -30.35  1.00000  0.0500  0.050
 1791  5.190  -30.30  1.00000  0.0500  0.050
 1792  5.190  -30.25  1.00000  0.0500  0.050
 1793  5.190  -30.20  1.00000  0.0500  0.050
 1794  5.190  -30.15  1.00000  0.0500  0.050
 1795  5.190  -30.10  1.00000  0.0500  0.050
 1796  5.190  -30.05  1.00000  0.0500  0.050
 1797  5.190  -30.00  1.00000  0.0500  0.050
 1798  5.190  -29.95  1.00000  0.0500  0.050
 1799  5.190  -29.90  1.00000  0.0500  0.050
 1800  5.190  -29.85  1.00000  0.0500  0.050
 1801  5.190  -29.80  1.00000  0.0500  0.050
 1802  5.190  -29.75  1.00000  0.0500  0.050
 1803  5.190  -29.70  1.00000  0.0500  0.050
 1804  5.190  -29.65  1.00000  0.0500  0.050
 1805  5.190  -29.60  1.00000  0.0500  0.050
 1806  5.190  -29.55  1.00000  0.0500  0.050
 1807  5.190  -29.50  1.00000  0.0500  0.050
 1808  5.190  -29.45  1.00000  0.0500  0.050
 1809  5.190  -29.40  1.00000  0.0500  0.050
 1810  5.190  -29.35  1.00000  0.0500  0.050
 1811  5.190  -29.30  1.00000  0.0500  0.050
 1812  5.190  -29.25  1.00000  0.0500  0.050
 1813  5.190  -29.20  1.00000  0.0500  0.050
 1814  5.190  -29.15  1.00000  0.0500  0.050
 1815  5.190  -29.10  1.00000  0.0500  0.050
 1816  5.190  -29.05  1.00000  0.0500  0.050
 1817  5.190  -29.00  1.00000  0.0500  0.050
 1818  5.190  -28.95  1.00000  0.0500  0.050
 1819  5.190  -28.90  1.00000  0.0500  0.050
 1820  5.190  -28.85  1.00000  0.0500  0.050
 1821  5.240  -32.30  1.00000  0.0500  0.050
 1822  5.240  -32.25  1.00000  0.0500  0.050
 1823  5.240  -32.20  1.00000  0.0500  0.050
 1824  5.240  -32.15  1.00000  0.0500  0.050
 1825  5.240  -32.10  1.00000  0.0500  0.050
 1826  5.240  -32.05  1.00000  0.0500  0.050
 1827  5.240  -32.00  1.00000  0.0500  0.050
 1828  5.240  -31.95  1.00000  0.0500  0.050
 1829  5.240  -31.90  1.00000  0.0500  0.050
 1830  5.240  -31.85  1.00000  0.0500  0.050
 1831  5.240  -31.80  1.00000  0.0500  0.050
 1832  5.240  -31.75  1.00000  0.0500  0.050
 1833  5.240  -31.70  1.00000  0.0500  0.050
 1834  5.240  -31.65  1.00000  0.0500  0.050
 1835  5.240  -31.60  1.00000  0.0500  0.050
 1836  5.240  -31.55  1.00000  0.0500  0.050
 1837  5.240  -31.50  1.00000  0.0500  0.050
 1838  5.240  -31.45  1.00000  0.0500  0.050
 1839  5.240  -31.40  1.00000  0.0500  0.050
 1840  5.240  -31.35  1.00000  0.0500  0.050
 1841  5.240  -31.30  1.00000  0.0500  0.050
 1842  5.240  -31.25  1.00000  0.0500  0.050
 1843  5.240  -31.20  1.00000  0.0500  0.050
 1844  5.240  -31.15  1.00000  0.0500  0.050
 1845  5.240  -31.10  1.00000  0.0500  0.050
 1846  5.240  -31.05  1.00000  0.0500  0.050
 1847  5.240  -31.00  1.00000  0.0500  0.050
 1848  5.240  -30.95  1.00000  0.0500  0.050
 1849  5.240  -30.90  1.00000  0.0500  0.050
 1850  5.240  -30.85  1.00000  0.0500  0.050
 1851  5.240  -30.80  1.00000  0.0500  0.050
 1852  5.240  -30.75  1.00000  0.0500  0.050
 1853  5.240  -30.70  1.00000  0.0500  0.050
 1854  5.240  -30.65  1.00000  0.0500  0.050
 1855  5.240  -30.60  1.00000  0.0500  0.050
 1856  5.240  -30.55  1.00000  0.0500  0.050
 1857  5.240  -30.50  1.00000  0.0500  0.050
 1858  5.240  -30.45  1.00000  0.0500  0.050
 1859  5.240  -30.40  1.00000  0.0500  0.050
 1860  5.240  -30.35  1.00000  0.0500  0.050
 1861  5.240  -30.30  1.00000  0.0500  0.050
 1862  5.240  -30.25  1.00000  0.0500  0.050
 1863  5.240  -30.20  1.00000  0.0500  0.050
 1864  5.240  -30.15  1.00000  0.0500  0.050
 1865  5.240  -30.10  1.00000  0.0500  0.050
 1866  5.240  -30.05  1.00000  0.0500  0.050
 1867  5.240  -30.00  1.00000  0.0500  0.050
 1868  5.240  -29.95  1.00000  0.0500  0.050
 1869  5.240  -29.90  1.00000  0.0500  0.050
 1870  5.240  -29.85  1.00000  0.0500  0.050
 1871  5.240  -29.80  1.00000  0.0500  0.050
 1872  5.240  -29.75  1.00000  0.0500  0.050
 1873  5.240  -29.70  1.00000  0.0500  0.050
 1874  5.240  -29.65  1.00000  0.0500  0.050
 1875  5.240  -29.60  1.00000  0.0500  0.050
 1876  5.240  -29.55  1.00000  0.0500  0.050
 1877  5.240  -29.50  1.00000  0.0500  0.050
 1878  5.240  -29.45  1.00000  0.0500  0.050
 1879  5.240  -29.40  1.00000  0.0500  0.050
 1880  5.240  -29.35  1.00000  0.0500  0.050
 1881  5.240  -29.30  1.00000  0.0500  0.050
 1882  5.240  -29.25  1.00000  0.0500  0.050
 1883  5.240  -29.20  1.00000  0.0500  0.050
 1884  5.240  -29.15  1.00000  0.0500  0.050
 1885  5.240  -29.10  1.00000  0.0500  0.050
 1886  5.240  -29.05  1.00000  0.0500  0.050
 1887  5.240  -29.00  1.00000  0.0500  0.050
 1888  5.240  -28.95  1.00000  0.0500  0.050
 1889  5.240  -28.90  1.00000  0.0500  0.050
 1890  5.240  -28.85  1.00000  0.0500  0.050
 1891  5.290  -32.30  1.00000  0.0500  0.050
 1892  5.290  -32.25  1.00000  0.0500  0.050
 1893  5.290  -32.20  1.00000  0.0500  0.050
 1894  5.290  -32.15  1.00000  0.0500  0.050
 1895  5.290  -32.10  1.00000  0.0500  0.050
 1896  5.290  -32.05  1.00000  0.0500  0.050
 1897  5.290  -32.00  1.00000  0.0500  0.050
 1898  5.290  -31.95  1.00000  0.0500  0.050
 1899  5.290  -31.90  1.00000  0.0500  0.050
 1900  5.290  -31.85  1.00000  0.0500  0.050
 1901  5.290  -31.80  1.00000  0.0500  0.050
 1902  5.290  -31.75  1.00000  0.0500  0.050
 1903  5.290  -31.70  1.00000  0.0500  0.050
 1904  5.290  -31.65  1.00000  0.0500  0.050
 1905  5.290  -31.60  1.00000  0.0500  0.050
 1906  5.290  -31.55  1.00000  0.0500  0.050
 1907  5.290  -31.50  1.00000  0.0500  0.050
 1908  5.290  -31.45  1.00000  0.0500  0.050
 1909  5.290  -31.40  1.00000  0.0500  0.050
 1910  5.290  -31.35  1.00000  0.0500  0.050
 1911  5.290  -31.30  1.00000  0.0500  0.050
 1912  5.290  -31.25  1.00000  0.0500  0.050
 1913  5.290  -31.20  1.00000  0.0500  0.050
 1914  5.290  -31.15  1.00000  0.0500  0.050
 1915  5.290  -31.10  1.00000  0.0500  0.050
 1916  5.290  -31.05  1.00000  0.0500  0.050
 1917  5.290  -31.00  1.00000  0.0500  0.050
 1918  5.290  -30.95  1.00000  0.0500  0.050
 1919  5.290  -30.90  1.00000  0.0500  0.050
 1920  5.290  -30.85  1.00000  0.0500  0.050
 1921  5.290  -30.80  1.00000  0.0500  0.050
 1922  5.290  -30.75  1.00000  0.0500  0.050
 1923  5.290  -30.70  1.00000  0.0500  0.050
 1924  5.290  -30.65  1.00000  0.0500  0.050
 1925  5.290  -30.60  1.00000  0.0500  0.050
 1926  5.290  -30.55  1.00000  0.0500  0.050
 1927  5.290  -30.50  1.00000  0.0500  0.050
 1928  5.290  -30.45  1.00000  0.0500  0.050
 1929  5.290  -30.40  1.00000  0.0500  0.050
 1930  5.290  -30.35  1.00000  0.0500  0.050
 1931  5.290  -30.30  1.00000  0.0500  0.050
 1932  5.290  -30.25  1.00000  0.0500  0.050
 1933  5.290  -30.20  1.00000  0.0500  0.050
 1934  5.290  -30.15  1.00000  0.0500  0.050
 1935  5.290  -30.10  1.00000  0.0500  0.050
 1936  5.290  -30.05  1.00000  0.0500  0.050
 1937  5.290  -30.00  1.00000  0.0500  0.050
 1938  5.290  -29.95  1.00000  0.0500  0.050
 1939  5.290  -29.90  1.00000  0.0500  0.050
 1940  5.290  -29.85  1.00000  0.0500  0.050
 1941  5.290  -29.80  1.00000  0.0500  0.050
 1942  5.290  -29.75  1.00000  0.0500  0.050
 1943  5.290  -29.70  1.00000  0.0500  0.050
 1944  5.290  -29.65  1.00000  0.0500  0.050
 1945  5.290  -29.60  1.00000  0.0500  0.050
 1946  5.290  -29.55  1.00000  0.0500  0.050
 1947  5.290  -29.50  1.00000  0.0500  0.050
 1948  5.290  -29.45  1.00000  0.0500  0.050
 1949  5.290  -29.40  1.00000  0.0500  0.050
 1950  5.290  -29.35  1.00000  0.0500  0.050
 1951  5.290  -29.30  1.00000  0.0500  0.050
 1952  5.290  -29.25  1.00000  0.0500  0.050
 1953  5.290  -29.20  1.00000  0.0500  0.050
 1954  5.290  -29.15  1.00000  0.0500  0.050
 1955  5.290  -29.10  1.00000  0.0500  0.050
 1956  5.290  -29.05  1.00000  0.0500  0.050
 1957  5.290  -29.00  1.00000  0.0500  0.050
 1958  5.290  -28.95  1.00000  0.0500  0.050
 1959  5.290  -28.90  1.00000  0.0500  0.050
 1960  5.290  -28.85  1.00000  0.0500  0.050
 1961  5.340  -32.30  1.00000  0.0500  0.050
 1962  5.340  -32.25  1.00000  0.0500  0.050
 1963  5.340  -32.20  1.00000  0.0500  0.050
 1964  5.340  -32.15  1.00000  0.0500  0.050
 1965  5.340  -32.10  1.00000  0.0500  0.050
 1966  5.340  -32.05  1.00000  0.0500  0.050
 1967  5.340  -32.00  1.00000  0.0500  0.050
 1968  5.340  -31.95  1.00000  0.0500  0.050
 1969  5.340  -31.90  1.00000  0.0500  0.050
 1970  5.340  -31.85  1.00000  0.0500  0.050
 1971  5.340  -31.80  1.00000  0.0500  0.050
 1972  5.340  -31.75  1.00000  0.0500  0.050
 1973  5.340  -31.70  1.00000  0.0500  0.050
 1974  5.340  -31.65  1.00000  0.0500  0.050
 1975  5.340  -31.60  1.00000  0.0500  0.050
 1976  5.340  -31.55  1.00000  0.0500  0.050
 1977  5.340  -31.50  1.00000  0.0500  0.050
 1978  5.340  -31.45  1.00000  0.0500  0.050
 1979  5.340  -31.40  1.00000  0.0500  0.050
 1980  5.340  -31.35  1.00000  0.0500  0.050
 1981  5.340  -31.30  1.00000  0.0500  0.050
 1982  5.340  -31.25  1.00000  0.0500  0.050
 1983  5.340  -31.20  1.00000  0.0500  0.050
 1984  5.340  -31.15  1.00000  0.0500  0.050
 1985  5.340  -31.10  1.00000  0.0500  0.050
 1986  5.340  -31.05  1.00000  0.0500  0.050
 1987  5.340  -31.00  1.00000  0.0500  0.050
 1988  5.340  -30.95  1.00000  0.0500  0.050
 1989  5.340  -30.90  1.00000  0.0500  0.050
 1990  5.340  -30.85  1.00000  0.0500  0.050
 1991  5.340  -30.80  1.00000  0.0500  0.050
 1992  5.340  -30.75  1.00000  0.0500  0.050
 1993  5.340  -30.70  1.00000  0.0500  0.050
 1994  5.340  -30.65  1.00000  0.0500  0.050
 1995  5.340  -30.60  1.00000  0.0500  0.050
 1996  5.340  -30.55  1.00000  0.0500  0.050
 1997  5.340  -30.50  1.00000  0.0500  0.050
 1998  5.340  -30.45  1.00000  0.0500  0.050
 1999  5.340  -30.40  1.00000  0.0500  0.050
 2000  5.340  -30.35  1.00000  0.0500  0.050
 2001  5.340  -30.30  1.00000  0.0500  0.050
 2002  5.340  -30.25  1.00000  0.0500  0.050
 2003  5.340  -30.20  1.00000  0.0500  0.050
 2004  5.340  -30.15  1.00000  0.0500  0.050
 2005  5.340  -30.10  1.00000  0.0500  0.050
 2006  5.340  -30.05  1.00000  0.0500  0.050
 2007  5.340  -30.00  1.00000  0.0500  0.050
 2008  5.340  -29.95  1.00000  0.0500  0.050
 2009  5.340  -29.90  1.00000  0.0500  0.050
 2010  5.340  -29.85  1.00000  0.0500  0.050
 2011  5.340  -29.80  1.00000  0.0500  0.050
 2012  5.340  -29.75  1.00000  0.0500  0.050
 2013  5.340  -29.70  1.00000  0.0500  0.050
 2014  5.340  -29.65  1.00000  0.0500  0.050
 2015  5.340  -29.60  1.00000  0.0500  0.050
 2016  5.340  -29.55  1.00000  0.0500  0.050
 2017  5.340  -29.50  1.00000  0.0500  0.050
 2018  5.340  -29.45  1.00000  0.0500  0.050
 2019  5.340  -29.40  1.00000  0.0500  0.050
 2020  5.340  -29.35  1.00000  0.0500  0.050
 2021  5.340  -29.30  1.00000  0.0500  0.050
 2022  5.340  -29.25  1.00000  0.0500  0.050
 2023  5.340  -29.20  1.00000  0.0500  0.050
 2024  5.340  -29.15  1.00000  0.0500  0.050
 2025  5.340  -29.10  1.00000  0.0500  0.050
 2026  5.340  -29.05  1.00000  0.0500  0.050
 2027  5.340  -29.00  1.00000  0.0500  0.050
 2028  5.340  -28.95  1.00000  0.0500  0.050
 2029  5.340  -28.90  1.00000  0.0500  0.050
 2030  5.340  -28.85  1.00000  0.0500  0.050
 2031  5.390  -32.30  1.00000  0.0500  0.050
 2032  5.390  -32.25  1.00000  0.0500  0.050
 2033  5.390  -32.20  1.00000  0.0500  0.050
 2034  5.390  -32.15  1.00000  0.0500  0.050
 2035  5.390  -32.10  1.00000  0.0500  0.050
 2036  5.390  -32.05  1.00000  0.0500  0.050
 2037  5.390  -32.00  1.00000  0.0500  0.050
 2038  5.390  -31.95  1.00000  0.0500  0.050
 2039  5.390  -31.90  1.00000  0.0500  0.050
 2040  5.390  -31.85  1.00000  0.0500  0.050
 2041  5.390  -31.80  1.00000  0.0500  0.050
 2042  5.390  -31.75  1.00000  0.0500  0.050
 2043  5.390  -31.70  1.00000  0.0500  0.050
 2044  5.390  -31.65  1.00000  0.0500  0.050
 2045  5.390  -31.60  1.00000  0.0500  0.050
 2046  5.390  -31.55  1.00000  0.0500  0.050
 2047  5.390  -31.50  1.00000  0.0500  0.050
 2048  5.390  -31.45  1.00000  0.0500  0.050
 2049  5.390  -31.40  1.00000  0.0500  0.050
 2050  5.390  -31.35  1.00000  0.0500  0.050
 2051  5.390  -31.30  1.00000  0.0500  0.050
 2052  5.390  -31.25  1.00000  0.0500  0.050
 2053  5.390  -31.20  1.00000  0.0500  0.050
 2054  5.390  -31.15  1.00000  0.0500  0.050
 2055  5.390  -31.10  1.00000  0.0500  0.050
 2056  5.390  -31.05  1.00000  0.0500  0.050
 2057  5.390  -31.00  1.00000  0.0500  0.050
 2058  5.390  -30.95  1.00000  0.0500  0.050
 2059  5.390  -30.90  1.00000  0.0500  0.050
 2060  5.390  -30.85  1.00000  0.0500  0.050
 2061  5.390  -30.80  1.00000  0.0500  0.050
 2062  5.390  -30.75  1.00000  0.0500  0.050
 2063  5.390  -30.70  1.00000  0.0500  0.050
 2064  5.390  -30.65  1.00000  0.0500  0.050
 2065  5.390  -30.60  1.00000  0.0500  0.050
 2066  5.390  -30.55  1.00000  0.0500  0.050
 2067  5.390  -30.50  1.00000  0.0500  0.050
 2068  5.390  -30.45  1.00000  0.0500  0.050
 2069  5.390  -30.40  1.00000  0.0500  0.050
 2070  5.390  -30.35  1.00000  0.0500  0.050
 2071  5.390  -30.30  1.00000  0.0500  0.050
 2072  5.390  -30.25  1.00000  0.0500  0.050
 2073  5.390  -30.20  1.00000  0.0500  0.050
 2074  5.390  -30.15  1.00000  0.0500  0.050
 2075  5.390  -30.10  1.00000  0.0500  0.050
 2076  5.390  -30.05  1.00000  0.0500  0.050
 2077  5.390  -30.00  1.00000  0.0500  0.050
 2078  5.390  -29.95  1.00000  0.0500  0.050
 2079  5.390  -29.90  1.00000  0.0500  0.050
 2080  5.390  -29.85  1.00000  0.0500  0.050
 2081  5.390  -29.80  1.00000  0.0500  0.050
 2082  5.390  -29.75  1.00000  0.0500  0.050
 2083  5.390  -29.70  1.00000  0.0500  0.050
 2084  5.390  -29.65  1.00000  0.0500  0.050
 2085  5.390  -29.60  1.00000  0.0500  0.050
 2086  5.390  -29.55  1.00000  0.0500  0.050
 2087  5.390  -29.50  1.00000  0.0500  0.050
 2088  5.390  -29.45  1.00000  0.0500  0.050
 2089  5.390  -29.40  1.00000  0.0500  0.050
 2090  5.390  -29.35  1.00000  0.0500  0.050
 2091  5.390  -29.30  1.00000  0.0500  0.050
 2092  5.390  -29.25  1.00000  0.0500  0.050
 2093  5.390  -29.20  1.00000  0.0500  0.050
 2094  5.390  -29.15  1.00000  0.0500  0.050
 2095  5.390  -29.10  1.00000  0.0500  0.050
 2096  5.390  -29.05  1.00000  0.0500  0.050
 2097  5.390  -29.00  1.00000  0.0500  0.050
 2098  5.390  -28.95  1.00000  0.0500  0.050
 2099  5.390  -28.90  1.00000  0.0500  0.050
 2100  5.390  -28.85  1.00000  0.0500  0.050
 2101  5.440  -32.30  1.00000  0.0500  0.050
 2102  5.440  -32.25  1.00000  0.0500  0.050
 2103  5.440  -32.20  1.00000  0.0500  0.050
 2104  5.440  -32.15  1.00000  0.0500  0.050
 2105  5.440  -32.10  1.00000  0.0500  0.050
 2106  5.440  -32.05  1.00000  0.0500  0.050
 2107  5.440  -32.00  1.00000  0.0500  0.050
 2108  5.440  -31.95  1.00000  0.0500  0.050
 2109  5.440  -31.90  1.00000  0.0500  0.050
 2110  5.440  -31.85  1.00000  0.0500  0.050
 2111  5.440  -31.80  1.00000  0.0500  0.050
 2112  5.440  -31.75  1.00000  0.0500  0.050
 2113  5.440  -31.70  1.00000  0.0500  0.050
 2114  5.440  -31.65  1.00000  0.0500  0.050
 2115  5.440  -31.60  1.00000  0.0500  0.050
 2116  5.440  -31.55  1.00000  0.0500  0.050
 2117  5.440  -31.50  1.00000  0.0500  0.050
 2118  5.440  -31.45  1.00000  0.0500  0.050
 2119  5.440  -31.40  1.00000  0.0500  0.050
 2120  5.440  -31.35  1.00000  0.0500  0.050
 2121  5.440  -31.30  1.00000  0.0500  0.050
 2122  5.440  -31.25  1.00000  0.0500  0.050
 2123  5.440  -31.20  1.00000  0.0500  0.050
 2124  5.440  -31.15  1.00000  0.0500  0.050
 2125  5.440  -31.10  1.00000  0.0500  0.050
 2126  5.440  -31.05  1.00000  0.0500  0.050
 2127  5.440  -31.00  1.00000  0.0500  0.050
 2128  5.440  -30.95  1.00000  0.0500  0.050
 2129  5.440  -30.90  1.00000  0.0500  0.050
 2130  5.440  -30.85  1.00000  0.0500  0.050
 2131  5.440  -30.80  1.00000  0.0500  0.050
 2132  5.440  -30.75  1.00000  0.0500  0.050
 2133  5.440  -30.70  1.00000  0.0500  0.050
 2134  5.440  -30.65  1.00000  0.0500  0.050
 2135  5.440  -30.60  1.00000  0.0500  0.050
 2136  5.440  -30.55  1.00000  0.0500  0.050
 2137  5.440  -30.50  1.00000  0.0500  0.050
 2138  5.440  -30.45  1.00000  0.0500  0.050
 2139  5.440  -30.40  1.00000  0.0500  0.050
 2140  5.440  -30.35  1.00000  0.0500  0.050
 2141  5.440  -30.30  1.00000  0.0500  0.050
 2142  5.440  -30.25  1.00000  0.0500  0.050
 2143  5.440  -30.20  1.00000  0.0500  0.050
 2144  5.440  -30.15  1.00000  0.0500  0.050
 2145  5.440  -30.10  1.00000  0.0500  0.050
 2146  5.440  -30.05  1.00000  0.0500  0.050
 2147  5.440  -30.00  1.00000  0.0500  0.050
 2148  5.440  -29.95  1.00000  0.0500  0.050
 2149  5.440  -29.90  1.00000  0.0500  0.050
 2150  5.440  -29.85  1.00000  0.0500  0.050
 2151  5.440  -29.80  1.00000  0.0500  0.050
 2152  5.440  -29.75  1.00000  0.0500  0.050
 2153  5.440  -29.70  1.00000  0.0500  0.050
 2154  5.440  -29.65  1.00000  0.0500  0.050
 2155  5.440  -29.60  1.00000  0.0500  0.050
 2156  5.440  -29.55  1.00000  0.0500  0.050
 2157  5.440  -29.50  1.00000  0.0500  0.050
 2158  5.440  -29.45  1.00000  0.0500  0.050
 2159  5.440  -29.40  1.00000  0.0500  0.050
 2160  5.440  -29.35  1.00000  0.0500  0.050
 2161  5.440  -29.30  1.00000  0.0500  0.050
 2162  5.440  -29.25  1.00000  0.0500  0.050
 2163  5.440  -29.20  1.00000  0.0500  0.050
 2164  5.440  -29.15  1.00000  0.0500  0.050
 2165  5.440  -29.10  1.00000  0.0500  0.050
 2166  5.440  -29.05  1.00000  0.0500  0.050
 2167  5.440  -29.00  1.00000  0.0500  0.050
 2168  5.440  -28.95  1.00000  0.0500  0.050
 2169  5.440  -28.90  1.00000  0.0500  0.050
 2170  5.440  -28.85  1.00000  0.0500  0.050
 2171  5.490  -32.30  1.00000  0.0500  0.050
 2172  5.490  -32.25  1.00000  0.0500  0.050
 2173  5.490  -32.20  1.00000  0.0500  0.050
 2174  5.490  -32.15  1.00000  0.0500  0.050
 2175  5.490  -32.10  1.00000  0.0500  0.050
 2176  5.490  -32.05  1.00000  0.0500  0.050
 2177  5.490  -32.00  1.00000  0.0500  0.050
 2178  5.490  -31.95  1.00000  0.0500  0.050
 2179  5.490  -31.90  1.00000  0.0500  0.050
 2180  5.490  -31.85  1.00000  0.0500  0.050
 2181  5.490  -31.80  1.00000  0.0500  0.050
 2182  5.490  -31.75  1.00000  0.0500  0.050
 2183  5.490  -31.70  1.00000  0.0500  0.050
 2184  5.490  -31.65  1.00000  0.0500  0.050
 2185  5.490  -31.60  1.00000  0.0500  0.050
 2186  5.490  -31.55  1.00000  0.0500  0.050
 2187  5.490  -31.50  1.00000  0.0500  0.050
 2188  5.490  -31.45  1.00000  0.0500  0.050
 2189  5.490  -31.40  1.00000  0.0500  0.050
 2190  5.490  -31.35  1.00000  0.0500  0.050
 2191  5.490  -31.30  1.00000  0.0500  0.050
 2192  5.490  -31.25  1.00000  0.0500  0.050
 2193  5.490  -31.20  1.00000  0.0500  0.050
 2194  5.490  -31.15  1.00000  0.0500  0.050
 2195  5.490  -31.10  1.00000  0.0500  0.050
 2196  5.490  -31.05  1.00000  0.0500  0.050
 2197  5.490  -31.00  1.00000  0.0500  0.050
 2198  5.490  -30.95  1.00000  0.0500  0.050
 2199  5.490  -30.90  1.00000  0.0500  0.050
 2200  5.490  -30.85  1.00000  0.0500  0.050
 2201  5.490  -30.80  1.00000  0.0500  0.050
 2202  5.490  -30.75  1.00000  0.0500  0.050
 2203  5.490  -30.70  1.00000  0.0500  0.050
 2204  5.490  -30.65  1.00000  0.0500  0.050
 2205  5.490  -30.60  1.00000  0.0500  0.050
 2206  5.490  -30.55  1.00000  0.0500  0.050
 2207  5.490  -30.50  1.00000  0.0500  0.050
 2208  5.490  -30.45  1.00000  0.0500  0.050
 2209  5.490  -30.40  1.00000  0.0500  0.050
 2210  5.490  -30.35  1.00000  0.0500  0.050
 2211  5.490  -30.30  1.00000  0.0500  0.050
 2212  5.490  -30.25  1.00000  0.0500  0.050
 2213  5.490  -30.20  1.00000  0.0500  0.050
 2214  5.490  -30.15  1.00000  0.0500  0.050
 2215  5.490  -30.10  1.00000  0.0500  0.050
 2216  5.490  -30.05  1.00000  0.0500  0.050
 2217  5.490  -30.00  1.00000  0.0500  0.050
 2218  5.490  -29.95  1.00000  0.0500  0.050
 2219  5.490  -29.90  1.00000  0.0500  0.050
 2220  5.490  -29.85  1.00000  0.0500  0.050
 2221  5.490  -29.80  1.00000  0.0500  0.050
 2222  5.490  -29.75  1.00000  0.0500  0.050
 2223  5.490  -29.70  1.00000  0.0500  0.050
 2224  5.490  -29.65  1.00000  0.0500  0.050
 2225  5.490  -29.60  1.00000  0.0500  0.050
 2226  5.490  -29.55  1.00000  0.0500  0.050
 2227  5.490  -29.50  1.00000  0.0500  0.050
 2228  5.490  -29.45  1.00000  0.0500  0.050
 2229  5.490  -29.40  1.00000  0.0500  0.050
 2230  5.490  -29.35  1.00000  0.0500  0.050
 2231  5.490  -29.30  1.00000  0.0500  0.050
 2232  5.490  -29.25  1.00000  0.0500  0.050
 2233  5.490  -29.20  1.00000  0.0500  0.050
 2234  5.490  -29.15  1.00000  0.0500  0.050
 2235  5.490  -29.10  1.00000  0.0500  0.050
 2236  5.490  -29.05  1.00000  0.0500  0.050
 2237  5.490  -29.00  1.00000  0.0500  0.050
 2238  5.490  -28.95  1.00000  0.0500  0.050
 2239  5.490  -28.90  1.00000  0.0500  0.050
 2240  5.490  -28.85  1.00000  0.0500  0.050
 2241  5.540  -32.30  1.00000  0.0500  0.050
 2242  5.540  -32.25  1.00000  0.0500  0.050
 2243  5.540  -32.20  1.00000  0.0500  0.050
 2244  5.540  -32.15  1.00000  0.0500  0.050
 2245  5.540  -32.10  1.00000  0.0500  0.050
 2246  5.540  -32.05  1.00000  0.0500  0.050
 2247  5.540  -32.00  1.00000  0.0500  0.050
 2248  5.540  -31.95  1.00000  0.0500  0.050
 2249  5.540  -31.90  1.00000  0.0500  0.050
 2250  5.540  -31.85  1.00000  0.0500  0.050
 2251  5.540  -31.80  1.00000  0.0500  0.050
 2252  5.540  -31.75  1.00000  0.0500  0.050
 2253  5.540  -31.70  1.00000  0.0500  0.050
 2254  5.540  -31.65  1.00000  0.0500  0.050
 2255  5.540  -31.60  1.00000  0.0500  0.050
 2256  5.540  -31.55  1.00000  0.0500  0.050
 2257  5.540  -31.50  1.00000  0.0500  0.050
 2258  5.540  -31.45  1.00000  0.0500  0.050
 2259  5.540  -31.40  1.00000  0.0500  0.050
 2260  5.540  -31.35  1.00000  0.0500  0.050
 2261  5.540  -31.30  1.00000  0.0500  0.050
 2262  5.540  -31.25  1.00000  0.0500  0.050
 2263  5.540  -31.20  1.00000  0.0500  0.050
 2264  5.540  -31.15  1.00000  0.0500  0.050
 2265  5.540  -31.10  1.00000  0.0500  0.050
 2266  5.540  -31.05  1.00000  0.0500  0.050
 2267  5.540  -31.00  1.00000  0.0500  0.050
 2268  5.540  -30.95  1.00000  0.0500  0.050
 2269  5.540  -30.90  1.00000  0.0500  0.050
 2270  5.540  -30.85  1.00000  0.0500  0.050
 2271  5.540  -30.80  1.00000  0.0500  0.050
 2272  5.540  -30.75  1.00000  0.0500  0.050
 2273  5.540  -30.70  1.00000  0.0500  0.050
 2274  5.540  -30.65  1.00000  0.0500  0.050
 2275  5.540  -30.60  1.00000  0.0500  0.050
 2276  5.540  -30.55  1.00000  0.0500  0.050
 2277  5.540  -30.50  1.00000  0.0500  0.050
 2278  5.540  -30.45  1.00000  0.0500  0.050
 2279  5.540  -30.40  1.00000  0.0500  0.050
 2280  5.540  -30.35  1.00000  0.0500  0.050
 2281  5.540  -30.30  1.00000  0.0500  0.050
 2282  5.540  -30.25  1.00000  0.0500  0.050
 2283  5.540  -30.20  1.00000  0.0500  0.050
 2284  5.540  -30.15  1.00000  0.0500  0.050
 2285  5.540  -30.10  1.00000  0.0500  0.050
 2286  5.540  -30.05  1.00000  0.0500  0.050
 2287  5.540  -30.00  1.00000  0.0500  0.050
 2288  5.540  -29.95  1.00000  0.0500  0.050
 2289  5.540  -29.90  1.00000  0.0500  0.050
 2290  5.540  -29.85  1.00000  0.0500  0.050
 2291  5.540  -29.80  1.00000  0.0500  0.050
 2292  5.540  -29.75  1.00000  0.0500  0.050
 2293  5.540  -29.70  1.00000  0.0500  0.050
 2294  5.540  -29.65  1.00000  0.0500  0.050
 2295  5.540  -29.60  1.00000  0.0500  0.050
 2296  5.540  -29.55  1.00000  0.0500  0.050
 2297  5.540  -29.50  1.00000  0.0500  0.050
 2298  5.540  -29.45  1.00000  0.0500  0.050
 2299  5.540  -29.40  1.00000  0.0500  0.050
 2300  5.540  -29.35  1.00000  0.0500  0.050
 2301  5.540  -29.30  1.00000  0.0500  0.050
 2302  5.540  -29.25  1.00000  0.0500  0.050
 2303  5.540  -29.20  1.00000  0.0500  0.050
 2304  5.540  -29.15  1.00000  0.0500  0.050
 2305  5.540  -29.10  1.00000  0.0500  0.050
 2306  5.540  -29.05  1.00000  0.0500  0.050
 2307  5.540  -29.00  1.00000  0.0500  0.050
 2308  5.540  -28.95  1.00000  0.0500  0.050
 2309  5.540  -28.90  1.00000  0.0500  0.050
 2310  5.540  -28.85  1.00000  0.0500  0.050
 2311  5.590  -32.30  1.00000  0.0500  0.050
 2312  5.590  -32.25  1.00000  0.0500  0.050
 2313  5.590  -32.20  1.00000  0.0500  0.050
 2314  5.590  -32.15  1.00000  0.0500  0.050
 2315  5.590  -32.10  1.00000  0.0500  0.050
 2316  5.590  -32.05  1.00000  0.0500  0.050
 2317  5.590  -32.00  1.00000  0.0500  0.050
 2318  5.590  -31.95  1.00000  0.0500  0.050
 2319  5.590  -31.90  1.00000  0.0500  0.050
 2320  5.590  -31.85  1.00000  0.0500  0.050
 2321  5.590  -31.80  1.00000  0.0500  0.050
 2322  5.590  -31.75  1.00000  0.0500  0.050
 2323  5.590  -31.70  1.00000  0.0500  0.050
 2324  5.590  -31.65  1.00000  0.0500  0.050
 2325  5.590  -31.60  1.00000  0.0500  0.050
 2326  5.590  -31.55  1.00000  0.0500  0.050
 2327  5.590  -31.50  1.00000  0.0500  0.050
 2328  5.590  -31.45  1.00000  0.0500  0.050
 2329  5.590  -31.40  1.00000  0.0500  0.050
 2330  5.590  -31.35  1.00000  0.0500  0.050
 2331  5.590  -31.30  1.00000  0.0500  0.050
 2332  5.590  -31.25  1.00000  0.0500  0.050
 2333  5.590  -31.20  1.00000  0.0500  0.050
 2334  5.590  -31.15  1.00000  0.0500  0.050
 2335  5.590  -31.10  1.00000  0.0500  0.050
 2336  5.590  -31.05  1.00000  0.0500  0.050
 2337  5.590  -31.00  1.00000  0.0500  0.050
 2338  5.590  -30.95  1.00000  0.0500  0.050
 2339  5.590  -30.90  1.00000  0.0500  0.050
 2340  5.590  -30.85  1.00000  0.0500  0.050
 2341  5.590  -30.80  1.00000  0.0500  0.050
 2342  5.590  -30.75  1.00000  0.0500  0.050
 2343  5.590  -30.70  1.00000  0.0500  0.050
 2344  5.590  -30.65  1.00000  0.0500  0.050
 2345  5.590  -30.60  1.00000  0.0500  0.050
 2346  5.590  -30.55  1.00000  0.0500  0.050
 2347  5.590  -30.50  1.00000  0.0500  0.050
 2348  5.590  -30.45  1.00000  0.0500  0.050
 2349  5.590  -30.40  1.00000  0.0500  0.050
 2350  5.590  -30.35  1.00000  0.0500  0.050
 2351  5.590  -30.30  1.00000  0.0500  0.050
 2352  5.590  -30.25  1.00000  0.0500  0.050
 2353  5.590  -30.20  1.00000  0.0500  0.050
 2354  5.590  -30.15  1.00000  0.0500  0.050
 2355  5.590  -30.10  1.00000  0.0500  0.050
 2356  5.590  -30.05  1.00000  0.0500  0.050
 2357  5.590  -30.00  1.00000  0.0500  0.050
 2358  5.590  -29.95  1.00000  0.0500  0.050
 2359  5.590  -29.90  1.00000  0.0500  0.050
 2360  5.590  -29.85  1.00000  0.0500  0.050
 2361  5.590  -29.80  1.00000  0.0500  0.050
 2362  5.590  -29.75  1.00000  0.0500  0.050
 2363  5.590  -29.70  1.00000  0.0500  0.050
 2364  5.590  -29.65  1.00000  0.0500  0.050
 2365  5.590  -29.60  1.00000  0.0500  0.050
 2366  5.590  -29.55  1.00000  0.0500  0.050
 2367  5.590  -29.50  1.00000  0.0500  0.050
 2368  5.590  -29.45  1.00000  0.0500  0.050
 2369  5.590  -29.40  1.00000  0.0500  0.050
 2370  5.590  -29.35  1.00000  0.0500  0.050
 2371  5.590  -29.30  1.00000  0.0500  0.050
 2372  5.590  -29.25  1.00000  0.0500  0.050
 2373  5.590  -29.20  1.00000  0.0500  0.050
 2374  5.590  -29.15  1.00000  0.0500  0.050
 2375  5.590  -29.10  1.00000  0.0500  0.050
 2376  5.590  -29.05  1.00000  0.0500  0.050
 2377  5.590  -29.00  1.00000  0.0500  0.050
 2378  5.590  -28.95  1.00000  0.0500  0.050
 2379  5.590  -28.90  1.00000  0.0500  0.050
 2380  5.590  -28.85  1.00000  0.0500  0.050
 2381  5.640  -32.30  1.00000  0.0500  0.050
 2382  5.640  -32.25  1.00000  0.0500  0.050
 2383  5.640  -32.20  1.00000  0.0500  0.050
 2384  5.640  -32.15  1.00000  0.0500  0.050
 2385  5.640  -32.10  1.00000  0.0500  0.050
 2386  5.640  -32.05  1.00000  0.0500  0.050
 2387  5.640  -32.00  1.00000  0.0500  0.050
 2388  5.640  -31.95  1.00000  0.0500  0.050
 2389  5.640  -31.90  1.00000  0.0500  0.050
 2390  5.640  -31.85  1.00000  0.0500  0.050
 2391  5.640  -31.80  1.00000  0.0500  0.050
 2392  5.640  -31.75  1.00000  0.0500  0.050
 2393  5.640  -31.70  1.00000  0.0500  0.050
 2394  5.640  -31.65  1.00000  0.0500  0.050
 2395  5.640  -31.60  1.00000  0.0500  0.050
 2396  5.640  -31.55  1.00000  0.0500  0.050
 2397  5.640  -31.50  1.00000  0.0500  0.050
 2398  5.640  -31.45  1.00000  0.0500  0.050
 2399  5.640  -31.40  1.00000  0.0500  0.050
 2400  5.640  -31.35  1.00000  0.0500  0.050
 2401  5.640  -31.30  1.00000  0.0500  0.050
 2402  5.640  -31.25  1.00000  0.0500  0.050
 2403  5.640  -31.20  1.00000  0.0500  0.050
 2404  5.640  -31.15  1.00000  0.0500  0.050
 2405  5.640  -31.10  1.00000  0.0500  0.050
 2406  5.640  -31.05  1.00000  0.0500  0.050
 2407  5.640  -31.00  1.00000  0.0500  0.050
 2408  5.640  -30.95  1.00000  0.0500  0.050
 2409  5.640  -30.90  1.00000  0.0500  0.050
 2410  5.640  -30.85  1.00000  0.0500  0.050
 2411  5.640  -30.80  1.00000  0.0500  0.050
 2412  5.640  -30.75  1.00000  0.0500  0.050
 2413  5.640  -30.70  1.00000  0.0500  0.050
 2414  5.640  -30.65  1.00000  0.0500  0.050
 2415  5.640  -30.60  1.00000  0.0500  0.050
 2416  5.640  -30.55  1.00000  0.0500  0.050
 2417  5.640  -30.50  1.00000  0.0500  0.050
 2418  5.640  -30.45  1.00000  0.0500  0.050
 2419  5.640  -30.40  1.00000  0.0500  0.050
 2420  5.640  -30.35  1.00000  0.0500  0.050
 2421  5.640  -30.30  1.00000  0.0500  0.050
 2422  5.640  -30.25  1.00000  0.0500  0.050
 2423  5.640  -30.20  1.00000  0.0500  0.050
 2424  5.640  -30.15  1.00000  0.0500  0.050
 2425  5.640  -30.10  1.00000  0.0500  0.050
 2426  5.640  -30.05  1.00000  0.0500  0.050
 2427  5.640  -30.00  1.00000  0.0500  0.050
 2428  5.640  -29.95  1.00000  0.0500  0.050
 2429  5.640  -29.90  1.00000  0.0500  0.050
 2430  5.640  -29.85  1.00000  0.0500  0.050
 2431  5.640  -29.80  1.00000  0.0500  0.050
 2432  5.640  -29.75  1.00000  0.0500  0.050
 2433  5.640  -29.70  1.00000  0.0500  0.050
 2434  5.640  -29.65  1.00000  0.0500  0.050
 2435  5.640  -29.60  1.00000  0.0500  0.050
 2436  5.640  -29.55  1.00000  0.0500  0.050
 2437  5.640  -29.50  1.00000  0.0500  0.050
 2438  5.640  -29.45  1.00000  0.0500  0.050
 2439  5.640  -29.40  1.00000  0.0500  0.050
 2440  5.640  -29.35  1.00000  0.0500  0.050
 2441  5.640  -29.30  1.00000  0.0500  0.050
 2442  5.640  -29.25  1.00000  0.0500  0.050
 2443  5.640  -29.20  1.00000  0.0500  0.050
 2444  5.640  -29.15  1.00000  0.0500  0.050
 2445  5.640  -29.10  1.00000  0.0500  0.050
 2446  5.640  -29.05  1.00000  0.0500  0.050
 2447  5.640  -29.00  1.00000  0.0500  0.050
 2448  5.640  -28.95  1.00000  0.0500  0.050
 2449  5.640  -28.90  1.00000  0.0500  0.050
 2450  5.640  -28.85  1.00000  0.0500  0.050
 2451  5.690  -32.30  1.00000  0.0500  0.050
 2452  5.690  -32.25  1.00000  0.0500  0.050
 2453  5.690  -32.20  1.00000  0.0500  0.050
 2454  5.690  -32.15  1.00000  0.0500  0.050
 2455  5.690  -32.10  1.00000  0.0500  0.050
 2456  5.690  -32.05  1.00000  0.0500  0.050
 2457  5.690  -32.00  1.00000  0.0500  0.050
 2458  5.690  -31.95  1.00000  0.0500  0.050
 2459  5.690  -31.90  1.00000  0.0500  0.050
 2460  5.690  -31.85  1.00000  0.0500  0.050
 2461  5.690  -31.80  1.00000  0.0500  0.050
 2462  5.690  -31.75  1.00000  0.0500  0.050
 2463  5.690  -31.70  1.00000  0.0500  0.050
 2464  5.690  -31.65  1.00000  0.0500  0.050
 2465  5.690  -31.60  1.00000  0.0500  0.050
 2466  5.690  -31.55  1.00000  0.0500  0.050
 2467  5.690  -31.50  1.00000  0.0500  0.050
 2468  5.690  -31.45  1.00000  0.0500  0.050
 2469  5.690  -31.40  1.00000  0.0500  0.050
 2470  5.690  -31.35  1.00000  0.0500  0.050
 2471  5.690  -31.30  1.00000  0.0500  0.050
 2472  5.690  -31.25  1.00000  0.0500  0.050
 2473  5.690  -31.20  1.00000  0.0500  0.050
 2474  5.690  -31.15  1.00000  0.0500  0.050
 2475  5.690  -31.10  1.00000  0.0500  0.050
 2476  5.690  -31.05  1.00000  0.0500  0.050
 2477  5.690  -31.00  1.00000  0.0500  0.050
 2478  5.690  -30.95  1.00000  0.0500  0.050
 2479  5.690  -30.90  1.00000  0.0500  0.050
 2480  5.690  -30.85  1.00000  0.0500  0.050
 2481  5.690  -30.80  1.00000  0.0500  0.050
 2482  5.690  -30.75  1.00000  0.0500  0.050
 2483  5.690  -30.70  1.00000  0.0500  0.050
 2484  5.690  -30.65  1.00000  0.0500  0.050
 2485  5.690  -30.60  1.00000  0.0500  0.050
 2486  5.690  -30.55  1.00000  0.0500  0.050
 2487  5.690  -30.50  1.00000  0.0500  0.050
 2488  5.690  -30.45  1.00000  0.0500  0.050
 2489  5.690  -30.40  1.00000  0.0500  0.050
 2490  5.690  -30.35  1.00000  0.0500  0.050
 2491  5.690  -30.30  1.00000  0.0500  0.050
 2492  5.690  -30.25  1.00000  0.0500  0.050
 2493  5.690  -30.20  1.00000  0.0500  0.050
 2494  5.690  -30.15  1.00000  0.0500  0.050
 2495  5.690  -30.10  1.00000  0.0500  0.050
 2496  5.690  -30.05  1.00000  0.0500  0.050
 2497  5.690  -30.00  1.00000  0.0500  0.050
 2498  5.690  -29.95  1.00000  0.0500  0.050
 2499  5.690  -29.90  1.00000  0.0500  0.050
 2500  5.690  -29.85  1.00000  0.0500  0.050
 2501  5.690  -29.80  1.00000  0.0500  0.050
 2502  5.690  -29.75  1.00000  0.0500  0.050
 2503  5.690  -29.70  1.00000  0.0500  0.050
 2504  5.690  -29.65  1.00000  0.0500  0.050
 2505  5.690  -29.60  1.00000  0.0500  0.050
 2506  5.690  -29.55  1.00000  0.0500  0.050
 2507  5.690  -29.50  1.00000  0.0500  0.050
 2508  5.690  -29.45  1.00000  0.0500  0.050
 2509  5.690  -29.40  1.00000  0.0500  0.050
 2510  5.690  -29.35  1.00000  0.0500  0.050
 2511  5.690  -29.30  1.00000  0.0500  0.050
 2512  5.690  -29.25  1.00000  0.0500  0.050
 2513  5.690  -29.20  1.00000  0.0500  0.050
 2514  5.690  -29.15  1.00000  0.0500  0.050
 2515  5.690  -29.10  1.00000  0.0500  0.050
 2516  5.690  -29.05  1.00000  0.0500  0.050
 2517  5.690  -29.00  1.00000  0.0500  0.050
 2518  5.690  -28.95  1.00000  0.0500  0.050
 2519  5.690  -28.90  1.00000  0.0500  0.050
 2520  5.690  -28.85  1.00000  0.0500  0.050
 2521  5.740  -32.30  1.00000  0.0500  0.050
 2522  5.740  -32.25  1.00000  0.0500  0.050
 2523  5.740  -32.20  1.00000  0.0500  0.050
 2524  5.740  -32.15  1.00000  0.0500  0.050
 2525  5.740  -32.10  1.00000  0.0500  0.050
 2526  5.740  -32.05  1.00000  0.0500  0.050
 2527  5.740  -32.00  1.00000  0.0500  0.050
 2528  5.740  -31.95  1.00000  0.0500  0.050
 2529  5.740  -31.90  1.00000  0.0500  0.050
 2530  5.740  -31.85  1.00000  0.0500  0.050
 2531  5.740  -31.80  1.00000  0.0500  0.050
 2532  5.740  -31.75  1.00000  0.0500  0.050
 2533  5.740  -31.70  1.00000  0.0500  0.050
 2534  5.740  -31.65  1.00000  0.0500  0.050
 2535  5.740  -31.60  1.00000  0.0500  0.050
 2536  5.740  -31.55  1.00000  0.0500  0.050
 2537  5.740  -31.50  1.00000  0.0500  0.050
 2538  5.740  -31.45  1.00000  0.0500  0.050
 2539  5.740  -31.40  1.00000  0.0500  0.050
 2540  5.740  -31.35  1.00000  0.0500  0.050
 2541  5.740  -31.30  1.00000  0.0500  0.050
 2542  5.740  -31.25  1.00000  0.0500  0.050
 2543  5.740  -31.20  1.00000  0.0500  0.050
 2544  5.740  -31.15  1.00000  0.0500  0.050
 2545  5.740  -31.10  1.00000  0.0500  0.050
 2546  5.740  -31.05  1.00000  0.0500  0.050
 2547  5.740  -31.00  1.00000  0.0500  0.050
 2548  5.740  -30.95  1.00000  0.0500  0.050
 2549  5.740  -30.90  1.00000  0.0500  0.050
 2550  5.740  -30.85  1.00000  0.0500  0.050
 2551  5.740  -30.80  1.00000  0.0500  0.050
 2552  5.740  -30.75  1.00000  0.0500  0.050
 2553  5.740  -30.70  1.00000  0.0500  0.050
 2554  5.740  -30.65  1.00000  0.0500  0.050
 2555  5.740  -30.60  1.00000  0.0500  0.050
 2556  5.740  -30.55  1.00000  0.0500  0.050
 2557  5.740  -30.50  1.00000  0.0500  0.050
 2558  5.740  -30.45  1.00000  0.0500  0.050
 2559  5.740  -30.40  1.00000  0.0500  0.050
 2560  5.740  -30.35  1.00000  0.0500  0.050
 2561  5.740  -30.30  1.00000  0.0500  0.050
 2562  5.740  -30.25  1.00000  0.0500  0.050
 2563  5.740  -30.20  1.00000  0.0500  0.050
 2564  5.740  -30.15  1.00000  0.0500  0.050
 2565  5.740  -30.10  1.00000  0.0500  0.050
 2566  5.740  -30.05  1.00000  0.0500  0.050
 2567  5.740  -30.00  1.00000  0.0500  0.050
 2568  5.740  -29.95  1.00000  0.0500  0.050
 2569  5.740  -29.90  1.00000  0.0500  0.050
 2570  5.740  -29.85  1.00000  0.0500  0.050
 2571  5.740  -29.80  1.00000  0.0500  0.050
 2572  5.740  -29.75  1.00000  0.0500  0.050
 2573  5.740  -29.70  1.00000  0.0500  0.050
 2574  5.740  -29.65  1.00000  0.0500  0.050
 2575  5.740  -29.60  1.00000  0.0500  0.050
 2576  5.740  -29.55  1.00000  0.0500  0.050
 2577  5.740  -29.50  1.00000  0.0500  0.050
 2578  5.740  -29.45  1.00000  0.0500  0.050
 2579  5.740  -29.40  1.00000  0.0500  0.050
 2580  5.740  -29.35  1.00000  0.0500  0.050
 2581  5.740  -29.30  1.00000  0.0500  0.050
 2582  5.740  -29.25  1.00000  0.0500  0.050
 2583  5.740  -29.20  1.00000  0.0500  0.050
 2584  5.740  -29.15  1.00000  0.0500  0.050
 2585  5.740  -29.10  1.00000  0.0500  0.050
 2586  5.740  -29.05  1.00000  0.0500  0.050
 2587  5.740  -29.00  1.00000  0.0500  0.050
 2588  5.740  -28.95  1.00000  0.0500  0.050
 2589  5.740  -28.90  1.00000  0.0500  0.050
 2590  5.740  -28.85  1.00000  0.0500  0.050
 2591  5.790  -32.30  1.00000  0.0500  0.050
 2592  5.790  -32.25  1.00000  0.0500  0.050
 2593  5.790  -32.20  1.00000  0.0500  0.050
 2594  5.790  -32.15  1.00000  0.0500  0.050
 2595  5.790  -32.10  1.00000  0.0500  0.050
 2596  5.790  -32.05  1.00000  0.0500  0.050
 2597  5.790  -32.00  1.00000  0.0500  0.050
 2598  5.790  -31.95  1.00000  0.0500  0.050
 2599  5.790  -31.90  1.00000  0.0500  0.050
 2600  5.790  -31.85  1.00000  0.0500  0.050
 2601  5.790  -31.80  1.00000  0.0500  0.050
 2602  5.790  -31.75  1.00000  0.0500  0.050
 2603  5.790  -31.70  1.00000  0.0500  0.050
 2604  5.790  -31.65  1.00000  0.0500  0.050
 2605  5.790  -31.60  1.00000  0.0500  0.050
 2606  5.790  -31.55  1.00000  0.0500  0.050
 2607  5.790  -31.50  1.00000  0.0500  0.050
 2608  5.790  -31.45  1.00000  0.0500  0.050
 2609  5.790  -31.40  1.00000  0.0500  0.050
 2610  5.790  -31.35  1.00000  0.0500  0.050
 2611  5.790  -31.30  1.00000  0.0500  0.050
 2612  5.790  -31.25  1.00000  0.0500  0.050
 2613  5.790  -31.20  1.00000  0.0500  0.050
 2614  5.790  -31.15  1.00000  0.0500  0.050
 2615  5.790  -31.10  1.00000  0.0500  0.050
 2616  5.790  -31.05  1.00000  0.0500  0.050
 2617  5.790  -31.00  1.00000  0.0500  0.050
 2618  5.790  -30.95  1.00000  0.0500  0.050
 2619  5.790  -30.90  1.00000  0.0500  0.050
 2620  5.790  -30.85  1.00000  0.0500  0.050
 2621  5.790  -30.80  1.00000  0.0500  0.050
 2622  5.790  -30.75  1.00000  0.0500  0.050
 2623  5.790  -30.70  1.00000  0.0500  0.050
 2624  5.790  -30.65  1.00000  0.0500  0.050
 2625  5.790  -30.60  1.00000  0.0500  0.050
 2626  5.790  -30.55  1.00000  0.0500  0.050
 2627  5.790  -30.50  1.00000  0.0500  0.050
 2628  5.790  -30.45  1.00000  0.0500  0.050
 2629  5.790  -30.40  1.00000  0.0500  0.050
 2630  5.790  -30.35  1.00000  0.0500  0.050
 2631  5.790  -30.30  1.00000  0.0500  0.050
 2632  5.790  -30.25  1.00000  0.0500  0.050
 2633  5.790  -30.20  1.00000  0.0500  0.050
 2634  5.790  -30.15  1.00000  0.0500  0.050
 2635  5.790  -30.10  1.00000  0.0500  0.050
 2636  5.790  -30.05  1.00000  0.0500  0.050
 2637  5.790  -30.00  1.00000  0.0500  0.050
 2638  5.790  -29.95  1.00000  0.0500  0.050
 2639  5.790  -29.90  1.00000  0.0500  0.050
 2640  5.790  -29.85  1.00000  0.0500  0.050
 2641  5.790  -29.80  1.00000  0.0500  0.050
 2642  5.790  -29.75  1.00000  0.0500  0.050
 2643  5.790  -29.70  1.00000  0.0500  0.050
 2644  5.790  -29.65  1.00000  0.0500  0.050
 2645  5.790  -29.60  1.00000  0.0500  0.050
 2646  5.790  -29.55  1.00000  0.0500  0.050
 2647  5.790  -29.50  1.00000  0.0500  0.050
 2648  5.790  -29.45  1.00000  0.0500  0.050
 2649  5.790  -29.40  1.00000  0.0500  0.050
 2650  5.790  -29.35  1.00000  0.0500  0.050
 2651  5.790  -29.30  1.00000  0.0500  0.050
 2652  5.790  -29.25  1.00000  0.0500  0.050
 2653  5.790  -29.20  1.00000  0.0500  0.050
 2654  5.790  -29.15  1.00000  0.0500  0.050
 2655  5.790  -29.10  1.00000  0.0500  0.050
 2656  5.790  -29.05  1.00000  0.0500  0.050
 2657  5.790  -29.00  1.00000  0.0500  0.050
 2658  5.790  -28.95  1.00000  0.0500  0.050
 2659  5.790  -28.90  1.00000  0.0500  0.050
 2660  5.790  -28.85  1.00000  0.0500  0.050
 2661  5.840  -32.30  1.00000  0.0500  0.050
 2662  5.840  -32.25  1.00000  0.0500  0.050
 2663  5.840  -32.20  1.00000  0.0500  0.050
 2664  5.840  -32.15  1.00000  0.0500  0.050
 2665  5.840  -32.10  1.00000  0.0500  0.050
 2666  5.840  -32.05  1.00000  0.0500  0.050
 2667  5.840  -32.00  1.00000  0.0500  0.050
 2668  5.840  -31.95  1.00000  0.0500  0.050
 2669  5.840  -31.90  1.00000  0.0500  0.050
 2670  5.840  -31.85  1.00000  0.0500  0.050
 2671  5.840  -31.80  1.00000  0.0500  0.050
 2672  5.840  -31.75  1.00000  0.0500  0.050
 2673  5.840  -31.70  1.00000  0.0500  0.050
 2674  5.840  -31.65  1.00000  0.0500  0.050
 2675  5.840  -31.60  1.00000  0.0500  0.050
 2676  5.840  -31.55  1.00000  0.0500  0.050
 2677  5.840  -31.50  1.00000  0.0500  0.050
 2678  5.840  -31.45  1.00000  0.0500  0.050
 2679  5.840  -31.40  1.00000  0.0500  0.050
 2680  5.840  -31.35  1.00000  0.0500  0.050
 2681  5.840  -31.30  1.00000  0.0500  0.050
 2682  5.840  -31.25  1.00000  0.0500  0.050
 2683  5.840  -31.20  1.00000  0.0500  0.050
 2684  5.840  -31.15  1.00000  0.0500  0.050
 2685  5.840  -31.10  1.00000  0.0500  0.050
 2686  5.840  -31.05  1.00000  0.0500  0.050
 2687  5.840  -31.00  1.00000  0.0500  0.050
 2688  5.840  -30.95  1.00000  0.0500  0.050
 2689  5.840  -30.90  1.00000  0.0500  0.050
 2690  5.840  -30.85  1.00000  0.0500  0.050
 2691  5.840  -30.80  1.00000  0.0500  0.050
 2692  5.840  -30.75  1.00000  0.0500  0.050
 2693  5.840  -30.70  1.00000  0.0500  0.050
 2694  5.840  -30.65  1.00000  0.0500  0.050
 2695  5.840  -30.60  1.00000  0.0500  0.050
 2696  5.840  -30.55  1.00000  0.0500  0.050
 2697  5.840  -30.50  1.00000  0.0500  0.050
 2698  5.840  -30.45  1.00000  0.0500  0.050
 2699  5.840  -30.40  1.00000  0.0500  0.050
 2700  5.840  -30.35  1.00000  0.0500  0.050
 2701  5.840  -30.30  1.00000  0.0500  0.050
 2702  5.840  -30.25  1.00000  0.0500  0.050
 2703  5.840  -30.20  1.00000  0.0500  0.050
 2704  5.840  -30.15  1.00000  0.0500  0.050
 2705  5.840  -30.10  1.00000  0.0500  0.050
 2706  5.840  -30.05  1.00000  0.0500  0.050
 2707  5.840  -30.00  1.00000  0.0500  0.050
 2708  5.840  -29.95  1.00000  0.0500  0.050
 2709  5.840  -29.90  1.00000  0.0500  0.050
 2710  5.840  -29.85  1.00000  0.0500  0.050
 2711  5.840  -29.80  1.00000  0.0500  0.050
 2712  5.840  -29.75  1.00000  0.0500  0.050
 2713  5.840  -29.70  1.00000  0.0500  0.050
 2714  5.840  -29.65  1.00000  0.0500  0.050
 2715  5.840  -29.60  1.00000  0.0500  0.050
 2716  5.840  -29.55  1.00000  0.0500  0.050
 2717  5.840  -29.50  1.00000  0.0500  0.050
 2718  5.840  -29.45  1.00000  0.0500  0.050
 2719  5.840  -29.40  1.00000  0.0500  0.050
 2720  5.840  -29.35  1.00000  0.0500  0.050
 2721  5.840  -29.30  1.00000  0.0500  0.050
 2722  5.840  -29.25  1.00000  0.0500  0.050
 2723  5.840  -29.20  1.00000  0.0500  0.050
 2724  5.840  -29.15  1.00000  0.0500  0.050
 2725  5.840  -29.10  1.00000  0.0500  0.050
 2726  5.840  -29.05  1.00000  0.0500  0.050
 2727  5.840  -29.00  1.00000  0.0500  0.050
 2728  5.840  -28.95  1.00000  0.0500  0.050
 2729  5.840  -28.90  1.00000  0.0500  0.050
 2730  5.840  -28.85  1.00000  0.0500  0.050
 2731  5.890  -32.30  1.00000  0.0500  0.050
 2732  5.890  -32.25  1.00000  0.0500  0.050
 2733  5.890  -32.20  1.00000  0.0500  0.050
 2734  5.890  -32.15  1.00000  0.0500  0.050
 2735  5.890  -32.10  1.00000  0.0500  0.050
 2736  5.890  -32.05  1.00000  0.0500  0.050
 2737  5.890  -32.00  1.00000  0.0500  0.050
 2738  5.890  -31.95  1.00000  0.0500  0.050
 2739  5.890  -31.90  1.00000  0.0500  0.050
 2740  5.890  -31.85  1.00000  0.0500  0.050
 2741  5.890  -31.80  1.00000  0.0500  0.050
 2742  5.890  -31.75  1.00000  0.0500  0.050
 2743  5.890  -31.70  1.00000  0.0500  0.050
 2744  5.890  -31.65  1.00000  0.0500  0.050
 2745  5.890  -31.60  1.00000  0.0500  0.050
 2746  5.890  -31.55  1.00000  0.0500  0.050
 2747  5.890  -31.50  1.00000  0.0500  0.050
 2748  5.890  -31.45  1.00000  0.0500  0.050
 2749  5.890  -31.40  1.00000  0.0500  0.050
 2750  5.890  -31.35  1.00000  0.0500  0.050
 2751  5.890  -31.30  1.00000  0.0500  0.050
 2752  5.890  -31.25  1.00000  0.0500  0.050
 2753  5.890  -31.20  1.00000  0.0500  0.050
 2754  5.890  -31.15  1.00000  0.0500  0.050
 2755  5.890  -31.10  1.00000  0.0500  0.050
 2756  5.890  -31.05  1.00000  0.0500  0.050
 2757  5.890  -31.00  1.00000  0.0500  0.050
 2758  5.890  -30.95  1.00000  0.0500  0.050
 2759  5.890  -30.90  1.00000  0.0500  0.050
 2760  5.890  -30.85  1.00000  0.0500  0.050
 2761  5.890  -30.80  1.00000  0.0500  0.050
 2762  5.890  -30.75  1.00000  0.0500  0.050
 2763  5.890  -30.70  1.00000  0.0500  0.050
 2764  5.890  -30.65  1.00000  0.0500  0.050
 2765  5.890  -30.60  1.00000  0.0500  0.050
 2766  5.890  -30.55  1.00000  0.0500  0.050
 2767  5.890  -30.50  1.00000  0.0500  0.050
 2768  5.890  -30.45  1.00000  0.0500  0.050
 2769  5.890  -30.40  1.00000  0.0500  0.050
 2770  5.890  -30.35  1.00000  0.0500  0.050
 2771  5.890  -30.30  1.00000  0.0500  0.050
 2772  5.890  -30.25  1.00000  0.0500  0.050
 2773  5.890  -30.20  1.00000  0.0500  0.050
 2774  5.890  -30.15  1.00000  0.0500  0.050
 2775  5.890  -30.10  1.00000  0.0500  0.050
 2776  5.890  -30.05  1.00000  0.0500  0.050
 2777  5.890  -30.00  1.00000  0.0500  0.050
 2778  5.890  -29.95  1.00000  0.0500  0.050
 2779  5.890  -29.90  1.00000  0.0500  0.050
 2780  5.890  -29.85  1.00000  0.0500  0.050
 2781  5.890  -29.80  1.00000  0.0500  0.050
 2782  5.890  -29.75  1.00000  0.0500  0.050
 2783  5.890  -29.70  1.00000  0.0500  0.050
 2784  5.890  -29.65  1.00000  0.0500  0.050
 2785  5.890  -29.60  1.00000  0.0500  0.050
 2786  5.890  -29.55  1.00000  0.0500  0.050
 2787  5.890  -29.50  1.00000  0.0500  0.050
 2788  5.890  -29.45  1.00000  0.0500  0.050
 2789  5.890  -29.40  1.00000  0.0500  0.050
 2790  5.890  -29.35  1.00000  0.0500  0.050
 2791  5.890  -29.30  1.00000  0.0500  0.050
 2792  5.890  -29.25  1.00000  0.0500  0.050
 2793  5.890  -29.20  1.00000  0.0500  0.050
 2794  5.890  -29.15  1.00000  0.0500  0.050
 2795  5.890  -29.10  1.00000  0.0500  0.050
 2796  5.890  -29.05  1.00000  0.0500  0.050
 2797  5.890  -29.00  1.00000  0.0500  0.050
 2798  5.890  -28.95  1.00000  0.0500  0.050
 2799  5.890  -28.90  1.00000  0.0500  0.050
 2800  5.890  -28.85  1.00000  0.0500  0.050
 2801  5.940  -32.30  1.00000  0.0500  0.050
 2802  5.940  -32.25  1.00000  0.0500  0.050
 2803  5.940  -32.20  1.00000  0.0500  0.050
 2804  5.940  -32.15  1.00000  0.0500  0.050
 2805  5.940  -32.10  1.00000  0.0500  0.050
 2806  5.940  -32.05  1.00000  0.0500  0.050
 2807  5.940  -32.00  1.00000  0.0500  0.050
 2808  5.940  -31.95  1.00000  0.0500  0.050
 2809  5.940  -31.90  1.00000  0.0500  0.050
 2810  5.940  -31.85  1.00000  0.0500  0.050
 2811  5.940  -31.80  1.00000  0.0500  0.050
 2812  5.940  -31.75  1.00000  0.0500  0.050
 2813  5.940  -31.70  1.00000  0.0500  0.050
 2814  5.940  -31.65  1.00000  0.0500  0.050
 2815  5.940  -31.60  1.00000  0.0500  0.050
 2816  5.940  -31.55  1.00000  0.0500  0.050
 2817  5.940  -31.50  1.00000  0.0500  0.050
 2818  5.940  -31.45  1.00000  0.0500  0.050
 2819  5.940  -31.40  1.00000  0.0500  0.050
 2820  5.940  -31.35  1.00000  0.0500  0.050
 2821  5.940  -31.30  1.00000  0.0500  0.050
 2822  5.940  -31.25  1.00000  0.0500  0.050
 2823  5.940  -31.20  1.00000  0.0500  0.050
 2824  5.940  -31.15  1.00000  0.0500  0.050
 2825  5.940  -31.10  1.00000  0.0500  0.050
 2826  5.940  -31.05  1.00000  0.0500  0.050
 2827  5.940  -31.00  1.00000  0.0500  0.050
 2828  5.940  -30.95  1.00000  0.0500  0.050
 2829  5.940  -30.90  1.00000  0.0500  0.050
 2830  5.940  -30.85  1.00000  0.0500  0.050
 2831  5.940  -30.80  1.00000  0.0500  0.050
 2832  5.940  -30.75  1.00000  0.0500  0.050
 2833  5.940  -30.70  1.00000  0.0500  0.050
 2834  5.940  -30.65  1.00000  0.0500  0.050
 2835  5.940  -30.60  1.00000  0.0500  0.050
 2836  5.940  -30.55  1.00000  0.0500  0.050
 2837  5.940  -30.50  1.00000  0.0500  0.050
 2838  5.940  -30.45  1.00000  0.0500  0.050
 2839  5.940  -30.40  1.00000  0.0500  0.050
 2840  5.940  -30.35  1.00000  0.0500  0.050
 2841  5.940  -30.30  1.00000  0.0500  0.050
 2842  5.940  -30.25  1.00000  0.0500  0.050
 2843  5.940  -30.20  1.00000  0.0500  0.050
 2844  5.940  -30.15  1.00000  0.0500  0.050
 2845  5.940  -30.10  1.00000  0.0500  0.050
 2846  5.940  -30.05  1.00000  0.0500  0.050
 2847  5.940  -30.00  1.00000  0.0500  0.050
 2848  5.940  -29.95  1.00000  0.0500  0.050
 2849  5.940  -29.90  1.00000  0.0500  0.050
 2850  5.940  -29.85  1.00000  0.0500  0.050
 2851  5.940  -29.80  1.00000  0.0500  0.050
 2852  5.940  -29.75  1.00000  0.0500  0.050
 2853  5.940  -29.70  1.00000  0.0500  0.050
 2854  5.940  -29.65  1.00000  0.0500  0.050
 2855  5.940  -29.60  1.00000  0.0500  0.050
 2856  5.940  -29.55  1.00000  0.0500  0.050
 2857  5.940  -29.50  1.00000  0.0500  0.050
 2858  5.940  -29.45  1.00000  0.0500  0.050
 2859  5.940  -29.40  1.00000  0.0500  0.050
 2860  5.940  -29.35  1.00000  0.0500  0.050
 2861  5.940  -29.30  1.00000  0.0500  0.050
 2862  5.940  -29.25  1.00000  0.0500  0.050
 2863  5.940  -29.20  1.00000  0.0500  0.050
 2864  5.940  -29.15  1.00000  0.0500  0.050
 2865  5.940  -29.10  1.00000  0.0500  0.050
 2866  5.940  -29.05  1.00000  0.0500  0.050
 2867  5.940  -29.00  1.00000  0.0500  0.050
 2868  5.940  -28.95  1.00000  0.0500  0.050
 2869  5.940  -28.90  1.00000  0.0500  0.050
 2870  5.940  -28.85  1.00000  0.0500  0.050
 2871  5.990  -32.30  1.00000  0.0500  0.050
 2872  5.990  -32.25  1.00000  0.0500  0.050
 2873  5.990  -32.20  1.00000  0.0500  0.050
 2874  5.990  -32.15  1.00000  0.0500  0.050
 2875  5.990  -32.10  1.00000  0.0500  0.050
 2876  5.990  -32.05  1.00000  0.0500  0.050
 2877  5.990  -32.00  1.00000  0.0500  0.050
 2878  5.990  -31.95  1.00000  0.0500  0.050
 2879  5.990  -31.90  1.00000  0.0500  0.050
 2880  5.990  -31.85  1.00000  0.0500  0.050
 2881  5.990  -31.80  1.00000  0.0500  0.050
 2882  5.990  -31.75  1.00000  0.0500  0.050
 2883  5.990  -31.70  1.00000  0.0500  0.050
 2884  5.990  -31.65  1.00000  0.0500  0.050
 2885  5.990  -31.60  1.00000  0.0500  0.050
 2886  5.990  -31.55  1.00000  0.0500  0.050
 2887  5.990  -31.50  1.00000  0.0500  0.050
 2888  5.990  -31.45  1.00000  0.0500  0.050
 2889  5.990  -31.40  1.00000  0.0500  0.050
 2890  5.990  -31.35  1.00000  0.0500  0.050
 2891  5.990  -31.30  1.00000  0.0500  0.050
 2892  5.990  -31.25  1.00000  0.0500  0.050
 2893  5.990  -31.20  1.00000  0.0500  0.050
 2894  5.990  -31.15  1.00000  0.0500  0.050
 2895  5.990  -31.10  1.00000  0.0500  0.050
 2896  5.990  -31.05  1.00000  0.0500  0.050
 2897  5.990  -31.00  1.00000  0.0500  0.050
 2898  5.990  -30.95  1.00000  0.0500  0.050
 2899  5.990  -30.90  1.00000  0.0500  0.050
 2900  5.990  -30.85  1.00000  0.0500  0.050
 2901  5.990  -30.80  1.00000  0.0500  0.050
 2902  5.990  -30.75  1.00000  0.0500  0.050
 2903  5.990  -30.70  1.00000  0.0500  0.050
 2904  5.990  -30.65  1.00000  0.0500  0.050
 2905  5.990  -30.60  1.00000  0.0500  0.050
 2906  5.990  -30.55  1.00000  0.0500  0.050
 2907  5.990  -30.50  1.00000  0.0500  0.050
 2908  5.990  -30.45  1.00000  0.0500  0.050
 2909  5.990  -30.40  1.00000  0.0500  0.050
 2910  5.990  -30.35  1.00000  0.0500  0.050
 2911  5.990  -30.30  1.00000  0.0500  0.050
 2912  5.990  -30.25  1.00000  0.0500  0.050
 2913  5.990  -30.20  1.00000  0.0500  0.050
 2914  5.990  -30.15  1.00000  0.0500  0.050
 2915  5.990  -30.10  1.00000  0.0500  0.050
 2916  5.990  -30.05  1.00000  0.0500  0.050
 2917  5.990  -30.00  1.00000  0.0500  0.050
 2918  5.990  -29.95  1.00000  0.0500  0.050
 2919  5.990  -29.90  1.00000  0.0500  0.050
 2920  5.990  -29.85  1.00000  0.0500  0.050
 2921  5.990  -29.80  1.00000  0.0500  0.050
 2922  5.990  -29.75  1.00000  0.0500  0.050
 2923  5.990  -29.70  1.00000  0.0500  0.050
 2924  5.990  -29.65  1.00000  0.0500  0.050
 2925  5.990  -29.60  1.00000  0.0500  0.050
 2926  5.990  -29.55  1.00000  0.0500  0.050
 2927  5.990  -29.50  1.00000  0.0500  0.050
 2928  5.990  -29.45  1.00000  0.0500  0.050
 2929  5.990  -29.40  1.00000  0.0500  0.050
 2930  5.990  -29.35  1.00000  0.0500  0.050
 2931  5.990  -29.30  1.00000  0.0500  0.050
 2932  5.990  -29.25  1.00000  0.0500  0.050
 2933  5.990  -29.20  1.00000  0.0500  0.050
 2934  5.990  -29.15  1.00000  0.0500  0.050
 2935  5.990  -29.10  1.00000  0.0500  0.050
 2936  5.990  -29.05  1.00000  0.0500  0.050
 2937  5.990  -29.00  1.00000  0.0500  0.050
 2938  5.990  -28.95  1.00000  0.0500  0.050
 2939  5.990  -28.90  1.00000  0.0500  0.050
 2940  5.990  -28.85  1.00000  0.0500  0.050
 2941  6.040  -32.30  1.00000  0.0500  0.050
 2942  6.040  -32.25  1.00000  0.0500  0.050
 2943  6.040  -32.20  1.00000  0.0500  0.050
 2944  6.040  -32.15  1.00000  0.0500  0.050
 2945  6.040  -32.10  1.00000  0.0500  0.050
 2946  6.040  -32.05  1.00000  0.0500  0.050
 2947  6.040  -32.00  1.00000  0.0500  0.050
 2948  6.040  -31.95  1.00000  0.0500  0.050
 2949  6.040  -31.90  1.00000  0.0500  0.050
 2950  6.040  -31.85  1.00000  0.0500  0.050
 2951  6.040  -31.80  1.00000  0.0500  0.050
 2952  6.040  -31.75  1.00000  0.0500  0.050
 2953  6.040  -31.70  1.00000  0.0500  0.050
 2954  6.040  -31.65  1.00000  0.0500  0.050
 2955  6.040  -31.60  1.00000  0.0500  0.050
 2956  6.040  -31.55  1.00000  0.0500  0.050
 2957  6.040  -31.50  1.00000  0.0500  0.050
 2958  6.040  -31.45  1.00000  0.0500  0.050
 2959  6.040  -31.40  1.00000  0.0500  0.050
 2960  6.040  -31.35  1.00000  0.0500  0.050
 2961  6.040  -31.30  1.00000  0.0500  0.050
 2962  6.040  -31.25  1.00000  0.0500  0.050
 2963  6.040  -31.20  1.00000  0.0500  0.050
 2964  6.040  -31.15  1.00000  0.0500  0.050
 2965  6.040  -31.10  1.00000  0.0500  0.050
 2966  6.040  -31.05  1.00000  0.0500  0.050
 2967  6.040  -31.00  1.00000  0.0500  0.050
 2968  6.040  -30.95  1.00000  0.0500  0.050
 2969  6.040  -30.90  1.00000  0.0500  0.050
 2970  6.040  -30.85  1.00000  0.0500  0.050
 2971  6.040  -30.80  1.00000  0.0500  0.050
 2972  6.040  -30.75  1.00000  0.0500  0.050
 2973  6.040  -30.70  1.00000  0.0500  0.050
 2974  6.040  -30.65  1.00000  0.0500  0.050
 2975  6.040  -30.60  1.00000  0.0500  0.050
 2976  6.040  -30.55  1.00000  0.0500  0.050
 2977  6.040  -30.50  1.00000  0.0500  0.050
 2978  6.040  -30.45  1.00000  0.0500  0.050
 2979  6.040  -30.40  1.00000  0.0500  0.050
 2980  6.040  -30.35  1.00000  0.0500  0.050
 2981  6.040  -30.30  1.00000  0.0500  0.050
 2982  6.040  -30.25  1.00000  0.0500  0.050
 2983  6.040  -30.20  1.00000  0.0500  0.050
 2984  6.040  -30.15  1.00000  0.0500  0.050
 2985  6.040  -30.10  1.00000  0.0500  0.050
 2986  6.040  -30.05  1.00000  0.0500  0.050
 2987  6.040  -30.00  1.00000  0.0500  0.050
 2988  6.040  -29.95  1.00000  0.0500  0.050
 2989  6.040  -29.90  1.00000  0.0500  0.050
 2990  6.040  -29.85  1.00000  0.0500  0.050
 2991  6.040  -29.80  1.00000  0.0500  0.050
 2992  6.040  -29.75  1.00000  0.0500  0.050
 2993  6.040  -29.70  1.00000  0.0500  0.050
 2994  6.040  -29.65  1.00000  0.0500  0.050
 2995  6.040  -29.60  1.00000  0.0500  0.050
 2996  6.040  -29.55  1.00000  0.0500  0.050
 2997  6.040  -29.50  1.00000  0.0500  0.050
 2998  6.040  -29.45  1.00000  0.0500  0.050
 2999  6.040  -29.40  1.00000  0.0500  0.050
 3000  6.040  -29.35  1.00000  0.0500  0.050
 3001  6.040  -29.30  1.00000  0.0500  0.050
 3002  6.040  -29.25  1.00000  0.0500  0.050
 3003  6.040  -29.20  1.00000  0.0500  0.050
 3004  6.040  -29.15  1.00000  0.0500  0.050
 3005  6.040  -29.10  1.00000  0.0500  0.050
 3006  6.040  -29.05  1.00000  0.0500  0.050
 3007  6.040  -29.00  1.00000  0.0500  0.050
 3008  6.040  -28.95  1.00000  0.0500  0.050
 3009  6.040  -28.90  1.00000  0.0500  0.050
 3010  6.040  -28.85  1.00000  0.0500  0.050
 3011  6.090  -32.30  1.00000  0.0500  0.050
 3012  6.090  -32.25  1.00000  0.0500  0.050
 3013  6.090  -32.20  1.00000  0.0500  0.050
 3014  6.090  -32.15  1.00000  0.0500  0.050
 3015  6.090  -32.10  1.00000  0.0500  0.050
 3016  6.090  -32.05  1.00000  0.0500  0.050
 3017  6.090  -32.00  1.00000  0.0500  0.050
 3018  6.090  -31.95  1.00000  0.0500  0.050
 3019  6.090  -31.90  1.00000  0.0500  0.050
 3020  6.090  -31.85  1.00000  0.0500  0.050
 3021  6.090  -31.80  1.00000  0.0500  0.050
 3022  6.090  -31.75  1.00000  0.0500  0.050
 3023  6.090  -31.70  1.00000  0.0500  0.050
 3024  6.090  -31.65  1.00000  0.0500  0.050
 3025  6.090  -31.60  1.00000  0.0500  0.050
 3026  6.090  -31.55  1.00000  0.0500  0.050
 3027  6.090  -31.50  1.00000  0.0500  0.050
 3028  6.090  -31.45  1.00000  0.0500  0.050
 3029  6.090  -31.40  1.00000  0.0500  0.050
 3030  6.090  -31.35  1.00000  0.0500  0.050
 3031  6.090  -31.30  1.00000  0.0500  0.050
 3032  6.090  -31.25  1.00000  0.0500  0.050
 3033  6.090  -31.20  1.00000  0.0500  0.050
 3034  6.090  -31.15  1.00000  0.0500  0.050
 3035  6.090  -31.10  1.00000  0.0500  0.050
 3036  6.090  -31.05  1.00000  0.0500  0.050
 3037  6.090  -31.00  1.00000  0.0500  0.050
 3038  6.090  -30.95  1.00000  0.0500  0.050
 3039  6.090  -30.90  1.00000  0.0500  0.050
 3040  6.090  -30.85  1.00000  0.0500  0.050
 3041  6.090  -30.80  1.00000  0.0500  0.050
 3042  6.090  -30.75  1.00000  0.0500  0.050
 3043  6.090  -30.70  1.00000  0.0500  0.050
 3044  6.090  -30.65  1.00000  0.0500  0.050
 3045  6.090  -30.60  1.00000  0.0500  0.050
 3046  6.090  -30.55  1.00000  0.0500  0.050
 3047  6.090  -30.50  1.00000  0.0500  0.050
 3048  6.090  -30.45  1.00000  0.0500  0.050
 3049  6.090  -30.40  1.00000  0.0500  0.050
 3050  6.090  -30.35  1.00000  0.0500  0.050
 3051  6.090  -30.30  1.00000  0.0500  0.050
 3052  6.090  -30.25  1.00000  0.0500  0.050
 3053  6.090  -30.20  1.00000  0.0500  0.050
 3054  6.090  -30.15  1.00000  0.0500  0.050
 3055  6.090  -30.10  1.00000  0.0500  0.050
 3056  6.090  -30.05  1.00000  0.0500  0.050
 3057  6.090  -30.00  1.00000  0.0500  0.050
 3058  6.090  -29.95  1.00000  0.0500  0.050
 3059  6.090  -29.90  1.00000  0.0500  0.050
 3060  6.090  -29.85  1.00000  0.0500  0.050
 3061  6.090  -29.80  1.00000  0.0500  0.050
 3062  6.090  -29.75  1.00000  0.0500  0.050
 3063  6.090  -29.70  1.00000  0.0500  0.050
 3064  6.090  -29.65  1.00000  0.0500  0.050
 3065  6.090  -29.60  1.00000  0.0500  0.050
 3066  6.090  -29.55  1.00000  0.0500  0.050
 3067  6.090  -29.50  1.00000  0.0500  0.050
 3068  6.090  -29.45  1.00000  0.0500  0.050
 3069  6.090  -29.40  1.00000  0.0500  0.050
 3070  6.090  -29.35  1.00000  0.0500  0.050
 3071  6.090  -29.30  1.00000  0.0500  0.050
 3072  6.090  -29.25  1.00000  0.0500  0.050
 3073  6.090  -29.20  1.00000  0.0500  0.050
 3074  6.090  -29.15  1.00000  0.0500  0.050
 3075  6.090  -29.10  1.00000  0.0500  0.050
 3076  6.090  -29.05  1.00000  0.0500  0.050
 3077  6.090  -29.00  1.00000  0.0500  0.050
 3078  6.090  -28.95  1.00000  0.0500  0.050
 3079  6.090  -28.90  1.00000  0.0500  0.050
 3080  6.090  -28.85  1.00000  0.0500  0.050
 3081  6.140  -32.30  1.00000  0.0500  0.050
 3082  6.140  -32.25  1.00000  0.0500  0.050
 3083  6.140  -32.20  1.00000  0.0500  0.050
 3084  6.140  -32.15  1.00000  0.0500  0.050
 3085  6.140  -32.10  1.00000  0.0500  0.050
 3086  6.140  -32.05  1.00000  0.0500  0.050
 3087  6.140  -32.00  1.00000  0.0500  0.050
 3088  6.140  -31.95  1.00000  0.0500  0.050
 3089  6.140  -31.90  1.00000  0.0500  0.050
 3090  6.140  -31.85  1.00000  0.0500  0.050
 3091  6.140  -31.80  1.00000  0.0500  0.050
 3092  6.140  -31.75  1.00000  0.0500  0.050
 3093  6.140  -31.70  1.00000  0.0500  0.050
 3094  6.140  -31.65  1.00000  0.0500  0.050
 3095  6.140  -31.60  1.00000  0.0500  0.050
 3096  6.140  -31.55  1.00000  0.0500  0.050
 3097  6.140  -31.50  1.00000  0.0500  0.050
 3098  6.140  -31.45  1.00000  0.0500  0.050
 3099  6.140  -31.40  1.00000  0.0500  0.050
 3100  6.140  -31.35  1.00000  0.0500  0.050
 3101  6.140  -31.30  1.00000  0.0500  0.050
 3102  6.140  -31.25  1.00000  0.0500  0.050
 3103  6.140  -31.20  1.00000  0.0500  0.050
 3104  6.140  -31.15  1.00000  0.0500  0.050
 3105  6.140  -31.10  1.00000  0.0500  0.050
 3106  6.140  -31.05  1.00000  0.0500  0.050
 3107  6.140  -31.00  1.00000  0.0500  0.050
 3108  6.140  -30.95  1.00000  0.0500  0.050
 3109  6.140  -30.90  1.00000  0.0500  0.050
 3110  6.140  -30.85  1.00000  0.0500  0.050
 3111  6.140  -30.80  1.00000  0.0500  0.050
 3112  6.140  -30.75  1.00000  0.0500  0.050
 3113  6.140  -30.70  1.00000  0.0500  0.050
 3114  6.140  -30.65  1.00000  0.0500  0.050
 3115  6.140  -30.60  1.00000  0.0500  0.050
 3116  6.140  -30.55  1.00000  0.0500  0.050
 3117  6.140  -30.50  1.00000  0.0500  0.050
 3118  6.140  -30.45  1.00000  0.0500  0.050
 3119  6.140  -30.40  1.00000  0.0500  0.050
 3120  6.140  -30.35  1.00000  0.0500  0.050
 3121  6.140  -30.30  1.00000  0.0500  0.050
 3122  6.140  -30.25  1.00000  0.0500  0.050
 3123  6.140  -30.20  1.00000  0.0500  0.050
 3124  6.140  -30.15  1.00000  0.0500  0.050
 3125  6.140  -30.10  1.00000  0.0500  0.050
 3126  6.140  -30.05  1.00000  0.0500  0.050
 3127  6.140  -30.00  1.00000  0.0500  0.050
 3128  6.140  -29.95  1.00000  0.0500  0.050
 3129  6.140  -29.90  1.00000  0.0500  0.050
 3130  6.140  -29.85  1.00000  0.0500  0.050
 3131  6.140  -29.80  1.00000  0.0500  0.050
 3132  6.140  -29.75  1.00000  0.0500  0.050
 3133  6.140  -29.70  1.00000  0.0500  0.050
 3134  6.140  -29.65  1.00000  0.0500  0.050
 3135  6.140  -29.60  1.00000  0.0500  0.050
 3136  6.140  -29.55  1.00000  0.0500  0.050
 3137  6.140  -29.50  1.00000  0.0500  0.050
 3138  6.140  -29.45  1.00000  0.0500  0.050
 3139  6.140  -29.40  1.00000  0.0500  0.050
 3140  6.140  -29.35  1.00000  0.0500  0.050
 3141  6.140  -29.30  1.00000  0.0500  0.050
 3142  6.140  -29.25  1.00000  0.0500  0.050
 3143  6.140  -29.20  1.00000  0.0500  0.050
 3144  6.140  -29.15  1.00000  0.0500  0.050
 3145  6.140  -29.10  1.00000  0.0500  0.050
 3146  6.140  -29.05  1.00000  0.0500  0.050
 3147  6.140  -29.00  1.00000  0.0500  0.050
 3148  6.140  -28.95  1.00000  0.0500  0.050
 3149  6.140  -28.90  1.00000  0.0500  0.050
 3150  6.140  -28.85  1.00000  0.0500  0.050
 3151  6.190  -32.30  1.00000  0.0500  0.050
 3152  6.190  -32.25  1.00000  0.0500  0.050
 3153  6.190  -32.20  1.00000  0.0500  0.050
 3154  6.190  -32.15  1.00000  0.0500  0.050
 3155  6.190  -32.10  1.00000  0.0500  0.050
 3156  6.190  -32.05  1.00000  0.0500  0.050
 3157  6.190  -32.00  1.00000  0.0500  0.050
 3158  6.190  -31.95  1.00000  0.0500  0.050
 3159  6.190  -31.90  1.00000  0.0500  0.050
 3160  6.190  -31.85  1.00000  0.0500  0.050
 3161  6.190  -31.80  1.00000  0.0500  0.050
 3162  6.190  -31.75  1.00000  0.0500  0.050
 3163  6.190  -31.70  1.00000  0.0500  0.050
 3164  6.190  -31.65  1.00000  0.0500  0.050
 3165  6.190  -31.60  1.00000  0.0500  0.050
 3166  6.190  -31.55  1.00000  0.0500  0.050
 3167  6.190  -31.50  1.00000  0.0500  0.050
 3168  6.190  -31.45  1.00000  0.0500  0.050
 3169  6.190  -31.40  1.00000  0.0500  0.050
 3170  6.190  -31.35  1.00000  0.0500  0.050
 3171  6.190  -31.30  1.00000  0.0500  0.050
 3172  6.190  -31.25  1.00000  0.0500  0.050
 3173  6.190  -31.20  1.00000  0.0500  0.050
 3174  6.190  -31.15  1.00000  0.0500  0.050
 3175  6.190  -31.10  1.00000  0.0500  0.050
 3176  6.190  -31.05  1.00000  0.0500  0.050
 3177  6.190  -31.00  1.00000  0.0500  0.050
 3178  6.190  -30.95  1.00000  0.0500  0.050
 3179  6.190  -30.90  1.00000  0.0500  0.050
 3180  6.190  -30.85  1.00000  0.0500  0.050
 3181  6.190  -30.80  1.00000  0.0500  0.050
 3182  6.190  -30.75  1.00000  0.0500  0.050
 3183  6.190  -30.70  1.00000  0.0500  0.050
 3184  6.190  -30.65  1.00000  0.0500  0.050
 3185  6.190  -30.60  1.00000  0.0500  0.050
 3186  6.190  -30.55  1.00000  0.0500  0.050
 3187  6.190  -30.50  1.00000  0.0500  0.050
 3188  6.190  -30.45  1.00000  0.0500  0.050
 3189  6.190  -30.40  1.00000  0.0500  0.050
 3190  6.190  -30.35  1.00000  0.0500  0.050
 3191  6.190  -30.30  1.00000  0.0500  0.050
 3192  6.190  -30.25  1.00000  0.0500  0.050
 3193  6.190  -30.20  1.00000  0.0500  0.050
 3194  6.190  -30.15  1.00000  0.0500  0.050
 3195  6.190  -30.10  1.00000  0.0500  0.050
 3196  6.190  -30.05  1.00000  0.0500  0.050
 3197  6.190  -30.00  1.00000  0.0500  0.050
 3198  6.190  -29.95  1.00000  0.0500  0.050
 3199  6.190  -29.90  1.00000  0.0500  0.050
 3200  6.190  -29.85  1.00000  0.0500  0.050
 3201  6.190  -29.80  1.00000  0.0500  0.050
 3202  6.190  -29.75  1.00000  0.0500  0.050
 3203  6.190  -29.70  1.00000  0.0500  0.050
 3204  6.190  -29.65  1.00000  0.0500  0.050
 3205  6.190  -29.60  1.00000  0.0500  0.050
 3206  6.190  -29.55  1.00000  0.0500  0.050
 3207  6.190  -29.50  1.00000  0.0500  0.050
 3208  6.190  -29.45  1.00000  0.0500  0.050
 3209  6.190  -29.40  1.00000  0.0500  0.050
 3210  6.190  -29.35  1.00000  0.0500  0.050
 3211  6.190  -29.30  1.00000  0.0500  0.050
 3212  6.190  -29.25  1.00000  0.0500  0.050
 3213  6.190  -29.20  1.00000  0.0500  0.050
 3214  6.190  -29.15  1.00000  0.0500  0.050
 3215  6.190  -29.10  1.00000  0.0500  0.050
 3216  6.190  -29.05  1.00000  0.0500  0.050
 3217  6.190  -29.00  1.00000  0.0500  0.050
 3218  6.190  -28.95  1.00000  0.0500  0.050
 3219  6.190  -28.90  1.00000  0.0500  0.050
 3220  6.190  -28.85  1.00000  0.0500  0.050
 3221  6.240  -32.30  1.00000  0.0500  0.050
 3222  6.240  -32.25  1.00000  0.0500  0.050
 3223  6.240  -32.20  1.00000  0.0500  0.050
 3224  6.240  -32.15  1.00000  0.0500  0.050
 3225  6.240  -32.10  1.00000  0.0500  0.050
 3226  6.240  -32.05  1.00000  0.0500  0.050
 3227  6.240  -32.00  1.00000  0.0500  0.050
 3228  6.240  -31.95  1.00000  0.0500  0.050
 3229  6.240  -31.90  1.00000  0.0500  0.050
 3230  6.240  -31.85  1.00000  0.0500  0.050
 3231  6.240  -31.80  1.00000  0.0500  0.050
 3232  6.240  -31.75  1.00000  0.0500  0.050
 3233  6.240  -31.70  1.00000  0.0500  0.050
 3234  6.240  -31.65  1.00000  0.0500  0.050
 3235  6.240  -31.60  1.00000  0.0500  0.050
 3236  6.240  -31.55  1.00000  0.0500  0.050
 3237  6.240  -31.50  1.00000  0.0500  0.050
 3238  6.240  -31.45  1.00000  0.0500  0.050
 3239  6.240  -31.40  1.00000  0.0500  0.050
 3240  6.240  -31.35  1.00000  0.0500  0.050
 3241  6.240  -31.30  1.00000  0.0500  0.050
 3242  6.240  -31.25  1.00000  0.0500  0.050
 3243  6.240  -31.20  1.00000  0.0500  0.050
 3244  6.240  -31.15  1.00000  0.0500  0.050
 3245  6.240  -31.10  1.00000  0.0500  0.050
 3246  6.240  -31.05  1.00000  0.0500  0.050
 3247  6.240  -31.00  1.00000  0.0500  0.050
 3248  6.240  -30.95  1.00000  0.0500  0.050
 3249  6.240  -30.90  1.00000  0.0500  0.050
 3250  6.240  -30.85  1.00000  0.0500  0.050
 3251  6.240  -30.80  1.00000  0.0500  0.050
 3252  6.240  -30.75  1.00000  0.0500  0.050
 3253  6.240  -30.70  1.00000  0.0500  0.050
 3254  6.240  -30.65  1.00000  0.0500  0.050
 3255  6.240  -30.60  1.00000  0.0500  0.050
 3256  6.240  -30.55  1.00000  0.0500  0.050
 3257  6.240  -30.50  1.00000  0.0500  0.050
 3258  6.240  -30.45  1.00000  0.0500  0.050
 3259  6.240  -30.40  1.00000  0.0500  0.050
 3260  6.240  -30.35  1.00000  0.0500  0.050
 3261  6.240  -30.30  1.00000  0.0500  0.050
 3262  6.240  -30.25  1.00000  0.0500  0.050
 3263  6.240  -30.20  1.00000  0.0500  0.050
 3264  6.240  -30.15  1.00000  0.0500  0.050
 3265  6.240  -30.10  1.00000  0.0500  0.050
 3266  6.240  -30.05  1.00000  0.0500  0.050
 3267  6.240  -30.00  1.00000  0.0500  0.050
 3268  6.240  -29.95  1.00000  0.0500  0.050
 3269  6.240  -29.90  1.00000  0.0500  0.050
 3270  6.240  -29.85  1.00000  0.0500  0.050
 3271  6.240  -29.80  1.00000  0.0500  0.050
 3272  6.240  -29.75  1.00000  0.0500  0.050
 3273  6.240  -29.70  1.00000  0.0500  0.050
 3274  6.240  -29.65  1.00000  0.0500  0.050
 3275  6.240  -29.60  1.00000  0.0500  0.050
 3276  6.240  -29.55  1.00000  0.0500  0.050
 3277  6.240  -29.50  1.00000  0.0500  0.050
 3278  6.240  -29.45  1.00000  0.0500  0.050
 3279  6.240  -29.40  1.00000  0.0500  0.050
 3280  6.240  -29.35  1.00000  0.0500  0.050
 3281  6.240  -29.30  1.00000  0.0500  0.050
 3282  6.240  -29.25  1.00000  0.0500  0.050
 3283  6.240  -29.20  1.00000  0.0500  0.050
 3284  6.240  -29.15  1.00000  0.0500  0.050
 3285  6.240  -29.10  1.00000  0.0500  0.050
 3286  6.240  -29.05  1.00000  0.0500  0.050
 3287  6.240  -29.00  1.00000  0.0500  0.050
 3288  6.240  -28.95  1.00000  0.0500  0.050
 3289  6.240  -28.90  1.00000  0.0500  0.050
 3290  6.240  -28.85  1.00000  0.0500  0.050
 3291  6.290  -32.30  1.00000  0.0500  0.050
 3292  6.290  -32.25  1.00000  0.0500  0.050
 3293  6.290  -32.20  1.00000  0.0500  0.050
 3294  6.290  -32.15  1.00000  0.0500  0.050
 3295  6.290  -32.10  1.00000  0.0500  0.050
 3296  6.290  -32.05  1.00000  0.0500  0.050
 3297  6.290  -32.00  1.00000  0.0500  0.050
 3298  6.290  -31.95  1.00000  0.0500  0.050
 3299  6.290  -31.90  1.00000  0.0500  0.050
 3300  6.290  -31.85  1.00000  0.0500  0.050
 3301  6.290  -31.80  1.00000  0.0500  0.050
 3302  6.290  -31.75  1.00000  0.0500  0.050
 3303  6.290  -31.70  1.00000  0.0500  0.050
 3304  6.290  -31.65  1.00000  0.0500  0.050
 3305  6.290  -31.60  1.00000  0.0500  0.050
 3306  6.290  -31.55  1.00000  0.0500  0.050
 3307  6.290  -31.50  1.00000  0.0500  0.050
 3308  6.290  -31.45  1.00000  0.0500  0.050
 3309  6.290  -31.40  1.00000  0.0500  0.050
 3310  6.290  -31.35  1.00000  0.0500  0.050
 3311  6.290  -31.30  1.00000  0.0500  0.050
 3312  6.290  -31.25  1.00000  0.0500  0.050
 3313  6.290  -31.20  1.00000  0.0500  0.050
 3314  6.290  -31.15  1.00000  0.0500  0.050
 3315  6.290  -31.10  1.00000  0.0500  0.050
 3316  6.290  -31.05  1.00000  0.0500  0.050
 3317  6.290  -31.00  1.00000  0.0500  0.050
 3318  6.290  -30.95  1.00000  0.0500  0.050
 3319  6.290  -30.90  1.00000  0.0500  0.050
 3320  6.290  -30.85  1.00000  0.0500  0.050
 3321  6.290  -30.80  1.00000  0.0500  0.050
 3322  6.290  -30.75  1.00000  0.0500  0.050
 3323  6.290  -30.70  1.00000  0.0500  0.050
 3324  6.290  -30.65  1.00000  0.0500  0.050
 3325  6.290  -30.60  1.00000  0.0500  0.050
 3326  6.290  -30.55  1.00000  0.0500  0.050
 3327  6.290  -30.50  1.00000  0.0500  0.050
 3328  6.290  -30.45  1.00000  0.0500  0.050
 3329  6.290  -30.40  1.00000  0.0500  0.050
 3330  6.290  -30.35  1.00000  0.0500  0.050
 3331  6.290  -30.30  1.00000  0.0500  0.050
 3332  6.290  -30.25  1.00000  0.0500  0.050
 3333  6.290  -30.20  1.00000  0.0500  0.050
 3334  6.290  -30.15  1.00000  0.0500  0.050
 3335  6.290  -30.10  1.00000  0.0500  0.050
 3336  6.290  -30.05  1.00000  0.0500  0.050
 3337  6.290  -30.00  1.00000  0.0500  0.050
 3338  6.290  -29.95  1.00000  0.0500  0.050
 3339  6.290  -29.90  1.00000  0.0500  0.050
 3340  6.290  -29.85  1.00000  0.0500  0.050
 3341  6.290  -29.80  1.00000  0.0500  0.050
 3342  6.290  -29.75  1.00000  0.0500  0.050
 3343  6.290  -29.70  1.00000  0.0500  0.050
 3344  6.290  -29.65  1.00000  0.0500  0.050
 3345  6.290  -29.60  1.00000  0.0500  0.050
 3346  6.290  -29.55  1.00000  0.0500  0.050
 3347  6.290  -29.50  1.00000  0.0500  0.050
 3348  6.290  -29.45  1.00000  0.0500  0.050
 3349  6.290  -29.40  1.00000  0.0500  0.050
 3350  6.290  -29.35  1.00000  0.0500  0.050
 3351  6.290  -29.30  1.00000  0.0500  0.050
 3352  6.290  -29.25  1.00000  0.0500  0.050
 3353  6.290  -29.20  1.00000  0.0500  0.050
 3354  6.290  -29.15  1.00000  0.0500  0.050
 3355  6.290  -29.10  1.00000  0.0500  0.050
 3356  6.290  -29.05  1.00000  0.0500  0.050
 3357  6.290  -29.00  1.00000  0.0500  0.050
 3358  6.290  -28.95  1.00000  0.0500  0.050
 3359  6.290  -28.90  1.00000  0.0500  0.050
 3360  6.290  -28.85  1.00000  0.0500  0.050
 3361  6.340  -32.30  1.00000  0.0500  0.050
 3362  6.340  -32.25  1.00000  0.0500  0.050
 3363  6.340  -32.20  1.00000  0.0500  0.050
 3364  6.340  -32.15  1.00000  0.0500  0.050
 3365  6.340  -32.10  1.00000  0.0500  0.050
 3366  6.340  -32.05  1.00000  0.0500  0.050
 3367  6.340  -32.00  1.00000  0.0500  0.050
 3368  6.340  -31.95  1.00000  0.0500  0.050
 3369  6.340  -31.90  1.00000  0.0500  0.050
 3370  6.340  -31.85  1.00000  0.0500  0.050
 3371  6.340  -31.80  1.00000  0.0500  0.050
 3372  6.340  -31.75  1.00000  0.0500  0.050
 3373  6.340  -31.70  1.00000  0.0500  0.050
 3374  6.340  -31.65  1.00000  0.0500  0.050
 3375  6.340  -31.60  1.00000  0.0500  0.050
 3376  6.340  -31.55  1.00000  0.0500  0.050
 3377  6.340  -31.50  1.00000  0.0500  0.050
 3378  6.340  -31.45  1.00000  0.0500  0.050
 3379  6.340  -31.40  1.00000  0.0500  0.050
 3380  6.340  -31.35  1.00000  0.0500  0.050
 3381  6.340  -31.30  1.00000  0.0500  0.050
 3382  6.340  -31.25  1.00000  0.0500  0.050
 3383  6.340  -31.20  1.00000  0.0500  0.050
 3384  6.340  -31.15  1.00000  0.0500  0.050
 3385  6.340  -31.10  1.00000  0.0500  0.050
 3386  6.340  -31.05  1.00000  0.0500  0.050
 3387  6.340  -31.00  1.00000  0.0500  0.050
 3388  6.340  -30.95  1.00000  0.0500  0.050
 3389  6.340  -30.90  1.00000  0.0500  0.050
 3390  6.340  -30.85  1.00000  0.0500  0.050
 3391  6.340  -30.80  1.00000  0.0500  0.050
 3392  6.340  -30.75  1.00000  0.0500  0.050
 3393  6.340  -30.70  1.00000  0.0500  0.050
 3394  6.340  -30.65  1.00000  0.0500  0.050
 3395  6.340  -30.60  1.00000  0.0500  0.050
 3396  6.340  -30.55  1.00000  0.0500  0.050
 3397  6.340  -30.50  1.00000  0.0500  0.050
 3398  6.340  -30.45  1.00000  0.0500  0.050
 3399  6.340  -30.40  1.00000  0.0500  0.050
 3400  6.340  -30.35  1.00000  0.0500  0.050
 3401  6.340  -30.30  1.00000  0.0500  0.050
 3402  6.340  -30.25  1.00000  0.0500  0.050
 3403  6.340  -30.20  1.00000  0.0500  0.050
 3404  6.340  -30.15  1.00000  0.0500  0.050
 3405  6.340  -30.10  1.00000  0.0500  0.050
 3406  6.340  -30.05  1.00000  0.0500  0.050
 3407  6.340  -30.00  1.00000  0.0500  0.050
 3408  6.340  -29.95  1.00000  0.0500  0.050
 3409  6.340  -29.90  1.00000  0.0500  0.050
 3410  6.340  -29.85  1.00000  0.0500  0.050
 3411  6.340  -29.80  1.00000  0.0500  0.050
 3412  6.340  -29.75  1.00000  0.0500  0.050
 3413  6.340  -29.70  1.00000  0.0500  0.050
 3414  6.340  -29.65  1.00000  0.0500  0.050
 3415  6.340  -29.60  1.00000  0.0500  0.050
 3416  6.340  -29.55  1.00000  0.0500  0.050
 3417  6.340  -29.50  1.00000  0.0500  0.050
 3418  6.340  -29.45  1.00000  0.0500  0.050
 3419  6.340  -29.40  1.00000  0.0500  0.050
 3420  6.340  -29.35  1.00000  0.0500  0.050
 3421  6.340  -29.30  1.00000  0.0500  0.050
 3422  6.340  -29.25  1.00000  0.0500  0.050
 3423  6.340  -29.20  1.00000  0.0500  0.050
 3424  6.340  -29.15  1.00000  0.0500  0.050
 3425  6.340  -29.10  1.00000  0.0500  0.050
 3426  6.340  -29.05  1.00000  0.0500  0.050
 3427  6.340  -29.00  1.00000  0.0500  0.050
 3428  6.340  -28.95  1.00000  0.0500  0.050
 3429  6.340  -28.90  1.00000  0.0500  0.050
 3430  6.340  -28.85  1.00000  0.0500  0.050
 3431  6.390  -32.30  1.00000  0.0500  0.050
 3432  6.390  -32.25  1.00000  0.0500  0.050
 3433  6.390  -32.20  1.00000  0.0500  0.050
 3434  6.390  -32.15  1.00000  0.0500  0.050
 3435  6.390  -32.10  1.00000  0.0500  0.050
 3436  6.390  -32.05  1.00000  0.0500  0.050
 3437  6.390  -32.00  1.00000  0.0500  0.050
 3438  6.390  -31.95  1.00000  0.0500  0.050
 3439  6.390  -31.90  1.00000  0.0500  0.050
 3440  6.390  -31.85  1.00000  0.0500  0.050
 3441  6.390  -31.80  1.00000  0.0500  0.050
 3442  6.390  -31.75  1.00000  0.0500  0.050
 3443  6.390  -31.70  1.00000  0.0500  0.050
 3444  6.390  -31.65  1.00000  0.0500  0.050
 3445  6.390  -31.60  1.00000  0.0500  0.050
 3446  6.390  -31.55  1.00000  0.0500  0.050
 3447  6.390  -31.50  1.00000  0.0500  0.050
 3448  6.390  -31.45  1.00000  0.0500  0.050
 3449  6.390  -31.40  1.00000  0.0500  0.050
 3450  6.390  -31.35  1.00000  0.0500  0.050
 3451  6.390  -31.30  1.00000  0.0500  0.050
 3452  6.390  -31.25  1.00000  0.0500  0.050
 3453  6.390  -31.20  1.00000  0.0500  0.050
 3454  6.390  -31.15  1.00000  0.0500  0.050
 3455  6.390  -31.10  1.00000  0.0500  0.050
 3456  6.390  -31.05  1.00000  0.0500  0.050
 3457  6.390  -31.00  1.00000  0.0500  0.050
 3458  6.390  -30.95  1.00000  0.0500  0.050
 3459  6.390  -30.90  1.00000  0.0500  0.050
 3460  6.390  -30.85  1.00000  0.0500  0.050
 3461  6.390  -30.80  1.00000  0.0500  0.050
 3462  6.390  -30.75  1.00000  0.0500  0.050
 3463  6.390  -30.70  1.00000  0.0500  0.050
 3464  6.390  -30.65  1.00000  0.0500  0.050
 3465  6.390  -30.60  1.00000  0.0500  0.050
 3466  6.390  -30.55  1.00000  0.0500  0.050
 3467  6.390  -30.50  1.00000  0.0500  0.050
 3468  6.390  -30.45  1.00000  0.0500  0.050
 3469  6.390  -30.40  1.00000  0.0500  0.050
 3470  6.390  -30.35  1.00000  0.0500  0.050
 3471  6.390  -30.30  1.00000  0.0500  0.050
 3472  6.390  -30.25  1.00000  0.0500  0.050
 3473  6.390  -30.20  1.00000  0.0500  0.050
 3474  6.390  -30.15  1.00000  0.0500  0.050
 3475  6.390  -30.10  1.00000  0.0500  0.050
 3476  6.390  -30.05  1.00000  0.0500  0.050
 3477  6.390  -30.00  1.00000  0.0500  0.050
 3478  6.390  -29.95  1.00000  0.0500  0.050
 3479  6.390  -29.90  1.00000  0.0500  0.050
 3480  6.390  -29.85  1.00000  0.0500  0.050
 3481  6.390  -29.80  1.00000  0.0500  0.050
 3482  6.390  -29.75  1.00000  0.0500  0.050
 3483  6.390  -29.70  1.00000  0.0500  0.050
 3484  6.390  -29.65  1.00000  0.0500  0.050
 3485  6.390  -29.60  1.00000  0.0500  0.050
 3486  6.390  -29.55  1.00000  0.0500  0.050
 3487  6.390  -29.50  1.00000  0.0500  0.050
 3488  6.390  -29.45  1.00000  0.0500  0.050
 3489  6.390  -29.40  1.00000  0.0500  0.050
 3490  6.390  -29.35  1.00000  0.0500  0.050
 3491  6.390  -29.30  1.00000  0.0500  0.050
 3492  6.390  -29.25  1.00000  0.0500  0.050
 3493  6.390  -29.20  1.00000  0.0500  0.050
 3494  6.390  -29.15  1.00000  0.0500  0.050
 3495  6.390  -29.10  1.00000  0.0500  0.050
 3496  6.390  -29.05  1.00000  0.0500  0.050
 3497  6.390  -29.00  1.00000  0.0500  0.050
 3498  6.390  -28.95  1.00000  0.0500  0.050
 3499  6.390  -28.90  1.00000  0.0500  0.050
 3500  6.390  -28.85  1.00000  0.0500  0.050
 3501  6.440  -32.30  1.00000  0.0500  0.050
 3502  6.440  -32.25  1.00000  0.0500  0.050
 3503  6.440  -32.20  1.00000  0.0500  0.050
 3504  6.440  -32.15  1.00000  0.0500  0.050
 3505  6.440  -32.10  1.00000  0.0500  0.050
 3506  6.440  -32.05  1.00000  0.0500  0.050
 3507  6.440  -32.00  1.00000  0.0500  0.050
 3508  6.440  -31.95  1.00000  0.0500  0.050
 3509  6.440  -31.90  1.00000  0.0500  0.050
 3510  6.440  -31.85  1.00000  0.0500  0.050
 3511  6.440  -31.80  1.00000  0.0500  0.050
 3512  6.440  -31.75  1.00000  0.0500  0.050
 3513  6.440  -31.70  1.00000  0.0500  0.050
 3514  6.440  -31.65  1.00000  0.0500  0.050
 3515  6.440  -31.60  1.00000  0.0500  0.050
 3516  6.440  -31.55  1.00000  0.0500  0.050
 3517  6.440  -31.50  1.00000  0.0500  0.050
 3518  6.440  -31.45  1.00000  0.0500  0.050
 3519  6.440  -31.40  1.00000  0.0500  0.050
 3520  6.440  -31.35  1.00000  0.0500  0.050
 3521  6.440  -31.30  1.00000  0.0500  0.050
 3522  6.440  -31.25  1.00000  0.0500  0.050
 3523  6.440  -31.20  1.00000  0.0500  0.050
 3524  6.440  -31.15  1.00000  0.0500  0.050
 3525  6.440  -31.10  1.00000  0.0500  0.050
 3526  6.440  -31.05  1.00000  0.0500  0.050
 3527  6.440  -31.00  1.00000  0.0500  0.050
 3528  6.440  -30.95  1.00000  0.0500  0.050
 3529  6.440  -30.90  1.00000  0.0500  0.050
 3530  6.440  -30.85  1.00000  0.0500  0.050
 3531  6.440  -30.80  1.00000  0.0500  0.050
 3532  6.440  -30.75  1.00000  0.0500  0.050
 3533  6.440  -30.70  1.00000  0.0500  0.050
 3534  6.440  -30.65  1.00000  0.0500  0.050
 3535  6.440  -30.60  1.00000  0.0500  0.050
 3536  6.440  -30.55  1.00000  0.0500  0.050
 3537  6.440  -30.50  1.00000  0.0500  0.050
 3538  6.440  -30.45  1.00000  0.0500  0.050
 3539  6.440  -30.40  1.00000  0.0500  0.050
 3540  6.440  -30.35  1.00000  0.0500  0.050
 3541  6.440  -30.30  1.00000  0.0500  0.050
 3542  6.440  -30.25  1.00000  0.0500  0.050
 3543  6.440  -30.20  1.00000  0.0500  0.050
 3544  6.440  -30.15  1.00000  0.0500  0.050
 3545  6.440  -30.10  1.00000  0.0500  0.050
 3546  6.440  -30.05  1.00000  0.0500  0.050
 3547  6.440  -30.00  1.00000  0.0500  0.050
 3548  6.440  -29.95  1.00000  0.0500  0.050
 3549  6.440  -29.90  1.00000  0.0500  0.050
 3550  6.440  -29.85  1.00000  0.0500  0.050
 3551  6.440  -29.80  1.00000  0.0500  0.050
 3552  6.440  -29.75  1.00000  0.0500  0.050
 3553  6.440  -29.70  1.00000  0.0500  0.050
 3554  6.440  -29.65  1.00000  0.0500  0.050
 3555  6.440  -29.60  1.00000  0.0500  0.050
 3556  6.440  -29.55  1.00000  0.0500  0.050
 3557  6.440  -29.50  1.00000  0.0500  0.050
 3558  6.440  -29.45  1.00000  0.0500  0.050
 3559  6.440  -29.40  1.00000  0.0500  0.050
 3560  6.440  -29.35  1.00000  0.0500  0.050
 3561  6.440  -29.30  1.00000  0.0500  0.050
 3562  6.440  -29.25  1.00000  0.0500  0.050
 3563  6.440  -29.20  1.00000  0.0500  0.050
 3564  6.440  -29.15  1.00000  0.0500  0.050
 3565  6.440  -29.10  1.00000  0.0500  0.050
 3566  6.440  -29.05  1.00000  0.0500  0.050
 3567  6.440  -29.00  1.00000  0.0500  0.050
 3568  6.440  -28.95  1.00000  0.0500  0.050
 3569  6.440  -28.90  1.00000  0.0500  0.050
 3570  6.440  -28.85  1.00000  0.0500  0.050
 3571  6.490  -32.30  1.00000  0.0500  0.050
 3572  6.490  -32.25  1.00000  0.0500  0.050
 3573  6.490  -32.20  1.00000  0.0500  0.050
 3574  6.490  -32.15  1.00000  0.0500  0.050
 3575  6.490  -32.10  1.00000  0.0500  0.050
 3576  6.490  -32.05  1.00000  0.0500  0.050
 3577  6.490  -32.00  1.00000  0.0500  0.050
 3578  6.490  -31.95  1.00000  0.0500  0.050
 3579  6.490  -31.90  1.00000  0.0500  0.050
 3580  6.490  -31.85  1.00000  0.0500  0.050
 3581  6.490  -31.80  1.00000  0.0500  0.050
 3582  6.490  -31.75  1.00000  0.0500  0.050
 3583  6.490  -31.70  1.00000  0.0500  0.050
 3584  6.490  -31.65  1.00000  0.0500  0.050
 3585  6.490  -31.60  1.00000  0.0500  0.050
 3586  6.490  -31.55  1.00000  0.0500  0.050
 3587  6.490  -31.50  1.00000  0.0500  0.050
 3588  6.490  -31.45  1.00000  0.0500  0.050
 3589  6.490  -31.40  1.00000  0.0500  0.050
 3590  6.490  -31.35  1.00000  0.0500  0.050
 3591  6.490  -31.30  1.00000  0.0500  0.050
 3592  6.490  -31.25  1.00000  0.0500  0.050
 3593  6.490  -31.20  1.00000  0.0500  0.050
 3594  6.490  -31.15  1.00000  0.0500  0.050
 3595  6.490  -31.10  1.00000  0.0500  0.050
 3596  6.490  -31.05  1.00000  0.0500  0.050
 3597  6.490  -31.00  1.00000  0.0500  0.050
 3598  6.490  -30.95  1.00000  0.0500  0.050
 3599  6.490  -30.90  1.00000  0.0500  0.050
 3600  6.490  -30.85  1.00000  0.0500  0.050
 3601  6.490  -30.80  1.00000  0.0500  0.050
 3602  6.490  -30.75  1.00000  0.0500  0.050
 3603  6.490  -30.70  1.00000  0.0500  0.050
 3604  6.490  -30.65  1.00000  0.0500  0.050
 3605  6.490  -30.60  1.00000  0.0500  0.050
 3606  6.490  -30.55  1.00000  0.0500  0.050
 3607  6.490  -30.50  1.00000  0.0500  0.050
 3608  6.490  -30.45  1.00000  0.0500  0.050
 3609  6.490  -30.40  1.00000  0.0500  0.050
 3610  6.490  -30.35  1.00000  0.0500  0.050
 3611  6.490  -30.30  1.00000  0.0500  0.050
 3612  6.490  -30.25  1.00000  0.0500  0.050
 3613  6.490  -30.20  1.00000  0.0500  0.050
 3614  6.490  -30.15  1.00000  0.0500  0.050
 3615  6.490  -30.10  1.00000  0.0500  0.050
 3616  6.490  -30.05  1.00000  0.0500  0.050
 3617  6.490  -30.00  1.00000  0.0500  0.050
 3618  6.490  -29.95  1.00000  0.0500  0.050
 3619  6.490  -29.90  1.00000  0.0500  0.050
 3620  6.490  -29.85  1.00000  0.0500  0.050
 3621  6.490  -29.80  1.00000  0.0500  0.050
 3622  6.490  -29.75  1.00000  0.0500  0.050
 3623  6.490  -29.70  1.00000  0.0500  0.050
 3624  6.490  -29.65  1.00000  0.0500  0.050
 3625  6.490  -29.60  1.00000  0.0500  0.050
 3626  6.490  -29.55  1.00000  0.0500  0.050
 3627  6.490  -29.50  1.00000  0.0500  0.050
 3628  6.490  -29.45  1.00000  0.0500  0.050
 3629  6.490  -29.40  1.00000  0.0500  0.050
 3630  6.490  -29.35  1.00000  0.0500  0.050
 3631  6.490  -29.30  1.00000  0.0500  0.050
 3632  6.490  -29.25  1.00000  0.0500  0.050
 3633  6.490  -29.20  1.00000  0.0500  0.050
 3634  6.490  -29.15  1.00000  0.0500  0.050
 3635  6.490  -29.10  1.00000  0.0500  0.050
 3636  6.490  -29.05  1.00000  0.0500  0.050
 3637  6.490  -29.00  1.00000  0.0500  0.050
 3638  6.490  -28.95  1.00000  0.0500  0.050
 3639  6.490  -28.90  1.00000  0.0500  0.050
 3640  6.490  -28.85  1.00000  0.0500  0.050
 3641  6.540  -32.30  1.00000  0.0500  0.050
 3642  6.540  -32.25  1.00000  0.0500  0.050
 3643  6.540  -32.20  1.00000  0.0500  0.050
 3644  6.540  -32.15  1.00000  0.0500  0.050
 3645  6.540  -32.10  1.00000  0.0500  0.050
 3646  6.540  -32.05  1.00000  0.0500  0.050
 3647  6.540  -32.00  1.00000  0.0500  0.050
 3648  6.540  -31.95  1.00000  0.0500  0.050
 3649  6.540  -31.90  1.00000  0.0500  0.050
 3650  6.540  -31.85  1.00000  0.0500  0.050
 3651  6.540  -31.80  1.00000  0.0500  0.050
 3652  6.540  -31.75  1.00000  0.0500  0.050
 3653  6.540  -31.70  1.00000  0.0500  0.050
 3654  6.540  -31.65  1.00000  0.0500  0.050
 3655  6.540  -31.60  1.00000  0.0500  0.050
 3656  6.540  -31.55  1.00000  0.0500  0.050
 3657  6.540  -31.50  1.00000  0.0500  0.050
 3658  6.540  -31.45  1.00000  0.0500  0.050
 3659  6.540  -31.40  1.00000  0.0500  0.050
 3660  6.540  -31.35  1.00000  0.0500  0.050
 3661  6.540  -31.30  1.00000  0.0500  0.050
 3662  6.540  -31.25  1.00000  0.0500  0.050
 3663  6.540  -31.20  1.00000  0.0500  0.050
 3664  6.540  -31.15  1.00000  0.0500  0.050
 3665  6.540  -31.10  1.00000  0.0500  0.050
 3666  6.540  -31.05  1.00000  0.0500  0.050
 3667  6.540  -31.00  1.00000  0.0500  0.050
 3668  6.540  -30.95  1.00000  0.0500  0.050
 3669  6.540  -30.90  1.00000  0.0500  0.050
 3670  6.540  -30.85  1.00000  0.0500  0.050
 3671  6.540  -30.80  1.00000  0.0500  0.050
 3672  6.540  -30.75  1.00000  0.0500  0.050
 3673  6.540  -30.70  1.00000  0.0500  0.050
 3674  6.540  -30.65  1.00000  0.0500  0.050
 3675  6.540  -30.60  1.00000  0.0500  0.050
 3676  6.540  -30.55  1.00000  0.0500  0.050
 3677  6.540  -30.50  1.00000  0.0500  0.050
 3678  6.540  -30.45  1.00000  0.0500  0.050
 3679  6.540  -30.40  1.00000  0.0500  0.050
 3680  6.540  -30.35  1.00000  0.0500  0.050
 3681  6.540  -30.30  1.00000  0.0500  0.050
 3682  6.540  -30.25  1.00000  0.0500  0.050
 3683  6.540  -30.20  1.00000  0.0500  0.050
 3684  6.540  -30.15  1.00000  0.0500  0.050
 3685  6.540  -30.10  1.00000  0.0500  0.050
 3686  6.540  -30.05  1.00000  0.0500  0.050
 3687  6.540  -30.00  1.00000  0.0500  0.050
 3688  6.540  -29.95  1.00000  0.0500  0.050
 3689  6.540  -29.90  1.00000  0.0500  0.050
 3690  6.540  -29.85  1.00000  0.0500  0.050
 3691  6.540  -29.80  1.00000  0.0500  0.050
 3692  6.540  -29.75  1.00000  0.0500  0.050
 3693  6.540  -29.70  1.00000  0.0500  0.050
 3694  6.540  -29.65  1.00000  0.0500  0.050
 3695  6.540  -29.60  1.00000  0.0500  0.050
 3696  6.540  -29.55  1.00000  0.0500  0.050
 3697  6.540  -29.50  1.00000  0.0500  0.050
 3698  6.540  -29.45  1.00000  0.0500  0.050
 3699  6.540  -29.40  1.00000  0.0500  0.050
 3700  6.540  -29.35  1.00000  0.0500  0.050
 3701  6.540  -29.30  1.00000  0.0500  0.050
 3702  6.540  -29.25  1.00000  0.0500  0.050
 3703  6.540  -29.20  1.00000  0.0500  0.050
 3704  6.540  -29.15  1.00000  0.0500  0.050
 3705  6.540  -29.10  1.00000  0.0500  0.050
 3706  6.540  -29.05  1.00000  0.0500  0.050
 3707  6.540  -29.00  1.00000  0.0500  0.050
 3708  6.540  -28.95  1.00000  0.0500  0.050
 3709  6.540  -28.90  1.00000  0.0500  0.050
 3710  6.540  -28.85  1.00000  0.0500  0.050
 3711  6.590  -32.30  1.00000  0.0500  0.050
 3712  6.590  -32.25  1.00000  0.0500  0.050
 3713  6.590  -32.20  1.00000  0.0500  0.050
 3714  6.590  -32.15  1.00000  0.0500  0.050
 3715  6.590  -32.10  1.00000  0.0500  0.050
 3716  6.590  -32.05  1.00000  0.0500  0.050
 3717  6.590  -32.00  1.00000  0.0500  0.050
 3718  6.590  -31.95  1.00000  0.0500  0.050
 3719  6.590  -31.90  1.00000  0.0500  0.050
 3720  6.590  -31.85  1.00000  0.0500  0.050
 3721  6.590  -31.80  1.00000  0.0500  0.050
 3722  6.590  -31.75  1.00000  0.0500  0.050
 3723  6.590  -31.70  1.00000  0.0500  0.050
 3724  6.590  -31.65  1.00000  0.0500  0.050
 3725  6.590  -31.60  1.00000  0.0500  0.050
 3726  6.590  -31.55  1.00000  0.0500  0.050
 3727  6.590  -31.50  1.00000  0.0500  0.050
 3728  6.590  -31.45  1.00000  0.0500  0.050
 3729  6.590  -31.40  1.00000  0.0500  0.050
 3730  6.590  -31.35  1.00000  0.0500  0.050
 3731  6.590  -31.30  1.00000  0.0500  0.050
 3732  6.590  -31.25  1.00000  0.0500  0.050
 3733  6.590  -31.20  1.00000  0.0500  0.050
 3734  6.590  -31.15  1.00000  0.0500  0.050
 3735  6.590  -31.10  1.00000  0.0500  0.050
 3736  6.590  -31.05  1.00000  0.0500  0.050
 3737  6.590  -31.00  1.00000  0.0500  0.050
 3738  6.590  -30.95  1.00000  0.0500  0.050
 3739  6.590  -30.90  1.00000  0.0500  0.050
 3740  6.590  -30.85  1.00000  0.0500  0.050
 3741  6.590  -30.80  1.00000  0.0500  0.050
 3742  6.590  -30.75  1.00000  0.0500  0.050
 3743  6.590  -30.70  1.00000  0.0500  0.050
 3744  6.590  -30.65  1.00000  0.0500  0.050
 3745  6.590  -30.60  1.00000  0.0500  0.050
 3746  6.590  -30.55  1.00000  0.0500  0.050
 3747  6.590  -30.50  1.00000  0.0500  0.050
 3748  6.590  -30.45  1.00000  0.0500  0.050
 3749  6.590  -30.40  1.00000  0.0500  0.050
 3750  6.590  -30.35  1.00000  0.0500  0.050
 3751  6.590  -30.30  1.00000  0.0500  0.050
 3752  6.590  -30.25  1.00000  0.0500  0.050
 3753  6.590  -30.20  1.00000  0.0500  0.050
 3754  6.590  -30.15  1.00000  0.0500  0.050
 3755  6.590  -30.10  1.00000  0.0500  0.050
 3756  6.590  -30.05  1.00000  0.0500  0.050
 3757  6.590  -30.00  1.00000  0.0500  0.050
 3758  6.590  -29.95  1.00000  0.0500  0.050
 3759  6.590  -29.90  1.00000  0.0500  0.050
 3760  6.590  -29.85  1.00000  0.0500  0.050
 3761  6.590  -29.80  1.00000  0.0500  0.050
 3762  6.590  -29.75  1.00000  0.0500  0.050
 3763  6.590  -29.70  1.00000  0.0500  0.050
 3764  6.590  -29.65  1.00000  0.0500  0.050
 3765  6.590  -29.60  1.00000  0.0500  0.050
 3766  6.590  -29.55  1.00000  0.0500  0.050
 3767  6.590  -29.50  1.00000  0.0500  0.050
 3768  6.590  -29.45  1.00000  0.0500  0.050
 3769  6.590  -29.40  1.00000  0.0500  0.050
 3770  6.590  -29.35  1.00000  0.0500  0.050
 3771  6.590  -29.30  1.00000  0.0500  0.050
 3772  6.590  -29.25  1.00000  0.0500  0.050
 3773  6.590  -29.20  1.00000  0.0500  0.050
 3774  6.590  -29.15  1.00000  0.0500  0.050
 3775  6.590  -29.10  1.00000  0.0500  0.050
 3776  6.590  -29.05  1.00000  0.0500  0.050
 3777  6.590  -29.00  1.00000  0.0500  0.050
 3778  6.590  -28.95  1.00000  0.0500  0.050
 3779  6.590  -28.90  1.00000  0.0500  0.050
 3780  6.590  -28.85  1.00000  0.0500  0.050
 3781  6.640  -32.30  1.00000  0.0500  0.050
 3782  6.640  -32.25  1.00000  0.0500  0.050
 3783  6.640  -32.20  1.00000  0.0500  0.050
 3784  6.640  -32.15  1.00000  0.0500  0.050
 3785  6.640  -32.10  1.00000  0.0500  0.050
 3786  6.640  -32.05  1.00000  0.0500  0.050
 3787  6.640  -32.00  1.00000  0.0500  0.050
 3788  6.640  -31.95  1.00000  0.0500  0.050
 3789  6.640  -31.90  1.00000  0.0500  0.050
 3790  6.640  -31.85  1.00000  0.0500  0.050
 3791  6.640  -31.80  1.00000  0.0500  0.050
 3792  6.640  -31.75  1.00000  0.0500  0.050
 3793  6.640  -31.70  1.00000  0.0500  0.050
 3794  6.640  -31.65  1.00000  0.0500  0.050
 3795  6.640  -31.60  1.00000  0.0500  0.050
 3796  6.640  -31.55  1.00000  0.0500  0.050
 3797  6.640  -31.50  1.00000  0.0500  0.050
 3798  6.640  -31.45  1.00000  0.0500  0.050
 3799  6.640  -31.40  1.00000  0.0500  0.050
 3800  6.640  -31.35  1.00000  0.0500  0.050
 3801  6.640  -31.30  1.00000  0.0500  0.050
 3802  6.640  -31.25  1.00000  0.0500  0.050
 3803  6.640  -31.20  1.00000  0.0500  0.050
 3804  6.640  -31.15  1.00000  0.0500  0.050
 3805  6.640  -31.10  1.00000  0.0500  0.050
 3806  6.640  -31.05  1.00000  0.0500  0.050
 3807  6.640  -31.00  1.00000  0.0500  0.050
 3808  6.640  -30.95  1.00000  0.0500  0.050
 3809  6.640  -30.90  1.00000  0.0500  0.050
 3810  6.640  -30.85  1.00000  0.0500  0.050
 3811  6.640  -30.80  1.00000  0.0500  0.050
 3812  6.640  -30.75  1.00000  0.0500  0.050
 3813  6.640  -30.70  1.00000  0.0500  0.050
 3814  6.640  -30.65  1.00000  0.0500  0.050
 3815  6.640  -30.60  1.00000  0.0500  0.050
 3816  6.640  -30.55  1.00000  0.0500  0.050
 3817  6.640  -30.50  1.00000  0.0500  0.050
 3818  6.640  -30.45  1.00000  0.0500  0.050
 3819  6.640  -30.40  1.00000  0.0500  0.050
 3820  6.640  -30.35  1.00000  0.0500  0.050
 3821  6.640  -30.30  1.00000  0.0500  0.050
 3822  6.640  -30.25  1.00000  0.0500  0.050
 3823  6.640  -30.20  1.00000  0.0500  0.050
 3824  6.640  -30.15  1.00000  0.0500  0.050
 3825  6.640  -30.10  1.00000  0.0500  0.050
 3826  6.640  -30.05  1.00000  0.0500  0.050
 3827  6.640  -30.00  1.00000  0.0500  0.050
 3828  6.640  -29.95  1.00000  0.0500  0.050
 3829  6.640  -29.90  1.00000  0.0500  0.050
 3830  6.640  -29.85  1.00000  0.0500  0.050
 3831  6.640  -29.80  1.00000  0.0500  0.050
 3832  6.640  -29.75  1.00000  0.0500  0.050
 3833  6.640  -29.70  1.00000  0.0500  0.050
 3834  6.640  -29.65  1.00000  0.0500  0.050
 3835  6.640  -29.60  1.00000  0.0500  0.050
 3836  6.640  -29.55  1.00000  0.0500  0.050
 3837  6.640  -29.50  1.00000  0.0500  0.050
 3838  6.640  -29.45  1.00000  0.0500  0.050
 3839  6.640  -29.40  1.00000  0.0500  0.050
 3840  6.640  -29.35  1.00000  0.0500  0.050
 3841  6.640  -29.30  1.00000  0.0500  0.050
 3842  6.640  -29.25  1.00000  0.0500  0.050
 3843  6.640  -29.20  1.00000  0.0500  0.050
 3844  6.640  -29.15  1.00000  0.0500  0.050
 3845  6.640  -29.10  1.00000  0.0500  0.050
 3846  6.640  -29.05  1.00000  0.0500  0.050
 3847  6.640  -29.00  1.00000  0.0500  0.050
 3848  6.640  -28.95  1.00000  0.0500  0.050
 3849  6.640  -28.90  1.00000  0.0500  0.050
 3850  6.640  -28.85  1.00000  0.0500  0.050
 3851  6.690  -32.30  1.00000  0.0500  0.050
 3852  6.690  -32.25  1.00000  0.0500  0.050
 3853  6.690  -32.20  1.00000  0.0500  0.050
 3854  6.690  -32.15  1.00000  0.0500  0.050
 3855  6.690  -32.10  1.00000  0.0500  0.050
 3856  6.690  -32.05  1.00000  0.0500  0.050
 3857  6.690  -32.00  1.00000  0.0500  0.050
 3858  6.690  -31.95  1.00000  0.0500  0.050
 3859  6.690  -31.90  1.00000  0.0500  0.050
 3860  6.690  -31.85  1.00000  0.0500  0.050
 3861  6.690  -31.80  1.00000  0.0500  0.050
 3862  6.690  -31.75  1.00000  0.0500  0.050
 3863  6.690  -31.70  1.00000  0.0500  0.050
 3864  6.690  -31.65  1.00000  0.0500  0.050
 3865  6.690  -31.60  1.00000  0.0500  0.050
 3866  6.690  -31.55  1.00000  0.0500  0.050
 3867  6.690  -31.50  1.00000  0.0500  0.050
 3868  6.690  -31.45  1.00000  0.0500  0.050
 3869  6.690  -31.40  1.00000  0.0500  0.050
 3870  6.690  -31.35  1.00000  0.0500  0.050
 3871  6.690  -31.30  1.00000  0.0500  0.050
 3872  6.690  -31.25  1.00000  0.0500  0.050
 3873  6.690  -31.20  1.00000  0.0500  0.050
 3874  6.690  -31.15  1.00000  0.0500  0.050
 3875  6.690  -31.10  1.00000  0.0500  0.050
 3876  6.690  -31.05  1.00000  0.0500  0.050
 3877  6.690  -31.00  1.00000  0.0500  0.050
 3878  6.690  -30.95  1.00000  0.0500  0.050
 3879  6.690  -30.90  1.00000  0.0500  0.050
 3880  6.690  -30.85  1.00000  0.0500  0.050
 3881  6.690  -30.80  1.00000  0.0500  0.050
 3882  6.690  -30.75  1.00000  0.0500  0.050
 3883  6.690  -30.70  1.00000  0.0500  0.050
 3884  6.690  -30.65  1.00000  0.0500  0.050
 3885  6.690  -30.60  1.00000  0.0500  0.050
 3886  6.690  -30.55  1.00000  0.0500  0.050
 3887  6.690  -30.50  1.00000  0.0500  0.050
 3888  6.690  -30.45  1.00000  0.0500  0.050
 3889  6.690  -30.40  1.00000  0.0500  0.050
 3890  6.690  -30.35  1.00000  0.0500  0.050
 3891  6.690  -30.30  1.00000  0.0500  0.050
 3892  6.690  -30.25  1.00000  0.0500  0.050
 3893  6.690  -30.20  1.00000  0.0500  0.050
 3894  6.690  -30.15  1.00000  0.0500  0.050
 3895  6.690  -30.10  1.00000  0.0500  0.050
 3896  6.690  -30.05  1.00000  0.0500  0.050
 3897  6.690  -30.00  1.00000  0.0500  0.050
 3898  6.690  -29.95  1.00000  0.0500  0.050
 3899  6.690  -29.90  1.00000  0.0500  0.050
 3900  6.690  -29.85  1.00000  0.0500  0.050
 3901  6.690  -29.80  1.00000  0.0500  0.050
 3902  6.690  -29.75  1.00000  0.0500  0.050
 3903  6.690  -29.70  1.00000  0.0500  0.050
 3904  6.690  -29.65  1.00000  0.0500  0.050
 3905  6.690  -29.60  1.00000  0.0500  0.050
 3906  6.690  -29.55  1.00000  0.0500  0.050
 3907  6.690  -29.50  1.00000  0.0500  0.050
 3908  6.690  -29.45  1.00000  0.0500  0.050
 3909  6.690  -29.40  1.00000  0.0500  0.050
 3910  6.690  -29.35  1.00000  0.0500  0.050
 3911  6.690  -29.30  1.00000  0.0500  0.050
 3912  6.690  -29.25  1.00000  0.0500  0.050
 3913  6.690  -29.20  1.00000  0.0500  0.050
 3914  6.690  -29.15  1.00000  0.0500  0.050
 3915  6.690  -29.10  1.00000  0.0500  0.050
 3916  6.690  -29.05  1.00000  0.0500  0.050
 3917  6.690  -29.00  1.00000  0.0500  0.050
 3918  6.690  -28.95  1.00000  0.0500  0.050
 3919  6.690  -28.90  1.00000  0.0500  0.050
 3920  6.690  -28.85  1.00000  0.0500  0.050
 3921  6.740  -32.30  1.00000  0.0500  0.050
 3922  6.740  -32.25  1.00000  0.0500  0.050
 3923  6.740  -32.20  1.00000  0.0500  0.050
 3924  6.740  -32.15  1.00000  0.0500  0.050
 3925  6.740  -32.10  1.00000  0.0500  0.050
 3926  6.740  -32.05  1.00000  0.0500  0.050
 3927  6.740  -32.00  1.00000  0.0500  0.050
 3928  6.740  -31.95  1.00000  0.0500  0.050
 3929  6.740  -31.90  1.00000  0.0500  0.050
 3930  6.740  -31.85  1.00000  0.0500  0.050
 3931  6.740  -31.80  1.00000  0.0500  0.050
 3932  6.740  -31.75  1.00000  0.0500  0.050
 3933  6.740  -31.70  1.00000  0.0500  0.050
 3934  6.740  -31.65  1.00000  0.0500  0.050
 3935  6.740  -31.60  1.00000  0.0500  0.050
 3936  6.740  -31.55  1.00000  0.0500  0.050
 3937  6.740  -31.50  1.00000  0.0500  0.050
 3938  6.740  -31.45  1.00000  0.0500  0.050
 3939  6.740  -31.40  1.00000  0.0500  0.050
 3940  6.740  -31.35  1.00000  0.0500  0.050
 3941  6.740  -31.30  1.00000  0.0500  0.050
 3942  6.740  -31.25  1.00000  0.0500  0.050
 3943  6.740  -31.20  1.00000  0.0500  0.050
 3944  6.740  -31.15  1.00000  0.0500  0.050
 3945  6.740  -31.10  1.00000  0.0500  0.050
 3946  6.740  -31.05  1.00000  0.0500  0.050
 3947  6.740  -31.00  1.00000  0.0500  0.050
 3948  6.740  -30.95  1.00000  0.0500  0.050
 3949  6.740  -30.90  1.00000  0.0500  0.050
 3950  6.740  -30.85  1.00000  0.0500  0.050
 3951  6.740  -30.80  1.00000  0.0500  0.050
 3952  6.740  -30.75  1.00000  0.0500  0.050
 3953  6.740  -30.70  1.00000  0.0500  0.050
 3954  6.740  -30.65  1.00000  0.0500  0.050
 3955  6.740  -30.60  1.00000  0.0500  0.050
 3956  6.740  -30.55  1.00000  0.0500  0.050
 3957  6.740  -30.50  1.00000  0.0500  0.050
 3958  6.740  -30.45  1.00000  0.0500  0.050
 3959  6.740  -30.40  1.00000  0.0500  0.050
 3960  6.740  -30.35  1.00000  0.0500  0.050
 3961  6.740  -30.30  1.00000  0.0500  0.050
 3962  6.740  -30.25  1.00000  0.0500  0.050
 3963  6.740  -30.20  1.00000  0.0500  0.050
 3964  6.740  -30.15  1.00000  0.0500  0.050
 3965  6.740  -30.10  1.00000  0.0500  0.050
 3966  6.740  -30.05  1.00000  0.0500  0.050
 3967  6.740  -30.00  1.00000  0.0500  0.050
 3968  6.740  -29.95  1.00000  0.0500  0.050
 3969  6.740  -29.90  1.00000  0.0500  0.050
 3970  6.740  -29.85  1.00000  0.0500  0.050
 3971  6.740  -29.80  1.00000  0.0500  0.050
 3972  6.740  -29.75  1.00000  0.0500  0.050
 3973  6.740  -29.70  1.00000  0.0500  0.050
 3974  6.740  -29.65  1.00000  0.0500  0.050
 3975  6.740  -29.60  1.00000  0.0500  0.050
 3976  6.740  -29.55  1.00000  0.0500  0.050
 3977  6.740  -29.50  1.00000  0.0500  0.050
 3978  6.740  -29.45  1.00000  0.0500  0.050
 3979  6.740  -29.40  1.00000  0.0500  0.050
 3980  6.740  -29.35  1.00000  0.0500  0.050
 3981  6.740  -29.30  1.00000  0.0500  0.050
 3982  6.740  -29.25  1.00000  0.0500  0.050
 3983  6.740  -29.20  1.00000  0.0500  0.050
 3984  6.740  -29.15  1.00000  0.0500  0.050
 3985  6.740  -29.10  1.00000  0.0500  0.050
 3986  6.740  -29.05  1.00000  0.0500  0.050
 3987  6.740  -29.00  1.00000  0.0500  0.050
 3988  6.740  -28.95  1.00000  0.0500  0.050
 3989  6.740  -28.90  1.00000  0.0500  0.050
 3990  6.740  -28.85  1.00000  0.0500  0.050
 3991  6.790  -32.30  1.00000  0.0500  0.050
 3992  6.790  -32.25  1.00000  0.0500  0.050
 3993  6.790  -32.20  1.00000  0.0500  0.050
 3994  6.790  -32.15  1.00000  0.0500  0.050
 3995  6.790  -32.10  1.00000  0.0500  0.050
 3996  6.790  -32.05  1.00000  0.0500  0.050
 3997  6.790  -32.00  1.00000  0.0500  0.050
 3998  6.790  -31.95  1.00000  0.0500  0.050
 3999  6.790  -31.90  1.00000  0.0500  0.050
 4000  6.790  -31.85  1.00000  0.0500  0.050
 4001  6.790  -31.80  1.00000  0.0500  0.050
 4002  6.790  -31.75  1.00000  0.0500  0.050
 4003  6.790  -31.70  1.00000  0.0500  0.050
 4004  6.790  -31.65  1.00000  0.0500  0.050
 4005  6.790  -31.60  1.00000  0.0500  0.050
 4006  6.790  -31.55  1.00000  0.0500  0.050
 4007  6.790  -31.50  1.00000  0.0500  0.050
 4008  6.790  -31.45  1.00000  0.0500  0.050
 4009  6.790  -31.40  1.00000  0.0500  0.050
 4010  6.790  -31.35  1.00000  0.0500  0.050
 4011  6.790  -31.30  1.00000  0.0500  0.050
 4012  6.790  -31.25  1.00000  0.0500  0.050
 4013  6.790  -31.20  1.00000  0.0500  0.050
 4014  6.790  -31.15  1.00000  0.0500  0.050
 4015  6.790  -31.10  1.00000  0.0500  0.050
 4016  6.790  -31.05  1.00000  0.0500  0.050
 4017  6.790  -31.00  1.00000  0.0500  0.050
 4018  6.790  -30.95  1.00000  0.0500  0.050
 4019  6.790  -30.90  1.00000  0.0500  0.050
 4020  6.790  -30.85  1.00000  0.0500  0.050
 4021  6.790  -30.80  1.00000  0.0500  0.050
 4022  6.790  -30.75  1.00000  0.0500  0.050
 4023  6.790  -30.70  1.00000  0.0500  0.050
 4024  6.790  -30.65  1.00000  0.0500  0.050
 4025  6.790  -30.60  1.00000  0.0500  0.050
 4026  6.790  -30.55  1.00000  0.0500  0.050
 4027  6.790  -30.50  1.00000  0.0500  0.050
 4028  6.790  -30.45  1.00000  0.0500  0.050
 4029  6.790  -30.40  1.00000  0.0500  0.050
 4030  6.790  -30.35  1.00000  0.0500  0.050
 4031  6.790  -30.30  1.00000  0.0500  0.050
 4032  6.790  -30.25  1.00000  0.0500  0.050
 4033  6.790  -30.20  1.00000  0.0500  0.050
 4034  6.790  -30.15  1.00000  0.0500  0.050
 4035  6.790  -30.10  1.00000  0.0500  0.050
 4036  6.790  -30.05  1.00000  0.0500  0.050
 4037  6.790  -30.00  1.00000  0.0500  0.050
 4038  6.790  -29.95  1.00000  0.0500  0.050
 4039  6.790  -29.90  1.00000  0.0500  0.050
 4040  6.790  -29.85  1.00000  0.0500  0.050
 4041  6.790  -29.80  1.00000  0.0500  0.050
 4042  6.790  -29.75  1.00000  0.0500  0.050
 4043  6.790  -29.70  1.00000  0.0500  0.050
 4044  6.790  -29.65  1.00000  0.0500  0.050
 4045  6.790  -29.60  1.00000  0.0500  0.050
 4046  6.790  -29.55  1.00000  0.0500  0.050
 4047  6.790  -29.50  1.00000  0.0500  0.050
 4048  6.790  -29.45  1.00000  0.0500  0.050
 4049  6.790  -29.40  1.00000  0.0500  0.050
 4050  6.790  -29.35  1.00000  0.0500  0.050
 4051  6.790  -29.30  1.00000  0.0500  0.050
 4052  6.790  -29.25  1.00000  0.0500  0.050
 4053  6.790  -29.20  1.00000  0.0500  0.050
 4054  6.790  -29.15  1.00000  0.0500  0.050
 4055  6.790  -29.10  1.00000  0.0500  0.050
 4056  6.790  -29.05  1.00000  0.0500  0.050
 4057  6.790  -29.00  1.00000  0.0500  0.050
 4058  6.790  -28.95  1.00000  0.0500  0.050
 4059  6.790  -28.90  1.00000  0.0500  0.050
 4060  6.790  -28.85  1.00000  0.0500  0.050
 4061  6.840  -32.30  1.00000  0.0500  0.050
 4062  6.840  -32.25  1.00000  0.0500  0.050
 4063  6.840  -32.20  1.00000  0.0500  0.050
 4064  6.840  -32.15  1.00000  0.0500  0.050
 4065  6.840  -32.10  1.00000  0.0500  0.050
 4066  6.840  -32.05  1.00000  0.0500  0.050
 4067  6.840  -32.00  1.00000  0.0500  0.050
 4068  6.840  -31.95  1.00000  0.0500  0.050
 4069  6.840  -31.90  1.00000  0.0500  0.050
 4070  6.840  -31.85  1.00000  0.0500  0.050
 4071  6.840  -31.80  1.00000  0.0500  0.050
 4072  6.840  -31.75  1.00000  0.0500  0.050
 4073  6.840  -31.70  1.00000  0.0500  0.050
 4074  6.840  -31.65  1.00000  0.0500  0.050
 4075  6.840  -31.60  1.00000  0.0500  0.050
 4076  6.840  -31.55  1.00000  0.0500  0.050
 4077  6.840  -31.50  1.00000  0.0500  0.050
 4078  6.840  -31.45  1.00000  0.0500  0.050
 4079  6.840  -31.40  1.00000  0.0500  0.050
 4080  6.840  -31.35  1.00000  0.0500  0.050
 4081  6.840  -31.30  1.00000  0.0500  0.050
 4082  6.840  -31.25  1.00000  0.0500  0.050
 4083  6.840  -31.20  1.00000  0.0500  0.050
 4084  6.840  -31.15  1.00000  0.0500  0.050
 4085  6.840  -31.10  1.00000  0.0500  0.050
 4086  6.840  -31.05  1.00000  0.0500  0.050
 4087  6.840  -31.00  1.00000  0.0500  0.050
 4088  6.840  -30.95  1.00000  0.0500  0.050
 4089  6.840  -30.90  1.00000  0.0500  0.050
 4090  6.840  -30.85  1.00000  0.0500  0.050
 4091  6.840  -30.80  1.00000  0.0500  0.050
 4092  6.840  -30.75  1.00000  0.0500  0.050
 4093  6.840  -30.70  1.00000  0.0500  0.050
 4094  6.840  -30.65  1.00000  0.0500  0.050
 4095  6.840  -30.60  1.00000  0.0500  0.050
 4096  6.840  -30.55  1.00000  0.0500  0.050
 4097  6.840  -30.50  1.00000  0.0500  0.050
 4098  6.840  -30.45  1.00000  0.0500  0.050
 4099  6.840  -30.40  1.00000  0.0500  0.050
 4100  6.840  -30.35  1.00000  0.0500  0.050
 4101  6.840  -30.30  1.00000  0.0500  0.050
 4102  6.840  -30.25  1.00000  0.0500  0.050
 4103  6.840  -30.20  1.00000  0.0500  0.050
 4104  6.840  -30.15  1.00000  0.0500  0.050
 4105  6.840  -30.10  1.00000  0.0500  0.050
 4106  6.840  -30.05  1.00000  0.0500  0.050
 4107  6.840  -30.00  1.00000  0.0500  0.050
 4108  6.840  -29.95  1.00000  0.0500  0.050
 4109  6.840  -29.90  1.00000  0.0500  0.050
 4110  6.840  -29.85  1.00000  0.0500  0.050
 4111  6.840  -29.80  1.00000  0.0500  0.050
 4112  6.840  -29.75  1.00000  0.0500  0.050
 4113  6.840  -29.70  1.00000  0.0500  0.050
 4114  6.840  -29.65  1.00000  0.0500  0.050
 4115  6.840  -29.60  1.00000  0.0500  0.050
 4116  6.840  -29.55  1.00000  0.0500  0.050
 4117  6.840  -29.50  1.00000  0.0500  0.050
 4118  6.840  -29.45  1.00000  0.0500  0.050
 4119  6.840  -29.40  1.00000  0.0500  0.050
 4120  6.840  -29.35  1.00000  0.0500  0.050
 4121  6.840  -29.30  1.00000  0.0500  0.050
 4122  6.840  -29.25  1.00000  0.0500  0.050
 4123  6.840  -29.20  1.00000  0.0500  0.050
 4124  6.840  -29.15  1.00000  0.0500  0.050
 4125  6.840  -29.10  1.00000  0.0500  0.050
 4126  6.840  -29.05  1.00000  0.0500  0.050
 4127  6.840  -29.00  1.00000  0.0500  0.050
 4128  6.840  -28.95  1.00000  0.0500  0.050
 4129  6.840  -28.90  1.00000  0.0500  0.050
 4130  6.840  -28.85  1.00000  0.0500  0.050
 4131  6.890  -32.30  1.00000  0.0500  0.050
 4132  6.890  -32.25  1.00000  0.0500  0.050
 4133  6.890  -32.20  1.00000  0.0500  0.050
 4134  6.890  -32.15  1.00000  0.0500  0.050
 4135  6.890  -32.10  1.00000  0.0500  0.050
 4136  6.890  -32.05  1.00000  0.0500  0.050
 4137  6.890  -32.00  1.00000  0.0500  0.050
 4138  6.890  -31.95  1.00000  0.0500  0.050
 4139  6.890  -31.90  1.00000  0.0500  0.050
 4140  6.890  -31.85  1.00000  0.0500  0.050
 4141  6.890  -31.80  1.00000  0.0500  0.050
 4142  6.890  -31.75  1.00000  0.0500  0.050
 4143  6.890  -31.70  1.00000  0.0500  0.050
 4144  6.890  -31.65  1.00000  0.0500  0.050
 4145  6.890  -31.60  1.00000  0.0500  0.050
 4146  6.890  -31.55  1.00000  0.0500  0.050
 4147  6.890  -31.50  1.00000  0.0500  0.050
 4148  6.890  -31.45  1.00000  0.0500  0.050
 4149  6.890  -31.40  1.00000  0.0500  0.050
 4150  6.890  -31.35  1.00000  0.0500  0.050
 4151  6.890  -31.30  1.00000  0.0500  0.050
 4152  6.890  -31.25  1.00000  0.0500  0.050
 4153  6.890  -31.20  1.00000  0.0500  0.050
 4154  6.890  -31.15  1.00000  0.0500  0.050
 4155  6.890  -31.10  1.00000  0.0500  0.050
 4156  6.890  -31.05  1.00000  0.0500  0.050
 4157  6.890  -31.00  1.00000  0.0500  0.050
 4158  6.890  -30.95  1.00000  0.0500  0.050
 4159  6.890  -30.90  1.00000  0.0500  0.050
 4160  6.890  -30.85  1.00000  0.0500  0.050
 4161  6.890  -30.80  1.00000  0.0500  0.050
 4162  6.890  -30.75  1.00000  0.0500  0.050
 4163  6.890  -30.70  1.00000  0.0500  0.050
 4164  6.890  -30.65  1.00000  0.0500  0.050
 4165  6.890  -30.60  1.00000  0.0500  0.050
 4166  6.890  -30.55  1.00000  0.0500  0.050
 4167  6.890  -30.50  1.00000  0.0500  0.050
 4168  6.890  -30.45  1.00000  0.0500  0.050
 4169  6.890  -30.40  1.00000  0.0500  0.050
 4170  6.890  -30.35  1.00000  0.0500  0.050
 4171  6.890  -30.30  1.00000  0.0500  0.050
 4172  6.890  -30.25  1.00000  0.0500  0.050
 4173  6.890  -30.20  1.00000  0.0500  0.050
 4174  6.890  -30.15  1.00000  0.0500  0.050
 4175  6.890  -30.10  1.00000  0.0500  0.050
 4176  6.890  -30.05  1.00000  0.0500  0.050
 4177  6.890  -30.00  1.00000  0.0500  0.050
 4178  6.890  -29.95  1.00000  0.0500  0.050
 4179  6.890  -29.90  1.00000  0.0500  0.050
 4180  6.890  -29.85  1.00000  0.0500  0.050
 4181  6.890  -29.80  1.00000  0.0500  0.050
 4182  6.890  -29.75  1.00000  0.0500  0.050
 4183  6.890  -29.70  1.00000  0.0500  0.050
 4184  6.890  -29.65  1.00000  0.0500  0.050
 4185  6.890  -29.60  1.00000  0.0500  0.050
 4186  6.890  -29.55  1.00000  0.0500  0.050
 4187  6.890  -29.50  1.00000  0.0500  0.050
 4188  6.890  -29.45  1.00000  0.0500  0.050
 4189  6.890  -29.40  1.00000  0.0500  0.050
 4190  6.890  -29.35  1.00000  0.0500  0.050
 4191  6.890  -29.30  1.00000  0.0500  0.050
 4192  6.890  -29.25  1.00000  0.0500  0.050
 4193  6.890  -29.20  1.00000  0.0500  0.050
 4194  6.890  -29.15  1.00000  0.0500  0.050
 4195  6.890  -29.10  1.00000  0.0500  0.050
 4196  6.890  -29.05  1.00000  0.0500  0.050
 4197  6.890  -29.00  1.00000  0.0500  0.050
 4198  6.890  -28.95  1.00000  0.0500  0.050
 4199  6.890  -28.90  1.00000  0.0500  0.050
 4200  6.890  -28.85  1.00000  0.0500  0.050
 4201  6.940  -32.30  1.00000  0.0500  0.050
 4202  6.940  -32.25  1.00000  0.0500  0.050
 4203  6.940  -32.20  1.00000  0.0500  0.050
 4204  6.940  -32.15  1.00000  0.0500  0.050
 4205  6.940  -32.10  1.00000  0.0500  0.050
 4206  6.940  -32.05  1.00000  0.0500  0.050
 4207  6.940  -32.00  1.00000  0.0500  0.050
 4208  6.940  -31.95  1.00000  0.0500  0.050
 4209  6.940  -31.90  1.00000  0.0500  0.050
 4210  6.940  -31.85  1.00000  0.0500  0.050
 4211  6.940  -31.80  1.00000  0.0500  0.050
 4212  6.940  -31.75  1.00000  0.0500  0.050
 4213  6.940  -31.70  1.00000  0.0500  0.050
 4214  6.940  -31.65  1.00000  0.0500  0.050
 4215  6.940  -31.60  1.00000  0.0500  0.050
 4216  6.940  -31.55  1.00000  0.0500  0.050
 4217  6.940  -31.50  1.00000  0.0500  0.050
 4218  6.940  -31.45  1.00000  0.0500  0.050
 4219  6.940  -31.40  1.00000  0.0500  0.050
 4220  6.940  -31.35  1.00000  0.0500  0.050
 4221  6.940  -31.30  1.00000  0.0500  0.050
 4222  6.940  -31.25  1.00000  0.0500  0.050
 4223  6.940  -31.20  1.00000  0.0500  0.050
 4224  6.940  -31.15  1.00000  0.0500  0.050
 4225  6.940  -31.10  1.00000  0.0500  0.050
 4226  6.940  -31.05  1.00000  0.0500  0.050
 4227  6.940  -31.00  1.00000  0.0500  0.050
 4228  6.940  -30.95  1.00000  0.0500  0.050
 4229  6.940  -30.90  1.00000  0.0500  0.050
 4230  6.940  -30.85  1.00000  0.0500  0.050
 4231  6.940  -30.80  1.00000  0.0500  0.050
 4232  6.940  -30.75  1.00000  0.0500  0.050
 4233  6.940  -30.70  1.00000  0.0500  0.050
 4234  6.940  -30.65  1.00000  0.0500  0.050
 4235  6.940  -30.60  1.00000  0.0500  0.050
 4236  6.940  -30.55  1.00000  0.0500  0.050
 4237  6.940  -30.50  1.00000  0.0500  0.050
 4238  6.940  -30.45  1.00000  0.0500  0.050
 4239  6.940  -30.40  1.00000  0.0500  0.050
 4240  6.940  -30.35  1.00000  0.0500  0.050
 4241  6.940  -30.30  1.00000  0.0500  0.050
 4242  6.940  -30.25  1.00000  0.0500  0.050
 4243  6.940  -30.20  1.00000  0.0500  0.050
 4244  6.940  -30.15  1.00000  0.0500  0.050
 4245  6.940  -30.10  1.00000  0.0500  0.050
 4246  6.940  -30.05  1.00000  0.0500  0.050
 4247  6.940  -30.00  1.00000  0.0500  0.050
 4248  6.940  -29.95  1.00000  0.0500  0.050
 4249  6.940  -29.90  1.00000  0.0500  0.050
 4250  6.940  -29.85  1.00000  0.0500  0.050
 4251  6.940  -29.80  1.00000  0.0500  0.050
 4252  6.940  -29.75  1.00000  0.0500  0.050
 4253  6.940  -29.70  1.00000  0.0500  0.050
 4254  6.940  -29.65  1.00000  0.0500  0.050
 4255  6.940  -29.60  1.00000  0.0500  0.050
 4256  6.940  -29.55  1.00000  0.0500  0.050
 4257  6.940  -29.50  1.00000  0.0500  0.050
 4258  6.940  -29.45  1.00000  0.0500  0.050
 4259  6.940  -29.40  1.00000  0.0500  0.050
 4260  6.940  -29.35  1.00000  0.0500  0.050
 4261  6.940  -29.30  1.00000  0.0500  0.050
 4262  6.940  -29.25  1.00000  0.0500  0.050
 4263  6.940  -29.20  1.00000  0.0500  0.050
 4264  6.940  -29.15  1.00000  0.0500  0.050
 4265  6.940  -29.10  1.00000  0.0500  0.050
 4266  6.940  -29.05  1.00000  0.0500  0.050
 4267  6.940  -29.00  1.00000  0.0500  0.050
 4268  6.940  -28.95  1.00000  0.0500  0.050
 4269  6.940  -28.90  1.00000  0.0500  0.050
 4270  6.940  -28.85  1.00000  0.0500  0.050
 4271  6.990  -32.30  1.00000  0.0500  0.050
 4272  6.990  -32.25  1.00000  0.0500  0.050
 4273  6.990  -32.20  1.00000  0.0500  0.050
 4274  6.990  -32.15  1.00000  0.0500  0.050
 4275  6.990  -32.10  1.00000  0.0500  0.050
 4276  6.990  -32.05  1.00000  0.0500  0.050
 4277  6.990  -32.00  1.00000  0.0500  0.050
 4278  6.990  -31.95  1.00000  0.0500  0.050
 4279  6.990  -31.90  1.00000  0.0500  0.050
 4280  6.990  -31.85  1.00000  0.0500  0.050
 4281  6.990  -31.80  1.00000  0.0500  0.050
 4282  6.990  -31.75  1.00000  0.0500  0.050
 4283  6.990  -31.70  1.00000  0.0500  0.050
 4284  6.990  -31.65  1.00000  0.0500  0.050
 4285  6.990  -31.60  1.00000  0.0500  0.050
 4286  6.990  -31.55  1.00000  0.0500  0.050
 4287  6.990  -31.50  1.00000  0.0500  0.050
 4288  6.990  -31.45  1.00000  0.0500  0.050
 4289  6.990  -31.40  1.00000  0.0500  0.050
 4290  6.990  -31.35  1.00000  0.0500  0.050
 4291  6.990  -31.30  1.00000  0.0500  0.050
 4292  6.990  -31.25  1.00000  0.0500  0.050
 4293  6.990  -31.20  1.00000  0.0500  0.050
 4294  6.990  -31.15  1.00000  0.0500  0.050
 4295  6.990  -31.10  1.00000  0.0500  0.050
 4296  6.990  -31.05  1.00000  0.0500  0.050
 4297  6.990  -31.00  1.00000  0.0500  0.050
 4298  6.990  -30.95  1.00000  0.0500  0.050
 4299  6.990  -30.90  1.00000  0.0500  0.050
 4300  6.990  -30.85  1.00000  0.0500  0.050
 4301  6.990  -30.80  1.00000  0.0500  0.050
 4302  6.990  -30.75  1.00000  0.0500  0.050
 4303  6.990  -30.70  1.00000  0.0500  0.050
 4304  6.990  -30.65  1.00000  0.0500  0.050
 4305  6.990  -30.60  1.00000  0.0500  0.050
 4306  6.990  -30.55  1.00000  0.0500  0.050
 4307  6.990  -30.50  1.00000  0.0500  0.050
 4308  6.990  -30.45  1.00000  0.0500  0.050
 4309  6.990  -30.40  1.00000  0.0500  0.050
 4310  6.990  -30.35  1.00000  0.0500  0.050
 4311  6.990  -30.30  1.00000  0.0500  0.050
 4312  6.990  -30.25  1.00000  0.0500  0.050
 4313  6.990  -30.20  1.00000  0.0500  0.050
 4314  6.990  -30.15  1.00000  0.0500  0.050
 4315  6.990  -30.10  1.00000  0.0500  0.050
 4316  6.990  -30.05  1.00000  0.0500  0.050
 4317  6.990  -30.00  1.00000  0.0500  0.050
 4318  6.990  -29.95  1.00000  0.0500  0.050
 4319  6.990  -29.90  1.00000  0.0500  0.050
 4320  6.990  -29.85  1.00000  0.0500  0.050
 4321  6.990  -29.80  1.00000  0.0500  0.050
 4322  6.990  -29.75  1.00000  0.0500  0.050
 4323  6.990  -29.70  1.00000  0.0500  0.050
 4324  6.990  -29.65  1.00000  0.0500  0.050
 4325  6.990  -29.60  1.00000  0.0500  0.050
 4326  6.990  -29.55  1.00000  0.0500  0.050
 4327  6.990  -29.50  1.00000  0.0500  0.050
 4328  6.990  -29.45  1.00000  0.0500  0.050
 4329  6.990  -29.40  1.00000  0.0500  0.050
 4330  6.990  -29.35  1.00000  0.0500  0.050
 4331  6.990  -29.30  1.00000  0.0500  0.050
 4332  6.990  -29.25  1.00000  0.0500  0.050
 4333  6.990  -29.20  1.00000  0.0500  0.050
 4334  6.990  -29.15  1.00000  0.0500  0.050
 4335  6.990  -29.10  1.00000  0.0500  0.050
 4336  6.990  -29.05  1.00000  0.0500  0.050
 4337  6.990  -29.00  1.00000  0.0500  0.050
 4338  6.990  -28.95  1.00000  0.0500  0.050
 4339  6.990  -28.90  1.00000  0.0500  0.050
 4340  6.990  -28.85  1.00000  0.0500  0.050
# dzs = [0.05]
# dmags = [0.05]
