# Using z_tolerance = 0.0001 and mag_tolerance = 0.0000
    1  3.380  -32.95  0.00000  0.0500  0.050
    2  3.380  -32.90  0.00000  0.0500  0.050
    3  3.380  -32.85  0.00000  0.0500  0.050
    4  3.380  -32.80  0.00000  0.0500  0.050
    5  3.380  -32.75  0.00000  0.0500  0.050
    6  3.380  -32.70  0.00000  0.0500  0.050
    7  3.380  -32.65  0.00000  0.0500  0.050
    8  3.380  -32.60  0.00000  0.0500  0.050
    9  3.380  -32.55  0.00000  0.0500  0.050
   10  3.380  -32.50  0.00000  0.0500  0.050
   11  3.380  -32.45  0.00000  0.0500  0.050
   12  3.380  -32.40  0.00000  0.0500  0.050
   13  3.380  -32.35  0.00000  0.0500  0.050
   14  3.380  -32.30  0.00000  0.0500  0.050
   15  3.380  -32.25  0.00000  0.0500  0.050
   16  3.380  -32.20  0.00000  0.0500  0.050
   17  3.380  -32.15  0.00000  0.0500  0.050
   18  3.380  -32.10  0.00000  0.0500  0.050
   19  3.380  -32.05  0.00000  0.0500  0.050
   20  3.380  -32.00  0.00000  0.0500  0.050
   21  3.380  -31.95  0.00000  0.0500  0.050
   22  3.380  -31.90  0.00000  0.0500  0.050
   23  3.380  -31.85  0.00000  0.0500  0.050
   24  3.380  -31.80  0.00000  0.0500  0.050
   25  3.380  -31.75  0.00000  0.0500  0.050
   26  3.380  -31.70  0.00000  0.0500  0.050
   27  3.380  -31.65  0.00000  0.0500  0.050
   28  3.380  -31.60  0.00000  0.0500  0.050
   29  3.380  -31.55  0.00000  0.0500  0.050
   30  3.380  -31.50  0.00000  0.0500  0.050
   31  3.380  -31.45  0.00000  0.0500  0.050
   32  3.380  -31.40  0.00000  0.0500  0.050
   33  3.380  -31.35  0.00000  0.0500  0.050
   34  3.380  -31.30  0.00000  0.0500  0.050
   35  3.380  -31.25  0.00000  0.0500  0.050
   36  3.380  -31.20  0.00000  0.0500  0.050
   37  3.380  -31.15  0.00000  0.0500  0.050
   38  3.380  -31.10  0.00000  0.0500  0.050
   39  3.380  -31.05  0.00000  0.0500  0.050
   40  3.380  -31.00  0.00000  0.0500  0.050
   41  3.380  -30.95  0.00000  0.0500  0.050
   42  3.380  -30.90  0.00000  0.0500  0.050
   43  3.380  -30.85  0.00000  0.0500  0.050
   44  3.380  -30.80  0.00000  0.0500  0.050
   45  3.380  -30.75  0.00000  0.0500  0.050
   46  3.380  -30.70  0.00000  0.0500  0.050
   47  3.380  -30.65  0.00000  0.0500  0.050
   48  3.380  -30.60  0.00000  0.0500  0.050
   49  3.380  -30.55  0.00000  0.0500  0.050
   50  3.380  -30.50  0.00000  0.0500  0.050
   51  3.380  -30.45  0.00000  0.0500  0.050
   52  3.380  -30.40  0.00000  0.0500  0.050
   53  3.380  -30.35  0.00000  0.0500  0.050
   54  3.380  -30.30  0.00000  0.0500  0.050
   55  3.380  -30.25  0.00000  0.0500  0.050
   56  3.380  -30.20  0.00000  0.0500  0.050
   57  3.380  -30.15  0.00000  0.0500  0.050
   58  3.380  -30.10  0.00000  0.0500  0.050
   59  3.380  -30.05  0.00000  0.0500  0.050
   60  3.380  -30.00  0.00000  0.0500  0.050
   61  3.380  -29.95  0.00000  0.0500  0.050
   62  3.380  -29.90  0.00000  0.0500  0.050
   63  3.380  -29.85  0.00000  0.0500  0.050
   64  3.380  -29.80  0.00000  0.0500  0.050
   65  3.380  -29.75  0.00000  0.0500  0.050
   66  3.380  -29.70  0.00000  0.0500  0.050
   67  3.380  -29.65  0.00000  0.0500  0.050
   68  3.380  -29.60  0.00000  0.0500  0.050
   69  3.380  -29.55  0.00000  0.0500  0.050
   70  3.380  -29.50  0.00000  0.0500  0.050
   71  3.380  -29.45  0.00000  0.0500  0.050
   72  3.380  -29.40  0.00000  0.0500  0.050
   73  3.380  -29.35  0.00000  0.0500  0.050
   74  3.380  -29.30  0.00000  0.0500  0.050
   75  3.380  -29.25  0.00000  0.0500  0.050
   76  3.380  -29.20  0.00000  0.0500  0.050
   77  3.380  -29.15  0.00000  0.0500  0.050
   78  3.380  -29.10  0.00000  0.0500  0.050
   79  3.380  -29.05  0.00000  0.0500  0.050
   80  3.380  -29.00  0.00000  0.0500  0.050
   81  3.380  -28.95  0.00000  0.0500  0.050
   82  3.380  -28.90  0.00000  0.0500  0.050
   83  3.380  -28.85  0.00000  0.0500  0.050
   84  3.380  -28.80  0.00000  0.0500  0.050
   85  3.380  -28.75  0.00000  0.0500  0.050
   86  3.380  -28.70  0.00000  0.0500  0.050
   87  3.430  -32.95  0.00000  0.0500  0.050
   88  3.430  -32.90  0.00000  0.0500  0.050
   89  3.430  -32.85  0.00000  0.0500  0.050
   90  3.430  -32.80  0.00000  0.0500  0.050
   91  3.430  -32.75  0.00000  0.0500  0.050
   92  3.430  -32.70  0.00000  0.0500  0.050
   93  3.430  -32.65  0.00000  0.0500  0.050
   94  3.430  -32.60  0.00000  0.0500  0.050
   95  3.430  -32.55  0.00000  0.0500  0.050
   96  3.430  -32.50  0.00000  0.0500  0.050
   97  3.430  -32.45  0.00000  0.0500  0.050
   98  3.430  -32.40  0.00000  0.0500  0.050
   99  3.430  -32.35  0.00000  0.0500  0.050
  100  3.430  -32.30  0.00000  0.0500  0.050
  101  3.430  -32.25  0.00000  0.0500  0.050
  102  3.430  -32.20  0.00000  0.0500  0.050
  103  3.430  -32.15  0.00000  0.0500  0.050
  104  3.430  -32.10  0.00000  0.0500  0.050
  105  3.430  -32.05  0.00000  0.0500  0.050
  106  3.430  -32.00  0.00000  0.0500  0.050
  107  3.430  -31.95  0.00000  0.0500  0.050
  108  3.430  -31.90  0.00000  0.0500  0.050
  109  3.430  -31.85  0.00000  0.0500  0.050
  110  3.430  -31.80  0.00000  0.0500  0.050
  111  3.430  -31.75  0.00000  0.0500  0.050
  112  3.430  -31.70  0.00000  0.0500  0.050
  113  3.430  -31.65  0.00000  0.0500  0.050
  114  3.430  -31.60  0.00000  0.0500  0.050
  115  3.430  -31.55  0.00000  0.0500  0.050
  116  3.430  -31.50  0.00000  0.0500  0.050
  117  3.430  -31.45  0.00000  0.0500  0.050
  118  3.430  -31.40  0.00000  0.0500  0.050
  119  3.430  -31.35  0.00000  0.0500  0.050
  120  3.430  -31.30  0.00000  0.0500  0.050
  121  3.430  -31.25  0.00000  0.0500  0.050
  122  3.430  -31.20  0.00000  0.0500  0.050
  123  3.430  -31.15  0.00000  0.0500  0.050
  124  3.430  -31.10  0.00000  0.0500  0.050
  125  3.430  -31.05  0.00000  0.0500  0.050
  126  3.430  -31.00  0.00000  0.0500  0.050
  127  3.430  -30.95  0.00000  0.0500  0.050
  128  3.430  -30.90  0.00000  0.0500  0.050
  129  3.430  -30.85  0.00000  0.0500  0.050
  130  3.430  -30.80  0.00000  0.0500  0.050
  131  3.430  -30.75  0.00000  0.0500  0.050
  132  3.430  -30.70  0.00000  0.0500  0.050
  133  3.430  -30.65  0.00000  0.0500  0.050
  134  3.430  -30.60  0.00000  0.0500  0.050
  135  3.430  -30.55  0.00000  0.0500  0.050
  136  3.430  -30.50  0.00000  0.0500  0.050
  137  3.430  -30.45  0.00000  0.0500  0.050
  138  3.430  -30.40  0.00000  0.0500  0.050
  139  3.430  -30.35  0.00000  0.0500  0.050
  140  3.430  -30.30  0.00000  0.0500  0.050
  141  3.430  -30.25  0.00000  0.0500  0.050
  142  3.430  -30.20  0.00000  0.0500  0.050
  143  3.430  -30.15  0.00000  0.0500  0.050
  144  3.430  -30.10  0.00000  0.0500  0.050
  145  3.430  -30.05  0.00000  0.0500  0.050
  146  3.430  -30.00  0.00000  0.0500  0.050
  147  3.430  -29.95  0.00000  0.0500  0.050
  148  3.430  -29.90  0.00000  0.0500  0.050
  149  3.430  -29.85  0.00000  0.0500  0.050
  150  3.430  -29.80  0.00000  0.0500  0.050
  151  3.430  -29.75  0.00000  0.0500  0.050
  152  3.430  -29.70  0.00000  0.0500  0.050
  153  3.430  -29.65  0.00000  0.0500  0.050
  154  3.430  -29.60  0.00000  0.0500  0.050
  155  3.430  -29.55  0.00000  0.0500  0.050
  156  3.430  -29.50  0.00000  0.0500  0.050
  157  3.430  -29.45  0.00000  0.0500  0.050
  158  3.430  -29.40  0.00000  0.0500  0.050
  159  3.430  -29.35  0.00000  0.0500  0.050
  160  3.430  -29.30  0.00000  0.0500  0.050
  161  3.430  -29.25  0.00000  0.0500  0.050
  162  3.430  -29.20  0.00000  0.0500  0.050
  163  3.430  -29.15  0.00000  0.0500  0.050
  164  3.430  -29.10  0.00000  0.0500  0.050
  165  3.430  -29.05  0.00000  0.0500  0.050
  166  3.430  -29.00  0.00000  0.0500  0.050
  167  3.430  -28.95  0.00000  0.0500  0.050
  168  3.430  -28.90  0.00000  0.0500  0.050
  169  3.430  -28.85  0.00000  0.0500  0.050
  170  3.430  -28.80  0.00000  0.0500  0.050
  171  3.430  -28.75  0.00000  0.0500  0.050
  172  3.430  -28.70  0.00000  0.0500  0.050
  173  3.480  -32.95  0.00000  0.0500  0.050
  174  3.480  -32.90  0.00000  0.0500  0.050
  175  3.480  -32.85  0.00000  0.0500  0.050
  176  3.480  -32.80  0.00000  0.0500  0.050
  177  3.480  -32.75  0.00000  0.0500  0.050
  178  3.480  -32.70  0.00000  0.0500  0.050
  179  3.480  -32.65  0.00000  0.0500  0.050
  180  3.480  -32.60  0.00000  0.0500  0.050
  181  3.480  -32.55  0.00000  0.0500  0.050
  182  3.480  -32.50  0.00000  0.0500  0.050
  183  3.480  -32.45  0.00000  0.0500  0.050
  184  3.480  -32.40  0.00000  0.0500  0.050
  185  3.480  -32.35  0.00000  0.0500  0.050
  186  3.480  -32.30  0.00000  0.0500  0.050
  187  3.480  -32.25  0.00000  0.0500  0.050
  188  3.480  -32.20  0.00000  0.0500  0.050
  189  3.480  -32.15  0.00000  0.0500  0.050
  190  3.480  -32.10  0.00000  0.0500  0.050
  191  3.480  -32.05  0.00000  0.0500  0.050
  192  3.480  -32.00  0.00000  0.0500  0.050
  193  3.480  -31.95  0.00000  0.0500  0.050
  194  3.480  -31.90  0.00000  0.0500  0.050
  195  3.480  -31.85  0.00000  0.0500  0.050
  196  3.480  -31.80  0.00000  0.0500  0.050
  197  3.480  -31.75  0.00000  0.0500  0.050
  198  3.480  -31.70  0.00000  0.0500  0.050
  199  3.480  -31.65  0.00000  0.0500  0.050
  200  3.480  -31.60  0.00000  0.0500  0.050
  201  3.480  -31.55  0.00000  0.0500  0.050
  202  3.480  -31.50  0.00000  0.0500  0.050
  203  3.480  -31.45  0.00000  0.0500  0.050
  204  3.480  -31.40  0.00000  0.0500  0.050
  205  3.480  -31.35  0.00000  0.0500  0.050
  206  3.480  -31.30  0.00000  0.0500  0.050
  207  3.480  -31.25  0.00000  0.0500  0.050
  208  3.480  -31.20  0.00000  0.0500  0.050
  209  3.480  -31.15  0.00000  0.0500  0.050
  210  3.480  -31.10  0.00000  0.0500  0.050
  211  3.480  -31.05  0.00000  0.0500  0.050
  212  3.480  -31.00  0.00000  0.0500  0.050
  213  3.480  -30.95  0.00000  0.0500  0.050
  214  3.480  -30.90  0.00000  0.0500  0.050
  215  3.480  -30.85  0.00000  0.0500  0.050
  216  3.480  -30.80  0.00000  0.0500  0.050
  217  3.480  -30.75  0.00000  0.0500  0.050
  218  3.480  -30.70  0.00000  0.0500  0.050
  219  3.480  -30.65  0.00000  0.0500  0.050
  220  3.480  -30.60  0.00000  0.0500  0.050
  221  3.480  -30.55  0.00000  0.0500  0.050
  222  3.480  -30.50  0.00000  0.0500  0.050
  223  3.480  -30.45  0.00000  0.0500  0.050
  224  3.480  -30.40  0.00000  0.0500  0.050
  225  3.480  -30.35  0.00000  0.0500  0.050
  226  3.480  -30.30  0.00000  0.0500  0.050
  227  3.480  -30.25  0.00000  0.0500  0.050
  228  3.480  -30.20  0.00000  0.0500  0.050
  229  3.480  -30.15  0.00000  0.0500  0.050
  230  3.480  -30.10  0.00000  0.0500  0.050
  231  3.480  -30.05  0.00000  0.0500  0.050
  232  3.480  -30.00  0.00000  0.0500  0.050
  233  3.480  -29.95  0.00000  0.0500  0.050
  234  3.480  -29.90  0.00000  0.0500  0.050
  235  3.480  -29.85  0.00000  0.0500  0.050
  236  3.480  -29.80  0.00000  0.0500  0.050
  237  3.480  -29.75  0.00000  0.0500  0.050
  238  3.480  -29.70  0.00000  0.0500  0.050
  239  3.480  -29.65  0.00000  0.0500  0.050
  240  3.480  -29.60  0.00000  0.0500  0.050
  241  3.480  -29.55  0.00000  0.0500  0.050
  242  3.480  -29.50  0.00000  0.0500  0.050
  243  3.480  -29.45  0.00000  0.0500  0.050
  244  3.480  -29.40  0.00000  0.0500  0.050
  245  3.480  -29.35  0.00000  0.0500  0.050
  246  3.480  -29.30  0.00000  0.0500  0.050
  247  3.480  -29.25  0.00000  0.0500  0.050
  248  3.480  -29.20  0.00000  0.0500  0.050
  249  3.480  -29.15  0.00000  0.0500  0.050
  250  3.480  -29.10  0.00000  0.0500  0.050
  251  3.480  -29.05  0.00000  0.0500  0.050
  252  3.480  -29.00  0.00000  0.0500  0.050
  253  3.480  -28.95  0.00000  0.0500  0.050
  254  3.480  -28.90  0.00000  0.0500  0.050
  255  3.480  -28.85  0.00000  0.0500  0.050
  256  3.480  -28.80  0.00000  0.0500  0.050
  257  3.480  -28.75  0.00000  0.0500  0.050
  258  3.480  -28.70  0.00000  0.0500  0.050
  259  3.530  -32.95  0.00000  0.0500  0.050
  260  3.530  -32.90  0.00000  0.0500  0.050
  261  3.530  -32.85  0.00000  0.0500  0.050
  262  3.530  -32.80  0.00000  0.0500  0.050
  263  3.530  -32.75  0.00000  0.0500  0.050
  264  3.530  -32.70  0.00000  0.0500  0.050
  265  3.530  -32.65  0.00000  0.0500  0.050
  266  3.530  -32.60  0.00000  0.0500  0.050
  267  3.530  -32.55  0.00000  0.0500  0.050
  268  3.530  -32.50  0.00000  0.0500  0.050
  269  3.530  -32.45  0.00000  0.0500  0.050
  270  3.530  -32.40  0.00000  0.0500  0.050
  271  3.530  -32.35  0.00000  0.0500  0.050
  272  3.530  -32.30  0.00000  0.0500  0.050
  273  3.530  -32.25  0.00000  0.0500  0.050
  274  3.530  -32.20  0.00000  0.0500  0.050
  275  3.530  -32.15  0.00000  0.0500  0.050
  276  3.530  -32.10  0.00000  0.0500  0.050
  277  3.530  -32.05  0.00000  0.0500  0.050
  278  3.530  -32.00  0.00000  0.0500  0.050
  279  3.530  -31.95  0.00000  0.0500  0.050
  280  3.530  -31.90  0.00000  0.0500  0.050
  281  3.530  -31.85  0.00000  0.0500  0.050
  282  3.530  -31.80  0.00000  0.0500  0.050
  283  3.530  -31.75  0.00000  0.0500  0.050
  284  3.530  -31.70  0.00000  0.0500  0.050
  285  3.530  -31.65  0.00000  0.0500  0.050
  286  3.530  -31.60  0.00000  0.0500  0.050
  287  3.530  -31.55  0.00000  0.0500  0.050
  288  3.530  -31.50  0.00000  0.0500  0.050
  289  3.530  -31.45  0.00000  0.0500  0.050
  290  3.530  -31.40  0.00000  0.0500  0.050
  291  3.530  -31.35  0.00000  0.0500  0.050
  292  3.530  -31.30  0.00000  0.0500  0.050
  293  3.530  -31.25  0.00000  0.0500  0.050
  294  3.530  -31.20  0.00000  0.0500  0.050
  295  3.530  -31.15  0.00000  0.0500  0.050
  296  3.530  -31.10  0.00000  0.0500  0.050
  297  3.530  -31.05  0.00000  0.0500  0.050
  298  3.530  -31.00  0.00000  0.0500  0.050
  299  3.530  -30.95  0.00000  0.0500  0.050
  300  3.530  -30.90  0.00000  0.0500  0.050
  301  3.530  -30.85  0.00000  0.0500  0.050
  302  3.530  -30.80  0.00000  0.0500  0.050
  303  3.530  -30.75  0.00000  0.0500  0.050
  304  3.530  -30.70  0.00000  0.0500  0.050
  305  3.530  -30.65  0.00000  0.0500  0.050
  306  3.530  -30.60  0.00000  0.0500  0.050
  307  3.530  -30.55  0.00000  0.0500  0.050
  308  3.530  -30.50  0.00000  0.0500  0.050
  309  3.530  -30.45  0.00000  0.0500  0.050
  310  3.530  -30.40  0.00000  0.0500  0.050
  311  3.530  -30.35  0.00000  0.0500  0.050
  312  3.530  -30.30  0.00000  0.0500  0.050
  313  3.530  -30.25  0.00000  0.0500  0.050
  314  3.530  -30.20  0.00000  0.0500  0.050
  315  3.530  -30.15  0.00000  0.0500  0.050
  316  3.530  -30.10  0.00000  0.0500  0.050
  317  3.530  -30.05  0.00000  0.0500  0.050
  318  3.530  -30.00  0.00000  0.0500  0.050
  319  3.530  -29.95  0.00000  0.0500  0.050
  320  3.530  -29.90  0.00000  0.0500  0.050
  321  3.530  -29.85  0.00000  0.0500  0.050
  322  3.530  -29.80  0.00000  0.0500  0.050
  323  3.530  -29.75  0.00000  0.0500  0.050
  324  3.530  -29.70  0.00000  0.0500  0.050
  325  3.530  -29.65  0.00000  0.0500  0.050
  326  3.530  -29.60  0.00000  0.0500  0.050
  327  3.530  -29.55  0.00000  0.0500  0.050
  328  3.530  -29.50  0.00000  0.0500  0.050
  329  3.530  -29.45  0.00000  0.0500  0.050
  330  3.530  -29.40  0.00000  0.0500  0.050
  331  3.530  -29.35  0.00000  0.0500  0.050
  332  3.530  -29.30  0.00000  0.0500  0.050
  333  3.530  -29.25  0.00000  0.0500  0.050
  334  3.530  -29.20  0.00000  0.0500  0.050
  335  3.530  -29.15  0.00000  0.0500  0.050
  336  3.530  -29.10  0.00000  0.0500  0.050
  337  3.530  -29.05  0.00000  0.0500  0.050
  338  3.530  -29.00  0.00000  0.0500  0.050
  339  3.530  -28.95  0.00000  0.0500  0.050
  340  3.530  -28.90  0.00000  0.0500  0.050
  341  3.530  -28.85  0.00000  0.0500  0.050
  342  3.530  -28.80  0.00000  0.0500  0.050
  343  3.530  -28.75  0.00000  0.0500  0.050
  344  3.530  -28.70  0.00000  0.0500  0.050
  345  3.580  -32.95  0.00000  0.0500  0.050
  346  3.580  -32.90  0.00000  0.0500  0.050
  347  3.580  -32.85  0.00000  0.0500  0.050
  348  3.580  -32.80  0.00000  0.0500  0.050
  349  3.580  -32.75  0.00000  0.0500  0.050
  350  3.580  -32.70  0.00000  0.0500  0.050
  351  3.580  -32.65  0.00000  0.0500  0.050
  352  3.580  -32.60  0.00000  0.0500  0.050
  353  3.580  -32.55  0.00000  0.0500  0.050
  354  3.580  -32.50  0.00000  0.0500  0.050
  355  3.580  -32.45  0.00000  0.0500  0.050
  356  3.580  -32.40  0.00000  0.0500  0.050
  357  3.580  -32.35  0.00000  0.0500  0.050
  358  3.580  -32.30  0.00000  0.0500  0.050
  359  3.580  -32.25  0.00000  0.0500  0.050
  360  3.580  -32.20  0.00000  0.0500  0.050
  361  3.580  -32.15  0.00000  0.0500  0.050
  362  3.580  -32.10  0.00000  0.0500  0.050
  363  3.580  -32.05  0.00000  0.0500  0.050
  364  3.580  -32.00  0.00000  0.0500  0.050
  365  3.580  -31.95  0.00000  0.0500  0.050
  366  3.580  -31.90  0.00000  0.0500  0.050
  367  3.580  -31.85  0.00000  0.0500  0.050
  368  3.580  -31.80  0.00000  0.0500  0.050
  369  3.580  -31.75  0.00000  0.0500  0.050
  370  3.580  -31.70  0.00000  0.0500  0.050
  371  3.580  -31.65  0.00000  0.0500  0.050
  372  3.580  -31.60  0.00000  0.0500  0.050
  373  3.580  -31.55  0.00000  0.0500  0.050
  374  3.580  -31.50  0.00000  0.0500  0.050
  375  3.580  -31.45  0.00000  0.0500  0.050
  376  3.580  -31.40  0.00000  0.0500  0.050
  377  3.580  -31.35  0.00000  0.0500  0.050
  378  3.580  -31.30  0.00000  0.0500  0.050
  379  3.580  -31.25  0.00000  0.0500  0.050
  380  3.580  -31.20  0.00000  0.0500  0.050
  381  3.580  -31.15  0.00000  0.0500  0.050
  382  3.580  -31.10  0.00000  0.0500  0.050
  383  3.580  -31.05  0.00000  0.0500  0.050
  384  3.580  -31.00  0.00000  0.0500  0.050
  385  3.580  -30.95  0.00000  0.0500  0.050
  386  3.580  -30.90  0.00000  0.0500  0.050
  387  3.580  -30.85  0.00000  0.0500  0.050
  388  3.580  -30.80  0.00000  0.0500  0.050
  389  3.580  -30.75  0.00000  0.0500  0.050
  390  3.580  -30.70  0.00000  0.0500  0.050
  391  3.580  -30.65  0.00000  0.0500  0.050
  392  3.580  -30.60  0.00000  0.0500  0.050
  393  3.580  -30.55  0.00000  0.0500  0.050
  394  3.580  -30.50  0.00000  0.0500  0.050
  395  3.580  -30.45  0.00000  0.0500  0.050
  396  3.580  -30.40  0.00000  0.0500  0.050
  397  3.580  -30.35  0.00000  0.0500  0.050
  398  3.580  -30.30  0.00000  0.0500  0.050
  399  3.580  -30.25  0.00000  0.0500  0.050
  400  3.580  -30.20  0.00000  0.0500  0.050
  401  3.580  -30.15  0.00000  0.0500  0.050
  402  3.580  -30.10  0.00000  0.0500  0.050
  403  3.580  -30.05  0.00000  0.0500  0.050
  404  3.580  -30.00  0.00000  0.0500  0.050
  405  3.580  -29.95  0.00000  0.0500  0.050
  406  3.580  -29.90  0.00000  0.0500  0.050
  407  3.580  -29.85  0.00000  0.0500  0.050
  408  3.580  -29.80  0.00000  0.0500  0.050
  409  3.580  -29.75  0.00000  0.0500  0.050
  410  3.580  -29.70  0.00000  0.0500  0.050
  411  3.580  -29.65  0.00000  0.0500  0.050
  412  3.580  -29.60  0.00000  0.0500  0.050
  413  3.580  -29.55  0.00000  0.0500  0.050
  414  3.580  -29.50  0.00000  0.0500  0.050
  415  3.580  -29.45  0.00000  0.0500  0.050
  416  3.580  -29.40  0.00000  0.0500  0.050
  417  3.580  -29.35  0.00000  0.0500  0.050
  418  3.580  -29.30  0.00000  0.0500  0.050
  419  3.580  -29.25  0.00000  0.0500  0.050
  420  3.580  -29.20  0.00000  0.0500  0.050
  421  3.580  -29.15  0.00000  0.0500  0.050
  422  3.580  -29.10  0.00000  0.0500  0.050
  423  3.580  -29.05  0.00000  0.0500  0.050
  424  3.580  -29.00  0.00000  0.0500  0.050
  425  3.580  -28.95  0.00000  0.0500  0.050
  426  3.580  -28.90  0.00000  0.0500  0.050
  427  3.580  -28.85  0.00000  0.0500  0.050
  428  3.580  -28.80  0.00000  0.0500  0.050
  429  3.580  -28.75  0.00000  0.0500  0.050
  430  3.580  -28.70  0.00000  0.0500  0.050
  431  3.630  -32.95  0.00000  0.0500  0.050
  432  3.630  -32.90  0.00000  0.0500  0.050
  433  3.630  -32.85  0.00000  0.0500  0.050
  434  3.630  -32.80  0.00000  0.0500  0.050
  435  3.630  -32.75  0.00000  0.0500  0.050
  436  3.630  -32.70  0.00000  0.0500  0.050
  437  3.630  -32.65  0.00000  0.0500  0.050
  438  3.630  -32.60  0.00000  0.0500  0.050
  439  3.630  -32.55  0.00000  0.0500  0.050
  440  3.630  -32.50  0.00000  0.0500  0.050
  441  3.630  -32.45  0.00000  0.0500  0.050
  442  3.630  -32.40  0.00000  0.0500  0.050
  443  3.630  -32.35  0.00000  0.0500  0.050
  444  3.630  -32.30  0.00000  0.0500  0.050
  445  3.630  -32.25  0.00000  0.0500  0.050
  446  3.630  -32.20  0.00000  0.0500  0.050
  447  3.630  -32.15  0.00000  0.0500  0.050
  448  3.630  -32.10  0.00000  0.0500  0.050
  449  3.630  -32.05  0.00000  0.0500  0.050
  450  3.630  -32.00  0.00000  0.0500  0.050
  451  3.630  -31.95  0.00000  0.0500  0.050
  452  3.630  -31.90  0.00000  0.0500  0.050
  453  3.630  -31.85  0.00000  0.0500  0.050
  454  3.630  -31.80  0.00000  0.0500  0.050
  455  3.630  -31.75  0.00000  0.0500  0.050
  456  3.630  -31.70  0.00000  0.0500  0.050
  457  3.630  -31.65  0.00000  0.0500  0.050
  458  3.630  -31.60  0.00000  0.0500  0.050
  459  3.630  -31.55  0.00000  0.0500  0.050
  460  3.630  -31.50  0.00000  0.0500  0.050
  461  3.630  -31.45  0.00000  0.0500  0.050
  462  3.630  -31.40  0.00000  0.0500  0.050
  463  3.630  -31.35  0.00000  0.0500  0.050
  464  3.630  -31.30  0.00000  0.0500  0.050
  465  3.630  -31.25  0.00000  0.0500  0.050
  466  3.630  -31.20  0.00000  0.0500  0.050
  467  3.630  -31.15  0.00000  0.0500  0.050
  468  3.630  -31.10  0.00000  0.0500  0.050
  469  3.630  -31.05  0.00000  0.0500  0.050
  470  3.630  -31.00  0.00000  0.0500  0.050
  471  3.630  -30.95  0.00000  0.0500  0.050
  472  3.630  -30.90  0.00000  0.0500  0.050
  473  3.630  -30.85  0.00000  0.0500  0.050
  474  3.630  -30.80  0.00000  0.0500  0.050
  475  3.630  -30.75  0.00000  0.0500  0.050
  476  3.630  -30.70  0.00000  0.0500  0.050
  477  3.630  -30.65  0.00000  0.0500  0.050
  478  3.630  -30.60  0.00000  0.0500  0.050
  479  3.630  -30.55  0.00000  0.0500  0.050
  480  3.630  -30.50  0.00000  0.0500  0.050
  481  3.630  -30.45  0.00000  0.0500  0.050
  482  3.630  -30.40  0.00000  0.0500  0.050
  483  3.630  -30.35  0.00000  0.0500  0.050
  484  3.630  -30.30  0.00000  0.0500  0.050
  485  3.630  -30.25  0.00000  0.0500  0.050
  486  3.630  -30.20  0.00000  0.0500  0.050
  487  3.630  -30.15  0.00000  0.0500  0.050
  488  3.630  -30.10  0.00000  0.0500  0.050
  489  3.630  -30.05  0.00000  0.0500  0.050
  490  3.630  -30.00  0.00000  0.0500  0.050
  491  3.630  -29.95  0.00000  0.0500  0.050
  492  3.630  -29.90  0.00000  0.0500  0.050
  493  3.630  -29.85  0.00000  0.0500  0.050
  494  3.630  -29.80  0.00000  0.0500  0.050
  495  3.630  -29.75  0.00000  0.0500  0.050
  496  3.630  -29.70  0.00000  0.0500  0.050
  497  3.630  -29.65  0.00000  0.0500  0.050
  498  3.630  -29.60  0.00000  0.0500  0.050
  499  3.630  -29.55  0.00000  0.0500  0.050
  500  3.630  -29.50  0.00000  0.0500  0.050
  501  3.630  -29.45  0.00000  0.0500  0.050
  502  3.630  -29.40  0.00000  0.0500  0.050
  503  3.630  -29.35  0.00000  0.0500  0.050
  504  3.630  -29.30  0.00000  0.0500  0.050
  505  3.630  -29.25  0.00000  0.0500  0.050
  506  3.630  -29.20  0.00000  0.0500  0.050
  507  3.630  -29.15  0.00000  0.0500  0.050
  508  3.630  -29.10  0.00000  0.0500  0.050
  509  3.630  -29.05  0.00000  0.0500  0.050
  510  3.630  -29.00  0.00000  0.0500  0.050
  511  3.630  -28.95  0.00000  0.0500  0.050
  512  3.630  -28.90  0.00000  0.0500  0.050
  513  3.630  -28.85  0.00000  0.0500  0.050
  514  3.630  -28.80  0.00000  0.0500  0.050
  515  3.630  -28.75  0.00000  0.0500  0.050
  516  3.630  -28.70  0.00000  0.0500  0.050
  517  3.680  -32.95  0.00000  0.0500  0.050
  518  3.680  -32.90  0.00000  0.0500  0.050
  519  3.680  -32.85  0.00000  0.0500  0.050
  520  3.680  -32.80  0.00000  0.0500  0.050
  521  3.680  -32.75  0.00000  0.0500  0.050
  522  3.680  -32.70  0.00000  0.0500  0.050
  523  3.680  -32.65  0.00000  0.0500  0.050
  524  3.680  -32.60  0.00000  0.0500  0.050
  525  3.680  -32.55  0.00000  0.0500  0.050
  526  3.680  -32.50  0.00000  0.0500  0.050
  527  3.680  -32.45  0.00000  0.0500  0.050
  528  3.680  -32.40  0.00000  0.0500  0.050
  529  3.680  -32.35  0.00000  0.0500  0.050
  530  3.680  -32.30  0.00000  0.0500  0.050
  531  3.680  -32.25  0.00000  0.0500  0.050
  532  3.680  -32.20  0.00000  0.0500  0.050
  533  3.680  -32.15  0.00000  0.0500  0.050
  534  3.680  -32.10  0.00000  0.0500  0.050
  535  3.680  -32.05  0.00000  0.0500  0.050
  536  3.680  -32.00  0.00000  0.0500  0.050
  537  3.680  -31.95  0.00000  0.0500  0.050
  538  3.680  -31.90  0.00000  0.0500  0.050
  539  3.680  -31.85  0.00000  0.0500  0.050
  540  3.680  -31.80  0.00000  0.0500  0.050
  541  3.680  -31.75  0.00000  0.0500  0.050
  542  3.680  -31.70  0.00000  0.0500  0.050
  543  3.680  -31.65  0.00000  0.0500  0.050
  544  3.680  -31.60  0.00000  0.0500  0.050
  545  3.680  -31.55  0.00000  0.0500  0.050
  546  3.680  -31.50  0.00000  0.0500  0.050
  547  3.680  -31.45  0.00000  0.0500  0.050
  548  3.680  -31.40  0.00000  0.0500  0.050
  549  3.680  -31.35  0.00000  0.0500  0.050
  550  3.680  -31.30  0.00000  0.0500  0.050
  551  3.680  -31.25  0.00000  0.0500  0.050
  552  3.680  -31.20  0.00000  0.0500  0.050
  553  3.680  -31.15  0.00000  0.0500  0.050
  554  3.680  -31.10  0.00000  0.0500  0.050
  555  3.680  -31.05  0.00000  0.0500  0.050
  556  3.680  -31.00  0.00000  0.0500  0.050
  557  3.680  -30.95  0.00000  0.0500  0.050
  558  3.680  -30.90  0.00000  0.0500  0.050
  559  3.680  -30.85  0.00000  0.0500  0.050
  560  3.680  -30.80  0.00000  0.0500  0.050
  561  3.680  -30.75  0.00000  0.0500  0.050
  562  3.680  -30.70  0.00000  0.0500  0.050
  563  3.680  -30.65  0.00000  0.0500  0.050
  564  3.680  -30.60  0.00000  0.0500  0.050
  565  3.680  -30.55  0.00000  0.0500  0.050
  566  3.680  -30.50  0.00000  0.0500  0.050
  567  3.680  -30.45  0.00000  0.0500  0.050
  568  3.680  -30.40  0.00000  0.0500  0.050
  569  3.680  -30.35  0.00000  0.0500  0.050
  570  3.680  -30.30  0.00000  0.0500  0.050
  571  3.680  -30.25  0.00000  0.0500  0.050
  572  3.680  -30.20  0.00000  0.0500  0.050
  573  3.680  -30.15  0.00000  0.0500  0.050
  574  3.680  -30.10  0.00000  0.0500  0.050
  575  3.680  -30.05  0.00000  0.0500  0.050
  576  3.680  -30.00  0.00000  0.0500  0.050
  577  3.680  -29.95  0.00000  0.0500  0.050
  578  3.680  -29.90  0.00000  0.0500  0.050
  579  3.680  -29.85  0.00000  0.0500  0.050
  580  3.680  -29.80  0.00000  0.0500  0.050
  581  3.680  -29.75  0.00000  0.0500  0.050
  582  3.680  -29.70  0.00000  0.0500  0.050
  583  3.680  -29.65  0.00000  0.0500  0.050
  584  3.680  -29.60  0.00000  0.0500  0.050
  585  3.680  -29.55  0.00000  0.0500  0.050
  586  3.680  -29.50  0.00000  0.0500  0.050
  587  3.680  -29.45  0.00000  0.0500  0.050
  588  3.680  -29.40  0.00000  0.0500  0.050
  589  3.680  -29.35  0.00000  0.0500  0.050
  590  3.680  -29.30  0.00000  0.0500  0.050
  591  3.680  -29.25  0.00000  0.0500  0.050
  592  3.680  -29.20  0.00000  0.0500  0.050
  593  3.680  -29.15  0.00000  0.0500  0.050
  594  3.680  -29.10  0.00000  0.0500  0.050
  595  3.680  -29.05  0.00000  0.0500  0.050
  596  3.680  -29.00  0.00000  0.0500  0.050
  597  3.680  -28.95  0.00000  0.0500  0.050
  598  3.680  -28.90  0.00000  0.0500  0.050
  599  3.680  -28.85  0.00000  0.0500  0.050
  600  3.680  -28.80  0.00000  0.0500  0.050
  601  3.680  -28.75  0.00000  0.0500  0.050
  602  3.680  -28.70  0.00000  0.0500  0.050
  603  3.730  -32.95  0.00000  0.0500  0.050
  604  3.730  -32.90  0.00000  0.0500  0.050
  605  3.730  -32.85  0.00000  0.0500  0.050
  606  3.730  -32.80  0.00000  0.0500  0.050
  607  3.730  -32.75  0.00000  0.0500  0.050
  608  3.730  -32.70  0.00000  0.0500  0.050
  609  3.730  -32.65  0.00000  0.0500  0.050
  610  3.730  -32.60  0.00000  0.0500  0.050
  611  3.730  -32.55  0.00000  0.0500  0.050
  612  3.730  -32.50  0.00000  0.0500  0.050
  613  3.730  -32.45  0.00000  0.0500  0.050
  614  3.730  -32.40  0.00000  0.0500  0.050
  615  3.730  -32.35  0.00000  0.0500  0.050
  616  3.730  -32.30  0.00000  0.0500  0.050
  617  3.730  -32.25  0.00000  0.0500  0.050
  618  3.730  -32.20  0.00000  0.0500  0.050
  619  3.730  -32.15  0.00000  0.0500  0.050
  620  3.730  -32.10  0.00000  0.0500  0.050
  621  3.730  -32.05  0.00000  0.0500  0.050
  622  3.730  -32.00  0.00000  0.0500  0.050
  623  3.730  -31.95  0.00000  0.0500  0.050
  624  3.730  -31.90  0.00000  0.0500  0.050
  625  3.730  -31.85  0.00000  0.0500  0.050
  626  3.730  -31.80  0.00000  0.0500  0.050
  627  3.730  -31.75  0.00000  0.0500  0.050
  628  3.730  -31.70  0.00000  0.0500  0.050
  629  3.730  -31.65  0.00000  0.0500  0.050
  630  3.730  -31.60  0.00000  0.0500  0.050
  631  3.730  -31.55  0.00000  0.0500  0.050
  632  3.730  -31.50  0.00000  0.0500  0.050
  633  3.730  -31.45  0.00000  0.0500  0.050
  634  3.730  -31.40  0.00000  0.0500  0.050
  635  3.730  -31.35  0.00000  0.0500  0.050
  636  3.730  -31.30  0.00000  0.0500  0.050
  637  3.730  -31.25  0.00000  0.0500  0.050
  638  3.730  -31.20  0.00000  0.0500  0.050
  639  3.730  -31.15  0.00000  0.0500  0.050
  640  3.730  -31.10  0.00000  0.0500  0.050
  641  3.730  -31.05  0.00000  0.0500  0.050
  642  3.730  -31.00  0.00000  0.0500  0.050
  643  3.730  -30.95  0.00000  0.0500  0.050
  644  3.730  -30.90  0.00000  0.0500  0.050
  645  3.730  -30.85  0.00000  0.0500  0.050
  646  3.730  -30.80  0.00000  0.0500  0.050
  647  3.730  -30.75  0.00000  0.0500  0.050
  648  3.730  -30.70  0.00000  0.0500  0.050
  649  3.730  -30.65  0.00000  0.0500  0.050
  650  3.730  -30.60  0.00000  0.0500  0.050
  651  3.730  -30.55  0.00000  0.0500  0.050
  652  3.730  -30.50  0.00000  0.0500  0.050
  653  3.730  -30.45  0.00000  0.0500  0.050
  654  3.730  -30.40  0.00000  0.0500  0.050
  655  3.730  -30.35  0.00000  0.0500  0.050
  656  3.730  -30.30  0.00000  0.0500  0.050
  657  3.730  -30.25  0.00000  0.0500  0.050
  658  3.730  -30.20  0.00000  0.0500  0.050
  659  3.730  -30.15  0.00000  0.0500  0.050
  660  3.730  -30.10  0.00000  0.0500  0.050
  661  3.730  -30.05  0.00000  0.0500  0.050
  662  3.730  -30.00  0.00000  0.0500  0.050
  663  3.730  -29.95  0.00000  0.0500  0.050
  664  3.730  -29.90  0.00000  0.0500  0.050
  665  3.730  -29.85  0.00000  0.0500  0.050
  666  3.730  -29.80  0.00000  0.0500  0.050
  667  3.730  -29.75  0.00000  0.0500  0.050
  668  3.730  -29.70  0.00000  0.0500  0.050
  669  3.730  -29.65  0.00000  0.0500  0.050
  670  3.730  -29.60  0.00000  0.0500  0.050
  671  3.730  -29.55  0.00000  0.0500  0.050
  672  3.730  -29.50  0.00000  0.0500  0.050
  673  3.730  -29.45  0.00000  0.0500  0.050
  674  3.730  -29.40  0.00000  0.0500  0.050
  675  3.730  -29.35  0.00000  0.0500  0.050
  676  3.730  -29.30  0.00000  0.0500  0.050
  677  3.730  -29.25  0.00000  0.0500  0.050
  678  3.730  -29.20  0.00000  0.0500  0.050
  679  3.730  -29.15  0.00000  0.0500  0.050
  680  3.730  -29.10  0.00000  0.0500  0.050
  681  3.730  -29.05  0.00000  0.0500  0.050
  682  3.730  -29.00  0.00000  0.0500  0.050
  683  3.730  -28.95  0.00000  0.0500  0.050
  684  3.730  -28.90  0.00000  0.0500  0.050
  685  3.730  -28.85  0.00000  0.0500  0.050
  686  3.730  -28.80  0.00000  0.0500  0.050
  687  3.730  -28.75  0.00000  0.0500  0.050
  688  3.730  -28.70  0.00000  0.0500  0.050
  689  3.780  -32.95  0.00000  0.0500  0.050
  690  3.780  -32.90  0.00000  0.0500  0.050
  691  3.780  -32.85  0.00000  0.0500  0.050
  692  3.780  -32.80  0.00000  0.0500  0.050
  693  3.780  -32.75  0.00000  0.0500  0.050
  694  3.780  -32.70  0.00000  0.0500  0.050
  695  3.780  -32.65  0.00000  0.0500  0.050
  696  3.780  -32.60  0.00000  0.0500  0.050
  697  3.780  -32.55  0.00000  0.0500  0.050
  698  3.780  -32.50  0.00000  0.0500  0.050
  699  3.780  -32.45  0.00000  0.0500  0.050
  700  3.780  -32.40  0.00000  0.0500  0.050
  701  3.780  -32.35  0.00000  0.0500  0.050
  702  3.780  -32.30  0.00000  0.0500  0.050
  703  3.780  -32.25  0.00000  0.0500  0.050
  704  3.780  -32.20  0.00000  0.0500  0.050
  705  3.780  -32.15  0.00000  0.0500  0.050
  706  3.780  -32.10  0.00000  0.0500  0.050
  707  3.780  -32.05  0.00000  0.0500  0.050
  708  3.780  -32.00  0.00000  0.0500  0.050
  709  3.780  -31.95  0.00000  0.0500  0.050
  710  3.780  -31.90  0.00000  0.0500  0.050
  711  3.780  -31.85  0.00000  0.0500  0.050
  712  3.780  -31.80  0.00000  0.0500  0.050
  713  3.780  -31.75  0.00000  0.0500  0.050
  714  3.780  -31.70  0.00000  0.0500  0.050
  715  3.780  -31.65  0.00000  0.0500  0.050
  716  3.780  -31.60  0.00000  0.0500  0.050
  717  3.780  -31.55  0.00000  0.0500  0.050
  718  3.780  -31.50  0.00000  0.0500  0.050
  719  3.780  -31.45  0.00000  0.0500  0.050
  720  3.780  -31.40  0.00000  0.0500  0.050
  721  3.780  -31.35  0.00000  0.0500  0.050
  722  3.780  -31.30  0.00000  0.0500  0.050
  723  3.780  -31.25  0.00000  0.0500  0.050
  724  3.780  -31.20  0.00000  0.0500  0.050
  725  3.780  -31.15  0.00000  0.0500  0.050
  726  3.780  -31.10  0.00000  0.0500  0.050
  727  3.780  -31.05  0.00000  0.0500  0.050
  728  3.780  -31.00  0.00000  0.0500  0.050
  729  3.780  -30.95  0.00000  0.0500  0.050
  730  3.780  -30.90  0.00000  0.0500  0.050
  731  3.780  -30.85  0.00000  0.0500  0.050
  732  3.780  -30.80  0.00000  0.0500  0.050
  733  3.780  -30.75  0.00000  0.0500  0.050
  734  3.780  -30.70  0.00000  0.0500  0.050
  735  3.780  -30.65  0.00000  0.0500  0.050
  736  3.780  -30.60  0.00000  0.0500  0.050
  737  3.780  -30.55  0.00000  0.0500  0.050
  738  3.780  -30.50  0.00000  0.0500  0.050
  739  3.780  -30.45  0.00000  0.0500  0.050
  740  3.780  -30.40  0.00000  0.0500  0.050
  741  3.780  -30.35  0.00000  0.0500  0.050
  742  3.780  -30.30  0.00000  0.0500  0.050
  743  3.780  -30.25  0.00000  0.0500  0.050
  744  3.780  -30.20  0.00000  0.0500  0.050
  745  3.780  -30.15  0.00000  0.0500  0.050
  746  3.780  -30.10  0.00000  0.0500  0.050
  747  3.780  -30.05  0.00000  0.0500  0.050
  748  3.780  -30.00  0.00000  0.0500  0.050
  749  3.780  -29.95  0.00000  0.0500  0.050
  750  3.780  -29.90  0.00000  0.0500  0.050
  751  3.780  -29.85  0.00000  0.0500  0.050
  752  3.780  -29.80  0.00000  0.0500  0.050
  753  3.780  -29.75  0.00000  0.0500  0.050
  754  3.780  -29.70  0.00000  0.0500  0.050
  755  3.780  -29.65  0.00000  0.0500  0.050
  756  3.780  -29.60  0.00000  0.0500  0.050
  757  3.780  -29.55  0.00000  0.0500  0.050
  758  3.780  -29.50  0.00000  0.0500  0.050
  759  3.780  -29.45  0.00000  0.0500  0.050
  760  3.780  -29.40  0.00000  0.0500  0.050
  761  3.780  -29.35  0.00000  0.0500  0.050
  762  3.780  -29.30  0.00000  0.0500  0.050
  763  3.780  -29.25  0.00000  0.0500  0.050
  764  3.780  -29.20  0.00000  0.0500  0.050
  765  3.780  -29.15  0.00000  0.0500  0.050
  766  3.780  -29.10  0.00000  0.0500  0.050
  767  3.780  -29.05  0.00000  0.0500  0.050
  768  3.780  -29.00  0.00000  0.0500  0.050
  769  3.780  -28.95  0.00000  0.0500  0.050
  770  3.780  -28.90  0.00000  0.0500  0.050
  771  3.780  -28.85  0.00000  0.0500  0.050
  772  3.780  -28.80  0.00000  0.0500  0.050
  773  3.780  -28.75  0.00000  0.0500  0.050
  774  3.780  -28.70  0.00000  0.0500  0.050
  775  3.830  -32.95  0.00000  0.0500  0.050
  776  3.830  -32.90  0.00000  0.0500  0.050
  777  3.830  -32.85  0.00000  0.0500  0.050
  778  3.830  -32.80  0.00000  0.0500  0.050
  779  3.830  -32.75  0.00000  0.0500  0.050
  780  3.830  -32.70  0.00000  0.0500  0.050
  781  3.830  -32.65  0.00000  0.0500  0.050
  782  3.830  -32.60  0.00000  0.0500  0.050
  783  3.830  -32.55  0.00000  0.0500  0.050
  784  3.830  -32.50  0.00000  0.0500  0.050
  785  3.830  -32.45  0.00000  0.0500  0.050
  786  3.830  -32.40  0.00000  0.0500  0.050
  787  3.830  -32.35  0.00000  0.0500  0.050
  788  3.830  -32.30  0.00000  0.0500  0.050
  789  3.830  -32.25  0.00000  0.0500  0.050
  790  3.830  -32.20  0.00000  0.0500  0.050
  791  3.830  -32.15  0.00000  0.0500  0.050
  792  3.830  -32.10  0.00000  0.0500  0.050
  793  3.830  -32.05  0.00000  0.0500  0.050
  794  3.830  -32.00  0.00000  0.0500  0.050
  795  3.830  -31.95  0.00000  0.0500  0.050
  796  3.830  -31.90  0.00000  0.0500  0.050
  797  3.830  -31.85  0.00000  0.0500  0.050
  798  3.830  -31.80  0.00000  0.0500  0.050
  799  3.830  -31.75  0.00000  0.0500  0.050
  800  3.830  -31.70  0.00000  0.0500  0.050
  801  3.830  -31.65  0.00000  0.0500  0.050
  802  3.830  -31.60  0.00000  0.0500  0.050
  803  3.830  -31.55  0.00000  0.0500  0.050
  804  3.830  -31.50  0.00000  0.0500  0.050
  805  3.830  -31.45  0.00000  0.0500  0.050
  806  3.830  -31.40  0.00000  0.0500  0.050
  807  3.830  -31.35  0.00000  0.0500  0.050
  808  3.830  -31.30  0.00000  0.0500  0.050
  809  3.830  -31.25  0.00000  0.0500  0.050
  810  3.830  -31.20  0.00000  0.0500  0.050
  811  3.830  -31.15  0.00000  0.0500  0.050
  812  3.830  -31.10  0.00000  0.0500  0.050
  813  3.830  -31.05  0.00000  0.0500  0.050
  814  3.830  -31.00  0.00000  0.0500  0.050
  815  3.830  -30.95  0.00000  0.0500  0.050
  816  3.830  -30.90  0.00000  0.0500  0.050
  817  3.830  -30.85  0.00000  0.0500  0.050
  818  3.830  -30.80  0.00000  0.0500  0.050
  819  3.830  -30.75  0.00000  0.0500  0.050
  820  3.830  -30.70  0.00000  0.0500  0.050
  821  3.830  -30.65  0.00000  0.0500  0.050
  822  3.830  -30.60  0.00000  0.0500  0.050
  823  3.830  -30.55  0.00000  0.0500  0.050
  824  3.830  -30.50  0.00000  0.0500  0.050
  825  3.830  -30.45  0.00000  0.0500  0.050
  826  3.830  -30.40  0.00000  0.0500  0.050
  827  3.830  -30.35  0.00000  0.0500  0.050
  828  3.830  -30.30  0.00000  0.0500  0.050
  829  3.830  -30.25  0.00000  0.0500  0.050
  830  3.830  -30.20  0.00000  0.0500  0.050
  831  3.830  -30.15  0.00000  0.0500  0.050
  832  3.830  -30.10  0.00000  0.0500  0.050
  833  3.830  -30.05  0.00000  0.0500  0.050
  834  3.830  -30.00  0.00000  0.0500  0.050
  835  3.830  -29.95  0.00000  0.0500  0.050
  836  3.830  -29.90  0.00000  0.0500  0.050
  837  3.830  -29.85  0.00000  0.0500  0.050
  838  3.830  -29.80  0.00000  0.0500  0.050
  839  3.830  -29.75  0.00000  0.0500  0.050
  840  3.830  -29.70  0.00000  0.0500  0.050
  841  3.830  -29.65  0.00000  0.0500  0.050
  842  3.830  -29.60  0.00000  0.0500  0.050
  843  3.830  -29.55  0.00000  0.0500  0.050
  844  3.830  -29.50  0.00000  0.0500  0.050
  845  3.830  -29.45  0.00000  0.0500  0.050
  846  3.830  -29.40  0.00000  0.0500  0.050
  847  3.830  -29.35  0.00000  0.0500  0.050
  848  3.830  -29.30  0.00000  0.0500  0.050
  849  3.830  -29.25  0.00000  0.0500  0.050
  850  3.830  -29.20  0.00000  0.0500  0.050
  851  3.830  -29.15  0.00000  0.0500  0.050
  852  3.830  -29.10  0.00000  0.0500  0.050
  853  3.830  -29.05  0.00000  0.0500  0.050
  854  3.830  -29.00  0.00000  0.0500  0.050
  855  3.830  -28.95  0.00000  0.0500  0.050
  856  3.830  -28.90  0.00000  0.0500  0.050
  857  3.830  -28.85  0.00000  0.0500  0.050
  858  3.830  -28.80  0.00000  0.0500  0.050
  859  3.830  -28.75  0.00000  0.0500  0.050
  860  3.830  -28.70  0.00000  0.0500  0.050
  861  3.880  -32.95  0.00000  0.0500  0.050
  862  3.880  -32.90  0.00000  0.0500  0.050
  863  3.880  -32.85  0.00000  0.0500  0.050
  864  3.880  -32.80  0.00000  0.0500  0.050
  865  3.880  -32.75  0.00000  0.0500  0.050
  866  3.880  -32.70  0.00000  0.0500  0.050
  867  3.880  -32.65  0.00000  0.0500  0.050
  868  3.880  -32.60  0.00000  0.0500  0.050
  869  3.880  -32.55  0.00000  0.0500  0.050
  870  3.880  -32.50  0.00000  0.0500  0.050
  871  3.880  -32.45  0.00000  0.0500  0.050
  872  3.880  -32.40  0.00000  0.0500  0.050
  873  3.880  -32.35  0.00000  0.0500  0.050
  874  3.880  -32.30  0.00000  0.0500  0.050
  875  3.880  -32.25  0.00000  0.0500  0.050
  876  3.880  -32.20  0.00000  0.0500  0.050
  877  3.880  -32.15  0.00000  0.0500  0.050
  878  3.880  -32.10  0.00000  0.0500  0.050
  879  3.880  -32.05  0.00000  0.0500  0.050
  880  3.880  -32.00  0.00000  0.0500  0.050
  881  3.880  -31.95  0.00000  0.0500  0.050
  882  3.880  -31.90  0.00000  0.0500  0.050
  883  3.880  -31.85  0.00000  0.0500  0.050
  884  3.880  -31.80  0.00000  0.0500  0.050
  885  3.880  -31.75  0.00000  0.0500  0.050
  886  3.880  -31.70  0.00000  0.0500  0.050
  887  3.880  -31.65  0.00000  0.0500  0.050
  888  3.880  -31.60  0.00000  0.0500  0.050
  889  3.880  -31.55  0.00000  0.0500  0.050
  890  3.880  -31.50  0.00000  0.0500  0.050
  891  3.880  -31.45  0.00000  0.0500  0.050
  892  3.880  -31.40  0.00000  0.0500  0.050
  893  3.880  -31.35  0.00000  0.0500  0.050
  894  3.880  -31.30  0.00000  0.0500  0.050
  895  3.880  -31.25  0.00000  0.0500  0.050
  896  3.880  -31.20  0.00000  0.0500  0.050
  897  3.880  -31.15  0.00000  0.0500  0.050
  898  3.880  -31.10  0.00000  0.0500  0.050
  899  3.880  -31.05  0.00000  0.0500  0.050
  900  3.880  -31.00  0.00000  0.0500  0.050
  901  3.880  -30.95  0.00000  0.0500  0.050
  902  3.880  -30.90  0.00000  0.0500  0.050
  903  3.880  -30.85  0.00000  0.0500  0.050
  904  3.880  -30.80  0.00000  0.0500  0.050
  905  3.880  -30.75  0.00000  0.0500  0.050
  906  3.880  -30.70  0.00000  0.0500  0.050
  907  3.880  -30.65  0.00000  0.0500  0.050
  908  3.880  -30.60  0.00000  0.0500  0.050
  909  3.880  -30.55  0.00000  0.0500  0.050
  910  3.880  -30.50  0.00000  0.0500  0.050
  911  3.880  -30.45  0.00000  0.0500  0.050
  912  3.880  -30.40  0.00000  0.0500  0.050
  913  3.880  -30.35  0.00000  0.0500  0.050
  914  3.880  -30.30  0.00000  0.0500  0.050
  915  3.880  -30.25  0.00000  0.0500  0.050
  916  3.880  -30.20  0.00000  0.0500  0.050
  917  3.880  -30.15  0.00000  0.0500  0.050
  918  3.880  -30.10  0.00000  0.0500  0.050
  919  3.880  -30.05  0.00000  0.0500  0.050
  920  3.880  -30.00  0.00000  0.0500  0.050
  921  3.880  -29.95  0.00000  0.0500  0.050
  922  3.880  -29.90  0.00000  0.0500  0.050
  923  3.880  -29.85  0.00000  0.0500  0.050
  924  3.880  -29.80  0.00000  0.0500  0.050
  925  3.880  -29.75  0.00000  0.0500  0.050
  926  3.880  -29.70  0.00000  0.0500  0.050
  927  3.880  -29.65  1.00000  0.0500  0.050
  928  3.880  -29.60  0.00000  0.0500  0.050
  929  3.880  -29.55  0.00000  0.0500  0.050
  930  3.880  -29.50  1.00000  0.0500  0.050
  931  3.880  -29.45  0.00000  0.0500  0.050
  932  3.880  -29.40  0.00000  0.0500  0.050
  933  3.880  -29.35  0.00000  0.0500  0.050
  934  3.880  -29.30  0.00000  0.0500  0.050
  935  3.880  -29.25  0.00000  0.0500  0.050
  936  3.880  -29.20  0.00000  0.0500  0.050
  937  3.880  -29.15  0.00000  0.0500  0.050
  938  3.880  -29.10  0.00000  0.0500  0.050
  939  3.880  -29.05  0.00000  0.0500  0.050
  940  3.880  -29.00  0.00000  0.0500  0.050
  941  3.880  -28.95  0.00000  0.0500  0.050
  942  3.880  -28.90  0.00000  0.0500  0.050
  943  3.880  -28.85  0.00000  0.0500  0.050
  944  3.880  -28.80  0.00000  0.0500  0.050
  945  3.880  -28.75  0.00000  0.0500  0.050
  946  3.880  -28.70  0.00000  0.0500  0.050
  947  3.930  -32.95  0.00000  0.0500  0.050
  948  3.930  -32.90  0.00000  0.0500  0.050
  949  3.930  -32.85  0.00000  0.0500  0.050
  950  3.930  -32.80  0.00000  0.0500  0.050
  951  3.930  -32.75  0.00000  0.0500  0.050
  952  3.930  -32.70  0.00000  0.0500  0.050
  953  3.930  -32.65  0.00000  0.0500  0.050
  954  3.930  -32.60  0.00000  0.0500  0.050
  955  3.930  -32.55  0.00000  0.0500  0.050
  956  3.930  -32.50  0.00000  0.0500  0.050
  957  3.930  -32.45  0.00000  0.0500  0.050
  958  3.930  -32.40  0.00000  0.0500  0.050
  959  3.930  -32.35  0.00000  0.0500  0.050
  960  3.930  -32.30  0.00000  0.0500  0.050
  961  3.930  -32.25  0.00000  0.0500  0.050
  962  3.930  -32.20  0.00000  0.0500  0.050
  963  3.930  -32.15  0.00000  0.0500  0.050
  964  3.930  -32.10  0.00000  0.0500  0.050
  965  3.930  -32.05  0.00000  0.0500  0.050
  966  3.930  -32.00  0.00000  0.0500  0.050
  967  3.930  -31.95  0.00000  0.0500  0.050
  968  3.930  -31.90  0.00000  0.0500  0.050
  969  3.930  -31.85  0.00000  0.0500  0.050
  970  3.930  -31.80  0.00000  0.0500  0.050
  971  3.930  -31.75  0.00000  0.0500  0.050
  972  3.930  -31.70  0.00000  0.0500  0.050
  973  3.930  -31.65  0.00000  0.0500  0.050
  974  3.930  -31.60  0.00000  0.0500  0.050
  975  3.930  -31.55  0.00000  0.0500  0.050
  976  3.930  -31.50  0.00000  0.0500  0.050
  977  3.930  -31.45  0.00000  0.0500  0.050
  978  3.930  -31.40  0.00000  0.0500  0.050
  979  3.930  -31.35  0.00000  0.0500  0.050
  980  3.930  -31.30  0.00000  0.0500  0.050
  981  3.930  -31.25  0.00000  0.0500  0.050
  982  3.930  -31.20  0.00000  0.0500  0.050
  983  3.930  -31.15  0.00000  0.0500  0.050
  984  3.930  -31.10  0.00000  0.0500  0.050
  985  3.930  -31.05  0.00000  0.0500  0.050
  986  3.930  -31.00  0.00000  0.0500  0.050
  987  3.930  -30.95  0.00000  0.0500  0.050
  988  3.930  -30.90  0.00000  0.0500  0.050
  989  3.930  -30.85  0.00000  0.0500  0.050
  990  3.930  -30.80  0.00000  0.0500  0.050
  991  3.930  -30.75  0.00000  0.0500  0.050
  992  3.930  -30.70  0.00000  0.0500  0.050
  993  3.930  -30.65  0.00000  0.0500  0.050
  994  3.930  -30.60  0.00000  0.0500  0.050
  995  3.930  -30.55  0.00000  0.0500  0.050
  996  3.930  -30.50  0.00000  0.0500  0.050
  997  3.930  -30.45  0.00000  0.0500  0.050
  998  3.930  -30.40  0.00000  0.0500  0.050
  999  3.930  -30.35  0.00000  0.0500  0.050
 1000  3.930  -30.30  0.00000  0.0500  0.050
 1001  3.930  -30.25  0.00000  0.0500  0.050
 1002  3.930  -30.20  0.00000  0.0500  0.050
 1003  3.930  -30.15  0.00000  0.0500  0.050
 1004  3.930  -30.10  1.00000  0.0500  0.050
 1005  3.930  -30.05  0.00000  0.0500  0.050
 1006  3.930  -30.00  0.00000  0.0500  0.050
 1007  3.930  -29.95  0.00000  0.0500  0.050
 1008  3.930  -29.90  0.00000  0.0500  0.050
 1009  3.930  -29.85  0.00000  0.0500  0.050
 1010  3.930  -29.80  0.00000  0.0500  0.050
 1011  3.930  -29.75  0.00000  0.0500  0.050
 1012  3.930  -29.70  0.00000  0.0500  0.050
 1013  3.930  -29.65  0.00000  0.0500  0.050
 1014  3.930  -29.60  0.00000  0.0500  0.050
 1015  3.930  -29.55  0.00000  0.0500  0.050
 1016  3.930  -29.50  1.00000  0.0500  0.050
 1017  3.930  -29.45  0.00000  0.0500  0.050
 1018  3.930  -29.40  0.00000  0.0500  0.050
 1019  3.930  -29.35  1.00000  0.0500  0.050
 1020  3.930  -29.30  0.00000  0.0500  0.050
 1021  3.930  -29.25  0.00000  0.0500  0.050
 1022  3.930  -29.20  0.00000  0.0500  0.050
 1023  3.930  -29.15  0.00000  0.0500  0.050
 1024  3.930  -29.10  0.00000  0.0500  0.050
 1025  3.930  -29.05  0.00000  0.0500  0.050
 1026  3.930  -29.00  0.00000  0.0500  0.050
 1027  3.930  -28.95  0.00000  0.0500  0.050
 1028  3.930  -28.90  0.00000  0.0500  0.050
 1029  3.930  -28.85  0.00000  0.0500  0.050
 1030  3.930  -28.80  0.00000  0.0500  0.050
 1031  3.930  -28.75  0.00000  0.0500  0.050
 1032  3.930  -28.70  0.00000  0.0500  0.050
 1033  3.980  -32.95  0.00000  0.0500  0.050
 1034  3.980  -32.90  0.00000  0.0500  0.050
 1035  3.980  -32.85  0.00000  0.0500  0.050
 1036  3.980  -32.80  0.00000  0.0500  0.050
 1037  3.980  -32.75  0.00000  0.0500  0.050
 1038  3.980  -32.70  0.00000  0.0500  0.050
 1039  3.980  -32.65  0.00000  0.0500  0.050
 1040  3.980  -32.60  0.00000  0.0500  0.050
 1041  3.980  -32.55  0.00000  0.0500  0.050
 1042  3.980  -32.50  0.00000  0.0500  0.050
 1043  3.980  -32.45  0.00000  0.0500  0.050
 1044  3.980  -32.40  0.00000  0.0500  0.050
 1045  3.980  -32.35  0.00000  0.0500  0.050
 1046  3.980  -32.30  0.00000  0.0500  0.050
 1047  3.980  -32.25  0.00000  0.0500  0.050
 1048  3.980  -32.20  0.00000  0.0500  0.050
 1049  3.980  -32.15  0.00000  0.0500  0.050
 1050  3.980  -32.10  0.00000  0.0500  0.050
 1051  3.980  -32.05  0.00000  0.0500  0.050
 1052  3.980  -32.00  0.00000  0.0500  0.050
 1053  3.980  -31.95  0.00000  0.0500  0.050
 1054  3.980  -31.90  0.00000  0.0500  0.050
 1055  3.980  -31.85  0.00000  0.0500  0.050
 1056  3.980  -31.80  0.00000  0.0500  0.050
 1057  3.980  -31.75  0.00000  0.0500  0.050
 1058  3.980  -31.70  0.00000  0.0500  0.050
 1059  3.980  -31.65  0.00000  0.0500  0.050
 1060  3.980  -31.60  0.00000  0.0500  0.050
 1061  3.980  -31.55  0.00000  0.0500  0.050
 1062  3.980  -31.50  0.00000  0.0500  0.050
 1063  3.980  -31.45  0.00000  0.0500  0.050
 1064  3.980  -31.40  0.00000  0.0500  0.050
 1065  3.980  -31.35  0.00000  0.0500  0.050
 1066  3.980  -31.30  0.00000  0.0500  0.050
 1067  3.980  -31.25  0.00000  0.0500  0.050
 1068  3.980  -31.20  0.00000  0.0500  0.050
 1069  3.980  -31.15  0.00000  0.0500  0.050
 1070  3.980  -31.10  0.00000  0.0500  0.050
 1071  3.980  -31.05  0.00000  0.0500  0.050
 1072  3.980  -31.00  0.00000  0.0500  0.050
 1073  3.980  -30.95  0.00000  0.0500  0.050
 1074  3.980  -30.90  0.00000  0.0500  0.050
 1075  3.980  -30.85  0.00000  0.0500  0.050
 1076  3.980  -30.80  0.00000  0.0500  0.050
 1077  3.980  -30.75  0.00000  0.0500  0.050
 1078  3.980  -30.70  0.00000  0.0500  0.050
 1079  3.980  -30.65  0.00000  0.0500  0.050
 1080  3.980  -30.60  0.00000  0.0500  0.050
 1081  3.980  -30.55  0.00000  0.0500  0.050
 1082  3.980  -30.50  0.00000  0.0500  0.050
 1083  3.980  -30.45  0.00000  0.0500  0.050
 1084  3.980  -30.40  0.00000  0.0500  0.050
 1085  3.980  -30.35  1.00000  0.0500  0.050
 1086  3.980  -30.30  0.00000  0.0500  0.050
 1087  3.980  -30.25  0.00000  0.0500  0.050
 1088  3.980  -30.20  0.00000  0.0500  0.050
 1089  3.980  -30.15  0.00000  0.0500  0.050
 1090  3.980  -30.10  0.00000  0.0500  0.050
 1091  3.980  -30.05  0.00000  0.0500  0.050
 1092  3.980  -30.00  0.00000  0.0500  0.050
 1093  3.980  -29.95  0.00000  0.0500  0.050
 1094  3.980  -29.90  0.00000  0.0500  0.050
 1095  3.980  -29.85  0.00000  0.0500  0.050
 1096  3.980  -29.80  0.00000  0.0500  0.050
 1097  3.980  -29.75  1.00000  0.0500  0.050
 1098  3.980  -29.70  0.00000  0.0500  0.050
 1099  3.980  -29.65  0.00000  0.0500  0.050
 1100  3.980  -29.60  0.00000  0.0500  0.050
 1101  3.980  -29.55  0.00000  0.0500  0.050
 1102  3.980  -29.50  0.00000  0.0500  0.050
 1103  3.980  -29.45  0.00000  0.0500  0.050
 1104  3.980  -29.40  0.00000  0.0500  0.050
 1105  3.980  -29.35  0.00000  0.0500  0.050
 1106  3.980  -29.30  0.00000  0.0500  0.050
 1107  3.980  -29.25  0.00000  0.0500  0.050
 1108  3.980  -29.20  1.00000  0.0500  0.050
 1109  3.980  -29.15  0.00000  0.0500  0.050
 1110  3.980  -29.10  0.00000  0.0500  0.050
 1111  3.980  -29.05  0.00000  0.0500  0.050
 1112  3.980  -29.00  0.00000  0.0500  0.050
 1113  3.980  -28.95  0.00000  0.0500  0.050
 1114  3.980  -28.90  0.00000  0.0500  0.050
 1115  3.980  -28.85  0.00000  0.0500  0.050
 1116  3.980  -28.80  0.00000  0.0500  0.050
 1117  3.980  -28.75  0.00000  0.0500  0.050
 1118  3.980  -28.70  0.00000  0.0500  0.050
 1119  4.030  -32.95  0.00000  0.0500  0.050
 1120  4.030  -32.90  0.00000  0.0500  0.050
 1121  4.030  -32.85  0.00000  0.0500  0.050
 1122  4.030  -32.80  0.00000  0.0500  0.050
 1123  4.030  -32.75  0.00000  0.0500  0.050
 1124  4.030  -32.70  0.00000  0.0500  0.050
 1125  4.030  -32.65  0.00000  0.0500  0.050
 1126  4.030  -32.60  0.00000  0.0500  0.050
 1127  4.030  -32.55  0.00000  0.0500  0.050
 1128  4.030  -32.50  0.00000  0.0500  0.050
 1129  4.030  -32.45  0.00000  0.0500  0.050
 1130  4.030  -32.40  0.00000  0.0500  0.050
 1131  4.030  -32.35  0.00000  0.0500  0.050
 1132  4.030  -32.30  0.00000  0.0500  0.050
 1133  4.030  -32.25  0.00000  0.0500  0.050
 1134  4.030  -32.20  0.00000  0.0500  0.050
 1135  4.030  -32.15  0.00000  0.0500  0.050
 1136  4.030  -32.10  0.00000  0.0500  0.050
 1137  4.030  -32.05  0.00000  0.0500  0.050
 1138  4.030  -32.00  0.00000  0.0500  0.050
 1139  4.030  -31.95  0.00000  0.0500  0.050
 1140  4.030  -31.90  0.00000  0.0500  0.050
 1141  4.030  -31.85  0.00000  0.0500  0.050
 1142  4.030  -31.80  0.00000  0.0500  0.050
 1143  4.030  -31.75  0.00000  0.0500  0.050
 1144  4.030  -31.70  0.00000  0.0500  0.050
 1145  4.030  -31.65  0.00000  0.0500  0.050
 1146  4.030  -31.60  0.00000  0.0500  0.050
 1147  4.030  -31.55  0.00000  0.0500  0.050
 1148  4.030  -31.50  0.00000  0.0500  0.050
 1149  4.030  -31.45  0.00000  0.0500  0.050
 1150  4.030  -31.40  0.00000  0.0500  0.050
 1151  4.030  -31.35  0.00000  0.0500  0.050
 1152  4.030  -31.30  0.00000  0.0500  0.050
 1153  4.030  -31.25  0.00000  0.0500  0.050
 1154  4.030  -31.20  0.00000  0.0500  0.050
 1155  4.030  -31.15  0.00000  0.0500  0.050
 1156  4.030  -31.10  0.00000  0.0500  0.050
 1157  4.030  -31.05  0.00000  0.0500  0.050
 1158  4.030  -31.00  0.00000  0.0500  0.050
 1159  4.030  -30.95  0.00000  0.0500  0.050
 1160  4.030  -30.90  0.00000  0.0500  0.050
 1161  4.030  -30.85  0.00000  0.0500  0.050
 1162  4.030  -30.80  0.00000  0.0500  0.050
 1163  4.030  -30.75  0.00000  0.0500  0.050
 1164  4.030  -30.70  0.00000  0.0500  0.050
 1165  4.030  -30.65  0.00000  0.0500  0.050
 1166  4.030  -30.60  0.00000  0.0500  0.050
 1167  4.030  -30.55  0.00000  0.0500  0.050
 1168  4.030  -30.50  0.00000  0.0500  0.050
 1169  4.030  -30.45  0.00000  0.0500  0.050
 1170  4.030  -30.40  0.00000  0.0500  0.050
 1171  4.030  -30.35  0.00000  0.0500  0.050
 1172  4.030  -30.30  0.00000  0.0500  0.050
 1173  4.030  -30.25  0.00000  0.0500  0.050
 1174  4.030  -30.20  0.00000  0.0500  0.050
 1175  4.030  -30.15  0.00000  0.0500  0.050
 1176  4.030  -30.10  0.00000  0.0500  0.050
 1177  4.030  -30.05  0.00000  0.0500  0.050
 1178  4.030  -30.00  0.00000  0.0500  0.050
 1179  4.030  -29.95  0.00000  0.0500  0.050
 1180  4.030  -29.90  0.00000  0.0500  0.050
 1181  4.030  -29.85  0.00000  0.0500  0.050
 1182  4.030  -29.80  0.00000  0.0500  0.050
 1183  4.030  -29.75  0.00000  0.0500  0.050
 1184  4.030  -29.70  0.00000  0.0500  0.050
 1185  4.030  -29.65  0.00000  0.0500  0.050
 1186  4.030  -29.60  0.00000  0.0500  0.050
 1187  4.030  -29.55  0.00000  0.0500  0.050
 1188  4.030  -29.50  0.00000  0.0500  0.050
 1189  4.030  -29.45  0.00000  0.0500  0.050
 1190  4.030  -29.40  0.00000  0.0500  0.050
 1191  4.030  -29.35  0.00000  0.0500  0.050
 1192  4.030  -29.30  0.00000  0.0500  0.050
 1193  4.030  -29.25  0.00000  0.0500  0.050
 1194  4.030  -29.20  0.00000  0.0500  0.050
 1195  4.030  -29.15  0.00000  0.0500  0.050
 1196  4.030  -29.10  0.00000  0.0500  0.050
 1197  4.030  -29.05  0.00000  0.0500  0.050
 1198  4.030  -29.00  0.00000  0.0500  0.050
 1199  4.030  -28.95  0.00000  0.0500  0.050
 1200  4.030  -28.90  0.00000  0.0500  0.050
 1201  4.030  -28.85  0.00000  0.0500  0.050
 1202  4.030  -28.80  0.00000  0.0500  0.050
 1203  4.030  -28.75  0.00000  0.0500  0.050
 1204  4.030  -28.70  0.00000  0.0500  0.050
 1205  4.080  -32.95  0.00000  0.0500  0.050
 1206  4.080  -32.90  0.00000  0.0500  0.050
 1207  4.080  -32.85  0.00000  0.0500  0.050
 1208  4.080  -32.80  0.00000  0.0500  0.050
 1209  4.080  -32.75  0.00000  0.0500  0.050
 1210  4.080  -32.70  0.00000  0.0500  0.050
 1211  4.080  -32.65  0.00000  0.0500  0.050
 1212  4.080  -32.60  0.00000  0.0500  0.050
 1213  4.080  -32.55  0.00000  0.0500  0.050
 1214  4.080  -32.50  0.00000  0.0500  0.050
 1215  4.080  -32.45  0.00000  0.0500  0.050
 1216  4.080  -32.40  0.00000  0.0500  0.050
 1217  4.080  -32.35  0.00000  0.0500  0.050
 1218  4.080  -32.30  0.00000  0.0500  0.050
 1219  4.080  -32.25  0.00000  0.0500  0.050
 1220  4.080  -32.20  0.00000  0.0500  0.050
 1221  4.080  -32.15  0.00000  0.0500  0.050
 1222  4.080  -32.10  0.00000  0.0500  0.050
 1223  4.080  -32.05  0.00000  0.0500  0.050
 1224  4.080  -32.00  0.00000  0.0500  0.050
 1225  4.080  -31.95  0.00000  0.0500  0.050
 1226  4.080  -31.90  0.00000  0.0500  0.050
 1227  4.080  -31.85  0.00000  0.0500  0.050
 1228  4.080  -31.80  0.00000  0.0500  0.050
 1229  4.080  -31.75  0.00000  0.0500  0.050
 1230  4.080  -31.70  0.00000  0.0500  0.050
 1231  4.080  -31.65  0.00000  0.0500  0.050
 1232  4.080  -31.60  0.00000  0.0500  0.050
 1233  4.080  -31.55  0.00000  0.0500  0.050
 1234  4.080  -31.50  0.00000  0.0500  0.050
 1235  4.080  -31.45  0.00000  0.0500  0.050
 1236  4.080  -31.40  0.00000  0.0500  0.050
 1237  4.080  -31.35  0.00000  0.0500  0.050
 1238  4.080  -31.30  0.00000  0.0500  0.050
 1239  4.080  -31.25  0.00000  0.0500  0.050
 1240  4.080  -31.20  0.00000  0.0500  0.050
 1241  4.080  -31.15  0.00000  0.0500  0.050
 1242  4.080  -31.10  0.00000  0.0500  0.050
 1243  4.080  -31.05  0.00000  0.0500  0.050
 1244  4.080  -31.00  0.00000  0.0500  0.050
 1245  4.080  -30.95  0.00000  0.0500  0.050
 1246  4.080  -30.90  0.00000  0.0500  0.050
 1247  4.080  -30.85  0.00000  0.0500  0.050
 1248  4.080  -30.80  0.00000  0.0500  0.050
 1249  4.080  -30.75  0.00000  0.0500  0.050
 1250  4.080  -30.70  0.00000  0.0500  0.050
 1251  4.080  -30.65  0.00000  0.0500  0.050
 1252  4.080  -30.60  0.00000  0.0500  0.050
 1253  4.080  -30.55  0.00000  0.0500  0.050
 1254  4.080  -30.50  0.00000  0.0500  0.050
 1255  4.080  -30.45  0.00000  0.0500  0.050
 1256  4.080  -30.40  0.00000  0.0500  0.050
 1257  4.080  -30.35  0.00000  0.0500  0.050
 1258  4.080  -30.30  0.00000  0.0500  0.050
 1259  4.080  -30.25  0.00000  0.0500  0.050
 1260  4.080  -30.20  0.00000  0.0500  0.050
 1261  4.080  -30.15  0.00000  0.0500  0.050
 1262  4.080  -30.10  0.00000  0.0500  0.050
 1263  4.080  -30.05  0.00000  0.0500  0.050
 1264  4.080  -30.00  0.00000  0.0500  0.050
 1265  4.080  -29.95  0.00000  0.0500  0.050
 1266  4.080  -29.90  0.00000  0.0500  0.050
 1267  4.080  -29.85  0.00000  0.0500  0.050
 1268  4.080  -29.80  0.00000  0.0500  0.050
 1269  4.080  -29.75  0.00000  0.0500  0.050
 1270  4.080  -29.70  0.00000  0.0500  0.050
 1271  4.080  -29.65  0.00000  0.0500  0.050
 1272  4.080  -29.60  0.00000  0.0500  0.050
 1273  4.080  -29.55  0.00000  0.0500  0.050
 1274  4.080  -29.50  0.00000  0.0500  0.050
 1275  4.080  -29.45  0.00000  0.0500  0.050
 1276  4.080  -29.40  0.00000  0.0500  0.050
 1277  4.080  -29.35  0.00000  0.0500  0.050
 1278  4.080  -29.30  0.00000  0.0500  0.050
 1279  4.080  -29.25  0.00000  0.0500  0.050
 1280  4.080  -29.20  0.00000  0.0500  0.050
 1281  4.080  -29.15  0.00000  0.0500  0.050
 1282  4.080  -29.10  0.00000  0.0500  0.050
 1283  4.080  -29.05  0.00000  0.0500  0.050
 1284  4.080  -29.00  0.00000  0.0500  0.050
 1285  4.080  -28.95  0.00000  0.0500  0.050
 1286  4.080  -28.90  0.00000  0.0500  0.050
 1287  4.080  -28.85  0.00000  0.0500  0.050
 1288  4.080  -28.80  0.00000  0.0500  0.050
 1289  4.080  -28.75  0.00000  0.0500  0.050
 1290  4.080  -28.70  0.00000  0.0500  0.050
 1291  4.130  -32.95  0.00000  0.0500  0.050
 1292  4.130  -32.90  0.00000  0.0500  0.050
 1293  4.130  -32.85  0.00000  0.0500  0.050
 1294  4.130  -32.80  0.00000  0.0500  0.050
 1295  4.130  -32.75  0.00000  0.0500  0.050
 1296  4.130  -32.70  0.00000  0.0500  0.050
 1297  4.130  -32.65  0.00000  0.0500  0.050
 1298  4.130  -32.60  0.00000  0.0500  0.050
 1299  4.130  -32.55  0.00000  0.0500  0.050
 1300  4.130  -32.50  0.00000  0.0500  0.050
 1301  4.130  -32.45  0.00000  0.0500  0.050
 1302  4.130  -32.40  0.00000  0.0500  0.050
 1303  4.130  -32.35  0.00000  0.0500  0.050
 1304  4.130  -32.30  0.00000  0.0500  0.050
 1305  4.130  -32.25  0.00000  0.0500  0.050
 1306  4.130  -32.20  0.00000  0.0500  0.050
 1307  4.130  -32.15  0.00000  0.0500  0.050
 1308  4.130  -32.10  0.00000  0.0500  0.050
 1309  4.130  -32.05  0.00000  0.0500  0.050
 1310  4.130  -32.00  0.00000  0.0500  0.050
 1311  4.130  -31.95  0.00000  0.0500  0.050
 1312  4.130  -31.90  0.00000  0.0500  0.050
 1313  4.130  -31.85  0.00000  0.0500  0.050
 1314  4.130  -31.80  0.00000  0.0500  0.050
 1315  4.130  -31.75  0.00000  0.0500  0.050
 1316  4.130  -31.70  0.00000  0.0500  0.050
 1317  4.130  -31.65  0.00000  0.0500  0.050
 1318  4.130  -31.60  0.00000  0.0500  0.050
 1319  4.130  -31.55  0.00000  0.0500  0.050
 1320  4.130  -31.50  0.00000  0.0500  0.050
 1321  4.130  -31.45  0.00000  0.0500  0.050
 1322  4.130  -31.40  0.00000  0.0500  0.050
 1323  4.130  -31.35  0.00000  0.0500  0.050
 1324  4.130  -31.30  0.00000  0.0500  0.050
 1325  4.130  -31.25  0.00000  0.0500  0.050
 1326  4.130  -31.20  0.00000  0.0500  0.050
 1327  4.130  -31.15  0.00000  0.0500  0.050
 1328  4.130  -31.10  0.00000  0.0500  0.050
 1329  4.130  -31.05  0.00000  0.0500  0.050
 1330  4.130  -31.00  0.00000  0.0500  0.050
 1331  4.130  -30.95  0.00000  0.0500  0.050
 1332  4.130  -30.90  0.00000  0.0500  0.050
 1333  4.130  -30.85  0.00000  0.0500  0.050
 1334  4.130  -30.80  0.00000  0.0500  0.050
 1335  4.130  -30.75  0.00000  0.0500  0.050
 1336  4.130  -30.70  0.00000  0.0500  0.050
 1337  4.130  -30.65  0.00000  0.0500  0.050
 1338  4.130  -30.60  0.00000  0.0500  0.050
 1339  4.130  -30.55  0.00000  0.0500  0.050
 1340  4.130  -30.50  0.00000  0.0500  0.050
 1341  4.130  -30.45  0.00000  0.0500  0.050
 1342  4.130  -30.40  0.00000  0.0500  0.050
 1343  4.130  -30.35  0.00000  0.0500  0.050
 1344  4.130  -30.30  0.00000  0.0500  0.050
 1345  4.130  -30.25  0.00000  0.0500  0.050
 1346  4.130  -30.20  0.00000  0.0500  0.050
 1347  4.130  -30.15  0.00000  0.0500  0.050
 1348  4.130  -30.10  0.00000  0.0500  0.050
 1349  4.130  -30.05  0.00000  0.0500  0.050
 1350  4.130  -30.00  0.00000  0.0500  0.050
 1351  4.130  -29.95  0.00000  0.0500  0.050
 1352  4.130  -29.90  0.00000  0.0500  0.050
 1353  4.130  -29.85  0.00000  0.0500  0.050
 1354  4.130  -29.80  0.00000  0.0500  0.050
 1355  4.130  -29.75  0.00000  0.0500  0.050
 1356  4.130  -29.70  0.00000  0.0500  0.050
 1357  4.130  -29.65  0.00000  0.0500  0.050
 1358  4.130  -29.60  0.00000  0.0500  0.050
 1359  4.130  -29.55  0.00000  0.0500  0.050
 1360  4.130  -29.50  0.00000  0.0500  0.050
 1361  4.130  -29.45  0.00000  0.0500  0.050
 1362  4.130  -29.40  0.00000  0.0500  0.050
 1363  4.130  -29.35  0.00000  0.0500  0.050
 1364  4.130  -29.30  0.00000  0.0500  0.050
 1365  4.130  -29.25  1.00000  0.0500  0.050
 1366  4.130  -29.20  0.00000  0.0500  0.050
 1367  4.130  -29.15  0.00000  0.0500  0.050
 1368  4.130  -29.10  0.00000  0.0500  0.050
 1369  4.130  -29.05  0.00000  0.0500  0.050
 1370  4.130  -29.00  0.00000  0.0500  0.050
 1371  4.130  -28.95  0.00000  0.0500  0.050
 1372  4.130  -28.90  0.00000  0.0500  0.050
 1373  4.130  -28.85  0.00000  0.0500  0.050
 1374  4.130  -28.80  0.00000  0.0500  0.050
 1375  4.130  -28.75  0.00000  0.0500  0.050
 1376  4.130  -28.70  0.00000  0.0500  0.050
 1377  4.180  -32.95  0.00000  0.0500  0.050
 1378  4.180  -32.90  0.00000  0.0500  0.050
 1379  4.180  -32.85  0.00000  0.0500  0.050
 1380  4.180  -32.80  0.00000  0.0500  0.050
 1381  4.180  -32.75  0.00000  0.0500  0.050
 1382  4.180  -32.70  0.00000  0.0500  0.050
 1383  4.180  -32.65  0.00000  0.0500  0.050
 1384  4.180  -32.60  0.00000  0.0500  0.050
 1385  4.180  -32.55  0.00000  0.0500  0.050
 1386  4.180  -32.50  0.00000  0.0500  0.050
 1387  4.180  -32.45  0.00000  0.0500  0.050
 1388  4.180  -32.40  0.00000  0.0500  0.050
 1389  4.180  -32.35  0.00000  0.0500  0.050
 1390  4.180  -32.30  0.00000  0.0500  0.050
 1391  4.180  -32.25  0.00000  0.0500  0.050
 1392  4.180  -32.20  0.00000  0.0500  0.050
 1393  4.180  -32.15  0.00000  0.0500  0.050
 1394  4.180  -32.10  0.00000  0.0500  0.050
 1395  4.180  -32.05  0.00000  0.0500  0.050
 1396  4.180  -32.00  0.00000  0.0500  0.050
 1397  4.180  -31.95  0.00000  0.0500  0.050
 1398  4.180  -31.90  0.00000  0.0500  0.050
 1399  4.180  -31.85  0.00000  0.0500  0.050
 1400  4.180  -31.80  0.00000  0.0500  0.050
 1401  4.180  -31.75  0.00000  0.0500  0.050
 1402  4.180  -31.70  0.00000  0.0500  0.050
 1403  4.180  -31.65  0.00000  0.0500  0.050
 1404  4.180  -31.60  0.00000  0.0500  0.050
 1405  4.180  -31.55  0.00000  0.0500  0.050
 1406  4.180  -31.50  0.00000  0.0500  0.050
 1407  4.180  -31.45  0.00000  0.0500  0.050
 1408  4.180  -31.40  0.00000  0.0500  0.050
 1409  4.180  -31.35  0.00000  0.0500  0.050
 1410  4.180  -31.30  0.00000  0.0500  0.050
 1411  4.180  -31.25  0.00000  0.0500  0.050
 1412  4.180  -31.20  0.00000  0.0500  0.050
 1413  4.180  -31.15  0.00000  0.0500  0.050
 1414  4.180  -31.10  0.00000  0.0500  0.050
 1415  4.180  -31.05  0.00000  0.0500  0.050
 1416  4.180  -31.00  0.00000  0.0500  0.050
 1417  4.180  -30.95  0.00000  0.0500  0.050
 1418  4.180  -30.90  0.00000  0.0500  0.050
 1419  4.180  -30.85  0.00000  0.0500  0.050
 1420  4.180  -30.80  0.00000  0.0500  0.050
 1421  4.180  -30.75  0.00000  0.0500  0.050
 1422  4.180  -30.70  0.00000  0.0500  0.050
 1423  4.180  -30.65  0.00000  0.0500  0.050
 1424  4.180  -30.60  0.00000  0.0500  0.050
 1425  4.180  -30.55  0.00000  0.0500  0.050
 1426  4.180  -30.50  0.00000  0.0500  0.050
 1427  4.180  -30.45  0.00000  0.0500  0.050
 1428  4.180  -30.40  0.00000  0.0500  0.050
 1429  4.180  -30.35  0.00000  0.0500  0.050
 1430  4.180  -30.30  0.00000  0.0500  0.050
 1431  4.180  -30.25  0.00000  0.0500  0.050
 1432  4.180  -30.20  0.00000  0.0500  0.050
 1433  4.180  -30.15  0.00000  0.0500  0.050
 1434  4.180  -30.10  0.00000  0.0500  0.050
 1435  4.180  -30.05  0.00000  0.0500  0.050
 1436  4.180  -30.00  0.00000  0.0500  0.050
 1437  4.180  -29.95  0.00000  0.0500  0.050
 1438  4.180  -29.90  0.00000  0.0500  0.050
 1439  4.180  -29.85  0.00000  0.0500  0.050
 1440  4.180  -29.80  0.00000  0.0500  0.050
 1441  4.180  -29.75  0.00000  0.0500  0.050
 1442  4.180  -29.70  0.00000  0.0500  0.050
 1443  4.180  -29.65  0.00000  0.0500  0.050
 1444  4.180  -29.60  0.00000  0.0500  0.050
 1445  4.180  -29.55  0.00000  0.0500  0.050
 1446  4.180  -29.50  0.00000  0.0500  0.050
 1447  4.180  -29.45  0.00000  0.0500  0.050
 1448  4.180  -29.40  0.00000  0.0500  0.050
 1449  4.180  -29.35  0.00000  0.0500  0.050
 1450  4.180  -29.30  0.00000  0.0500  0.050
 1451  4.180  -29.25  0.00000  0.0500  0.050
 1452  4.180  -29.20  0.00000  0.0500  0.050
 1453  4.180  -29.15  0.00000  0.0500  0.050
 1454  4.180  -29.10  0.00000  0.0500  0.050
 1455  4.180  -29.05  0.00000  0.0500  0.050
 1456  4.180  -29.00  0.00000  0.0500  0.050
 1457  4.180  -28.95  0.00000  0.0500  0.050
 1458  4.180  -28.90  0.00000  0.0500  0.050
 1459  4.180  -28.85  0.00000  0.0500  0.050
 1460  4.180  -28.80  0.00000  0.0500  0.050
 1461  4.180  -28.75  0.00000  0.0500  0.050
 1462  4.180  -28.70  0.00000  0.0500  0.050
 1463  4.230  -32.95  0.00000  0.0500  0.050
 1464  4.230  -32.90  0.00000  0.0500  0.050
 1465  4.230  -32.85  0.00000  0.0500  0.050
 1466  4.230  -32.80  0.00000  0.0500  0.050
 1467  4.230  -32.75  0.00000  0.0500  0.050
 1468  4.230  -32.70  0.00000  0.0500  0.050
 1469  4.230  -32.65  0.00000  0.0500  0.050
 1470  4.230  -32.60  0.00000  0.0500  0.050
 1471  4.230  -32.55  0.00000  0.0500  0.050
 1472  4.230  -32.50  0.00000  0.0500  0.050
 1473  4.230  -32.45  0.00000  0.0500  0.050
 1474  4.230  -32.40  0.00000  0.0500  0.050
 1475  4.230  -32.35  0.00000  0.0500  0.050
 1476  4.230  -32.30  0.00000  0.0500  0.050
 1477  4.230  -32.25  0.00000  0.0500  0.050
 1478  4.230  -32.20  0.00000  0.0500  0.050
 1479  4.230  -32.15  0.00000  0.0500  0.050
 1480  4.230  -32.10  0.00000  0.0500  0.050
 1481  4.230  -32.05  0.00000  0.0500  0.050
 1482  4.230  -32.00  0.00000  0.0500  0.050
 1483  4.230  -31.95  0.00000  0.0500  0.050
 1484  4.230  -31.90  0.00000  0.0500  0.050
 1485  4.230  -31.85  0.00000  0.0500  0.050
 1486  4.230  -31.80  0.00000  0.0500  0.050
 1487  4.230  -31.75  0.00000  0.0500  0.050
 1488  4.230  -31.70  0.00000  0.0500  0.050
 1489  4.230  -31.65  0.00000  0.0500  0.050
 1490  4.230  -31.60  0.00000  0.0500  0.050
 1491  4.230  -31.55  0.00000  0.0500  0.050
 1492  4.230  -31.50  0.00000  0.0500  0.050
 1493  4.230  -31.45  0.00000  0.0500  0.050
 1494  4.230  -31.40  0.00000  0.0500  0.050
 1495  4.230  -31.35  0.00000  0.0500  0.050
 1496  4.230  -31.30  0.00000  0.0500  0.050
 1497  4.230  -31.25  0.00000  0.0500  0.050
 1498  4.230  -31.20  0.00000  0.0500  0.050
 1499  4.230  -31.15  0.00000  0.0500  0.050
 1500  4.230  -31.10  0.00000  0.0500  0.050
 1501  4.230  -31.05  0.00000  0.0500  0.050
 1502  4.230  -31.00  0.00000  0.0500  0.050
 1503  4.230  -30.95  0.00000  0.0500  0.050
 1504  4.230  -30.90  0.00000  0.0500  0.050
 1505  4.230  -30.85  0.00000  0.0500  0.050
 1506  4.230  -30.80  0.00000  0.0500  0.050
 1507  4.230  -30.75  0.00000  0.0500  0.050
 1508  4.230  -30.70  0.00000  0.0500  0.050
 1509  4.230  -30.65  0.00000  0.0500  0.050
 1510  4.230  -30.60  0.00000  0.0500  0.050
 1511  4.230  -30.55  0.00000  0.0500  0.050
 1512  4.230  -30.50  0.00000  0.0500  0.050
 1513  4.230  -30.45  0.00000  0.0500  0.050
 1514  4.230  -30.40  0.00000  0.0500  0.050
 1515  4.230  -30.35  0.00000  0.0500  0.050
 1516  4.230  -30.30  0.00000  0.0500  0.050
 1517  4.230  -30.25  0.00000  0.0500  0.050
 1518  4.230  -30.20  0.00000  0.0500  0.050
 1519  4.230  -30.15  0.00000  0.0500  0.050
 1520  4.230  -30.10  0.00000  0.0500  0.050
 1521  4.230  -30.05  0.00000  0.0500  0.050
 1522  4.230  -30.00  0.00000  0.0500  0.050
 1523  4.230  -29.95  0.00000  0.0500  0.050
 1524  4.230  -29.90  1.00000  0.0500  0.050
 1525  4.230  -29.85  0.00000  0.0500  0.050
 1526  4.230  -29.80  0.00000  0.0500  0.050
 1527  4.230  -29.75  0.00000  0.0500  0.050
 1528  4.230  -29.70  0.00000  0.0500  0.050
 1529  4.230  -29.65  0.00000  0.0500  0.050
 1530  4.230  -29.60  0.00000  0.0500  0.050
 1531  4.230  -29.55  0.00000  0.0500  0.050
 1532  4.230  -29.50  0.00000  0.0500  0.050
 1533  4.230  -29.45  0.00000  0.0500  0.050
 1534  4.230  -29.40  0.00000  0.0500  0.050
 1535  4.230  -29.35  0.00000  0.0500  0.050
 1536  4.230  -29.30  0.00000  0.0500  0.050
 1537  4.230  -29.25  0.00000  0.0500  0.050
 1538  4.230  -29.20  0.00000  0.0500  0.050
 1539  4.230  -29.15  0.00000  0.0500  0.050
 1540  4.230  -29.10  0.00000  0.0500  0.050
 1541  4.230  -29.05  0.00000  0.0500  0.050
 1542  4.230  -29.00  0.00000  0.0500  0.050
 1543  4.230  -28.95  0.00000  0.0500  0.050
 1544  4.230  -28.90  0.00000  0.0500  0.050
 1545  4.230  -28.85  0.00000  0.0500  0.050
 1546  4.230  -28.80  0.00000  0.0500  0.050
 1547  4.230  -28.75  0.00000  0.0500  0.050
 1548  4.230  -28.70  0.00000  0.0500  0.050
 1549  4.280  -32.95  0.00000  0.0500  0.050
 1550  4.280  -32.90  0.00000  0.0500  0.050
 1551  4.280  -32.85  0.00000  0.0500  0.050
 1552  4.280  -32.80  0.00000  0.0500  0.050
 1553  4.280  -32.75  0.00000  0.0500  0.050
 1554  4.280  -32.70  0.00000  0.0500  0.050
 1555  4.280  -32.65  0.00000  0.0500  0.050
 1556  4.280  -32.60  0.00000  0.0500  0.050
 1557  4.280  -32.55  0.00000  0.0500  0.050
 1558  4.280  -32.50  0.00000  0.0500  0.050
 1559  4.280  -32.45  0.00000  0.0500  0.050
 1560  4.280  -32.40  0.00000  0.0500  0.050
 1561  4.280  -32.35  0.00000  0.0500  0.050
 1562  4.280  -32.30  0.00000  0.0500  0.050
 1563  4.280  -32.25  0.00000  0.0500  0.050
 1564  4.280  -32.20  0.00000  0.0500  0.050
 1565  4.280  -32.15  0.00000  0.0500  0.050
 1566  4.280  -32.10  0.00000  0.0500  0.050
 1567  4.280  -32.05  0.00000  0.0500  0.050
 1568  4.280  -32.00  0.00000  0.0500  0.050
 1569  4.280  -31.95  0.00000  0.0500  0.050
 1570  4.280  -31.90  0.00000  0.0500  0.050
 1571  4.280  -31.85  0.00000  0.0500  0.050
 1572  4.280  -31.80  0.00000  0.0500  0.050
 1573  4.280  -31.75  0.00000  0.0500  0.050
 1574  4.280  -31.70  0.00000  0.0500  0.050
 1575  4.280  -31.65  0.00000  0.0500  0.050
 1576  4.280  -31.60  0.00000  0.0500  0.050
 1577  4.280  -31.55  0.00000  0.0500  0.050
 1578  4.280  -31.50  0.00000  0.0500  0.050
 1579  4.280  -31.45  0.00000  0.0500  0.050
 1580  4.280  -31.40  0.00000  0.0500  0.050
 1581  4.280  -31.35  0.00000  0.0500  0.050
 1582  4.280  -31.30  0.00000  0.0500  0.050
 1583  4.280  -31.25  0.00000  0.0500  0.050
 1584  4.280  -31.20  0.00000  0.0500  0.050
 1585  4.280  -31.15  0.00000  0.0500  0.050
 1586  4.280  -31.10  0.00000  0.0500  0.050
 1587  4.280  -31.05  0.00000  0.0500  0.050
 1588  4.280  -31.00  0.00000  0.0500  0.050
 1589  4.280  -30.95  0.00000  0.0500  0.050
 1590  4.280  -30.90  0.00000  0.0500  0.050
 1591  4.280  -30.85  0.00000  0.0500  0.050
 1592  4.280  -30.80  0.00000  0.0500  0.050
 1593  4.280  -30.75  0.00000  0.0500  0.050
 1594  4.280  -30.70  0.00000  0.0500  0.050
 1595  4.280  -30.65  0.00000  0.0500  0.050
 1596  4.280  -30.60  0.00000  0.0500  0.050
 1597  4.280  -30.55  0.00000  0.0500  0.050
 1598  4.280  -30.50  1.00000  0.0500  0.050
 1599  4.280  -30.45  0.00000  0.0500  0.050
 1600  4.280  -30.40  0.00000  0.0500  0.050
 1601  4.280  -30.35  0.00000  0.0500  0.050
 1602  4.280  -30.30  0.00000  0.0500  0.050
 1603  4.280  -30.25  0.00000  0.0500  0.050
 1604  4.280  -30.20  0.00000  0.0500  0.050
 1605  4.280  -30.15  0.00000  0.0500  0.050
 1606  4.280  -30.10  0.00000  0.0500  0.050
 1607  4.280  -30.05  0.00000  0.0500  0.050
 1608  4.280  -30.00  0.00000  0.0500  0.050
 1609  4.280  -29.95  0.00000  0.0500  0.050
 1610  4.280  -29.90  0.00000  0.0500  0.050
 1611  4.280  -29.85  0.00000  0.0500  0.050
 1612  4.280  -29.80  0.00000  0.0500  0.050
 1613  4.280  -29.75  0.00000  0.0500  0.050
 1614  4.280  -29.70  0.00000  0.0500  0.050
 1615  4.280  -29.65  0.00000  0.0500  0.050
 1616  4.280  -29.60  0.00000  0.0500  0.050
 1617  4.280  -29.55  0.00000  0.0500  0.050
 1618  4.280  -29.50  0.00000  0.0500  0.050
 1619  4.280  -29.45  0.00000  0.0500  0.050
 1620  4.280  -29.40  0.00000  0.0500  0.050
 1621  4.280  -29.35  0.00000  0.0500  0.050
 1622  4.280  -29.30  0.00000  0.0500  0.050
 1623  4.280  -29.25  0.00000  0.0500  0.050
 1624  4.280  -29.20  0.00000  0.0500  0.050
 1625  4.280  -29.15  0.00000  0.0500  0.050
 1626  4.280  -29.10  0.00000  0.0500  0.050
 1627  4.280  -29.05  0.00000  0.0500  0.050
 1628  4.280  -29.00  0.00000  0.0500  0.050
 1629  4.280  -28.95  0.00000  0.0500  0.050
 1630  4.280  -28.90  0.00000  0.0500  0.050
 1631  4.280  -28.85  0.00000  0.0500  0.050
 1632  4.280  -28.80  0.00000  0.0500  0.050
 1633  4.280  -28.75  0.00000  0.0500  0.050
 1634  4.280  -28.70  0.00000  0.0500  0.050
 1635  4.330  -32.95  0.00000  0.0500  0.050
 1636  4.330  -32.90  0.00000  0.0500  0.050
 1637  4.330  -32.85  0.00000  0.0500  0.050
 1638  4.330  -32.80  0.00000  0.0500  0.050
 1639  4.330  -32.75  0.00000  0.0500  0.050
 1640  4.330  -32.70  0.00000  0.0500  0.050
 1641  4.330  -32.65  0.00000  0.0500  0.050
 1642  4.330  -32.60  0.00000  0.0500  0.050
 1643  4.330  -32.55  0.00000  0.0500  0.050
 1644  4.330  -32.50  0.00000  0.0500  0.050
 1645  4.330  -32.45  0.00000  0.0500  0.050
 1646  4.330  -32.40  0.00000  0.0500  0.050
 1647  4.330  -32.35  0.00000  0.0500  0.050
 1648  4.330  -32.30  0.00000  0.0500  0.050
 1649  4.330  -32.25  0.00000  0.0500  0.050
 1650  4.330  -32.20  0.00000  0.0500  0.050
 1651  4.330  -32.15  0.00000  0.0500  0.050
 1652  4.330  -32.10  0.00000  0.0500  0.050
 1653  4.330  -32.05  0.00000  0.0500  0.050
 1654  4.330  -32.00  0.00000  0.0500  0.050
 1655  4.330  -31.95  0.00000  0.0500  0.050
 1656  4.330  -31.90  0.00000  0.0500  0.050
 1657  4.330  -31.85  0.00000  0.0500  0.050
 1658  4.330  -31.80  0.00000  0.0500  0.050
 1659  4.330  -31.75  0.00000  0.0500  0.050
 1660  4.330  -31.70  0.00000  0.0500  0.050
 1661  4.330  -31.65  1.00000  0.0500  0.050
 1662  4.330  -31.60  0.00000  0.0500  0.050
 1663  4.330  -31.55  0.00000  0.0500  0.050
 1664  4.330  -31.50  0.00000  0.0500  0.050
 1665  4.330  -31.45  0.00000  0.0500  0.050
 1666  4.330  -31.40  0.00000  0.0500  0.050
 1667  4.330  -31.35  0.00000  0.0500  0.050
 1668  4.330  -31.30  0.00000  0.0500  0.050
 1669  4.330  -31.25  0.00000  0.0500  0.050
 1670  4.330  -31.20  0.00000  0.0500  0.050
 1671  4.330  -31.15  0.00000  0.0500  0.050
 1672  4.330  -31.10  0.00000  0.0500  0.050
 1673  4.330  -31.05  0.00000  0.0500  0.050
 1674  4.330  -31.00  0.00000  0.0500  0.050
 1675  4.330  -30.95  0.00000  0.0500  0.050
 1676  4.330  -30.90  0.00000  0.0500  0.050
 1677  4.330  -30.85  0.00000  0.0500  0.050
 1678  4.330  -30.80  0.00000  0.0500  0.050
 1679  4.330  -30.75  0.00000  0.0500  0.050
 1680  4.330  -30.70  0.00000  0.0500  0.050
 1681  4.330  -30.65  0.00000  0.0500  0.050
 1682  4.330  -30.60  0.00000  0.0500  0.050
 1683  4.330  -30.55  0.00000  0.0500  0.050
 1684  4.330  -30.50  0.00000  0.0500  0.050
 1685  4.330  -30.45  0.00000  0.0500  0.050
 1686  4.330  -30.40  0.00000  0.0500  0.050
 1687  4.330  -30.35  1.00000  0.0500  0.050
 1688  4.330  -30.30  0.00000  0.0500  0.050
 1689  4.330  -30.25  0.00000  0.0500  0.050
 1690  4.330  -30.20  0.00000  0.0500  0.050
 1691  4.330  -30.15  0.00000  0.0500  0.050
 1692  4.330  -30.10  0.00000  0.0500  0.050
 1693  4.330  -30.05  0.00000  0.0500  0.050
 1694  4.330  -30.00  0.00000  0.0500  0.050
 1695  4.330  -29.95  0.00000  0.0500  0.050
 1696  4.330  -29.90  0.00000  0.0500  0.050
 1697  4.330  -29.85  0.00000  0.0500  0.050
 1698  4.330  -29.80  0.00000  0.0500  0.050
 1699  4.330  -29.75  0.00000  0.0500  0.050
 1700  4.330  -29.70  0.00000  0.0500  0.050
 1701  4.330  -29.65  0.00000  0.0500  0.050
 1702  4.330  -29.60  0.00000  0.0500  0.050
 1703  4.330  -29.55  0.00000  0.0500  0.050
 1704  4.330  -29.50  1.00000  0.0500  0.050
 1705  4.330  -29.45  0.00000  0.0500  0.050
 1706  4.330  -29.40  0.00000  0.0500  0.050
 1707  4.330  -29.35  0.00000  0.0500  0.050
 1708  4.330  -29.30  0.00000  0.0500  0.050
 1709  4.330  -29.25  0.00000  0.0500  0.050
 1710  4.330  -29.20  1.00000  0.0500  0.050
 1711  4.330  -29.15  0.00000  0.0500  0.050
 1712  4.330  -29.10  0.00000  0.0500  0.050
 1713  4.330  -29.05  0.00000  0.0500  0.050
 1714  4.330  -29.00  0.00000  0.0500  0.050
 1715  4.330  -28.95  0.00000  0.0500  0.050
 1716  4.330  -28.90  0.00000  0.0500  0.050
 1717  4.330  -28.85  0.00000  0.0500  0.050
 1718  4.330  -28.80  0.00000  0.0500  0.050
 1719  4.330  -28.75  0.00000  0.0500  0.050
 1720  4.330  -28.70  0.00000  0.0500  0.050
 1721  4.380  -32.95  0.00000  0.0500  0.050
 1722  4.380  -32.90  0.00000  0.0500  0.050
 1723  4.380  -32.85  0.00000  0.0500  0.050
 1724  4.380  -32.80  0.00000  0.0500  0.050
 1725  4.380  -32.75  0.00000  0.0500  0.050
 1726  4.380  -32.70  0.00000  0.0500  0.050
 1727  4.380  -32.65  0.00000  0.0500  0.050
 1728  4.380  -32.60  0.00000  0.0500  0.050
 1729  4.380  -32.55  0.00000  0.0500  0.050
 1730  4.380  -32.50  0.00000  0.0500  0.050
 1731  4.380  -32.45  0.00000  0.0500  0.050
 1732  4.380  -32.40  0.00000  0.0500  0.050
 1733  4.380  -32.35  0.00000  0.0500  0.050
 1734  4.380  -32.30  0.00000  0.0500  0.050
 1735  4.380  -32.25  0.00000  0.0500  0.050
 1736  4.380  -32.20  0.00000  0.0500  0.050
 1737  4.380  -32.15  0.00000  0.0500  0.050
 1738  4.380  -32.10  0.00000  0.0500  0.050
 1739  4.380  -32.05  0.00000  0.0500  0.050
 1740  4.380  -32.00  0.00000  0.0500  0.050
 1741  4.380  -31.95  0.00000  0.0500  0.050
 1742  4.380  -31.90  0.00000  0.0500  0.050
 1743  4.380  -31.85  0.00000  0.0500  0.050
 1744  4.380  -31.80  0.00000  0.0500  0.050
 1745  4.380  -31.75  0.00000  0.0500  0.050
 1746  4.380  -31.70  0.00000  0.0500  0.050
 1747  4.380  -31.65  0.00000  0.0500  0.050
 1748  4.380  -31.60  0.00000  0.0500  0.050
 1749  4.380  -31.55  0.00000  0.0500  0.050
 1750  4.380  -31.50  0.00000  0.0500  0.050
 1751  4.380  -31.45  0.00000  0.0500  0.050
 1752  4.380  -31.40  0.00000  0.0500  0.050
 1753  4.380  -31.35  0.00000  0.0500  0.050
 1754  4.380  -31.30  0.00000  0.0500  0.050
 1755  4.380  -31.25  0.00000  0.0500  0.050
 1756  4.380  -31.20  0.00000  0.0500  0.050
 1757  4.380  -31.15  0.00000  0.0500  0.050
 1758  4.380  -31.10  0.00000  0.0500  0.050
 1759  4.380  -31.05  0.00000  0.0500  0.050
 1760  4.380  -31.00  0.00000  0.0500  0.050
 1761  4.380  -30.95  0.00000  0.0500  0.050
 1762  4.380  -30.90  0.00000  0.0500  0.050
 1763  4.380  -30.85  0.00000  0.0500  0.050
 1764  4.380  -30.80  0.00000  0.0500  0.050
 1765  4.380  -30.75  0.00000  0.0500  0.050
 1766  4.380  -30.70  0.00000  0.0500  0.050
 1767  4.380  -30.65  0.00000  0.0500  0.050
 1768  4.380  -30.60  0.00000  0.0500  0.050
 1769  4.380  -30.55  0.00000  0.0500  0.050
 1770  4.380  -30.50  0.00000  0.0500  0.050
 1771  4.380  -30.45  0.00000  0.0500  0.050
 1772  4.380  -30.40  0.00000  0.0500  0.050
 1773  4.380  -30.35  0.00000  0.0500  0.050
 1774  4.380  -30.30  0.00000  0.0500  0.050
 1775  4.380  -30.25  0.00000  0.0500  0.050
 1776  4.380  -30.20  0.00000  0.0500  0.050
 1777  4.380  -30.15  0.00000  0.0500  0.050
 1778  4.380  -30.10  0.00000  0.0500  0.050
 1779  4.380  -30.05  0.00000  0.0500  0.050
 1780  4.380  -30.00  0.00000  0.0500  0.050
 1781  4.380  -29.95  0.00000  0.0500  0.050
 1782  4.380  -29.90  0.00000  0.0500  0.050
 1783  4.380  -29.85  0.00000  0.0500  0.050
 1784  4.380  -29.80  1.00000  0.0500  0.050
 1785  4.380  -29.75  0.00000  0.0500  0.050
 1786  4.380  -29.70  0.00000  0.0500  0.050
 1787  4.380  -29.65  0.00000  0.0500  0.050
 1788  4.380  -29.60  0.00000  0.0500  0.050
 1789  4.380  -29.55  0.00000  0.0500  0.050
 1790  4.380  -29.50  0.00000  0.0500  0.050
 1791  4.380  -29.45  0.00000  0.0500  0.050
 1792  4.380  -29.40  0.00000  0.0500  0.050
 1793  4.380  -29.35  0.00000  0.0500  0.050
 1794  4.380  -29.30  0.00000  0.0500  0.050
 1795  4.380  -29.25  0.00000  0.0500  0.050
 1796  4.380  -29.20  0.00000  0.0500  0.050
 1797  4.380  -29.15  0.00000  0.0500  0.050
 1798  4.380  -29.10  0.00000  0.0500  0.050
 1799  4.380  -29.05  0.00000  0.0500  0.050
 1800  4.380  -29.00  0.00000  0.0500  0.050
 1801  4.380  -28.95  0.00000  0.0500  0.050
 1802  4.380  -28.90  0.00000  0.0500  0.050
 1803  4.380  -28.85  0.00000  0.0500  0.050
 1804  4.380  -28.80  0.00000  0.0500  0.050
 1805  4.380  -28.75  0.00000  0.0500  0.050
 1806  4.380  -28.70  0.00000  0.0500  0.050
 1807  4.430  -32.95  0.00000  0.0500  0.050
 1808  4.430  -32.90  0.00000  0.0500  0.050
 1809  4.430  -32.85  0.00000  0.0500  0.050
 1810  4.430  -32.80  0.00000  0.0500  0.050
 1811  4.430  -32.75  0.00000  0.0500  0.050
 1812  4.430  -32.70  0.00000  0.0500  0.050
 1813  4.430  -32.65  0.00000  0.0500  0.050
 1814  4.430  -32.60  0.00000  0.0500  0.050
 1815  4.430  -32.55  0.00000  0.0500  0.050
 1816  4.430  -32.50  0.00000  0.0500  0.050
 1817  4.430  -32.45  0.00000  0.0500  0.050
 1818  4.430  -32.40  0.00000  0.0500  0.050
 1819  4.430  -32.35  0.00000  0.0500  0.050
 1820  4.430  -32.30  0.00000  0.0500  0.050
 1821  4.430  -32.25  0.00000  0.0500  0.050
 1822  4.430  -32.20  0.00000  0.0500  0.050
 1823  4.430  -32.15  0.00000  0.0500  0.050
 1824  4.430  -32.10  0.00000  0.0500  0.050
 1825  4.430  -32.05  0.00000  0.0500  0.050
 1826  4.430  -32.00  0.00000  0.0500  0.050
 1827  4.430  -31.95  0.00000  0.0500  0.050
 1828  4.430  -31.90  0.00000  0.0500  0.050
 1829  4.430  -31.85  0.00000  0.0500  0.050
 1830  4.430  -31.80  0.00000  0.0500  0.050
 1831  4.430  -31.75  0.00000  0.0500  0.050
 1832  4.430  -31.70  0.00000  0.0500  0.050
 1833  4.430  -31.65  0.00000  0.0500  0.050
 1834  4.430  -31.60  0.00000  0.0500  0.050
 1835  4.430  -31.55  0.00000  0.0500  0.050
 1836  4.430  -31.50  0.00000  0.0500  0.050
 1837  4.430  -31.45  0.00000  0.0500  0.050
 1838  4.430  -31.40  0.00000  0.0500  0.050
 1839  4.430  -31.35  0.00000  0.0500  0.050
 1840  4.430  -31.30  1.00000  0.0500  0.050
 1841  4.430  -31.25  0.00000  0.0500  0.050
 1842  4.430  -31.20  0.00000  0.0500  0.050
 1843  4.430  -31.15  0.00000  0.0500  0.050
 1844  4.430  -31.10  0.00000  0.0500  0.050
 1845  4.430  -31.05  0.00000  0.0500  0.050
 1846  4.430  -31.00  0.00000  0.0500  0.050
 1847  4.430  -30.95  0.00000  0.0500  0.050
 1848  4.430  -30.90  0.00000  0.0500  0.050
 1849  4.430  -30.85  0.00000  0.0500  0.050
 1850  4.430  -30.80  0.00000  0.0500  0.050
 1851  4.430  -30.75  0.00000  0.0500  0.050
 1852  4.430  -30.70  0.00000  0.0500  0.050
 1853  4.430  -30.65  1.00000  0.0500  0.050
 1854  4.430  -30.60  0.00000  0.0500  0.050
 1855  4.430  -30.55  0.00000  0.0500  0.050
 1856  4.430  -30.50  1.00000  0.0500  0.050
 1857  4.430  -30.45  0.00000  0.0500  0.050
 1858  4.430  -30.40  0.00000  0.0500  0.050
 1859  4.430  -30.35  0.00000  0.0500  0.050
 1860  4.430  -30.30  0.00000  0.0500  0.050
 1861  4.430  -30.25  0.00000  0.0500  0.050
 1862  4.430  -30.20  0.00000  0.0500  0.050
 1863  4.430  -30.15  0.00000  0.0500  0.050
 1864  4.430  -30.10  0.00000  0.0500  0.050
 1865  4.430  -30.05  0.00000  0.0500  0.050
 1866  4.430  -30.00  0.00000  0.0500  0.050
 1867  4.430  -29.95  0.00000  0.0500  0.050
 1868  4.430  -29.90  0.00000  0.0500  0.050
 1869  4.430  -29.85  1.00000  0.0500  0.050
 1870  4.430  -29.80  0.00000  0.0500  0.050
 1871  4.430  -29.75  0.00000  0.0500  0.050
 1872  4.430  -29.70  0.00000  0.0500  0.050
 1873  4.430  -29.65  0.00000  0.0500  0.050
 1874  4.430  -29.60  0.00000  0.0500  0.050
 1875  4.430  -29.55  0.00000  0.0500  0.050
 1876  4.430  -29.50  0.00000  0.0500  0.050
 1877  4.430  -29.45  0.00000  0.0500  0.050
 1878  4.430  -29.40  0.00000  0.0500  0.050
 1879  4.430  -29.35  0.00000  0.0500  0.050
 1880  4.430  -29.30  0.00000  0.0500  0.050
 1881  4.430  -29.25  0.00000  0.0500  0.050
 1882  4.430  -29.20  0.00000  0.0500  0.050
 1883  4.430  -29.15  0.00000  0.0500  0.050
 1884  4.430  -29.10  0.00000  0.0500  0.050
 1885  4.430  -29.05  0.00000  0.0500  0.050
 1886  4.430  -29.00  0.00000  0.0500  0.050
 1887  4.430  -28.95  0.00000  0.0500  0.050
 1888  4.430  -28.90  0.00000  0.0500  0.050
 1889  4.430  -28.85  0.00000  0.0500  0.050
 1890  4.430  -28.80  0.00000  0.0500  0.050
 1891  4.430  -28.75  0.00000  0.0500  0.050
 1892  4.430  -28.70  0.00000  0.0500  0.050
 1893  4.480  -32.95  0.00000  0.0500  0.050
 1894  4.480  -32.90  0.00000  0.0500  0.050
 1895  4.480  -32.85  0.00000  0.0500  0.050
 1896  4.480  -32.80  0.00000  0.0500  0.050
 1897  4.480  -32.75  0.00000  0.0500  0.050
 1898  4.480  -32.70  0.00000  0.0500  0.050
 1899  4.480  -32.65  0.00000  0.0500  0.050
 1900  4.480  -32.60  0.00000  0.0500  0.050
 1901  4.480  -32.55  0.00000  0.0500  0.050
 1902  4.480  -32.50  0.00000  0.0500  0.050
 1903  4.480  -32.45  1.00000  0.0500  0.050
 1904  4.480  -32.40  0.00000  0.0500  0.050
 1905  4.480  -32.35  0.00000  0.0500  0.050
 1906  4.480  -32.30  0.00000  0.0500  0.050
 1907  4.480  -32.25  0.00000  0.0500  0.050
 1908  4.480  -32.20  0.00000  0.0500  0.050
 1909  4.480  -32.15  0.00000  0.0500  0.050
 1910  4.480  -32.10  0.00000  0.0500  0.050
 1911  4.480  -32.05  0.00000  0.0500  0.050
 1912  4.480  -32.00  0.00000  0.0500  0.050
 1913  4.480  -31.95  0.00000  0.0500  0.050
 1914  4.480  -31.90  0.00000  0.0500  0.050
 1915  4.480  -31.85  0.00000  0.0500  0.050
 1916  4.480  -31.80  0.00000  0.0500  0.050
 1917  4.480  -31.75  0.00000  0.0500  0.050
 1918  4.480  -31.70  0.00000  0.0500  0.050
 1919  4.480  -31.65  0.00000  0.0500  0.050
 1920  4.480  -31.60  0.00000  0.0500  0.050
 1921  4.480  -31.55  0.00000  0.0500  0.050
 1922  4.480  -31.50  0.00000  0.0500  0.050
 1923  4.480  -31.45  0.00000  0.0500  0.050
 1924  4.480  -31.40  0.00000  0.0500  0.050
 1925  4.480  -31.35  0.00000  0.0500  0.050
 1926  4.480  -31.30  0.00000  0.0500  0.050
 1927  4.480  -31.25  0.00000  0.0500  0.050
 1928  4.480  -31.20  0.00000  0.0500  0.050
 1929  4.480  -31.15  0.00000  0.0500  0.050
 1930  4.480  -31.10  0.00000  0.0500  0.050
 1931  4.480  -31.05  0.00000  0.0500  0.050
 1932  4.480  -31.00  0.00000  0.0500  0.050
 1933  4.480  -30.95  0.00000  0.0500  0.050
 1934  4.480  -30.90  0.00000  0.0500  0.050
 1935  4.480  -30.85  0.00000  0.0500  0.050
 1936  4.480  -30.80  0.00000  0.0500  0.050
 1937  4.480  -30.75  0.00000  0.0500  0.050
 1938  4.480  -30.70  0.00000  0.0500  0.050
 1939  4.480  -30.65  0.00000  0.0500  0.050
 1940  4.480  -30.60  0.00000  0.0500  0.050
 1941  4.480  -30.55  0.00000  0.0500  0.050
 1942  4.480  -30.50  0.00000  0.0500  0.050
 1943  4.480  -30.45  0.00000  0.0500  0.050
 1944  4.480  -30.40  0.00000  0.0500  0.050
 1945  4.480  -30.35  0.00000  0.0500  0.050
 1946  4.480  -30.30  0.00000  0.0500  0.050
 1947  4.480  -30.25  0.00000  0.0500  0.050
 1948  4.480  -30.20  0.00000  0.0500  0.050
 1949  4.480  -30.15  0.00000  0.0500  0.050
 1950  4.480  -30.10  0.00000  0.0500  0.050
 1951  4.480  -30.05  0.00000  0.0500  0.050
 1952  4.480  -30.00  0.00000  0.0500  0.050
 1953  4.480  -29.95  0.00000  0.0500  0.050
 1954  4.480  -29.90  0.00000  0.0500  0.050
 1955  4.480  -29.85  0.00000  0.0500  0.050
 1956  4.480  -29.80  0.00000  0.0500  0.050
 1957  4.480  -29.75  0.00000  0.0500  0.050
 1958  4.480  -29.70  0.00000  0.0500  0.050
 1959  4.480  -29.65  0.00000  0.0500  0.050
 1960  4.480  -29.60  0.00000  0.0500  0.050
 1961  4.480  -29.55  0.00000  0.0500  0.050
 1962  4.480  -29.50  0.00000  0.0500  0.050
 1963  4.480  -29.45  0.00000  0.0500  0.050
 1964  4.480  -29.40  0.00000  0.0500  0.050
 1965  4.480  -29.35  0.00000  0.0500  0.050
 1966  4.480  -29.30  0.00000  0.0500  0.050
 1967  4.480  -29.25  0.00000  0.0500  0.050
 1968  4.480  -29.20  0.00000  0.0500  0.050
 1969  4.480  -29.15  0.00000  0.0500  0.050
 1970  4.480  -29.10  0.00000  0.0500  0.050
 1971  4.480  -29.05  0.00000  0.0500  0.050
 1972  4.480  -29.00  0.00000  0.0500  0.050
 1973  4.480  -28.95  0.00000  0.0500  0.050
 1974  4.480  -28.90  0.00000  0.0500  0.050
 1975  4.480  -28.85  0.00000  0.0500  0.050
 1976  4.480  -28.80  0.00000  0.0500  0.050
 1977  4.480  -28.75  0.00000  0.0500  0.050
 1978  4.480  -28.70  0.00000  0.0500  0.050
 1979  4.530  -32.95  0.00000  0.0500  0.050
 1980  4.530  -32.90  0.00000  0.0500  0.050
 1981  4.530  -32.85  0.00000  0.0500  0.050
 1982  4.530  -32.80  0.00000  0.0500  0.050
 1983  4.530  -32.75  0.00000  0.0500  0.050
 1984  4.530  -32.70  0.00000  0.0500  0.050
 1985  4.530  -32.65  0.00000  0.0500  0.050
 1986  4.530  -32.60  0.00000  0.0500  0.050
 1987  4.530  -32.55  0.00000  0.0500  0.050
 1988  4.530  -32.50  0.00000  0.0500  0.050
 1989  4.530  -32.45  0.00000  0.0500  0.050
 1990  4.530  -32.40  0.00000  0.0500  0.050
 1991  4.530  -32.35  0.00000  0.0500  0.050
 1992  4.530  -32.30  0.00000  0.0500  0.050
 1993  4.530  -32.25  0.00000  0.0500  0.050
 1994  4.530  -32.20  0.00000  0.0500  0.050
 1995  4.530  -32.15  0.00000  0.0500  0.050
 1996  4.530  -32.10  0.00000  0.0500  0.050
 1997  4.530  -32.05  0.00000  0.0500  0.050
 1998  4.530  -32.00  0.00000  0.0500  0.050
 1999  4.530  -31.95  0.00000  0.0500  0.050
 2000  4.530  -31.90  0.00000  0.0500  0.050
 2001  4.530  -31.85  0.00000  0.0500  0.050
 2002  4.530  -31.80  0.00000  0.0500  0.050
 2003  4.530  -31.75  0.00000  0.0500  0.050
 2004  4.530  -31.70  0.00000  0.0500  0.050
 2005  4.530  -31.65  0.00000  0.0500  0.050
 2006  4.530  -31.60  0.00000  0.0500  0.050
 2007  4.530  -31.55  0.00000  0.0500  0.050
 2008  4.530  -31.50  0.00000  0.0500  0.050
 2009  4.530  -31.45  0.00000  0.0500  0.050
 2010  4.530  -31.40  0.00000  0.0500  0.050
 2011  4.530  -31.35  0.00000  0.0500  0.050
 2012  4.530  -31.30  0.00000  0.0500  0.050
 2013  4.530  -31.25  0.00000  0.0500  0.050
 2014  4.530  -31.20  0.00000  0.0500  0.050
 2015  4.530  -31.15  0.00000  0.0500  0.050
 2016  4.530  -31.10  0.00000  0.0500  0.050
 2017  4.530  -31.05  0.00000  0.0500  0.050
 2018  4.530  -31.00  0.00000  0.0500  0.050
 2019  4.530  -30.95  0.00000  0.0500  0.050
 2020  4.530  -30.90  0.00000  0.0500  0.050
 2021  4.530  -30.85  0.00000  0.0500  0.050
 2022  4.530  -30.80  0.00000  0.0500  0.050
 2023  4.530  -30.75  1.00000  0.0500  0.050
 2024  4.530  -30.70  0.00000  0.0500  0.050
 2025  4.530  -30.65  0.00000  0.0500  0.050
 2026  4.530  -30.60  0.00000  0.0500  0.050
 2027  4.530  -30.55  0.00000  0.0500  0.050
 2028  4.530  -30.50  0.00000  0.0500  0.050
 2029  4.530  -30.45  0.00000  0.0500  0.050
 2030  4.530  -30.40  0.00000  0.0500  0.050
 2031  4.530  -30.35  0.00000  0.0500  0.050
 2032  4.530  -30.30  0.00000  0.0500  0.050
 2033  4.530  -30.25  0.00000  0.0500  0.050
 2034  4.530  -30.20  0.00000  0.0500  0.050
 2035  4.530  -30.15  0.00000  0.0500  0.050
 2036  4.530  -30.10  0.00000  0.0500  0.050
 2037  4.530  -30.05  0.00000  0.0500  0.050
 2038  4.530  -30.00  0.00000  0.0500  0.050
 2039  4.530  -29.95  0.00000  0.0500  0.050
 2040  4.530  -29.90  0.00000  0.0500  0.050
 2041  4.530  -29.85  0.00000  0.0500  0.050
 2042  4.530  -29.80  0.00000  0.0500  0.050
 2043  4.530  -29.75  0.00000  0.0500  0.050
 2044  4.530  -29.70  0.00000  0.0500  0.050
 2045  4.530  -29.65  0.00000  0.0500  0.050
 2046  4.530  -29.60  0.00000  0.0500  0.050
 2047  4.530  -29.55  1.00000  0.0500  0.050
 2048  4.530  -29.50  0.00000  0.0500  0.050
 2049  4.530  -29.45  1.00000  0.0500  0.050
 2050  4.530  -29.40  0.00000  0.0500  0.050
 2051  4.530  -29.35  1.00000  0.0500  0.050
 2052  4.530  -29.30  0.00000  0.0500  0.050
 2053  4.530  -29.25  0.00000  0.0500  0.050
 2054  4.530  -29.20  0.00000  0.0500  0.050
 2055  4.530  -29.15  0.00000  0.0500  0.050
 2056  4.530  -29.10  0.00000  0.0500  0.050
 2057  4.530  -29.05  0.00000  0.0500  0.050
 2058  4.530  -29.00  0.00000  0.0500  0.050
 2059  4.530  -28.95  0.00000  0.0500  0.050
 2060  4.530  -28.90  0.00000  0.0500  0.050
 2061  4.530  -28.85  0.00000  0.0500  0.050
 2062  4.530  -28.80  0.00000  0.0500  0.050
 2063  4.530  -28.75  0.00000  0.0500  0.050
 2064  4.530  -28.70  0.00000  0.0500  0.050
 2065  4.580  -32.95  0.00000  0.0500  0.050
 2066  4.580  -32.90  0.00000  0.0500  0.050
 2067  4.580  -32.85  0.00000  0.0500  0.050
 2068  4.580  -32.80  0.00000  0.0500  0.050
 2069  4.580  -32.75  0.00000  0.0500  0.050
 2070  4.580  -32.70  0.00000  0.0500  0.050
 2071  4.580  -32.65  0.00000  0.0500  0.050
 2072  4.580  -32.60  0.00000  0.0500  0.050
 2073  4.580  -32.55  0.00000  0.0500  0.050
 2074  4.580  -32.50  0.00000  0.0500  0.050
 2075  4.580  -32.45  0.00000  0.0500  0.050
 2076  4.580  -32.40  0.00000  0.0500  0.050
 2077  4.580  -32.35  0.00000  0.0500  0.050
 2078  4.580  -32.30  0.00000  0.0500  0.050
 2079  4.580  -32.25  0.00000  0.0500  0.050
 2080  4.580  -32.20  0.00000  0.0500  0.050
 2081  4.580  -32.15  0.00000  0.0500  0.050
 2082  4.580  -32.10  0.00000  0.0500  0.050
 2083  4.580  -32.05  0.00000  0.0500  0.050
 2084  4.580  -32.00  0.00000  0.0500  0.050
 2085  4.580  -31.95  0.00000  0.0500  0.050
 2086  4.580  -31.90  0.00000  0.0500  0.050
 2087  4.580  -31.85  0.00000  0.0500  0.050
 2088  4.580  -31.80  0.00000  0.0500  0.050
 2089  4.580  -31.75  0.00000  0.0500  0.050
 2090  4.580  -31.70  0.00000  0.0500  0.050
 2091  4.580  -31.65  0.00000  0.0500  0.050
 2092  4.580  -31.60  0.00000  0.0500  0.050
 2093  4.580  -31.55  0.00000  0.0500  0.050
 2094  4.580  -31.50  0.00000  0.0500  0.050
 2095  4.580  -31.45  0.00000  0.0500  0.050
 2096  4.580  -31.40  0.00000  0.0500  0.050
 2097  4.580  -31.35  0.00000  0.0500  0.050
 2098  4.580  -31.30  0.00000  0.0500  0.050
 2099  4.580  -31.25  0.00000  0.0500  0.050
 2100  4.580  -31.20  0.00000  0.0500  0.050
 2101  4.580  -31.15  0.00000  0.0500  0.050
 2102  4.580  -31.10  0.00000  0.0500  0.050
 2103  4.580  -31.05  0.00000  0.0500  0.050
 2104  4.580  -31.00  0.00000  0.0500  0.050
 2105  4.580  -30.95  0.00000  0.0500  0.050
 2106  4.580  -30.90  0.00000  0.0500  0.050
 2107  4.580  -30.85  0.00000  0.0500  0.050
 2108  4.580  -30.80  0.00000  0.0500  0.050
 2109  4.580  -30.75  0.00000  0.0500  0.050
 2110  4.580  -30.70  0.00000  0.0500  0.050
 2111  4.580  -30.65  0.00000  0.0500  0.050
 2112  4.580  -30.60  0.00000  0.0500  0.050
 2113  4.580  -30.55  0.00000  0.0500  0.050
 2114  4.580  -30.50  0.00000  0.0500  0.050
 2115  4.580  -30.45  0.00000  0.0500  0.050
 2116  4.580  -30.40  0.00000  0.0500  0.050
 2117  4.580  -30.35  0.00000  0.0500  0.050
 2118  4.580  -30.30  0.00000  0.0500  0.050
 2119  4.580  -30.25  0.00000  0.0500  0.050
 2120  4.580  -30.20  0.00000  0.0500  0.050
 2121  4.580  -30.15  0.00000  0.0500  0.050
 2122  4.580  -30.10  0.00000  0.0500  0.050
 2123  4.580  -30.05  0.00000  0.0500  0.050
 2124  4.580  -30.00  0.00000  0.0500  0.050
 2125  4.580  -29.95  0.00000  0.0500  0.050
 2126  4.580  -29.90  0.00000  0.0500  0.050
 2127  4.580  -29.85  0.00000  0.0500  0.050
 2128  4.580  -29.80  0.00000  0.0500  0.050
 2129  4.580  -29.75  0.00000  0.0500  0.050
 2130  4.580  -29.70  0.00000  0.0500  0.050
 2131  4.580  -29.65  0.00000  0.0500  0.050
 2132  4.580  -29.60  0.00000  0.0500  0.050
 2133  4.580  -29.55  0.00000  0.0500  0.050
 2134  4.580  -29.50  0.00000  0.0500  0.050
 2135  4.580  -29.45  0.00000  0.0500  0.050
 2136  4.580  -29.40  0.00000  0.0500  0.050
 2137  4.580  -29.35  0.00000  0.0500  0.050
 2138  4.580  -29.30  0.00000  0.0500  0.050
 2139  4.580  -29.25  0.00000  0.0500  0.050
 2140  4.580  -29.20  0.00000  0.0500  0.050
 2141  4.580  -29.15  0.00000  0.0500  0.050
 2142  4.580  -29.10  0.00000  0.0500  0.050
 2143  4.580  -29.05  0.00000  0.0500  0.050
 2144  4.580  -29.00  0.00000  0.0500  0.050
 2145  4.580  -28.95  0.00000  0.0500  0.050
 2146  4.580  -28.90  0.00000  0.0500  0.050
 2147  4.580  -28.85  0.00000  0.0500  0.050
 2148  4.580  -28.80  0.00000  0.0500  0.050
 2149  4.580  -28.75  0.00000  0.0500  0.050
 2150  4.580  -28.70  0.00000  0.0500  0.050
 2151  4.630  -32.95  0.00000  0.0500  0.050
 2152  4.630  -32.90  0.00000  0.0500  0.050
 2153  4.630  -32.85  0.00000  0.0500  0.050
 2154  4.630  -32.80  0.00000  0.0500  0.050
 2155  4.630  -32.75  0.00000  0.0500  0.050
 2156  4.630  -32.70  0.00000  0.0500  0.050
 2157  4.630  -32.65  0.00000  0.0500  0.050
 2158  4.630  -32.60  0.00000  0.0500  0.050
 2159  4.630  -32.55  0.00000  0.0500  0.050
 2160  4.630  -32.50  0.00000  0.0500  0.050
 2161  4.630  -32.45  0.00000  0.0500  0.050
 2162  4.630  -32.40  0.00000  0.0500  0.050
 2163  4.630  -32.35  0.00000  0.0500  0.050
 2164  4.630  -32.30  0.00000  0.0500  0.050
 2165  4.630  -32.25  0.00000  0.0500  0.050
 2166  4.630  -32.20  0.00000  0.0500  0.050
 2167  4.630  -32.15  0.00000  0.0500  0.050
 2168  4.630  -32.10  0.00000  0.0500  0.050
 2169  4.630  -32.05  0.00000  0.0500  0.050
 2170  4.630  -32.00  0.00000  0.0500  0.050
 2171  4.630  -31.95  0.00000  0.0500  0.050
 2172  4.630  -31.90  0.00000  0.0500  0.050
 2173  4.630  -31.85  0.00000  0.0500  0.050
 2174  4.630  -31.80  0.00000  0.0500  0.050
 2175  4.630  -31.75  0.00000  0.0500  0.050
 2176  4.630  -31.70  0.00000  0.0500  0.050
 2177  4.630  -31.65  0.00000  0.0500  0.050
 2178  4.630  -31.60  0.00000  0.0500  0.050
 2179  4.630  -31.55  0.00000  0.0500  0.050
 2180  4.630  -31.50  0.00000  0.0500  0.050
 2181  4.630  -31.45  0.00000  0.0500  0.050
 2182  4.630  -31.40  0.00000  0.0500  0.050
 2183  4.630  -31.35  0.00000  0.0500  0.050
 2184  4.630  -31.30  0.00000  0.0500  0.050
 2185  4.630  -31.25  0.00000  0.0500  0.050
 2186  4.630  -31.20  0.00000  0.0500  0.050
 2187  4.630  -31.15  0.00000  0.0500  0.050
 2188  4.630  -31.10  0.00000  0.0500  0.050
 2189  4.630  -31.05  0.00000  0.0500  0.050
 2190  4.630  -31.00  1.00000  0.0500  0.050
 2191  4.630  -30.95  0.00000  0.0500  0.050
 2192  4.630  -30.90  0.00000  0.0500  0.050
 2193  4.630  -30.85  0.00000  0.0500  0.050
 2194  4.630  -30.80  0.00000  0.0500  0.050
 2195  4.630  -30.75  0.00000  0.0500  0.050
 2196  4.630  -30.70  0.00000  0.0500  0.050
 2197  4.630  -30.65  0.00000  0.0500  0.050
 2198  4.630  -30.60  0.00000  0.0500  0.050
 2199  4.630  -30.55  0.00000  0.0500  0.050
 2200  4.630  -30.50  0.00000  0.0500  0.050
 2201  4.630  -30.45  0.00000  0.0500  0.050
 2202  4.630  -30.40  0.00000  0.0500  0.050
 2203  4.630  -30.35  0.00000  0.0500  0.050
 2204  4.630  -30.30  0.00000  0.0500  0.050
 2205  4.630  -30.25  1.00000  0.0500  0.050
 2206  4.630  -30.20  0.00000  0.0500  0.050
 2207  4.630  -30.15  0.00000  0.0500  0.050
 2208  4.630  -30.10  0.00000  0.0500  0.050
 2209  4.630  -30.05  0.00000  0.0500  0.050
 2210  4.630  -30.00  0.00000  0.0500  0.050
 2211  4.630  -29.95  0.00000  0.0500  0.050
 2212  4.630  -29.90  0.00000  0.0500  0.050
 2213  4.630  -29.85  0.00000  0.0500  0.050
 2214  4.630  -29.80  0.00000  0.0500  0.050
 2215  4.630  -29.75  0.00000  0.0500  0.050
 2216  4.630  -29.70  0.00000  0.0500  0.050
 2217  4.630  -29.65  0.00000  0.0500  0.050
 2218  4.630  -29.60  0.00000  0.0500  0.050
 2219  4.630  -29.55  0.00000  0.0500  0.050
 2220  4.630  -29.50  0.00000  0.0500  0.050
 2221  4.630  -29.45  0.00000  0.0500  0.050
 2222  4.630  -29.40  0.00000  0.0500  0.050
 2223  4.630  -29.35  0.00000  0.0500  0.050
 2224  4.630  -29.30  0.00000  0.0500  0.050
 2225  4.630  -29.25  0.00000  0.0500  0.050
 2226  4.630  -29.20  0.00000  0.0500  0.050
 2227  4.630  -29.15  0.00000  0.0500  0.050
 2228  4.630  -29.10  0.00000  0.0500  0.050
 2229  4.630  -29.05  0.00000  0.0500  0.050
 2230  4.630  -29.00  0.00000  0.0500  0.050
 2231  4.630  -28.95  0.00000  0.0500  0.050
 2232  4.630  -28.90  0.00000  0.0500  0.050
 2233  4.630  -28.85  0.00000  0.0500  0.050
 2234  4.630  -28.80  0.00000  0.0500  0.050
 2235  4.630  -28.75  0.00000  0.0500  0.050
 2236  4.630  -28.70  0.00000  0.0500  0.050
 2237  4.680  -32.95  0.00000  0.0500  0.050
 2238  4.680  -32.90  0.00000  0.0500  0.050
 2239  4.680  -32.85  0.00000  0.0500  0.050
 2240  4.680  -32.80  0.00000  0.0500  0.050
 2241  4.680  -32.75  0.00000  0.0500  0.050
 2242  4.680  -32.70  0.00000  0.0500  0.050
 2243  4.680  -32.65  0.00000  0.0500  0.050
 2244  4.680  -32.60  0.00000  0.0500  0.050
 2245  4.680  -32.55  0.00000  0.0500  0.050
 2246  4.680  -32.50  0.00000  0.0500  0.050
 2247  4.680  -32.45  0.00000  0.0500  0.050
 2248  4.680  -32.40  0.00000  0.0500  0.050
 2249  4.680  -32.35  0.00000  0.0500  0.050
 2250  4.680  -32.30  0.00000  0.0500  0.050
 2251  4.680  -32.25  0.00000  0.0500  0.050
 2252  4.680  -32.20  0.00000  0.0500  0.050
 2253  4.680  -32.15  0.00000  0.0500  0.050
 2254  4.680  -32.10  0.00000  0.0500  0.050
 2255  4.680  -32.05  0.00000  0.0500  0.050
 2256  4.680  -32.00  0.00000  0.0500  0.050
 2257  4.680  -31.95  0.00000  0.0500  0.050
 2258  4.680  -31.90  0.00000  0.0500  0.050
 2259  4.680  -31.85  0.00000  0.0500  0.050
 2260  4.680  -31.80  0.00000  0.0500  0.050
 2261  4.680  -31.75  0.00000  0.0500  0.050
 2262  4.680  -31.70  0.00000  0.0500  0.050
 2263  4.680  -31.65  0.00000  0.0500  0.050
 2264  4.680  -31.60  0.00000  0.0500  0.050
 2265  4.680  -31.55  0.00000  0.0500  0.050
 2266  4.680  -31.50  0.00000  0.0500  0.050
 2267  4.680  -31.45  0.00000  0.0500  0.050
 2268  4.680  -31.40  0.00000  0.0500  0.050
 2269  4.680  -31.35  0.00000  0.0500  0.050
 2270  4.680  -31.30  0.00000  0.0500  0.050
 2271  4.680  -31.25  0.00000  0.0500  0.050
 2272  4.680  -31.20  0.00000  0.0500  0.050
 2273  4.680  -31.15  0.00000  0.0500  0.050
 2274  4.680  -31.10  0.00000  0.0500  0.050
 2275  4.680  -31.05  0.00000  0.0500  0.050
 2276  4.680  -31.00  0.00000  0.0500  0.050
 2277  4.680  -30.95  0.00000  0.0500  0.050
 2278  4.680  -30.90  0.00000  0.0500  0.050
 2279  4.680  -30.85  0.00000  0.0500  0.050
 2280  4.680  -30.80  0.00000  0.0500  0.050
 2281  4.680  -30.75  0.00000  0.0500  0.050
 2282  4.680  -30.70  0.00000  0.0500  0.050
 2283  4.680  -30.65  0.00000  0.0500  0.050
 2284  4.680  -30.60  0.00000  0.0500  0.050
 2285  4.680  -30.55  0.00000  0.0500  0.050
 2286  4.680  -30.50  0.00000  0.0500  0.050
 2287  4.680  -30.45  0.00000  0.0500  0.050
 2288  4.680  -30.40  0.00000  0.0500  0.050
 2289  4.680  -30.35  0.00000  0.0500  0.050
 2290  4.680  -30.30  0.00000  0.0500  0.050
 2291  4.680  -30.25  0.00000  0.0500  0.050
 2292  4.680  -30.20  0.00000  0.0500  0.050
 2293  4.680  -30.15  0.00000  0.0500  0.050
 2294  4.680  -30.10  0.00000  0.0500  0.050
 2295  4.680  -30.05  0.00000  0.0500  0.050
 2296  4.680  -30.00  0.00000  0.0500  0.050
 2297  4.680  -29.95  0.00000  0.0500  0.050
 2298  4.680  -29.90  0.00000  0.0500  0.050
 2299  4.680  -29.85  0.00000  0.0500  0.050
 2300  4.680  -29.80  0.00000  0.0500  0.050
 2301  4.680  -29.75  0.00000  0.0500  0.050
 2302  4.680  -29.70  0.00000  0.0500  0.050
 2303  4.680  -29.65  0.00000  0.0500  0.050
 2304  4.680  -29.60  0.00000  0.0500  0.050
 2305  4.680  -29.55  0.00000  0.0500  0.050
 2306  4.680  -29.50  0.00000  0.0500  0.050
 2307  4.680  -29.45  0.00000  0.0500  0.050
 2308  4.680  -29.40  0.00000  0.0500  0.050
 2309  4.680  -29.35  0.00000  0.0500  0.050
 2310  4.680  -29.30  1.00000  0.0500  0.050
 2311  4.680  -29.25  0.00000  0.0500  0.050
 2312  4.680  -29.20  0.00000  0.0500  0.050
 2313  4.680  -29.15  0.00000  0.0500  0.050
 2314  4.680  -29.10  0.00000  0.0500  0.050
 2315  4.680  -29.05  0.00000  0.0500  0.050
 2316  4.680  -29.00  0.00000  0.0500  0.050
 2317  4.680  -28.95  0.00000  0.0500  0.050
 2318  4.680  -28.90  0.00000  0.0500  0.050
 2319  4.680  -28.85  0.00000  0.0500  0.050
 2320  4.680  -28.80  0.00000  0.0500  0.050
 2321  4.680  -28.75  0.00000  0.0500  0.050
 2322  4.680  -28.70  0.00000  0.0500  0.050
 2323  4.730  -32.95  0.00000  0.0500  0.050
 2324  4.730  -32.90  0.00000  0.0500  0.050
 2325  4.730  -32.85  0.00000  0.0500  0.050
 2326  4.730  -32.80  0.00000  0.0500  0.050
 2327  4.730  -32.75  0.00000  0.0500  0.050
 2328  4.730  -32.70  0.00000  0.0500  0.050
 2329  4.730  -32.65  0.00000  0.0500  0.050
 2330  4.730  -32.60  0.00000  0.0500  0.050
 2331  4.730  -32.55  0.00000  0.0500  0.050
 2332  4.730  -32.50  0.00000  0.0500  0.050
 2333  4.730  -32.45  0.00000  0.0500  0.050
 2334  4.730  -32.40  0.00000  0.0500  0.050
 2335  4.730  -32.35  0.00000  0.0500  0.050
 2336  4.730  -32.30  0.00000  0.0500  0.050
 2337  4.730  -32.25  0.00000  0.0500  0.050
 2338  4.730  -32.20  0.00000  0.0500  0.050
 2339  4.730  -32.15  0.00000  0.0500  0.050
 2340  4.730  -32.10  0.00000  0.0500  0.050
 2341  4.730  -32.05  0.00000  0.0500  0.050
 2342  4.730  -32.00  0.00000  0.0500  0.050
 2343  4.730  -31.95  0.00000  0.0500  0.050
 2344  4.730  -31.90  0.00000  0.0500  0.050
 2345  4.730  -31.85  0.00000  0.0500  0.050
 2346  4.730  -31.80  0.00000  0.0500  0.050
 2347  4.730  -31.75  0.00000  0.0500  0.050
 2348  4.730  -31.70  0.00000  0.0500  0.050
 2349  4.730  -31.65  0.00000  0.0500  0.050
 2350  4.730  -31.60  0.00000  0.0500  0.050
 2351  4.730  -31.55  0.00000  0.0500  0.050
 2352  4.730  -31.50  0.00000  0.0500  0.050
 2353  4.730  -31.45  0.00000  0.0500  0.050
 2354  4.730  -31.40  0.00000  0.0500  0.050
 2355  4.730  -31.35  0.00000  0.0500  0.050
 2356  4.730  -31.30  0.00000  0.0500  0.050
 2357  4.730  -31.25  0.00000  0.0500  0.050
 2358  4.730  -31.20  0.00000  0.0500  0.050
 2359  4.730  -31.15  0.00000  0.0500  0.050
 2360  4.730  -31.10  0.00000  0.0500  0.050
 2361  4.730  -31.05  0.00000  0.0500  0.050
 2362  4.730  -31.00  0.00000  0.0500  0.050
 2363  4.730  -30.95  0.00000  0.0500  0.050
 2364  4.730  -30.90  0.00000  0.0500  0.050
 2365  4.730  -30.85  0.00000  0.0500  0.050
 2366  4.730  -30.80  0.00000  0.0500  0.050
 2367  4.730  -30.75  0.00000  0.0500  0.050
 2368  4.730  -30.70  0.00000  0.0500  0.050
 2369  4.730  -30.65  0.00000  0.0500  0.050
 2370  4.730  -30.60  0.00000  0.0500  0.050
 2371  4.730  -30.55  0.00000  0.0500  0.050
 2372  4.730  -30.50  0.00000  0.0500  0.050
 2373  4.730  -30.45  0.00000  0.0500  0.050
 2374  4.730  -30.40  0.00000  0.0500  0.050
 2375  4.730  -30.35  0.00000  0.0500  0.050
 2376  4.730  -30.30  0.00000  0.0500  0.050
 2377  4.730  -30.25  1.00000  0.0500  0.050
 2378  4.730  -30.20  0.00000  0.0500  0.050
 2379  4.730  -30.15  0.00000  0.0500  0.050
 2380  4.730  -30.10  0.00000  0.0500  0.050
 2381  4.730  -30.05  0.00000  0.0500  0.050
 2382  4.730  -30.00  1.00000  0.0500  0.050
 2383  4.730  -29.95  0.00000  0.0500  0.050
 2384  4.730  -29.90  0.00000  0.0500  0.050
 2385  4.730  -29.85  0.00000  0.0500  0.050
 2386  4.730  -29.80  0.00000  0.0500  0.050
 2387  4.730  -29.75  0.00000  0.0500  0.050
 2388  4.730  -29.70  0.00000  0.0500  0.050
 2389  4.730  -29.65  0.00000  0.0500  0.050
 2390  4.730  -29.60  0.00000  0.0500  0.050
 2391  4.730  -29.55  0.00000  0.0500  0.050
 2392  4.730  -29.50  0.00000  0.0500  0.050
 2393  4.730  -29.45  0.00000  0.0500  0.050
 2394  4.730  -29.40  0.00000  0.0500  0.050
 2395  4.730  -29.35  0.00000  0.0500  0.050
 2396  4.730  -29.30  0.00000  0.0500  0.050
 2397  4.730  -29.25  0.00000  0.0500  0.050
 2398  4.730  -29.20  0.00000  0.0500  0.050
 2399  4.730  -29.15  0.00000  0.0500  0.050
 2400  4.730  -29.10  0.00000  0.0500  0.050
 2401  4.730  -29.05  0.00000  0.0500  0.050
 2402  4.730  -29.00  0.00000  0.0500  0.050
 2403  4.730  -28.95  0.00000  0.0500  0.050
 2404  4.730  -28.90  0.00000  0.0500  0.050
 2405  4.730  -28.85  0.00000  0.0500  0.050
 2406  4.730  -28.80  0.00000  0.0500  0.050
 2407  4.730  -28.75  0.00000  0.0500  0.050
 2408  4.730  -28.70  0.00000  0.0500  0.050
 2409  4.780  -32.95  0.00000  0.0500  0.050
 2410  4.780  -32.90  0.00000  0.0500  0.050
 2411  4.780  -32.85  0.00000  0.0500  0.050
 2412  4.780  -32.80  0.00000  0.0500  0.050
 2413  4.780  -32.75  0.00000  0.0500  0.050
 2414  4.780  -32.70  0.00000  0.0500  0.050
 2415  4.780  -32.65  0.00000  0.0500  0.050
 2416  4.780  -32.60  0.00000  0.0500  0.050
 2417  4.780  -32.55  0.00000  0.0500  0.050
 2418  4.780  -32.50  0.00000  0.0500  0.050
 2419  4.780  -32.45  0.00000  0.0500  0.050
 2420  4.780  -32.40  0.00000  0.0500  0.050
 2421  4.780  -32.35  0.00000  0.0500  0.050
 2422  4.780  -32.30  0.00000  0.0500  0.050
 2423  4.780  -32.25  0.00000  0.0500  0.050
 2424  4.780  -32.20  0.00000  0.0500  0.050
 2425  4.780  -32.15  0.00000  0.0500  0.050
 2426  4.780  -32.10  0.00000  0.0500  0.050
 2427  4.780  -32.05  0.00000  0.0500  0.050
 2428  4.780  -32.00  0.00000  0.0500  0.050
 2429  4.780  -31.95  0.00000  0.0500  0.050
 2430  4.780  -31.90  0.00000  0.0500  0.050
 2431  4.780  -31.85  0.00000  0.0500  0.050
 2432  4.780  -31.80  0.00000  0.0500  0.050
 2433  4.780  -31.75  0.00000  0.0500  0.050
 2434  4.780  -31.70  0.00000  0.0500  0.050
 2435  4.780  -31.65  0.00000  0.0500  0.050
 2436  4.780  -31.60  0.00000  0.0500  0.050
 2437  4.780  -31.55  0.00000  0.0500  0.050
 2438  4.780  -31.50  0.00000  0.0500  0.050
 2439  4.780  -31.45  0.00000  0.0500  0.050
 2440  4.780  -31.40  0.00000  0.0500  0.050
 2441  4.780  -31.35  0.00000  0.0500  0.050
 2442  4.780  -31.30  0.00000  0.0500  0.050
 2443  4.780  -31.25  0.00000  0.0500  0.050
 2444  4.780  -31.20  0.00000  0.0500  0.050
 2445  4.780  -31.15  0.00000  0.0500  0.050
 2446  4.780  -31.10  0.00000  0.0500  0.050
 2447  4.780  -31.05  0.00000  0.0500  0.050
 2448  4.780  -31.00  0.00000  0.0500  0.050
 2449  4.780  -30.95  0.00000  0.0500  0.050
 2450  4.780  -30.90  0.00000  0.0500  0.050
 2451  4.780  -30.85  0.00000  0.0500  0.050
 2452  4.780  -30.80  0.00000  0.0500  0.050
 2453  4.780  -30.75  0.00000  0.0500  0.050
 2454  4.780  -30.70  0.00000  0.0500  0.050
 2455  4.780  -30.65  0.00000  0.0500  0.050
 2456  4.780  -30.60  0.00000  0.0500  0.050
 2457  4.780  -30.55  0.00000  0.0500  0.050
 2458  4.780  -30.50  0.00000  0.0500  0.050
 2459  4.780  -30.45  0.00000  0.0500  0.050
 2460  4.780  -30.40  0.00000  0.0500  0.050
 2461  4.780  -30.35  0.00000  0.0500  0.050
 2462  4.780  -30.30  0.00000  0.0500  0.050
 2463  4.780  -30.25  0.00000  0.0500  0.050
 2464  4.780  -30.20  0.00000  0.0500  0.050
 2465  4.780  -30.15  0.00000  0.0500  0.050
 2466  4.780  -30.10  0.00000  0.0500  0.050
 2467  4.780  -30.05  0.00000  0.0500  0.050
 2468  4.780  -30.00  0.00000  0.0500  0.050
 2469  4.780  -29.95  0.00000  0.0500  0.050
 2470  4.780  -29.90  0.00000  0.0500  0.050
 2471  4.780  -29.85  0.00000  0.0500  0.050
 2472  4.780  -29.80  0.00000  0.0500  0.050
 2473  4.780  -29.75  0.00000  0.0500  0.050
 2474  4.780  -29.70  0.00000  0.0500  0.050
 2475  4.780  -29.65  0.00000  0.0500  0.050
 2476  4.780  -29.60  0.00000  0.0500  0.050
 2477  4.780  -29.55  0.00000  0.0500  0.050
 2478  4.780  -29.50  0.00000  0.0500  0.050
 2479  4.780  -29.45  0.00000  0.0500  0.050
 2480  4.780  -29.40  0.00000  0.0500  0.050
 2481  4.780  -29.35  0.00000  0.0500  0.050
 2482  4.780  -29.30  0.00000  0.0500  0.050
 2483  4.780  -29.25  0.00000  0.0500  0.050
 2484  4.780  -29.20  0.00000  0.0500  0.050
 2485  4.780  -29.15  0.00000  0.0500  0.050
 2486  4.780  -29.10  0.00000  0.0500  0.050
 2487  4.780  -29.05  0.00000  0.0500  0.050
 2488  4.780  -29.00  0.00000  0.0500  0.050
 2489  4.780  -28.95  0.00000  0.0500  0.050
 2490  4.780  -28.90  0.00000  0.0500  0.050
 2491  4.780  -28.85  0.00000  0.0500  0.050
 2492  4.780  -28.80  0.00000  0.0500  0.050
 2493  4.780  -28.75  0.00000  0.0500  0.050
 2494  4.780  -28.70  0.00000  0.0500  0.050
 2495  4.830  -32.95  0.00000  0.0500  0.050
 2496  4.830  -32.90  0.00000  0.0500  0.050
 2497  4.830  -32.85  0.00000  0.0500  0.050
 2498  4.830  -32.80  0.00000  0.0500  0.050
 2499  4.830  -32.75  0.00000  0.0500  0.050
 2500  4.830  -32.70  0.00000  0.0500  0.050
 2501  4.830  -32.65  0.00000  0.0500  0.050
 2502  4.830  -32.60  0.00000  0.0500  0.050
 2503  4.830  -32.55  0.00000  0.0500  0.050
 2504  4.830  -32.50  0.00000  0.0500  0.050
 2505  4.830  -32.45  0.00000  0.0500  0.050
 2506  4.830  -32.40  0.00000  0.0500  0.050
 2507  4.830  -32.35  0.00000  0.0500  0.050
 2508  4.830  -32.30  0.00000  0.0500  0.050
 2509  4.830  -32.25  0.00000  0.0500  0.050
 2510  4.830  -32.20  0.00000  0.0500  0.050
 2511  4.830  -32.15  0.00000  0.0500  0.050
 2512  4.830  -32.10  0.00000  0.0500  0.050
 2513  4.830  -32.05  0.00000  0.0500  0.050
 2514  4.830  -32.00  0.00000  0.0500  0.050
 2515  4.830  -31.95  0.00000  0.0500  0.050
 2516  4.830  -31.90  0.00000  0.0500  0.050
 2517  4.830  -31.85  0.00000  0.0500  0.050
 2518  4.830  -31.80  0.00000  0.0500  0.050
 2519  4.830  -31.75  0.00000  0.0500  0.050
 2520  4.830  -31.70  0.00000  0.0500  0.050
 2521  4.830  -31.65  0.00000  0.0500  0.050
 2522  4.830  -31.60  0.00000  0.0500  0.050
 2523  4.830  -31.55  0.00000  0.0500  0.050
 2524  4.830  -31.50  0.00000  0.0500  0.050
 2525  4.830  -31.45  0.00000  0.0500  0.050
 2526  4.830  -31.40  0.00000  0.0500  0.050
 2527  4.830  -31.35  0.00000  0.0500  0.050
 2528  4.830  -31.30  0.00000  0.0500  0.050
 2529  4.830  -31.25  0.00000  0.0500  0.050
 2530  4.830  -31.20  0.00000  0.0500  0.050
 2531  4.830  -31.15  0.00000  0.0500  0.050
 2532  4.830  -31.10  0.00000  0.0500  0.050
 2533  4.830  -31.05  0.00000  0.0500  0.050
 2534  4.830  -31.00  0.00000  0.0500  0.050
 2535  4.830  -30.95  0.00000  0.0500  0.050
 2536  4.830  -30.90  0.00000  0.0500  0.050
 2537  4.830  -30.85  0.00000  0.0500  0.050
 2538  4.830  -30.80  0.00000  0.0500  0.050
 2539  4.830  -30.75  0.00000  0.0500  0.050
 2540  4.830  -30.70  0.00000  0.0500  0.050
 2541  4.830  -30.65  0.00000  0.0500  0.050
 2542  4.830  -30.60  0.00000  0.0500  0.050
 2543  4.830  -30.55  0.00000  0.0500  0.050
 2544  4.830  -30.50  0.00000  0.0500  0.050
 2545  4.830  -30.45  0.00000  0.0500  0.050
 2546  4.830  -30.40  0.00000  0.0500  0.050
 2547  4.830  -30.35  0.00000  0.0500  0.050
 2548  4.830  -30.30  0.00000  0.0500  0.050
 2549  4.830  -30.25  0.00000  0.0500  0.050
 2550  4.830  -30.20  0.00000  0.0500  0.050
 2551  4.830  -30.15  0.00000  0.0500  0.050
 2552  4.830  -30.10  0.00000  0.0500  0.050
 2553  4.830  -30.05  0.00000  0.0500  0.050
 2554  4.830  -30.00  0.00000  0.0500  0.050
 2555  4.830  -29.95  0.00000  0.0500  0.050
 2556  4.830  -29.90  0.00000  0.0500  0.050
 2557  4.830  -29.85  0.00000  0.0500  0.050
 2558  4.830  -29.80  0.00000  0.0500  0.050
 2559  4.830  -29.75  0.00000  0.0500  0.050
 2560  4.830  -29.70  0.00000  0.0500  0.050
 2561  4.830  -29.65  0.00000  0.0500  0.050
 2562  4.830  -29.60  0.00000  0.0500  0.050
 2563  4.830  -29.55  1.00000  0.0500  0.050
 2564  4.830  -29.50  0.00000  0.0500  0.050
 2565  4.830  -29.45  0.00000  0.0500  0.050
 2566  4.830  -29.40  0.00000  0.0500  0.050
 2567  4.830  -29.35  0.00000  0.0500  0.050
 2568  4.830  -29.30  0.00000  0.0500  0.050
 2569  4.830  -29.25  0.00000  0.0500  0.050
 2570  4.830  -29.20  0.00000  0.0500  0.050
 2571  4.830  -29.15  0.00000  0.0500  0.050
 2572  4.830  -29.10  0.00000  0.0500  0.050
 2573  4.830  -29.05  0.00000  0.0500  0.050
 2574  4.830  -29.00  0.00000  0.0500  0.050
 2575  4.830  -28.95  0.00000  0.0500  0.050
 2576  4.830  -28.90  0.00000  0.0500  0.050
 2577  4.830  -28.85  0.00000  0.0500  0.050
 2578  4.830  -28.80  0.00000  0.0500  0.050
 2579  4.830  -28.75  0.00000  0.0500  0.050
 2580  4.830  -28.70  0.00000  0.0500  0.050
 2581  4.880  -32.95  0.00000  0.0500  0.050
 2582  4.880  -32.90  0.00000  0.0500  0.050
 2583  4.880  -32.85  0.00000  0.0500  0.050
 2584  4.880  -32.80  0.00000  0.0500  0.050
 2585  4.880  -32.75  0.00000  0.0500  0.050
 2586  4.880  -32.70  0.00000  0.0500  0.050
 2587  4.880  -32.65  0.00000  0.0500  0.050
 2588  4.880  -32.60  0.00000  0.0500  0.050
 2589  4.880  -32.55  0.00000  0.0500  0.050
 2590  4.880  -32.50  0.00000  0.0500  0.050
 2591  4.880  -32.45  0.00000  0.0500  0.050
 2592  4.880  -32.40  0.00000  0.0500  0.050
 2593  4.880  -32.35  0.00000  0.0500  0.050
 2594  4.880  -32.30  0.00000  0.0500  0.050
 2595  4.880  -32.25  0.00000  0.0500  0.050
 2596  4.880  -32.20  0.00000  0.0500  0.050
 2597  4.880  -32.15  0.00000  0.0500  0.050
 2598  4.880  -32.10  0.00000  0.0500  0.050
 2599  4.880  -32.05  0.00000  0.0500  0.050
 2600  4.880  -32.00  0.00000  0.0500  0.050
 2601  4.880  -31.95  0.00000  0.0500  0.050
 2602  4.880  -31.90  0.00000  0.0500  0.050
 2603  4.880  -31.85  0.00000  0.0500  0.050
 2604  4.880  -31.80  0.00000  0.0500  0.050
 2605  4.880  -31.75  0.00000  0.0500  0.050
 2606  4.880  -31.70  0.00000  0.0500  0.050
 2607  4.880  -31.65  0.00000  0.0500  0.050
 2608  4.880  -31.60  0.00000  0.0500  0.050
 2609  4.880  -31.55  0.00000  0.0500  0.050
 2610  4.880  -31.50  0.00000  0.0500  0.050
 2611  4.880  -31.45  0.00000  0.0500  0.050
 2612  4.880  -31.40  0.00000  0.0500  0.050
 2613  4.880  -31.35  0.00000  0.0500  0.050
 2614  4.880  -31.30  0.00000  0.0500  0.050
 2615  4.880  -31.25  0.00000  0.0500  0.050
 2616  4.880  -31.20  0.00000  0.0500  0.050
 2617  4.880  -31.15  0.00000  0.0500  0.050
 2618  4.880  -31.10  0.00000  0.0500  0.050
 2619  4.880  -31.05  0.00000  0.0500  0.050
 2620  4.880  -31.00  0.00000  0.0500  0.050
 2621  4.880  -30.95  0.00000  0.0500  0.050
 2622  4.880  -30.90  0.00000  0.0500  0.050
 2623  4.880  -30.85  0.00000  0.0500  0.050
 2624  4.880  -30.80  0.00000  0.0500  0.050
 2625  4.880  -30.75  0.00000  0.0500  0.050
 2626  4.880  -30.70  0.00000  0.0500  0.050
 2627  4.880  -30.65  0.00000  0.0500  0.050
 2628  4.880  -30.60  0.00000  0.0500  0.050
 2629  4.880  -30.55  0.00000  0.0500  0.050
 2630  4.880  -30.50  0.00000  0.0500  0.050
 2631  4.880  -30.45  0.00000  0.0500  0.050
 2632  4.880  -30.40  0.00000  0.0500  0.050
 2633  4.880  -30.35  0.00000  0.0500  0.050
 2634  4.880  -30.30  0.00000  0.0500  0.050
 2635  4.880  -30.25  0.00000  0.0500  0.050
 2636  4.880  -30.20  0.00000  0.0500  0.050
 2637  4.880  -30.15  0.00000  0.0500  0.050
 2638  4.880  -30.10  0.00000  0.0500  0.050
 2639  4.880  -30.05  0.00000  0.0500  0.050
 2640  4.880  -30.00  0.00000  0.0500  0.050
 2641  4.880  -29.95  0.00000  0.0500  0.050
 2642  4.880  -29.90  0.00000  0.0500  0.050
 2643  4.880  -29.85  0.00000  0.0500  0.050
 2644  4.880  -29.80  0.00000  0.0500  0.050
 2645  4.880  -29.75  0.00000  0.0500  0.050
 2646  4.880  -29.70  0.00000  0.0500  0.050
 2647  4.880  -29.65  0.00000  0.0500  0.050
 2648  4.880  -29.60  0.00000  0.0500  0.050
 2649  4.880  -29.55  0.00000  0.0500  0.050
 2650  4.880  -29.50  0.00000  0.0500  0.050
 2651  4.880  -29.45  0.00000  0.0500  0.050
 2652  4.880  -29.40  0.00000  0.0500  0.050
 2653  4.880  -29.35  0.00000  0.0500  0.050
 2654  4.880  -29.30  0.00000  0.0500  0.050
 2655  4.880  -29.25  0.00000  0.0500  0.050
 2656  4.880  -29.20  0.00000  0.0500  0.050
 2657  4.880  -29.15  0.00000  0.0500  0.050
 2658  4.880  -29.10  0.00000  0.0500  0.050
 2659  4.880  -29.05  0.00000  0.0500  0.050
 2660  4.880  -29.00  0.00000  0.0500  0.050
 2661  4.880  -28.95  0.00000  0.0500  0.050
 2662  4.880  -28.90  0.00000  0.0500  0.050
 2663  4.880  -28.85  0.00000  0.0500  0.050
 2664  4.880  -28.80  0.00000  0.0500  0.050
 2665  4.880  -28.75  0.00000  0.0500  0.050
 2666  4.880  -28.70  0.00000  0.0500  0.050
 2667  4.930  -32.95  0.00000  0.0500  0.050
 2668  4.930  -32.90  0.00000  0.0500  0.050
 2669  4.930  -32.85  0.00000  0.0500  0.050
 2670  4.930  -32.80  0.00000  0.0500  0.050
 2671  4.930  -32.75  0.00000  0.0500  0.050
 2672  4.930  -32.70  0.00000  0.0500  0.050
 2673  4.930  -32.65  0.00000  0.0500  0.050
 2674  4.930  -32.60  0.00000  0.0500  0.050
 2675  4.930  -32.55  0.00000  0.0500  0.050
 2676  4.930  -32.50  0.00000  0.0500  0.050
 2677  4.930  -32.45  0.00000  0.0500  0.050
 2678  4.930  -32.40  0.00000  0.0500  0.050
 2679  4.930  -32.35  0.00000  0.0500  0.050
 2680  4.930  -32.30  0.00000  0.0500  0.050
 2681  4.930  -32.25  0.00000  0.0500  0.050
 2682  4.930  -32.20  0.00000  0.0500  0.050
 2683  4.930  -32.15  0.00000  0.0500  0.050
 2684  4.930  -32.10  0.00000  0.0500  0.050
 2685  4.930  -32.05  0.00000  0.0500  0.050
 2686  4.930  -32.00  0.00000  0.0500  0.050
 2687  4.930  -31.95  0.00000  0.0500  0.050
 2688  4.930  -31.90  0.00000  0.0500  0.050
 2689  4.930  -31.85  0.00000  0.0500  0.050
 2690  4.930  -31.80  0.00000  0.0500  0.050
 2691  4.930  -31.75  0.00000  0.0500  0.050
 2692  4.930  -31.70  0.00000  0.0500  0.050
 2693  4.930  -31.65  0.00000  0.0500  0.050
 2694  4.930  -31.60  0.00000  0.0500  0.050
 2695  4.930  -31.55  0.00000  0.0500  0.050
 2696  4.930  -31.50  0.00000  0.0500  0.050
 2697  4.930  -31.45  0.00000  0.0500  0.050
 2698  4.930  -31.40  0.00000  0.0500  0.050
 2699  4.930  -31.35  0.00000  0.0500  0.050
 2700  4.930  -31.30  0.00000  0.0500  0.050
 2701  4.930  -31.25  0.00000  0.0500  0.050
 2702  4.930  -31.20  0.00000  0.0500  0.050
 2703  4.930  -31.15  0.00000  0.0500  0.050
 2704  4.930  -31.10  0.00000  0.0500  0.050
 2705  4.930  -31.05  0.00000  0.0500  0.050
 2706  4.930  -31.00  0.00000  0.0500  0.050
 2707  4.930  -30.95  0.00000  0.0500  0.050
 2708  4.930  -30.90  0.00000  0.0500  0.050
 2709  4.930  -30.85  0.00000  0.0500  0.050
 2710  4.930  -30.80  0.00000  0.0500  0.050
 2711  4.930  -30.75  0.00000  0.0500  0.050
 2712  4.930  -30.70  0.00000  0.0500  0.050
 2713  4.930  -30.65  0.00000  0.0500  0.050
 2714  4.930  -30.60  0.00000  0.0500  0.050
 2715  4.930  -30.55  0.00000  0.0500  0.050
 2716  4.930  -30.50  0.00000  0.0500  0.050
 2717  4.930  -30.45  0.00000  0.0500  0.050
 2718  4.930  -30.40  0.00000  0.0500  0.050
 2719  4.930  -30.35  0.00000  0.0500  0.050
 2720  4.930  -30.30  0.00000  0.0500  0.050
 2721  4.930  -30.25  0.00000  0.0500  0.050
 2722  4.930  -30.20  0.00000  0.0500  0.050
 2723  4.930  -30.15  0.00000  0.0500  0.050
 2724  4.930  -30.10  0.00000  0.0500  0.050
 2725  4.930  -30.05  0.00000  0.0500  0.050
 2726  4.930  -30.00  0.00000  0.0500  0.050
 2727  4.930  -29.95  0.00000  0.0500  0.050
 2728  4.930  -29.90  0.00000  0.0500  0.050
 2729  4.930  -29.85  0.00000  0.0500  0.050
 2730  4.930  -29.80  0.00000  0.0500  0.050
 2731  4.930  -29.75  0.00000  0.0500  0.050
 2732  4.930  -29.70  0.00000  0.0500  0.050
 2733  4.930  -29.65  0.00000  0.0500  0.050
 2734  4.930  -29.60  0.00000  0.0500  0.050
 2735  4.930  -29.55  0.00000  0.0500  0.050
 2736  4.930  -29.50  0.00000  0.0500  0.050
 2737  4.930  -29.45  0.00000  0.0500  0.050
 2738  4.930  -29.40  0.00000  0.0500  0.050
 2739  4.930  -29.35  0.00000  0.0500  0.050
 2740  4.930  -29.30  0.00000  0.0500  0.050
 2741  4.930  -29.25  0.00000  0.0500  0.050
 2742  4.930  -29.20  0.00000  0.0500  0.050
 2743  4.930  -29.15  0.00000  0.0500  0.050
 2744  4.930  -29.10  0.00000  0.0500  0.050
 2745  4.930  -29.05  0.00000  0.0500  0.050
 2746  4.930  -29.00  0.00000  0.0500  0.050
 2747  4.930  -28.95  0.00000  0.0500  0.050
 2748  4.930  -28.90  0.00000  0.0500  0.050
 2749  4.930  -28.85  0.00000  0.0500  0.050
 2750  4.930  -28.80  0.00000  0.0500  0.050
 2751  4.930  -28.75  0.00000  0.0500  0.050
 2752  4.930  -28.70  0.00000  0.0500  0.050
 2753  4.980  -32.95  0.00000  0.0500  0.050
 2754  4.980  -32.90  0.00000  0.0500  0.050
 2755  4.980  -32.85  0.00000  0.0500  0.050
 2756  4.980  -32.80  0.00000  0.0500  0.050
 2757  4.980  -32.75  0.00000  0.0500  0.050
 2758  4.980  -32.70  0.00000  0.0500  0.050
 2759  4.980  -32.65  0.00000  0.0500  0.050
 2760  4.980  -32.60  0.00000  0.0500  0.050
 2761  4.980  -32.55  0.00000  0.0500  0.050
 2762  4.980  -32.50  0.00000  0.0500  0.050
 2763  4.980  -32.45  0.00000  0.0500  0.050
 2764  4.980  -32.40  0.00000  0.0500  0.050
 2765  4.980  -32.35  0.00000  0.0500  0.050
 2766  4.980  -32.30  0.00000  0.0500  0.050
 2767  4.980  -32.25  0.00000  0.0500  0.050
 2768  4.980  -32.20  0.00000  0.0500  0.050
 2769  4.980  -32.15  0.00000  0.0500  0.050
 2770  4.980  -32.10  0.00000  0.0500  0.050
 2771  4.980  -32.05  0.00000  0.0500  0.050
 2772  4.980  -32.00  0.00000  0.0500  0.050
 2773  4.980  -31.95  0.00000  0.0500  0.050
 2774  4.980  -31.90  0.00000  0.0500  0.050
 2775  4.980  -31.85  0.00000  0.0500  0.050
 2776  4.980  -31.80  0.00000  0.0500  0.050
 2777  4.980  -31.75  0.00000  0.0500  0.050
 2778  4.980  -31.70  0.00000  0.0500  0.050
 2779  4.980  -31.65  0.00000  0.0500  0.050
 2780  4.980  -31.60  0.00000  0.0500  0.050
 2781  4.980  -31.55  0.00000  0.0500  0.050
 2782  4.980  -31.50  0.00000  0.0500  0.050
 2783  4.980  -31.45  0.00000  0.0500  0.050
 2784  4.980  -31.40  0.00000  0.0500  0.050
 2785  4.980  -31.35  0.00000  0.0500  0.050
 2786  4.980  -31.30  0.00000  0.0500  0.050
 2787  4.980  -31.25  0.00000  0.0500  0.050
 2788  4.980  -31.20  0.00000  0.0500  0.050
 2789  4.980  -31.15  0.00000  0.0500  0.050
 2790  4.980  -31.10  0.00000  0.0500  0.050
 2791  4.980  -31.05  0.00000  0.0500  0.050
 2792  4.980  -31.00  0.00000  0.0500  0.050
 2793  4.980  -30.95  0.00000  0.0500  0.050
 2794  4.980  -30.90  0.00000  0.0500  0.050
 2795  4.980  -30.85  0.00000  0.0500  0.050
 2796  4.980  -30.80  0.00000  0.0500  0.050
 2797  4.980  -30.75  0.00000  0.0500  0.050
 2798  4.980  -30.70  0.00000  0.0500  0.050
 2799  4.980  -30.65  0.00000  0.0500  0.050
 2800  4.980  -30.60  0.00000  0.0500  0.050
 2801  4.980  -30.55  0.00000  0.0500  0.050
 2802  4.980  -30.50  0.00000  0.0500  0.050
 2803  4.980  -30.45  0.00000  0.0500  0.050
 2804  4.980  -30.40  0.00000  0.0500  0.050
 2805  4.980  -30.35  0.00000  0.0500  0.050
 2806  4.980  -30.30  0.00000  0.0500  0.050
 2807  4.980  -30.25  0.00000  0.0500  0.050
 2808  4.980  -30.20  0.00000  0.0500  0.050
 2809  4.980  -30.15  0.00000  0.0500  0.050
 2810  4.980  -30.10  0.00000  0.0500  0.050
 2811  4.980  -30.05  0.00000  0.0500  0.050
 2812  4.980  -30.00  0.00000  0.0500  0.050
 2813  4.980  -29.95  0.00000  0.0500  0.050
 2814  4.980  -29.90  0.00000  0.0500  0.050
 2815  4.980  -29.85  0.00000  0.0500  0.050
 2816  4.980  -29.80  0.00000  0.0500  0.050
 2817  4.980  -29.75  0.00000  0.0500  0.050
 2818  4.980  -29.70  0.00000  0.0500  0.050
 2819  4.980  -29.65  0.00000  0.0500  0.050
 2820  4.980  -29.60  0.00000  0.0500  0.050
 2821  4.980  -29.55  0.00000  0.0500  0.050
 2822  4.980  -29.50  0.00000  0.0500  0.050
 2823  4.980  -29.45  0.00000  0.0500  0.050
 2824  4.980  -29.40  0.00000  0.0500  0.050
 2825  4.980  -29.35  0.00000  0.0500  0.050
 2826  4.980  -29.30  0.00000  0.0500  0.050
 2827  4.980  -29.25  0.00000  0.0500  0.050
 2828  4.980  -29.20  0.00000  0.0500  0.050
 2829  4.980  -29.15  0.00000  0.0500  0.050
 2830  4.980  -29.10  0.00000  0.0500  0.050
 2831  4.980  -29.05  0.00000  0.0500  0.050
 2832  4.980  -29.00  0.00000  0.0500  0.050
 2833  4.980  -28.95  0.00000  0.0500  0.050
 2834  4.980  -28.90  0.00000  0.0500  0.050
 2835  4.980  -28.85  0.00000  0.0500  0.050
 2836  4.980  -28.80  0.00000  0.0500  0.050
 2837  4.980  -28.75  0.00000  0.0500  0.050
 2838  4.980  -28.70  0.00000  0.0500  0.050
 2839  5.030  -32.95  0.00000  0.0500  0.050
 2840  5.030  -32.90  0.00000  0.0500  0.050
 2841  5.030  -32.85  0.00000  0.0500  0.050
 2842  5.030  -32.80  0.00000  0.0500  0.050
 2843  5.030  -32.75  0.00000  0.0500  0.050
 2844  5.030  -32.70  0.00000  0.0500  0.050
 2845  5.030  -32.65  0.00000  0.0500  0.050
 2846  5.030  -32.60  0.00000  0.0500  0.050
 2847  5.030  -32.55  0.00000  0.0500  0.050
 2848  5.030  -32.50  0.00000  0.0500  0.050
 2849  5.030  -32.45  0.00000  0.0500  0.050
 2850  5.030  -32.40  0.00000  0.0500  0.050
 2851  5.030  -32.35  0.00000  0.0500  0.050
 2852  5.030  -32.30  0.00000  0.0500  0.050
 2853  5.030  -32.25  0.00000  0.0500  0.050
 2854  5.030  -32.20  0.00000  0.0500  0.050
 2855  5.030  -32.15  0.00000  0.0500  0.050
 2856  5.030  -32.10  0.00000  0.0500  0.050
 2857  5.030  -32.05  0.00000  0.0500  0.050
 2858  5.030  -32.00  0.00000  0.0500  0.050
 2859  5.030  -31.95  0.00000  0.0500  0.050
 2860  5.030  -31.90  0.00000  0.0500  0.050
 2861  5.030  -31.85  0.00000  0.0500  0.050
 2862  5.030  -31.80  0.00000  0.0500  0.050
 2863  5.030  -31.75  0.00000  0.0500  0.050
 2864  5.030  -31.70  0.00000  0.0500  0.050
 2865  5.030  -31.65  0.00000  0.0500  0.050
 2866  5.030  -31.60  0.00000  0.0500  0.050
 2867  5.030  -31.55  0.00000  0.0500  0.050
 2868  5.030  -31.50  0.00000  0.0500  0.050
 2869  5.030  -31.45  0.00000  0.0500  0.050
 2870  5.030  -31.40  0.00000  0.0500  0.050
 2871  5.030  -31.35  0.00000  0.0500  0.050
 2872  5.030  -31.30  0.00000  0.0500  0.050
 2873  5.030  -31.25  0.00000  0.0500  0.050
 2874  5.030  -31.20  0.00000  0.0500  0.050
 2875  5.030  -31.15  0.00000  0.0500  0.050
 2876  5.030  -31.10  0.00000  0.0500  0.050
 2877  5.030  -31.05  0.00000  0.0500  0.050
 2878  5.030  -31.00  0.00000  0.0500  0.050
 2879  5.030  -30.95  0.00000  0.0500  0.050
 2880  5.030  -30.90  0.00000  0.0500  0.050
 2881  5.030  -30.85  0.00000  0.0500  0.050
 2882  5.030  -30.80  0.00000  0.0500  0.050
 2883  5.030  -30.75  0.00000  0.0500  0.050
 2884  5.030  -30.70  0.00000  0.0500  0.050
 2885  5.030  -30.65  0.00000  0.0500  0.050
 2886  5.030  -30.60  0.00000  0.0500  0.050
 2887  5.030  -30.55  0.00000  0.0500  0.050
 2888  5.030  -30.50  0.00000  0.0500  0.050
 2889  5.030  -30.45  0.00000  0.0500  0.050
 2890  5.030  -30.40  0.00000  0.0500  0.050
 2891  5.030  -30.35  0.00000  0.0500  0.050
 2892  5.030  -30.30  0.00000  0.0500  0.050
 2893  5.030  -30.25  0.00000  0.0500  0.050
 2894  5.030  -30.20  0.00000  0.0500  0.050
 2895  5.030  -30.15  0.00000  0.0500  0.050
 2896  5.030  -30.10  0.00000  0.0500  0.050
 2897  5.030  -30.05  0.00000  0.0500  0.050
 2898  5.030  -30.00  0.00000  0.0500  0.050
 2899  5.030  -29.95  0.00000  0.0500  0.050
 2900  5.030  -29.90  0.00000  0.0500  0.050
 2901  5.030  -29.85  0.00000  0.0500  0.050
 2902  5.030  -29.80  0.00000  0.0500  0.050
 2903  5.030  -29.75  0.00000  0.0500  0.050
 2904  5.030  -29.70  0.00000  0.0500  0.050
 2905  5.030  -29.65  0.00000  0.0500  0.050
 2906  5.030  -29.60  0.00000  0.0500  0.050
 2907  5.030  -29.55  0.00000  0.0500  0.050
 2908  5.030  -29.50  0.00000  0.0500  0.050
 2909  5.030  -29.45  0.00000  0.0500  0.050
 2910  5.030  -29.40  0.00000  0.0500  0.050
 2911  5.030  -29.35  0.00000  0.0500  0.050
 2912  5.030  -29.30  0.00000  0.0500  0.050
 2913  5.030  -29.25  0.00000  0.0500  0.050
 2914  5.030  -29.20  0.00000  0.0500  0.050
 2915  5.030  -29.15  0.00000  0.0500  0.050
 2916  5.030  -29.10  0.00000  0.0500  0.050
 2917  5.030  -29.05  0.00000  0.0500  0.050
 2918  5.030  -29.00  0.00000  0.0500  0.050
 2919  5.030  -28.95  0.00000  0.0500  0.050
 2920  5.030  -28.90  0.00000  0.0500  0.050
 2921  5.030  -28.85  0.00000  0.0500  0.050
 2922  5.030  -28.80  0.00000  0.0500  0.050
 2923  5.030  -28.75  0.00000  0.0500  0.050
 2924  5.030  -28.70  0.00000  0.0500  0.050
 2925  5.080  -32.95  0.00000  0.0500  0.050
 2926  5.080  -32.90  0.00000  0.0500  0.050
 2927  5.080  -32.85  0.00000  0.0500  0.050
 2928  5.080  -32.80  0.00000  0.0500  0.050
 2929  5.080  -32.75  0.00000  0.0500  0.050
 2930  5.080  -32.70  0.00000  0.0500  0.050
 2931  5.080  -32.65  0.00000  0.0500  0.050
 2932  5.080  -32.60  0.00000  0.0500  0.050
 2933  5.080  -32.55  0.00000  0.0500  0.050
 2934  5.080  -32.50  0.00000  0.0500  0.050
 2935  5.080  -32.45  0.00000  0.0500  0.050
 2936  5.080  -32.40  0.00000  0.0500  0.050
 2937  5.080  -32.35  0.00000  0.0500  0.050
 2938  5.080  -32.30  0.00000  0.0500  0.050
 2939  5.080  -32.25  0.00000  0.0500  0.050
 2940  5.080  -32.20  0.00000  0.0500  0.050
 2941  5.080  -32.15  0.00000  0.0500  0.050
 2942  5.080  -32.10  0.00000  0.0500  0.050
 2943  5.080  -32.05  0.00000  0.0500  0.050
 2944  5.080  -32.00  0.00000  0.0500  0.050
 2945  5.080  -31.95  0.00000  0.0500  0.050
 2946  5.080  -31.90  0.00000  0.0500  0.050
 2947  5.080  -31.85  0.00000  0.0500  0.050
 2948  5.080  -31.80  0.00000  0.0500  0.050
 2949  5.080  -31.75  0.00000  0.0500  0.050
 2950  5.080  -31.70  0.00000  0.0500  0.050
 2951  5.080  -31.65  0.00000  0.0500  0.050
 2952  5.080  -31.60  0.00000  0.0500  0.050
 2953  5.080  -31.55  0.00000  0.0500  0.050
 2954  5.080  -31.50  0.00000  0.0500  0.050
 2955  5.080  -31.45  0.00000  0.0500  0.050
 2956  5.080  -31.40  0.00000  0.0500  0.050
 2957  5.080  -31.35  0.00000  0.0500  0.050
 2958  5.080  -31.30  0.00000  0.0500  0.050
 2959  5.080  -31.25  0.00000  0.0500  0.050
 2960  5.080  -31.20  0.00000  0.0500  0.050
 2961  5.080  -31.15  0.00000  0.0500  0.050
 2962  5.080  -31.10  0.00000  0.0500  0.050
 2963  5.080  -31.05  0.00000  0.0500  0.050
 2964  5.080  -31.00  0.00000  0.0500  0.050
 2965  5.080  -30.95  0.00000  0.0500  0.050
 2966  5.080  -30.90  0.00000  0.0500  0.050
 2967  5.080  -30.85  0.00000  0.0500  0.050
 2968  5.080  -30.80  0.00000  0.0500  0.050
 2969  5.080  -30.75  0.00000  0.0500  0.050
 2970  5.080  -30.70  0.00000  0.0500  0.050
 2971  5.080  -30.65  0.00000  0.0500  0.050
 2972  5.080  -30.60  0.00000  0.0500  0.050
 2973  5.080  -30.55  0.00000  0.0500  0.050
 2974  5.080  -30.50  0.00000  0.0500  0.050
 2975  5.080  -30.45  0.00000  0.0500  0.050
 2976  5.080  -30.40  1.00000  0.0500  0.050
 2977  5.080  -30.35  0.00000  0.0500  0.050
 2978  5.080  -30.30  0.00000  0.0500  0.050
 2979  5.080  -30.25  0.00000  0.0500  0.050
 2980  5.080  -30.20  0.00000  0.0500  0.050
 2981  5.080  -30.15  0.00000  0.0500  0.050
 2982  5.080  -30.10  0.00000  0.0500  0.050
 2983  5.080  -30.05  0.00000  0.0500  0.050
 2984  5.080  -30.00  0.00000  0.0500  0.050
 2985  5.080  -29.95  0.00000  0.0500  0.050
 2986  5.080  -29.90  0.00000  0.0500  0.050
 2987  5.080  -29.85  0.00000  0.0500  0.050
 2988  5.080  -29.80  0.00000  0.0500  0.050
 2989  5.080  -29.75  0.00000  0.0500  0.050
 2990  5.080  -29.70  1.00000  0.0500  0.050
 2991  5.080  -29.65  0.00000  0.0500  0.050
 2992  5.080  -29.60  0.00000  0.0500  0.050
 2993  5.080  -29.55  0.00000  0.0500  0.050
 2994  5.080  -29.50  0.00000  0.0500  0.050
 2995  5.080  -29.45  0.00000  0.0500  0.050
 2996  5.080  -29.40  0.00000  0.0500  0.050
 2997  5.080  -29.35  0.00000  0.0500  0.050
 2998  5.080  -29.30  0.00000  0.0500  0.050
 2999  5.080  -29.25  0.00000  0.0500  0.050
 3000  5.080  -29.20  0.00000  0.0500  0.050
 3001  5.080  -29.15  0.00000  0.0500  0.050
 3002  5.080  -29.10  0.00000  0.0500  0.050
 3003  5.080  -29.05  0.00000  0.0500  0.050
 3004  5.080  -29.00  0.00000  0.0500  0.050
 3005  5.080  -28.95  0.00000  0.0500  0.050
 3006  5.080  -28.90  0.00000  0.0500  0.050
 3007  5.080  -28.85  0.00000  0.0500  0.050
 3008  5.080  -28.80  0.00000  0.0500  0.050
 3009  5.080  -28.75  0.00000  0.0500  0.050
 3010  5.080  -28.70  0.00000  0.0500  0.050
 3011  5.130  -32.95  0.00000  0.0500  0.050
 3012  5.130  -32.90  0.00000  0.0500  0.050
 3013  5.130  -32.85  0.00000  0.0500  0.050
 3014  5.130  -32.80  0.00000  0.0500  0.050
 3015  5.130  -32.75  0.00000  0.0500  0.050
 3016  5.130  -32.70  0.00000  0.0500  0.050
 3017  5.130  -32.65  0.00000  0.0500  0.050
 3018  5.130  -32.60  0.00000  0.0500  0.050
 3019  5.130  -32.55  0.00000  0.0500  0.050
 3020  5.130  -32.50  0.00000  0.0500  0.050
 3021  5.130  -32.45  0.00000  0.0500  0.050
 3022  5.130  -32.40  0.00000  0.0500  0.050
 3023  5.130  -32.35  0.00000  0.0500  0.050
 3024  5.130  -32.30  0.00000  0.0500  0.050
 3025  5.130  -32.25  0.00000  0.0500  0.050
 3026  5.130  -32.20  0.00000  0.0500  0.050
 3027  5.130  -32.15  0.00000  0.0500  0.050
 3028  5.130  -32.10  0.00000  0.0500  0.050
 3029  5.130  -32.05  0.00000  0.0500  0.050
 3030  5.130  -32.00  0.00000  0.0500  0.050
 3031  5.130  -31.95  0.00000  0.0500  0.050
 3032  5.130  -31.90  0.00000  0.0500  0.050
 3033  5.130  -31.85  0.00000  0.0500  0.050
 3034  5.130  -31.80  0.00000  0.0500  0.050
 3035  5.130  -31.75  0.00000  0.0500  0.050
 3036  5.130  -31.70  0.00000  0.0500  0.050
 3037  5.130  -31.65  0.00000  0.0500  0.050
 3038  5.130  -31.60  0.00000  0.0500  0.050
 3039  5.130  -31.55  0.00000  0.0500  0.050
 3040  5.130  -31.50  0.00000  0.0500  0.050
 3041  5.130  -31.45  0.00000  0.0500  0.050
 3042  5.130  -31.40  0.00000  0.0500  0.050
 3043  5.130  -31.35  0.00000  0.0500  0.050
 3044  5.130  -31.30  0.00000  0.0500  0.050
 3045  5.130  -31.25  0.00000  0.0500  0.050
 3046  5.130  -31.20  0.00000  0.0500  0.050
 3047  5.130  -31.15  0.00000  0.0500  0.050
 3048  5.130  -31.10  0.00000  0.0500  0.050
 3049  5.130  -31.05  0.00000  0.0500  0.050
 3050  5.130  -31.00  0.00000  0.0500  0.050
 3051  5.130  -30.95  0.00000  0.0500  0.050
 3052  5.130  -30.90  0.00000  0.0500  0.050
 3053  5.130  -30.85  0.00000  0.0500  0.050
 3054  5.130  -30.80  0.00000  0.0500  0.050
 3055  5.130  -30.75  0.00000  0.0500  0.050
 3056  5.130  -30.70  0.00000  0.0500  0.050
 3057  5.130  -30.65  0.00000  0.0500  0.050
 3058  5.130  -30.60  0.00000  0.0500  0.050
 3059  5.130  -30.55  0.00000  0.0500  0.050
 3060  5.130  -30.50  0.00000  0.0500  0.050
 3061  5.130  -30.45  0.00000  0.0500  0.050
 3062  5.130  -30.40  0.00000  0.0500  0.050
 3063  5.130  -30.35  0.00000  0.0500  0.050
 3064  5.130  -30.30  0.00000  0.0500  0.050
 3065  5.130  -30.25  0.00000  0.0500  0.050
 3066  5.130  -30.20  0.00000  0.0500  0.050
 3067  5.130  -30.15  0.00000  0.0500  0.050
 3068  5.130  -30.10  0.00000  0.0500  0.050
 3069  5.130  -30.05  0.00000  0.0500  0.050
 3070  5.130  -30.00  0.00000  0.0500  0.050
 3071  5.130  -29.95  0.00000  0.0500  0.050
 3072  5.130  -29.90  0.00000  0.0500  0.050
 3073  5.130  -29.85  0.00000  0.0500  0.050
 3074  5.130  -29.80  1.00000  0.0500  0.050
 3075  5.130  -29.75  0.00000  0.0500  0.050
 3076  5.130  -29.70  0.00000  0.0500  0.050
 3077  5.130  -29.65  0.00000  0.0500  0.050
 3078  5.130  -29.60  0.00000  0.0500  0.050
 3079  5.130  -29.55  0.00000  0.0500  0.050
 3080  5.130  -29.50  0.00000  0.0500  0.050
 3081  5.130  -29.45  0.00000  0.0500  0.050
 3082  5.130  -29.40  0.00000  0.0500  0.050
 3083  5.130  -29.35  0.00000  0.0500  0.050
 3084  5.130  -29.30  0.00000  0.0500  0.050
 3085  5.130  -29.25  0.00000  0.0500  0.050
 3086  5.130  -29.20  0.00000  0.0500  0.050
 3087  5.130  -29.15  0.00000  0.0500  0.050
 3088  5.130  -29.10  0.00000  0.0500  0.050
 3089  5.130  -29.05  0.00000  0.0500  0.050
 3090  5.130  -29.00  0.00000  0.0500  0.050
 3091  5.130  -28.95  0.00000  0.0500  0.050
 3092  5.130  -28.90  0.00000  0.0500  0.050
 3093  5.130  -28.85  0.00000  0.0500  0.050
 3094  5.130  -28.80  0.00000  0.0500  0.050
 3095  5.130  -28.75  0.00000  0.0500  0.050
 3096  5.130  -28.70  0.00000  0.0500  0.050
 3097  5.180  -32.95  0.00000  0.0500  0.050
 3098  5.180  -32.90  0.00000  0.0500  0.050
 3099  5.180  -32.85  0.00000  0.0500  0.050
 3100  5.180  -32.80  0.00000  0.0500  0.050
 3101  5.180  -32.75  0.00000  0.0500  0.050
 3102  5.180  -32.70  0.00000  0.0500  0.050
 3103  5.180  -32.65  0.00000  0.0500  0.050
 3104  5.180  -32.60  0.00000  0.0500  0.050
 3105  5.180  -32.55  0.00000  0.0500  0.050
 3106  5.180  -32.50  0.00000  0.0500  0.050
 3107  5.180  -32.45  0.00000  0.0500  0.050
 3108  5.180  -32.40  0.00000  0.0500  0.050
 3109  5.180  -32.35  0.00000  0.0500  0.050
 3110  5.180  -32.30  0.00000  0.0500  0.050
 3111  5.180  -32.25  0.00000  0.0500  0.050
 3112  5.180  -32.20  0.00000  0.0500  0.050
 3113  5.180  -32.15  0.00000  0.0500  0.050
 3114  5.180  -32.10  0.00000  0.0500  0.050
 3115  5.180  -32.05  0.00000  0.0500  0.050
 3116  5.180  -32.00  0.00000  0.0500  0.050
 3117  5.180  -31.95  0.00000  0.0500  0.050
 3118  5.180  -31.90  0.00000  0.0500  0.050
 3119  5.180  -31.85  0.00000  0.0500  0.050
 3120  5.180  -31.80  0.00000  0.0500  0.050
 3121  5.180  -31.75  0.00000  0.0500  0.050
 3122  5.180  -31.70  0.00000  0.0500  0.050
 3123  5.180  -31.65  0.00000  0.0500  0.050
 3124  5.180  -31.60  0.00000  0.0500  0.050
 3125  5.180  -31.55  0.00000  0.0500  0.050
 3126  5.180  -31.50  0.00000  0.0500  0.050
 3127  5.180  -31.45  0.00000  0.0500  0.050
 3128  5.180  -31.40  0.00000  0.0500  0.050
 3129  5.180  -31.35  0.00000  0.0500  0.050
 3130  5.180  -31.30  0.00000  0.0500  0.050
 3131  5.180  -31.25  0.00000  0.0500  0.050
 3132  5.180  -31.20  0.00000  0.0500  0.050
 3133  5.180  -31.15  0.00000  0.0500  0.050
 3134  5.180  -31.10  0.00000  0.0500  0.050
 3135  5.180  -31.05  0.00000  0.0500  0.050
 3136  5.180  -31.00  0.00000  0.0500  0.050
 3137  5.180  -30.95  0.00000  0.0500  0.050
 3138  5.180  -30.90  0.00000  0.0500  0.050
 3139  5.180  -30.85  0.00000  0.0500  0.050
 3140  5.180  -30.80  0.00000  0.0500  0.050
 3141  5.180  -30.75  0.00000  0.0500  0.050
 3142  5.180  -30.70  0.00000  0.0500  0.050
 3143  5.180  -30.65  0.00000  0.0500  0.050
 3144  5.180  -30.60  0.00000  0.0500  0.050
 3145  5.180  -30.55  0.00000  0.0500  0.050
 3146  5.180  -30.50  0.00000  0.0500  0.050
 3147  5.180  -30.45  0.00000  0.0500  0.050
 3148  5.180  -30.40  0.00000  0.0500  0.050
 3149  5.180  -30.35  0.00000  0.0500  0.050
 3150  5.180  -30.30  0.00000  0.0500  0.050
 3151  5.180  -30.25  0.00000  0.0500  0.050
 3152  5.180  -30.20  0.00000  0.0500  0.050
 3153  5.180  -30.15  0.00000  0.0500  0.050
 3154  5.180  -30.10  0.00000  0.0500  0.050
 3155  5.180  -30.05  0.00000  0.0500  0.050
 3156  5.180  -30.00  0.00000  0.0500  0.050
 3157  5.180  -29.95  0.00000  0.0500  0.050
 3158  5.180  -29.90  0.00000  0.0500  0.050
 3159  5.180  -29.85  0.00000  0.0500  0.050
 3160  5.180  -29.80  0.00000  0.0500  0.050
 3161  5.180  -29.75  0.00000  0.0500  0.050
 3162  5.180  -29.70  0.00000  0.0500  0.050
 3163  5.180  -29.65  0.00000  0.0500  0.050
 3164  5.180  -29.60  0.00000  0.0500  0.050
 3165  5.180  -29.55  0.00000  0.0500  0.050
 3166  5.180  -29.50  0.00000  0.0500  0.050
 3167  5.180  -29.45  0.00000  0.0500  0.050
 3168  5.180  -29.40  0.00000  0.0500  0.050
 3169  5.180  -29.35  0.00000  0.0500  0.050
 3170  5.180  -29.30  0.00000  0.0500  0.050
 3171  5.180  -29.25  0.00000  0.0500  0.050
 3172  5.180  -29.20  0.00000  0.0500  0.050
 3173  5.180  -29.15  0.00000  0.0500  0.050
 3174  5.180  -29.10  0.00000  0.0500  0.050
 3175  5.180  -29.05  0.00000  0.0500  0.050
 3176  5.180  -29.00  0.00000  0.0500  0.050
 3177  5.180  -28.95  0.00000  0.0500  0.050
 3178  5.180  -28.90  0.00000  0.0500  0.050
 3179  5.180  -28.85  0.00000  0.0500  0.050
 3180  5.180  -28.80  0.00000  0.0500  0.050
 3181  5.180  -28.75  0.00000  0.0500  0.050
 3182  5.180  -28.70  0.00000  0.0500  0.050
 3183  5.230  -32.95  0.00000  0.0500  0.050
 3184  5.230  -32.90  0.00000  0.0500  0.050
 3185  5.230  -32.85  0.00000  0.0500  0.050
 3186  5.230  -32.80  0.00000  0.0500  0.050
 3187  5.230  -32.75  0.00000  0.0500  0.050
 3188  5.230  -32.70  0.00000  0.0500  0.050
 3189  5.230  -32.65  0.00000  0.0500  0.050
 3190  5.230  -32.60  0.00000  0.0500  0.050
 3191  5.230  -32.55  0.00000  0.0500  0.050
 3192  5.230  -32.50  0.00000  0.0500  0.050
 3193  5.230  -32.45  0.00000  0.0500  0.050
 3194  5.230  -32.40  0.00000  0.0500  0.050
 3195  5.230  -32.35  0.00000  0.0500  0.050
 3196  5.230  -32.30  0.00000  0.0500  0.050
 3197  5.230  -32.25  0.00000  0.0500  0.050
 3198  5.230  -32.20  0.00000  0.0500  0.050
 3199  5.230  -32.15  0.00000  0.0500  0.050
 3200  5.230  -32.10  0.00000  0.0500  0.050
 3201  5.230  -32.05  0.00000  0.0500  0.050
 3202  5.230  -32.00  0.00000  0.0500  0.050
 3203  5.230  -31.95  0.00000  0.0500  0.050
 3204  5.230  -31.90  0.00000  0.0500  0.050
 3205  5.230  -31.85  0.00000  0.0500  0.050
 3206  5.230  -31.80  0.00000  0.0500  0.050
 3207  5.230  -31.75  0.00000  0.0500  0.050
 3208  5.230  -31.70  0.00000  0.0500  0.050
 3209  5.230  -31.65  0.00000  0.0500  0.050
 3210  5.230  -31.60  0.00000  0.0500  0.050
 3211  5.230  -31.55  0.00000  0.0500  0.050
 3212  5.230  -31.50  0.00000  0.0500  0.050
 3213  5.230  -31.45  0.00000  0.0500  0.050
 3214  5.230  -31.40  0.00000  0.0500  0.050
 3215  5.230  -31.35  0.00000  0.0500  0.050
 3216  5.230  -31.30  0.00000  0.0500  0.050
 3217  5.230  -31.25  0.00000  0.0500  0.050
 3218  5.230  -31.20  0.00000  0.0500  0.050
 3219  5.230  -31.15  0.00000  0.0500  0.050
 3220  5.230  -31.10  0.00000  0.0500  0.050
 3221  5.230  -31.05  0.00000  0.0500  0.050
 3222  5.230  -31.00  0.00000  0.0500  0.050
 3223  5.230  -30.95  0.00000  0.0500  0.050
 3224  5.230  -30.90  0.00000  0.0500  0.050
 3225  5.230  -30.85  0.00000  0.0500  0.050
 3226  5.230  -30.80  0.00000  0.0500  0.050
 3227  5.230  -30.75  0.00000  0.0500  0.050
 3228  5.230  -30.70  0.00000  0.0500  0.050
 3229  5.230  -30.65  0.00000  0.0500  0.050
 3230  5.230  -30.60  0.00000  0.0500  0.050
 3231  5.230  -30.55  0.00000  0.0500  0.050
 3232  5.230  -30.50  0.00000  0.0500  0.050
 3233  5.230  -30.45  0.00000  0.0500  0.050
 3234  5.230  -30.40  0.00000  0.0500  0.050
 3235  5.230  -30.35  0.00000  0.0500  0.050
 3236  5.230  -30.30  1.00000  0.0500  0.050
 3237  5.230  -30.25  0.00000  0.0500  0.050
 3238  5.230  -30.20  0.00000  0.0500  0.050
 3239  5.230  -30.15  0.00000  0.0500  0.050
 3240  5.230  -30.10  0.00000  0.0500  0.050
 3241  5.230  -30.05  0.00000  0.0500  0.050
 3242  5.230  -30.00  0.00000  0.0500  0.050
 3243  5.230  -29.95  0.00000  0.0500  0.050
 3244  5.230  -29.90  0.00000  0.0500  0.050
 3245  5.230  -29.85  0.00000  0.0500  0.050
 3246  5.230  -29.80  0.00000  0.0500  0.050
 3247  5.230  -29.75  0.00000  0.0500  0.050
 3248  5.230  -29.70  0.00000  0.0500  0.050
 3249  5.230  -29.65  0.00000  0.0500  0.050
 3250  5.230  -29.60  0.00000  0.0500  0.050
 3251  5.230  -29.55  0.00000  0.0500  0.050
 3252  5.230  -29.50  0.00000  0.0500  0.050
 3253  5.230  -29.45  0.00000  0.0500  0.050
 3254  5.230  -29.40  0.00000  0.0500  0.050
 3255  5.230  -29.35  0.00000  0.0500  0.050
 3256  5.230  -29.30  0.00000  0.0500  0.050
 3257  5.230  -29.25  0.00000  0.0500  0.050
 3258  5.230  -29.20  0.00000  0.0500  0.050
 3259  5.230  -29.15  0.00000  0.0500  0.050
 3260  5.230  -29.10  0.00000  0.0500  0.050
 3261  5.230  -29.05  0.00000  0.0500  0.050
 3262  5.230  -29.00  0.00000  0.0500  0.050
 3263  5.230  -28.95  0.00000  0.0500  0.050
 3264  5.230  -28.90  0.00000  0.0500  0.050
 3265  5.230  -28.85  0.00000  0.0500  0.050
 3266  5.230  -28.80  0.00000  0.0500  0.050
 3267  5.230  -28.75  0.00000  0.0500  0.050
 3268  5.230  -28.70  0.00000  0.0500  0.050
 3269  5.280  -32.95  0.00000  0.0500  0.050
 3270  5.280  -32.90  0.00000  0.0500  0.050
 3271  5.280  -32.85  0.00000  0.0500  0.050
 3272  5.280  -32.80  0.00000  0.0500  0.050
 3273  5.280  -32.75  0.00000  0.0500  0.050
 3274  5.280  -32.70  0.00000  0.0500  0.050
 3275  5.280  -32.65  0.00000  0.0500  0.050
 3276  5.280  -32.60  0.00000  0.0500  0.050
 3277  5.280  -32.55  0.00000  0.0500  0.050
 3278  5.280  -32.50  0.00000  0.0500  0.050
 3279  5.280  -32.45  0.00000  0.0500  0.050
 3280  5.280  -32.40  0.00000  0.0500  0.050
 3281  5.280  -32.35  0.00000  0.0500  0.050
 3282  5.280  -32.30  0.00000  0.0500  0.050
 3283  5.280  -32.25  0.00000  0.0500  0.050
 3284  5.280  -32.20  0.00000  0.0500  0.050
 3285  5.280  -32.15  0.00000  0.0500  0.050
 3286  5.280  -32.10  0.00000  0.0500  0.050
 3287  5.280  -32.05  0.00000  0.0500  0.050
 3288  5.280  -32.00  0.00000  0.0500  0.050
 3289  5.280  -31.95  0.00000  0.0500  0.050
 3290  5.280  -31.90  0.00000  0.0500  0.050
 3291  5.280  -31.85  0.00000  0.0500  0.050
 3292  5.280  -31.80  0.00000  0.0500  0.050
 3293  5.280  -31.75  0.00000  0.0500  0.050
 3294  5.280  -31.70  0.00000  0.0500  0.050
 3295  5.280  -31.65  0.00000  0.0500  0.050
 3296  5.280  -31.60  0.00000  0.0500  0.050
 3297  5.280  -31.55  0.00000  0.0500  0.050
 3298  5.280  -31.50  0.00000  0.0500  0.050
 3299  5.280  -31.45  0.00000  0.0500  0.050
 3300  5.280  -31.40  0.00000  0.0500  0.050
 3301  5.280  -31.35  0.00000  0.0500  0.050
 3302  5.280  -31.30  0.00000  0.0500  0.050
 3303  5.280  -31.25  0.00000  0.0500  0.050
 3304  5.280  -31.20  0.00000  0.0500  0.050
 3305  5.280  -31.15  0.00000  0.0500  0.050
 3306  5.280  -31.10  0.00000  0.0500  0.050
 3307  5.280  -31.05  0.00000  0.0500  0.050
 3308  5.280  -31.00  0.00000  0.0500  0.050
 3309  5.280  -30.95  0.00000  0.0500  0.050
 3310  5.280  -30.90  0.00000  0.0500  0.050
 3311  5.280  -30.85  0.00000  0.0500  0.050
 3312  5.280  -30.80  0.00000  0.0500  0.050
 3313  5.280  -30.75  0.00000  0.0500  0.050
 3314  5.280  -30.70  0.00000  0.0500  0.050
 3315  5.280  -30.65  0.00000  0.0500  0.050
 3316  5.280  -30.60  0.00000  0.0500  0.050
 3317  5.280  -30.55  0.00000  0.0500  0.050
 3318  5.280  -30.50  0.00000  0.0500  0.050
 3319  5.280  -30.45  0.00000  0.0500  0.050
 3320  5.280  -30.40  0.00000  0.0500  0.050
 3321  5.280  -30.35  0.00000  0.0500  0.050
 3322  5.280  -30.30  0.00000  0.0500  0.050
 3323  5.280  -30.25  0.00000  0.0500  0.050
 3324  5.280  -30.20  0.00000  0.0500  0.050
 3325  5.280  -30.15  0.00000  0.0500  0.050
 3326  5.280  -30.10  0.00000  0.0500  0.050
 3327  5.280  -30.05  0.00000  0.0500  0.050
 3328  5.280  -30.00  0.00000  0.0500  0.050
 3329  5.280  -29.95  0.00000  0.0500  0.050
 3330  5.280  -29.90  0.00000  0.0500  0.050
 3331  5.280  -29.85  0.00000  0.0500  0.050
 3332  5.280  -29.80  0.00000  0.0500  0.050
 3333  5.280  -29.75  0.00000  0.0500  0.050
 3334  5.280  -29.70  0.00000  0.0500  0.050
 3335  5.280  -29.65  0.00000  0.0500  0.050
 3336  5.280  -29.60  0.00000  0.0500  0.050
 3337  5.280  -29.55  0.00000  0.0500  0.050
 3338  5.280  -29.50  0.00000  0.0500  0.050
 3339  5.280  -29.45  0.00000  0.0500  0.050
 3340  5.280  -29.40  0.00000  0.0500  0.050
 3341  5.280  -29.35  0.00000  0.0500  0.050
 3342  5.280  -29.30  0.00000  0.0500  0.050
 3343  5.280  -29.25  0.00000  0.0500  0.050
 3344  5.280  -29.20  0.00000  0.0500  0.050
 3345  5.280  -29.15  0.00000  0.0500  0.050
 3346  5.280  -29.10  0.00000  0.0500  0.050
 3347  5.280  -29.05  0.00000  0.0500  0.050
 3348  5.280  -29.00  0.00000  0.0500  0.050
 3349  5.280  -28.95  0.00000  0.0500  0.050
 3350  5.280  -28.90  0.00000  0.0500  0.050
 3351  5.280  -28.85  0.00000  0.0500  0.050
 3352  5.280  -28.80  0.00000  0.0500  0.050
 3353  5.280  -28.75  0.00000  0.0500  0.050
 3354  5.280  -28.70  0.00000  0.0500  0.050
 3355  5.330  -32.95  0.00000  0.0500  0.050
 3356  5.330  -32.90  0.00000  0.0500  0.050
 3357  5.330  -32.85  0.00000  0.0500  0.050
 3358  5.330  -32.80  0.00000  0.0500  0.050
 3359  5.330  -32.75  0.00000  0.0500  0.050
 3360  5.330  -32.70  0.00000  0.0500  0.050
 3361  5.330  -32.65  0.00000  0.0500  0.050
 3362  5.330  -32.60  0.00000  0.0500  0.050
 3363  5.330  -32.55  0.00000  0.0500  0.050
 3364  5.330  -32.50  0.00000  0.0500  0.050
 3365  5.330  -32.45  0.00000  0.0500  0.050
 3366  5.330  -32.40  0.00000  0.0500  0.050
 3367  5.330  -32.35  0.00000  0.0500  0.050
 3368  5.330  -32.30  0.00000  0.0500  0.050
 3369  5.330  -32.25  0.00000  0.0500  0.050
 3370  5.330  -32.20  0.00000  0.0500  0.050
 3371  5.330  -32.15  0.00000  0.0500  0.050
 3372  5.330  -32.10  0.00000  0.0500  0.050
 3373  5.330  -32.05  0.00000  0.0500  0.050
 3374  5.330  -32.00  0.00000  0.0500  0.050
 3375  5.330  -31.95  0.00000  0.0500  0.050
 3376  5.330  -31.90  0.00000  0.0500  0.050
 3377  5.330  -31.85  0.00000  0.0500  0.050
 3378  5.330  -31.80  0.00000  0.0500  0.050
 3379  5.330  -31.75  0.00000  0.0500  0.050
 3380  5.330  -31.70  0.00000  0.0500  0.050
 3381  5.330  -31.65  0.00000  0.0500  0.050
 3382  5.330  -31.60  0.00000  0.0500  0.050
 3383  5.330  -31.55  0.00000  0.0500  0.050
 3384  5.330  -31.50  0.00000  0.0500  0.050
 3385  5.330  -31.45  0.00000  0.0500  0.050
 3386  5.330  -31.40  0.00000  0.0500  0.050
 3387  5.330  -31.35  0.00000  0.0500  0.050
 3388  5.330  -31.30  0.00000  0.0500  0.050
 3389  5.330  -31.25  0.00000  0.0500  0.050
 3390  5.330  -31.20  0.00000  0.0500  0.050
 3391  5.330  -31.15  0.00000  0.0500  0.050
 3392  5.330  -31.10  0.00000  0.0500  0.050
 3393  5.330  -31.05  0.00000  0.0500  0.050
 3394  5.330  -31.00  0.00000  0.0500  0.050
 3395  5.330  -30.95  0.00000  0.0500  0.050
 3396  5.330  -30.90  0.00000  0.0500  0.050
 3397  5.330  -30.85  0.00000  0.0500  0.050
 3398  5.330  -30.80  0.00000  0.0500  0.050
 3399  5.330  -30.75  0.00000  0.0500  0.050
 3400  5.330  -30.70  0.00000  0.0500  0.050
 3401  5.330  -30.65  0.00000  0.0500  0.050
 3402  5.330  -30.60  0.00000  0.0500  0.050
 3403  5.330  -30.55  0.00000  0.0500  0.050
 3404  5.330  -30.50  0.00000  0.0500  0.050
 3405  5.330  -30.45  0.00000  0.0500  0.050
 3406  5.330  -30.40  0.00000  0.0500  0.050
 3407  5.330  -30.35  0.00000  0.0500  0.050
 3408  5.330  -30.30  0.00000  0.0500  0.050
 3409  5.330  -30.25  0.00000  0.0500  0.050
 3410  5.330  -30.20  0.00000  0.0500  0.050
 3411  5.330  -30.15  0.00000  0.0500  0.050
 3412  5.330  -30.10  0.00000  0.0500  0.050
 3413  5.330  -30.05  0.00000  0.0500  0.050
 3414  5.330  -30.00  0.00000  0.0500  0.050
 3415  5.330  -29.95  1.00000  0.0500  0.050
 3416  5.330  -29.90  0.00000  0.0500  0.050
 3417  5.330  -29.85  0.00000  0.0500  0.050
 3418  5.330  -29.80  0.00000  0.0500  0.050
 3419  5.330  -29.75  0.00000  0.0500  0.050
 3420  5.330  -29.70  0.00000  0.0500  0.050
 3421  5.330  -29.65  0.00000  0.0500  0.050
 3422  5.330  -29.60  0.00000  0.0500  0.050
 3423  5.330  -29.55  0.00000  0.0500  0.050
 3424  5.330  -29.50  0.00000  0.0500  0.050
 3425  5.330  -29.45  0.00000  0.0500  0.050
 3426  5.330  -29.40  0.00000  0.0500  0.050
 3427  5.330  -29.35  0.00000  0.0500  0.050
 3428  5.330  -29.30  0.00000  0.0500  0.050
 3429  5.330  -29.25  0.00000  0.0500  0.050
 3430  5.330  -29.20  0.00000  0.0500  0.050
 3431  5.330  -29.15  0.00000  0.0500  0.050
 3432  5.330  -29.10  0.00000  0.0500  0.050
 3433  5.330  -29.05  0.00000  0.0500  0.050
 3434  5.330  -29.00  0.00000  0.0500  0.050
 3435  5.330  -28.95  0.00000  0.0500  0.050
 3436  5.330  -28.90  0.00000  0.0500  0.050
 3437  5.330  -28.85  0.00000  0.0500  0.050
 3438  5.330  -28.80  0.00000  0.0500  0.050
 3439  5.330  -28.75  0.00000  0.0500  0.050
 3440  5.330  -28.70  0.00000  0.0500  0.050
 3441  5.380  -32.95  0.00000  0.0500  0.050
 3442  5.380  -32.90  0.00000  0.0500  0.050
 3443  5.380  -32.85  0.00000  0.0500  0.050
 3444  5.380  -32.80  0.00000  0.0500  0.050
 3445  5.380  -32.75  0.00000  0.0500  0.050
 3446  5.380  -32.70  0.00000  0.0500  0.050
 3447  5.380  -32.65  0.00000  0.0500  0.050
 3448  5.380  -32.60  0.00000  0.0500  0.050
 3449  5.380  -32.55  0.00000  0.0500  0.050
 3450  5.380  -32.50  0.00000  0.0500  0.050
 3451  5.380  -32.45  0.00000  0.0500  0.050
 3452  5.380  -32.40  0.00000  0.0500  0.050
 3453  5.380  -32.35  0.00000  0.0500  0.050
 3454  5.380  -32.30  0.00000  0.0500  0.050
 3455  5.380  -32.25  0.00000  0.0500  0.050
 3456  5.380  -32.20  0.00000  0.0500  0.050
 3457  5.380  -32.15  0.00000  0.0500  0.050
 3458  5.380  -32.10  0.00000  0.0500  0.050
 3459  5.380  -32.05  0.00000  0.0500  0.050
 3460  5.380  -32.00  0.00000  0.0500  0.050
 3461  5.380  -31.95  0.00000  0.0500  0.050
 3462  5.380  -31.90  0.00000  0.0500  0.050
 3463  5.380  -31.85  0.00000  0.0500  0.050
 3464  5.380  -31.80  0.00000  0.0500  0.050
 3465  5.380  -31.75  0.00000  0.0500  0.050
 3466  5.380  -31.70  0.00000  0.0500  0.050
 3467  5.380  -31.65  0.00000  0.0500  0.050
 3468  5.380  -31.60  0.00000  0.0500  0.050
 3469  5.380  -31.55  0.00000  0.0500  0.050
 3470  5.380  -31.50  0.00000  0.0500  0.050
 3471  5.380  -31.45  0.00000  0.0500  0.050
 3472  5.380  -31.40  0.00000  0.0500  0.050
 3473  5.380  -31.35  0.00000  0.0500  0.050
 3474  5.380  -31.30  0.00000  0.0500  0.050
 3475  5.380  -31.25  0.00000  0.0500  0.050
 3476  5.380  -31.20  0.00000  0.0500  0.050
 3477  5.380  -31.15  0.00000  0.0500  0.050
 3478  5.380  -31.10  0.00000  0.0500  0.050
 3479  5.380  -31.05  0.00000  0.0500  0.050
 3480  5.380  -31.00  0.00000  0.0500  0.050
 3481  5.380  -30.95  0.00000  0.0500  0.050
 3482  5.380  -30.90  0.00000  0.0500  0.050
 3483  5.380  -30.85  0.00000  0.0500  0.050
 3484  5.380  -30.80  0.00000  0.0500  0.050
 3485  5.380  -30.75  0.00000  0.0500  0.050
 3486  5.380  -30.70  0.00000  0.0500  0.050
 3487  5.380  -30.65  0.00000  0.0500  0.050
 3488  5.380  -30.60  0.00000  0.0500  0.050
 3489  5.380  -30.55  0.00000  0.0500  0.050
 3490  5.380  -30.50  0.00000  0.0500  0.050
 3491  5.380  -30.45  0.00000  0.0500  0.050
 3492  5.380  -30.40  0.00000  0.0500  0.050
 3493  5.380  -30.35  0.00000  0.0500  0.050
 3494  5.380  -30.30  0.00000  0.0500  0.050
 3495  5.380  -30.25  0.00000  0.0500  0.050
 3496  5.380  -30.20  0.00000  0.0500  0.050
 3497  5.380  -30.15  0.00000  0.0500  0.050
 3498  5.380  -30.10  0.00000  0.0500  0.050
 3499  5.380  -30.05  0.00000  0.0500  0.050
 3500  5.380  -30.00  0.00000  0.0500  0.050
 3501  5.380  -29.95  0.00000  0.0500  0.050
 3502  5.380  -29.90  0.00000  0.0500  0.050
 3503  5.380  -29.85  0.00000  0.0500  0.050
 3504  5.380  -29.80  0.00000  0.0500  0.050
 3505  5.380  -29.75  0.00000  0.0500  0.050
 3506  5.380  -29.70  0.00000  0.0500  0.050
 3507  5.380  -29.65  0.00000  0.0500  0.050
 3508  5.380  -29.60  0.00000  0.0500  0.050
 3509  5.380  -29.55  0.00000  0.0500  0.050
 3510  5.380  -29.50  0.00000  0.0500  0.050
 3511  5.380  -29.45  0.00000  0.0500  0.050
 3512  5.380  -29.40  0.00000  0.0500  0.050
 3513  5.380  -29.35  0.00000  0.0500  0.050
 3514  5.380  -29.30  0.00000  0.0500  0.050
 3515  5.380  -29.25  0.00000  0.0500  0.050
 3516  5.380  -29.20  0.00000  0.0500  0.050
 3517  5.380  -29.15  0.00000  0.0500  0.050
 3518  5.380  -29.10  0.00000  0.0500  0.050
 3519  5.380  -29.05  0.00000  0.0500  0.050
 3520  5.380  -29.00  0.00000  0.0500  0.050
 3521  5.380  -28.95  0.00000  0.0500  0.050
 3522  5.380  -28.90  0.00000  0.0500  0.050
 3523  5.380  -28.85  0.00000  0.0500  0.050
 3524  5.380  -28.80  0.00000  0.0500  0.050
 3525  5.380  -28.75  0.00000  0.0500  0.050
 3526  5.380  -28.70  0.00000  0.0500  0.050
 3527  5.430  -32.95  0.00000  0.0500  0.050
 3528  5.430  -32.90  0.00000  0.0500  0.050
 3529  5.430  -32.85  0.00000  0.0500  0.050
 3530  5.430  -32.80  0.00000  0.0500  0.050
 3531  5.430  -32.75  0.00000  0.0500  0.050
 3532  5.430  -32.70  0.00000  0.0500  0.050
 3533  5.430  -32.65  0.00000  0.0500  0.050
 3534  5.430  -32.60  0.00000  0.0500  0.050
 3535  5.430  -32.55  0.00000  0.0500  0.050
 3536  5.430  -32.50  0.00000  0.0500  0.050
 3537  5.430  -32.45  0.00000  0.0500  0.050
 3538  5.430  -32.40  0.00000  0.0500  0.050
 3539  5.430  -32.35  0.00000  0.0500  0.050
 3540  5.430  -32.30  0.00000  0.0500  0.050
 3541  5.430  -32.25  0.00000  0.0500  0.050
 3542  5.430  -32.20  0.00000  0.0500  0.050
 3543  5.430  -32.15  0.00000  0.0500  0.050
 3544  5.430  -32.10  0.00000  0.0500  0.050
 3545  5.430  -32.05  0.00000  0.0500  0.050
 3546  5.430  -32.00  0.00000  0.0500  0.050
 3547  5.430  -31.95  0.00000  0.0500  0.050
 3548  5.430  -31.90  0.00000  0.0500  0.050
 3549  5.430  -31.85  0.00000  0.0500  0.050
 3550  5.430  -31.80  0.00000  0.0500  0.050
 3551  5.430  -31.75  0.00000  0.0500  0.050
 3552  5.430  -31.70  0.00000  0.0500  0.050
 3553  5.430  -31.65  0.00000  0.0500  0.050
 3554  5.430  -31.60  0.00000  0.0500  0.050
 3555  5.430  -31.55  0.00000  0.0500  0.050
 3556  5.430  -31.50  0.00000  0.0500  0.050
 3557  5.430  -31.45  0.00000  0.0500  0.050
 3558  5.430  -31.40  0.00000  0.0500  0.050
 3559  5.430  -31.35  0.00000  0.0500  0.050
 3560  5.430  -31.30  0.00000  0.0500  0.050
 3561  5.430  -31.25  0.00000  0.0500  0.050
 3562  5.430  -31.20  0.00000  0.0500  0.050
 3563  5.430  -31.15  0.00000  0.0500  0.050
 3564  5.430  -31.10  0.00000  0.0500  0.050
 3565  5.430  -31.05  0.00000  0.0500  0.050
 3566  5.430  -31.00  0.00000  0.0500  0.050
 3567  5.430  -30.95  0.00000  0.0500  0.050
 3568  5.430  -30.90  0.00000  0.0500  0.050
 3569  5.430  -30.85  0.00000  0.0500  0.050
 3570  5.430  -30.80  0.00000  0.0500  0.050
 3571  5.430  -30.75  0.00000  0.0500  0.050
 3572  5.430  -30.70  0.00000  0.0500  0.050
 3573  5.430  -30.65  0.00000  0.0500  0.050
 3574  5.430  -30.60  0.00000  0.0500  0.050
 3575  5.430  -30.55  0.00000  0.0500  0.050
 3576  5.430  -30.50  0.00000  0.0500  0.050
 3577  5.430  -30.45  0.00000  0.0500  0.050
 3578  5.430  -30.40  0.00000  0.0500  0.050
 3579  5.430  -30.35  0.00000  0.0500  0.050
 3580  5.430  -30.30  0.00000  0.0500  0.050
 3581  5.430  -30.25  0.00000  0.0500  0.050
 3582  5.430  -30.20  0.00000  0.0500  0.050
 3583  5.430  -30.15  0.00000  0.0500  0.050
 3584  5.430  -30.10  0.00000  0.0500  0.050
 3585  5.430  -30.05  0.00000  0.0500  0.050
 3586  5.430  -30.00  0.00000  0.0500  0.050
 3587  5.430  -29.95  0.00000  0.0500  0.050
 3588  5.430  -29.90  0.00000  0.0500  0.050
 3589  5.430  -29.85  0.00000  0.0500  0.050
 3590  5.430  -29.80  0.00000  0.0500  0.050
 3591  5.430  -29.75  0.00000  0.0500  0.050
 3592  5.430  -29.70  0.00000  0.0500  0.050
 3593  5.430  -29.65  0.00000  0.0500  0.050
 3594  5.430  -29.60  0.00000  0.0500  0.050
 3595  5.430  -29.55  0.00000  0.0500  0.050
 3596  5.430  -29.50  0.00000  0.0500  0.050
 3597  5.430  -29.45  0.00000  0.0500  0.050
 3598  5.430  -29.40  0.00000  0.0500  0.050
 3599  5.430  -29.35  0.00000  0.0500  0.050
 3600  5.430  -29.30  0.00000  0.0500  0.050
 3601  5.430  -29.25  0.00000  0.0500  0.050
 3602  5.430  -29.20  0.00000  0.0500  0.050
 3603  5.430  -29.15  0.00000  0.0500  0.050
 3604  5.430  -29.10  0.00000  0.0500  0.050
 3605  5.430  -29.05  0.00000  0.0500  0.050
 3606  5.430  -29.00  0.00000  0.0500  0.050
 3607  5.430  -28.95  0.00000  0.0500  0.050
 3608  5.430  -28.90  0.00000  0.0500  0.050
 3609  5.430  -28.85  0.00000  0.0500  0.050
 3610  5.430  -28.80  0.00000  0.0500  0.050
 3611  5.430  -28.75  0.00000  0.0500  0.050
 3612  5.430  -28.70  0.00000  0.0500  0.050
 3613  5.480  -32.95  0.00000  0.0500  0.050
 3614  5.480  -32.90  0.00000  0.0500  0.050
 3615  5.480  -32.85  0.00000  0.0500  0.050
 3616  5.480  -32.80  0.00000  0.0500  0.050
 3617  5.480  -32.75  0.00000  0.0500  0.050
 3618  5.480  -32.70  0.00000  0.0500  0.050
 3619  5.480  -32.65  0.00000  0.0500  0.050
 3620  5.480  -32.60  0.00000  0.0500  0.050
 3621  5.480  -32.55  0.00000  0.0500  0.050
 3622  5.480  -32.50  0.00000  0.0500  0.050
 3623  5.480  -32.45  0.00000  0.0500  0.050
 3624  5.480  -32.40  0.00000  0.0500  0.050
 3625  5.480  -32.35  0.00000  0.0500  0.050
 3626  5.480  -32.30  0.00000  0.0500  0.050
 3627  5.480  -32.25  0.00000  0.0500  0.050
 3628  5.480  -32.20  0.00000  0.0500  0.050
 3629  5.480  -32.15  0.00000  0.0500  0.050
 3630  5.480  -32.10  0.00000  0.0500  0.050
 3631  5.480  -32.05  0.00000  0.0500  0.050
 3632  5.480  -32.00  0.00000  0.0500  0.050
 3633  5.480  -31.95  0.00000  0.0500  0.050
 3634  5.480  -31.90  0.00000  0.0500  0.050
 3635  5.480  -31.85  0.00000  0.0500  0.050
 3636  5.480  -31.80  0.00000  0.0500  0.050
 3637  5.480  -31.75  0.00000  0.0500  0.050
 3638  5.480  -31.70  0.00000  0.0500  0.050
 3639  5.480  -31.65  0.00000  0.0500  0.050
 3640  5.480  -31.60  0.00000  0.0500  0.050
 3641  5.480  -31.55  0.00000  0.0500  0.050
 3642  5.480  -31.50  0.00000  0.0500  0.050
 3643  5.480  -31.45  0.00000  0.0500  0.050
 3644  5.480  -31.40  0.00000  0.0500  0.050
 3645  5.480  -31.35  0.00000  0.0500  0.050
 3646  5.480  -31.30  0.00000  0.0500  0.050
 3647  5.480  -31.25  0.00000  0.0500  0.050
 3648  5.480  -31.20  0.00000  0.0500  0.050
 3649  5.480  -31.15  0.00000  0.0500  0.050
 3650  5.480  -31.10  0.00000  0.0500  0.050
 3651  5.480  -31.05  0.00000  0.0500  0.050
 3652  5.480  -31.00  0.00000  0.0500  0.050
 3653  5.480  -30.95  0.00000  0.0500  0.050
 3654  5.480  -30.90  0.00000  0.0500  0.050
 3655  5.480  -30.85  0.00000  0.0500  0.050
 3656  5.480  -30.80  0.00000  0.0500  0.050
 3657  5.480  -30.75  0.00000  0.0500  0.050
 3658  5.480  -30.70  0.00000  0.0500  0.050
 3659  5.480  -30.65  0.00000  0.0500  0.050
 3660  5.480  -30.60  0.00000  0.0500  0.050
 3661  5.480  -30.55  0.00000  0.0500  0.050
 3662  5.480  -30.50  0.00000  0.0500  0.050
 3663  5.480  -30.45  0.00000  0.0500  0.050
 3664  5.480  -30.40  0.00000  0.0500  0.050
 3665  5.480  -30.35  0.00000  0.0500  0.050
 3666  5.480  -30.30  0.00000  0.0500  0.050
 3667  5.480  -30.25  0.00000  0.0500  0.050
 3668  5.480  -30.20  0.00000  0.0500  0.050
 3669  5.480  -30.15  0.00000  0.0500  0.050
 3670  5.480  -30.10  0.00000  0.0500  0.050
 3671  5.480  -30.05  0.00000  0.0500  0.050
 3672  5.480  -30.00  0.00000  0.0500  0.050
 3673  5.480  -29.95  0.00000  0.0500  0.050
 3674  5.480  -29.90  0.00000  0.0500  0.050
 3675  5.480  -29.85  0.00000  0.0500  0.050
 3676  5.480  -29.80  0.00000  0.0500  0.050
 3677  5.480  -29.75  0.00000  0.0500  0.050
 3678  5.480  -29.70  0.00000  0.0500  0.050
 3679  5.480  -29.65  0.00000  0.0500  0.050
 3680  5.480  -29.60  0.00000  0.0500  0.050
 3681  5.480  -29.55  0.00000  0.0500  0.050
 3682  5.480  -29.50  0.00000  0.0500  0.050
 3683  5.480  -29.45  0.00000  0.0500  0.050
 3684  5.480  -29.40  0.00000  0.0500  0.050
 3685  5.480  -29.35  0.00000  0.0500  0.050
 3686  5.480  -29.30  0.00000  0.0500  0.050
 3687  5.480  -29.25  0.00000  0.0500  0.050
 3688  5.480  -29.20  0.00000  0.0500  0.050
 3689  5.480  -29.15  0.00000  0.0500  0.050
 3690  5.480  -29.10  0.00000  0.0500  0.050
 3691  5.480  -29.05  0.00000  0.0500  0.050
 3692  5.480  -29.00  0.00000  0.0500  0.050
 3693  5.480  -28.95  0.00000  0.0500  0.050
 3694  5.480  -28.90  0.00000  0.0500  0.050
 3695  5.480  -28.85  0.00000  0.0500  0.050
 3696  5.480  -28.80  0.00000  0.0500  0.050
 3697  5.480  -28.75  0.00000  0.0500  0.050
 3698  5.480  -28.70  0.00000  0.0500  0.050
 3699  5.530  -32.95  0.00000  0.0500  0.050
 3700  5.530  -32.90  0.00000  0.0500  0.050
 3701  5.530  -32.85  0.00000  0.0500  0.050
 3702  5.530  -32.80  0.00000  0.0500  0.050
 3703  5.530  -32.75  0.00000  0.0500  0.050
 3704  5.530  -32.70  0.00000  0.0500  0.050
 3705  5.530  -32.65  0.00000  0.0500  0.050
 3706  5.530  -32.60  0.00000  0.0500  0.050
 3707  5.530  -32.55  0.00000  0.0500  0.050
 3708  5.530  -32.50  0.00000  0.0500  0.050
 3709  5.530  -32.45  0.00000  0.0500  0.050
 3710  5.530  -32.40  0.00000  0.0500  0.050
 3711  5.530  -32.35  0.00000  0.0500  0.050
 3712  5.530  -32.30  0.00000  0.0500  0.050
 3713  5.530  -32.25  0.00000  0.0500  0.050
 3714  5.530  -32.20  0.00000  0.0500  0.050
 3715  5.530  -32.15  0.00000  0.0500  0.050
 3716  5.530  -32.10  0.00000  0.0500  0.050
 3717  5.530  -32.05  0.00000  0.0500  0.050
 3718  5.530  -32.00  0.00000  0.0500  0.050
 3719  5.530  -31.95  0.00000  0.0500  0.050
 3720  5.530  -31.90  0.00000  0.0500  0.050
 3721  5.530  -31.85  0.00000  0.0500  0.050
 3722  5.530  -31.80  0.00000  0.0500  0.050
 3723  5.530  -31.75  0.00000  0.0500  0.050
 3724  5.530  -31.70  0.00000  0.0500  0.050
 3725  5.530  -31.65  0.00000  0.0500  0.050
 3726  5.530  -31.60  0.00000  0.0500  0.050
 3727  5.530  -31.55  0.00000  0.0500  0.050
 3728  5.530  -31.50  0.00000  0.0500  0.050
 3729  5.530  -31.45  0.00000  0.0500  0.050
 3730  5.530  -31.40  0.00000  0.0500  0.050
 3731  5.530  -31.35  0.00000  0.0500  0.050
 3732  5.530  -31.30  0.00000  0.0500  0.050
 3733  5.530  -31.25  0.00000  0.0500  0.050
 3734  5.530  -31.20  0.00000  0.0500  0.050
 3735  5.530  -31.15  0.00000  0.0500  0.050
 3736  5.530  -31.10  0.00000  0.0500  0.050
 3737  5.530  -31.05  0.00000  0.0500  0.050
 3738  5.530  -31.00  0.00000  0.0500  0.050
 3739  5.530  -30.95  0.00000  0.0500  0.050
 3740  5.530  -30.90  0.00000  0.0500  0.050
 3741  5.530  -30.85  0.00000  0.0500  0.050
 3742  5.530  -30.80  0.00000  0.0500  0.050
 3743  5.530  -30.75  0.00000  0.0500  0.050
 3744  5.530  -30.70  0.00000  0.0500  0.050
 3745  5.530  -30.65  0.00000  0.0500  0.050
 3746  5.530  -30.60  0.00000  0.0500  0.050
 3747  5.530  -30.55  0.00000  0.0500  0.050
 3748  5.530  -30.50  0.00000  0.0500  0.050
 3749  5.530  -30.45  0.00000  0.0500  0.050
 3750  5.530  -30.40  0.00000  0.0500  0.050
 3751  5.530  -30.35  0.00000  0.0500  0.050
 3752  5.530  -30.30  0.00000  0.0500  0.050
 3753  5.530  -30.25  0.00000  0.0500  0.050
 3754  5.530  -30.20  0.00000  0.0500  0.050
 3755  5.530  -30.15  0.00000  0.0500  0.050
 3756  5.530  -30.10  0.00000  0.0500  0.050
 3757  5.530  -30.05  0.00000  0.0500  0.050
 3758  5.530  -30.00  0.00000  0.0500  0.050
 3759  5.530  -29.95  0.00000  0.0500  0.050
 3760  5.530  -29.90  0.00000  0.0500  0.050
 3761  5.530  -29.85  0.00000  0.0500  0.050
 3762  5.530  -29.80  0.00000  0.0500  0.050
 3763  5.530  -29.75  0.00000  0.0500  0.050
 3764  5.530  -29.70  0.00000  0.0500  0.050
 3765  5.530  -29.65  0.00000  0.0500  0.050
 3766  5.530  -29.60  0.00000  0.0500  0.050
 3767  5.530  -29.55  0.00000  0.0500  0.050
 3768  5.530  -29.50  0.00000  0.0500  0.050
 3769  5.530  -29.45  0.00000  0.0500  0.050
 3770  5.530  -29.40  0.00000  0.0500  0.050
 3771  5.530  -29.35  0.00000  0.0500  0.050
 3772  5.530  -29.30  0.00000  0.0500  0.050
 3773  5.530  -29.25  0.00000  0.0500  0.050
 3774  5.530  -29.20  0.00000  0.0500  0.050
 3775  5.530  -29.15  0.00000  0.0500  0.050
 3776  5.530  -29.10  0.00000  0.0500  0.050
 3777  5.530  -29.05  0.00000  0.0500  0.050
 3778  5.530  -29.00  0.00000  0.0500  0.050
 3779  5.530  -28.95  0.00000  0.0500  0.050
 3780  5.530  -28.90  0.00000  0.0500  0.050
 3781  5.530  -28.85  0.00000  0.0500  0.050
 3782  5.530  -28.80  0.00000  0.0500  0.050
 3783  5.530  -28.75  0.00000  0.0500  0.050
 3784  5.530  -28.70  0.00000  0.0500  0.050
 3785  5.580  -32.95  0.00000  0.0500  0.050
 3786  5.580  -32.90  0.00000  0.0500  0.050
 3787  5.580  -32.85  0.00000  0.0500  0.050
 3788  5.580  -32.80  0.00000  0.0500  0.050
 3789  5.580  -32.75  0.00000  0.0500  0.050
 3790  5.580  -32.70  0.00000  0.0500  0.050
 3791  5.580  -32.65  0.00000  0.0500  0.050
 3792  5.580  -32.60  0.00000  0.0500  0.050
 3793  5.580  -32.55  0.00000  0.0500  0.050
 3794  5.580  -32.50  0.00000  0.0500  0.050
 3795  5.580  -32.45  0.00000  0.0500  0.050
 3796  5.580  -32.40  0.00000  0.0500  0.050
 3797  5.580  -32.35  0.00000  0.0500  0.050
 3798  5.580  -32.30  0.00000  0.0500  0.050
 3799  5.580  -32.25  0.00000  0.0500  0.050
 3800  5.580  -32.20  0.00000  0.0500  0.050
 3801  5.580  -32.15  0.00000  0.0500  0.050
 3802  5.580  -32.10  0.00000  0.0500  0.050
 3803  5.580  -32.05  0.00000  0.0500  0.050
 3804  5.580  -32.00  0.00000  0.0500  0.050
 3805  5.580  -31.95  0.00000  0.0500  0.050
 3806  5.580  -31.90  0.00000  0.0500  0.050
 3807  5.580  -31.85  0.00000  0.0500  0.050
 3808  5.580  -31.80  0.00000  0.0500  0.050
 3809  5.580  -31.75  0.00000  0.0500  0.050
 3810  5.580  -31.70  0.00000  0.0500  0.050
 3811  5.580  -31.65  0.00000  0.0500  0.050
 3812  5.580  -31.60  0.00000  0.0500  0.050
 3813  5.580  -31.55  0.00000  0.0500  0.050
 3814  5.580  -31.50  0.00000  0.0500  0.050
 3815  5.580  -31.45  0.00000  0.0500  0.050
 3816  5.580  -31.40  0.00000  0.0500  0.050
 3817  5.580  -31.35  0.00000  0.0500  0.050
 3818  5.580  -31.30  0.00000  0.0500  0.050
 3819  5.580  -31.25  0.00000  0.0500  0.050
 3820  5.580  -31.20  0.00000  0.0500  0.050
 3821  5.580  -31.15  0.00000  0.0500  0.050
 3822  5.580  -31.10  0.00000  0.0500  0.050
 3823  5.580  -31.05  0.00000  0.0500  0.050
 3824  5.580  -31.00  0.00000  0.0500  0.050
 3825  5.580  -30.95  0.00000  0.0500  0.050
 3826  5.580  -30.90  0.00000  0.0500  0.050
 3827  5.580  -30.85  0.00000  0.0500  0.050
 3828  5.580  -30.80  0.00000  0.0500  0.050
 3829  5.580  -30.75  0.00000  0.0500  0.050
 3830  5.580  -30.70  0.00000  0.0500  0.050
 3831  5.580  -30.65  0.00000  0.0500  0.050
 3832  5.580  -30.60  0.00000  0.0500  0.050
 3833  5.580  -30.55  0.00000  0.0500  0.050
 3834  5.580  -30.50  0.00000  0.0500  0.050
 3835  5.580  -30.45  1.00000  0.0500  0.050
 3836  5.580  -30.40  0.00000  0.0500  0.050
 3837  5.580  -30.35  0.00000  0.0500  0.050
 3838  5.580  -30.30  0.00000  0.0500  0.050
 3839  5.580  -30.25  0.00000  0.0500  0.050
 3840  5.580  -30.20  0.00000  0.0500  0.050
 3841  5.580  -30.15  0.00000  0.0500  0.050
 3842  5.580  -30.10  0.00000  0.0500  0.050
 3843  5.580  -30.05  0.00000  0.0500  0.050
 3844  5.580  -30.00  0.00000  0.0500  0.050
 3845  5.580  -29.95  0.00000  0.0500  0.050
 3846  5.580  -29.90  0.00000  0.0500  0.050
 3847  5.580  -29.85  0.00000  0.0500  0.050
 3848  5.580  -29.80  0.00000  0.0500  0.050
 3849  5.580  -29.75  0.00000  0.0500  0.050
 3850  5.580  -29.70  0.00000  0.0500  0.050
 3851  5.580  -29.65  0.00000  0.0500  0.050
 3852  5.580  -29.60  0.00000  0.0500  0.050
 3853  5.580  -29.55  0.00000  0.0500  0.050
 3854  5.580  -29.50  0.00000  0.0500  0.050
 3855  5.580  -29.45  0.00000  0.0500  0.050
 3856  5.580  -29.40  0.00000  0.0500  0.050
 3857  5.580  -29.35  0.00000  0.0500  0.050
 3858  5.580  -29.30  0.00000  0.0500  0.050
 3859  5.580  -29.25  0.00000  0.0500  0.050
 3860  5.580  -29.20  0.00000  0.0500  0.050
 3861  5.580  -29.15  0.00000  0.0500  0.050
 3862  5.580  -29.10  0.00000  0.0500  0.050
 3863  5.580  -29.05  0.00000  0.0500  0.050
 3864  5.580  -29.00  0.00000  0.0500  0.050
 3865  5.580  -28.95  0.00000  0.0500  0.050
 3866  5.580  -28.90  0.00000  0.0500  0.050
 3867  5.580  -28.85  0.00000  0.0500  0.050
 3868  5.580  -28.80  0.00000  0.0500  0.050
 3869  5.580  -28.75  0.00000  0.0500  0.050
 3870  5.580  -28.70  0.00000  0.0500  0.050
 3871  5.630  -32.95  0.00000  0.0500  0.050
 3872  5.630  -32.90  0.00000  0.0500  0.050
 3873  5.630  -32.85  0.00000  0.0500  0.050
 3874  5.630  -32.80  0.00000  0.0500  0.050
 3875  5.630  -32.75  0.00000  0.0500  0.050
 3876  5.630  -32.70  0.00000  0.0500  0.050
 3877  5.630  -32.65  0.00000  0.0500  0.050
 3878  5.630  -32.60  0.00000  0.0500  0.050
 3879  5.630  -32.55  0.00000  0.0500  0.050
 3880  5.630  -32.50  0.00000  0.0500  0.050
 3881  5.630  -32.45  0.00000  0.0500  0.050
 3882  5.630  -32.40  0.00000  0.0500  0.050
 3883  5.630  -32.35  0.00000  0.0500  0.050
 3884  5.630  -32.30  0.00000  0.0500  0.050
 3885  5.630  -32.25  0.00000  0.0500  0.050
 3886  5.630  -32.20  0.00000  0.0500  0.050
 3887  5.630  -32.15  0.00000  0.0500  0.050
 3888  5.630  -32.10  0.00000  0.0500  0.050
 3889  5.630  -32.05  0.00000  0.0500  0.050
 3890  5.630  -32.00  0.00000  0.0500  0.050
 3891  5.630  -31.95  0.00000  0.0500  0.050
 3892  5.630  -31.90  0.00000  0.0500  0.050
 3893  5.630  -31.85  0.00000  0.0500  0.050
 3894  5.630  -31.80  0.00000  0.0500  0.050
 3895  5.630  -31.75  0.00000  0.0500  0.050
 3896  5.630  -31.70  0.00000  0.0500  0.050
 3897  5.630  -31.65  0.00000  0.0500  0.050
 3898  5.630  -31.60  0.00000  0.0500  0.050
 3899  5.630  -31.55  0.00000  0.0500  0.050
 3900  5.630  -31.50  0.00000  0.0500  0.050
 3901  5.630  -31.45  0.00000  0.0500  0.050
 3902  5.630  -31.40  0.00000  0.0500  0.050
 3903  5.630  -31.35  0.00000  0.0500  0.050
 3904  5.630  -31.30  0.00000  0.0500  0.050
 3905  5.630  -31.25  0.00000  0.0500  0.050
 3906  5.630  -31.20  0.00000  0.0500  0.050
 3907  5.630  -31.15  0.00000  0.0500  0.050
 3908  5.630  -31.10  0.00000  0.0500  0.050
 3909  5.630  -31.05  0.00000  0.0500  0.050
 3910  5.630  -31.00  0.00000  0.0500  0.050
 3911  5.630  -30.95  0.00000  0.0500  0.050
 3912  5.630  -30.90  0.00000  0.0500  0.050
 3913  5.630  -30.85  0.00000  0.0500  0.050
 3914  5.630  -30.80  0.00000  0.0500  0.050
 3915  5.630  -30.75  0.00000  0.0500  0.050
 3916  5.630  -30.70  0.00000  0.0500  0.050
 3917  5.630  -30.65  0.00000  0.0500  0.050
 3918  5.630  -30.60  0.00000  0.0500  0.050
 3919  5.630  -30.55  0.00000  0.0500  0.050
 3920  5.630  -30.50  0.00000  0.0500  0.050
 3921  5.630  -30.45  0.00000  0.0500  0.050
 3922  5.630  -30.40  0.00000  0.0500  0.050
 3923  5.630  -30.35  0.00000  0.0500  0.050
 3924  5.630  -30.30  0.00000  0.0500  0.050
 3925  5.630  -30.25  0.00000  0.0500  0.050
 3926  5.630  -30.20  0.00000  0.0500  0.050
 3927  5.630  -30.15  0.00000  0.0500  0.050
 3928  5.630  -30.10  0.00000  0.0500  0.050
 3929  5.630  -30.05  0.00000  0.0500  0.050
 3930  5.630  -30.00  0.00000  0.0500  0.050
 3931  5.630  -29.95  0.00000  0.0500  0.050
 3932  5.630  -29.90  0.00000  0.0500  0.050
 3933  5.630  -29.85  0.00000  0.0500  0.050
 3934  5.630  -29.80  0.00000  0.0500  0.050
 3935  5.630  -29.75  0.00000  0.0500  0.050
 3936  5.630  -29.70  0.00000  0.0500  0.050
 3937  5.630  -29.65  0.00000  0.0500  0.050
 3938  5.630  -29.60  0.00000  0.0500  0.050
 3939  5.630  -29.55  0.00000  0.0500  0.050
 3940  5.630  -29.50  0.00000  0.0500  0.050
 3941  5.630  -29.45  0.00000  0.0500  0.050
 3942  5.630  -29.40  0.00000  0.0500  0.050
 3943  5.630  -29.35  0.00000  0.0500  0.050
 3944  5.630  -29.30  0.00000  0.0500  0.050
 3945  5.630  -29.25  0.00000  0.0500  0.050
 3946  5.630  -29.20  0.00000  0.0500  0.050
 3947  5.630  -29.15  0.00000  0.0500  0.050
 3948  5.630  -29.10  0.00000  0.0500  0.050
 3949  5.630  -29.05  0.00000  0.0500  0.050
 3950  5.630  -29.00  0.00000  0.0500  0.050
 3951  5.630  -28.95  0.00000  0.0500  0.050
 3952  5.630  -28.90  0.00000  0.0500  0.050
 3953  5.630  -28.85  0.00000  0.0500  0.050
 3954  5.630  -28.80  0.00000  0.0500  0.050
 3955  5.630  -28.75  0.00000  0.0500  0.050
 3956  5.630  -28.70  0.00000  0.0500  0.050
 3957  5.680  -32.95  0.00000  0.0500  0.050
 3958  5.680  -32.90  0.00000  0.0500  0.050
 3959  5.680  -32.85  0.00000  0.0500  0.050
 3960  5.680  -32.80  0.00000  0.0500  0.050
 3961  5.680  -32.75  0.00000  0.0500  0.050
 3962  5.680  -32.70  0.00000  0.0500  0.050
 3963  5.680  -32.65  0.00000  0.0500  0.050
 3964  5.680  -32.60  0.00000  0.0500  0.050
 3965  5.680  -32.55  0.00000  0.0500  0.050
 3966  5.680  -32.50  0.00000  0.0500  0.050
 3967  5.680  -32.45  0.00000  0.0500  0.050
 3968  5.680  -32.40  0.00000  0.0500  0.050
 3969  5.680  -32.35  0.00000  0.0500  0.050
 3970  5.680  -32.30  0.00000  0.0500  0.050
 3971  5.680  -32.25  0.00000  0.0500  0.050
 3972  5.680  -32.20  0.00000  0.0500  0.050
 3973  5.680  -32.15  0.00000  0.0500  0.050
 3974  5.680  -32.10  0.00000  0.0500  0.050
 3975  5.680  -32.05  0.00000  0.0500  0.050
 3976  5.680  -32.00  0.00000  0.0500  0.050
 3977  5.680  -31.95  0.00000  0.0500  0.050
 3978  5.680  -31.90  0.00000  0.0500  0.050
 3979  5.680  -31.85  0.00000  0.0500  0.050
 3980  5.680  -31.80  0.00000  0.0500  0.050
 3981  5.680  -31.75  0.00000  0.0500  0.050
 3982  5.680  -31.70  0.00000  0.0500  0.050
 3983  5.680  -31.65  0.00000  0.0500  0.050
 3984  5.680  -31.60  0.00000  0.0500  0.050
 3985  5.680  -31.55  0.00000  0.0500  0.050
 3986  5.680  -31.50  0.00000  0.0500  0.050
 3987  5.680  -31.45  0.00000  0.0500  0.050
 3988  5.680  -31.40  0.00000  0.0500  0.050
 3989  5.680  -31.35  0.00000  0.0500  0.050
 3990  5.680  -31.30  0.00000  0.0500  0.050
 3991  5.680  -31.25  0.00000  0.0500  0.050
 3992  5.680  -31.20  0.00000  0.0500  0.050
 3993  5.680  -31.15  0.00000  0.0500  0.050
 3994  5.680  -31.10  0.00000  0.0500  0.050
 3995  5.680  -31.05  0.00000  0.0500  0.050
 3996  5.680  -31.00  0.00000  0.0500  0.050
 3997  5.680  -30.95  0.00000  0.0500  0.050
 3998  5.680  -30.90  0.00000  0.0500  0.050
 3999  5.680  -30.85  0.00000  0.0500  0.050
 4000  5.680  -30.80  0.00000  0.0500  0.050
 4001  5.680  -30.75  0.00000  0.0500  0.050
 4002  5.680  -30.70  0.00000  0.0500  0.050
 4003  5.680  -30.65  0.00000  0.0500  0.050
 4004  5.680  -30.60  0.00000  0.0500  0.050
 4005  5.680  -30.55  0.00000  0.0500  0.050
 4006  5.680  -30.50  0.00000  0.0500  0.050
 4007  5.680  -30.45  0.00000  0.0500  0.050
 4008  5.680  -30.40  0.00000  0.0500  0.050
 4009  5.680  -30.35  0.00000  0.0500  0.050
 4010  5.680  -30.30  0.00000  0.0500  0.050
 4011  5.680  -30.25  0.00000  0.0500  0.050
 4012  5.680  -30.20  0.00000  0.0500  0.050
 4013  5.680  -30.15  0.00000  0.0500  0.050
 4014  5.680  -30.10  0.00000  0.0500  0.050
 4015  5.680  -30.05  0.00000  0.0500  0.050
 4016  5.680  -30.00  0.00000  0.0500  0.050
 4017  5.680  -29.95  0.00000  0.0500  0.050
 4018  5.680  -29.90  0.00000  0.0500  0.050
 4019  5.680  -29.85  0.00000  0.0500  0.050
 4020  5.680  -29.80  0.00000  0.0500  0.050
 4021  5.680  -29.75  0.00000  0.0500  0.050
 4022  5.680  -29.70  0.00000  0.0500  0.050
 4023  5.680  -29.65  0.00000  0.0500  0.050
 4024  5.680  -29.60  0.00000  0.0500  0.050
 4025  5.680  -29.55  0.00000  0.0500  0.050
 4026  5.680  -29.50  0.00000  0.0500  0.050
 4027  5.680  -29.45  0.00000  0.0500  0.050
 4028  5.680  -29.40  0.00000  0.0500  0.050
 4029  5.680  -29.35  0.00000  0.0500  0.050
 4030  5.680  -29.30  0.00000  0.0500  0.050
 4031  5.680  -29.25  0.00000  0.0500  0.050
 4032  5.680  -29.20  0.00000  0.0500  0.050
 4033  5.680  -29.15  0.00000  0.0500  0.050
 4034  5.680  -29.10  0.00000  0.0500  0.050
 4035  5.680  -29.05  0.00000  0.0500  0.050
 4036  5.680  -29.00  0.00000  0.0500  0.050
 4037  5.680  -28.95  0.00000  0.0500  0.050
 4038  5.680  -28.90  0.00000  0.0500  0.050
 4039  5.680  -28.85  0.00000  0.0500  0.050
 4040  5.680  -28.80  0.00000  0.0500  0.050
 4041  5.680  -28.75  0.00000  0.0500  0.050
 4042  5.680  -28.70  0.00000  0.0500  0.050
 4043  5.730  -32.95  0.00000  0.0500  0.050
 4044  5.730  -32.90  0.00000  0.0500  0.050
 4045  5.730  -32.85  0.00000  0.0500  0.050
 4046  5.730  -32.80  0.00000  0.0500  0.050
 4047  5.730  -32.75  0.00000  0.0500  0.050
 4048  5.730  -32.70  0.00000  0.0500  0.050
 4049  5.730  -32.65  0.00000  0.0500  0.050
 4050  5.730  -32.60  0.00000  0.0500  0.050
 4051  5.730  -32.55  0.00000  0.0500  0.050
 4052  5.730  -32.50  0.00000  0.0500  0.050
 4053  5.730  -32.45  0.00000  0.0500  0.050
 4054  5.730  -32.40  0.00000  0.0500  0.050
 4055  5.730  -32.35  0.00000  0.0500  0.050
 4056  5.730  -32.30  0.00000  0.0500  0.050
 4057  5.730  -32.25  0.00000  0.0500  0.050
 4058  5.730  -32.20  0.00000  0.0500  0.050
 4059  5.730  -32.15  0.00000  0.0500  0.050
 4060  5.730  -32.10  0.00000  0.0500  0.050
 4061  5.730  -32.05  0.00000  0.0500  0.050
 4062  5.730  -32.00  0.00000  0.0500  0.050
 4063  5.730  -31.95  0.00000  0.0500  0.050
 4064  5.730  -31.90  0.00000  0.0500  0.050
 4065  5.730  -31.85  0.00000  0.0500  0.050
 4066  5.730  -31.80  0.00000  0.0500  0.050
 4067  5.730  -31.75  0.00000  0.0500  0.050
 4068  5.730  -31.70  0.00000  0.0500  0.050
 4069  5.730  -31.65  0.00000  0.0500  0.050
 4070  5.730  -31.60  0.00000  0.0500  0.050
 4071  5.730  -31.55  0.00000  0.0500  0.050
 4072  5.730  -31.50  0.00000  0.0500  0.050
 4073  5.730  -31.45  0.00000  0.0500  0.050
 4074  5.730  -31.40  0.00000  0.0500  0.050
 4075  5.730  -31.35  0.00000  0.0500  0.050
 4076  5.730  -31.30  0.00000  0.0500  0.050
 4077  5.730  -31.25  0.00000  0.0500  0.050
 4078  5.730  -31.20  1.00000  0.0500  0.050
 4079  5.730  -31.15  0.00000  0.0500  0.050
 4080  5.730  -31.10  0.00000  0.0500  0.050
 4081  5.730  -31.05  0.00000  0.0500  0.050
 4082  5.730  -31.00  0.00000  0.0500  0.050
 4083  5.730  -30.95  0.00000  0.0500  0.050
 4084  5.730  -30.90  0.00000  0.0500  0.050
 4085  5.730  -30.85  0.00000  0.0500  0.050
 4086  5.730  -30.80  0.00000  0.0500  0.050
 4087  5.730  -30.75  0.00000  0.0500  0.050
 4088  5.730  -30.70  0.00000  0.0500  0.050
 4089  5.730  -30.65  0.00000  0.0500  0.050
 4090  5.730  -30.60  0.00000  0.0500  0.050
 4091  5.730  -30.55  0.00000  0.0500  0.050
 4092  5.730  -30.50  0.00000  0.0500  0.050
 4093  5.730  -30.45  0.00000  0.0500  0.050
 4094  5.730  -30.40  0.00000  0.0500  0.050
 4095  5.730  -30.35  0.00000  0.0500  0.050
 4096  5.730  -30.30  0.00000  0.0500  0.050
 4097  5.730  -30.25  0.00000  0.0500  0.050
 4098  5.730  -30.20  0.00000  0.0500  0.050
 4099  5.730  -30.15  0.00000  0.0500  0.050
 4100  5.730  -30.10  0.00000  0.0500  0.050
 4101  5.730  -30.05  0.00000  0.0500  0.050
 4102  5.730  -30.00  0.00000  0.0500  0.050
 4103  5.730  -29.95  0.00000  0.0500  0.050
 4104  5.730  -29.90  0.00000  0.0500  0.050
 4105  5.730  -29.85  0.00000  0.0500  0.050
 4106  5.730  -29.80  0.00000  0.0500  0.050
 4107  5.730  -29.75  0.00000  0.0500  0.050
 4108  5.730  -29.70  0.00000  0.0500  0.050
 4109  5.730  -29.65  0.00000  0.0500  0.050
 4110  5.730  -29.60  0.00000  0.0500  0.050
 4111  5.730  -29.55  0.00000  0.0500  0.050
 4112  5.730  -29.50  0.00000  0.0500  0.050
 4113  5.730  -29.45  0.00000  0.0500  0.050
 4114  5.730  -29.40  0.00000  0.0500  0.050
 4115  5.730  -29.35  0.00000  0.0500  0.050
 4116  5.730  -29.30  0.00000  0.0500  0.050
 4117  5.730  -29.25  0.00000  0.0500  0.050
 4118  5.730  -29.20  0.00000  0.0500  0.050
 4119  5.730  -29.15  0.00000  0.0500  0.050
 4120  5.730  -29.10  0.00000  0.0500  0.050
 4121  5.730  -29.05  0.00000  0.0500  0.050
 4122  5.730  -29.00  0.00000  0.0500  0.050
 4123  5.730  -28.95  0.00000  0.0500  0.050
 4124  5.730  -28.90  0.00000  0.0500  0.050
 4125  5.730  -28.85  0.00000  0.0500  0.050
 4126  5.730  -28.80  0.00000  0.0500  0.050
 4127  5.730  -28.75  0.00000  0.0500  0.050
 4128  5.730  -28.70  0.00000  0.0500  0.050
 4129  5.780  -32.95  0.00000  0.0500  0.050
 4130  5.780  -32.90  0.00000  0.0500  0.050
 4131  5.780  -32.85  0.00000  0.0500  0.050
 4132  5.780  -32.80  0.00000  0.0500  0.050
 4133  5.780  -32.75  0.00000  0.0500  0.050
 4134  5.780  -32.70  0.00000  0.0500  0.050
 4135  5.780  -32.65  0.00000  0.0500  0.050
 4136  5.780  -32.60  0.00000  0.0500  0.050
 4137  5.780  -32.55  0.00000  0.0500  0.050
 4138  5.780  -32.50  0.00000  0.0500  0.050
 4139  5.780  -32.45  0.00000  0.0500  0.050
 4140  5.780  -32.40  0.00000  0.0500  0.050
 4141  5.780  -32.35  0.00000  0.0500  0.050
 4142  5.780  -32.30  0.00000  0.0500  0.050
 4143  5.780  -32.25  0.00000  0.0500  0.050
 4144  5.780  -32.20  0.00000  0.0500  0.050
 4145  5.780  -32.15  0.00000  0.0500  0.050
 4146  5.780  -32.10  0.00000  0.0500  0.050
 4147  5.780  -32.05  0.00000  0.0500  0.050
 4148  5.780  -32.00  0.00000  0.0500  0.050
 4149  5.780  -31.95  0.00000  0.0500  0.050
 4150  5.780  -31.90  0.00000  0.0500  0.050
 4151  5.780  -31.85  0.00000  0.0500  0.050
 4152  5.780  -31.80  0.00000  0.0500  0.050
 4153  5.780  -31.75  0.00000  0.0500  0.050
 4154  5.780  -31.70  0.00000  0.0500  0.050
 4155  5.780  -31.65  0.00000  0.0500  0.050
 4156  5.780  -31.60  0.00000  0.0500  0.050
 4157  5.780  -31.55  0.00000  0.0500  0.050
 4158  5.780  -31.50  0.00000  0.0500  0.050
 4159  5.780  -31.45  0.00000  0.0500  0.050
 4160  5.780  -31.40  0.00000  0.0500  0.050
 4161  5.780  -31.35  0.00000  0.0500  0.050
 4162  5.780  -31.30  0.00000  0.0500  0.050
 4163  5.780  -31.25  0.00000  0.0500  0.050
 4164  5.780  -31.20  0.00000  0.0500  0.050
 4165  5.780  -31.15  0.00000  0.0500  0.050
 4166  5.780  -31.10  0.00000  0.0500  0.050
 4167  5.780  -31.05  0.00000  0.0500  0.050
 4168  5.780  -31.00  0.00000  0.0500  0.050
 4169  5.780  -30.95  0.00000  0.0500  0.050
 4170  5.780  -30.90  0.00000  0.0500  0.050
 4171  5.780  -30.85  0.00000  0.0500  0.050
 4172  5.780  -30.80  0.00000  0.0500  0.050
 4173  5.780  -30.75  0.00000  0.0500  0.050
 4174  5.780  -30.70  0.00000  0.0500  0.050
 4175  5.780  -30.65  0.00000  0.0500  0.050
 4176  5.780  -30.60  0.00000  0.0500  0.050
 4177  5.780  -30.55  0.00000  0.0500  0.050
 4178  5.780  -30.50  0.00000  0.0500  0.050
 4179  5.780  -30.45  0.00000  0.0500  0.050
 4180  5.780  -30.40  0.00000  0.0500  0.050
 4181  5.780  -30.35  0.00000  0.0500  0.050
 4182  5.780  -30.30  0.00000  0.0500  0.050
 4183  5.780  -30.25  0.00000  0.0500  0.050
 4184  5.780  -30.20  0.00000  0.0500  0.050
 4185  5.780  -30.15  0.00000  0.0500  0.050
 4186  5.780  -30.10  0.00000  0.0500  0.050
 4187  5.780  -30.05  0.00000  0.0500  0.050
 4188  5.780  -30.00  0.00000  0.0500  0.050
 4189  5.780  -29.95  0.00000  0.0500  0.050
 4190  5.780  -29.90  0.00000  0.0500  0.050
 4191  5.780  -29.85  0.00000  0.0500  0.050
 4192  5.780  -29.80  0.00000  0.0500  0.050
 4193  5.780  -29.75  0.00000  0.0500  0.050
 4194  5.780  -29.70  0.00000  0.0500  0.050
 4195  5.780  -29.65  0.00000  0.0500  0.050
 4196  5.780  -29.60  0.00000  0.0500  0.050
 4197  5.780  -29.55  0.00000  0.0500  0.050
 4198  5.780  -29.50  0.00000  0.0500  0.050
 4199  5.780  -29.45  0.00000  0.0500  0.050
 4200  5.780  -29.40  0.00000  0.0500  0.050
 4201  5.780  -29.35  0.00000  0.0500  0.050
 4202  5.780  -29.30  0.00000  0.0500  0.050
 4203  5.780  -29.25  0.00000  0.0500  0.050
 4204  5.780  -29.20  0.00000  0.0500  0.050
 4205  5.780  -29.15  0.00000  0.0500  0.050
 4206  5.780  -29.10  0.00000  0.0500  0.050
 4207  5.780  -29.05  0.00000  0.0500  0.050
 4208  5.780  -29.00  0.00000  0.0500  0.050
 4209  5.780  -28.95  0.00000  0.0500  0.050
 4210  5.780  -28.90  0.00000  0.0500  0.050
 4211  5.780  -28.85  0.00000  0.0500  0.050
 4212  5.780  -28.80  0.00000  0.0500  0.050
 4213  5.780  -28.75  0.00000  0.0500  0.050
 4214  5.780  -28.70  0.00000  0.0500  0.050
 4215  5.830  -32.95  0.00000  0.0500  0.050
 4216  5.830  -32.90  0.00000  0.0500  0.050
 4217  5.830  -32.85  0.00000  0.0500  0.050
 4218  5.830  -32.80  0.00000  0.0500  0.050
 4219  5.830  -32.75  0.00000  0.0500  0.050
 4220  5.830  -32.70  0.00000  0.0500  0.050
 4221  5.830  -32.65  0.00000  0.0500  0.050
 4222  5.830  -32.60  0.00000  0.0500  0.050
 4223  5.830  -32.55  0.00000  0.0500  0.050
 4224  5.830  -32.50  0.00000  0.0500  0.050
 4225  5.830  -32.45  0.00000  0.0500  0.050
 4226  5.830  -32.40  0.00000  0.0500  0.050
 4227  5.830  -32.35  0.00000  0.0500  0.050
 4228  5.830  -32.30  0.00000  0.0500  0.050
 4229  5.830  -32.25  0.00000  0.0500  0.050
 4230  5.830  -32.20  0.00000  0.0500  0.050
 4231  5.830  -32.15  0.00000  0.0500  0.050
 4232  5.830  -32.10  0.00000  0.0500  0.050
 4233  5.830  -32.05  0.00000  0.0500  0.050
 4234  5.830  -32.00  0.00000  0.0500  0.050
 4235  5.830  -31.95  0.00000  0.0500  0.050
 4236  5.830  -31.90  0.00000  0.0500  0.050
 4237  5.830  -31.85  0.00000  0.0500  0.050
 4238  5.830  -31.80  0.00000  0.0500  0.050
 4239  5.830  -31.75  0.00000  0.0500  0.050
 4240  5.830  -31.70  0.00000  0.0500  0.050
 4241  5.830  -31.65  0.00000  0.0500  0.050
 4242  5.830  -31.60  0.00000  0.0500  0.050
 4243  5.830  -31.55  0.00000  0.0500  0.050
 4244  5.830  -31.50  0.00000  0.0500  0.050
 4245  5.830  -31.45  0.00000  0.0500  0.050
 4246  5.830  -31.40  0.00000  0.0500  0.050
 4247  5.830  -31.35  0.00000  0.0500  0.050
 4248  5.830  -31.30  0.00000  0.0500  0.050
 4249  5.830  -31.25  0.00000  0.0500  0.050
 4250  5.830  -31.20  0.00000  0.0500  0.050
 4251  5.830  -31.15  0.00000  0.0500  0.050
 4252  5.830  -31.10  0.00000  0.0500  0.050
 4253  5.830  -31.05  0.00000  0.0500  0.050
 4254  5.830  -31.00  0.00000  0.0500  0.050
 4255  5.830  -30.95  0.00000  0.0500  0.050
 4256  5.830  -30.90  0.00000  0.0500  0.050
 4257  5.830  -30.85  0.00000  0.0500  0.050
 4258  5.830  -30.80  0.00000  0.0500  0.050
 4259  5.830  -30.75  0.00000  0.0500  0.050
 4260  5.830  -30.70  0.00000  0.0500  0.050
 4261  5.830  -30.65  0.00000  0.0500  0.050
 4262  5.830  -30.60  0.00000  0.0500  0.050
 4263  5.830  -30.55  0.00000  0.0500  0.050
 4264  5.830  -30.50  0.00000  0.0500  0.050
 4265  5.830  -30.45  0.00000  0.0500  0.050
 4266  5.830  -30.40  0.00000  0.0500  0.050
 4267  5.830  -30.35  0.00000  0.0500  0.050
 4268  5.830  -30.30  0.00000  0.0500  0.050
 4269  5.830  -30.25  0.00000  0.0500  0.050
 4270  5.830  -30.20  0.00000  0.0500  0.050
 4271  5.830  -30.15  0.00000  0.0500  0.050
 4272  5.830  -30.10  0.00000  0.0500  0.050
 4273  5.830  -30.05  0.00000  0.0500  0.050
 4274  5.830  -30.00  0.00000  0.0500  0.050
 4275  5.830  -29.95  0.00000  0.0500  0.050
 4276  5.830  -29.90  0.00000  0.0500  0.050
 4277  5.830  -29.85  0.00000  0.0500  0.050
 4278  5.830  -29.80  0.00000  0.0500  0.050
 4279  5.830  -29.75  0.00000  0.0500  0.050
 4280  5.830  -29.70  0.00000  0.0500  0.050
 4281  5.830  -29.65  0.00000  0.0500  0.050
 4282  5.830  -29.60  0.00000  0.0500  0.050
 4283  5.830  -29.55  0.00000  0.0500  0.050
 4284  5.830  -29.50  0.00000  0.0500  0.050
 4285  5.830  -29.45  0.00000  0.0500  0.050
 4286  5.830  -29.40  0.00000  0.0500  0.050
 4287  5.830  -29.35  0.00000  0.0500  0.050
 4288  5.830  -29.30  0.00000  0.0500  0.050
 4289  5.830  -29.25  0.00000  0.0500  0.050
 4290  5.830  -29.20  0.00000  0.0500  0.050
 4291  5.830  -29.15  0.00000  0.0500  0.050
 4292  5.830  -29.10  0.00000  0.0500  0.050
 4293  5.830  -29.05  0.00000  0.0500  0.050
 4294  5.830  -29.00  0.00000  0.0500  0.050
 4295  5.830  -28.95  0.00000  0.0500  0.050
 4296  5.830  -28.90  0.00000  0.0500  0.050
 4297  5.830  -28.85  0.00000  0.0500  0.050
 4298  5.830  -28.80  0.00000  0.0500  0.050
 4299  5.830  -28.75  0.00000  0.0500  0.050
 4300  5.830  -28.70  0.00000  0.0500  0.050
 4301  5.880  -32.95  0.00000  0.0500  0.050
 4302  5.880  -32.90  0.00000  0.0500  0.050
 4303  5.880  -32.85  0.00000  0.0500  0.050
 4304  5.880  -32.80  0.00000  0.0500  0.050
 4305  5.880  -32.75  0.00000  0.0500  0.050
 4306  5.880  -32.70  0.00000  0.0500  0.050
 4307  5.880  -32.65  0.00000  0.0500  0.050
 4308  5.880  -32.60  0.00000  0.0500  0.050
 4309  5.880  -32.55  0.00000  0.0500  0.050
 4310  5.880  -32.50  0.00000  0.0500  0.050
 4311  5.880  -32.45  0.00000  0.0500  0.050
 4312  5.880  -32.40  0.00000  0.0500  0.050
 4313  5.880  -32.35  0.00000  0.0500  0.050
 4314  5.880  -32.30  0.00000  0.0500  0.050
 4315  5.880  -32.25  0.00000  0.0500  0.050
 4316  5.880  -32.20  0.00000  0.0500  0.050
 4317  5.880  -32.15  0.00000  0.0500  0.050
 4318  5.880  -32.10  0.00000  0.0500  0.050
 4319  5.880  -32.05  0.00000  0.0500  0.050
 4320  5.880  -32.00  0.00000  0.0500  0.050
 4321  5.880  -31.95  0.00000  0.0500  0.050
 4322  5.880  -31.90  0.00000  0.0500  0.050
 4323  5.880  -31.85  0.00000  0.0500  0.050
 4324  5.880  -31.80  0.00000  0.0500  0.050
 4325  5.880  -31.75  0.00000  0.0500  0.050
 4326  5.880  -31.70  0.00000  0.0500  0.050
 4327  5.880  -31.65  0.00000  0.0500  0.050
 4328  5.880  -31.60  0.00000  0.0500  0.050
 4329  5.880  -31.55  0.00000  0.0500  0.050
 4330  5.880  -31.50  0.00000  0.0500  0.050
 4331  5.880  -31.45  0.00000  0.0500  0.050
 4332  5.880  -31.40  0.00000  0.0500  0.050
 4333  5.880  -31.35  0.00000  0.0500  0.050
 4334  5.880  -31.30  0.00000  0.0500  0.050
 4335  5.880  -31.25  0.00000  0.0500  0.050
 4336  5.880  -31.20  0.00000  0.0500  0.050
 4337  5.880  -31.15  0.00000  0.0500  0.050
 4338  5.880  -31.10  0.00000  0.0500  0.050
 4339  5.880  -31.05  0.00000  0.0500  0.050
 4340  5.880  -31.00  0.00000  0.0500  0.050
 4341  5.880  -30.95  0.00000  0.0500  0.050
 4342  5.880  -30.90  0.00000  0.0500  0.050
 4343  5.880  -30.85  0.00000  0.0500  0.050
 4344  5.880  -30.80  0.00000  0.0500  0.050
 4345  5.880  -30.75  0.00000  0.0500  0.050
 4346  5.880  -30.70  0.00000  0.0500  0.050
 4347  5.880  -30.65  0.00000  0.0500  0.050
 4348  5.880  -30.60  0.00000  0.0500  0.050
 4349  5.880  -30.55  0.00000  0.0500  0.050
 4350  5.880  -30.50  0.00000  0.0500  0.050
 4351  5.880  -30.45  0.00000  0.0500  0.050
 4352  5.880  -30.40  0.00000  0.0500  0.050
 4353  5.880  -30.35  0.00000  0.0500  0.050
 4354  5.880  -30.30  0.00000  0.0500  0.050
 4355  5.880  -30.25  0.00000  0.0500  0.050
 4356  5.880  -30.20  0.00000  0.0500  0.050
 4357  5.880  -30.15  0.00000  0.0500  0.050
 4358  5.880  -30.10  0.00000  0.0500  0.050
 4359  5.880  -30.05  0.00000  0.0500  0.050
 4360  5.880  -30.00  0.00000  0.0500  0.050
 4361  5.880  -29.95  0.00000  0.0500  0.050
 4362  5.880  -29.90  0.00000  0.0500  0.050
 4363  5.880  -29.85  0.00000  0.0500  0.050
 4364  5.880  -29.80  0.00000  0.0500  0.050
 4365  5.880  -29.75  0.00000  0.0500  0.050
 4366  5.880  -29.70  0.00000  0.0500  0.050
 4367  5.880  -29.65  0.00000  0.0500  0.050
 4368  5.880  -29.60  0.00000  0.0500  0.050
 4369  5.880  -29.55  0.00000  0.0500  0.050
 4370  5.880  -29.50  0.00000  0.0500  0.050
 4371  5.880  -29.45  0.00000  0.0500  0.050
 4372  5.880  -29.40  0.00000  0.0500  0.050
 4373  5.880  -29.35  0.00000  0.0500  0.050
 4374  5.880  -29.30  0.00000  0.0500  0.050
 4375  5.880  -29.25  0.00000  0.0500  0.050
 4376  5.880  -29.20  0.00000  0.0500  0.050
 4377  5.880  -29.15  0.00000  0.0500  0.050
 4378  5.880  -29.10  0.00000  0.0500  0.050
 4379  5.880  -29.05  0.00000  0.0500  0.050
 4380  5.880  -29.00  0.00000  0.0500  0.050
 4381  5.880  -28.95  0.00000  0.0500  0.050
 4382  5.880  -28.90  0.00000  0.0500  0.050
 4383  5.880  -28.85  0.00000  0.0500  0.050
 4384  5.880  -28.80  0.00000  0.0500  0.050
 4385  5.880  -28.75  0.00000  0.0500  0.050
 4386  5.880  -28.70  0.00000  0.0500  0.050
 4387  5.930  -32.95  0.00000  0.0500  0.050
 4388  5.930  -32.90  0.00000  0.0500  0.050
 4389  5.930  -32.85  0.00000  0.0500  0.050
 4390  5.930  -32.80  0.00000  0.0500  0.050
 4391  5.930  -32.75  0.00000  0.0500  0.050
 4392  5.930  -32.70  0.00000  0.0500  0.050
 4393  5.930  -32.65  0.00000  0.0500  0.050
 4394  5.930  -32.60  0.00000  0.0500  0.050
 4395  5.930  -32.55  0.00000  0.0500  0.050
 4396  5.930  -32.50  0.00000  0.0500  0.050
 4397  5.930  -32.45  0.00000  0.0500  0.050
 4398  5.930  -32.40  0.00000  0.0500  0.050
 4399  5.930  -32.35  0.00000  0.0500  0.050
 4400  5.930  -32.30  0.00000  0.0500  0.050
 4401  5.930  -32.25  0.00000  0.0500  0.050
 4402  5.930  -32.20  0.00000  0.0500  0.050
 4403  5.930  -32.15  0.00000  0.0500  0.050
 4404  5.930  -32.10  0.00000  0.0500  0.050
 4405  5.930  -32.05  0.00000  0.0500  0.050
 4406  5.930  -32.00  0.00000  0.0500  0.050
 4407  5.930  -31.95  0.00000  0.0500  0.050
 4408  5.930  -31.90  0.00000  0.0500  0.050
 4409  5.930  -31.85  0.00000  0.0500  0.050
 4410  5.930  -31.80  0.00000  0.0500  0.050
 4411  5.930  -31.75  0.00000  0.0500  0.050
 4412  5.930  -31.70  0.00000  0.0500  0.050
 4413  5.930  -31.65  0.00000  0.0500  0.050
 4414  5.930  -31.60  0.00000  0.0500  0.050
 4415  5.930  -31.55  0.00000  0.0500  0.050
 4416  5.930  -31.50  0.00000  0.0500  0.050
 4417  5.930  -31.45  0.00000  0.0500  0.050
 4418  5.930  -31.40  0.00000  0.0500  0.050
 4419  5.930  -31.35  0.00000  0.0500  0.050
 4420  5.930  -31.30  0.00000  0.0500  0.050
 4421  5.930  -31.25  0.00000  0.0500  0.050
 4422  5.930  -31.20  0.00000  0.0500  0.050
 4423  5.930  -31.15  0.00000  0.0500  0.050
 4424  5.930  -31.10  0.00000  0.0500  0.050
 4425  5.930  -31.05  0.00000  0.0500  0.050
 4426  5.930  -31.00  0.00000  0.0500  0.050
 4427  5.930  -30.95  0.00000  0.0500  0.050
 4428  5.930  -30.90  0.00000  0.0500  0.050
 4429  5.930  -30.85  0.00000  0.0500  0.050
 4430  5.930  -30.80  0.00000  0.0500  0.050
 4431  5.930  -30.75  0.00000  0.0500  0.050
 4432  5.930  -30.70  0.00000  0.0500  0.050
 4433  5.930  -30.65  0.00000  0.0500  0.050
 4434  5.930  -30.60  0.00000  0.0500  0.050
 4435  5.930  -30.55  0.00000  0.0500  0.050
 4436  5.930  -30.50  0.00000  0.0500  0.050
 4437  5.930  -30.45  0.00000  0.0500  0.050
 4438  5.930  -30.40  0.00000  0.0500  0.050
 4439  5.930  -30.35  0.00000  0.0500  0.050
 4440  5.930  -30.30  0.00000  0.0500  0.050
 4441  5.930  -30.25  0.00000  0.0500  0.050
 4442  5.930  -30.20  0.00000  0.0500  0.050
 4443  5.930  -30.15  0.00000  0.0500  0.050
 4444  5.930  -30.10  0.00000  0.0500  0.050
 4445  5.930  -30.05  0.00000  0.0500  0.050
 4446  5.930  -30.00  0.00000  0.0500  0.050
 4447  5.930  -29.95  0.00000  0.0500  0.050
 4448  5.930  -29.90  0.00000  0.0500  0.050
 4449  5.930  -29.85  0.00000  0.0500  0.050
 4450  5.930  -29.80  0.00000  0.0500  0.050
 4451  5.930  -29.75  0.00000  0.0500  0.050
 4452  5.930  -29.70  0.00000  0.0500  0.050
 4453  5.930  -29.65  0.00000  0.0500  0.050
 4454  5.930  -29.60  0.00000  0.0500  0.050
 4455  5.930  -29.55  0.00000  0.0500  0.050
 4456  5.930  -29.50  0.00000  0.0500  0.050
 4457  5.930  -29.45  0.00000  0.0500  0.050
 4458  5.930  -29.40  0.00000  0.0500  0.050
 4459  5.930  -29.35  0.00000  0.0500  0.050
 4460  5.930  -29.30  0.00000  0.0500  0.050
 4461  5.930  -29.25  0.00000  0.0500  0.050
 4462  5.930  -29.20  0.00000  0.0500  0.050
 4463  5.930  -29.15  0.00000  0.0500  0.050
 4464  5.930  -29.10  0.00000  0.0500  0.050
 4465  5.930  -29.05  0.00000  0.0500  0.050
 4466  5.930  -29.00  0.00000  0.0500  0.050
 4467  5.930  -28.95  0.00000  0.0500  0.050
 4468  5.930  -28.90  0.00000  0.0500  0.050
 4469  5.930  -28.85  0.00000  0.0500  0.050
 4470  5.930  -28.80  0.00000  0.0500  0.050
 4471  5.930  -28.75  0.00000  0.0500  0.050
 4472  5.930  -28.70  0.00000  0.0500  0.050
 4473  5.980  -32.95  0.00000  0.0500  0.050
 4474  5.980  -32.90  0.00000  0.0500  0.050
 4475  5.980  -32.85  0.00000  0.0500  0.050
 4476  5.980  -32.80  0.00000  0.0500  0.050
 4477  5.980  -32.75  0.00000  0.0500  0.050
 4478  5.980  -32.70  0.00000  0.0500  0.050
 4479  5.980  -32.65  0.00000  0.0500  0.050
 4480  5.980  -32.60  0.00000  0.0500  0.050
 4481  5.980  -32.55  0.00000  0.0500  0.050
 4482  5.980  -32.50  0.00000  0.0500  0.050
 4483  5.980  -32.45  0.00000  0.0500  0.050
 4484  5.980  -32.40  0.00000  0.0500  0.050
 4485  5.980  -32.35  0.00000  0.0500  0.050
 4486  5.980  -32.30  0.00000  0.0500  0.050
 4487  5.980  -32.25  0.00000  0.0500  0.050
 4488  5.980  -32.20  0.00000  0.0500  0.050
 4489  5.980  -32.15  0.00000  0.0500  0.050
 4490  5.980  -32.10  0.00000  0.0500  0.050
 4491  5.980  -32.05  0.00000  0.0500  0.050
 4492  5.980  -32.00  0.00000  0.0500  0.050
 4493  5.980  -31.95  0.00000  0.0500  0.050
 4494  5.980  -31.90  0.00000  0.0500  0.050
 4495  5.980  -31.85  0.00000  0.0500  0.050
 4496  5.980  -31.80  0.00000  0.0500  0.050
 4497  5.980  -31.75  0.00000  0.0500  0.050
 4498  5.980  -31.70  0.00000  0.0500  0.050
 4499  5.980  -31.65  0.00000  0.0500  0.050
 4500  5.980  -31.60  0.00000  0.0500  0.050
 4501  5.980  -31.55  0.00000  0.0500  0.050
 4502  5.980  -31.50  0.00000  0.0500  0.050
 4503  5.980  -31.45  0.00000  0.0500  0.050
 4504  5.980  -31.40  0.00000  0.0500  0.050
 4505  5.980  -31.35  0.00000  0.0500  0.050
 4506  5.980  -31.30  0.00000  0.0500  0.050
 4507  5.980  -31.25  0.00000  0.0500  0.050
 4508  5.980  -31.20  0.00000  0.0500  0.050
 4509  5.980  -31.15  0.00000  0.0500  0.050
 4510  5.980  -31.10  0.00000  0.0500  0.050
 4511  5.980  -31.05  0.00000  0.0500  0.050
 4512  5.980  -31.00  0.00000  0.0500  0.050
 4513  5.980  -30.95  0.00000  0.0500  0.050
 4514  5.980  -30.90  0.00000  0.0500  0.050
 4515  5.980  -30.85  0.00000  0.0500  0.050
 4516  5.980  -30.80  0.00000  0.0500  0.050
 4517  5.980  -30.75  0.00000  0.0500  0.050
 4518  5.980  -30.70  0.00000  0.0500  0.050
 4519  5.980  -30.65  0.00000  0.0500  0.050
 4520  5.980  -30.60  0.00000  0.0500  0.050
 4521  5.980  -30.55  0.00000  0.0500  0.050
 4522  5.980  -30.50  0.00000  0.0500  0.050
 4523  5.980  -30.45  0.00000  0.0500  0.050
 4524  5.980  -30.40  0.00000  0.0500  0.050
 4525  5.980  -30.35  0.00000  0.0500  0.050
 4526  5.980  -30.30  0.00000  0.0500  0.050
 4527  5.980  -30.25  0.00000  0.0500  0.050
 4528  5.980  -30.20  0.00000  0.0500  0.050
 4529  5.980  -30.15  0.00000  0.0500  0.050
 4530  5.980  -30.10  0.00000  0.0500  0.050
 4531  5.980  -30.05  0.00000  0.0500  0.050
 4532  5.980  -30.00  0.00000  0.0500  0.050
 4533  5.980  -29.95  0.00000  0.0500  0.050
 4534  5.980  -29.90  0.00000  0.0500  0.050
 4535  5.980  -29.85  0.00000  0.0500  0.050
 4536  5.980  -29.80  0.00000  0.0500  0.050
 4537  5.980  -29.75  0.00000  0.0500  0.050
 4538  5.980  -29.70  0.00000  0.0500  0.050
 4539  5.980  -29.65  0.00000  0.0500  0.050
 4540  5.980  -29.60  0.00000  0.0500  0.050
 4541  5.980  -29.55  0.00000  0.0500  0.050
 4542  5.980  -29.50  0.00000  0.0500  0.050
 4543  5.980  -29.45  0.00000  0.0500  0.050
 4544  5.980  -29.40  0.00000  0.0500  0.050
 4545  5.980  -29.35  0.00000  0.0500  0.050
 4546  5.980  -29.30  0.00000  0.0500  0.050
 4547  5.980  -29.25  0.00000  0.0500  0.050
 4548  5.980  -29.20  0.00000  0.0500  0.050
 4549  5.980  -29.15  0.00000  0.0500  0.050
 4550  5.980  -29.10  0.00000  0.0500  0.050
 4551  5.980  -29.05  0.00000  0.0500  0.050
 4552  5.980  -29.00  0.00000  0.0500  0.050
 4553  5.980  -28.95  0.00000  0.0500  0.050
 4554  5.980  -28.90  0.00000  0.0500  0.050
 4555  5.980  -28.85  0.00000  0.0500  0.050
 4556  5.980  -28.80  0.00000  0.0500  0.050
 4557  5.980  -28.75  0.00000  0.0500  0.050
 4558  5.980  -28.70  0.00000  0.0500  0.050
 4559  6.030  -32.95  0.00000  0.0500  0.050
 4560  6.030  -32.90  0.00000  0.0500  0.050
 4561  6.030  -32.85  0.00000  0.0500  0.050
 4562  6.030  -32.80  0.00000  0.0500  0.050
 4563  6.030  -32.75  0.00000  0.0500  0.050
 4564  6.030  -32.70  0.00000  0.0500  0.050
 4565  6.030  -32.65  0.00000  0.0500  0.050
 4566  6.030  -32.60  0.00000  0.0500  0.050
 4567  6.030  -32.55  0.00000  0.0500  0.050
 4568  6.030  -32.50  0.00000  0.0500  0.050
 4569  6.030  -32.45  0.00000  0.0500  0.050
 4570  6.030  -32.40  0.00000  0.0500  0.050
 4571  6.030  -32.35  0.00000  0.0500  0.050
 4572  6.030  -32.30  0.00000  0.0500  0.050
 4573  6.030  -32.25  0.00000  0.0500  0.050
 4574  6.030  -32.20  0.00000  0.0500  0.050
 4575  6.030  -32.15  0.00000  0.0500  0.050
 4576  6.030  -32.10  0.00000  0.0500  0.050
 4577  6.030  -32.05  0.00000  0.0500  0.050
 4578  6.030  -32.00  0.00000  0.0500  0.050
 4579  6.030  -31.95  0.00000  0.0500  0.050
 4580  6.030  -31.90  0.00000  0.0500  0.050
 4581  6.030  -31.85  0.00000  0.0500  0.050
 4582  6.030  -31.80  0.00000  0.0500  0.050
 4583  6.030  -31.75  0.00000  0.0500  0.050
 4584  6.030  -31.70  0.00000  0.0500  0.050
 4585  6.030  -31.65  0.00000  0.0500  0.050
 4586  6.030  -31.60  0.00000  0.0500  0.050
 4587  6.030  -31.55  0.00000  0.0500  0.050
 4588  6.030  -31.50  0.00000  0.0500  0.050
 4589  6.030  -31.45  0.00000  0.0500  0.050
 4590  6.030  -31.40  0.00000  0.0500  0.050
 4591  6.030  -31.35  0.00000  0.0500  0.050
 4592  6.030  -31.30  0.00000  0.0500  0.050
 4593  6.030  -31.25  0.00000  0.0500  0.050
 4594  6.030  -31.20  0.00000  0.0500  0.050
 4595  6.030  -31.15  0.00000  0.0500  0.050
 4596  6.030  -31.10  0.00000  0.0500  0.050
 4597  6.030  -31.05  0.00000  0.0500  0.050
 4598  6.030  -31.00  0.00000  0.0500  0.050
 4599  6.030  -30.95  0.00000  0.0500  0.050
 4600  6.030  -30.90  0.00000  0.0500  0.050
 4601  6.030  -30.85  0.00000  0.0500  0.050
 4602  6.030  -30.80  0.00000  0.0500  0.050
 4603  6.030  -30.75  0.00000  0.0500  0.050
 4604  6.030  -30.70  0.00000  0.0500  0.050
 4605  6.030  -30.65  0.00000  0.0500  0.050
 4606  6.030  -30.60  0.00000  0.0500  0.050
 4607  6.030  -30.55  0.00000  0.0500  0.050
 4608  6.030  -30.50  0.00000  0.0500  0.050
 4609  6.030  -30.45  0.00000  0.0500  0.050
 4610  6.030  -30.40  0.00000  0.0500  0.050
 4611  6.030  -30.35  0.00000  0.0500  0.050
 4612  6.030  -30.30  0.00000  0.0500  0.050
 4613  6.030  -30.25  0.00000  0.0500  0.050
 4614  6.030  -30.20  0.00000  0.0500  0.050
 4615  6.030  -30.15  0.00000  0.0500  0.050
 4616  6.030  -30.10  0.00000  0.0500  0.050
 4617  6.030  -30.05  0.00000  0.0500  0.050
 4618  6.030  -30.00  0.00000  0.0500  0.050
 4619  6.030  -29.95  0.00000  0.0500  0.050
 4620  6.030  -29.90  0.00000  0.0500  0.050
 4621  6.030  -29.85  0.00000  0.0500  0.050
 4622  6.030  -29.80  0.00000  0.0500  0.050
 4623  6.030  -29.75  0.00000  0.0500  0.050
 4624  6.030  -29.70  0.00000  0.0500  0.050
 4625  6.030  -29.65  0.00000  0.0500  0.050
 4626  6.030  -29.60  0.00000  0.0500  0.050
 4627  6.030  -29.55  0.00000  0.0500  0.050
 4628  6.030  -29.50  0.00000  0.0500  0.050
 4629  6.030  -29.45  0.00000  0.0500  0.050
 4630  6.030  -29.40  0.00000  0.0500  0.050
 4631  6.030  -29.35  0.00000  0.0500  0.050
 4632  6.030  -29.30  0.00000  0.0500  0.050
 4633  6.030  -29.25  0.00000  0.0500  0.050
 4634  6.030  -29.20  0.00000  0.0500  0.050
 4635  6.030  -29.15  0.00000  0.0500  0.050
 4636  6.030  -29.10  0.00000  0.0500  0.050
 4637  6.030  -29.05  0.00000  0.0500  0.050
 4638  6.030  -29.00  0.00000  0.0500  0.050
 4639  6.030  -28.95  0.00000  0.0500  0.050
 4640  6.030  -28.90  0.00000  0.0500  0.050
 4641  6.030  -28.85  0.00000  0.0500  0.050
 4642  6.030  -28.80  0.00000  0.0500  0.050
 4643  6.030  -28.75  0.00000  0.0500  0.050
 4644  6.030  -28.70  0.00000  0.0500  0.050
 4645  6.080  -32.95  0.00000  0.0500  0.050
 4646  6.080  -32.90  0.00000  0.0500  0.050
 4647  6.080  -32.85  0.00000  0.0500  0.050
 4648  6.080  -32.80  0.00000  0.0500  0.050
 4649  6.080  -32.75  0.00000  0.0500  0.050
 4650  6.080  -32.70  0.00000  0.0500  0.050
 4651  6.080  -32.65  0.00000  0.0500  0.050
 4652  6.080  -32.60  0.00000  0.0500  0.050
 4653  6.080  -32.55  0.00000  0.0500  0.050
 4654  6.080  -32.50  0.00000  0.0500  0.050
 4655  6.080  -32.45  0.00000  0.0500  0.050
 4656  6.080  -32.40  0.00000  0.0500  0.050
 4657  6.080  -32.35  0.00000  0.0500  0.050
 4658  6.080  -32.30  0.00000  0.0500  0.050
 4659  6.080  -32.25  0.00000  0.0500  0.050
 4660  6.080  -32.20  0.00000  0.0500  0.050
 4661  6.080  -32.15  0.00000  0.0500  0.050
 4662  6.080  -32.10  0.00000  0.0500  0.050
 4663  6.080  -32.05  0.00000  0.0500  0.050
 4664  6.080  -32.00  0.00000  0.0500  0.050
 4665  6.080  -31.95  0.00000  0.0500  0.050
 4666  6.080  -31.90  0.00000  0.0500  0.050
 4667  6.080  -31.85  0.00000  0.0500  0.050
 4668  6.080  -31.80  0.00000  0.0500  0.050
 4669  6.080  -31.75  0.00000  0.0500  0.050
 4670  6.080  -31.70  0.00000  0.0500  0.050
 4671  6.080  -31.65  0.00000  0.0500  0.050
 4672  6.080  -31.60  0.00000  0.0500  0.050
 4673  6.080  -31.55  0.00000  0.0500  0.050
 4674  6.080  -31.50  0.00000  0.0500  0.050
 4675  6.080  -31.45  0.00000  0.0500  0.050
 4676  6.080  -31.40  0.00000  0.0500  0.050
 4677  6.080  -31.35  0.00000  0.0500  0.050
 4678  6.080  -31.30  0.00000  0.0500  0.050
 4679  6.080  -31.25  0.00000  0.0500  0.050
 4680  6.080  -31.20  0.00000  0.0500  0.050
 4681  6.080  -31.15  0.00000  0.0500  0.050
 4682  6.080  -31.10  0.00000  0.0500  0.050
 4683  6.080  -31.05  0.00000  0.0500  0.050
 4684  6.080  -31.00  0.00000  0.0500  0.050
 4685  6.080  -30.95  0.00000  0.0500  0.050
 4686  6.080  -30.90  0.00000  0.0500  0.050
 4687  6.080  -30.85  0.00000  0.0500  0.050
 4688  6.080  -30.80  0.00000  0.0500  0.050
 4689  6.080  -30.75  0.00000  0.0500  0.050
 4690  6.080  -30.70  0.00000  0.0500  0.050
 4691  6.080  -30.65  0.00000  0.0500  0.050
 4692  6.080  -30.60  0.00000  0.0500  0.050
 4693  6.080  -30.55  0.00000  0.0500  0.050
 4694  6.080  -30.50  0.00000  0.0500  0.050
 4695  6.080  -30.45  0.00000  0.0500  0.050
 4696  6.080  -30.40  0.00000  0.0500  0.050
 4697  6.080  -30.35  0.00000  0.0500  0.050
 4698  6.080  -30.30  0.00000  0.0500  0.050
 4699  6.080  -30.25  0.00000  0.0500  0.050
 4700  6.080  -30.20  0.00000  0.0500  0.050
 4701  6.080  -30.15  0.00000  0.0500  0.050
 4702  6.080  -30.10  0.00000  0.0500  0.050
 4703  6.080  -30.05  0.00000  0.0500  0.050
 4704  6.080  -30.00  0.00000  0.0500  0.050
 4705  6.080  -29.95  0.00000  0.0500  0.050
 4706  6.080  -29.90  0.00000  0.0500  0.050
 4707  6.080  -29.85  0.00000  0.0500  0.050
 4708  6.080  -29.80  0.00000  0.0500  0.050
 4709  6.080  -29.75  0.00000  0.0500  0.050
 4710  6.080  -29.70  0.00000  0.0500  0.050
 4711  6.080  -29.65  0.00000  0.0500  0.050
 4712  6.080  -29.60  0.00000  0.0500  0.050
 4713  6.080  -29.55  0.00000  0.0500  0.050
 4714  6.080  -29.50  0.00000  0.0500  0.050
 4715  6.080  -29.45  0.00000  0.0500  0.050
 4716  6.080  -29.40  0.00000  0.0500  0.050
 4717  6.080  -29.35  0.00000  0.0500  0.050
 4718  6.080  -29.30  0.00000  0.0500  0.050
 4719  6.080  -29.25  0.00000  0.0500  0.050
 4720  6.080  -29.20  0.00000  0.0500  0.050
 4721  6.080  -29.15  0.00000  0.0500  0.050
 4722  6.080  -29.10  0.00000  0.0500  0.050
 4723  6.080  -29.05  0.00000  0.0500  0.050
 4724  6.080  -29.00  0.00000  0.0500  0.050
 4725  6.080  -28.95  0.00000  0.0500  0.050
 4726  6.080  -28.90  0.00000  0.0500  0.050
 4727  6.080  -28.85  0.00000  0.0500  0.050
 4728  6.080  -28.80  0.00000  0.0500  0.050
 4729  6.080  -28.75  0.00000  0.0500  0.050
 4730  6.080  -28.70  0.00000  0.0500  0.050
 4731  6.130  -32.95  0.00000  0.0500  0.050
 4732  6.130  -32.90  0.00000  0.0500  0.050
 4733  6.130  -32.85  0.00000  0.0500  0.050
 4734  6.130  -32.80  0.00000  0.0500  0.050
 4735  6.130  -32.75  0.00000  0.0500  0.050
 4736  6.130  -32.70  0.00000  0.0500  0.050
 4737  6.130  -32.65  0.00000  0.0500  0.050
 4738  6.130  -32.60  0.00000  0.0500  0.050
 4739  6.130  -32.55  0.00000  0.0500  0.050
 4740  6.130  -32.50  0.00000  0.0500  0.050
 4741  6.130  -32.45  0.00000  0.0500  0.050
 4742  6.130  -32.40  0.00000  0.0500  0.050
 4743  6.130  -32.35  0.00000  0.0500  0.050
 4744  6.130  -32.30  0.00000  0.0500  0.050
 4745  6.130  -32.25  0.00000  0.0500  0.050
 4746  6.130  -32.20  0.00000  0.0500  0.050
 4747  6.130  -32.15  0.00000  0.0500  0.050
 4748  6.130  -32.10  0.00000  0.0500  0.050
 4749  6.130  -32.05  0.00000  0.0500  0.050
 4750  6.130  -32.00  0.00000  0.0500  0.050
 4751  6.130  -31.95  0.00000  0.0500  0.050
 4752  6.130  -31.90  0.00000  0.0500  0.050
 4753  6.130  -31.85  0.00000  0.0500  0.050
 4754  6.130  -31.80  0.00000  0.0500  0.050
 4755  6.130  -31.75  0.00000  0.0500  0.050
 4756  6.130  -31.70  0.00000  0.0500  0.050
 4757  6.130  -31.65  0.00000  0.0500  0.050
 4758  6.130  -31.60  0.00000  0.0500  0.050
 4759  6.130  -31.55  0.00000  0.0500  0.050
 4760  6.130  -31.50  0.00000  0.0500  0.050
 4761  6.130  -31.45  0.00000  0.0500  0.050
 4762  6.130  -31.40  0.00000  0.0500  0.050
 4763  6.130  -31.35  0.00000  0.0500  0.050
 4764  6.130  -31.30  0.00000  0.0500  0.050
 4765  6.130  -31.25  0.00000  0.0500  0.050
 4766  6.130  -31.20  0.00000  0.0500  0.050
 4767  6.130  -31.15  0.00000  0.0500  0.050
 4768  6.130  -31.10  0.00000  0.0500  0.050
 4769  6.130  -31.05  0.00000  0.0500  0.050
 4770  6.130  -31.00  0.00000  0.0500  0.050
 4771  6.130  -30.95  0.00000  0.0500  0.050
 4772  6.130  -30.90  0.00000  0.0500  0.050
 4773  6.130  -30.85  0.00000  0.0500  0.050
 4774  6.130  -30.80  0.00000  0.0500  0.050
 4775  6.130  -30.75  0.00000  0.0500  0.050
 4776  6.130  -30.70  0.00000  0.0500  0.050
 4777  6.130  -30.65  0.00000  0.0500  0.050
 4778  6.130  -30.60  0.00000  0.0500  0.050
 4779  6.130  -30.55  0.00000  0.0500  0.050
 4780  6.130  -30.50  0.00000  0.0500  0.050
 4781  6.130  -30.45  0.00000  0.0500  0.050
 4782  6.130  -30.40  0.00000  0.0500  0.050
 4783  6.130  -30.35  0.00000  0.0500  0.050
 4784  6.130  -30.30  0.00000  0.0500  0.050
 4785  6.130  -30.25  0.00000  0.0500  0.050
 4786  6.130  -30.20  0.00000  0.0500  0.050
 4787  6.130  -30.15  0.00000  0.0500  0.050
 4788  6.130  -30.10  0.00000  0.0500  0.050
 4789  6.130  -30.05  0.00000  0.0500  0.050
 4790  6.130  -30.00  0.00000  0.0500  0.050
 4791  6.130  -29.95  0.00000  0.0500  0.050
 4792  6.130  -29.90  0.00000  0.0500  0.050
 4793  6.130  -29.85  0.00000  0.0500  0.050
 4794  6.130  -29.80  0.00000  0.0500  0.050
 4795  6.130  -29.75  0.00000  0.0500  0.050
 4796  6.130  -29.70  0.00000  0.0500  0.050
 4797  6.130  -29.65  0.00000  0.0500  0.050
 4798  6.130  -29.60  0.00000  0.0500  0.050
 4799  6.130  -29.55  0.00000  0.0500  0.050
 4800  6.130  -29.50  0.00000  0.0500  0.050
 4801  6.130  -29.45  0.00000  0.0500  0.050
 4802  6.130  -29.40  0.00000  0.0500  0.050
 4803  6.130  -29.35  0.00000  0.0500  0.050
 4804  6.130  -29.30  0.00000  0.0500  0.050
 4805  6.130  -29.25  0.00000  0.0500  0.050
 4806  6.130  -29.20  0.00000  0.0500  0.050
 4807  6.130  -29.15  0.00000  0.0500  0.050
 4808  6.130  -29.10  0.00000  0.0500  0.050
 4809  6.130  -29.05  0.00000  0.0500  0.050
 4810  6.130  -29.00  0.00000  0.0500  0.050
 4811  6.130  -28.95  0.00000  0.0500  0.050
 4812  6.130  -28.90  0.00000  0.0500  0.050
 4813  6.130  -28.85  0.00000  0.0500  0.050
 4814  6.130  -28.80  0.00000  0.0500  0.050
 4815  6.130  -28.75  0.00000  0.0500  0.050
 4816  6.130  -28.70  0.00000  0.0500  0.050
 4817  6.180  -32.95  0.00000  0.0500  0.050
 4818  6.180  -32.90  0.00000  0.0500  0.050
 4819  6.180  -32.85  0.00000  0.0500  0.050
 4820  6.180  -32.80  0.00000  0.0500  0.050
 4821  6.180  -32.75  0.00000  0.0500  0.050
 4822  6.180  -32.70  0.00000  0.0500  0.050
 4823  6.180  -32.65  0.00000  0.0500  0.050
 4824  6.180  -32.60  0.00000  0.0500  0.050
 4825  6.180  -32.55  0.00000  0.0500  0.050
 4826  6.180  -32.50  0.00000  0.0500  0.050
 4827  6.180  -32.45  0.00000  0.0500  0.050
 4828  6.180  -32.40  0.00000  0.0500  0.050
 4829  6.180  -32.35  0.00000  0.0500  0.050
 4830  6.180  -32.30  0.00000  0.0500  0.050
 4831  6.180  -32.25  0.00000  0.0500  0.050
 4832  6.180  -32.20  0.00000  0.0500  0.050
 4833  6.180  -32.15  0.00000  0.0500  0.050
 4834  6.180  -32.10  0.00000  0.0500  0.050
 4835  6.180  -32.05  0.00000  0.0500  0.050
 4836  6.180  -32.00  0.00000  0.0500  0.050
 4837  6.180  -31.95  0.00000  0.0500  0.050
 4838  6.180  -31.90  0.00000  0.0500  0.050
 4839  6.180  -31.85  0.00000  0.0500  0.050
 4840  6.180  -31.80  0.00000  0.0500  0.050
 4841  6.180  -31.75  0.00000  0.0500  0.050
 4842  6.180  -31.70  0.00000  0.0500  0.050
 4843  6.180  -31.65  0.00000  0.0500  0.050
 4844  6.180  -31.60  0.00000  0.0500  0.050
 4845  6.180  -31.55  0.00000  0.0500  0.050
 4846  6.180  -31.50  0.00000  0.0500  0.050
 4847  6.180  -31.45  0.00000  0.0500  0.050
 4848  6.180  -31.40  0.00000  0.0500  0.050
 4849  6.180  -31.35  0.00000  0.0500  0.050
 4850  6.180  -31.30  0.00000  0.0500  0.050
 4851  6.180  -31.25  0.00000  0.0500  0.050
 4852  6.180  -31.20  0.00000  0.0500  0.050
 4853  6.180  -31.15  0.00000  0.0500  0.050
 4854  6.180  -31.10  0.00000  0.0500  0.050
 4855  6.180  -31.05  0.00000  0.0500  0.050
 4856  6.180  -31.00  0.00000  0.0500  0.050
 4857  6.180  -30.95  0.00000  0.0500  0.050
 4858  6.180  -30.90  0.00000  0.0500  0.050
 4859  6.180  -30.85  0.00000  0.0500  0.050
 4860  6.180  -30.80  0.00000  0.0500  0.050
 4861  6.180  -30.75  0.00000  0.0500  0.050
 4862  6.180  -30.70  0.00000  0.0500  0.050
 4863  6.180  -30.65  0.00000  0.0500  0.050
 4864  6.180  -30.60  0.00000  0.0500  0.050
 4865  6.180  -30.55  0.00000  0.0500  0.050
 4866  6.180  -30.50  0.00000  0.0500  0.050
 4867  6.180  -30.45  0.00000  0.0500  0.050
 4868  6.180  -30.40  0.00000  0.0500  0.050
 4869  6.180  -30.35  0.00000  0.0500  0.050
 4870  6.180  -30.30  0.00000  0.0500  0.050
 4871  6.180  -30.25  0.00000  0.0500  0.050
 4872  6.180  -30.20  0.00000  0.0500  0.050
 4873  6.180  -30.15  0.00000  0.0500  0.050
 4874  6.180  -30.10  0.00000  0.0500  0.050
 4875  6.180  -30.05  0.00000  0.0500  0.050
 4876  6.180  -30.00  0.00000  0.0500  0.050
 4877  6.180  -29.95  0.00000  0.0500  0.050
 4878  6.180  -29.90  0.00000  0.0500  0.050
 4879  6.180  -29.85  0.00000  0.0500  0.050
 4880  6.180  -29.80  0.00000  0.0500  0.050
 4881  6.180  -29.75  0.00000  0.0500  0.050
 4882  6.180  -29.70  0.00000  0.0500  0.050
 4883  6.180  -29.65  0.00000  0.0500  0.050
 4884  6.180  -29.60  0.00000  0.0500  0.050
 4885  6.180  -29.55  0.00000  0.0500  0.050
 4886  6.180  -29.50  0.00000  0.0500  0.050
 4887  6.180  -29.45  0.00000  0.0500  0.050
 4888  6.180  -29.40  0.00000  0.0500  0.050
 4889  6.180  -29.35  0.00000  0.0500  0.050
 4890  6.180  -29.30  0.00000  0.0500  0.050
 4891  6.180  -29.25  0.00000  0.0500  0.050
 4892  6.180  -29.20  0.00000  0.0500  0.050
 4893  6.180  -29.15  0.00000  0.0500  0.050
 4894  6.180  -29.10  0.00000  0.0500  0.050
 4895  6.180  -29.05  0.00000  0.0500  0.050
 4896  6.180  -29.00  0.00000  0.0500  0.050
 4897  6.180  -28.95  0.00000  0.0500  0.050
 4898  6.180  -28.90  0.00000  0.0500  0.050
 4899  6.180  -28.85  0.00000  0.0500  0.050
 4900  6.180  -28.80  0.00000  0.0500  0.050
 4901  6.180  -28.75  0.00000  0.0500  0.050
 4902  6.180  -28.70  0.00000  0.0500  0.050
 4903  6.230  -32.95  0.00000  0.0500  0.050
 4904  6.230  -32.90  0.00000  0.0500  0.050
 4905  6.230  -32.85  0.00000  0.0500  0.050
 4906  6.230  -32.80  0.00000  0.0500  0.050
 4907  6.230  -32.75  0.00000  0.0500  0.050
 4908  6.230  -32.70  0.00000  0.0500  0.050
 4909  6.230  -32.65  0.00000  0.0500  0.050
 4910  6.230  -32.60  0.00000  0.0500  0.050
 4911  6.230  -32.55  0.00000  0.0500  0.050
 4912  6.230  -32.50  0.00000  0.0500  0.050
 4913  6.230  -32.45  0.00000  0.0500  0.050
 4914  6.230  -32.40  0.00000  0.0500  0.050
 4915  6.230  -32.35  0.00000  0.0500  0.050
 4916  6.230  -32.30  0.00000  0.0500  0.050
 4917  6.230  -32.25  0.00000  0.0500  0.050
 4918  6.230  -32.20  0.00000  0.0500  0.050
 4919  6.230  -32.15  0.00000  0.0500  0.050
 4920  6.230  -32.10  0.00000  0.0500  0.050
 4921  6.230  -32.05  0.00000  0.0500  0.050
 4922  6.230  -32.00  0.00000  0.0500  0.050
 4923  6.230  -31.95  0.00000  0.0500  0.050
 4924  6.230  -31.90  0.00000  0.0500  0.050
 4925  6.230  -31.85  0.00000  0.0500  0.050
 4926  6.230  -31.80  0.00000  0.0500  0.050
 4927  6.230  -31.75  0.00000  0.0500  0.050
 4928  6.230  -31.70  0.00000  0.0500  0.050
 4929  6.230  -31.65  0.00000  0.0500  0.050
 4930  6.230  -31.60  0.00000  0.0500  0.050
 4931  6.230  -31.55  0.00000  0.0500  0.050
 4932  6.230  -31.50  0.00000  0.0500  0.050
 4933  6.230  -31.45  0.00000  0.0500  0.050
 4934  6.230  -31.40  0.00000  0.0500  0.050
 4935  6.230  -31.35  0.00000  0.0500  0.050
 4936  6.230  -31.30  0.00000  0.0500  0.050
 4937  6.230  -31.25  0.00000  0.0500  0.050
 4938  6.230  -31.20  0.00000  0.0500  0.050
 4939  6.230  -31.15  0.00000  0.0500  0.050
 4940  6.230  -31.10  0.00000  0.0500  0.050
 4941  6.230  -31.05  0.00000  0.0500  0.050
 4942  6.230  -31.00  0.00000  0.0500  0.050
 4943  6.230  -30.95  0.00000  0.0500  0.050
 4944  6.230  -30.90  0.00000  0.0500  0.050
 4945  6.230  -30.85  0.00000  0.0500  0.050
 4946  6.230  -30.80  0.00000  0.0500  0.050
 4947  6.230  -30.75  0.00000  0.0500  0.050
 4948  6.230  -30.70  0.00000  0.0500  0.050
 4949  6.230  -30.65  0.00000  0.0500  0.050
 4950  6.230  -30.60  0.00000  0.0500  0.050
 4951  6.230  -30.55  0.00000  0.0500  0.050
 4952  6.230  -30.50  0.00000  0.0500  0.050
 4953  6.230  -30.45  0.00000  0.0500  0.050
 4954  6.230  -30.40  0.00000  0.0500  0.050
 4955  6.230  -30.35  0.00000  0.0500  0.050
 4956  6.230  -30.30  0.00000  0.0500  0.050
 4957  6.230  -30.25  0.00000  0.0500  0.050
 4958  6.230  -30.20  0.00000  0.0500  0.050
 4959  6.230  -30.15  0.00000  0.0500  0.050
 4960  6.230  -30.10  0.00000  0.0500  0.050
 4961  6.230  -30.05  0.00000  0.0500  0.050
 4962  6.230  -30.00  0.00000  0.0500  0.050
 4963  6.230  -29.95  0.00000  0.0500  0.050
 4964  6.230  -29.90  0.00000  0.0500  0.050
 4965  6.230  -29.85  0.00000  0.0500  0.050
 4966  6.230  -29.80  0.00000  0.0500  0.050
 4967  6.230  -29.75  0.00000  0.0500  0.050
 4968  6.230  -29.70  0.00000  0.0500  0.050
 4969  6.230  -29.65  0.00000  0.0500  0.050
 4970  6.230  -29.60  0.00000  0.0500  0.050
 4971  6.230  -29.55  0.00000  0.0500  0.050
 4972  6.230  -29.50  0.00000  0.0500  0.050
 4973  6.230  -29.45  0.00000  0.0500  0.050
 4974  6.230  -29.40  0.00000  0.0500  0.050
 4975  6.230  -29.35  0.00000  0.0500  0.050
 4976  6.230  -29.30  0.00000  0.0500  0.050
 4977  6.230  -29.25  0.00000  0.0500  0.050
 4978  6.230  -29.20  0.00000  0.0500  0.050
 4979  6.230  -29.15  0.00000  0.0500  0.050
 4980  6.230  -29.10  0.00000  0.0500  0.050
 4981  6.230  -29.05  0.00000  0.0500  0.050
 4982  6.230  -29.00  0.00000  0.0500  0.050
 4983  6.230  -28.95  0.00000  0.0500  0.050
 4984  6.230  -28.90  0.00000  0.0500  0.050
 4985  6.230  -28.85  0.00000  0.0500  0.050
 4986  6.230  -28.80  0.00000  0.0500  0.050
 4987  6.230  -28.75  0.00000  0.0500  0.050
 4988  6.230  -28.70  0.00000  0.0500  0.050
# dzs = [0.05]
# dmags = [0.05]
