# Using z_tolerance = 0.0001 and mag_tolerance = 0.0000
    1  0.000  -30.00  1.00000  0.0500  0.200
    2  0.000  -29.80  1.00000  0.0500  0.200
    3  0.000  -29.60  1.00000  0.0500  0.200
    4  0.000  -29.40  1.00000  0.0500  0.200
    5  0.000  -29.20  1.00000  0.0500  0.200
    6  0.000  -29.00  1.00000  0.0500  0.200
    7  0.000  -28.80  1.00000  0.0500  0.200
    8  0.000  -28.60  1.00000  0.0500  0.200
    9  0.000  -28.40  1.00000  0.0500  0.200
   10  0.000  -28.20  1.00000  0.0500  0.200
   11  0.000  -28.00  1.00000  0.0500  0.200
   12  0.000  -27.80  1.00000  0.0500  0.200
   13  0.000  -27.60  1.00000  0.0500  0.200
   14  0.000  -27.40  1.00000  0.0500  0.200
   15  0.000  -27.20  1.00000  0.0500  0.200
   16  0.000  -27.00  1.00000  0.0500  0.200
   17  0.000  -26.80  1.00000  0.0500  0.200
   18  0.000  -26.60  1.00000  0.0500  0.200
   19  0.000  -26.40  1.00000  0.0500  0.200
   20  0.000  -26.20  1.00000  0.0500  0.200
   21  0.000  -26.00  1.00000  0.0500  0.200
   22  0.000  -25.80  1.00000  0.0500  0.200
   23  0.000  -25.60  1.00000  0.0500  0.200
   24  0.000  -25.40  1.00000  0.0500  0.200
   25  0.000  -25.20  1.00000  0.0500  0.200
   26  0.000  -25.00  1.00000  0.0500  0.200
   27  0.000  -24.80  1.00000  0.0500  0.200
   28  0.000  -24.60  1.00000  0.0500  0.200
   29  0.000  -24.40  1.00000  0.0500  0.200
   30  0.000  -24.20  1.00000  0.0500  0.200
   31  0.000  -24.00  1.00000  0.0500  0.200
   32  0.000  -23.80  1.00000  0.0500  0.200
   33  0.000  -23.60  1.00000  0.0500  0.200
   34  0.000  -23.40  1.00000  0.0500  0.200
   35  0.000  -23.20  1.00000  0.0500  0.200
   36  0.000  -23.00  1.00000  0.0500  0.200
   37  0.000  -22.80  1.00000  0.0500  0.200
   38  0.000  -22.60  1.00000  0.0500  0.200
   39  0.000  -22.40  1.00000  0.0500  0.200
   40  0.000  -22.20  1.00000  0.0500  0.200
   41  0.000  -22.00  1.00000  0.0500  0.200
   42  0.000  -21.80  1.00000  0.0500  0.200
   43  0.000  -21.60  1.00000  0.0500  0.200
   44  0.000  -21.40  1.00000  0.0500  0.200
   45  0.000  -21.20  1.00000  0.0500  0.200
   46  0.000  -21.00  1.00000  0.0500  0.200
   47  0.000  -20.80  1.00000  0.0500  0.200
   48  0.000  -20.60  1.00000  0.0500  0.200
   49  0.000  -20.40  1.00000  0.0500  0.200
   50  0.000  -20.20  1.00000  0.0500  0.200
   51  0.000  -20.00  1.00000  0.0500  0.200
   52  0.000  -19.80  1.00000  0.0500  0.200
   53  0.000  -19.60  1.00000  0.0500  0.200
   54  0.000  -19.40  1.00000  0.0500  0.200
   55  0.000  -19.20  1.00000  0.0500  0.200
   56  0.000  -19.00  1.00000  0.0500  0.200
   57  0.000  -18.80  1.00000  0.0500  0.200
   58  0.000  -18.60  1.00000  0.0500  0.200
   59  0.000  -18.40  1.00000  0.0500  0.200
   60  0.000  -18.20  1.00000  0.0500  0.200
   61  0.050  -30.00  1.00000  0.0500  0.200
   62  0.050  -29.80  1.00000  0.0500  0.200
   63  0.050  -29.60  1.00000  0.0500  0.200
   64  0.050  -29.40  1.00000  0.0500  0.200
   65  0.050  -29.20  1.00000  0.0500  0.200
   66  0.050  -29.00  1.00000  0.0500  0.200
   67  0.050  -28.80  1.00000  0.0500  0.200
   68  0.050  -28.60  1.00000  0.0500  0.200
   69  0.050  -28.40  1.00000  0.0500  0.200
   70  0.050  -28.20  1.00000  0.0500  0.200
   71  0.050  -28.00  1.00000  0.0500  0.200
   72  0.050  -27.80  1.00000  0.0500  0.200
   73  0.050  -27.60  1.00000  0.0500  0.200
   74  0.050  -27.40  1.00000  0.0500  0.200
   75  0.050  -27.20  1.00000  0.0500  0.200
   76  0.050  -27.00  1.00000  0.0500  0.200
   77  0.050  -26.80  1.00000  0.0500  0.200
   78  0.050  -26.60  1.00000  0.0500  0.200
   79  0.050  -26.40  1.00000  0.0500  0.200
   80  0.050  -26.20  1.00000  0.0500  0.200
   81  0.050  -26.00  1.00000  0.0500  0.200
   82  0.050  -25.80  1.00000  0.0500  0.200
   83  0.050  -25.60  1.00000  0.0500  0.200
   84  0.050  -25.40  1.00000  0.0500  0.200
   85  0.050  -25.20  1.00000  0.0500  0.200
   86  0.050  -25.00  1.00000  0.0500  0.200
   87  0.050  -24.80  1.00000  0.0500  0.200
   88  0.050  -24.60  1.00000  0.0500  0.200
   89  0.050  -24.40  1.00000  0.0500  0.200
   90  0.050  -24.20  1.00000  0.0500  0.200
   91  0.050  -24.00  1.00000  0.0500  0.200
   92  0.050  -23.80  1.00000  0.0500  0.200
   93  0.050  -23.60  1.00000  0.0500  0.200
   94  0.050  -23.40  1.00000  0.0500  0.200
   95  0.050  -23.20  1.00000  0.0500  0.200
   96  0.050  -23.00  1.00000  0.0500  0.200
   97  0.050  -22.80  1.00000  0.0500  0.200
   98  0.050  -22.60  1.00000  0.0500  0.200
   99  0.050  -22.40  1.00000  0.0500  0.200
  100  0.050  -22.20  1.00000  0.0500  0.200
  101  0.050  -22.00  1.00000  0.0500  0.200
  102  0.050  -21.80  1.00000  0.0500  0.200
  103  0.050  -21.60  1.00000  0.0500  0.200
  104  0.050  -21.40  1.00000  0.0500  0.200
  105  0.050  -21.20  1.00000  0.0500  0.200
  106  0.050  -21.00  1.00000  0.0500  0.200
  107  0.050  -20.80  1.00000  0.0500  0.200
  108  0.050  -20.60  1.00000  0.0500  0.200
  109  0.050  -20.40  1.00000  0.0500  0.200
  110  0.050  -20.20  1.00000  0.0500  0.200
  111  0.050  -20.00  1.00000  0.0500  0.200
  112  0.050  -19.80  1.00000  0.0500  0.200
  113  0.050  -19.60  1.00000  0.0500  0.200
  114  0.050  -19.40  1.00000  0.0500  0.200
  115  0.050  -19.20  1.00000  0.0500  0.200
  116  0.050  -19.00  1.00000  0.0500  0.200
  117  0.050  -18.80  1.00000  0.0500  0.200
  118  0.050  -18.60  1.00000  0.0500  0.200
  119  0.050  -18.40  1.00000  0.0500  0.200
  120  0.050  -18.20  1.00000  0.0500  0.200
  121  0.100  -30.00  1.00000  0.0500  0.200
  122  0.100  -29.80  1.00000  0.0500  0.200
  123  0.100  -29.60  1.00000  0.0500  0.200
  124  0.100  -29.40  1.00000  0.0500  0.200
  125  0.100  -29.20  1.00000  0.0500  0.200
  126  0.100  -29.00  1.00000  0.0500  0.200
  127  0.100  -28.80  1.00000  0.0500  0.200
  128  0.100  -28.60  1.00000  0.0500  0.200
  129  0.100  -28.40  1.00000  0.0500  0.200
  130  0.100  -28.20  1.00000  0.0500  0.200
  131  0.100  -28.00  1.00000  0.0500  0.200
  132  0.100  -27.80  1.00000  0.0500  0.200
  133  0.100  -27.60  1.00000  0.0500  0.200
  134  0.100  -27.40  1.00000  0.0500  0.200
  135  0.100  -27.20  1.00000  0.0500  0.200
  136  0.100  -27.00  1.00000  0.0500  0.200
  137  0.100  -26.80  1.00000  0.0500  0.200
  138  0.100  -26.60  1.00000  0.0500  0.200
  139  0.100  -26.40  1.00000  0.0500  0.200
  140  0.100  -26.20  1.00000  0.0500  0.200
  141  0.100  -26.00  1.00000  0.0500  0.200
  142  0.100  -25.80  1.00000  0.0500  0.200
  143  0.100  -25.60  1.00000  0.0500  0.200
  144  0.100  -25.40  1.00000  0.0500  0.200
  145  0.100  -25.20  1.00000  0.0500  0.200
  146  0.100  -25.00  1.00000  0.0500  0.200
  147  0.100  -24.80  1.00000  0.0500  0.200
  148  0.100  -24.60  1.00000  0.0500  0.200
  149  0.100  -24.40  1.00000  0.0500  0.200
  150  0.100  -24.20  1.00000  0.0500  0.200
  151  0.100  -24.00  1.00000  0.0500  0.200
  152  0.100  -23.80  1.00000  0.0500  0.200
  153  0.100  -23.60  1.00000  0.0500  0.200
  154  0.100  -23.40  1.00000  0.0500  0.200
  155  0.100  -23.20  1.00000  0.0500  0.200
  156  0.100  -23.00  1.00000  0.0500  0.200
  157  0.100  -22.80  1.00000  0.0500  0.200
  158  0.100  -22.60  1.00000  0.0500  0.200
  159  0.100  -22.40  1.00000  0.0500  0.200
  160  0.100  -22.20  1.00000  0.0500  0.200
  161  0.100  -22.00  1.00000  0.0500  0.200
  162  0.100  -21.80  1.00000  0.0500  0.200
  163  0.100  -21.60  1.00000  0.0500  0.200
  164  0.100  -21.40  1.00000  0.0500  0.200
  165  0.100  -21.20  1.00000  0.0500  0.200
  166  0.100  -21.00  1.00000  0.0500  0.200
  167  0.100  -20.80  1.00000  0.0500  0.200
  168  0.100  -20.60  1.00000  0.0500  0.200
  169  0.100  -20.40  1.00000  0.0500  0.200
  170  0.100  -20.20  1.00000  0.0500  0.200
  171  0.100  -20.00  1.00000  0.0500  0.200
  172  0.100  -19.80  1.00000  0.0500  0.200
  173  0.100  -19.60  1.00000  0.0500  0.200
  174  0.100  -19.40  1.00000  0.0500  0.200
  175  0.100  -19.20  1.00000  0.0500  0.200
  176  0.100  -19.00  1.00000  0.0500  0.200
  177  0.100  -18.80  1.00000  0.0500  0.200
  178  0.100  -18.60  1.00000  0.0500  0.200
  179  0.100  -18.40  1.00000  0.0500  0.200
  180  0.100  -18.20  1.00000  0.0500  0.200
  181  0.150  -30.00  1.00000  0.0500  0.200
  182  0.150  -29.80  1.00000  0.0500  0.200
  183  0.150  -29.60  1.00000  0.0500  0.200
  184  0.150  -29.40  1.00000  0.0500  0.200
  185  0.150  -29.20  1.00000  0.0500  0.200
  186  0.150  -29.00  1.00000  0.0500  0.200
  187  0.150  -28.80  1.00000  0.0500  0.200
  188  0.150  -28.60  1.00000  0.0500  0.200
  189  0.150  -28.40  1.00000  0.0500  0.200
  190  0.150  -28.20  1.00000  0.0500  0.200
  191  0.150  -28.00  1.00000  0.0500  0.200
  192  0.150  -27.80  1.00000  0.0500  0.200
  193  0.150  -27.60  1.00000  0.0500  0.200
  194  0.150  -27.40  1.00000  0.0500  0.200
  195  0.150  -27.20  1.00000  0.0500  0.200
  196  0.150  -27.00  1.00000  0.0500  0.200
  197  0.150  -26.80  1.00000  0.0500  0.200
  198  0.150  -26.60  1.00000  0.0500  0.200
  199  0.150  -26.40  1.00000  0.0500  0.200
  200  0.150  -26.20  1.00000  0.0500  0.200
  201  0.150  -26.00  1.00000  0.0500  0.200
  202  0.150  -25.80  1.00000  0.0500  0.200
  203  0.150  -25.60  1.00000  0.0500  0.200
  204  0.150  -25.40  1.00000  0.0500  0.200
  205  0.150  -25.20  1.00000  0.0500  0.200
  206  0.150  -25.00  1.00000  0.0500  0.200
  207  0.150  -24.80  1.00000  0.0500  0.200
  208  0.150  -24.60  1.00000  0.0500  0.200
  209  0.150  -24.40  1.00000  0.0500  0.200
  210  0.150  -24.20  1.00000  0.0500  0.200
  211  0.150  -24.00  1.00000  0.0500  0.200
  212  0.150  -23.80  1.00000  0.0500  0.200
  213  0.150  -23.60  1.00000  0.0500  0.200
  214  0.150  -23.40  1.00000  0.0500  0.200
  215  0.150  -23.20  1.00000  0.0500  0.200
  216  0.150  -23.00  1.00000  0.0500  0.200
  217  0.150  -22.80  1.00000  0.0500  0.200
  218  0.150  -22.60  1.00000  0.0500  0.200
  219  0.150  -22.40  1.00000  0.0500  0.200
  220  0.150  -22.20  1.00000  0.0500  0.200
  221  0.150  -22.00  1.00000  0.0500  0.200
  222  0.150  -21.80  1.00000  0.0500  0.200
  223  0.150  -21.60  1.00000  0.0500  0.200
  224  0.150  -21.40  1.00000  0.0500  0.200
  225  0.150  -21.20  1.00000  0.0500  0.200
  226  0.150  -21.00  1.00000  0.0500  0.200
  227  0.150  -20.80  1.00000  0.0500  0.200
  228  0.150  -20.60  1.00000  0.0500  0.200
  229  0.150  -20.40  1.00000  0.0500  0.200
  230  0.150  -20.20  1.00000  0.0500  0.200
  231  0.150  -20.00  1.00000  0.0500  0.200
  232  0.150  -19.80  1.00000  0.0500  0.200
  233  0.150  -19.60  1.00000  0.0500  0.200
  234  0.150  -19.40  1.00000  0.0500  0.200
  235  0.150  -19.20  1.00000  0.0500  0.200
  236  0.150  -19.00  1.00000  0.0500  0.200
  237  0.150  -18.80  1.00000  0.0500  0.200
  238  0.150  -18.60  1.00000  0.0500  0.200
  239  0.150  -18.40  1.00000  0.0500  0.200
  240  0.150  -18.20  1.00000  0.0500  0.200
  241  0.200  -30.00  1.00000  0.0500  0.200
  242  0.200  -29.80  1.00000  0.0500  0.200
  243  0.200  -29.60  1.00000  0.0500  0.200
  244  0.200  -29.40  1.00000  0.0500  0.200
  245  0.200  -29.20  1.00000  0.0500  0.200
  246  0.200  -29.00  1.00000  0.0500  0.200
  247  0.200  -28.80  1.00000  0.0500  0.200
  248  0.200  -28.60  1.00000  0.0500  0.200
  249  0.200  -28.40  1.00000  0.0500  0.200
  250  0.200  -28.20  1.00000  0.0500  0.200
  251  0.200  -28.00  1.00000  0.0500  0.200
  252  0.200  -27.80  1.00000  0.0500  0.200
  253  0.200  -27.60  1.00000  0.0500  0.200
  254  0.200  -27.40  1.00000  0.0500  0.200
  255  0.200  -27.20  1.00000  0.0500  0.200
  256  0.200  -27.00  1.00000  0.0500  0.200
  257  0.200  -26.80  1.00000  0.0500  0.200
  258  0.200  -26.60  1.00000  0.0500  0.200
  259  0.200  -26.40  1.00000  0.0500  0.200
  260  0.200  -26.20  1.00000  0.0500  0.200
  261  0.200  -26.00  1.00000  0.0500  0.200
  262  0.200  -25.80  1.00000  0.0500  0.200
  263  0.200  -25.60  1.00000  0.0500  0.200
  264  0.200  -25.40  1.00000  0.0500  0.200
  265  0.200  -25.20  1.00000  0.0500  0.200
  266  0.200  -25.00  1.00000  0.0500  0.200
  267  0.200  -24.80  1.00000  0.0500  0.200
  268  0.200  -24.60  1.00000  0.0500  0.200
  269  0.200  -24.40  1.00000  0.0500  0.200
  270  0.200  -24.20  1.00000  0.0500  0.200
  271  0.200  -24.00  1.00000  0.0500  0.200
  272  0.200  -23.80  1.00000  0.0500  0.200
  273  0.200  -23.60  1.00000  0.0500  0.200
  274  0.200  -23.40  1.00000  0.0500  0.200
  275  0.200  -23.20  1.00000  0.0500  0.200
  276  0.200  -23.00  1.00000  0.0500  0.200
  277  0.200  -22.80  1.00000  0.0500  0.200
  278  0.200  -22.60  1.00000  0.0500  0.200
  279  0.200  -22.40  1.00000  0.0500  0.200
  280  0.200  -22.20  1.00000  0.0500  0.200
  281  0.200  -22.00  1.00000  0.0500  0.200
  282  0.200  -21.80  1.00000  0.0500  0.200
  283  0.200  -21.60  1.00000  0.0500  0.200
  284  0.200  -21.40  1.00000  0.0500  0.200
  285  0.200  -21.20  1.00000  0.0500  0.200
  286  0.200  -21.00  1.00000  0.0500  0.200
  287  0.200  -20.80  1.00000  0.0500  0.200
  288  0.200  -20.60  1.00000  0.0500  0.200
  289  0.200  -20.40  1.00000  0.0500  0.200
  290  0.200  -20.20  1.00000  0.0500  0.200
  291  0.200  -20.00  1.00000  0.0500  0.200
  292  0.200  -19.80  1.00000  0.0500  0.200
  293  0.200  -19.60  1.00000  0.0500  0.200
  294  0.200  -19.40  1.00000  0.0500  0.200
  295  0.200  -19.20  1.00000  0.0500  0.200
  296  0.200  -19.00  1.00000  0.0500  0.200
  297  0.200  -18.80  1.00000  0.0500  0.200
  298  0.200  -18.60  1.00000  0.0500  0.200
  299  0.200  -18.40  1.00000  0.0500  0.200
  300  0.200  -18.20  1.00000  0.0500  0.200
  301  0.250  -30.00  1.00000  0.0500  0.200
  302  0.250  -29.80  1.00000  0.0500  0.200
  303  0.250  -29.60  1.00000  0.0500  0.200
  304  0.250  -29.40  1.00000  0.0500  0.200
  305  0.250  -29.20  1.00000  0.0500  0.200
  306  0.250  -29.00  1.00000  0.0500  0.200
  307  0.250  -28.80  1.00000  0.0500  0.200
  308  0.250  -28.60  1.00000  0.0500  0.200
  309  0.250  -28.40  1.00000  0.0500  0.200
  310  0.250  -28.20  1.00000  0.0500  0.200
  311  0.250  -28.00  1.00000  0.0500  0.200
  312  0.250  -27.80  1.00000  0.0500  0.200
  313  0.250  -27.60  1.00000  0.0500  0.200
  314  0.250  -27.40  1.00000  0.0500  0.200
  315  0.250  -27.20  1.00000  0.0500  0.200
  316  0.250  -27.00  1.00000  0.0500  0.200
  317  0.250  -26.80  1.00000  0.0500  0.200
  318  0.250  -26.60  1.00000  0.0500  0.200
  319  0.250  -26.40  1.00000  0.0500  0.200
  320  0.250  -26.20  1.00000  0.0500  0.200
  321  0.250  -26.00  1.00000  0.0500  0.200
  322  0.250  -25.80  1.00000  0.0500  0.200
  323  0.250  -25.60  1.00000  0.0500  0.200
  324  0.250  -25.40  1.00000  0.0500  0.200
  325  0.250  -25.20  1.00000  0.0500  0.200
  326  0.250  -25.00  1.00000  0.0500  0.200
  327  0.250  -24.80  1.00000  0.0500  0.200
  328  0.250  -24.60  1.00000  0.0500  0.200
  329  0.250  -24.40  1.00000  0.0500  0.200
  330  0.250  -24.20  1.00000  0.0500  0.200
  331  0.250  -24.00  1.00000  0.0500  0.200
  332  0.250  -23.80  1.00000  0.0500  0.200
  333  0.250  -23.60  1.00000  0.0500  0.200
  334  0.250  -23.40  1.00000  0.0500  0.200
  335  0.250  -23.20  1.00000  0.0500  0.200
  336  0.250  -23.00  1.00000  0.0500  0.200
  337  0.250  -22.80  1.00000  0.0500  0.200
  338  0.250  -22.60  1.00000  0.0500  0.200
  339  0.250  -22.40  1.00000  0.0500  0.200
  340  0.250  -22.20  1.00000  0.0500  0.200
  341  0.250  -22.00  1.00000  0.0500  0.200
  342  0.250  -21.80  1.00000  0.0500  0.200
  343  0.250  -21.60  1.00000  0.0500  0.200
  344  0.250  -21.40  1.00000  0.0500  0.200
  345  0.250  -21.20  1.00000  0.0500  0.200
  346  0.250  -21.00  1.00000  0.0500  0.200
  347  0.250  -20.80  1.00000  0.0500  0.200
  348  0.250  -20.60  1.00000  0.0500  0.200
  349  0.250  -20.40  1.00000  0.0500  0.200
  350  0.250  -20.20  1.00000  0.0500  0.200
  351  0.250  -20.00  1.00000  0.0500  0.200
  352  0.250  -19.80  1.00000  0.0500  0.200
  353  0.250  -19.60  1.00000  0.0500  0.200
  354  0.250  -19.40  1.00000  0.0500  0.200
  355  0.250  -19.20  1.00000  0.0500  0.200
  356  0.250  -19.00  1.00000  0.0500  0.200
  357  0.250  -18.80  1.00000  0.0500  0.200
  358  0.250  -18.60  1.00000  0.0500  0.200
  359  0.250  -18.40  1.00000  0.0500  0.200
  360  0.250  -18.20  1.00000  0.0500  0.200
  361  0.300  -30.00  1.00000  0.0500  0.200
  362  0.300  -29.80  1.00000  0.0500  0.200
  363  0.300  -29.60  1.00000  0.0500  0.200
  364  0.300  -29.40  1.00000  0.0500  0.200
  365  0.300  -29.20  1.00000  0.0500  0.200
  366  0.300  -29.00  1.00000  0.0500  0.200
  367  0.300  -28.80  1.00000  0.0500  0.200
  368  0.300  -28.60  1.00000  0.0500  0.200
  369  0.300  -28.40  1.00000  0.0500  0.200
  370  0.300  -28.20  1.00000  0.0500  0.200
  371  0.300  -28.00  1.00000  0.0500  0.200
  372  0.300  -27.80  1.00000  0.0500  0.200
  373  0.300  -27.60  1.00000  0.0500  0.200
  374  0.300  -27.40  1.00000  0.0500  0.200
  375  0.300  -27.20  1.00000  0.0500  0.200
  376  0.300  -27.00  1.00000  0.0500  0.200
  377  0.300  -26.80  1.00000  0.0500  0.200
  378  0.300  -26.60  1.00000  0.0500  0.200
  379  0.300  -26.40  1.00000  0.0500  0.200
  380  0.300  -26.20  1.00000  0.0500  0.200
  381  0.300  -26.00  1.00000  0.0500  0.200
  382  0.300  -25.80  1.00000  0.0500  0.200
  383  0.300  -25.60  1.00000  0.0500  0.200
  384  0.300  -25.40  1.00000  0.0500  0.200
  385  0.300  -25.20  1.00000  0.0500  0.200
  386  0.300  -25.00  1.00000  0.0500  0.200
  387  0.300  -24.80  1.00000  0.0500  0.200
  388  0.300  -24.60  1.00000  0.0500  0.200
  389  0.300  -24.40  1.00000  0.0500  0.200
  390  0.300  -24.20  1.00000  0.0500  0.200
  391  0.300  -24.00  1.00000  0.0500  0.200
  392  0.300  -23.80  1.00000  0.0500  0.200
  393  0.300  -23.60  1.00000  0.0500  0.200
  394  0.300  -23.40  1.00000  0.0500  0.200
  395  0.300  -23.20  1.00000  0.0500  0.200
  396  0.300  -23.00  1.00000  0.0500  0.200
  397  0.300  -22.80  1.00000  0.0500  0.200
  398  0.300  -22.60  1.00000  0.0500  0.200
  399  0.300  -22.40  1.00000  0.0500  0.200
  400  0.300  -22.20  1.00000  0.0500  0.200
  401  0.300  -22.00  1.00000  0.0500  0.200
  402  0.300  -21.80  1.00000  0.0500  0.200
  403  0.300  -21.60  1.00000  0.0500  0.200
  404  0.300  -21.40  1.00000  0.0500  0.200
  405  0.300  -21.20  1.00000  0.0500  0.200
  406  0.300  -21.00  1.00000  0.0500  0.200
  407  0.300  -20.80  1.00000  0.0500  0.200
  408  0.300  -20.60  1.00000  0.0500  0.200
  409  0.300  -20.40  1.00000  0.0500  0.200
  410  0.300  -20.20  1.00000  0.0500  0.200
  411  0.300  -20.00  1.00000  0.0500  0.200
  412  0.300  -19.80  1.00000  0.0500  0.200
  413  0.300  -19.60  1.00000  0.0500  0.200
  414  0.300  -19.40  1.00000  0.0500  0.200
  415  0.300  -19.20  1.00000  0.0500  0.200
  416  0.300  -19.00  1.00000  0.0500  0.200
  417  0.300  -18.80  1.00000  0.0500  0.200
  418  0.300  -18.60  1.00000  0.0500  0.200
  419  0.300  -18.40  1.00000  0.0500  0.200
  420  0.300  -18.20  1.00000  0.0500  0.200
  421  0.350  -30.00  1.00000  0.0500  0.200
  422  0.350  -29.80  1.00000  0.0500  0.200
  423  0.350  -29.60  1.00000  0.0500  0.200
  424  0.350  -29.40  1.00000  0.0500  0.200
  425  0.350  -29.20  1.00000  0.0500  0.200
  426  0.350  -29.00  1.00000  0.0500  0.200
  427  0.350  -28.80  1.00000  0.0500  0.200
  428  0.350  -28.60  1.00000  0.0500  0.200
  429  0.350  -28.40  1.00000  0.0500  0.200
  430  0.350  -28.20  1.00000  0.0500  0.200
  431  0.350  -28.00  1.00000  0.0500  0.200
  432  0.350  -27.80  1.00000  0.0500  0.200
  433  0.350  -27.60  1.00000  0.0500  0.200
  434  0.350  -27.40  1.00000  0.0500  0.200
  435  0.350  -27.20  1.00000  0.0500  0.200
  436  0.350  -27.00  1.00000  0.0500  0.200
  437  0.350  -26.80  1.00000  0.0500  0.200
  438  0.350  -26.60  1.00000  0.0500  0.200
  439  0.350  -26.40  1.00000  0.0500  0.200
  440  0.350  -26.20  1.00000  0.0500  0.200
  441  0.350  -26.00  1.00000  0.0500  0.200
  442  0.350  -25.80  1.00000  0.0500  0.200
  443  0.350  -25.60  1.00000  0.0500  0.200
  444  0.350  -25.40  1.00000  0.0500  0.200
  445  0.350  -25.20  1.00000  0.0500  0.200
  446  0.350  -25.00  1.00000  0.0500  0.200
  447  0.350  -24.80  1.00000  0.0500  0.200
  448  0.350  -24.60  1.00000  0.0500  0.200
  449  0.350  -24.40  1.00000  0.0500  0.200
  450  0.350  -24.20  1.00000  0.0500  0.200
  451  0.350  -24.00  1.00000  0.0500  0.200
  452  0.350  -23.80  1.00000  0.0500  0.200
  453  0.350  -23.60  1.00000  0.0500  0.200
  454  0.350  -23.40  1.00000  0.0500  0.200
  455  0.350  -23.20  1.00000  0.0500  0.200
  456  0.350  -23.00  1.00000  0.0500  0.200
  457  0.350  -22.80  1.00000  0.0500  0.200
  458  0.350  -22.60  1.00000  0.0500  0.200
  459  0.350  -22.40  1.00000  0.0500  0.200
  460  0.350  -22.20  1.00000  0.0500  0.200
  461  0.350  -22.00  1.00000  0.0500  0.200
  462  0.350  -21.80  1.00000  0.0500  0.200
  463  0.350  -21.60  1.00000  0.0500  0.200
  464  0.350  -21.40  1.00000  0.0500  0.200
  465  0.350  -21.20  1.00000  0.0500  0.200
  466  0.350  -21.00  1.00000  0.0500  0.200
  467  0.350  -20.80  1.00000  0.0500  0.200
  468  0.350  -20.60  1.00000  0.0500  0.200
  469  0.350  -20.40  1.00000  0.0500  0.200
  470  0.350  -20.20  1.00000  0.0500  0.200
  471  0.350  -20.00  1.00000  0.0500  0.200
  472  0.350  -19.80  1.00000  0.0500  0.200
  473  0.350  -19.60  1.00000  0.0500  0.200
  474  0.350  -19.40  1.00000  0.0500  0.200
  475  0.350  -19.20  1.00000  0.0500  0.200
  476  0.350  -19.00  1.00000  0.0500  0.200
  477  0.350  -18.80  1.00000  0.0500  0.200
  478  0.350  -18.60  1.00000  0.0500  0.200
  479  0.350  -18.40  1.00000  0.0500  0.200
  480  0.350  -18.20  1.00000  0.0500  0.200
  481  0.400  -30.00  1.00000  0.0500  0.200
  482  0.400  -29.80  1.00000  0.0500  0.200
  483  0.400  -29.60  1.00000  0.0500  0.200
  484  0.400  -29.40  1.00000  0.0500  0.200
  485  0.400  -29.20  1.00000  0.0500  0.200
  486  0.400  -29.00  1.00000  0.0500  0.200
  487  0.400  -28.80  1.00000  0.0500  0.200
  488  0.400  -28.60  1.00000  0.0500  0.200
  489  0.400  -28.40  1.00000  0.0500  0.200
  490  0.400  -28.20  1.00000  0.0500  0.200
  491  0.400  -28.00  1.00000  0.0500  0.200
  492  0.400  -27.80  1.00000  0.0500  0.200
  493  0.400  -27.60  1.00000  0.0500  0.200
  494  0.400  -27.40  1.00000  0.0500  0.200
  495  0.400  -27.20  1.00000  0.0500  0.200
  496  0.400  -27.00  1.00000  0.0500  0.200
  497  0.400  -26.80  1.00000  0.0500  0.200
  498  0.400  -26.60  1.00000  0.0500  0.200
  499  0.400  -26.40  1.00000  0.0500  0.200
  500  0.400  -26.20  1.00000  0.0500  0.200
  501  0.400  -26.00  1.00000  0.0500  0.200
  502  0.400  -25.80  1.00000  0.0500  0.200
  503  0.400  -25.60  1.00000  0.0500  0.200
  504  0.400  -25.40  1.00000  0.0500  0.200
  505  0.400  -25.20  1.00000  0.0500  0.200
  506  0.400  -25.00  1.00000  0.0500  0.200
  507  0.400  -24.80  1.00000  0.0500  0.200
  508  0.400  -24.60  1.00000  0.0500  0.200
  509  0.400  -24.40  1.00000  0.0500  0.200
  510  0.400  -24.20  1.00000  0.0500  0.200
  511  0.400  -24.00  1.00000  0.0500  0.200
  512  0.400  -23.80  1.00000  0.0500  0.200
  513  0.400  -23.60  1.00000  0.0500  0.200
  514  0.400  -23.40  1.00000  0.0500  0.200
  515  0.400  -23.20  1.00000  0.0500  0.200
  516  0.400  -23.00  1.00000  0.0500  0.200
  517  0.400  -22.80  1.00000  0.0500  0.200
  518  0.400  -22.60  1.00000  0.0500  0.200
  519  0.400  -22.40  1.00000  0.0500  0.200
  520  0.400  -22.20  1.00000  0.0500  0.200
  521  0.400  -22.00  1.00000  0.0500  0.200
  522  0.400  -21.80  1.00000  0.0500  0.200
  523  0.400  -21.60  1.00000  0.0500  0.200
  524  0.400  -21.40  1.00000  0.0500  0.200
  525  0.400  -21.20  1.00000  0.0500  0.200
  526  0.400  -21.00  1.00000  0.0500  0.200
  527  0.400  -20.80  1.00000  0.0500  0.200
  528  0.400  -20.60  1.00000  0.0500  0.200
  529  0.400  -20.40  1.00000  0.0500  0.200
  530  0.400  -20.20  1.00000  0.0500  0.200
  531  0.400  -20.00  1.00000  0.0500  0.200
  532  0.400  -19.80  1.00000  0.0500  0.200
  533  0.400  -19.60  1.00000  0.0500  0.200
  534  0.400  -19.40  1.00000  0.0500  0.200
  535  0.400  -19.20  1.00000  0.0500  0.200
  536  0.400  -19.00  1.00000  0.0500  0.200
  537  0.400  -18.80  1.00000  0.0500  0.200
  538  0.400  -18.60  1.00000  0.0500  0.200
  539  0.400  -18.40  1.00000  0.0500  0.200
  540  0.400  -18.20  1.00000  0.0500  0.200
  541  0.450  -30.00  1.00000  0.0500  0.200
  542  0.450  -29.80  1.00000  0.0500  0.200
  543  0.450  -29.60  1.00000  0.0500  0.200
  544  0.450  -29.40  1.00000  0.0500  0.200
  545  0.450  -29.20  1.00000  0.0500  0.200
  546  0.450  -29.00  1.00000  0.0500  0.200
  547  0.450  -28.80  1.00000  0.0500  0.200
  548  0.450  -28.60  1.00000  0.0500  0.200
  549  0.450  -28.40  1.00000  0.0500  0.200
  550  0.450  -28.20  1.00000  0.0500  0.200
  551  0.450  -28.00  1.00000  0.0500  0.200
  552  0.450  -27.80  1.00000  0.0500  0.200
  553  0.450  -27.60  1.00000  0.0500  0.200
  554  0.450  -27.40  1.00000  0.0500  0.200
  555  0.450  -27.20  1.00000  0.0500  0.200
  556  0.450  -27.00  1.00000  0.0500  0.200
  557  0.450  -26.80  1.00000  0.0500  0.200
  558  0.450  -26.60  1.00000  0.0500  0.200
  559  0.450  -26.40  1.00000  0.0500  0.200
  560  0.450  -26.20  1.00000  0.0500  0.200
  561  0.450  -26.00  1.00000  0.0500  0.200
  562  0.450  -25.80  1.00000  0.0500  0.200
  563  0.450  -25.60  1.00000  0.0500  0.200
  564  0.450  -25.40  1.00000  0.0500  0.200
  565  0.450  -25.20  1.00000  0.0500  0.200
  566  0.450  -25.00  1.00000  0.0500  0.200
  567  0.450  -24.80  1.00000  0.0500  0.200
  568  0.450  -24.60  1.00000  0.0500  0.200
  569  0.450  -24.40  1.00000  0.0500  0.200
  570  0.450  -24.20  1.00000  0.0500  0.200
  571  0.450  -24.00  1.00000  0.0500  0.200
  572  0.450  -23.80  1.00000  0.0500  0.200
  573  0.450  -23.60  1.00000  0.0500  0.200
  574  0.450  -23.40  1.00000  0.0500  0.200
  575  0.450  -23.20  1.00000  0.0500  0.200
  576  0.450  -23.00  1.00000  0.0500  0.200
  577  0.450  -22.80  1.00000  0.0500  0.200
  578  0.450  -22.60  1.00000  0.0500  0.200
  579  0.450  -22.40  1.00000  0.0500  0.200
  580  0.450  -22.20  1.00000  0.0500  0.200
  581  0.450  -22.00  1.00000  0.0500  0.200
  582  0.450  -21.80  1.00000  0.0500  0.200
  583  0.450  -21.60  1.00000  0.0500  0.200
  584  0.450  -21.40  1.00000  0.0500  0.200
  585  0.450  -21.20  1.00000  0.0500  0.200
  586  0.450  -21.00  1.00000  0.0500  0.200
  587  0.450  -20.80  1.00000  0.0500  0.200
  588  0.450  -20.60  1.00000  0.0500  0.200
  589  0.450  -20.40  1.00000  0.0500  0.200
  590  0.450  -20.20  1.00000  0.0500  0.200
  591  0.450  -20.00  1.00000  0.0500  0.200
  592  0.450  -19.80  1.00000  0.0500  0.200
  593  0.450  -19.60  1.00000  0.0500  0.200
  594  0.450  -19.40  1.00000  0.0500  0.200
  595  0.450  -19.20  1.00000  0.0500  0.200
  596  0.450  -19.00  1.00000  0.0500  0.200
  597  0.450  -18.80  1.00000  0.0500  0.200
  598  0.450  -18.60  1.00000  0.0500  0.200
  599  0.450  -18.40  1.00000  0.0500  0.200
  600  0.450  -18.20  1.00000  0.0500  0.200
  601  0.500  -30.00  1.00000  0.0500  0.200
  602  0.500  -29.80  1.00000  0.0500  0.200
  603  0.500  -29.60  1.00000  0.0500  0.200
  604  0.500  -29.40  1.00000  0.0500  0.200
  605  0.500  -29.20  1.00000  0.0500  0.200
  606  0.500  -29.00  1.00000  0.0500  0.200
  607  0.500  -28.80  1.00000  0.0500  0.200
  608  0.500  -28.60  1.00000  0.0500  0.200
  609  0.500  -28.40  1.00000  0.0500  0.200
  610  0.500  -28.20  1.00000  0.0500  0.200
  611  0.500  -28.00  1.00000  0.0500  0.200
  612  0.500  -27.80  1.00000  0.0500  0.200
  613  0.500  -27.60  1.00000  0.0500  0.200
  614  0.500  -27.40  1.00000  0.0500  0.200
  615  0.500  -27.20  1.00000  0.0500  0.200
  616  0.500  -27.00  1.00000  0.0500  0.200
  617  0.500  -26.80  1.00000  0.0500  0.200
  618  0.500  -26.60  1.00000  0.0500  0.200
  619  0.500  -26.40  1.00000  0.0500  0.200
  620  0.500  -26.20  1.00000  0.0500  0.200
  621  0.500  -26.00  1.00000  0.0500  0.200
  622  0.500  -25.80  1.00000  0.0500  0.200
  623  0.500  -25.60  1.00000  0.0500  0.200
  624  0.500  -25.40  1.00000  0.0500  0.200
  625  0.500  -25.20  1.00000  0.0500  0.200
  626  0.500  -25.00  1.00000  0.0500  0.200
  627  0.500  -24.80  1.00000  0.0500  0.200
  628  0.500  -24.60  1.00000  0.0500  0.200
  629  0.500  -24.40  1.00000  0.0500  0.200
  630  0.500  -24.20  1.00000  0.0500  0.200
  631  0.500  -24.00  1.00000  0.0500  0.200
  632  0.500  -23.80  1.00000  0.0500  0.200
  633  0.500  -23.60  1.00000  0.0500  0.200
  634  0.500  -23.40  1.00000  0.0500  0.200
  635  0.500  -23.20  1.00000  0.0500  0.200
  636  0.500  -23.00  1.00000  0.0500  0.200
  637  0.500  -22.80  1.00000  0.0500  0.200
  638  0.500  -22.60  1.00000  0.0500  0.200
  639  0.500  -22.40  1.00000  0.0500  0.200
  640  0.500  -22.20  1.00000  0.0500  0.200
  641  0.500  -22.00  1.00000  0.0500  0.200
  642  0.500  -21.80  1.00000  0.0500  0.200
  643  0.500  -21.60  1.00000  0.0500  0.200
  644  0.500  -21.40  1.00000  0.0500  0.200
  645  0.500  -21.20  1.00000  0.0500  0.200
  646  0.500  -21.00  1.00000  0.0500  0.200
  647  0.500  -20.80  1.00000  0.0500  0.200
  648  0.500  -20.60  1.00000  0.0500  0.200
  649  0.500  -20.40  1.00000  0.0500  0.200
  650  0.500  -20.20  1.00000  0.0500  0.200
  651  0.500  -20.00  1.00000  0.0500  0.200
  652  0.500  -19.80  1.00000  0.0500  0.200
  653  0.500  -19.60  1.00000  0.0500  0.200
  654  0.500  -19.40  1.00000  0.0500  0.200
  655  0.500  -19.20  1.00000  0.0500  0.200
  656  0.500  -19.00  1.00000  0.0500  0.200
  657  0.500  -18.80  1.00000  0.0500  0.200
  658  0.500  -18.60  1.00000  0.0500  0.200
  659  0.500  -18.40  1.00000  0.0500  0.200
  660  0.500  -18.20  1.00000  0.0500  0.200
  661  0.550  -30.00  1.00000  0.0500  0.200
  662  0.550  -29.80  1.00000  0.0500  0.200
  663  0.550  -29.60  1.00000  0.0500  0.200
  664  0.550  -29.40  1.00000  0.0500  0.200
  665  0.550  -29.20  1.00000  0.0500  0.200
  666  0.550  -29.00  1.00000  0.0500  0.200
  667  0.550  -28.80  1.00000  0.0500  0.200
  668  0.550  -28.60  1.00000  0.0500  0.200
  669  0.550  -28.40  1.00000  0.0500  0.200
  670  0.550  -28.20  1.00000  0.0500  0.200
  671  0.550  -28.00  1.00000  0.0500  0.200
  672  0.550  -27.80  1.00000  0.0500  0.200
  673  0.550  -27.60  1.00000  0.0500  0.200
  674  0.550  -27.40  1.00000  0.0500  0.200
  675  0.550  -27.20  1.00000  0.0500  0.200
  676  0.550  -27.00  1.00000  0.0500  0.200
  677  0.550  -26.80  1.00000  0.0500  0.200
  678  0.550  -26.60  1.00000  0.0500  0.200
  679  0.550  -26.40  1.00000  0.0500  0.200
  680  0.550  -26.20  1.00000  0.0500  0.200
  681  0.550  -26.00  1.00000  0.0500  0.200
  682  0.550  -25.80  1.00000  0.0500  0.200
  683  0.550  -25.60  1.00000  0.0500  0.200
  684  0.550  -25.40  1.00000  0.0500  0.200
  685  0.550  -25.20  1.00000  0.0500  0.200
  686  0.550  -25.00  1.00000  0.0500  0.200
  687  0.550  -24.80  1.00000  0.0500  0.200
  688  0.550  -24.60  1.00000  0.0500  0.200
  689  0.550  -24.40  1.00000  0.0500  0.200
  690  0.550  -24.20  1.00000  0.0500  0.200
  691  0.550  -24.00  1.00000  0.0500  0.200
  692  0.550  -23.80  1.00000  0.0500  0.200
  693  0.550  -23.60  1.00000  0.0500  0.200
  694  0.550  -23.40  1.00000  0.0500  0.200
  695  0.550  -23.20  1.00000  0.0500  0.200
  696  0.550  -23.00  1.00000  0.0500  0.200
  697  0.550  -22.80  1.00000  0.0500  0.200
  698  0.550  -22.60  1.00000  0.0500  0.200
  699  0.550  -22.40  1.00000  0.0500  0.200
  700  0.550  -22.20  1.00000  0.0500  0.200
  701  0.550  -22.00  1.00000  0.0500  0.200
  702  0.550  -21.80  1.00000  0.0500  0.200
  703  0.550  -21.60  1.00000  0.0500  0.200
  704  0.550  -21.40  1.00000  0.0500  0.200
  705  0.550  -21.20  1.00000  0.0500  0.200
  706  0.550  -21.00  1.00000  0.0500  0.200
  707  0.550  -20.80  1.00000  0.0500  0.200
  708  0.550  -20.60  1.00000  0.0500  0.200
  709  0.550  -20.40  1.00000  0.0500  0.200
  710  0.550  -20.20  1.00000  0.0500  0.200
  711  0.550  -20.00  1.00000  0.0500  0.200
  712  0.550  -19.80  1.00000  0.0500  0.200
  713  0.550  -19.60  1.00000  0.0500  0.200
  714  0.550  -19.40  1.00000  0.0500  0.200
  715  0.550  -19.20  1.00000  0.0500  0.200
  716  0.550  -19.00  1.00000  0.0500  0.200
  717  0.550  -18.80  1.00000  0.0500  0.200
  718  0.550  -18.60  1.00000  0.0500  0.200
  719  0.550  -18.40  1.00000  0.0500  0.200
  720  0.550  -18.20  1.00000  0.0500  0.200
  721  0.600  -30.00  1.00000  0.0500  0.200
  722  0.600  -29.80  1.00000  0.0500  0.200
  723  0.600  -29.60  1.00000  0.0500  0.200
  724  0.600  -29.40  1.00000  0.0500  0.200
  725  0.600  -29.20  1.00000  0.0500  0.200
  726  0.600  -29.00  1.00000  0.0500  0.200
  727  0.600  -28.80  1.00000  0.0500  0.200
  728  0.600  -28.60  1.00000  0.0500  0.200
  729  0.600  -28.40  1.00000  0.0500  0.200
  730  0.600  -28.20  1.00000  0.0500  0.200
  731  0.600  -28.00  1.00000  0.0500  0.200
  732  0.600  -27.80  1.00000  0.0500  0.200
  733  0.600  -27.60  1.00000  0.0500  0.200
  734  0.600  -27.40  1.00000  0.0500  0.200
  735  0.600  -27.20  1.00000  0.0500  0.200
  736  0.600  -27.00  1.00000  0.0500  0.200
  737  0.600  -26.80  1.00000  0.0500  0.200
  738  0.600  -26.60  1.00000  0.0500  0.200
  739  0.600  -26.40  1.00000  0.0500  0.200
  740  0.600  -26.20  1.00000  0.0500  0.200
  741  0.600  -26.00  1.00000  0.0500  0.200
  742  0.600  -25.80  1.00000  0.0500  0.200
  743  0.600  -25.60  1.00000  0.0500  0.200
  744  0.600  -25.40  1.00000  0.0500  0.200
  745  0.600  -25.20  1.00000  0.0500  0.200
  746  0.600  -25.00  1.00000  0.0500  0.200
  747  0.600  -24.80  1.00000  0.0500  0.200
  748  0.600  -24.60  1.00000  0.0500  0.200
  749  0.600  -24.40  1.00000  0.0500  0.200
  750  0.600  -24.20  1.00000  0.0500  0.200
  751  0.600  -24.00  1.00000  0.0500  0.200
  752  0.600  -23.80  1.00000  0.0500  0.200
  753  0.600  -23.60  1.00000  0.0500  0.200
  754  0.600  -23.40  1.00000  0.0500  0.200
  755  0.600  -23.20  1.00000  0.0500  0.200
  756  0.600  -23.00  1.00000  0.0500  0.200
  757  0.600  -22.80  1.00000  0.0500  0.200
  758  0.600  -22.60  1.00000  0.0500  0.200
  759  0.600  -22.40  1.00000  0.0500  0.200
  760  0.600  -22.20  1.00000  0.0500  0.200
  761  0.600  -22.00  1.00000  0.0500  0.200
  762  0.600  -21.80  1.00000  0.0500  0.200
  763  0.600  -21.60  1.00000  0.0500  0.200
  764  0.600  -21.40  1.00000  0.0500  0.200
  765  0.600  -21.20  1.00000  0.0500  0.200
  766  0.600  -21.00  1.00000  0.0500  0.200
  767  0.600  -20.80  1.00000  0.0500  0.200
  768  0.600  -20.60  1.00000  0.0500  0.200
  769  0.600  -20.40  1.00000  0.0500  0.200
  770  0.600  -20.20  1.00000  0.0500  0.200
  771  0.600  -20.00  1.00000  0.0500  0.200
  772  0.600  -19.80  1.00000  0.0500  0.200
  773  0.600  -19.60  1.00000  0.0500  0.200
  774  0.600  -19.40  1.00000  0.0500  0.200
  775  0.600  -19.20  1.00000  0.0500  0.200
  776  0.600  -19.00  1.00000  0.0500  0.200
  777  0.600  -18.80  1.00000  0.0500  0.200
  778  0.600  -18.60  1.00000  0.0500  0.200
  779  0.600  -18.40  1.00000  0.0500  0.200
  780  0.600  -18.20  1.00000  0.0500  0.200
  781  0.650  -30.00  1.00000  0.0500  0.200
  782  0.650  -29.80  1.00000  0.0500  0.200
  783  0.650  -29.60  1.00000  0.0500  0.200
  784  0.650  -29.40  1.00000  0.0500  0.200
  785  0.650  -29.20  1.00000  0.0500  0.200
  786  0.650  -29.00  1.00000  0.0500  0.200
  787  0.650  -28.80  1.00000  0.0500  0.200
  788  0.650  -28.60  1.00000  0.0500  0.200
  789  0.650  -28.40  1.00000  0.0500  0.200
  790  0.650  -28.20  1.00000  0.0500  0.200
  791  0.650  -28.00  1.00000  0.0500  0.200
  792  0.650  -27.80  1.00000  0.0500  0.200
  793  0.650  -27.60  1.00000  0.0500  0.200
  794  0.650  -27.40  1.00000  0.0500  0.200
  795  0.650  -27.20  1.00000  0.0500  0.200
  796  0.650  -27.00  1.00000  0.0500  0.200
  797  0.650  -26.80  1.00000  0.0500  0.200
  798  0.650  -26.60  1.00000  0.0500  0.200
  799  0.650  -26.40  1.00000  0.0500  0.200
  800  0.650  -26.20  1.00000  0.0500  0.200
  801  0.650  -26.00  1.00000  0.0500  0.200
  802  0.650  -25.80  1.00000  0.0500  0.200
  803  0.650  -25.60  1.00000  0.0500  0.200
  804  0.650  -25.40  1.00000  0.0500  0.200
  805  0.650  -25.20  1.00000  0.0500  0.200
  806  0.650  -25.00  1.00000  0.0500  0.200
  807  0.650  -24.80  1.00000  0.0500  0.200
  808  0.650  -24.60  1.00000  0.0500  0.200
  809  0.650  -24.40  1.00000  0.0500  0.200
  810  0.650  -24.20  1.00000  0.0500  0.200
  811  0.650  -24.00  1.00000  0.0500  0.200
  812  0.650  -23.80  1.00000  0.0500  0.200
  813  0.650  -23.60  1.00000  0.0500  0.200
  814  0.650  -23.40  1.00000  0.0500  0.200
  815  0.650  -23.20  1.00000  0.0500  0.200
  816  0.650  -23.00  1.00000  0.0500  0.200
  817  0.650  -22.80  1.00000  0.0500  0.200
  818  0.650  -22.60  1.00000  0.0500  0.200
  819  0.650  -22.40  1.00000  0.0500  0.200
  820  0.650  -22.20  1.00000  0.0500  0.200
  821  0.650  -22.00  1.00000  0.0500  0.200
  822  0.650  -21.80  1.00000  0.0500  0.200
  823  0.650  -21.60  1.00000  0.0500  0.200
  824  0.650  -21.40  1.00000  0.0500  0.200
  825  0.650  -21.20  1.00000  0.0500  0.200
  826  0.650  -21.00  1.00000  0.0500  0.200
  827  0.650  -20.80  1.00000  0.0500  0.200
  828  0.650  -20.60  1.00000  0.0500  0.200
  829  0.650  -20.40  1.00000  0.0500  0.200
  830  0.650  -20.20  1.00000  0.0500  0.200
  831  0.650  -20.00  1.00000  0.0500  0.200
  832  0.650  -19.80  1.00000  0.0500  0.200
  833  0.650  -19.60  1.00000  0.0500  0.200
  834  0.650  -19.40  1.00000  0.0500  0.200
  835  0.650  -19.20  1.00000  0.0500  0.200
  836  0.650  -19.00  1.00000  0.0500  0.200
  837  0.650  -18.80  1.00000  0.0500  0.200
  838  0.650  -18.60  1.00000  0.0500  0.200
  839  0.650  -18.40  1.00000  0.0500  0.200
  840  0.650  -18.20  1.00000  0.0500  0.200
  841  0.700  -30.00  1.00000  0.0500  0.200
  842  0.700  -29.80  1.00000  0.0500  0.200
  843  0.700  -29.60  1.00000  0.0500  0.200
  844  0.700  -29.40  1.00000  0.0500  0.200
  845  0.700  -29.20  1.00000  0.0500  0.200
  846  0.700  -29.00  1.00000  0.0500  0.200
  847  0.700  -28.80  1.00000  0.0500  0.200
  848  0.700  -28.60  1.00000  0.0500  0.200
  849  0.700  -28.40  1.00000  0.0500  0.200
  850  0.700  -28.20  1.00000  0.0500  0.200
  851  0.700  -28.00  1.00000  0.0500  0.200
  852  0.700  -27.80  1.00000  0.0500  0.200
  853  0.700  -27.60  1.00000  0.0500  0.200
  854  0.700  -27.40  1.00000  0.0500  0.200
  855  0.700  -27.20  1.00000  0.0500  0.200
  856  0.700  -27.00  1.00000  0.0500  0.200
  857  0.700  -26.80  1.00000  0.0500  0.200
  858  0.700  -26.60  1.00000  0.0500  0.200
  859  0.700  -26.40  1.00000  0.0500  0.200
  860  0.700  -26.20  1.00000  0.0500  0.200
  861  0.700  -26.00  1.00000  0.0500  0.200
  862  0.700  -25.80  1.00000  0.0500  0.200
  863  0.700  -25.60  1.00000  0.0500  0.200
  864  0.700  -25.40  1.00000  0.0500  0.200
  865  0.700  -25.20  1.00000  0.0500  0.200
  866  0.700  -25.00  1.00000  0.0500  0.200
  867  0.700  -24.80  1.00000  0.0500  0.200
  868  0.700  -24.60  1.00000  0.0500  0.200
  869  0.700  -24.40  1.00000  0.0500  0.200
  870  0.700  -24.20  1.00000  0.0500  0.200
  871  0.700  -24.00  1.00000  0.0500  0.200
  872  0.700  -23.80  1.00000  0.0500  0.200
  873  0.700  -23.60  1.00000  0.0500  0.200
  874  0.700  -23.40  1.00000  0.0500  0.200
  875  0.700  -23.20  1.00000  0.0500  0.200
  876  0.700  -23.00  1.00000  0.0500  0.200
  877  0.700  -22.80  1.00000  0.0500  0.200
  878  0.700  -22.60  1.00000  0.0500  0.200
  879  0.700  -22.40  1.00000  0.0500  0.200
  880  0.700  -22.20  1.00000  0.0500  0.200
  881  0.700  -22.00  1.00000  0.0500  0.200
  882  0.700  -21.80  1.00000  0.0500  0.200
  883  0.700  -21.60  1.00000  0.0500  0.200
  884  0.700  -21.40  1.00000  0.0500  0.200
  885  0.700  -21.20  1.00000  0.0500  0.200
  886  0.700  -21.00  1.00000  0.0500  0.200
  887  0.700  -20.80  1.00000  0.0500  0.200
  888  0.700  -20.60  1.00000  0.0500  0.200
  889  0.700  -20.40  1.00000  0.0500  0.200
  890  0.700  -20.20  1.00000  0.0500  0.200
  891  0.700  -20.00  1.00000  0.0500  0.200
  892  0.700  -19.80  1.00000  0.0500  0.200
  893  0.700  -19.60  1.00000  0.0500  0.200
  894  0.700  -19.40  1.00000  0.0500  0.200
  895  0.700  -19.20  1.00000  0.0500  0.200
  896  0.700  -19.00  1.00000  0.0500  0.200
  897  0.700  -18.80  1.00000  0.0500  0.200
  898  0.700  -18.60  1.00000  0.0500  0.200
  899  0.700  -18.40  1.00000  0.0500  0.200
  900  0.700  -18.20  1.00000  0.0500  0.200
  901  0.750  -30.00  1.00000  0.0500  0.200
  902  0.750  -29.80  1.00000  0.0500  0.200
  903  0.750  -29.60  1.00000  0.0500  0.200
  904  0.750  -29.40  1.00000  0.0500  0.200
  905  0.750  -29.20  1.00000  0.0500  0.200
  906  0.750  -29.00  1.00000  0.0500  0.200
  907  0.750  -28.80  1.00000  0.0500  0.200
  908  0.750  -28.60  1.00000  0.0500  0.200
  909  0.750  -28.40  1.00000  0.0500  0.200
  910  0.750  -28.20  1.00000  0.0500  0.200
  911  0.750  -28.00  1.00000  0.0500  0.200
  912  0.750  -27.80  1.00000  0.0500  0.200
  913  0.750  -27.60  1.00000  0.0500  0.200
  914  0.750  -27.40  1.00000  0.0500  0.200
  915  0.750  -27.20  1.00000  0.0500  0.200
  916  0.750  -27.00  1.00000  0.0500  0.200
  917  0.750  -26.80  1.00000  0.0500  0.200
  918  0.750  -26.60  1.00000  0.0500  0.200
  919  0.750  -26.40  1.00000  0.0500  0.200
  920  0.750  -26.20  1.00000  0.0500  0.200
  921  0.750  -26.00  1.00000  0.0500  0.200
  922  0.750  -25.80  1.00000  0.0500  0.200
  923  0.750  -25.60  1.00000  0.0500  0.200
  924  0.750  -25.40  1.00000  0.0500  0.200
  925  0.750  -25.20  1.00000  0.0500  0.200
  926  0.750  -25.00  1.00000  0.0500  0.200
  927  0.750  -24.80  1.00000  0.0500  0.200
  928  0.750  -24.60  1.00000  0.0500  0.200
  929  0.750  -24.40  1.00000  0.0500  0.200
  930  0.750  -24.20  1.00000  0.0500  0.200
  931  0.750  -24.00  1.00000  0.0500  0.200
  932  0.750  -23.80  1.00000  0.0500  0.200
  933  0.750  -23.60  1.00000  0.0500  0.200
  934  0.750  -23.40  1.00000  0.0500  0.200
  935  0.750  -23.20  1.00000  0.0500  0.200
  936  0.750  -23.00  1.00000  0.0500  0.200
  937  0.750  -22.80  1.00000  0.0500  0.200
  938  0.750  -22.60  1.00000  0.0500  0.200
  939  0.750  -22.40  1.00000  0.0500  0.200
  940  0.750  -22.20  1.00000  0.0500  0.200
  941  0.750  -22.00  1.00000  0.0500  0.200
  942  0.750  -21.80  1.00000  0.0500  0.200
  943  0.750  -21.60  1.00000  0.0500  0.200
  944  0.750  -21.40  1.00000  0.0500  0.200
  945  0.750  -21.20  1.00000  0.0500  0.200
  946  0.750  -21.00  1.00000  0.0500  0.200
  947  0.750  -20.80  1.00000  0.0500  0.200
  948  0.750  -20.60  1.00000  0.0500  0.200
  949  0.750  -20.40  1.00000  0.0500  0.200
  950  0.750  -20.20  1.00000  0.0500  0.200
  951  0.750  -20.00  1.00000  0.0500  0.200
  952  0.750  -19.80  1.00000  0.0500  0.200
  953  0.750  -19.60  1.00000  0.0500  0.200
  954  0.750  -19.40  1.00000  0.0500  0.200
  955  0.750  -19.20  1.00000  0.0500  0.200
  956  0.750  -19.00  1.00000  0.0500  0.200
  957  0.750  -18.80  1.00000  0.0500  0.200
  958  0.750  -18.60  1.00000  0.0500  0.200
  959  0.750  -18.40  1.00000  0.0500  0.200
  960  0.750  -18.20  1.00000  0.0500  0.200
  961  0.800  -30.00  1.00000  0.0500  0.200
  962  0.800  -29.80  1.00000  0.0500  0.200
  963  0.800  -29.60  1.00000  0.0500  0.200
  964  0.800  -29.40  1.00000  0.0500  0.200
  965  0.800  -29.20  1.00000  0.0500  0.200
  966  0.800  -29.00  1.00000  0.0500  0.200
  967  0.800  -28.80  1.00000  0.0500  0.200
  968  0.800  -28.60  1.00000  0.0500  0.200
  969  0.800  -28.40  1.00000  0.0500  0.200
  970  0.800  -28.20  1.00000  0.0500  0.200
  971  0.800  -28.00  1.00000  0.0500  0.200
  972  0.800  -27.80  1.00000  0.0500  0.200
  973  0.800  -27.60  1.00000  0.0500  0.200
  974  0.800  -27.40  1.00000  0.0500  0.200
  975  0.800  -27.20  1.00000  0.0500  0.200
  976  0.800  -27.00  1.00000  0.0500  0.200
  977  0.800  -26.80  1.00000  0.0500  0.200
  978  0.800  -26.60  1.00000  0.0500  0.200
  979  0.800  -26.40  1.00000  0.0500  0.200
  980  0.800  -26.20  1.00000  0.0500  0.200
  981  0.800  -26.00  1.00000  0.0500  0.200
  982  0.800  -25.80  1.00000  0.0500  0.200
  983  0.800  -25.60  1.00000  0.0500  0.200
  984  0.800  -25.40  1.00000  0.0500  0.200
  985  0.800  -25.20  1.00000  0.0500  0.200
  986  0.800  -25.00  1.00000  0.0500  0.200
  987  0.800  -24.80  1.00000  0.0500  0.200
  988  0.800  -24.60  1.00000  0.0500  0.200
  989  0.800  -24.40  1.00000  0.0500  0.200
  990  0.800  -24.20  1.00000  0.0500  0.200
  991  0.800  -24.00  1.00000  0.0500  0.200
  992  0.800  -23.80  1.00000  0.0500  0.200
  993  0.800  -23.60  1.00000  0.0500  0.200
  994  0.800  -23.40  1.00000  0.0500  0.200
  995  0.800  -23.20  1.00000  0.0500  0.200
  996  0.800  -23.00  1.00000  0.0500  0.200
  997  0.800  -22.80  1.00000  0.0500  0.200
  998  0.800  -22.60  1.00000  0.0500  0.200
  999  0.800  -22.40  1.00000  0.0500  0.200
 1000  0.800  -22.20  1.00000  0.0500  0.200
 1001  0.800  -22.00  1.00000  0.0500  0.200
 1002  0.800  -21.80  1.00000  0.0500  0.200
 1003  0.800  -21.60  1.00000  0.0500  0.200
 1004  0.800  -21.40  1.00000  0.0500  0.200
 1005  0.800  -21.20  1.00000  0.0500  0.200
 1006  0.800  -21.00  1.00000  0.0500  0.200
 1007  0.800  -20.80  1.00000  0.0500  0.200
 1008  0.800  -20.60  1.00000  0.0500  0.200
 1009  0.800  -20.40  1.00000  0.0500  0.200
 1010  0.800  -20.20  1.00000  0.0500  0.200
 1011  0.800  -20.00  1.00000  0.0500  0.200
 1012  0.800  -19.80  1.00000  0.0500  0.200
 1013  0.800  -19.60  1.00000  0.0500  0.200
 1014  0.800  -19.40  1.00000  0.0500  0.200
 1015  0.800  -19.20  1.00000  0.0500  0.200
 1016  0.800  -19.00  1.00000  0.0500  0.200
 1017  0.800  -18.80  1.00000  0.0500  0.200
 1018  0.800  -18.60  1.00000  0.0500  0.200
 1019  0.800  -18.40  1.00000  0.0500  0.200
 1020  0.800  -18.20  1.00000  0.0500  0.200
 1021  0.850  -30.00  1.00000  0.0500  0.200
 1022  0.850  -29.80  1.00000  0.0500  0.200
 1023  0.850  -29.60  1.00000  0.0500  0.200
 1024  0.850  -29.40  1.00000  0.0500  0.200
 1025  0.850  -29.20  1.00000  0.0500  0.200
 1026  0.850  -29.00  1.00000  0.0500  0.200
 1027  0.850  -28.80  1.00000  0.0500  0.200
 1028  0.850  -28.60  1.00000  0.0500  0.200
 1029  0.850  -28.40  1.00000  0.0500  0.200
 1030  0.850  -28.20  1.00000  0.0500  0.200
 1031  0.850  -28.00  1.00000  0.0500  0.200
 1032  0.850  -27.80  1.00000  0.0500  0.200
 1033  0.850  -27.60  1.00000  0.0500  0.200
 1034  0.850  -27.40  1.00000  0.0500  0.200
 1035  0.850  -27.20  1.00000  0.0500  0.200
 1036  0.850  -27.00  1.00000  0.0500  0.200
 1037  0.850  -26.80  1.00000  0.0500  0.200
 1038  0.850  -26.60  1.00000  0.0500  0.200
 1039  0.850  -26.40  1.00000  0.0500  0.200
 1040  0.850  -26.20  1.00000  0.0500  0.200
 1041  0.850  -26.00  1.00000  0.0500  0.200
 1042  0.850  -25.80  1.00000  0.0500  0.200
 1043  0.850  -25.60  1.00000  0.0500  0.200
 1044  0.850  -25.40  1.00000  0.0500  0.200
 1045  0.850  -25.20  1.00000  0.0500  0.200
 1046  0.850  -25.00  1.00000  0.0500  0.200
 1047  0.850  -24.80  1.00000  0.0500  0.200
 1048  0.850  -24.60  1.00000  0.0500  0.200
 1049  0.850  -24.40  1.00000  0.0500  0.200
 1050  0.850  -24.20  1.00000  0.0500  0.200
 1051  0.850  -24.00  1.00000  0.0500  0.200
 1052  0.850  -23.80  1.00000  0.0500  0.200
 1053  0.850  -23.60  1.00000  0.0500  0.200
 1054  0.850  -23.40  1.00000  0.0500  0.200
 1055  0.850  -23.20  1.00000  0.0500  0.200
 1056  0.850  -23.00  1.00000  0.0500  0.200
 1057  0.850  -22.80  1.00000  0.0500  0.200
 1058  0.850  -22.60  1.00000  0.0500  0.200
 1059  0.850  -22.40  1.00000  0.0500  0.200
 1060  0.850  -22.20  1.00000  0.0500  0.200
 1061  0.850  -22.00  1.00000  0.0500  0.200
 1062  0.850  -21.80  1.00000  0.0500  0.200
 1063  0.850  -21.60  1.00000  0.0500  0.200
 1064  0.850  -21.40  1.00000  0.0500  0.200
 1065  0.850  -21.20  1.00000  0.0500  0.200
 1066  0.850  -21.00  1.00000  0.0500  0.200
 1067  0.850  -20.80  1.00000  0.0500  0.200
 1068  0.850  -20.60  1.00000  0.0500  0.200
 1069  0.850  -20.40  1.00000  0.0500  0.200
 1070  0.850  -20.20  1.00000  0.0500  0.200
 1071  0.850  -20.00  1.00000  0.0500  0.200
 1072  0.850  -19.80  1.00000  0.0500  0.200
 1073  0.850  -19.60  1.00000  0.0500  0.200
 1074  0.850  -19.40  1.00000  0.0500  0.200
 1075  0.850  -19.20  1.00000  0.0500  0.200
 1076  0.850  -19.00  1.00000  0.0500  0.200
 1077  0.850  -18.80  1.00000  0.0500  0.200
 1078  0.850  -18.60  1.00000  0.0500  0.200
 1079  0.850  -18.40  1.00000  0.0500  0.200
 1080  0.850  -18.20  1.00000  0.0500  0.200
 1081  0.900  -30.00  1.00000  0.0500  0.200
 1082  0.900  -29.80  1.00000  0.0500  0.200
 1083  0.900  -29.60  1.00000  0.0500  0.200
 1084  0.900  -29.40  1.00000  0.0500  0.200
 1085  0.900  -29.20  1.00000  0.0500  0.200
 1086  0.900  -29.00  1.00000  0.0500  0.200
 1087  0.900  -28.80  1.00000  0.0500  0.200
 1088  0.900  -28.60  1.00000  0.0500  0.200
 1089  0.900  -28.40  1.00000  0.0500  0.200
 1090  0.900  -28.20  1.00000  0.0500  0.200
 1091  0.900  -28.00  1.00000  0.0500  0.200
 1092  0.900  -27.80  1.00000  0.0500  0.200
 1093  0.900  -27.60  1.00000  0.0500  0.200
 1094  0.900  -27.40  1.00000  0.0500  0.200
 1095  0.900  -27.20  1.00000  0.0500  0.200
 1096  0.900  -27.00  1.00000  0.0500  0.200
 1097  0.900  -26.80  1.00000  0.0500  0.200
 1098  0.900  -26.60  1.00000  0.0500  0.200
 1099  0.900  -26.40  1.00000  0.0500  0.200
 1100  0.900  -26.20  1.00000  0.0500  0.200
 1101  0.900  -26.00  1.00000  0.0500  0.200
 1102  0.900  -25.80  1.00000  0.0500  0.200
 1103  0.900  -25.60  1.00000  0.0500  0.200
 1104  0.900  -25.40  1.00000  0.0500  0.200
 1105  0.900  -25.20  1.00000  0.0500  0.200
 1106  0.900  -25.00  1.00000  0.0500  0.200
 1107  0.900  -24.80  1.00000  0.0500  0.200
 1108  0.900  -24.60  1.00000  0.0500  0.200
 1109  0.900  -24.40  1.00000  0.0500  0.200
 1110  0.900  -24.20  1.00000  0.0500  0.200
 1111  0.900  -24.00  1.00000  0.0500  0.200
 1112  0.900  -23.80  1.00000  0.0500  0.200
 1113  0.900  -23.60  1.00000  0.0500  0.200
 1114  0.900  -23.40  1.00000  0.0500  0.200
 1115  0.900  -23.20  1.00000  0.0500  0.200
 1116  0.900  -23.00  1.00000  0.0500  0.200
 1117  0.900  -22.80  1.00000  0.0500  0.200
 1118  0.900  -22.60  1.00000  0.0500  0.200
 1119  0.900  -22.40  1.00000  0.0500  0.200
 1120  0.900  -22.20  1.00000  0.0500  0.200
 1121  0.900  -22.00  1.00000  0.0500  0.200
 1122  0.900  -21.80  1.00000  0.0500  0.200
 1123  0.900  -21.60  1.00000  0.0500  0.200
 1124  0.900  -21.40  1.00000  0.0500  0.200
 1125  0.900  -21.20  1.00000  0.0500  0.200
 1126  0.900  -21.00  1.00000  0.0500  0.200
 1127  0.900  -20.80  1.00000  0.0500  0.200
 1128  0.900  -20.60  1.00000  0.0500  0.200
 1129  0.900  -20.40  1.00000  0.0500  0.200
 1130  0.900  -20.20  1.00000  0.0500  0.200
 1131  0.900  -20.00  1.00000  0.0500  0.200
 1132  0.900  -19.80  1.00000  0.0500  0.200
 1133  0.900  -19.60  1.00000  0.0500  0.200
 1134  0.900  -19.40  1.00000  0.0500  0.200
 1135  0.900  -19.20  1.00000  0.0500  0.200
 1136  0.900  -19.00  1.00000  0.0500  0.200
 1137  0.900  -18.80  1.00000  0.0500  0.200
 1138  0.900  -18.60  1.00000  0.0500  0.200
 1139  0.900  -18.40  1.00000  0.0500  0.200
 1140  0.900  -18.20  1.00000  0.0500  0.200
 1141  0.950  -30.00  1.00000  0.0500  0.200
 1142  0.950  -29.80  1.00000  0.0500  0.200
 1143  0.950  -29.60  1.00000  0.0500  0.200
 1144  0.950  -29.40  1.00000  0.0500  0.200
 1145  0.950  -29.20  1.00000  0.0500  0.200
 1146  0.950  -29.00  1.00000  0.0500  0.200
 1147  0.950  -28.80  1.00000  0.0500  0.200
 1148  0.950  -28.60  1.00000  0.0500  0.200
 1149  0.950  -28.40  1.00000  0.0500  0.200
 1150  0.950  -28.20  1.00000  0.0500  0.200
 1151  0.950  -28.00  1.00000  0.0500  0.200
 1152  0.950  -27.80  1.00000  0.0500  0.200
 1153  0.950  -27.60  1.00000  0.0500  0.200
 1154  0.950  -27.40  1.00000  0.0500  0.200
 1155  0.950  -27.20  1.00000  0.0500  0.200
 1156  0.950  -27.00  1.00000  0.0500  0.200
 1157  0.950  -26.80  1.00000  0.0500  0.200
 1158  0.950  -26.60  1.00000  0.0500  0.200
 1159  0.950  -26.40  1.00000  0.0500  0.200
 1160  0.950  -26.20  1.00000  0.0500  0.200
 1161  0.950  -26.00  1.00000  0.0500  0.200
 1162  0.950  -25.80  1.00000  0.0500  0.200
 1163  0.950  -25.60  1.00000  0.0500  0.200
 1164  0.950  -25.40  1.00000  0.0500  0.200
 1165  0.950  -25.20  1.00000  0.0500  0.200
 1166  0.950  -25.00  1.00000  0.0500  0.200
 1167  0.950  -24.80  1.00000  0.0500  0.200
 1168  0.950  -24.60  1.00000  0.0500  0.200
 1169  0.950  -24.40  1.00000  0.0500  0.200
 1170  0.950  -24.20  1.00000  0.0500  0.200
 1171  0.950  -24.00  1.00000  0.0500  0.200
 1172  0.950  -23.80  1.00000  0.0500  0.200
 1173  0.950  -23.60  1.00000  0.0500  0.200
 1174  0.950  -23.40  1.00000  0.0500  0.200
 1175  0.950  -23.20  1.00000  0.0500  0.200
 1176  0.950  -23.00  1.00000  0.0500  0.200
 1177  0.950  -22.80  1.00000  0.0500  0.200
 1178  0.950  -22.60  1.00000  0.0500  0.200
 1179  0.950  -22.40  1.00000  0.0500  0.200
 1180  0.950  -22.20  1.00000  0.0500  0.200
 1181  0.950  -22.00  1.00000  0.0500  0.200
 1182  0.950  -21.80  1.00000  0.0500  0.200
 1183  0.950  -21.60  1.00000  0.0500  0.200
 1184  0.950  -21.40  1.00000  0.0500  0.200
 1185  0.950  -21.20  1.00000  0.0500  0.200
 1186  0.950  -21.00  1.00000  0.0500  0.200
 1187  0.950  -20.80  1.00000  0.0500  0.200
 1188  0.950  -20.60  1.00000  0.0500  0.200
 1189  0.950  -20.40  1.00000  0.0500  0.200
 1190  0.950  -20.20  1.00000  0.0500  0.200
 1191  0.950  -20.00  1.00000  0.0500  0.200
 1192  0.950  -19.80  1.00000  0.0500  0.200
 1193  0.950  -19.60  1.00000  0.0500  0.200
 1194  0.950  -19.40  1.00000  0.0500  0.200
 1195  0.950  -19.20  1.00000  0.0500  0.200
 1196  0.950  -19.00  1.00000  0.0500  0.200
 1197  0.950  -18.80  1.00000  0.0500  0.200
 1198  0.950  -18.60  1.00000  0.0500  0.200
 1199  0.950  -18.40  1.00000  0.0500  0.200
 1200  0.950  -18.20  1.00000  0.0500  0.200
 1201  1.000  -30.00  1.00000  0.0500  0.200
 1202  1.000  -29.80  1.00000  0.0500  0.200
 1203  1.000  -29.60  1.00000  0.0500  0.200
 1204  1.000  -29.40  1.00000  0.0500  0.200
 1205  1.000  -29.20  1.00000  0.0500  0.200
 1206  1.000  -29.00  1.00000  0.0500  0.200
 1207  1.000  -28.80  1.00000  0.0500  0.200
 1208  1.000  -28.60  1.00000  0.0500  0.200
 1209  1.000  -28.40  1.00000  0.0500  0.200
 1210  1.000  -28.20  1.00000  0.0500  0.200
 1211  1.000  -28.00  1.00000  0.0500  0.200
 1212  1.000  -27.80  1.00000  0.0500  0.200
 1213  1.000  -27.60  1.00000  0.0500  0.200
 1214  1.000  -27.40  1.00000  0.0500  0.200
 1215  1.000  -27.20  1.00000  0.0500  0.200
 1216  1.000  -27.00  1.00000  0.0500  0.200
 1217  1.000  -26.80  1.00000  0.0500  0.200
 1218  1.000  -26.60  1.00000  0.0500  0.200
 1219  1.000  -26.40  1.00000  0.0500  0.200
 1220  1.000  -26.20  1.00000  0.0500  0.200
 1221  1.000  -26.00  1.00000  0.0500  0.200
 1222  1.000  -25.80  1.00000  0.0500  0.200
 1223  1.000  -25.60  1.00000  0.0500  0.200
 1224  1.000  -25.40  1.00000  0.0500  0.200
 1225  1.000  -25.20  1.00000  0.0500  0.200
 1226  1.000  -25.00  1.00000  0.0500  0.200
 1227  1.000  -24.80  1.00000  0.0500  0.200
 1228  1.000  -24.60  1.00000  0.0500  0.200
 1229  1.000  -24.40  1.00000  0.0500  0.200
 1230  1.000  -24.20  1.00000  0.0500  0.200
 1231  1.000  -24.00  1.00000  0.0500  0.200
 1232  1.000  -23.80  1.00000  0.0500  0.200
 1233  1.000  -23.60  1.00000  0.0500  0.200
 1234  1.000  -23.40  1.00000  0.0500  0.200
 1235  1.000  -23.20  1.00000  0.0500  0.200
 1236  1.000  -23.00  1.00000  0.0500  0.200
 1237  1.000  -22.80  1.00000  0.0500  0.200
 1238  1.000  -22.60  1.00000  0.0500  0.200
 1239  1.000  -22.40  1.00000  0.0500  0.200
 1240  1.000  -22.20  1.00000  0.0500  0.200
 1241  1.000  -22.00  1.00000  0.0500  0.200
 1242  1.000  -21.80  1.00000  0.0500  0.200
 1243  1.000  -21.60  1.00000  0.0500  0.200
 1244  1.000  -21.40  1.00000  0.0500  0.200
 1245  1.000  -21.20  1.00000  0.0500  0.200
 1246  1.000  -21.00  1.00000  0.0500  0.200
 1247  1.000  -20.80  1.00000  0.0500  0.200
 1248  1.000  -20.60  1.00000  0.0500  0.200
 1249  1.000  -20.40  1.00000  0.0500  0.200
 1250  1.000  -20.20  1.00000  0.0500  0.200
 1251  1.000  -20.00  1.00000  0.0500  0.200
 1252  1.000  -19.80  1.00000  0.0500  0.200
 1253  1.000  -19.60  1.00000  0.0500  0.200
 1254  1.000  -19.40  1.00000  0.0500  0.200
 1255  1.000  -19.20  1.00000  0.0500  0.200
 1256  1.000  -19.00  1.00000  0.0500  0.200
 1257  1.000  -18.80  1.00000  0.0500  0.200
 1258  1.000  -18.60  1.00000  0.0500  0.200
 1259  1.000  -18.40  1.00000  0.0500  0.200
 1260  1.000  -18.20  1.00000  0.0500  0.200
 1261  1.050  -30.00  1.00000  0.0500  0.200
 1262  1.050  -29.80  1.00000  0.0500  0.200
 1263  1.050  -29.60  1.00000  0.0500  0.200
 1264  1.050  -29.40  1.00000  0.0500  0.200
 1265  1.050  -29.20  1.00000  0.0500  0.200
 1266  1.050  -29.00  1.00000  0.0500  0.200
 1267  1.050  -28.80  1.00000  0.0500  0.200
 1268  1.050  -28.60  1.00000  0.0500  0.200
 1269  1.050  -28.40  1.00000  0.0500  0.200
 1270  1.050  -28.20  1.00000  0.0500  0.200
 1271  1.050  -28.00  1.00000  0.0500  0.200
 1272  1.050  -27.80  1.00000  0.0500  0.200
 1273  1.050  -27.60  1.00000  0.0500  0.200
 1274  1.050  -27.40  1.00000  0.0500  0.200
 1275  1.050  -27.20  1.00000  0.0500  0.200
 1276  1.050  -27.00  1.00000  0.0500  0.200
 1277  1.050  -26.80  1.00000  0.0500  0.200
 1278  1.050  -26.60  1.00000  0.0500  0.200
 1279  1.050  -26.40  1.00000  0.0500  0.200
 1280  1.050  -26.20  1.00000  0.0500  0.200
 1281  1.050  -26.00  1.00000  0.0500  0.200
 1282  1.050  -25.80  1.00000  0.0500  0.200
 1283  1.050  -25.60  1.00000  0.0500  0.200
 1284  1.050  -25.40  1.00000  0.0500  0.200
 1285  1.050  -25.20  1.00000  0.0500  0.200
 1286  1.050  -25.00  1.00000  0.0500  0.200
 1287  1.050  -24.80  1.00000  0.0500  0.200
 1288  1.050  -24.60  1.00000  0.0500  0.200
 1289  1.050  -24.40  1.00000  0.0500  0.200
 1290  1.050  -24.20  1.00000  0.0500  0.200
 1291  1.050  -24.00  1.00000  0.0500  0.200
 1292  1.050  -23.80  1.00000  0.0500  0.200
 1293  1.050  -23.60  1.00000  0.0500  0.200
 1294  1.050  -23.40  1.00000  0.0500  0.200
 1295  1.050  -23.20  1.00000  0.0500  0.200
 1296  1.050  -23.00  1.00000  0.0500  0.200
 1297  1.050  -22.80  1.00000  0.0500  0.200
 1298  1.050  -22.60  1.00000  0.0500  0.200
 1299  1.050  -22.40  1.00000  0.0500  0.200
 1300  1.050  -22.20  1.00000  0.0500  0.200
 1301  1.050  -22.00  1.00000  0.0500  0.200
 1302  1.050  -21.80  1.00000  0.0500  0.200
 1303  1.050  -21.60  1.00000  0.0500  0.200
 1304  1.050  -21.40  1.00000  0.0500  0.200
 1305  1.050  -21.20  1.00000  0.0500  0.200
 1306  1.050  -21.00  1.00000  0.0500  0.200
 1307  1.050  -20.80  1.00000  0.0500  0.200
 1308  1.050  -20.60  1.00000  0.0500  0.200
 1309  1.050  -20.40  1.00000  0.0500  0.200
 1310  1.050  -20.20  1.00000  0.0500  0.200
 1311  1.050  -20.00  1.00000  0.0500  0.200
 1312  1.050  -19.80  1.00000  0.0500  0.200
 1313  1.050  -19.60  1.00000  0.0500  0.200
 1314  1.050  -19.40  1.00000  0.0500  0.200
 1315  1.050  -19.20  1.00000  0.0500  0.200
 1316  1.050  -19.00  1.00000  0.0500  0.200
 1317  1.050  -18.80  1.00000  0.0500  0.200
 1318  1.050  -18.60  1.00000  0.0500  0.200
 1319  1.050  -18.40  1.00000  0.0500  0.200
 1320  1.050  -18.20  1.00000  0.0500  0.200
 1321  1.100  -30.00  1.00000  0.0500  0.200
 1322  1.100  -29.80  1.00000  0.0500  0.200
 1323  1.100  -29.60  1.00000  0.0500  0.200
 1324  1.100  -29.40  1.00000  0.0500  0.200
 1325  1.100  -29.20  1.00000  0.0500  0.200
 1326  1.100  -29.00  1.00000  0.0500  0.200
 1327  1.100  -28.80  1.00000  0.0500  0.200
 1328  1.100  -28.60  1.00000  0.0500  0.200
 1329  1.100  -28.40  1.00000  0.0500  0.200
 1330  1.100  -28.20  1.00000  0.0500  0.200
 1331  1.100  -28.00  1.00000  0.0500  0.200
 1332  1.100  -27.80  1.00000  0.0500  0.200
 1333  1.100  -27.60  1.00000  0.0500  0.200
 1334  1.100  -27.40  1.00000  0.0500  0.200
 1335  1.100  -27.20  1.00000  0.0500  0.200
 1336  1.100  -27.00  1.00000  0.0500  0.200
 1337  1.100  -26.80  1.00000  0.0500  0.200
 1338  1.100  -26.60  1.00000  0.0500  0.200
 1339  1.100  -26.40  1.00000  0.0500  0.200
 1340  1.100  -26.20  1.00000  0.0500  0.200
 1341  1.100  -26.00  1.00000  0.0500  0.200
 1342  1.100  -25.80  1.00000  0.0500  0.200
 1343  1.100  -25.60  1.00000  0.0500  0.200
 1344  1.100  -25.40  1.00000  0.0500  0.200
 1345  1.100  -25.20  1.00000  0.0500  0.200
 1346  1.100  -25.00  1.00000  0.0500  0.200
 1347  1.100  -24.80  1.00000  0.0500  0.200
 1348  1.100  -24.60  1.00000  0.0500  0.200
 1349  1.100  -24.40  1.00000  0.0500  0.200
 1350  1.100  -24.20  1.00000  0.0500  0.200
 1351  1.100  -24.00  1.00000  0.0500  0.200
 1352  1.100  -23.80  1.00000  0.0500  0.200
 1353  1.100  -23.60  1.00000  0.0500  0.200
 1354  1.100  -23.40  1.00000  0.0500  0.200
 1355  1.100  -23.20  1.00000  0.0500  0.200
 1356  1.100  -23.00  1.00000  0.0500  0.200
 1357  1.100  -22.80  1.00000  0.0500  0.200
 1358  1.100  -22.60  1.00000  0.0500  0.200
 1359  1.100  -22.40  1.00000  0.0500  0.200
 1360  1.100  -22.20  1.00000  0.0500  0.200
 1361  1.100  -22.00  1.00000  0.0500  0.200
 1362  1.100  -21.80  1.00000  0.0500  0.200
 1363  1.100  -21.60  1.00000  0.0500  0.200
 1364  1.100  -21.40  1.00000  0.0500  0.200
 1365  1.100  -21.20  1.00000  0.0500  0.200
 1366  1.100  -21.00  1.00000  0.0500  0.200
 1367  1.100  -20.80  1.00000  0.0500  0.200
 1368  1.100  -20.60  1.00000  0.0500  0.200
 1369  1.100  -20.40  1.00000  0.0500  0.200
 1370  1.100  -20.20  1.00000  0.0500  0.200
 1371  1.100  -20.00  1.00000  0.0500  0.200
 1372  1.100  -19.80  1.00000  0.0500  0.200
 1373  1.100  -19.60  1.00000  0.0500  0.200
 1374  1.100  -19.40  1.00000  0.0500  0.200
 1375  1.100  -19.20  1.00000  0.0500  0.200
 1376  1.100  -19.00  1.00000  0.0500  0.200
 1377  1.100  -18.80  1.00000  0.0500  0.200
 1378  1.100  -18.60  1.00000  0.0500  0.200
 1379  1.100  -18.40  1.00000  0.0500  0.200
 1380  1.100  -18.20  1.00000  0.0500  0.200
 1381  1.150  -30.00  1.00000  0.0500  0.200
 1382  1.150  -29.80  1.00000  0.0500  0.200
 1383  1.150  -29.60  1.00000  0.0500  0.200
 1384  1.150  -29.40  1.00000  0.0500  0.200
 1385  1.150  -29.20  1.00000  0.0500  0.200
 1386  1.150  -29.00  1.00000  0.0500  0.200
 1387  1.150  -28.80  1.00000  0.0500  0.200
 1388  1.150  -28.60  1.00000  0.0500  0.200
 1389  1.150  -28.40  1.00000  0.0500  0.200
 1390  1.150  -28.20  1.00000  0.0500  0.200
 1391  1.150  -28.00  1.00000  0.0500  0.200
 1392  1.150  -27.80  1.00000  0.0500  0.200
 1393  1.150  -27.60  1.00000  0.0500  0.200
 1394  1.150  -27.40  1.00000  0.0500  0.200
 1395  1.150  -27.20  1.00000  0.0500  0.200
 1396  1.150  -27.00  1.00000  0.0500  0.200
 1397  1.150  -26.80  1.00000  0.0500  0.200
 1398  1.150  -26.60  1.00000  0.0500  0.200
 1399  1.150  -26.40  1.00000  0.0500  0.200
 1400  1.150  -26.20  1.00000  0.0500  0.200
 1401  1.150  -26.00  1.00000  0.0500  0.200
 1402  1.150  -25.80  1.00000  0.0500  0.200
 1403  1.150  -25.60  1.00000  0.0500  0.200
 1404  1.150  -25.40  1.00000  0.0500  0.200
 1405  1.150  -25.20  1.00000  0.0500  0.200
 1406  1.150  -25.00  1.00000  0.0500  0.200
 1407  1.150  -24.80  1.00000  0.0500  0.200
 1408  1.150  -24.60  1.00000  0.0500  0.200
 1409  1.150  -24.40  1.00000  0.0500  0.200
 1410  1.150  -24.20  1.00000  0.0500  0.200
 1411  1.150  -24.00  1.00000  0.0500  0.200
 1412  1.150  -23.80  1.00000  0.0500  0.200
 1413  1.150  -23.60  1.00000  0.0500  0.200
 1414  1.150  -23.40  1.00000  0.0500  0.200
 1415  1.150  -23.20  1.00000  0.0500  0.200
 1416  1.150  -23.00  1.00000  0.0500  0.200
 1417  1.150  -22.80  1.00000  0.0500  0.200
 1418  1.150  -22.60  1.00000  0.0500  0.200
 1419  1.150  -22.40  1.00000  0.0500  0.200
 1420  1.150  -22.20  1.00000  0.0500  0.200
 1421  1.150  -22.00  1.00000  0.0500  0.200
 1422  1.150  -21.80  1.00000  0.0500  0.200
 1423  1.150  -21.60  1.00000  0.0500  0.200
 1424  1.150  -21.40  1.00000  0.0500  0.200
 1425  1.150  -21.20  1.00000  0.0500  0.200
 1426  1.150  -21.00  1.00000  0.0500  0.200
 1427  1.150  -20.80  1.00000  0.0500  0.200
 1428  1.150  -20.60  1.00000  0.0500  0.200
 1429  1.150  -20.40  1.00000  0.0500  0.200
 1430  1.150  -20.20  1.00000  0.0500  0.200
 1431  1.150  -20.00  1.00000  0.0500  0.200
 1432  1.150  -19.80  1.00000  0.0500  0.200
 1433  1.150  -19.60  1.00000  0.0500  0.200
 1434  1.150  -19.40  1.00000  0.0500  0.200
 1435  1.150  -19.20  1.00000  0.0500  0.200
 1436  1.150  -19.00  1.00000  0.0500  0.200
 1437  1.150  -18.80  1.00000  0.0500  0.200
 1438  1.150  -18.60  1.00000  0.0500  0.200
 1439  1.150  -18.40  1.00000  0.0500  0.200
 1440  1.150  -18.20  1.00000  0.0500  0.200
 1441  1.200  -30.00  1.00000  0.0500  0.200
 1442  1.200  -29.80  1.00000  0.0500  0.200
 1443  1.200  -29.60  1.00000  0.0500  0.200
 1444  1.200  -29.40  1.00000  0.0500  0.200
 1445  1.200  -29.20  1.00000  0.0500  0.200
 1446  1.200  -29.00  1.00000  0.0500  0.200
 1447  1.200  -28.80  1.00000  0.0500  0.200
 1448  1.200  -28.60  1.00000  0.0500  0.200
 1449  1.200  -28.40  1.00000  0.0500  0.200
 1450  1.200  -28.20  1.00000  0.0500  0.200
 1451  1.200  -28.00  1.00000  0.0500  0.200
 1452  1.200  -27.80  1.00000  0.0500  0.200
 1453  1.200  -27.60  1.00000  0.0500  0.200
 1454  1.200  -27.40  1.00000  0.0500  0.200
 1455  1.200  -27.20  1.00000  0.0500  0.200
 1456  1.200  -27.00  1.00000  0.0500  0.200
 1457  1.200  -26.80  1.00000  0.0500  0.200
 1458  1.200  -26.60  1.00000  0.0500  0.200
 1459  1.200  -26.40  1.00000  0.0500  0.200
 1460  1.200  -26.20  1.00000  0.0500  0.200
 1461  1.200  -26.00  1.00000  0.0500  0.200
 1462  1.200  -25.80  1.00000  0.0500  0.200
 1463  1.200  -25.60  1.00000  0.0500  0.200
 1464  1.200  -25.40  1.00000  0.0500  0.200
 1465  1.200  -25.20  1.00000  0.0500  0.200
 1466  1.200  -25.00  1.00000  0.0500  0.200
 1467  1.200  -24.80  1.00000  0.0500  0.200
 1468  1.200  -24.60  1.00000  0.0500  0.200
 1469  1.200  -24.40  1.00000  0.0500  0.200
 1470  1.200  -24.20  1.00000  0.0500  0.200
 1471  1.200  -24.00  1.00000  0.0500  0.200
 1472  1.200  -23.80  1.00000  0.0500  0.200
 1473  1.200  -23.60  1.00000  0.0500  0.200
 1474  1.200  -23.40  1.00000  0.0500  0.200
 1475  1.200  -23.20  1.00000  0.0500  0.200
 1476  1.200  -23.00  1.00000  0.0500  0.200
 1477  1.200  -22.80  1.00000  0.0500  0.200
 1478  1.200  -22.60  1.00000  0.0500  0.200
 1479  1.200  -22.40  1.00000  0.0500  0.200
 1480  1.200  -22.20  1.00000  0.0500  0.200
 1481  1.200  -22.00  1.00000  0.0500  0.200
 1482  1.200  -21.80  1.00000  0.0500  0.200
 1483  1.200  -21.60  1.00000  0.0500  0.200
 1484  1.200  -21.40  1.00000  0.0500  0.200
 1485  1.200  -21.20  1.00000  0.0500  0.200
 1486  1.200  -21.00  1.00000  0.0500  0.200
 1487  1.200  -20.80  1.00000  0.0500  0.200
 1488  1.200  -20.60  1.00000  0.0500  0.200
 1489  1.200  -20.40  1.00000  0.0500  0.200
 1490  1.200  -20.20  1.00000  0.0500  0.200
 1491  1.200  -20.00  1.00000  0.0500  0.200
 1492  1.200  -19.80  1.00000  0.0500  0.200
 1493  1.200  -19.60  1.00000  0.0500  0.200
 1494  1.200  -19.40  1.00000  0.0500  0.200
 1495  1.200  -19.20  1.00000  0.0500  0.200
 1496  1.200  -19.00  1.00000  0.0500  0.200
 1497  1.200  -18.80  1.00000  0.0500  0.200
 1498  1.200  -18.60  1.00000  0.0500  0.200
 1499  1.200  -18.40  1.00000  0.0500  0.200
 1500  1.200  -18.20  1.00000  0.0500  0.200
 1501  1.250  -30.00  1.00000  0.0500  0.200
 1502  1.250  -29.80  1.00000  0.0500  0.200
 1503  1.250  -29.60  1.00000  0.0500  0.200
 1504  1.250  -29.40  1.00000  0.0500  0.200
 1505  1.250  -29.20  1.00000  0.0500  0.200
 1506  1.250  -29.00  1.00000  0.0500  0.200
 1507  1.250  -28.80  1.00000  0.0500  0.200
 1508  1.250  -28.60  1.00000  0.0500  0.200
 1509  1.250  -28.40  1.00000  0.0500  0.200
 1510  1.250  -28.20  1.00000  0.0500  0.200
 1511  1.250  -28.00  1.00000  0.0500  0.200
 1512  1.250  -27.80  1.00000  0.0500  0.200
 1513  1.250  -27.60  1.00000  0.0500  0.200
 1514  1.250  -27.40  1.00000  0.0500  0.200
 1515  1.250  -27.20  1.00000  0.0500  0.200
 1516  1.250  -27.00  1.00000  0.0500  0.200
 1517  1.250  -26.80  1.00000  0.0500  0.200
 1518  1.250  -26.60  1.00000  0.0500  0.200
 1519  1.250  -26.40  1.00000  0.0500  0.200
 1520  1.250  -26.20  1.00000  0.0500  0.200
 1521  1.250  -26.00  1.00000  0.0500  0.200
 1522  1.250  -25.80  1.00000  0.0500  0.200
 1523  1.250  -25.60  1.00000  0.0500  0.200
 1524  1.250  -25.40  1.00000  0.0500  0.200
 1525  1.250  -25.20  1.00000  0.0500  0.200
 1526  1.250  -25.00  1.00000  0.0500  0.200
 1527  1.250  -24.80  1.00000  0.0500  0.200
 1528  1.250  -24.60  1.00000  0.0500  0.200
 1529  1.250  -24.40  1.00000  0.0500  0.200
 1530  1.250  -24.20  1.00000  0.0500  0.200
 1531  1.250  -24.00  1.00000  0.0500  0.200
 1532  1.250  -23.80  1.00000  0.0500  0.200
 1533  1.250  -23.60  1.00000  0.0500  0.200
 1534  1.250  -23.40  1.00000  0.0500  0.200
 1535  1.250  -23.20  1.00000  0.0500  0.200
 1536  1.250  -23.00  1.00000  0.0500  0.200
 1537  1.250  -22.80  1.00000  0.0500  0.200
 1538  1.250  -22.60  1.00000  0.0500  0.200
 1539  1.250  -22.40  1.00000  0.0500  0.200
 1540  1.250  -22.20  1.00000  0.0500  0.200
 1541  1.250  -22.00  1.00000  0.0500  0.200
 1542  1.250  -21.80  1.00000  0.0500  0.200
 1543  1.250  -21.60  1.00000  0.0500  0.200
 1544  1.250  -21.40  1.00000  0.0500  0.200
 1545  1.250  -21.20  1.00000  0.0500  0.200
 1546  1.250  -21.00  1.00000  0.0500  0.200
 1547  1.250  -20.80  1.00000  0.0500  0.200
 1548  1.250  -20.60  1.00000  0.0500  0.200
 1549  1.250  -20.40  1.00000  0.0500  0.200
 1550  1.250  -20.20  1.00000  0.0500  0.200
 1551  1.250  -20.00  1.00000  0.0500  0.200
 1552  1.250  -19.80  1.00000  0.0500  0.200
 1553  1.250  -19.60  1.00000  0.0500  0.200
 1554  1.250  -19.40  1.00000  0.0500  0.200
 1555  1.250  -19.20  1.00000  0.0500  0.200
 1556  1.250  -19.00  1.00000  0.0500  0.200
 1557  1.250  -18.80  1.00000  0.0500  0.200
 1558  1.250  -18.60  1.00000  0.0500  0.200
 1559  1.250  -18.40  1.00000  0.0500  0.200
 1560  1.250  -18.20  1.00000  0.0500  0.200
 1561  1.300  -30.00  1.00000  0.0500  0.200
 1562  1.300  -29.80  1.00000  0.0500  0.200
 1563  1.300  -29.60  1.00000  0.0500  0.200
 1564  1.300  -29.40  1.00000  0.0500  0.200
 1565  1.300  -29.20  1.00000  0.0500  0.200
 1566  1.300  -29.00  1.00000  0.0500  0.200
 1567  1.300  -28.80  1.00000  0.0500  0.200
 1568  1.300  -28.60  1.00000  0.0500  0.200
 1569  1.300  -28.40  1.00000  0.0500  0.200
 1570  1.300  -28.20  1.00000  0.0500  0.200
 1571  1.300  -28.00  1.00000  0.0500  0.200
 1572  1.300  -27.80  1.00000  0.0500  0.200
 1573  1.300  -27.60  1.00000  0.0500  0.200
 1574  1.300  -27.40  1.00000  0.0500  0.200
 1575  1.300  -27.20  1.00000  0.0500  0.200
 1576  1.300  -27.00  1.00000  0.0500  0.200
 1577  1.300  -26.80  1.00000  0.0500  0.200
 1578  1.300  -26.60  1.00000  0.0500  0.200
 1579  1.300  -26.40  1.00000  0.0500  0.200
 1580  1.300  -26.20  1.00000  0.0500  0.200
 1581  1.300  -26.00  1.00000  0.0500  0.200
 1582  1.300  -25.80  1.00000  0.0500  0.200
 1583  1.300  -25.60  1.00000  0.0500  0.200
 1584  1.300  -25.40  1.00000  0.0500  0.200
 1585  1.300  -25.20  1.00000  0.0500  0.200
 1586  1.300  -25.00  1.00000  0.0500  0.200
 1587  1.300  -24.80  1.00000  0.0500  0.200
 1588  1.300  -24.60  1.00000  0.0500  0.200
 1589  1.300  -24.40  1.00000  0.0500  0.200
 1590  1.300  -24.20  1.00000  0.0500  0.200
 1591  1.300  -24.00  1.00000  0.0500  0.200
 1592  1.300  -23.80  1.00000  0.0500  0.200
 1593  1.300  -23.60  1.00000  0.0500  0.200
 1594  1.300  -23.40  1.00000  0.0500  0.200
 1595  1.300  -23.20  1.00000  0.0500  0.200
 1596  1.300  -23.00  1.00000  0.0500  0.200
 1597  1.300  -22.80  1.00000  0.0500  0.200
 1598  1.300  -22.60  1.00000  0.0500  0.200
 1599  1.300  -22.40  1.00000  0.0500  0.200
 1600  1.300  -22.20  1.00000  0.0500  0.200
 1601  1.300  -22.00  1.00000  0.0500  0.200
 1602  1.300  -21.80  1.00000  0.0500  0.200
 1603  1.300  -21.60  1.00000  0.0500  0.200
 1604  1.300  -21.40  1.00000  0.0500  0.200
 1605  1.300  -21.20  1.00000  0.0500  0.200
 1606  1.300  -21.00  1.00000  0.0500  0.200
 1607  1.300  -20.80  1.00000  0.0500  0.200
 1608  1.300  -20.60  1.00000  0.0500  0.200
 1609  1.300  -20.40  1.00000  0.0500  0.200
 1610  1.300  -20.20  1.00000  0.0500  0.200
 1611  1.300  -20.00  1.00000  0.0500  0.200
 1612  1.300  -19.80  1.00000  0.0500  0.200
 1613  1.300  -19.60  1.00000  0.0500  0.200
 1614  1.300  -19.40  1.00000  0.0500  0.200
 1615  1.300  -19.20  1.00000  0.0500  0.200
 1616  1.300  -19.00  1.00000  0.0500  0.200
 1617  1.300  -18.80  1.00000  0.0500  0.200
 1618  1.300  -18.60  1.00000  0.0500  0.200
 1619  1.300  -18.40  1.00000  0.0500  0.200
 1620  1.300  -18.20  1.00000  0.0500  0.200
 1621  1.350  -30.00  1.00000  0.0500  0.200
 1622  1.350  -29.80  1.00000  0.0500  0.200
 1623  1.350  -29.60  1.00000  0.0500  0.200
 1624  1.350  -29.40  1.00000  0.0500  0.200
 1625  1.350  -29.20  1.00000  0.0500  0.200
 1626  1.350  -29.00  1.00000  0.0500  0.200
 1627  1.350  -28.80  1.00000  0.0500  0.200
 1628  1.350  -28.60  1.00000  0.0500  0.200
 1629  1.350  -28.40  1.00000  0.0500  0.200
 1630  1.350  -28.20  1.00000  0.0500  0.200
 1631  1.350  -28.00  1.00000  0.0500  0.200
 1632  1.350  -27.80  1.00000  0.0500  0.200
 1633  1.350  -27.60  1.00000  0.0500  0.200
 1634  1.350  -27.40  1.00000  0.0500  0.200
 1635  1.350  -27.20  1.00000  0.0500  0.200
 1636  1.350  -27.00  1.00000  0.0500  0.200
 1637  1.350  -26.80  1.00000  0.0500  0.200
 1638  1.350  -26.60  1.00000  0.0500  0.200
 1639  1.350  -26.40  1.00000  0.0500  0.200
 1640  1.350  -26.20  1.00000  0.0500  0.200
 1641  1.350  -26.00  1.00000  0.0500  0.200
 1642  1.350  -25.80  1.00000  0.0500  0.200
 1643  1.350  -25.60  1.00000  0.0500  0.200
 1644  1.350  -25.40  1.00000  0.0500  0.200
 1645  1.350  -25.20  1.00000  0.0500  0.200
 1646  1.350  -25.00  1.00000  0.0500  0.200
 1647  1.350  -24.80  1.00000  0.0500  0.200
 1648  1.350  -24.60  1.00000  0.0500  0.200
 1649  1.350  -24.40  1.00000  0.0500  0.200
 1650  1.350  -24.20  1.00000  0.0500  0.200
 1651  1.350  -24.00  1.00000  0.0500  0.200
 1652  1.350  -23.80  1.00000  0.0500  0.200
 1653  1.350  -23.60  1.00000  0.0500  0.200
 1654  1.350  -23.40  1.00000  0.0500  0.200
 1655  1.350  -23.20  1.00000  0.0500  0.200
 1656  1.350  -23.00  1.00000  0.0500  0.200
 1657  1.350  -22.80  1.00000  0.0500  0.200
 1658  1.350  -22.60  1.00000  0.0500  0.200
 1659  1.350  -22.40  1.00000  0.0500  0.200
 1660  1.350  -22.20  1.00000  0.0500  0.200
 1661  1.350  -22.00  1.00000  0.0500  0.200
 1662  1.350  -21.80  1.00000  0.0500  0.200
 1663  1.350  -21.60  1.00000  0.0500  0.200
 1664  1.350  -21.40  1.00000  0.0500  0.200
 1665  1.350  -21.20  1.00000  0.0500  0.200
 1666  1.350  -21.00  1.00000  0.0500  0.200
 1667  1.350  -20.80  1.00000  0.0500  0.200
 1668  1.350  -20.60  1.00000  0.0500  0.200
 1669  1.350  -20.40  1.00000  0.0500  0.200
 1670  1.350  -20.20  1.00000  0.0500  0.200
 1671  1.350  -20.00  1.00000  0.0500  0.200
 1672  1.350  -19.80  1.00000  0.0500  0.200
 1673  1.350  -19.60  1.00000  0.0500  0.200
 1674  1.350  -19.40  1.00000  0.0500  0.200
 1675  1.350  -19.20  1.00000  0.0500  0.200
 1676  1.350  -19.00  1.00000  0.0500  0.200
 1677  1.350  -18.80  1.00000  0.0500  0.200
 1678  1.350  -18.60  1.00000  0.0500  0.200
 1679  1.350  -18.40  1.00000  0.0500  0.200
 1680  1.350  -18.20  1.00000  0.0500  0.200
 1681  1.400  -30.00  1.00000  0.0500  0.200
 1682  1.400  -29.80  1.00000  0.0500  0.200
 1683  1.400  -29.60  1.00000  0.0500  0.200
 1684  1.400  -29.40  1.00000  0.0500  0.200
 1685  1.400  -29.20  1.00000  0.0500  0.200
 1686  1.400  -29.00  1.00000  0.0500  0.200
 1687  1.400  -28.80  1.00000  0.0500  0.200
 1688  1.400  -28.60  1.00000  0.0500  0.200
 1689  1.400  -28.40  1.00000  0.0500  0.200
 1690  1.400  -28.20  1.00000  0.0500  0.200
 1691  1.400  -28.00  1.00000  0.0500  0.200
 1692  1.400  -27.80  1.00000  0.0500  0.200
 1693  1.400  -27.60  1.00000  0.0500  0.200
 1694  1.400  -27.40  1.00000  0.0500  0.200
 1695  1.400  -27.20  1.00000  0.0500  0.200
 1696  1.400  -27.00  1.00000  0.0500  0.200
 1697  1.400  -26.80  1.00000  0.0500  0.200
 1698  1.400  -26.60  1.00000  0.0500  0.200
 1699  1.400  -26.40  1.00000  0.0500  0.200
 1700  1.400  -26.20  1.00000  0.0500  0.200
 1701  1.400  -26.00  1.00000  0.0500  0.200
 1702  1.400  -25.80  1.00000  0.0500  0.200
 1703  1.400  -25.60  1.00000  0.0500  0.200
 1704  1.400  -25.40  1.00000  0.0500  0.200
 1705  1.400  -25.20  1.00000  0.0500  0.200
 1706  1.400  -25.00  1.00000  0.0500  0.200
 1707  1.400  -24.80  1.00000  0.0500  0.200
 1708  1.400  -24.60  1.00000  0.0500  0.200
 1709  1.400  -24.40  1.00000  0.0500  0.200
 1710  1.400  -24.20  1.00000  0.0500  0.200
 1711  1.400  -24.00  1.00000  0.0500  0.200
 1712  1.400  -23.80  1.00000  0.0500  0.200
 1713  1.400  -23.60  1.00000  0.0500  0.200
 1714  1.400  -23.40  1.00000  0.0500  0.200
 1715  1.400  -23.20  1.00000  0.0500  0.200
 1716  1.400  -23.00  1.00000  0.0500  0.200
 1717  1.400  -22.80  1.00000  0.0500  0.200
 1718  1.400  -22.60  1.00000  0.0500  0.200
 1719  1.400  -22.40  1.00000  0.0500  0.200
 1720  1.400  -22.20  1.00000  0.0500  0.200
 1721  1.400  -22.00  1.00000  0.0500  0.200
 1722  1.400  -21.80  1.00000  0.0500  0.200
 1723  1.400  -21.60  1.00000  0.0500  0.200
 1724  1.400  -21.40  1.00000  0.0500  0.200
 1725  1.400  -21.20  1.00000  0.0500  0.200
 1726  1.400  -21.00  1.00000  0.0500  0.200
 1727  1.400  -20.80  1.00000  0.0500  0.200
 1728  1.400  -20.60  1.00000  0.0500  0.200
 1729  1.400  -20.40  1.00000  0.0500  0.200
 1730  1.400  -20.20  1.00000  0.0500  0.200
 1731  1.400  -20.00  1.00000  0.0500  0.200
 1732  1.400  -19.80  1.00000  0.0500  0.200
 1733  1.400  -19.60  1.00000  0.0500  0.200
 1734  1.400  -19.40  1.00000  0.0500  0.200
 1735  1.400  -19.20  1.00000  0.0500  0.200
 1736  1.400  -19.00  1.00000  0.0500  0.200
 1737  1.400  -18.80  1.00000  0.0500  0.200
 1738  1.400  -18.60  1.00000  0.0500  0.200
 1739  1.400  -18.40  1.00000  0.0500  0.200
 1740  1.400  -18.20  1.00000  0.0500  0.200
 1741  1.450  -30.00  1.00000  0.0500  0.200
 1742  1.450  -29.80  1.00000  0.0500  0.200
 1743  1.450  -29.60  1.00000  0.0500  0.200
 1744  1.450  -29.40  1.00000  0.0500  0.200
 1745  1.450  -29.20  1.00000  0.0500  0.200
 1746  1.450  -29.00  1.00000  0.0500  0.200
 1747  1.450  -28.80  1.00000  0.0500  0.200
 1748  1.450  -28.60  1.00000  0.0500  0.200
 1749  1.450  -28.40  1.00000  0.0500  0.200
 1750  1.450  -28.20  1.00000  0.0500  0.200
 1751  1.450  -28.00  1.00000  0.0500  0.200
 1752  1.450  -27.80  1.00000  0.0500  0.200
 1753  1.450  -27.60  1.00000  0.0500  0.200
 1754  1.450  -27.40  1.00000  0.0500  0.200
 1755  1.450  -27.20  1.00000  0.0500  0.200
 1756  1.450  -27.00  1.00000  0.0500  0.200
 1757  1.450  -26.80  1.00000  0.0500  0.200
 1758  1.450  -26.60  1.00000  0.0500  0.200
 1759  1.450  -26.40  1.00000  0.0500  0.200
 1760  1.450  -26.20  1.00000  0.0500  0.200
 1761  1.450  -26.00  1.00000  0.0500  0.200
 1762  1.450  -25.80  1.00000  0.0500  0.200
 1763  1.450  -25.60  1.00000  0.0500  0.200
 1764  1.450  -25.40  1.00000  0.0500  0.200
 1765  1.450  -25.20  1.00000  0.0500  0.200
 1766  1.450  -25.00  1.00000  0.0500  0.200
 1767  1.450  -24.80  1.00000  0.0500  0.200
 1768  1.450  -24.60  1.00000  0.0500  0.200
 1769  1.450  -24.40  1.00000  0.0500  0.200
 1770  1.450  -24.20  1.00000  0.0500  0.200
 1771  1.450  -24.00  1.00000  0.0500  0.200
 1772  1.450  -23.80  1.00000  0.0500  0.200
 1773  1.450  -23.60  1.00000  0.0500  0.200
 1774  1.450  -23.40  1.00000  0.0500  0.200
 1775  1.450  -23.20  1.00000  0.0500  0.200
 1776  1.450  -23.00  1.00000  0.0500  0.200
 1777  1.450  -22.80  1.00000  0.0500  0.200
 1778  1.450  -22.60  1.00000  0.0500  0.200
 1779  1.450  -22.40  1.00000  0.0500  0.200
 1780  1.450  -22.20  1.00000  0.0500  0.200
 1781  1.450  -22.00  1.00000  0.0500  0.200
 1782  1.450  -21.80  1.00000  0.0500  0.200
 1783  1.450  -21.60  1.00000  0.0500  0.200
 1784  1.450  -21.40  1.00000  0.0500  0.200
 1785  1.450  -21.20  1.00000  0.0500  0.200
 1786  1.450  -21.00  1.00000  0.0500  0.200
 1787  1.450  -20.80  1.00000  0.0500  0.200
 1788  1.450  -20.60  1.00000  0.0500  0.200
 1789  1.450  -20.40  1.00000  0.0500  0.200
 1790  1.450  -20.20  1.00000  0.0500  0.200
 1791  1.450  -20.00  1.00000  0.0500  0.200
 1792  1.450  -19.80  1.00000  0.0500  0.200
 1793  1.450  -19.60  1.00000  0.0500  0.200
 1794  1.450  -19.40  1.00000  0.0500  0.200
 1795  1.450  -19.20  1.00000  0.0500  0.200
 1796  1.450  -19.00  1.00000  0.0500  0.200
 1797  1.450  -18.80  1.00000  0.0500  0.200
 1798  1.450  -18.60  1.00000  0.0500  0.200
 1799  1.450  -18.40  1.00000  0.0500  0.200
 1800  1.450  -18.20  1.00000  0.0500  0.200
 1801  1.500  -30.00  1.00000  0.0500  0.200
 1802  1.500  -29.80  1.00000  0.0500  0.200
 1803  1.500  -29.60  1.00000  0.0500  0.200
 1804  1.500  -29.40  1.00000  0.0500  0.200
 1805  1.500  -29.20  1.00000  0.0500  0.200
 1806  1.500  -29.00  1.00000  0.0500  0.200
 1807  1.500  -28.80  1.00000  0.0500  0.200
 1808  1.500  -28.60  1.00000  0.0500  0.200
 1809  1.500  -28.40  1.00000  0.0500  0.200
 1810  1.500  -28.20  1.00000  0.0500  0.200
 1811  1.500  -28.00  1.00000  0.0500  0.200
 1812  1.500  -27.80  1.00000  0.0500  0.200
 1813  1.500  -27.60  1.00000  0.0500  0.200
 1814  1.500  -27.40  1.00000  0.0500  0.200
 1815  1.500  -27.20  1.00000  0.0500  0.200
 1816  1.500  -27.00  1.00000  0.0500  0.200
 1817  1.500  -26.80  1.00000  0.0500  0.200
 1818  1.500  -26.60  1.00000  0.0500  0.200
 1819  1.500  -26.40  1.00000  0.0500  0.200
 1820  1.500  -26.20  1.00000  0.0500  0.200
 1821  1.500  -26.00  1.00000  0.0500  0.200
 1822  1.500  -25.80  1.00000  0.0500  0.200
 1823  1.500  -25.60  1.00000  0.0500  0.200
 1824  1.500  -25.40  1.00000  0.0500  0.200
 1825  1.500  -25.20  1.00000  0.0500  0.200
 1826  1.500  -25.00  1.00000  0.0500  0.200
 1827  1.500  -24.80  1.00000  0.0500  0.200
 1828  1.500  -24.60  1.00000  0.0500  0.200
 1829  1.500  -24.40  1.00000  0.0500  0.200
 1830  1.500  -24.20  1.00000  0.0500  0.200
 1831  1.500  -24.00  1.00000  0.0500  0.200
 1832  1.500  -23.80  1.00000  0.0500  0.200
 1833  1.500  -23.60  1.00000  0.0500  0.200
 1834  1.500  -23.40  1.00000  0.0500  0.200
 1835  1.500  -23.20  1.00000  0.0500  0.200
 1836  1.500  -23.00  1.00000  0.0500  0.200
 1837  1.500  -22.80  1.00000  0.0500  0.200
 1838  1.500  -22.60  1.00000  0.0500  0.200
 1839  1.500  -22.40  1.00000  0.0500  0.200
 1840  1.500  -22.20  1.00000  0.0500  0.200
 1841  1.500  -22.00  1.00000  0.0500  0.200
 1842  1.500  -21.80  1.00000  0.0500  0.200
 1843  1.500  -21.60  1.00000  0.0500  0.200
 1844  1.500  -21.40  1.00000  0.0500  0.200
 1845  1.500  -21.20  1.00000  0.0500  0.200
 1846  1.500  -21.00  1.00000  0.0500  0.200
 1847  1.500  -20.80  1.00000  0.0500  0.200
 1848  1.500  -20.60  1.00000  0.0500  0.200
 1849  1.500  -20.40  1.00000  0.0500  0.200
 1850  1.500  -20.20  1.00000  0.0500  0.200
 1851  1.500  -20.00  1.00000  0.0500  0.200
 1852  1.500  -19.80  1.00000  0.0500  0.200
 1853  1.500  -19.60  1.00000  0.0500  0.200
 1854  1.500  -19.40  1.00000  0.0500  0.200
 1855  1.500  -19.20  1.00000  0.0500  0.200
 1856  1.500  -19.00  1.00000  0.0500  0.200
 1857  1.500  -18.80  1.00000  0.0500  0.200
 1858  1.500  -18.60  1.00000  0.0500  0.200
 1859  1.500  -18.40  1.00000  0.0500  0.200
 1860  1.500  -18.20  1.00000  0.0500  0.200
 1861  1.550  -30.00  1.00000  0.0500  0.200
 1862  1.550  -29.80  1.00000  0.0500  0.200
 1863  1.550  -29.60  1.00000  0.0500  0.200
 1864  1.550  -29.40  1.00000  0.0500  0.200
 1865  1.550  -29.20  1.00000  0.0500  0.200
 1866  1.550  -29.00  1.00000  0.0500  0.200
 1867  1.550  -28.80  1.00000  0.0500  0.200
 1868  1.550  -28.60  1.00000  0.0500  0.200
 1869  1.550  -28.40  1.00000  0.0500  0.200
 1870  1.550  -28.20  1.00000  0.0500  0.200
 1871  1.550  -28.00  1.00000  0.0500  0.200
 1872  1.550  -27.80  1.00000  0.0500  0.200
 1873  1.550  -27.60  1.00000  0.0500  0.200
 1874  1.550  -27.40  1.00000  0.0500  0.200
 1875  1.550  -27.20  1.00000  0.0500  0.200
 1876  1.550  -27.00  1.00000  0.0500  0.200
 1877  1.550  -26.80  1.00000  0.0500  0.200
 1878  1.550  -26.60  1.00000  0.0500  0.200
 1879  1.550  -26.40  1.00000  0.0500  0.200
 1880  1.550  -26.20  1.00000  0.0500  0.200
 1881  1.550  -26.00  1.00000  0.0500  0.200
 1882  1.550  -25.80  1.00000  0.0500  0.200
 1883  1.550  -25.60  1.00000  0.0500  0.200
 1884  1.550  -25.40  1.00000  0.0500  0.200
 1885  1.550  -25.20  1.00000  0.0500  0.200
 1886  1.550  -25.00  1.00000  0.0500  0.200
 1887  1.550  -24.80  1.00000  0.0500  0.200
 1888  1.550  -24.60  1.00000  0.0500  0.200
 1889  1.550  -24.40  1.00000  0.0500  0.200
 1890  1.550  -24.20  1.00000  0.0500  0.200
 1891  1.550  -24.00  1.00000  0.0500  0.200
 1892  1.550  -23.80  1.00000  0.0500  0.200
 1893  1.550  -23.60  1.00000  0.0500  0.200
 1894  1.550  -23.40  1.00000  0.0500  0.200
 1895  1.550  -23.20  1.00000  0.0500  0.200
 1896  1.550  -23.00  1.00000  0.0500  0.200
 1897  1.550  -22.80  1.00000  0.0500  0.200
 1898  1.550  -22.60  1.00000  0.0500  0.200
 1899  1.550  -22.40  1.00000  0.0500  0.200
 1900  1.550  -22.20  1.00000  0.0500  0.200
 1901  1.550  -22.00  1.00000  0.0500  0.200
 1902  1.550  -21.80  1.00000  0.0500  0.200
 1903  1.550  -21.60  1.00000  0.0500  0.200
 1904  1.550  -21.40  1.00000  0.0500  0.200
 1905  1.550  -21.20  1.00000  0.0500  0.200
 1906  1.550  -21.00  1.00000  0.0500  0.200
 1907  1.550  -20.80  1.00000  0.0500  0.200
 1908  1.550  -20.60  1.00000  0.0500  0.200
 1909  1.550  -20.40  1.00000  0.0500  0.200
 1910  1.550  -20.20  1.00000  0.0500  0.200
 1911  1.550  -20.00  1.00000  0.0500  0.200
 1912  1.550  -19.80  1.00000  0.0500  0.200
 1913  1.550  -19.60  1.00000  0.0500  0.200
 1914  1.550  -19.40  1.00000  0.0500  0.200
 1915  1.550  -19.20  1.00000  0.0500  0.200
 1916  1.550  -19.00  1.00000  0.0500  0.200
 1917  1.550  -18.80  1.00000  0.0500  0.200
 1918  1.550  -18.60  1.00000  0.0500  0.200
 1919  1.550  -18.40  1.00000  0.0500  0.200
 1920  1.550  -18.20  1.00000  0.0500  0.200
 1921  1.600  -30.00  1.00000  0.0500  0.200
 1922  1.600  -29.80  1.00000  0.0500  0.200
 1923  1.600  -29.60  1.00000  0.0500  0.200
 1924  1.600  -29.40  1.00000  0.0500  0.200
 1925  1.600  -29.20  1.00000  0.0500  0.200
 1926  1.600  -29.00  1.00000  0.0500  0.200
 1927  1.600  -28.80  1.00000  0.0500  0.200
 1928  1.600  -28.60  1.00000  0.0500  0.200
 1929  1.600  -28.40  1.00000  0.0500  0.200
 1930  1.600  -28.20  1.00000  0.0500  0.200
 1931  1.600  -28.00  1.00000  0.0500  0.200
 1932  1.600  -27.80  1.00000  0.0500  0.200
 1933  1.600  -27.60  1.00000  0.0500  0.200
 1934  1.600  -27.40  1.00000  0.0500  0.200
 1935  1.600  -27.20  1.00000  0.0500  0.200
 1936  1.600  -27.00  1.00000  0.0500  0.200
 1937  1.600  -26.80  1.00000  0.0500  0.200
 1938  1.600  -26.60  1.00000  0.0500  0.200
 1939  1.600  -26.40  1.00000  0.0500  0.200
 1940  1.600  -26.20  1.00000  0.0500  0.200
 1941  1.600  -26.00  1.00000  0.0500  0.200
 1942  1.600  -25.80  1.00000  0.0500  0.200
 1943  1.600  -25.60  1.00000  0.0500  0.200
 1944  1.600  -25.40  1.00000  0.0500  0.200
 1945  1.600  -25.20  1.00000  0.0500  0.200
 1946  1.600  -25.00  1.00000  0.0500  0.200
 1947  1.600  -24.80  1.00000  0.0500  0.200
 1948  1.600  -24.60  1.00000  0.0500  0.200
 1949  1.600  -24.40  1.00000  0.0500  0.200
 1950  1.600  -24.20  1.00000  0.0500  0.200
 1951  1.600  -24.00  1.00000  0.0500  0.200
 1952  1.600  -23.80  1.00000  0.0500  0.200
 1953  1.600  -23.60  1.00000  0.0500  0.200
 1954  1.600  -23.40  1.00000  0.0500  0.200
 1955  1.600  -23.20  1.00000  0.0500  0.200
 1956  1.600  -23.00  1.00000  0.0500  0.200
 1957  1.600  -22.80  1.00000  0.0500  0.200
 1958  1.600  -22.60  1.00000  0.0500  0.200
 1959  1.600  -22.40  1.00000  0.0500  0.200
 1960  1.600  -22.20  1.00000  0.0500  0.200
 1961  1.600  -22.00  1.00000  0.0500  0.200
 1962  1.600  -21.80  1.00000  0.0500  0.200
 1963  1.600  -21.60  1.00000  0.0500  0.200
 1964  1.600  -21.40  1.00000  0.0500  0.200
 1965  1.600  -21.20  1.00000  0.0500  0.200
 1966  1.600  -21.00  1.00000  0.0500  0.200
 1967  1.600  -20.80  1.00000  0.0500  0.200
 1968  1.600  -20.60  1.00000  0.0500  0.200
 1969  1.600  -20.40  1.00000  0.0500  0.200
 1970  1.600  -20.20  1.00000  0.0500  0.200
 1971  1.600  -20.00  1.00000  0.0500  0.200
 1972  1.600  -19.80  1.00000  0.0500  0.200
 1973  1.600  -19.60  1.00000  0.0500  0.200
 1974  1.600  -19.40  1.00000  0.0500  0.200
 1975  1.600  -19.20  1.00000  0.0500  0.200
 1976  1.600  -19.00  1.00000  0.0500  0.200
 1977  1.600  -18.80  1.00000  0.0500  0.200
 1978  1.600  -18.60  1.00000  0.0500  0.200
 1979  1.600  -18.40  1.00000  0.0500  0.200
 1980  1.600  -18.20  1.00000  0.0500  0.200
 1981  1.650  -30.00  1.00000  0.0500  0.200
 1982  1.650  -29.80  1.00000  0.0500  0.200
 1983  1.650  -29.60  1.00000  0.0500  0.200
 1984  1.650  -29.40  1.00000  0.0500  0.200
 1985  1.650  -29.20  1.00000  0.0500  0.200
 1986  1.650  -29.00  1.00000  0.0500  0.200
 1987  1.650  -28.80  1.00000  0.0500  0.200
 1988  1.650  -28.60  1.00000  0.0500  0.200
 1989  1.650  -28.40  1.00000  0.0500  0.200
 1990  1.650  -28.20  1.00000  0.0500  0.200
 1991  1.650  -28.00  1.00000  0.0500  0.200
 1992  1.650  -27.80  1.00000  0.0500  0.200
 1993  1.650  -27.60  1.00000  0.0500  0.200
 1994  1.650  -27.40  1.00000  0.0500  0.200
 1995  1.650  -27.20  1.00000  0.0500  0.200
 1996  1.650  -27.00  1.00000  0.0500  0.200
 1997  1.650  -26.80  1.00000  0.0500  0.200
 1998  1.650  -26.60  1.00000  0.0500  0.200
 1999  1.650  -26.40  1.00000  0.0500  0.200
 2000  1.650  -26.20  1.00000  0.0500  0.200
 2001  1.650  -26.00  1.00000  0.0500  0.200
 2002  1.650  -25.80  1.00000  0.0500  0.200
 2003  1.650  -25.60  1.00000  0.0500  0.200
 2004  1.650  -25.40  1.00000  0.0500  0.200
 2005  1.650  -25.20  1.00000  0.0500  0.200
 2006  1.650  -25.00  1.00000  0.0500  0.200
 2007  1.650  -24.80  1.00000  0.0500  0.200
 2008  1.650  -24.60  1.00000  0.0500  0.200
 2009  1.650  -24.40  1.00000  0.0500  0.200
 2010  1.650  -24.20  1.00000  0.0500  0.200
 2011  1.650  -24.00  1.00000  0.0500  0.200
 2012  1.650  -23.80  1.00000  0.0500  0.200
 2013  1.650  -23.60  1.00000  0.0500  0.200
 2014  1.650  -23.40  1.00000  0.0500  0.200
 2015  1.650  -23.20  1.00000  0.0500  0.200
 2016  1.650  -23.00  1.00000  0.0500  0.200
 2017  1.650  -22.80  1.00000  0.0500  0.200
 2018  1.650  -22.60  1.00000  0.0500  0.200
 2019  1.650  -22.40  1.00000  0.0500  0.200
 2020  1.650  -22.20  1.00000  0.0500  0.200
 2021  1.650  -22.00  1.00000  0.0500  0.200
 2022  1.650  -21.80  1.00000  0.0500  0.200
 2023  1.650  -21.60  1.00000  0.0500  0.200
 2024  1.650  -21.40  1.00000  0.0500  0.200
 2025  1.650  -21.20  1.00000  0.0500  0.200
 2026  1.650  -21.00  1.00000  0.0500  0.200
 2027  1.650  -20.80  1.00000  0.0500  0.200
 2028  1.650  -20.60  1.00000  0.0500  0.200
 2029  1.650  -20.40  1.00000  0.0500  0.200
 2030  1.650  -20.20  1.00000  0.0500  0.200
 2031  1.650  -20.00  1.00000  0.0500  0.200
 2032  1.650  -19.80  1.00000  0.0500  0.200
 2033  1.650  -19.60  1.00000  0.0500  0.200
 2034  1.650  -19.40  1.00000  0.0500  0.200
 2035  1.650  -19.20  1.00000  0.0500  0.200
 2036  1.650  -19.00  1.00000  0.0500  0.200
 2037  1.650  -18.80  1.00000  0.0500  0.200
 2038  1.650  -18.60  1.00000  0.0500  0.200
 2039  1.650  -18.40  1.00000  0.0500  0.200
 2040  1.650  -18.20  1.00000  0.0500  0.200
 2041  1.700  -30.00  1.00000  0.0500  0.200
 2042  1.700  -29.80  1.00000  0.0500  0.200
 2043  1.700  -29.60  1.00000  0.0500  0.200
 2044  1.700  -29.40  1.00000  0.0500  0.200
 2045  1.700  -29.20  1.00000  0.0500  0.200
 2046  1.700  -29.00  1.00000  0.0500  0.200
 2047  1.700  -28.80  1.00000  0.0500  0.200
 2048  1.700  -28.60  1.00000  0.0500  0.200
 2049  1.700  -28.40  1.00000  0.0500  0.200
 2050  1.700  -28.20  1.00000  0.0500  0.200
 2051  1.700  -28.00  1.00000  0.0500  0.200
 2052  1.700  -27.80  1.00000  0.0500  0.200
 2053  1.700  -27.60  1.00000  0.0500  0.200
 2054  1.700  -27.40  1.00000  0.0500  0.200
 2055  1.700  -27.20  1.00000  0.0500  0.200
 2056  1.700  -27.00  1.00000  0.0500  0.200
 2057  1.700  -26.80  1.00000  0.0500  0.200
 2058  1.700  -26.60  1.00000  0.0500  0.200
 2059  1.700  -26.40  1.00000  0.0500  0.200
 2060  1.700  -26.20  1.00000  0.0500  0.200
 2061  1.700  -26.00  1.00000  0.0500  0.200
 2062  1.700  -25.80  1.00000  0.0500  0.200
 2063  1.700  -25.60  1.00000  0.0500  0.200
 2064  1.700  -25.40  1.00000  0.0500  0.200
 2065  1.700  -25.20  1.00000  0.0500  0.200
 2066  1.700  -25.00  1.00000  0.0500  0.200
 2067  1.700  -24.80  1.00000  0.0500  0.200
 2068  1.700  -24.60  1.00000  0.0500  0.200
 2069  1.700  -24.40  1.00000  0.0500  0.200
 2070  1.700  -24.20  1.00000  0.0500  0.200
 2071  1.700  -24.00  1.00000  0.0500  0.200
 2072  1.700  -23.80  1.00000  0.0500  0.200
 2073  1.700  -23.60  1.00000  0.0500  0.200
 2074  1.700  -23.40  1.00000  0.0500  0.200
 2075  1.700  -23.20  1.00000  0.0500  0.200
 2076  1.700  -23.00  1.00000  0.0500  0.200
 2077  1.700  -22.80  1.00000  0.0500  0.200
 2078  1.700  -22.60  1.00000  0.0500  0.200
 2079  1.700  -22.40  1.00000  0.0500  0.200
 2080  1.700  -22.20  1.00000  0.0500  0.200
 2081  1.700  -22.00  1.00000  0.0500  0.200
 2082  1.700  -21.80  1.00000  0.0500  0.200
 2083  1.700  -21.60  1.00000  0.0500  0.200
 2084  1.700  -21.40  1.00000  0.0500  0.200
 2085  1.700  -21.20  1.00000  0.0500  0.200
 2086  1.700  -21.00  1.00000  0.0500  0.200
 2087  1.700  -20.80  1.00000  0.0500  0.200
 2088  1.700  -20.60  1.00000  0.0500  0.200
 2089  1.700  -20.40  1.00000  0.0500  0.200
 2090  1.700  -20.20  1.00000  0.0500  0.200
 2091  1.700  -20.00  1.00000  0.0500  0.200
 2092  1.700  -19.80  1.00000  0.0500  0.200
 2093  1.700  -19.60  1.00000  0.0500  0.200
 2094  1.700  -19.40  1.00000  0.0500  0.200
 2095  1.700  -19.20  1.00000  0.0500  0.200
 2096  1.700  -19.00  1.00000  0.0500  0.200
 2097  1.700  -18.80  1.00000  0.0500  0.200
 2098  1.700  -18.60  1.00000  0.0500  0.200
 2099  1.700  -18.40  1.00000  0.0500  0.200
 2100  1.700  -18.20  1.00000  0.0500  0.200
 2101  1.750  -30.00  1.00000  0.0500  0.200
 2102  1.750  -29.80  1.00000  0.0500  0.200
 2103  1.750  -29.60  1.00000  0.0500  0.200
 2104  1.750  -29.40  1.00000  0.0500  0.200
 2105  1.750  -29.20  1.00000  0.0500  0.200
 2106  1.750  -29.00  1.00000  0.0500  0.200
 2107  1.750  -28.80  1.00000  0.0500  0.200
 2108  1.750  -28.60  1.00000  0.0500  0.200
 2109  1.750  -28.40  1.00000  0.0500  0.200
 2110  1.750  -28.20  1.00000  0.0500  0.200
 2111  1.750  -28.00  1.00000  0.0500  0.200
 2112  1.750  -27.80  1.00000  0.0500  0.200
 2113  1.750  -27.60  1.00000  0.0500  0.200
 2114  1.750  -27.40  1.00000  0.0500  0.200
 2115  1.750  -27.20  1.00000  0.0500  0.200
 2116  1.750  -27.00  1.00000  0.0500  0.200
 2117  1.750  -26.80  1.00000  0.0500  0.200
 2118  1.750  -26.60  1.00000  0.0500  0.200
 2119  1.750  -26.40  1.00000  0.0500  0.200
 2120  1.750  -26.20  1.00000  0.0500  0.200
 2121  1.750  -26.00  1.00000  0.0500  0.200
 2122  1.750  -25.80  1.00000  0.0500  0.200
 2123  1.750  -25.60  1.00000  0.0500  0.200
 2124  1.750  -25.40  1.00000  0.0500  0.200
 2125  1.750  -25.20  1.00000  0.0500  0.200
 2126  1.750  -25.00  1.00000  0.0500  0.200
 2127  1.750  -24.80  1.00000  0.0500  0.200
 2128  1.750  -24.60  1.00000  0.0500  0.200
 2129  1.750  -24.40  1.00000  0.0500  0.200
 2130  1.750  -24.20  1.00000  0.0500  0.200
 2131  1.750  -24.00  1.00000  0.0500  0.200
 2132  1.750  -23.80  1.00000  0.0500  0.200
 2133  1.750  -23.60  1.00000  0.0500  0.200
 2134  1.750  -23.40  1.00000  0.0500  0.200
 2135  1.750  -23.20  1.00000  0.0500  0.200
 2136  1.750  -23.00  1.00000  0.0500  0.200
 2137  1.750  -22.80  1.00000  0.0500  0.200
 2138  1.750  -22.60  1.00000  0.0500  0.200
 2139  1.750  -22.40  1.00000  0.0500  0.200
 2140  1.750  -22.20  1.00000  0.0500  0.200
 2141  1.750  -22.00  1.00000  0.0500  0.200
 2142  1.750  -21.80  1.00000  0.0500  0.200
 2143  1.750  -21.60  1.00000  0.0500  0.200
 2144  1.750  -21.40  1.00000  0.0500  0.200
 2145  1.750  -21.20  1.00000  0.0500  0.200
 2146  1.750  -21.00  1.00000  0.0500  0.200
 2147  1.750  -20.80  1.00000  0.0500  0.200
 2148  1.750  -20.60  1.00000  0.0500  0.200
 2149  1.750  -20.40  1.00000  0.0500  0.200
 2150  1.750  -20.20  1.00000  0.0500  0.200
 2151  1.750  -20.00  1.00000  0.0500  0.200
 2152  1.750  -19.80  1.00000  0.0500  0.200
 2153  1.750  -19.60  1.00000  0.0500  0.200
 2154  1.750  -19.40  1.00000  0.0500  0.200
 2155  1.750  -19.20  1.00000  0.0500  0.200
 2156  1.750  -19.00  1.00000  0.0500  0.200
 2157  1.750  -18.80  1.00000  0.0500  0.200
 2158  1.750  -18.60  1.00000  0.0500  0.200
 2159  1.750  -18.40  1.00000  0.0500  0.200
 2160  1.750  -18.20  1.00000  0.0500  0.200
 2161  1.800  -30.00  1.00000  0.0500  0.200
 2162  1.800  -29.80  1.00000  0.0500  0.200
 2163  1.800  -29.60  1.00000  0.0500  0.200
 2164  1.800  -29.40  1.00000  0.0500  0.200
 2165  1.800  -29.20  1.00000  0.0500  0.200
 2166  1.800  -29.00  1.00000  0.0500  0.200
 2167  1.800  -28.80  1.00000  0.0500  0.200
 2168  1.800  -28.60  1.00000  0.0500  0.200
 2169  1.800  -28.40  1.00000  0.0500  0.200
 2170  1.800  -28.20  1.00000  0.0500  0.200
 2171  1.800  -28.00  1.00000  0.0500  0.200
 2172  1.800  -27.80  1.00000  0.0500  0.200
 2173  1.800  -27.60  1.00000  0.0500  0.200
 2174  1.800  -27.40  1.00000  0.0500  0.200
 2175  1.800  -27.20  1.00000  0.0500  0.200
 2176  1.800  -27.00  1.00000  0.0500  0.200
 2177  1.800  -26.80  1.00000  0.0500  0.200
 2178  1.800  -26.60  1.00000  0.0500  0.200
 2179  1.800  -26.40  1.00000  0.0500  0.200
 2180  1.800  -26.20  1.00000  0.0500  0.200
 2181  1.800  -26.00  1.00000  0.0500  0.200
 2182  1.800  -25.80  1.00000  0.0500  0.200
 2183  1.800  -25.60  1.00000  0.0500  0.200
 2184  1.800  -25.40  1.00000  0.0500  0.200
 2185  1.800  -25.20  1.00000  0.0500  0.200
 2186  1.800  -25.00  1.00000  0.0500  0.200
 2187  1.800  -24.80  1.00000  0.0500  0.200
 2188  1.800  -24.60  1.00000  0.0500  0.200
 2189  1.800  -24.40  1.00000  0.0500  0.200
 2190  1.800  -24.20  1.00000  0.0500  0.200
 2191  1.800  -24.00  1.00000  0.0500  0.200
 2192  1.800  -23.80  1.00000  0.0500  0.200
 2193  1.800  -23.60  1.00000  0.0500  0.200
 2194  1.800  -23.40  1.00000  0.0500  0.200
 2195  1.800  -23.20  1.00000  0.0500  0.200
 2196  1.800  -23.00  1.00000  0.0500  0.200
 2197  1.800  -22.80  1.00000  0.0500  0.200
 2198  1.800  -22.60  1.00000  0.0500  0.200
 2199  1.800  -22.40  1.00000  0.0500  0.200
 2200  1.800  -22.20  1.00000  0.0500  0.200
 2201  1.800  -22.00  1.00000  0.0500  0.200
 2202  1.800  -21.80  1.00000  0.0500  0.200
 2203  1.800  -21.60  1.00000  0.0500  0.200
 2204  1.800  -21.40  1.00000  0.0500  0.200
 2205  1.800  -21.20  1.00000  0.0500  0.200
 2206  1.800  -21.00  1.00000  0.0500  0.200
 2207  1.800  -20.80  1.00000  0.0500  0.200
 2208  1.800  -20.60  1.00000  0.0500  0.200
 2209  1.800  -20.40  1.00000  0.0500  0.200
 2210  1.800  -20.20  1.00000  0.0500  0.200
 2211  1.800  -20.00  1.00000  0.0500  0.200
 2212  1.800  -19.80  1.00000  0.0500  0.200
 2213  1.800  -19.60  1.00000  0.0500  0.200
 2214  1.800  -19.40  1.00000  0.0500  0.200
 2215  1.800  -19.20  1.00000  0.0500  0.200
 2216  1.800  -19.00  1.00000  0.0500  0.200
 2217  1.800  -18.80  1.00000  0.0500  0.200
 2218  1.800  -18.60  1.00000  0.0500  0.200
 2219  1.800  -18.40  1.00000  0.0500  0.200
 2220  1.800  -18.20  1.00000  0.0500  0.200
 2221  1.850  -30.00  1.00000  0.0500  0.200
 2222  1.850  -29.80  1.00000  0.0500  0.200
 2223  1.850  -29.60  1.00000  0.0500  0.200
 2224  1.850  -29.40  1.00000  0.0500  0.200
 2225  1.850  -29.20  1.00000  0.0500  0.200
 2226  1.850  -29.00  1.00000  0.0500  0.200
 2227  1.850  -28.80  1.00000  0.0500  0.200
 2228  1.850  -28.60  1.00000  0.0500  0.200
 2229  1.850  -28.40  1.00000  0.0500  0.200
 2230  1.850  -28.20  1.00000  0.0500  0.200
 2231  1.850  -28.00  1.00000  0.0500  0.200
 2232  1.850  -27.80  1.00000  0.0500  0.200
 2233  1.850  -27.60  1.00000  0.0500  0.200
 2234  1.850  -27.40  1.00000  0.0500  0.200
 2235  1.850  -27.20  1.00000  0.0500  0.200
 2236  1.850  -27.00  1.00000  0.0500  0.200
 2237  1.850  -26.80  1.00000  0.0500  0.200
 2238  1.850  -26.60  1.00000  0.0500  0.200
 2239  1.850  -26.40  1.00000  0.0500  0.200
 2240  1.850  -26.20  1.00000  0.0500  0.200
 2241  1.850  -26.00  1.00000  0.0500  0.200
 2242  1.850  -25.80  1.00000  0.0500  0.200
 2243  1.850  -25.60  1.00000  0.0500  0.200
 2244  1.850  -25.40  1.00000  0.0500  0.200
 2245  1.850  -25.20  1.00000  0.0500  0.200
 2246  1.850  -25.00  1.00000  0.0500  0.200
 2247  1.850  -24.80  1.00000  0.0500  0.200
 2248  1.850  -24.60  1.00000  0.0500  0.200
 2249  1.850  -24.40  1.00000  0.0500  0.200
 2250  1.850  -24.20  1.00000  0.0500  0.200
 2251  1.850  -24.00  1.00000  0.0500  0.200
 2252  1.850  -23.80  1.00000  0.0500  0.200
 2253  1.850  -23.60  1.00000  0.0500  0.200
 2254  1.850  -23.40  1.00000  0.0500  0.200
 2255  1.850  -23.20  1.00000  0.0500  0.200
 2256  1.850  -23.00  1.00000  0.0500  0.200
 2257  1.850  -22.80  1.00000  0.0500  0.200
 2258  1.850  -22.60  1.00000  0.0500  0.200
 2259  1.850  -22.40  1.00000  0.0500  0.200
 2260  1.850  -22.20  1.00000  0.0500  0.200
 2261  1.850  -22.00  1.00000  0.0500  0.200
 2262  1.850  -21.80  1.00000  0.0500  0.200
 2263  1.850  -21.60  1.00000  0.0500  0.200
 2264  1.850  -21.40  1.00000  0.0500  0.200
 2265  1.850  -21.20  1.00000  0.0500  0.200
 2266  1.850  -21.00  1.00000  0.0500  0.200
 2267  1.850  -20.80  1.00000  0.0500  0.200
 2268  1.850  -20.60  1.00000  0.0500  0.200
 2269  1.850  -20.40  1.00000  0.0500  0.200
 2270  1.850  -20.20  1.00000  0.0500  0.200
 2271  1.850  -20.00  1.00000  0.0500  0.200
 2272  1.850  -19.80  1.00000  0.0500  0.200
 2273  1.850  -19.60  1.00000  0.0500  0.200
 2274  1.850  -19.40  1.00000  0.0500  0.200
 2275  1.850  -19.20  1.00000  0.0500  0.200
 2276  1.850  -19.00  1.00000  0.0500  0.200
 2277  1.850  -18.80  1.00000  0.0500  0.200
 2278  1.850  -18.60  1.00000  0.0500  0.200
 2279  1.850  -18.40  1.00000  0.0500  0.200
 2280  1.850  -18.20  1.00000  0.0500  0.200
 2281  1.900  -30.00  1.00000  0.0500  0.200
 2282  1.900  -29.80  1.00000  0.0500  0.200
 2283  1.900  -29.60  1.00000  0.0500  0.200
 2284  1.900  -29.40  1.00000  0.0500  0.200
 2285  1.900  -29.20  1.00000  0.0500  0.200
 2286  1.900  -29.00  1.00000  0.0500  0.200
 2287  1.900  -28.80  1.00000  0.0500  0.200
 2288  1.900  -28.60  1.00000  0.0500  0.200
 2289  1.900  -28.40  1.00000  0.0500  0.200
 2290  1.900  -28.20  1.00000  0.0500  0.200
 2291  1.900  -28.00  1.00000  0.0500  0.200
 2292  1.900  -27.80  1.00000  0.0500  0.200
 2293  1.900  -27.60  1.00000  0.0500  0.200
 2294  1.900  -27.40  1.00000  0.0500  0.200
 2295  1.900  -27.20  1.00000  0.0500  0.200
 2296  1.900  -27.00  1.00000  0.0500  0.200
 2297  1.900  -26.80  1.00000  0.0500  0.200
 2298  1.900  -26.60  1.00000  0.0500  0.200
 2299  1.900  -26.40  1.00000  0.0500  0.200
 2300  1.900  -26.20  1.00000  0.0500  0.200
 2301  1.900  -26.00  1.00000  0.0500  0.200
 2302  1.900  -25.80  1.00000  0.0500  0.200
 2303  1.900  -25.60  1.00000  0.0500  0.200
 2304  1.900  -25.40  1.00000  0.0500  0.200
 2305  1.900  -25.20  1.00000  0.0500  0.200
 2306  1.900  -25.00  1.00000  0.0500  0.200
 2307  1.900  -24.80  1.00000  0.0500  0.200
 2308  1.900  -24.60  1.00000  0.0500  0.200
 2309  1.900  -24.40  1.00000  0.0500  0.200
 2310  1.900  -24.20  1.00000  0.0500  0.200
 2311  1.900  -24.00  1.00000  0.0500  0.200
 2312  1.900  -23.80  1.00000  0.0500  0.200
 2313  1.900  -23.60  1.00000  0.0500  0.200
 2314  1.900  -23.40  1.00000  0.0500  0.200
 2315  1.900  -23.20  1.00000  0.0500  0.200
 2316  1.900  -23.00  1.00000  0.0500  0.200
 2317  1.900  -22.80  1.00000  0.0500  0.200
 2318  1.900  -22.60  1.00000  0.0500  0.200
 2319  1.900  -22.40  1.00000  0.0500  0.200
 2320  1.900  -22.20  1.00000  0.0500  0.200
 2321  1.900  -22.00  1.00000  0.0500  0.200
 2322  1.900  -21.80  1.00000  0.0500  0.200
 2323  1.900  -21.60  1.00000  0.0500  0.200
 2324  1.900  -21.40  1.00000  0.0500  0.200
 2325  1.900  -21.20  1.00000  0.0500  0.200
 2326  1.900  -21.00  1.00000  0.0500  0.200
 2327  1.900  -20.80  1.00000  0.0500  0.200
 2328  1.900  -20.60  1.00000  0.0500  0.200
 2329  1.900  -20.40  1.00000  0.0500  0.200
 2330  1.900  -20.20  1.00000  0.0500  0.200
 2331  1.900  -20.00  1.00000  0.0500  0.200
 2332  1.900  -19.80  1.00000  0.0500  0.200
 2333  1.900  -19.60  1.00000  0.0500  0.200
 2334  1.900  -19.40  1.00000  0.0500  0.200
 2335  1.900  -19.20  1.00000  0.0500  0.200
 2336  1.900  -19.00  1.00000  0.0500  0.200
 2337  1.900  -18.80  1.00000  0.0500  0.200
 2338  1.900  -18.60  1.00000  0.0500  0.200
 2339  1.900  -18.40  1.00000  0.0500  0.200
 2340  1.900  -18.20  1.00000  0.0500  0.200
 2341  1.950  -30.00  1.00000  0.0500  0.200
 2342  1.950  -29.80  1.00000  0.0500  0.200
 2343  1.950  -29.60  1.00000  0.0500  0.200
 2344  1.950  -29.40  1.00000  0.0500  0.200
 2345  1.950  -29.20  1.00000  0.0500  0.200
 2346  1.950  -29.00  1.00000  0.0500  0.200
 2347  1.950  -28.80  1.00000  0.0500  0.200
 2348  1.950  -28.60  1.00000  0.0500  0.200
 2349  1.950  -28.40  1.00000  0.0500  0.200
 2350  1.950  -28.20  1.00000  0.0500  0.200
 2351  1.950  -28.00  1.00000  0.0500  0.200
 2352  1.950  -27.80  1.00000  0.0500  0.200
 2353  1.950  -27.60  1.00000  0.0500  0.200
 2354  1.950  -27.40  1.00000  0.0500  0.200
 2355  1.950  -27.20  1.00000  0.0500  0.200
 2356  1.950  -27.00  1.00000  0.0500  0.200
 2357  1.950  -26.80  1.00000  0.0500  0.200
 2358  1.950  -26.60  1.00000  0.0500  0.200
 2359  1.950  -26.40  1.00000  0.0500  0.200
 2360  1.950  -26.20  1.00000  0.0500  0.200
 2361  1.950  -26.00  1.00000  0.0500  0.200
 2362  1.950  -25.80  1.00000  0.0500  0.200
 2363  1.950  -25.60  1.00000  0.0500  0.200
 2364  1.950  -25.40  1.00000  0.0500  0.200
 2365  1.950  -25.20  1.00000  0.0500  0.200
 2366  1.950  -25.00  1.00000  0.0500  0.200
 2367  1.950  -24.80  1.00000  0.0500  0.200
 2368  1.950  -24.60  1.00000  0.0500  0.200
 2369  1.950  -24.40  1.00000  0.0500  0.200
 2370  1.950  -24.20  1.00000  0.0500  0.200
 2371  1.950  -24.00  1.00000  0.0500  0.200
 2372  1.950  -23.80  1.00000  0.0500  0.200
 2373  1.950  -23.60  1.00000  0.0500  0.200
 2374  1.950  -23.40  1.00000  0.0500  0.200
 2375  1.950  -23.20  1.00000  0.0500  0.200
 2376  1.950  -23.00  1.00000  0.0500  0.200
 2377  1.950  -22.80  1.00000  0.0500  0.200
 2378  1.950  -22.60  1.00000  0.0500  0.200
 2379  1.950  -22.40  1.00000  0.0500  0.200
 2380  1.950  -22.20  1.00000  0.0500  0.200
 2381  1.950  -22.00  1.00000  0.0500  0.200
 2382  1.950  -21.80  1.00000  0.0500  0.200
 2383  1.950  -21.60  1.00000  0.0500  0.200
 2384  1.950  -21.40  1.00000  0.0500  0.200
 2385  1.950  -21.20  1.00000  0.0500  0.200
 2386  1.950  -21.00  1.00000  0.0500  0.200
 2387  1.950  -20.80  1.00000  0.0500  0.200
 2388  1.950  -20.60  1.00000  0.0500  0.200
 2389  1.950  -20.40  1.00000  0.0500  0.200
 2390  1.950  -20.20  1.00000  0.0500  0.200
 2391  1.950  -20.00  1.00000  0.0500  0.200
 2392  1.950  -19.80  1.00000  0.0500  0.200
 2393  1.950  -19.60  1.00000  0.0500  0.200
 2394  1.950  -19.40  1.00000  0.0500  0.200
 2395  1.950  -19.20  1.00000  0.0500  0.200
 2396  1.950  -19.00  1.00000  0.0500  0.200
 2397  1.950  -18.80  1.00000  0.0500  0.200
 2398  1.950  -18.60  1.00000  0.0500  0.200
 2399  1.950  -18.40  1.00000  0.0500  0.200
 2400  1.950  -18.20  1.00000  0.0500  0.200
 2401  2.000  -30.00  1.00000  0.0500  0.200
 2402  2.000  -29.80  1.00000  0.0500  0.200
 2403  2.000  -29.60  1.00000  0.0500  0.200
 2404  2.000  -29.40  1.00000  0.0500  0.200
 2405  2.000  -29.20  1.00000  0.0500  0.200
 2406  2.000  -29.00  1.00000  0.0500  0.200
 2407  2.000  -28.80  1.00000  0.0500  0.200
 2408  2.000  -28.60  1.00000  0.0500  0.200
 2409  2.000  -28.40  1.00000  0.0500  0.200
 2410  2.000  -28.20  1.00000  0.0500  0.200
 2411  2.000  -28.00  1.00000  0.0500  0.200
 2412  2.000  -27.80  1.00000  0.0500  0.200
 2413  2.000  -27.60  1.00000  0.0500  0.200
 2414  2.000  -27.40  1.00000  0.0500  0.200
 2415  2.000  -27.20  1.00000  0.0500  0.200
 2416  2.000  -27.00  1.00000  0.0500  0.200
 2417  2.000  -26.80  1.00000  0.0500  0.200
 2418  2.000  -26.60  1.00000  0.0500  0.200
 2419  2.000  -26.40  1.00000  0.0500  0.200
 2420  2.000  -26.20  1.00000  0.0500  0.200
 2421  2.000  -26.00  1.00000  0.0500  0.200
 2422  2.000  -25.80  1.00000  0.0500  0.200
 2423  2.000  -25.60  1.00000  0.0500  0.200
 2424  2.000  -25.40  1.00000  0.0500  0.200
 2425  2.000  -25.20  1.00000  0.0500  0.200
 2426  2.000  -25.00  1.00000  0.0500  0.200
 2427  2.000  -24.80  1.00000  0.0500  0.200
 2428  2.000  -24.60  1.00000  0.0500  0.200
 2429  2.000  -24.40  1.00000  0.0500  0.200
 2430  2.000  -24.20  1.00000  0.0500  0.200
 2431  2.000  -24.00  1.00000  0.0500  0.200
 2432  2.000  -23.80  1.00000  0.0500  0.200
 2433  2.000  -23.60  1.00000  0.0500  0.200
 2434  2.000  -23.40  1.00000  0.0500  0.200
 2435  2.000  -23.20  1.00000  0.0500  0.200
 2436  2.000  -23.00  1.00000  0.0500  0.200
 2437  2.000  -22.80  1.00000  0.0500  0.200
 2438  2.000  -22.60  1.00000  0.0500  0.200
 2439  2.000  -22.40  1.00000  0.0500  0.200
 2440  2.000  -22.20  1.00000  0.0500  0.200
 2441  2.000  -22.00  1.00000  0.0500  0.200
 2442  2.000  -21.80  1.00000  0.0500  0.200
 2443  2.000  -21.60  1.00000  0.0500  0.200
 2444  2.000  -21.40  1.00000  0.0500  0.200
 2445  2.000  -21.20  1.00000  0.0500  0.200
 2446  2.000  -21.00  1.00000  0.0500  0.200
 2447  2.000  -20.80  1.00000  0.0500  0.200
 2448  2.000  -20.60  1.00000  0.0500  0.200
 2449  2.000  -20.40  1.00000  0.0500  0.200
 2450  2.000  -20.20  1.00000  0.0500  0.200
 2451  2.000  -20.00  1.00000  0.0500  0.200
 2452  2.000  -19.80  1.00000  0.0500  0.200
 2453  2.000  -19.60  1.00000  0.0500  0.200
 2454  2.000  -19.40  1.00000  0.0500  0.200
 2455  2.000  -19.20  1.00000  0.0500  0.200
 2456  2.000  -19.00  1.00000  0.0500  0.200
 2457  2.000  -18.80  1.00000  0.0500  0.200
 2458  2.000  -18.60  1.00000  0.0500  0.200
 2459  2.000  -18.40  1.00000  0.0500  0.200
 2460  2.000  -18.20  1.00000  0.0500  0.200
 2461  2.050  -30.00  1.00000  0.0500  0.200
 2462  2.050  -29.80  1.00000  0.0500  0.200
 2463  2.050  -29.60  1.00000  0.0500  0.200
 2464  2.050  -29.40  1.00000  0.0500  0.200
 2465  2.050  -29.20  1.00000  0.0500  0.200
 2466  2.050  -29.00  1.00000  0.0500  0.200
 2467  2.050  -28.80  1.00000  0.0500  0.200
 2468  2.050  -28.60  1.00000  0.0500  0.200
 2469  2.050  -28.40  1.00000  0.0500  0.200
 2470  2.050  -28.20  1.00000  0.0500  0.200
 2471  2.050  -28.00  1.00000  0.0500  0.200
 2472  2.050  -27.80  1.00000  0.0500  0.200
 2473  2.050  -27.60  1.00000  0.0500  0.200
 2474  2.050  -27.40  1.00000  0.0500  0.200
 2475  2.050  -27.20  1.00000  0.0500  0.200
 2476  2.050  -27.00  1.00000  0.0500  0.200
 2477  2.050  -26.80  1.00000  0.0500  0.200
 2478  2.050  -26.60  1.00000  0.0500  0.200
 2479  2.050  -26.40  1.00000  0.0500  0.200
 2480  2.050  -26.20  1.00000  0.0500  0.200
 2481  2.050  -26.00  1.00000  0.0500  0.200
 2482  2.050  -25.80  1.00000  0.0500  0.200
 2483  2.050  -25.60  1.00000  0.0500  0.200
 2484  2.050  -25.40  1.00000  0.0500  0.200
 2485  2.050  -25.20  1.00000  0.0500  0.200
 2486  2.050  -25.00  1.00000  0.0500  0.200
 2487  2.050  -24.80  1.00000  0.0500  0.200
 2488  2.050  -24.60  1.00000  0.0500  0.200
 2489  2.050  -24.40  1.00000  0.0500  0.200
 2490  2.050  -24.20  1.00000  0.0500  0.200
 2491  2.050  -24.00  1.00000  0.0500  0.200
 2492  2.050  -23.80  1.00000  0.0500  0.200
 2493  2.050  -23.60  1.00000  0.0500  0.200
 2494  2.050  -23.40  1.00000  0.0500  0.200
 2495  2.050  -23.20  1.00000  0.0500  0.200
 2496  2.050  -23.00  1.00000  0.0500  0.200
 2497  2.050  -22.80  1.00000  0.0500  0.200
 2498  2.050  -22.60  1.00000  0.0500  0.200
 2499  2.050  -22.40  1.00000  0.0500  0.200
 2500  2.050  -22.20  1.00000  0.0500  0.200
 2501  2.050  -22.00  1.00000  0.0500  0.200
 2502  2.050  -21.80  1.00000  0.0500  0.200
 2503  2.050  -21.60  1.00000  0.0500  0.200
 2504  2.050  -21.40  1.00000  0.0500  0.200
 2505  2.050  -21.20  1.00000  0.0500  0.200
 2506  2.050  -21.00  1.00000  0.0500  0.200
 2507  2.050  -20.80  1.00000  0.0500  0.200
 2508  2.050  -20.60  1.00000  0.0500  0.200
 2509  2.050  -20.40  1.00000  0.0500  0.200
 2510  2.050  -20.20  1.00000  0.0500  0.200
 2511  2.050  -20.00  1.00000  0.0500  0.200
 2512  2.050  -19.80  1.00000  0.0500  0.200
 2513  2.050  -19.60  1.00000  0.0500  0.200
 2514  2.050  -19.40  1.00000  0.0500  0.200
 2515  2.050  -19.20  1.00000  0.0500  0.200
 2516  2.050  -19.00  1.00000  0.0500  0.200
 2517  2.050  -18.80  1.00000  0.0500  0.200
 2518  2.050  -18.60  1.00000  0.0500  0.200
 2519  2.050  -18.40  1.00000  0.0500  0.200
 2520  2.050  -18.20  1.00000  0.0500  0.200
 2521  2.100  -30.00  1.00000  0.0500  0.200
 2522  2.100  -29.80  1.00000  0.0500  0.200
 2523  2.100  -29.60  1.00000  0.0500  0.200
 2524  2.100  -29.40  1.00000  0.0500  0.200
 2525  2.100  -29.20  1.00000  0.0500  0.200
 2526  2.100  -29.00  1.00000  0.0500  0.200
 2527  2.100  -28.80  1.00000  0.0500  0.200
 2528  2.100  -28.60  1.00000  0.0500  0.200
 2529  2.100  -28.40  1.00000  0.0500  0.200
 2530  2.100  -28.20  1.00000  0.0500  0.200
 2531  2.100  -28.00  1.00000  0.0500  0.200
 2532  2.100  -27.80  1.00000  0.0500  0.200
 2533  2.100  -27.60  1.00000  0.0500  0.200
 2534  2.100  -27.40  1.00000  0.0500  0.200
 2535  2.100  -27.20  1.00000  0.0500  0.200
 2536  2.100  -27.00  1.00000  0.0500  0.200
 2537  2.100  -26.80  1.00000  0.0500  0.200
 2538  2.100  -26.60  1.00000  0.0500  0.200
 2539  2.100  -26.40  1.00000  0.0500  0.200
 2540  2.100  -26.20  1.00000  0.0500  0.200
 2541  2.100  -26.00  1.00000  0.0500  0.200
 2542  2.100  -25.80  1.00000  0.0500  0.200
 2543  2.100  -25.60  1.00000  0.0500  0.200
 2544  2.100  -25.40  1.00000  0.0500  0.200
 2545  2.100  -25.20  1.00000  0.0500  0.200
 2546  2.100  -25.00  1.00000  0.0500  0.200
 2547  2.100  -24.80  1.00000  0.0500  0.200
 2548  2.100  -24.60  1.00000  0.0500  0.200
 2549  2.100  -24.40  1.00000  0.0500  0.200
 2550  2.100  -24.20  1.00000  0.0500  0.200
 2551  2.100  -24.00  1.00000  0.0500  0.200
 2552  2.100  -23.80  1.00000  0.0500  0.200
 2553  2.100  -23.60  1.00000  0.0500  0.200
 2554  2.100  -23.40  1.00000  0.0500  0.200
 2555  2.100  -23.20  1.00000  0.0500  0.200
 2556  2.100  -23.00  1.00000  0.0500  0.200
 2557  2.100  -22.80  1.00000  0.0500  0.200
 2558  2.100  -22.60  1.00000  0.0500  0.200
 2559  2.100  -22.40  1.00000  0.0500  0.200
 2560  2.100  -22.20  1.00000  0.0500  0.200
 2561  2.100  -22.00  1.00000  0.0500  0.200
 2562  2.100  -21.80  1.00000  0.0500  0.200
 2563  2.100  -21.60  1.00000  0.0500  0.200
 2564  2.100  -21.40  1.00000  0.0500  0.200
 2565  2.100  -21.20  1.00000  0.0500  0.200
 2566  2.100  -21.00  1.00000  0.0500  0.200
 2567  2.100  -20.80  1.00000  0.0500  0.200
 2568  2.100  -20.60  1.00000  0.0500  0.200
 2569  2.100  -20.40  1.00000  0.0500  0.200
 2570  2.100  -20.20  1.00000  0.0500  0.200
 2571  2.100  -20.00  1.00000  0.0500  0.200
 2572  2.100  -19.80  1.00000  0.0500  0.200
 2573  2.100  -19.60  1.00000  0.0500  0.200
 2574  2.100  -19.40  1.00000  0.0500  0.200
 2575  2.100  -19.20  1.00000  0.0500  0.200
 2576  2.100  -19.00  1.00000  0.0500  0.200
 2577  2.100  -18.80  1.00000  0.0500  0.200
 2578  2.100  -18.60  1.00000  0.0500  0.200
 2579  2.100  -18.40  1.00000  0.0500  0.200
 2580  2.100  -18.20  1.00000  0.0500  0.200
 2581  2.150  -30.00  1.00000  0.0500  0.200
 2582  2.150  -29.80  1.00000  0.0500  0.200
 2583  2.150  -29.60  1.00000  0.0500  0.200
 2584  2.150  -29.40  1.00000  0.0500  0.200
 2585  2.150  -29.20  1.00000  0.0500  0.200
 2586  2.150  -29.00  1.00000  0.0500  0.200
 2587  2.150  -28.80  1.00000  0.0500  0.200
 2588  2.150  -28.60  1.00000  0.0500  0.200
 2589  2.150  -28.40  1.00000  0.0500  0.200
 2590  2.150  -28.20  1.00000  0.0500  0.200
 2591  2.150  -28.00  1.00000  0.0500  0.200
 2592  2.150  -27.80  1.00000  0.0500  0.200
 2593  2.150  -27.60  1.00000  0.0500  0.200
 2594  2.150  -27.40  1.00000  0.0500  0.200
 2595  2.150  -27.20  1.00000  0.0500  0.200
 2596  2.150  -27.00  1.00000  0.0500  0.200
 2597  2.150  -26.80  1.00000  0.0500  0.200
 2598  2.150  -26.60  1.00000  0.0500  0.200
 2599  2.150  -26.40  1.00000  0.0500  0.200
 2600  2.150  -26.20  1.00000  0.0500  0.200
 2601  2.150  -26.00  1.00000  0.0500  0.200
 2602  2.150  -25.80  1.00000  0.0500  0.200
 2603  2.150  -25.60  1.00000  0.0500  0.200
 2604  2.150  -25.40  1.00000  0.0500  0.200
 2605  2.150  -25.20  1.00000  0.0500  0.200
 2606  2.150  -25.00  1.00000  0.0500  0.200
 2607  2.150  -24.80  1.00000  0.0500  0.200
 2608  2.150  -24.60  1.00000  0.0500  0.200
 2609  2.150  -24.40  1.00000  0.0500  0.200
 2610  2.150  -24.20  1.00000  0.0500  0.200
 2611  2.150  -24.00  1.00000  0.0500  0.200
 2612  2.150  -23.80  1.00000  0.0500  0.200
 2613  2.150  -23.60  1.00000  0.0500  0.200
 2614  2.150  -23.40  1.00000  0.0500  0.200
 2615  2.150  -23.20  1.00000  0.0500  0.200
 2616  2.150  -23.00  1.00000  0.0500  0.200
 2617  2.150  -22.80  1.00000  0.0500  0.200
 2618  2.150  -22.60  1.00000  0.0500  0.200
 2619  2.150  -22.40  1.00000  0.0500  0.200
 2620  2.150  -22.20  1.00000  0.0500  0.200
 2621  2.150  -22.00  1.00000  0.0500  0.200
 2622  2.150  -21.80  1.00000  0.0500  0.200
 2623  2.150  -21.60  1.00000  0.0500  0.200
 2624  2.150  -21.40  1.00000  0.0500  0.200
 2625  2.150  -21.20  1.00000  0.0500  0.200
 2626  2.150  -21.00  1.00000  0.0500  0.200
 2627  2.150  -20.80  1.00000  0.0500  0.200
 2628  2.150  -20.60  1.00000  0.0500  0.200
 2629  2.150  -20.40  1.00000  0.0500  0.200
 2630  2.150  -20.20  1.00000  0.0500  0.200
 2631  2.150  -20.00  1.00000  0.0500  0.200
 2632  2.150  -19.80  1.00000  0.0500  0.200
 2633  2.150  -19.60  1.00000  0.0500  0.200
 2634  2.150  -19.40  1.00000  0.0500  0.200
 2635  2.150  -19.20  1.00000  0.0500  0.200
 2636  2.150  -19.00  1.00000  0.0500  0.200
 2637  2.150  -18.80  1.00000  0.0500  0.200
 2638  2.150  -18.60  1.00000  0.0500  0.200
 2639  2.150  -18.40  1.00000  0.0500  0.200
 2640  2.150  -18.20  1.00000  0.0500  0.200
 2641  2.200  -30.00  1.00000  0.0500  0.200
 2642  2.200  -29.80  1.00000  0.0500  0.200
 2643  2.200  -29.60  1.00000  0.0500  0.200
 2644  2.200  -29.40  1.00000  0.0500  0.200
 2645  2.200  -29.20  1.00000  0.0500  0.200
 2646  2.200  -29.00  1.00000  0.0500  0.200
 2647  2.200  -28.80  1.00000  0.0500  0.200
 2648  2.200  -28.60  1.00000  0.0500  0.200
 2649  2.200  -28.40  1.00000  0.0500  0.200
 2650  2.200  -28.20  1.00000  0.0500  0.200
 2651  2.200  -28.00  1.00000  0.0500  0.200
 2652  2.200  -27.80  1.00000  0.0500  0.200
 2653  2.200  -27.60  1.00000  0.0500  0.200
 2654  2.200  -27.40  1.00000  0.0500  0.200
 2655  2.200  -27.20  1.00000  0.0500  0.200
 2656  2.200  -27.00  1.00000  0.0500  0.200
 2657  2.200  -26.80  1.00000  0.0500  0.200
 2658  2.200  -26.60  1.00000  0.0500  0.200
 2659  2.200  -26.40  1.00000  0.0500  0.200
 2660  2.200  -26.20  1.00000  0.0500  0.200
 2661  2.200  -26.00  1.00000  0.0500  0.200
 2662  2.200  -25.80  1.00000  0.0500  0.200
 2663  2.200  -25.60  1.00000  0.0500  0.200
 2664  2.200  -25.40  1.00000  0.0500  0.200
 2665  2.200  -25.20  1.00000  0.0500  0.200
 2666  2.200  -25.00  1.00000  0.0500  0.200
 2667  2.200  -24.80  1.00000  0.0500  0.200
 2668  2.200  -24.60  1.00000  0.0500  0.200
 2669  2.200  -24.40  1.00000  0.0500  0.200
 2670  2.200  -24.20  1.00000  0.0500  0.200
 2671  2.200  -24.00  1.00000  0.0500  0.200
 2672  2.200  -23.80  1.00000  0.0500  0.200
 2673  2.200  -23.60  1.00000  0.0500  0.200
 2674  2.200  -23.40  1.00000  0.0500  0.200
 2675  2.200  -23.20  1.00000  0.0500  0.200
 2676  2.200  -23.00  1.00000  0.0500  0.200
 2677  2.200  -22.80  1.00000  0.0500  0.200
 2678  2.200  -22.60  1.00000  0.0500  0.200
 2679  2.200  -22.40  1.00000  0.0500  0.200
 2680  2.200  -22.20  1.00000  0.0500  0.200
 2681  2.200  -22.00  1.00000  0.0500  0.200
 2682  2.200  -21.80  1.00000  0.0500  0.200
 2683  2.200  -21.60  1.00000  0.0500  0.200
 2684  2.200  -21.40  1.00000  0.0500  0.200
 2685  2.200  -21.20  1.00000  0.0500  0.200
 2686  2.200  -21.00  1.00000  0.0500  0.200
 2687  2.200  -20.80  1.00000  0.0500  0.200
 2688  2.200  -20.60  1.00000  0.0500  0.200
 2689  2.200  -20.40  1.00000  0.0500  0.200
 2690  2.200  -20.20  1.00000  0.0500  0.200
 2691  2.200  -20.00  1.00000  0.0500  0.200
 2692  2.200  -19.80  1.00000  0.0500  0.200
 2693  2.200  -19.60  1.00000  0.0500  0.200
 2694  2.200  -19.40  1.00000  0.0500  0.200
 2695  2.200  -19.20  1.00000  0.0500  0.200
 2696  2.200  -19.00  1.00000  0.0500  0.200
 2697  2.200  -18.80  1.00000  0.0500  0.200
 2698  2.200  -18.60  1.00000  0.0500  0.200
 2699  2.200  -18.40  1.00000  0.0500  0.200
 2700  2.200  -18.20  1.00000  0.0500  0.200
# dzs = [0.05]
# dmags = [0.2]
