# Using z_tolerance = 0.0001 and mag_tolerance = 0.0000
    1  4.500  -30.00  0.99000  0.0400  0.100
    2  4.500  -29.90  0.99000  0.0400  0.100
    3  4.500  -29.80  0.99000  0.0400  0.100
    4  4.500  -29.70  0.99000  0.0400  0.100
    5  4.500  -29.60  0.99000  0.0400  0.105
    6  4.500  -29.49  0.99000  0.0400  0.105
    7  4.500  -29.39  0.99000  0.0400  0.100
    8  4.500  -29.29  0.99000  0.0400  0.100
    9  4.500  -29.19  0.99000  0.0400  0.100
   10  4.500  -29.09  0.99000  0.0400  0.100
   11  4.500  -28.99  0.99000  0.0400  0.100
   12  4.500  -28.89  0.99000  0.0400  0.100
   13  4.500  -28.79  0.99000  0.0400  0.100
   14  4.500  -28.69  0.99000  0.0400  0.100
   15  4.500  -28.59  0.99000  0.0400  0.105
   16  4.500  -28.48  0.99000  0.0400  0.105
   17  4.500  -28.38  0.99000  0.0400  0.100
   18  4.500  -28.28  0.99000  0.0400  0.100
   19  4.500  -28.18  0.99000  0.0400  0.100
   20  4.500  -28.08  0.99000  0.0400  0.100
   21  4.500  -27.98  0.99000  0.0400  0.100
   22  4.500  -27.88  0.99000  0.0400  0.100
   23  4.500  -27.78  0.99000  0.0400  0.100
   24  4.500  -27.68  0.99000  0.0400  0.100
   25  4.500  -27.58  0.99000  0.0400  0.105
   26  4.500  -27.47  0.98999  0.0400  0.105
   27  4.500  -27.37  0.98999  0.0400  0.100
   28  4.500  -27.27  0.98999  0.0400  0.100
   29  4.500  -27.17  0.98999  0.0400  0.100
   30  4.500  -27.07  0.98999  0.0400  0.100
   31  4.500  -26.97  0.98999  0.0400  0.100
   32  4.500  -26.87  0.98999  0.0400  0.100
   33  4.500  -26.77  0.98998  0.0400  0.100
   34  4.500  -26.67  0.98998  0.0400  0.100
   35  4.500  -26.57  0.98998  0.0400  0.105
   36  4.500  -26.46  0.98997  0.0400  0.105
   37  4.500  -26.36  0.98997  0.0400  0.100
   38  4.500  -26.26  0.98997  0.0400  0.100
   39  4.500  -26.16  0.98996  0.0400  0.100
   40  4.500  -26.06  0.98995  0.0400  0.100
   41  4.500  -25.96  0.98995  0.0400  0.100
   42  4.500  -25.86  0.98994  0.0400  0.100
   43  4.500  -25.76  0.98993  0.0400  0.100
   44  4.500  -25.66  0.98992  0.0400  0.100
   45  4.500  -25.56  0.98990  0.0400  0.105
   46  4.500  -25.45  0.98989  0.0400  0.105
   47  4.500  -25.35  0.98987  0.0400  0.100
   48  4.500  -25.25  0.98985  0.0400  0.100
   49  4.500  -25.15  0.98983  0.0400  0.100
   50  4.500  -25.05  0.98981  0.0400  0.100
   51  4.500  -24.95  0.98978  0.0400  0.100
   52  4.500  -24.85  0.98974  0.0400  0.100
   53  4.500  -24.75  0.98971  0.0400  0.100
   54  4.500  -24.65  0.98966  0.0400  0.100
   55  4.500  -24.55  0.98961  0.0400  0.105
   56  4.500  -24.44  0.98956  0.0400  0.105
   57  4.500  -24.34  0.98949  0.0400  0.100
   58  4.500  -24.24  0.98942  0.0400  0.100
   59  4.500  -24.14  0.98934  0.0400  0.100
   60  4.500  -24.04  0.98925  0.0400  0.100
   61  4.500  -23.94  0.98914  0.0400  0.100
   62  4.500  -23.84  0.98902  0.0400  0.100
   63  4.500  -23.74  0.98889  0.0400  0.100
   64  4.500  -23.64  0.98873  0.0400  0.100
   65  4.500  -23.54  0.98856  0.0400  0.105
   66  4.500  -23.43  0.98836  0.0400  0.105
   67  4.500  -23.33  0.98814  0.0400  0.100
   68  4.500  -23.23  0.98789  0.0400  0.100
   69  4.500  -23.13  0.98761  0.0400  0.100
   70  4.500  -23.03  0.98729  0.0400  0.100
   71  4.500  -22.93  0.98693  0.0400  0.100
   72  4.500  -22.83  0.98653  0.0400  0.100
   73  4.500  -22.73  0.98608  0.0400  0.100
   74  4.500  -22.63  0.98557  0.0400  0.100
   75  4.500  -22.53  0.98500  0.0400  0.105
   76  4.500  -22.42  0.98436  0.0400  0.105
   77  4.500  -22.32  0.98364  0.0400  0.100
   78  4.500  -22.22  0.98284  0.0400  0.100
   79  4.500  -22.12  0.98194  0.0400  0.100
   80  4.500  -22.02  0.98094  0.0400  0.100
   81  4.500  -21.92  0.97981  0.0400  0.100
   82  4.500  -21.82  0.97856  0.0400  0.100
   83  4.500  -21.72  0.97716  0.0400  0.100
   84  4.500  -21.62  0.97560  0.0400  0.100
   85  4.500  -21.52  0.97387  0.0400  0.105
   86  4.500  -21.41  0.97194  0.0400  0.105
   87  4.500  -21.31  0.96979  0.0400  0.100
   88  4.500  -21.21  0.96741  0.0400  0.100
   89  4.500  -21.11  0.96477  0.0400  0.100
   90  4.500  -21.01  0.96185  0.0400  0.100
   91  4.500  -20.91  0.95862  0.0400  0.100
   92  4.500  -20.81  0.95505  0.0400  0.100
   93  4.500  -20.71  0.95111  0.0400  0.100
   94  4.500  -20.61  0.94677  0.0400  0.100
   95  4.500  -20.51  0.94200  0.0400  0.105
   96  4.500  -20.40  0.93676  0.0400  0.105
   97  4.500  -20.30  0.93102  0.0400  0.100
   98  4.500  -20.20  0.92473  0.0400  0.100
   99  4.500  -20.10  0.91786  0.0400  0.100
  100  4.500  -20.00  0.91038  0.0400  0.100
  101  4.540  -30.00  0.99000  0.0405  0.100
  102  4.540  -29.90  0.99000  0.0405  0.100
  103  4.540  -29.80  0.99000  0.0405  0.100
  104  4.540  -29.70  0.99000  0.0405  0.100
  105  4.540  -29.60  0.99000  0.0405  0.105
  106  4.540  -29.49  0.99000  0.0405  0.105
  107  4.540  -29.39  0.99000  0.0405  0.100
  108  4.540  -29.29  0.99000  0.0405  0.100
  109  4.540  -29.19  0.99000  0.0405  0.100
  110  4.540  -29.09  0.99000  0.0405  0.100
  111  4.540  -28.99  0.99000  0.0405  0.100
  112  4.540  -28.89  0.99000  0.0405  0.100
  113  4.540  -28.79  0.99000  0.0405  0.100
  114  4.540  -28.69  0.99000  0.0405  0.100
  115  4.540  -28.59  0.99000  0.0405  0.105
  116  4.540  -28.48  0.99000  0.0405  0.105
  117  4.540  -28.38  0.99000  0.0405  0.100
  118  4.540  -28.28  0.99000  0.0405  0.100
  119  4.540  -28.18  0.99000  0.0405  0.100
  120  4.540  -28.08  0.99000  0.0405  0.100
  121  4.540  -27.98  0.99000  0.0405  0.100
  122  4.540  -27.88  0.99000  0.0405  0.100
  123  4.540  -27.78  0.98999  0.0405  0.100
  124  4.540  -27.68  0.98999  0.0405  0.100
  125  4.540  -27.58  0.98999  0.0405  0.105
  126  4.540  -27.47  0.98999  0.0405  0.105
  127  4.540  -27.37  0.98999  0.0405  0.100
  128  4.540  -27.27  0.98999  0.0405  0.100
  129  4.540  -27.17  0.98999  0.0405  0.100
  130  4.540  -27.07  0.98998  0.0405  0.100
  131  4.540  -26.97  0.98998  0.0405  0.100
  132  4.540  -26.87  0.98998  0.0405  0.100
  133  4.540  -26.77  0.98997  0.0405  0.100
  134  4.540  -26.67  0.98997  0.0405  0.100
  135  4.540  -26.57  0.98997  0.0405  0.105
  136  4.540  -26.46  0.98996  0.0405  0.105
  137  4.540  -26.36  0.98995  0.0405  0.100
  138  4.540  -26.26  0.98995  0.0405  0.100
  139  4.540  -26.16  0.98994  0.0405  0.100
  140  4.540  -26.06  0.98993  0.0405  0.100
  141  4.540  -25.96  0.98992  0.0405  0.100
  142  4.540  -25.86  0.98990  0.0405  0.100
  143  4.540  -25.76  0.98989  0.0405  0.100
  144  4.540  -25.66  0.98987  0.0405  0.100
  145  4.540  -25.56  0.98985  0.0405  0.105
  146  4.540  -25.45  0.98982  0.0405  0.105
  147  4.540  -25.35  0.98980  0.0405  0.100
  148  4.540  -25.25  0.98977  0.0405  0.100
  149  4.540  -25.15  0.98973  0.0405  0.100
  150  4.540  -25.05  0.98969  0.0405  0.100
  151  4.540  -24.95  0.98964  0.0405  0.100
  152  4.540  -24.85  0.98959  0.0405  0.100
  153  4.540  -24.75  0.98953  0.0405  0.100
  154  4.540  -24.65  0.98946  0.0405  0.100
  155  4.540  -24.55  0.98938  0.0405  0.105
  156  4.540  -24.44  0.98930  0.0405  0.105
  157  4.540  -24.34  0.98919  0.0405  0.100
  158  4.540  -24.24  0.98908  0.0405  0.100
  159  4.540  -24.14  0.98895  0.0405  0.100
  160  4.540  -24.04  0.98880  0.0405  0.100
  161  4.540  -23.94  0.98863  0.0405  0.100
  162  4.540  -23.84  0.98844  0.0405  0.100
  163  4.540  -23.74  0.98823  0.0405  0.100
  164  4.540  -23.64  0.98798  0.0405  0.100
  165  4.540  -23.54  0.98771  0.0405  0.105
  166  4.540  -23.43  0.98740  0.0405  0.105
  167  4.540  -23.33  0.98704  0.0405  0.100
  168  4.540  -23.23  0.98665  0.0405  0.100
  169  4.540  -23.13  0.98620  0.0405  0.100
  170  4.540  -23.03  0.98570  0.0405  0.100
  171  4.540  -22.93  0.98513  0.0405  0.100
  172  4.540  -22.83  0.98449  0.0405  0.100
  173  4.540  -22.73  0.98378  0.0405  0.100
  174  4.540  -22.63  0.98297  0.0405  0.100
  175  4.540  -22.53  0.98207  0.0405  0.105
  176  4.540  -22.42  0.98106  0.0405  0.105
  177  4.540  -22.32  0.97992  0.0405  0.100
  178  4.540  -22.22  0.97866  0.0405  0.100
  179  4.540  -22.12  0.97724  0.0405  0.100
  180  4.540  -22.02  0.97566  0.0405  0.100
  181  4.540  -21.92  0.97389  0.0405  0.100
  182  4.540  -21.82  0.97193  0.0405  0.100
  183  4.540  -21.72  0.96973  0.0405  0.100
  184  4.540  -21.62  0.96730  0.0405  0.100
  185  4.540  -21.52  0.96459  0.0405  0.105
  186  4.540  -21.41  0.96159  0.0405  0.105
  187  4.540  -21.31  0.95826  0.0405  0.100
  188  4.540  -21.21  0.95457  0.0405  0.100
  189  4.540  -21.11  0.95050  0.0405  0.100
  190  4.540  -21.01  0.94601  0.0405  0.100
  191  4.540  -20.91  0.94106  0.0405  0.100
  192  4.540  -20.81  0.93561  0.0405  0.100
  193  4.540  -20.71  0.92964  0.0405  0.100
  194  4.540  -20.61  0.92309  0.0405  0.100
  195  4.540  -20.51  0.91592  0.0405  0.105
  196  4.540  -20.40  0.90811  0.0405  0.105
  197  4.540  -20.30  0.89959  0.0405  0.100
  198  4.540  -20.20  0.89035  0.0405  0.100
  199  4.540  -20.10  0.88034  0.0405  0.100
  200  4.540  -20.00  0.86952  0.0405  0.100
  201  4.581  -30.00  0.99000  0.0405  0.100
  202  4.581  -29.90  0.99000  0.0405  0.100
  203  4.581  -29.80  0.99000  0.0405  0.100
  204  4.581  -29.70  0.99000  0.0405  0.100
  205  4.581  -29.60  0.99000  0.0405  0.105
  206  4.581  -29.49  0.99000  0.0405  0.105
  207  4.581  -29.39  0.99000  0.0405  0.100
  208  4.581  -29.29  0.99000  0.0405  0.100
  209  4.581  -29.19  0.99000  0.0405  0.100
  210  4.581  -29.09  0.99000  0.0405  0.100
  211  4.581  -28.99  0.99000  0.0405  0.100
  212  4.581  -28.89  0.99000  0.0405  0.100
  213  4.581  -28.79  0.99000  0.0405  0.100
  214  4.581  -28.69  0.99000  0.0405  0.100
  215  4.581  -28.59  0.99000  0.0405  0.105
  216  4.581  -28.48  0.99000  0.0405  0.105
  217  4.581  -28.38  0.99000  0.0405  0.100
  218  4.581  -28.28  0.99000  0.0405  0.100
  219  4.581  -28.18  0.99000  0.0405  0.100
  220  4.581  -28.08  0.99000  0.0405  0.100
  221  4.581  -27.98  0.98999  0.0405  0.100
  222  4.581  -27.88  0.98999  0.0405  0.100
  223  4.581  -27.78  0.98999  0.0405  0.100
  224  4.581  -27.68  0.98999  0.0405  0.100
  225  4.581  -27.58  0.98999  0.0405  0.105
  226  4.581  -27.47  0.98999  0.0405  0.105
  227  4.581  -27.37  0.98998  0.0405  0.100
  228  4.581  -27.27  0.98998  0.0405  0.100
  229  4.581  -27.17  0.98998  0.0405  0.100
  230  4.581  -27.07  0.98997  0.0405  0.100
  231  4.581  -26.97  0.98997  0.0405  0.100
  232  4.581  -26.87  0.98997  0.0405  0.100
  233  4.581  -26.77  0.98996  0.0405  0.100
  234  4.581  -26.67  0.98995  0.0405  0.100
  235  4.581  -26.57  0.98995  0.0405  0.105
  236  4.581  -26.46  0.98994  0.0405  0.105
  237  4.581  -26.36  0.98993  0.0405  0.100
  238  4.581  -26.26  0.98991  0.0405  0.100
  239  4.581  -26.16  0.98990  0.0405  0.100
  240  4.581  -26.06  0.98988  0.0405  0.100
  241  4.581  -25.96  0.98986  0.0405  0.100
  242  4.581  -25.86  0.98984  0.0405  0.100
  243  4.581  -25.76  0.98982  0.0405  0.100
  244  4.581  -25.66  0.98979  0.0405  0.100
  245  4.581  -25.56  0.98976  0.0405  0.105
  246  4.581  -25.45  0.98972  0.0405  0.105
  247  4.581  -25.35  0.98968  0.0405  0.100
  248  4.581  -25.25  0.98963  0.0405  0.100
  249  4.581  -25.15  0.98957  0.0405  0.100
  250  4.581  -25.05  0.98951  0.0405  0.100
  251  4.581  -24.95  0.98943  0.0405  0.100
  252  4.581  -24.85  0.98935  0.0405  0.100
  253  4.581  -24.75  0.98925  0.0405  0.100
  254  4.581  -24.65  0.98915  0.0405  0.100
  255  4.581  -24.55  0.98902  0.0405  0.105
  256  4.581  -24.44  0.98888  0.0405  0.105
  257  4.581  -24.34  0.98872  0.0405  0.100
  258  4.581  -24.24  0.98854  0.0405  0.100
  259  4.581  -24.14  0.98833  0.0405  0.100
  260  4.581  -24.04  0.98809  0.0405  0.100
  261  4.581  -23.94  0.98783  0.0405  0.100
  262  4.581  -23.84  0.98752  0.0405  0.100
  263  4.581  -23.74  0.98718  0.0405  0.100
  264  4.581  -23.64  0.98679  0.0405  0.100
  265  4.581  -23.54  0.98636  0.0405  0.105
  266  4.581  -23.43  0.98586  0.0405  0.105
  267  4.581  -23.33  0.98530  0.0405  0.100
  268  4.581  -23.23  0.98468  0.0405  0.100
  269  4.581  -23.13  0.98397  0.0405  0.100
  270  4.581  -23.03  0.98317  0.0405  0.100
  271  4.581  -22.93  0.98227  0.0405  0.100
  272  4.581  -22.83  0.98126  0.0405  0.100
  273  4.581  -22.73  0.98013  0.0405  0.100
  274  4.581  -22.63  0.97886  0.0405  0.100
  275  4.581  -22.53  0.97744  0.0405  0.105
  276  4.581  -22.42  0.97585  0.0405  0.105
  277  4.581  -22.32  0.97407  0.0405  0.100
  278  4.581  -22.22  0.97208  0.0405  0.100
  279  4.581  -22.12  0.96986  0.0405  0.100
  280  4.581  -22.02  0.96739  0.0405  0.100
  281  4.581  -21.92  0.96463  0.0405  0.100
  282  4.581  -21.82  0.96157  0.0405  0.100
  283  4.581  -21.72  0.95817  0.0405  0.100
  284  4.581  -21.62  0.95440  0.0405  0.100
  285  4.581  -21.52  0.95022  0.0405  0.105
  286  4.581  -21.41  0.94560  0.0405  0.105
  287  4.581  -21.31  0.94050  0.0405  0.100
  288  4.581  -21.21  0.93489  0.0405  0.100
  289  4.581  -21.11  0.92871  0.0405  0.100
  290  4.581  -21.01  0.92194  0.0405  0.100
  291  4.581  -20.91  0.91451  0.0405  0.100
  292  4.581  -20.81  0.90640  0.0405  0.100
  293  4.581  -20.71  0.89756  0.0405  0.100
  294  4.581  -20.61  0.88795  0.0405  0.100
  295  4.581  -20.51  0.87752  0.0405  0.105
  296  4.581  -20.40  0.86626  0.0405  0.105
  297  4.581  -20.30  0.85411  0.0405  0.100
  298  4.581  -20.20  0.84106  0.0405  0.100
  299  4.581  -20.10  0.82709  0.0405  0.100
  300  4.581  -20.00  0.81219  0.0405  0.100
  301  4.621  -30.00  0.99000  0.0405  0.100
  302  4.621  -29.90  0.99000  0.0405  0.100
  303  4.621  -29.80  0.99000  0.0405  0.100
  304  4.621  -29.70  0.99000  0.0405  0.100
  305  4.621  -29.60  0.99000  0.0405  0.105
  306  4.621  -29.49  0.99000  0.0405  0.105
  307  4.621  -29.39  0.99000  0.0405  0.100
  308  4.621  -29.29  0.99000  0.0405  0.100
  309  4.621  -29.19  0.99000  0.0405  0.100
  310  4.621  -29.09  0.99000  0.0405  0.100
  311  4.621  -28.99  0.99000  0.0405  0.100
  312  4.621  -28.89  0.99000  0.0405  0.100
  313  4.621  -28.79  0.99000  0.0405  0.100
  314  4.621  -28.69  0.99000  0.0405  0.100
  315  4.621  -28.59  0.99000  0.0405  0.105
  316  4.621  -28.48  0.99000  0.0405  0.105
  317  4.621  -28.38  0.99000  0.0405  0.100
  318  4.621  -28.28  0.98999  0.0405  0.100
  319  4.621  -28.18  0.98999  0.0405  0.100
  320  4.621  -28.08  0.98999  0.0405  0.100
  321  4.621  -27.98  0.98999  0.0405  0.100
  322  4.621  -27.88  0.98999  0.0405  0.100
  323  4.621  -27.78  0.98999  0.0405  0.100
  324  4.621  -27.68  0.98998  0.0405  0.100
  325  4.621  -27.58  0.98998  0.0405  0.105
  326  4.621  -27.47  0.98998  0.0405  0.105
  327  4.621  -27.37  0.98998  0.0405  0.100
  328  4.621  -27.27  0.98997  0.0405  0.100
  329  4.621  -27.17  0.98997  0.0405  0.100
  330  4.621  -27.07  0.98996  0.0405  0.100
  331  4.621  -26.97  0.98995  0.0405  0.100
  332  4.621  -26.87  0.98995  0.0405  0.100
  333  4.621  -26.77  0.98994  0.0405  0.100
  334  4.621  -26.67  0.98993  0.0405  0.100
  335  4.621  -26.57  0.98991  0.0405  0.105
  336  4.621  -26.46  0.98990  0.0405  0.105
  337  4.621  -26.36  0.98988  0.0405  0.100
  338  4.621  -26.26  0.98986  0.0405  0.100
  339  4.621  -26.16  0.98984  0.0405  0.100
  340  4.621  -26.06  0.98981  0.0405  0.100
  341  4.621  -25.96  0.98978  0.0405  0.100
  342  4.621  -25.86  0.98975  0.0405  0.100
  343  4.621  -25.76  0.98971  0.0405  0.100
  344  4.621  -25.66  0.98967  0.0405  0.100
  345  4.621  -25.56  0.98961  0.0405  0.105
  346  4.621  -25.45  0.98956  0.0405  0.105
  347  4.621  -25.35  0.98949  0.0405  0.100
  348  4.621  -25.25  0.98941  0.0405  0.100
  349  4.621  -25.15  0.98932  0.0405  0.100
  350  4.621  -25.05  0.98922  0.0405  0.100
  351  4.621  -24.95  0.98910  0.0405  0.100
  352  4.621  -24.85  0.98897  0.0405  0.100
  353  4.621  -24.75  0.98881  0.0405  0.100
  354  4.621  -24.65  0.98864  0.0405  0.100
  355  4.621  -24.55  0.98844  0.0405  0.105
  356  4.621  -24.44  0.98822  0.0405  0.105
  357  4.621  -24.34  0.98796  0.0405  0.100
  358  4.621  -24.24  0.98767  0.0405  0.100
  359  4.621  -24.14  0.98734  0.0405  0.100
  360  4.621  -24.04  0.98697  0.0405  0.100
  361  4.621  -23.94  0.98655  0.0405  0.100
  362  4.621  -23.84  0.98607  0.0405  0.100
  363  4.621  -23.74  0.98552  0.0405  0.100
  364  4.621  -23.64  0.98491  0.0405  0.100
  365  4.621  -23.54  0.98422  0.0405  0.105
  366  4.621  -23.43  0.98343  0.0405  0.105
  367  4.621  -23.33  0.98255  0.0405  0.100
  368  4.621  -23.23  0.98156  0.0405  0.100
  369  4.621  -23.13  0.98044  0.0405  0.100
  370  4.621  -23.03  0.97918  0.0405  0.100
  371  4.621  -22.93  0.97776  0.0405  0.100
  372  4.621  -22.83  0.97618  0.0405  0.100
  373  4.621  -22.73  0.97440  0.0405  0.100
  374  4.621  -22.63  0.97241  0.0405  0.100
  375  4.621  -22.53  0.97018  0.0405  0.105
  376  4.621  -22.42  0.96769  0.0405  0.105
  377  4.621  -22.32  0.96491  0.0405  0.100
  378  4.621  -22.22  0.96181  0.0405  0.100
  379  4.621  -22.12  0.95836  0.0405  0.100
  380  4.621  -22.02  0.95453  0.0405  0.100
  381  4.621  -21.92  0.95028  0.0405  0.100
  382  4.621  -21.82  0.94558  0.0405  0.100
  383  4.621  -21.72  0.94037  0.0405  0.100
  384  4.621  -21.62  0.93462  0.0405  0.100
  385  4.621  -21.52  0.92829  0.0405  0.105
  386  4.621  -21.41  0.92132  0.0405  0.105
  387  4.621  -21.31  0.91369  0.0405  0.100
  388  4.621  -21.21  0.90533  0.0405  0.100
  389  4.621  -21.11  0.89620  0.0405  0.100
  390  4.621  -21.01  0.88627  0.0405  0.100
  391  4.621  -20.91  0.87548  0.0405  0.100
  392  4.621  -20.81  0.86381  0.0405  0.100
  393  4.621  -20.71  0.85123  0.0405  0.100
  394  4.621  -20.61  0.83769  0.0405  0.100
  395  4.621  -20.51  0.82320  0.0405  0.105
  396  4.621  -20.40  0.80773  0.0405  0.105
  397  4.621  -20.30  0.79129  0.0405  0.100
  398  4.621  -20.20  0.77389  0.0405  0.100
  399  4.621  -20.10  0.75556  0.0405  0.100
  400  4.621  -20.00  0.73633  0.0405  0.100
  401  4.662  -30.00  0.99000  0.0405  0.100
  402  4.662  -29.90  0.99000  0.0405  0.100
  403  4.662  -29.80  0.99000  0.0405  0.100
  404  4.662  -29.70  0.99000  0.0405  0.100
  405  4.662  -29.60  0.99000  0.0405  0.105
  406  4.662  -29.49  0.99000  0.0405  0.105
  407  4.662  -29.39  0.99000  0.0405  0.100
  408  4.662  -29.29  0.99000  0.0405  0.100
  409  4.662  -29.19  0.99000  0.0405  0.100
  410  4.662  -29.09  0.99000  0.0405  0.100
  411  4.662  -28.99  0.99000  0.0405  0.100
  412  4.662  -28.89  0.99000  0.0405  0.100
  413  4.662  -28.79  0.99000  0.0405  0.100
  414  4.662  -28.69  0.99000  0.0405  0.100
  415  4.662  -28.59  0.98999  0.0405  0.105
  416  4.662  -28.48  0.98999  0.0405  0.105
  417  4.662  -28.38  0.98999  0.0405  0.100
  418  4.662  -28.28  0.98999  0.0405  0.100
  419  4.662  -28.18  0.98999  0.0405  0.100
  420  4.662  -28.08  0.98999  0.0405  0.100
  421  4.662  -27.98  0.98999  0.0405  0.100
  422  4.662  -27.88  0.98998  0.0405  0.100
  423  4.662  -27.78  0.98998  0.0405  0.100
  424  4.662  -27.68  0.98998  0.0405  0.100
  425  4.662  -27.58  0.98997  0.0405  0.105
  426  4.662  -27.47  0.98997  0.0405  0.105
  427  4.662  -27.37  0.98996  0.0405  0.100
  428  4.662  -27.27  0.98995  0.0405  0.100
  429  4.662  -27.17  0.98995  0.0405  0.100
  430  4.662  -27.07  0.98994  0.0405  0.100
  431  4.662  -26.97  0.98993  0.0405  0.100
  432  4.662  -26.87  0.98991  0.0405  0.100
  433  4.662  -26.77  0.98990  0.0405  0.100
  434  4.662  -26.67  0.98988  0.0405  0.100
  435  4.662  -26.57  0.98986  0.0405  0.105
  436  4.662  -26.46  0.98984  0.0405  0.105
  437  4.662  -26.36  0.98981  0.0405  0.100
  438  4.662  -26.26  0.98978  0.0405  0.100
  439  4.662  -26.16  0.98975  0.0405  0.100
  440  4.662  -26.06  0.98970  0.0405  0.100
  441  4.662  -25.96  0.98966  0.0405  0.100
  442  4.662  -25.86  0.98960  0.0405  0.100
  443  4.662  -25.76  0.98954  0.0405  0.100
  444  4.662  -25.66  0.98947  0.0405  0.100
  445  4.662  -25.56  0.98939  0.0405  0.105
  446  4.662  -25.45  0.98929  0.0405  0.105
  447  4.662  -25.35  0.98918  0.0405  0.100
  448  4.662  -25.25  0.98906  0.0405  0.100
  449  4.662  -25.15  0.98892  0.0405  0.100
  450  4.662  -25.05  0.98875  0.0405  0.100
  451  4.662  -24.95  0.98857  0.0405  0.100
  452  4.662  -24.85  0.98836  0.0405  0.100
  453  4.662  -24.75  0.98812  0.0405  0.100
  454  4.662  -24.65  0.98784  0.0405  0.100
  455  4.662  -24.55  0.98753  0.0405  0.105
  456  4.662  -24.44  0.98717  0.0405  0.105
  457  4.662  -24.34  0.98676  0.0405  0.100
  458  4.662  -24.24  0.98630  0.0405  0.100
  459  4.662  -24.14  0.98578  0.0405  0.100
  460  4.662  -24.04  0.98519  0.0405  0.100
  461  4.662  -23.94  0.98451  0.0405  0.100
  462  4.662  -23.84  0.98375  0.0405  0.100
  463  4.662  -23.74  0.98290  0.0405  0.100
  464  4.662  -23.64  0.98192  0.0405  0.100
  465  4.662  -23.54  0.98083  0.0405  0.105
  466  4.662  -23.43  0.97959  0.0405  0.105
  467  4.662  -23.33  0.97820  0.0405  0.100
  468  4.662  -23.23  0.97663  0.0405  0.100
  469  4.662  -23.13  0.97487  0.0405  0.100
  470  4.662  -23.03  0.97290  0.0405  0.100
  471  4.662  -22.93  0.97068  0.0405  0.100
  472  4.662  -22.83  0.96820  0.0405  0.100
  473  4.662  -22.73  0.96542  0.0405  0.100
  474  4.662  -22.63  0.96232  0.0405  0.100
  475  4.662  -22.53  0.95885  0.0405  0.105
  476  4.662  -22.42  0.95500  0.0405  0.105
  477  4.662  -22.32  0.95071  0.0405  0.100
  478  4.662  -22.22  0.94595  0.0405  0.100
  479  4.662  -22.12  0.94067  0.0405  0.100
  480  4.662  -22.02  0.93483  0.0405  0.100
  481  4.662  -21.92  0.92838  0.0405  0.100
  482  4.662  -21.82  0.92128  0.0405  0.100
  483  4.662  -21.72  0.91348  0.0405  0.100
  484  4.662  -21.62  0.90493  0.0405  0.100
  485  4.662  -21.52  0.89557  0.0405  0.105
  486  4.662  -21.41  0.88537  0.0405  0.105
  487  4.662  -21.31  0.87429  0.0405  0.100
  488  4.662  -21.21  0.86228  0.0405  0.100
  489  4.662  -21.11  0.84930  0.0405  0.100
  490  4.662  -21.01  0.83534  0.0405  0.100
  491  4.662  -20.91  0.82038  0.0405  0.100
  492  4.662  -20.81  0.80440  0.0405  0.100
  493  4.662  -20.71  0.78742  0.0405  0.100
  494  4.662  -20.61  0.76944  0.0405  0.100
  495  4.662  -20.51  0.75050  0.0405  0.105
  496  4.662  -20.40  0.73065  0.0405  0.105
  497  4.662  -20.30  0.70993  0.0405  0.100
  498  4.662  -20.20  0.68843  0.0405  0.100
  499  4.662  -20.10  0.66623  0.0405  0.100
  500  4.662  -20.00  0.64344  0.0405  0.100
  501  4.702  -30.00  0.99000  0.0400  0.100
  502  4.702  -29.90  0.99000  0.0400  0.100
  503  4.702  -29.80  0.99000  0.0400  0.100
  504  4.702  -29.70  0.99000  0.0400  0.100
  505  4.702  -29.60  0.99000  0.0400  0.105
  506  4.702  -29.49  0.99000  0.0400  0.105
  507  4.702  -29.39  0.99000  0.0400  0.100
  508  4.702  -29.29  0.99000  0.0400  0.100
  509  4.702  -29.19  0.99000  0.0400  0.100
  510  4.702  -29.09  0.99000  0.0400  0.100
  511  4.702  -28.99  0.99000  0.0400  0.100
  512  4.702  -28.89  0.99000  0.0400  0.100
  513  4.702  -28.79  0.98999  0.0400  0.100
  514  4.702  -28.69  0.98999  0.0400  0.100
  515  4.702  -28.59  0.98999  0.0400  0.105
  516  4.702  -28.48  0.98999  0.0400  0.105
  517  4.702  -28.38  0.98999  0.0400  0.100
  518  4.702  -28.28  0.98999  0.0400  0.100
  519  4.702  -28.18  0.98998  0.0400  0.100
  520  4.702  -28.08  0.98998  0.0400  0.100
  521  4.702  -27.98  0.98998  0.0400  0.100
  522  4.702  -27.88  0.98997  0.0400  0.100
  523  4.702  -27.78  0.98997  0.0400  0.100
  524  4.702  -27.68  0.98996  0.0400  0.100
  525  4.702  -27.58  0.98995  0.0400  0.105
  526  4.702  -27.47  0.98995  0.0400  0.105
  527  4.702  -27.37  0.98994  0.0400  0.100
  528  4.702  -27.27  0.98993  0.0400  0.100
  529  4.702  -27.17  0.98991  0.0400  0.100
  530  4.702  -27.07  0.98990  0.0400  0.100
  531  4.702  -26.97  0.98988  0.0400  0.100
  532  4.702  -26.87  0.98986  0.0400  0.100
  533  4.702  -26.77  0.98984  0.0400  0.100
  534  4.702  -26.67  0.98981  0.0400  0.100
  535  4.702  -26.57  0.98978  0.0400  0.105
  536  4.702  -26.46  0.98974  0.0400  0.105
  537  4.702  -26.36  0.98970  0.0400  0.100
  538  4.702  -26.26  0.98965  0.0400  0.100
  539  4.702  -26.16  0.98960  0.0400  0.100
  540  4.702  -26.06  0.98953  0.0400  0.100
  541  4.702  -25.96  0.98946  0.0400  0.100
  542  4.702  -25.86  0.98937  0.0400  0.100
  543  4.702  -25.76  0.98927  0.0400  0.100
  544  4.702  -25.66  0.98916  0.0400  0.100
  545  4.702  -25.56  0.98902  0.0400  0.105
  546  4.702  -25.45  0.98887  0.0400  0.105
  547  4.702  -25.35  0.98870  0.0400  0.100
  548  4.702  -25.25  0.98850  0.0400  0.100
  549  4.702  -25.15  0.98828  0.0400  0.100
  550  4.702  -25.05  0.98802  0.0400  0.100
  551  4.702  -24.95  0.98773  0.0400  0.100
  552  4.702  -24.85  0.98739  0.0400  0.100
  553  4.702  -24.75  0.98700  0.0400  0.100
  554  4.702  -24.65  0.98657  0.0400  0.100
  555  4.702  -24.55  0.98607  0.0400  0.105
  556  4.702  -24.44  0.98550  0.0400  0.105
  557  4.702  -24.34  0.98486  0.0400  0.100
  558  4.702  -24.24  0.98413  0.0400  0.100
  559  4.702  -24.14  0.98330  0.0400  0.100
  560  4.702  -24.04  0.98236  0.0400  0.100
  561  4.702  -23.94  0.98130  0.0400  0.100
  562  4.702  -23.84  0.98010  0.0400  0.100
  563  4.702  -23.74  0.97875  0.0400  0.100
  564  4.702  -23.64  0.97721  0.0400  0.100
  565  4.702  -23.54  0.97549  0.0400  0.105
  566  4.702  -23.43  0.97355  0.0400  0.105
  567  4.702  -23.33  0.97136  0.0400  0.100
  568  4.702  -23.23  0.96891  0.0400  0.100
  569  4.702  -23.13  0.96616  0.0400  0.100
  570  4.702  -23.03  0.96308  0.0400  0.100
  571  4.702  -22.93  0.95963  0.0400  0.100
  572  4.702  -22.83  0.95579  0.0400  0.100
  573  4.702  -22.73  0.95150  0.0400  0.100
  574  4.702  -22.63  0.94672  0.0400  0.100
  575  4.702  -22.53  0.94142  0.0400  0.105
  576  4.702  -22.42  0.93553  0.0400  0.105
  577  4.702  -22.32  0.92903  0.0400  0.100
  578  4.702  -22.22  0.92184  0.0400  0.100
  579  4.702  -22.12  0.91393  0.0400  0.100
  580  4.702  -22.02  0.90524  0.0400  0.100
  581  4.702  -21.92  0.89572  0.0400  0.100
  582  4.702  -21.82  0.88532  0.0400  0.100
  583  4.702  -21.72  0.87399  0.0400  0.100
  584  4.702  -21.62  0.86170  0.0400  0.100
  585  4.702  -21.52  0.84841  0.0400  0.105
  586  4.702  -21.41  0.83410  0.0400  0.105
  587  4.702  -21.31  0.81873  0.0400  0.100
  588  4.702  -21.21  0.80231  0.0400  0.100
  589  4.702  -21.11  0.78485  0.0400  0.100
  590  4.702  -21.01  0.76635  0.0400  0.100
  591  4.702  -20.91  0.74686  0.0400  0.100
  592  4.702  -20.81  0.72643  0.0400  0.100
  593  4.702  -20.71  0.70511  0.0400  0.100
  594  4.702  -20.61  0.68300  0.0400  0.100
  595  4.702  -20.51  0.66019  0.0400  0.105
  596  4.702  -20.40  0.63679  0.0400  0.105
  597  4.702  -20.30  0.61292  0.0400  0.100
  598  4.702  -20.20  0.58872  0.0400  0.100
  599  4.702  -20.10  0.56432  0.0400  0.100
  600  4.702  -20.00  0.53986  0.0400  0.100
  601  4.742  -30.00  0.99000  0.0405  0.100
  602  4.742  -29.90  0.99000  0.0405  0.100
  603  4.742  -29.80  0.99000  0.0405  0.100
  604  4.742  -29.70  0.99000  0.0405  0.100
  605  4.742  -29.60  0.99000  0.0405  0.105
  606  4.742  -29.49  0.99000  0.0405  0.105
  607  4.742  -29.39  0.99000  0.0405  0.100
  608  4.742  -29.29  0.99000  0.0405  0.100
  609  4.742  -29.19  0.99000  0.0405  0.100
  610  4.742  -29.09  0.98999  0.0405  0.100
  611  4.742  -28.99  0.98999  0.0405  0.100
  612  4.742  -28.89  0.98999  0.0405  0.100
  613  4.742  -28.79  0.98999  0.0405  0.100
  614  4.742  -28.69  0.98999  0.0405  0.100
  615  4.742  -28.59  0.98999  0.0405  0.105
  616  4.742  -28.48  0.98998  0.0405  0.105
  617  4.742  -28.38  0.98998  0.0405  0.100
  618  4.742  -28.28  0.98998  0.0405  0.100
  619  4.742  -28.18  0.98997  0.0405  0.100
  620  4.742  -28.08  0.98997  0.0405  0.100
  621  4.742  -27.98  0.98996  0.0405  0.100
  622  4.742  -27.88  0.98996  0.0405  0.100
  623  4.742  -27.78  0.98995  0.0405  0.100
  624  4.742  -27.68  0.98994  0.0405  0.100
  625  4.742  -27.58  0.98993  0.0405  0.105
  626  4.742  -27.47  0.98992  0.0405  0.105
  627  4.742  -27.37  0.98990  0.0405  0.100
  628  4.742  -27.27  0.98988  0.0405  0.100
  629  4.742  -27.17  0.98986  0.0405  0.100
  630  4.742  -27.07  0.98984  0.0405  0.100
  631  4.742  -26.97  0.98981  0.0405  0.100
  632  4.742  -26.87  0.98978  0.0405  0.100
  633  4.742  -26.77  0.98974  0.0405  0.100
  634  4.742  -26.67  0.98970  0.0405  0.100
  635  4.742  -26.57  0.98965  0.0405  0.105
  636  4.742  -26.46  0.98959  0.0405  0.105
  637  4.742  -26.36  0.98952  0.0405  0.100
  638  4.742  -26.26  0.98945  0.0405  0.100
  639  4.742  -26.16  0.98936  0.0405  0.100
  640  4.742  -26.06  0.98925  0.0405  0.100
  641  4.742  -25.96  0.98913  0.0405  0.100
  642  4.742  -25.86  0.98900  0.0405  0.100
  643  4.742  -25.76  0.98884  0.0405  0.100
  644  4.742  -25.66  0.98866  0.0405  0.100
  645  4.742  -25.56  0.98845  0.0405  0.105
  646  4.742  -25.45  0.98821  0.0405  0.105
  647  4.742  -25.35  0.98794  0.0405  0.100
  648  4.742  -25.25  0.98762  0.0405  0.100
  649  4.742  -25.15  0.98726  0.0405  0.100
  650  4.742  -25.05  0.98685  0.0405  0.100
  651  4.742  -24.95  0.98638  0.0405  0.100
  652  4.742  -24.85  0.98585  0.0405  0.100
  653  4.742  -24.75  0.98524  0.0405  0.100
  654  4.742  -24.65  0.98455  0.0405  0.100
  655  4.742  -24.55  0.98376  0.0405  0.105
  656  4.742  -24.44  0.98286  0.0405  0.105
  657  4.742  -24.34  0.98185  0.0405  0.100
  658  4.742  -24.24  0.98069  0.0405  0.100
  659  4.742  -24.14  0.97939  0.0405  0.100
  660  4.742  -24.04  0.97791  0.0405  0.100
  661  4.742  -23.94  0.97624  0.0405  0.100
  662  4.742  -23.84  0.97435  0.0405  0.100
  663  4.742  -23.74  0.97222  0.0405  0.100
  664  4.742  -23.64  0.96982  0.0405  0.100
  665  4.742  -23.54  0.96712  0.0405  0.105
  666  4.742  -23.43  0.96409  0.0405  0.105
  667  4.742  -23.33  0.96070  0.0405  0.100
  668  4.742  -23.23  0.95689  0.0405  0.100
  669  4.742  -23.13  0.95264  0.0405  0.100
  670  4.742  -23.03  0.94790  0.0405  0.100
  671  4.742  -22.93  0.94261  0.0405  0.100
  672  4.742  -22.83  0.93673  0.0405  0.100
  673  4.742  -22.73  0.93022  0.0405  0.100
  674  4.742  -22.63  0.92301  0.0405  0.100
  675  4.742  -22.53  0.91505  0.0405  0.105
  676  4.742  -22.42  0.90628  0.0405  0.105
  677  4.742  -22.32  0.89666  0.0405  0.100
  678  4.742  -22.22  0.88613  0.0405  0.100
  679  4.742  -22.12  0.87464  0.0405  0.100
  680  4.742  -22.02  0.86215  0.0405  0.100
  681  4.742  -21.92  0.84862  0.0405  0.100
  682  4.742  -21.82  0.83402  0.0405  0.100
  683  4.742  -21.72  0.81832  0.0405  0.100
  684  4.742  -21.62  0.80154  0.0405  0.100
  685  4.742  -21.52  0.78366  0.0405  0.105
  686  4.742  -21.41  0.76471  0.0405  0.105
  687  4.742  -21.31  0.74474  0.0405  0.100
  688  4.742  -21.21  0.72378  0.0405  0.100
  689  4.742  -21.11  0.70192  0.0405  0.100
  690  4.742  -21.01  0.67925  0.0405  0.100
  691  4.742  -20.91  0.65586  0.0405  0.100
  692  4.742  -20.81  0.63188  0.0405  0.100
  693  4.742  -20.71  0.60745  0.0405  0.100
  694  4.742  -20.61  0.58270  0.0405  0.100
  695  4.742  -20.51  0.55778  0.0405  0.105
  696  4.742  -20.40  0.53283  0.0405  0.105
  697  4.742  -20.30  0.50802  0.0405  0.100
  698  4.742  -20.20  0.48349  0.0405  0.100
  699  4.742  -20.10  0.45936  0.0405  0.100
  700  4.742  -20.00  0.43577  0.0405  0.100
  701  4.783  -30.00  0.99000  0.0405  0.100
  702  4.783  -29.90  0.99000  0.0405  0.100
  703  4.783  -29.80  0.99000  0.0405  0.100
  704  4.783  -29.70  0.99000  0.0405  0.100
  705  4.783  -29.60  0.99000  0.0405  0.105
  706  4.783  -29.49  0.99000  0.0405  0.105
  707  4.783  -29.39  0.99000  0.0405  0.100
  708  4.783  -29.29  0.98999  0.0405  0.100
  709  4.783  -29.19  0.98999  0.0405  0.100
  710  4.783  -29.09  0.98999  0.0405  0.100
  711  4.783  -28.99  0.98999  0.0405  0.100
  712  4.783  -28.89  0.98999  0.0405  0.100
  713  4.783  -28.79  0.98999  0.0405  0.100
  714  4.783  -28.69  0.98998  0.0405  0.100
  715  4.783  -28.59  0.98998  0.0405  0.105
  716  4.783  -28.48  0.98998  0.0405  0.105
  717  4.783  -28.38  0.98997  0.0405  0.100
  718  4.783  -28.28  0.98996  0.0405  0.100
  719  4.783  -28.18  0.98996  0.0405  0.100
  720  4.783  -28.08  0.98995  0.0405  0.100
  721  4.783  -27.98  0.98994  0.0405  0.100
  722  4.783  -27.88  0.98993  0.0405  0.100
  723  4.783  -27.78  0.98992  0.0405  0.100
  724  4.783  -27.68  0.98990  0.0405  0.100
  725  4.783  -27.58  0.98989  0.0405  0.105
  726  4.783  -27.47  0.98987  0.0405  0.105
  727  4.783  -27.37  0.98984  0.0405  0.100
  728  4.783  -27.27  0.98981  0.0405  0.100
  729  4.783  -27.17  0.98978  0.0405  0.100
  730  4.783  -27.07  0.98974  0.0405  0.100
  731  4.783  -26.97  0.98970  0.0405  0.100
  732  4.783  -26.87  0.98965  0.0405  0.100
  733  4.783  -26.77  0.98959  0.0405  0.100
  734  4.783  -26.67  0.98952  0.0405  0.100
  735  4.783  -26.57  0.98944  0.0405  0.105
  736  4.783  -26.46  0.98935  0.0405  0.105
  737  4.783  -26.36  0.98924  0.0405  0.100
  738  4.783  -26.26  0.98912  0.0405  0.100
  739  4.783  -26.16  0.98898  0.0405  0.100
  740  4.783  -26.06  0.98881  0.0405  0.100
  741  4.783  -25.96  0.98862  0.0405  0.100
  742  4.783  -25.86  0.98840  0.0405  0.100
  743  4.783  -25.76  0.98815  0.0405  0.100
  744  4.783  -25.66  0.98786  0.0405  0.100
  745  4.783  -25.56  0.98753  0.0405  0.105
  746  4.783  -25.45  0.98715  0.0405  0.105
  747  4.783  -25.35  0.98672  0.0405  0.100
  748  4.783  -25.25  0.98622  0.0405  0.100
  749  4.783  -25.15  0.98565  0.0405  0.100
  750  4.783  -25.05  0.98500  0.0405  0.100
  751  4.783  -24.95  0.98426  0.0405  0.100
  752  4.783  -24.85  0.98341  0.0405  0.100
  753  4.783  -24.75  0.98245  0.0405  0.100
  754  4.783  -24.65  0.98136  0.0405  0.100
  755  4.783  -24.55  0.98011  0.0405  0.105
  756  4.783  -24.44  0.97870  0.0405  0.105
  757  4.783  -24.34  0.97709  0.0405  0.100
  758  4.783  -24.24  0.97528  0.0405  0.100
  759  4.783  -24.14  0.97322  0.0405  0.100
  760  4.783  -24.04  0.97091  0.0405  0.100
  761  4.783  -23.94  0.96829  0.0405  0.100
  762  4.783  -23.84  0.96534  0.0405  0.100
  763  4.783  -23.74  0.96202  0.0405  0.100
  764  4.783  -23.64  0.95830  0.0405  0.100
  765  4.783  -23.54  0.95413  0.0405  0.105
  766  4.783  -23.43  0.94946  0.0405  0.105
  767  4.783  -23.33  0.94424  0.0405  0.100
  768  4.783  -23.23  0.93842  0.0405  0.100
  769  4.783  -23.13  0.93195  0.0405  0.100
  770  4.783  -23.03  0.92478  0.0405  0.100
  771  4.783  -22.93  0.91683  0.0405  0.100
  772  4.783  -22.83  0.90807  0.0405  0.100
  773  4.783  -22.73  0.89842  0.0405  0.100
  774  4.783  -22.63  0.88783  0.0405  0.100
  775  4.783  -22.53  0.87626  0.0405  0.105
  776  4.783  -22.42  0.86364  0.0405  0.105
  777  4.783  -22.32  0.84995  0.0405  0.100
  778  4.783  -22.22  0.83515  0.0405  0.100
  779  4.783  -22.12  0.81922  0.0405  0.100
  780  4.783  -22.02  0.80214  0.0405  0.100
  781  4.783  -21.92  0.78393  0.0405  0.100
  782  4.783  -21.82  0.76461  0.0405  0.100
  783  4.783  -21.72  0.74421  0.0405  0.100
  784  4.783  -21.62  0.72280  0.0405  0.100
  785  4.783  -21.52  0.70045  0.0405  0.105
  786  4.783  -21.41  0.67726  0.0405  0.105
  787  4.783  -21.31  0.65334  0.0405  0.100
  788  4.783  -21.21  0.62882  0.0405  0.100
  789  4.783  -21.11  0.60384  0.0405  0.100
  790  4.783  -21.01  0.57855  0.0405  0.100
  791  4.783  -20.91  0.55311  0.0405  0.100
  792  4.783  -20.81  0.52768  0.0405  0.100
  793  4.783  -20.71  0.50242  0.0405  0.100
  794  4.783  -20.61  0.47748  0.0405  0.100
  795  4.783  -20.51  0.45299  0.0405  0.105
  796  4.783  -20.40  0.42910  0.0405  0.105
  797  4.783  -20.30  0.40592  0.0405  0.100
  798  4.783  -20.20  0.38355  0.0405  0.100
  799  4.783  -20.10  0.36208  0.0405  0.100
  800  4.783  -20.00  0.34155  0.0405  0.100
  801  4.823  -30.00  0.99000  0.0405  0.100
  802  4.823  -29.90  0.99000  0.0405  0.100
  803  4.823  -29.80  0.99000  0.0405  0.100
  804  4.823  -29.70  0.99000  0.0405  0.100
  805  4.823  -29.60  0.98999  0.0405  0.105
  806  4.823  -29.49  0.98999  0.0405  0.105
  807  4.823  -29.39  0.98999  0.0405  0.100
  808  4.823  -29.29  0.98999  0.0405  0.100
  809  4.823  -29.19  0.98999  0.0405  0.100
  810  4.823  -29.09  0.98999  0.0405  0.100
  811  4.823  -28.99  0.98998  0.0405  0.100
  812  4.823  -28.89  0.98998  0.0405  0.100
  813  4.823  -28.79  0.98998  0.0405  0.100
  814  4.823  -28.69  0.98997  0.0405  0.100
  815  4.823  -28.59  0.98997  0.0405  0.105
  816  4.823  -28.48  0.98996  0.0405  0.105
  817  4.823  -28.38  0.98995  0.0405  0.100
  818  4.823  -28.28  0.98994  0.0405  0.100
  819  4.823  -28.18  0.98993  0.0405  0.100
  820  4.823  -28.08  0.98992  0.0405  0.100
  821  4.823  -27.98  0.98991  0.0405  0.100
  822  4.823  -27.88  0.98989  0.0405  0.100
  823  4.823  -27.78  0.98987  0.0405  0.100
  824  4.823  -27.68  0.98985  0.0405  0.100
  825  4.823  -27.58  0.98982  0.0405  0.105
  826  4.823  -27.47  0.98979  0.0405  0.105
  827  4.823  -27.37  0.98975  0.0405  0.100
  828  4.823  -27.27  0.98970  0.0405  0.100
  829  4.823  -27.17  0.98965  0.0405  0.100
  830  4.823  -27.07  0.98959  0.0405  0.100
  831  4.823  -26.97  0.98952  0.0405  0.100
  832  4.823  -26.87  0.98944  0.0405  0.100
  833  4.823  -26.77  0.98935  0.0405  0.100
  834  4.823  -26.67  0.98924  0.0405  0.100
  835  4.823  -26.57  0.98911  0.0405  0.105
  836  4.823  -26.46  0.98896  0.0405  0.105
  837  4.823  -26.36  0.98879  0.0405  0.100
  838  4.823  -26.26  0.98860  0.0405  0.100
  839  4.823  -26.16  0.98837  0.0405  0.100
  840  4.823  -26.06  0.98811  0.0405  0.100
  841  4.823  -25.96  0.98781  0.0405  0.100
  842  4.823  -25.86  0.98746  0.0405  0.100
  843  4.823  -25.76  0.98706  0.0405  0.100
  844  4.823  -25.66  0.98661  0.0405  0.100
  845  4.823  -25.56  0.98608  0.0405  0.105
  846  4.823  -25.45  0.98548  0.0405  0.105
  847  4.823  -25.35  0.98479  0.0405  0.100
  848  4.823  -25.25  0.98400  0.0405  0.100
  849  4.823  -25.15  0.98310  0.0405  0.100
  850  4.823  -25.05  0.98207  0.0405  0.100
  851  4.823  -24.95  0.98090  0.0405  0.100
  852  4.823  -24.85  0.97956  0.0405  0.100
  853  4.823  -24.75  0.97805  0.0405  0.100
  854  4.823  -24.65  0.97632  0.0405  0.100
  855  4.823  -24.55  0.97436  0.0405  0.105
  856  4.823  -24.44  0.97214  0.0405  0.105
  857  4.823  -24.34  0.96963  0.0405  0.100
  858  4.823  -24.24  0.96679  0.0405  0.100
  859  4.823  -24.14  0.96359  0.0405  0.100
  860  4.823  -24.04  0.95998  0.0405  0.100
  861  4.823  -23.94  0.95593  0.0405  0.100
  862  4.823  -23.84  0.95137  0.0405  0.100
  863  4.823  -23.74  0.94627  0.0405  0.100
  864  4.823  -23.64  0.94057  0.0405  0.100
  865  4.823  -23.54  0.93421  0.0405  0.105
  866  4.823  -23.43  0.92713  0.0405  0.105
  867  4.823  -23.33  0.91927  0.0405  0.100
  868  4.823  -23.23  0.91058  0.0405  0.100
  869  4.823  -23.13  0.90098  0.0405  0.100
  870  4.823  -23.03  0.89042  0.0405  0.100
  871  4.823  -22.93  0.87885  0.0405  0.100
  872  4.823  -22.83  0.86620  0.0405  0.100
  873  4.823  -22.73  0.85244  0.0405  0.100
  874  4.823  -22.63  0.83753  0.0405  0.100
  875  4.823  -22.53  0.82144  0.0405  0.105
  876  4.823  -22.42  0.80417  0.0405  0.105
  877  4.823  -22.32  0.78572  0.0405  0.100
  878  4.823  -22.22  0.76610  0.0405  0.100
  879  4.823  -22.12  0.74536  0.0405  0.100
  880  4.823  -22.02  0.72356  0.0405  0.100
  881  4.823  -21.92  0.70079  0.0405  0.100
  882  4.823  -21.82  0.67713  0.0405  0.100
  883  4.823  -21.72  0.65272  0.0405  0.100
  884  4.823  -21.62  0.62769  0.0405  0.100
  885  4.823  -21.52  0.60218  0.0405  0.105
  886  4.823  -21.41  0.57637  0.0405  0.105
  887  4.823  -21.31  0.55041  0.0405  0.100
  888  4.823  -21.21  0.52448  0.0405  0.100
  889  4.823  -21.11  0.49874  0.0405  0.100
  890  4.823  -21.01  0.47336  0.0405  0.100
  891  4.823  -20.91  0.44848  0.0405  0.100
  892  4.823  -20.81  0.42424  0.0405  0.100
  893  4.823  -20.71  0.40077  0.0405  0.100
  894  4.823  -20.61  0.37816  0.0405  0.100
  895  4.823  -20.51  0.35649  0.0405  0.105
  896  4.823  -20.40  0.33584  0.0405  0.105
  897  4.823  -20.30  0.31624  0.0405  0.100
  898  4.823  -20.20  0.29773  0.0405  0.100
  899  4.823  -20.10  0.28032  0.0405  0.100
  900  4.823  -20.00  0.26401  0.0405  0.100
  901  4.864  -30.00  0.99000  0.0405  0.100
  902  4.864  -29.90  0.99000  0.0405  0.100
  903  4.864  -29.80  0.98999  0.0405  0.100
  904  4.864  -29.70  0.98999  0.0405  0.100
  905  4.864  -29.60  0.98999  0.0405  0.105
  906  4.864  -29.49  0.98999  0.0405  0.105
  907  4.864  -29.39  0.98999  0.0405  0.100
  908  4.864  -29.29  0.98999  0.0405  0.100
  909  4.864  -29.19  0.98998  0.0405  0.100
  910  4.864  -29.09  0.98998  0.0405  0.100
  911  4.864  -28.99  0.98997  0.0405  0.100
  912  4.864  -28.89  0.98997  0.0405  0.100
  913  4.864  -28.79  0.98996  0.0405  0.100
  914  4.864  -28.69  0.98996  0.0405  0.100
  915  4.864  -28.59  0.98995  0.0405  0.105
  916  4.864  -28.48  0.98994  0.0405  0.105
  917  4.864  -28.38  0.98992  0.0405  0.100
  918  4.864  -28.28  0.98991  0.0405  0.100
  919  4.864  -28.18  0.98989  0.0405  0.100
  920  4.864  -28.08  0.98987  0.0405  0.100
  921  4.864  -27.98  0.98985  0.0405  0.100
  922  4.864  -27.88  0.98982  0.0405  0.100
  923  4.864  -27.78  0.98979  0.0405  0.100
  924  4.864  -27.68  0.98975  0.0405  0.100
  925  4.864  -27.58  0.98971  0.0405  0.105
  926  4.864  -27.47  0.98966  0.0405  0.105
  927  4.864  -27.37  0.98960  0.0405  0.100
  928  4.864  -27.27  0.98953  0.0405  0.100
  929  4.864  -27.17  0.98945  0.0405  0.100
  930  4.864  -27.07  0.98935  0.0405  0.100
  931  4.864  -26.97  0.98924  0.0405  0.100
  932  4.864  -26.87  0.98911  0.0405  0.100
  933  4.864  -26.77  0.98896  0.0405  0.100
  934  4.864  -26.67  0.98879  0.0405  0.100
  935  4.864  -26.57  0.98858  0.0405  0.105
  936  4.864  -26.46  0.98835  0.0405  0.105
  937  4.864  -26.36  0.98808  0.0405  0.100
  938  4.864  -26.26  0.98777  0.0405  0.100
  939  4.864  -26.16  0.98741  0.0405  0.100
  940  4.864  -26.06  0.98699  0.0405  0.100
  941  4.864  -25.96  0.98652  0.0405  0.100
  942  4.864  -25.86  0.98597  0.0405  0.100
  943  4.864  -25.76  0.98533  0.0405  0.100
  944  4.864  -25.66  0.98461  0.0405  0.100
  945  4.864  -25.56  0.98378  0.0405  0.105
  946  4.864  -25.45  0.98283  0.0405  0.105
  947  4.864  -25.35  0.98174  0.0405  0.100
  948  4.864  -25.25  0.98049  0.0405  0.100
  949  4.864  -25.15  0.97907  0.0405  0.100
  950  4.864  -25.05  0.97745  0.0405  0.100
  951  4.864  -24.95  0.97560  0.0405  0.100
  952  4.864  -24.85  0.97350  0.0405  0.100
  953  4.864  -24.75  0.97112  0.0405  0.100
  954  4.864  -24.65  0.96842  0.0405  0.100
  955  4.864  -24.55  0.96536  0.0405  0.105
  956  4.864  -24.44  0.96191  0.0405  0.105
  957  4.864  -24.34  0.95801  0.0405  0.100
  958  4.864  -24.24  0.95362  0.0405  0.100
  959  4.864  -24.14  0.94868  0.0405  0.100
  960  4.864  -24.04  0.94314  0.0405  0.100
  961  4.864  -23.94  0.93695  0.0405  0.100
  962  4.864  -23.84  0.93003  0.0405  0.100
  963  4.864  -23.74  0.92233  0.0405  0.100
  964  4.864  -23.64  0.91378  0.0405  0.100
  965  4.864  -23.54  0.90432  0.0405  0.105
  966  4.864  -23.43  0.89388  0.0405  0.105
  967  4.864  -23.33  0.88239  0.0405  0.100
  968  4.864  -23.23  0.86981  0.0405  0.100
  969  4.864  -23.13  0.85608  0.0405  0.100
  970  4.864  -23.03  0.84116  0.0405  0.100
  971  4.864  -22.93  0.82502  0.0405  0.100
  972  4.864  -22.83  0.80765  0.0405  0.100
  973  4.864  -22.73  0.78905  0.0405  0.100
  974  4.864  -22.63  0.76923  0.0405  0.100
  975  4.864  -22.53  0.74824  0.0405  0.105
  976  4.864  -22.42  0.72613  0.0405  0.105
  977  4.864  -22.32  0.70300  0.0405  0.100
  978  4.864  -22.22  0.67894  0.0405  0.100
  979  4.864  -22.12  0.65408  0.0405  0.100
  980  4.864  -22.02  0.62857  0.0405  0.100
  981  4.864  -21.92  0.60256  0.0405  0.100
  982  4.864  -21.82  0.57623  0.0405  0.100
  983  4.864  -21.72  0.54975  0.0405  0.100
  984  4.864  -21.62  0.52330  0.0405  0.100
  985  4.864  -21.52  0.49706  0.0405  0.105
  986  4.864  -21.41  0.47120  0.0405  0.105
  987  4.864  -21.31  0.44588  0.0405  0.100
  988  4.864  -21.21  0.42123  0.0405  0.100
  989  4.864  -21.11  0.39740  0.0405  0.100
  990  4.864  -21.01  0.37448  0.0405  0.100
  991  4.864  -20.91  0.35255  0.0405  0.100
  992  4.864  -20.81  0.33169  0.0405  0.100
  993  4.864  -20.71  0.31194  0.0405  0.100
  994  4.864  -20.61  0.29332  0.0405  0.100
  995  4.864  -20.51  0.27585  0.0405  0.105
  996  4.864  -20.40  0.25951  0.0405  0.105
  997  4.864  -20.30  0.24430  0.0405  0.100
  998  4.864  -20.20  0.23017  0.0405  0.100
  999  4.864  -20.10  0.21709  0.0405  0.100
 1000  4.864  -20.00  0.20502  0.0405  0.100
 1001  4.904  -30.00  0.98999  0.0400  0.100
 1002  4.904  -29.90  0.98999  0.0400  0.100
 1003  4.904  -29.80  0.98999  0.0400  0.100
 1004  4.904  -29.70  0.98999  0.0400  0.100
 1005  4.904  -29.60  0.98999  0.0400  0.105
 1006  4.904  -29.49  0.98998  0.0400  0.105
 1007  4.904  -29.39  0.98998  0.0400  0.100
 1008  4.904  -29.29  0.98998  0.0400  0.100
 1009  4.904  -29.19  0.98997  0.0400  0.100
 1010  4.904  -29.09  0.98997  0.0400  0.100
 1011  4.904  -28.99  0.98996  0.0400  0.100
 1012  4.904  -28.89  0.98995  0.0400  0.100
 1013  4.904  -28.79  0.98994  0.0400  0.100
 1014  4.904  -28.69  0.98993  0.0400  0.100
 1015  4.904  -28.59  0.98992  0.0400  0.105
 1016  4.904  -28.48  0.98990  0.0400  0.105
 1017  4.904  -28.38  0.98988  0.0400  0.100
 1018  4.904  -28.28  0.98986  0.0400  0.100
 1019  4.904  -28.18  0.98983  0.0400  0.100
 1020  4.904  -28.08  0.98980  0.0400  0.100
 1021  4.904  -27.98  0.98976  0.0400  0.100
 1022  4.904  -27.88  0.98972  0.0400  0.100
 1023  4.904  -27.78  0.98967  0.0400  0.100
 1024  4.904  -27.68  0.98961  0.0400  0.100
 1025  4.904  -27.58  0.98954  0.0400  0.105
 1026  4.904  -27.47  0.98946  0.0400  0.105
 1027  4.904  -27.37  0.98936  0.0400  0.100
 1028  4.904  -27.27  0.98925  0.0400  0.100
 1029  4.904  -27.17  0.98912  0.0400  0.100
 1030  4.904  -27.07  0.98897  0.0400  0.100
 1031  4.904  -26.97  0.98879  0.0400  0.100
 1032  4.904  -26.87  0.98858  0.0400  0.100
 1033  4.904  -26.77  0.98835  0.0400  0.100
 1034  4.904  -26.67  0.98807  0.0400  0.100
 1035  4.904  -26.57  0.98775  0.0400  0.105
 1036  4.904  -26.46  0.98738  0.0400  0.105
 1037  4.904  -26.36  0.98695  0.0400  0.100
 1038  4.904  -26.26  0.98645  0.0400  0.100
 1039  4.904  -26.16  0.98588  0.0400  0.100
 1040  4.904  -26.06  0.98523  0.0400  0.100
 1041  4.904  -25.96  0.98447  0.0400  0.100
 1042  4.904  -25.86  0.98360  0.0400  0.100
 1043  4.904  -25.76  0.98260  0.0400  0.100
 1044  4.904  -25.66  0.98145  0.0400  0.100
 1045  4.904  -25.56  0.98014  0.0400  0.105
 1046  4.904  -25.45  0.97863  0.0400  0.105
 1047  4.904  -25.35  0.97692  0.0400  0.100
 1048  4.904  -25.25  0.97496  0.0400  0.100
 1049  4.904  -25.15  0.97273  0.0400  0.100
 1050  4.904  -25.05  0.97018  0.0400  0.100
 1051  4.904  -24.95  0.96730  0.0400  0.100
 1052  4.904  -24.85  0.96403  0.0400  0.100
 1053  4.904  -24.75  0.96032  0.0400  0.100
 1054  4.904  -24.65  0.95613  0.0400  0.100
 1055  4.904  -24.55  0.95141  0.0400  0.105
 1056  4.904  -24.44  0.94609  0.0400  0.105
 1057  4.904  -24.34  0.94012  0.0400  0.100
 1058  4.904  -24.24  0.93343  0.0400  0.100
 1059  4.904  -24.14  0.92596  0.0400  0.100
 1060  4.904  -24.04  0.91764  0.0400  0.100
 1061  4.904  -23.94  0.90839  0.0400  0.100
 1062  4.904  -23.84  0.89815  0.0400  0.100
 1063  4.904  -23.74  0.88685  0.0400  0.100
 1064  4.904  -23.64  0.87443  0.0400  0.100
 1065  4.904  -23.54  0.86084  0.0400  0.105
 1066  4.904  -23.43  0.84602  0.0400  0.105
 1067  4.904  -23.33  0.82994  0.0400  0.100
 1068  4.904  -23.23  0.81258  0.0400  0.100
 1069  4.904  -23.13  0.79394  0.0400  0.100
 1070  4.904  -23.03  0.77402  0.0400  0.100
 1071  4.904  -22.93  0.75287  0.0400  0.100
 1072  4.904  -22.83  0.73055  0.0400  0.100
 1073  4.904  -22.73  0.70714  0.0400  0.100
 1074  4.904  -22.63  0.68274  0.0400  0.100
 1075  4.904  -22.53  0.65749  0.0400  0.105
 1076  4.904  -22.42  0.63154  0.0400  0.105
 1077  4.904  -22.32  0.60506  0.0400  0.100
 1078  4.904  -22.22  0.57821  0.0400  0.100
 1079  4.904  -22.12  0.55120  0.0400  0.100
 1080  4.904  -22.02  0.52422  0.0400  0.100
 1081  4.904  -21.92  0.49744  0.0400  0.100
 1082  4.904  -21.82  0.47106  0.0400  0.100
 1083  4.904  -21.72  0.44524  0.0400  0.100
 1084  4.904  -21.62  0.42013  0.0400  0.100
 1085  4.904  -21.52  0.39586  0.0400  0.105
 1086  4.904  -21.41  0.37255  0.0400  0.105
 1087  4.904  -21.31  0.35029  0.0400  0.100
 1088  4.904  -21.21  0.32914  0.0400  0.100
 1089  4.904  -21.11  0.30914  0.0400  0.100
 1090  4.904  -21.01  0.29033  0.0400  0.100
 1091  4.904  -20.91  0.27271  0.0400  0.100
 1092  4.904  -20.81  0.25627  0.0400  0.100
 1093  4.904  -20.71  0.24099  0.0400  0.100
 1094  4.904  -20.61  0.22684  0.0400  0.100
 1095  4.904  -20.51  0.21376  0.0400  0.105
 1096  4.904  -20.40  0.20172  0.0400  0.105
 1097  4.904  -20.30  0.19066  0.0400  0.100
 1098  4.904  -20.20  0.18052  0.0400  0.100
 1099  4.904  -20.10  0.17125  0.0400  0.100
 1100  4.904  -20.00  0.16278  0.0400  0.100
 1101  4.944  -30.00  0.98999  0.0405  0.100
 1102  4.944  -29.90  0.98999  0.0405  0.100
 1103  4.944  -29.80  0.98999  0.0405  0.100
 1104  4.944  -29.70  0.98998  0.0405  0.100
 1105  4.944  -29.60  0.98998  0.0405  0.105
 1106  4.944  -29.49  0.98997  0.0405  0.105
 1107  4.944  -29.39  0.98997  0.0405  0.100
 1108  4.944  -29.29  0.98996  0.0405  0.100
 1109  4.944  -29.19  0.98995  0.0405  0.100
 1110  4.944  -29.09  0.98995  0.0405  0.100
 1111  4.944  -28.99  0.98993  0.0405  0.100
 1112  4.944  -28.89  0.98992  0.0405  0.100
 1113  4.944  -28.79  0.98991  0.0405  0.100
 1114  4.944  -28.69  0.98989  0.0405  0.100
 1115  4.944  -28.59  0.98987  0.0405  0.105
 1116  4.944  -28.48  0.98984  0.0405  0.105
 1117  4.944  -28.38  0.98981  0.0405  0.100
 1118  4.944  -28.28  0.98977  0.0405  0.100
 1119  4.944  -28.18  0.98973  0.0405  0.100
 1120  4.944  -28.08  0.98968  0.0405  0.100
 1121  4.944  -27.98  0.98962  0.0405  0.100
 1122  4.944  -27.88  0.98955  0.0405  0.100
 1123  4.944  -27.78  0.98947  0.0405  0.100
 1124  4.944  -27.68  0.98938  0.0405  0.100
 1125  4.944  -27.58  0.98927  0.0405  0.105
 1126  4.944  -27.47  0.98914  0.0405  0.105
 1127  4.944  -27.37  0.98898  0.0405  0.100
 1128  4.944  -27.27  0.98881  0.0405  0.100
 1129  4.944  -27.17  0.98860  0.0405  0.100
 1130  4.944  -27.07  0.98836  0.0405  0.100
 1131  4.944  -26.97  0.98808  0.0405  0.100
 1132  4.944  -26.87  0.98775  0.0405  0.100
 1133  4.944  -26.77  0.98737  0.0405  0.100
 1134  4.944  -26.67  0.98693  0.0405  0.100
 1135  4.944  -26.57  0.98642  0.0405  0.105
 1136  4.944  -26.46  0.98583  0.0405  0.105
 1137  4.944  -26.36  0.98515  0.0405  0.100
 1138  4.944  -26.26  0.98437  0.0405  0.100
 1139  4.944  -26.16  0.98347  0.0405  0.100
 1140  4.944  -26.06  0.98242  0.0405  0.100
 1141  4.944  -25.96  0.98123  0.0405  0.100
 1142  4.944  -25.86  0.97985  0.0405  0.100
 1143  4.944  -25.76  0.97828  0.0405  0.100
 1144  4.944  -25.66  0.97647  0.0405  0.100
 1145  4.944  -25.56  0.97440  0.0405  0.105
 1146  4.944  -25.45  0.97205  0.0405  0.105
 1147  4.944  -25.35  0.96936  0.0405  0.100
 1148  4.944  -25.25  0.96629  0.0405  0.100
 1149  4.944  -25.15  0.96281  0.0405  0.100
 1150  4.944  -25.05  0.95887  0.0405  0.100
 1151  4.944  -24.95  0.95440  0.0405  0.100
 1152  4.944  -24.85  0.94935  0.0405  0.100
 1153  4.944  -24.75  0.94366  0.0405  0.100
 1154  4.944  -24.65  0.93726  0.0405  0.100
 1155  4.944  -24.55  0.93009  0.0405  0.105
 1156  4.944  -24.44  0.92206  0.0405  0.105
 1157  4.944  -24.34  0.91311  0.0405  0.100
 1158  4.944  -24.24  0.90317  0.0405  0.100
 1159  4.944  -24.14  0.89216  0.0405  0.100
 1160  4.944  -24.04  0.88001  0.0405  0.100
 1161  4.944  -23.94  0.86666  0.0405  0.100
 1162  4.944  -23.84  0.85206  0.0405  0.100
 1163  4.944  -23.74  0.83616  0.0405  0.100
 1164  4.944  -23.64  0.81893  0.0405  0.100
 1165  4.944  -23.54  0.80036  0.0405  0.105
 1166  4.944  -23.43  0.78047  0.0405  0.105
 1167  4.944  -23.33  0.75927  0.0405  0.100
 1168  4.944  -23.23  0.73684  0.0405  0.100
 1169  4.944  -23.13  0.71324  0.0405  0.100
 1170  4.944  -23.03  0.68859  0.0405  0.100
 1171  4.944  -22.93  0.66302  0.0405  0.100
 1172  4.944  -22.83  0.63668  0.0405  0.100
 1173  4.944  -22.73  0.60975  0.0405  0.100
 1174  4.944  -22.63  0.58241  0.0405  0.100
 1175  4.944  -22.53  0.55487  0.0405  0.105
 1176  4.944  -22.42  0.52733  0.0405  0.105
 1177  4.944  -22.32  0.49998  0.0405  0.100
 1178  4.944  -22.22  0.47303  0.0405  0.100
 1179  4.944  -22.12  0.44664  0.0405  0.100
 1180  4.944  -22.02  0.42099  0.0405  0.100
 1181  4.944  -21.92  0.39621  0.0405  0.100
 1182  4.944  -21.82  0.37243  0.0405  0.100
 1183  4.944  -21.72  0.34973  0.0405  0.100
 1184  4.944  -21.62  0.32820  0.0405  0.100
 1185  4.944  -21.52  0.30787  0.0405  0.105
 1186  4.944  -21.41  0.28877  0.0405  0.105
 1187  4.944  -21.31  0.27091  0.0405  0.100
 1188  4.944  -21.21  0.25428  0.0405  0.100
 1189  4.944  -21.11  0.23885  0.0405  0.100
 1190  4.944  -21.01  0.22458  0.0405  0.100
 1191  4.944  -20.91  0.21144  0.0405  0.100
 1192  4.944  -20.81  0.19935  0.0405  0.100
 1193  4.944  -20.71  0.18828  0.0405  0.100
 1194  4.944  -20.61  0.17815  0.0405  0.100
 1195  4.944  -20.51  0.16891  0.0405  0.105
 1196  4.944  -20.40  0.16049  0.0405  0.105
 1197  4.944  -20.30  0.15283  0.0405  0.100
 1198  4.944  -20.20  0.14587  0.0405  0.100
 1199  4.944  -20.10  0.13956  0.0405  0.100
 1200  4.944  -20.00  0.13384  0.0405  0.100
 1201  4.985  -30.00  0.98998  0.0405  0.100
 1202  4.985  -29.90  0.98998  0.0405  0.100
 1203  4.985  -29.80  0.98998  0.0405  0.100
 1204  4.985  -29.70  0.98997  0.0405  0.100
 1205  4.985  -29.60  0.98997  0.0405  0.105
 1206  4.985  -29.49  0.98996  0.0405  0.105
 1207  4.985  -29.39  0.98995  0.0405  0.100
 1208  4.985  -29.29  0.98994  0.0405  0.100
 1209  4.985  -29.19  0.98993  0.0405  0.100
 1210  4.985  -29.09  0.98991  0.0405  0.100
 1211  4.985  -28.99  0.98990  0.0405  0.100
 1212  4.985  -28.89  0.98988  0.0405  0.100
 1213  4.985  -28.79  0.98985  0.0405  0.100
 1214  4.985  -28.69  0.98982  0.0405  0.100
 1215  4.985  -28.59  0.98979  0.0405  0.105
 1216  4.985  -28.48  0.98975  0.0405  0.105
 1217  4.985  -28.38  0.98970  0.0405  0.100
 1218  4.985  -28.28  0.98964  0.0405  0.100
 1219  4.985  -28.18  0.98957  0.0405  0.100
 1220  4.985  -28.08  0.98949  0.0405  0.100
 1221  4.985  -27.98  0.98940  0.0405  0.100
 1222  4.985  -27.88  0.98929  0.0405  0.100
 1223  4.985  -27.78  0.98916  0.0405  0.100
 1224  4.985  -27.68  0.98901  0.0405  0.100
 1225  4.985  -27.58  0.98883  0.0405  0.105
 1226  4.985  -27.47  0.98862  0.0405  0.105
 1227  4.985  -27.37  0.98838  0.0405  0.100
 1228  4.985  -27.27  0.98810  0.0405  0.100
 1229  4.985  -27.17  0.98777  0.0405  0.100
 1230  4.985  -27.07  0.98739  0.0405  0.100
 1231  4.985  -26.97  0.98694  0.0405  0.100
 1232  4.985  -26.87  0.98642  0.0405  0.100
 1233  4.985  -26.77  0.98582  0.0405  0.100
 1234  4.985  -26.67  0.98513  0.0405  0.100
 1235  4.985  -26.57  0.98432  0.0405  0.105
 1236  4.985  -26.46  0.98339  0.0405  0.105
 1237  4.985  -26.36  0.98231  0.0405  0.100
 1238  4.985  -26.26  0.98107  0.0405  0.100
 1239  4.985  -26.16  0.97965  0.0405  0.100
 1240  4.985  -26.06  0.97800  0.0405  0.100
 1241  4.985  -25.96  0.97612  0.0405  0.100
 1242  4.985  -25.86  0.97396  0.0405  0.100
 1243  4.985  -25.76  0.97148  0.0405  0.100
 1244  4.985  -25.66  0.96866  0.0405  0.100
 1245  4.985  -25.56  0.96543  0.0405  0.105
 1246  4.985  -25.45  0.96176  0.0405  0.105
 1247  4.985  -25.35  0.95758  0.0405  0.100
 1248  4.985  -25.25  0.95284  0.0405  0.100
 1249  4.985  -25.15  0.94749  0.0405  0.100
 1250  4.985  -25.05  0.94143  0.0405  0.100
 1251  4.985  -24.95  0.93462  0.0405  0.100
 1252  4.985  -24.85  0.92697  0.0405  0.100
 1253  4.985  -24.75  0.91841  0.0405  0.100
 1254  4.985  -24.65  0.90885  0.0405  0.100
 1255  4.985  -24.55  0.89822  0.0405  0.105
 1256  4.985  -24.44  0.88645  0.0405  0.105
 1257  4.985  -24.34  0.87346  0.0405  0.100
 1258  4.985  -24.24  0.85920  0.0405  0.100
 1259  4.985  -24.14  0.84360  0.0405  0.100
 1260  4.985  -24.04  0.82663  0.0405  0.100
 1261  4.985  -23.94  0.80828  0.0405  0.100
 1262  4.985  -23.84  0.78853  0.0405  0.100
 1263  4.985  -23.74  0.76742  0.0405  0.100
 1264  4.985  -23.64  0.74499  0.0405  0.100
 1265  4.985  -23.54  0.72132  0.0405  0.105
 1266  4.985  -23.43  0.69651  0.0405  0.105
 1267  4.985  -23.33  0.67069  0.0405  0.100
 1268  4.985  -23.23  0.64403  0.0405  0.100
 1269  4.985  -23.13  0.61670  0.0405  0.100
 1270  4.985  -23.03  0.58890  0.0405  0.100
 1271  4.985  -22.93  0.56083  0.0405  0.100
 1272  4.985  -22.83  0.53272  0.0405  0.100
 1273  4.985  -22.73  0.50477  0.0405  0.100
 1274  4.985  -22.63  0.47719  0.0405  0.100
 1275  4.985  -22.53  0.45018  0.0405  0.105
 1276  4.985  -22.42  0.42391  0.0405  0.105
 1277  4.985  -22.32  0.39853  0.0405  0.100
 1278  4.985  -22.22  0.37418  0.0405  0.100
 1279  4.985  -22.12  0.35095  0.0405  0.100
 1280  4.985  -22.02  0.32893  0.0405  0.100
 1281  4.985  -21.92  0.30816  0.0405  0.100
 1282  4.985  -21.82  0.28867  0.0405  0.100
 1283  4.985  -21.72  0.27047  0.0405  0.100
 1284  4.985  -21.62  0.25355  0.0405  0.100
 1285  4.985  -21.52  0.23787  0.0405  0.105
 1286  4.985  -21.41  0.22341  0.0405  0.105
 1287  4.985  -21.31  0.21010  0.0405  0.100
 1288  4.985  -21.21  0.19790  0.0405  0.100
 1289  4.985  -21.11  0.18674  0.0405  0.100
 1290  4.985  -21.01  0.17655  0.0405  0.100
 1291  4.985  -20.91  0.16727  0.0405  0.100
 1292  4.985  -20.81  0.15884  0.0405  0.100
 1293  4.985  -20.71  0.15119  0.0405  0.100
 1294  4.985  -20.61  0.14425  0.0405  0.100
 1295  4.985  -20.51  0.13797  0.0405  0.105
 1296  4.985  -20.40  0.13229  0.0405  0.105
 1297  4.985  -20.30  0.12716  0.0405  0.100
 1298  4.985  -20.20  0.12253  0.0405  0.100
 1299  4.985  -20.10  0.11836  0.0405  0.100
 1300  4.985  -20.00  0.11459  0.0405  0.100
 1301  5.025  -30.00  0.98998  0.0405  0.100
 1302  5.025  -29.90  0.98997  0.0405  0.100
 1303  5.025  -29.80  0.98996  0.0405  0.100
 1304  5.025  -29.70  0.98996  0.0405  0.100
 1305  5.025  -29.60  0.98995  0.0405  0.105
 1306  5.025  -29.49  0.98993  0.0405  0.105
 1307  5.025  -29.39  0.98992  0.0405  0.100
 1308  5.025  -29.29  0.98990  0.0405  0.100
 1309  5.025  -29.19  0.98989  0.0405  0.100
 1310  5.025  -29.09  0.98986  0.0405  0.100
 1311  5.025  -28.99  0.98983  0.0405  0.100
 1312  5.025  -28.89  0.98980  0.0405  0.100
 1313  5.025  -28.79  0.98976  0.0405  0.100
 1314  5.025  -28.69  0.98972  0.0405  0.100
 1315  5.025  -28.59  0.98966  0.0405  0.105
 1316  5.025  -28.48  0.98960  0.0405  0.105
 1317  5.025  -28.38  0.98952  0.0405  0.100
 1318  5.025  -28.28  0.98943  0.0405  0.100
 1319  5.025  -28.18  0.98932  0.0405  0.100
 1320  5.025  -28.08  0.98919  0.0405  0.100
 1321  5.025  -27.98  0.98905  0.0405  0.100
 1322  5.025  -27.88  0.98887  0.0405  0.100
 1323  5.025  -27.78  0.98867  0.0405  0.100
 1324  5.025  -27.68  0.98842  0.0405  0.100
 1325  5.025  -27.58  0.98814  0.0405  0.105
 1326  5.025  -27.47  0.98781  0.0405  0.105
 1327  5.025  -27.37  0.98743  0.0405  0.100
 1328  5.025  -27.27  0.98698  0.0405  0.100
 1329  5.025  -27.17  0.98646  0.0405  0.100
 1330  5.025  -27.07  0.98585  0.0405  0.100
 1331  5.025  -26.97  0.98514  0.0405  0.100
 1332  5.025  -26.87  0.98432  0.0405  0.100
 1333  5.025  -26.77  0.98337  0.0405  0.100
 1334  5.025  -26.67  0.98227  0.0405  0.100
 1335  5.025  -26.57  0.98099  0.0405  0.105
 1336  5.025  -26.46  0.97952  0.0405  0.105
 1337  5.025  -26.36  0.97783  0.0405  0.100
 1338  5.025  -26.26  0.97588  0.0405  0.100
 1339  5.025  -26.16  0.97363  0.0405  0.100
 1340  5.025  -26.06  0.97106  0.0405  0.100
 1341  5.025  -25.96  0.96811  0.0405  0.100
 1342  5.025  -25.86  0.96473  0.0405  0.100
 1343  5.025  -25.76  0.96088  0.0405  0.100
 1344  5.025  -25.66  0.95650  0.0405  0.100
 1345  5.025  -25.56  0.95151  0.0405  0.105
 1346  5.025  -25.45  0.94586  0.0405  0.105
 1347  5.025  -25.35  0.93947  0.0405  0.100
 1348  5.025  -25.25  0.93226  0.0405  0.100
 1349  5.025  -25.15  0.92416  0.0405  0.100
 1350  5.025  -25.05  0.91508  0.0405  0.100
 1351  5.025  -24.95  0.90493  0.0405  0.100
 1352  5.025  -24.85  0.89364  0.0405  0.100
 1353  5.025  -24.75  0.88113  0.0405  0.100
 1354  5.025  -24.65  0.86733  0.0405  0.100
 1355  5.025  -24.55  0.85216  0.0405  0.105
 1356  5.025  -24.44  0.83560  0.0405  0.105
 1357  5.025  -24.34  0.81760  0.0405  0.100
 1358  5.025  -24.24  0.79814  0.0405  0.100
 1359  5.025  -24.14  0.77725  0.0405  0.100
 1360  5.025  -24.04  0.75497  0.0405  0.100
 1361  5.025  -23.94  0.73135  0.0405  0.100
 1362  5.025  -23.84  0.70650  0.0405  0.100
 1363  5.025  -23.74  0.68054  0.0405  0.100
 1364  5.025  -23.64  0.65364  0.0405  0.100
 1365  5.025  -23.54  0.62598  0.0405  0.105
 1366  5.025  -23.43  0.59775  0.0405  0.105
 1367  5.025  -23.33  0.56918  0.0405  0.100
 1368  5.025  -23.23  0.54049  0.0405  0.100
 1369  5.025  -23.13  0.51191  0.0405  0.100
 1370  5.025  -23.03  0.48366  0.0405  0.100
 1371  5.025  -22.93  0.45596  0.0405  0.100
 1372  5.025  -22.83  0.42899  0.0405  0.100
 1373  5.025  -22.73  0.40293  0.0405  0.100
 1374  5.025  -22.63  0.37790  0.0405  0.100
 1375  5.025  -22.53  0.35403  0.0405  0.105
 1376  5.025  -22.42  0.33141  0.0405  0.105
 1377  5.025  -22.32  0.31008  0.0405  0.100
 1378  5.025  -22.22  0.29009  0.0405  0.100
 1379  5.025  -22.12  0.27144  0.0405  0.100
 1380  5.025  -22.02  0.25412  0.0405  0.100
 1381  5.025  -21.92  0.23810  0.0405  0.100
 1382  5.025  -21.82  0.22333  0.0405  0.100
 1383  5.025  -21.72  0.20978  0.0405  0.100
 1384  5.025  -21.62  0.19737  0.0405  0.100
 1385  5.025  -21.52  0.18604  0.0405  0.105
 1386  5.025  -21.41  0.17572  0.0405  0.105
 1387  5.025  -21.31  0.16634  0.0405  0.100
 1388  5.025  -21.21  0.15783  0.0405  0.100
 1389  5.025  -21.11  0.15013  0.0405  0.100
 1390  5.025  -21.01  0.14316  0.0405  0.100
 1391  5.025  -20.91  0.13687  0.0405  0.100
 1392  5.025  -20.81  0.13119  0.0405  0.100
 1393  5.025  -20.71  0.12607  0.0405  0.100
 1394  5.025  -20.61  0.12146  0.0405  0.100
 1395  5.025  -20.51  0.11731  0.0405  0.105
 1396  5.025  -20.40  0.11358  0.0405  0.105
 1397  5.025  -20.30  0.11022  0.0405  0.100
 1398  5.025  -20.20  0.10720  0.0405  0.100
 1399  5.025  -20.10  0.10448  0.0405  0.100
 1400  5.025  -20.00  0.10205  0.0405  0.100
 1401  5.066  -30.00  0.98996  0.0405  0.100
 1402  5.066  -29.90  0.98995  0.0405  0.100
 1403  5.066  -29.80  0.98994  0.0405  0.100
 1404  5.066  -29.70  0.98993  0.0405  0.100
 1405  5.066  -29.60  0.98991  0.0405  0.105
 1406  5.066  -29.49  0.98990  0.0405  0.105
 1407  5.066  -29.39  0.98987  0.0405  0.100
 1408  5.066  -29.29  0.98985  0.0405  0.100
 1409  5.066  -29.19  0.98982  0.0405  0.100
 1410  5.066  -29.09  0.98978  0.0405  0.100
 1411  5.066  -28.99  0.98974  0.0405  0.100
 1412  5.066  -28.89  0.98968  0.0405  0.100
 1413  5.066  -28.79  0.98962  0.0405  0.100
 1414  5.066  -28.69  0.98955  0.0405  0.100
 1415  5.066  -28.59  0.98946  0.0405  0.105
 1416  5.066  -28.48  0.98936  0.0405  0.105
 1417  5.066  -28.38  0.98923  0.0405  0.100
 1418  5.066  -28.28  0.98909  0.0405  0.100
 1419  5.066  -28.18  0.98892  0.0405  0.100
 1420  5.066  -28.08  0.98872  0.0405  0.100
 1421  5.066  -27.98  0.98848  0.0405  0.100
 1422  5.066  -27.88  0.98820  0.0405  0.100
 1423  5.066  -27.78  0.98788  0.0405  0.100
 1424  5.066  -27.68  0.98750  0.0405  0.100
 1425  5.066  -27.58  0.98705  0.0405  0.105
 1426  5.066  -27.47  0.98653  0.0405  0.105
 1427  5.066  -27.37  0.98591  0.0405  0.100
 1428  5.066  -27.27  0.98520  0.0405  0.100
 1429  5.066  -27.17  0.98437  0.0405  0.100
 1430  5.066  -27.07  0.98341  0.0405  0.100
 1431  5.066  -26.97  0.98229  0.0405  0.100
 1432  5.066  -26.87  0.98100  0.0405  0.100
 1433  5.066  -26.77  0.97949  0.0405  0.100
 1434  5.066  -26.67  0.97776  0.0405  0.100
 1435  5.066  -26.57  0.97575  0.0405  0.105
 1436  5.066  -26.46  0.97344  0.0405  0.105
 1437  5.066  -26.36  0.97078  0.0405  0.100
 1438  5.066  -26.26  0.96773  0.0405  0.100
 1439  5.066  -26.16  0.96422  0.0405  0.100
 1440  5.066  -26.06  0.96022  0.0405  0.100
 1441  5.066  -25.96  0.95564  0.0405  0.100
 1442  5.066  -25.86  0.95044  0.0405  0.100
 1443  5.066  -25.76  0.94452  0.0405  0.100
 1444  5.066  -25.66  0.93782  0.0405  0.100
 1445  5.066  -25.56  0.93024  0.0405  0.105
 1446  5.066  -25.45  0.92171  0.0405  0.105
 1447  5.066  -25.35  0.91214  0.0405  0.100
 1448  5.066  -25.25  0.90144  0.0405  0.100
 1449  5.066  -25.15  0.88952  0.0405  0.100
 1450  5.066  -25.05  0.87630  0.0405  0.100
 1451  5.066  -24.95  0.86171  0.0405  0.100
 1452  5.066  -24.85  0.84569  0.0405  0.100
 1453  5.066  -24.75  0.82819  0.0405  0.100
 1454  5.066  -24.65  0.80919  0.0405  0.100
 1455  5.066  -24.55  0.78868  0.0405  0.105
 1456  5.066  -24.44  0.76669  0.0405  0.105
 1457  5.066  -24.34  0.74327  0.0405  0.100
 1458  5.066  -24.24  0.71852  0.0405  0.100
 1459  5.066  -24.14  0.69255  0.0405  0.100
 1460  5.066  -24.04  0.66552  0.0405  0.100
 1461  5.066  -23.94  0.63761  0.0405  0.100
 1462  5.066  -23.84  0.60902  0.0405  0.100
 1463  5.066  -23.74  0.57998  0.0405  0.100
 1464  5.066  -23.64  0.55073  0.0405  0.100
 1465  5.066  -23.54  0.52151  0.0405  0.105
 1466  5.066  -23.43  0.49257  0.0405  0.105
 1467  5.066  -23.33  0.46411  0.0405  0.100
 1468  5.066  -23.23  0.43637  0.0405  0.100
 1469  5.066  -23.13  0.40952  0.0405  0.100
 1470  5.066  -23.03  0.38371  0.0405  0.100
 1471  5.066  -22.93  0.35909  0.0405  0.100
 1472  5.066  -22.83  0.33574  0.0405  0.100
 1473  5.066  -22.73  0.31374  0.0405  0.100
 1474  5.066  -22.63  0.29312  0.0405  0.100
 1475  5.066  -22.53  0.27389  0.0405  0.105
 1476  5.066  -22.42  0.25605  0.0405  0.105
 1477  5.066  -22.32  0.23957  0.0405  0.100
 1478  5.066  -22.22  0.22440  0.0405  0.100
 1479  5.066  -22.12  0.21049  0.0405  0.100
 1480  5.066  -22.02  0.19778  0.0405  0.100
 1481  5.066  -21.92  0.18620  0.0405  0.100
 1482  5.066  -21.82  0.17567  0.0405  0.100
 1483  5.066  -21.72  0.16611  0.0405  0.100
 1484  5.066  -21.62  0.15746  0.0405  0.100
 1485  5.066  -21.52  0.14965  0.0405  0.105
 1486  5.066  -21.41  0.14259  0.0405  0.105
 1487  5.066  -21.31  0.13623  0.0405  0.100
 1488  5.066  -21.21  0.13051  0.0405  0.100
 1489  5.066  -21.11  0.12536  0.0405  0.100
 1490  5.066  -21.01  0.12074  0.0405  0.100
 1491  5.066  -20.91  0.11658  0.0405  0.100
 1492  5.066  -20.81  0.11285  0.0405  0.100
 1493  5.066  -20.71  0.10950  0.0405  0.100
 1494  5.066  -20.61  0.10650  0.0405  0.100
 1495  5.066  -20.51  0.10381  0.0405  0.105
 1496  5.066  -20.40  0.10139  0.0405  0.105
 1497  5.066  -20.30  0.09922  0.0405  0.100
 1498  5.066  -20.20  0.09728  0.0405  0.100
 1499  5.066  -20.10  0.09554  0.0405  0.100
 1500  5.066  -20.00  0.09398  0.0405  0.100
 1501  5.106  -30.00  0.98994  0.0400  0.100
 1502  5.106  -29.90  0.98992  0.0400  0.100
 1503  5.106  -29.80  0.98991  0.0400  0.100
 1504  5.106  -29.70  0.98989  0.0400  0.100
 1505  5.106  -29.60  0.98986  0.0400  0.105
 1506  5.106  -29.49  0.98983  0.0400  0.105
 1507  5.106  -29.39  0.98980  0.0400  0.100
 1508  5.106  -29.29  0.98976  0.0400  0.100
 1509  5.106  -29.19  0.98971  0.0400  0.100
 1510  5.106  -29.09  0.98965  0.0400  0.100
 1511  5.106  -28.99  0.98958  0.0400  0.100
 1512  5.106  -28.89  0.98950  0.0400  0.100
 1513  5.106  -28.79  0.98940  0.0400  0.100
 1514  5.106  -28.69  0.98928  0.0400  0.100
 1515  5.106  -28.59  0.98914  0.0400  0.105
 1516  5.106  -28.48  0.98898  0.0400  0.105
 1517  5.106  -28.38  0.98878  0.0400  0.100
 1518  5.106  -28.28  0.98855  0.0400  0.100
 1519  5.106  -28.18  0.98828  0.0400  0.100
 1520  5.106  -28.08  0.98796  0.0400  0.100
 1521  5.106  -27.98  0.98759  0.0400  0.100
 1522  5.106  -27.88  0.98714  0.0400  0.100
 1523  5.106  -27.78  0.98663  0.0400  0.100
 1524  5.106  -27.68  0.98602  0.0400  0.100
 1525  5.106  -27.58  0.98531  0.0400  0.105
 1526  5.106  -27.47  0.98448  0.0400  0.105
 1527  5.106  -27.37  0.98352  0.0400  0.100
 1528  5.106  -27.27  0.98239  0.0400  0.100
 1529  5.106  -27.17  0.98108  0.0400  0.100
 1530  5.106  -27.07  0.97956  0.0400  0.100
 1531  5.106  -26.97  0.97780  0.0400  0.100
 1532  5.106  -26.87  0.97575  0.0400  0.100
 1533  5.106  -26.77  0.97339  0.0400  0.100
 1534  5.106  -26.67  0.97067  0.0400  0.100
 1535  5.106  -26.57  0.96753  0.0400  0.105
 1536  5.106  -26.46  0.96393  0.0400  0.105
 1537  5.106  -26.36  0.95979  0.0400  0.100
 1538  5.106  -26.26  0.95506  0.0400  0.100
 1539  5.106  -26.16  0.94965  0.0400  0.100
 1540  5.106  -26.06  0.94350  0.0400  0.100
 1541  5.106  -25.96  0.93652  0.0400  0.100
 1542  5.106  -25.86  0.92862  0.0400  0.100
 1543  5.106  -25.76  0.91970  0.0400  0.100
 1544  5.106  -25.66  0.90968  0.0400  0.100
 1545  5.106  -25.56  0.89845  0.0400  0.105
 1546  5.106  -25.45  0.88594  0.0400  0.105
 1547  5.106  -25.35  0.87206  0.0400  0.100
 1548  5.106  -25.25  0.85673  0.0400  0.100
 1549  5.106  -25.15  0.83989  0.0400  0.100
 1550  5.106  -25.05  0.82150  0.0400  0.100
 1551  5.106  -24.95  0.80155  0.0400  0.100
 1552  5.106  -24.85  0.78003  0.0400  0.100
 1553  5.106  -24.75  0.75699  0.0400  0.100
 1554  5.106  -24.65  0.73250  0.0400  0.100
 1555  5.106  -24.55  0.70668  0.0400  0.105
 1556  5.106  -24.44  0.67965  0.0400  0.105
 1557  5.106  -24.34  0.65161  0.0400  0.100
 1558  5.106  -24.24  0.62275  0.0400  0.100
 1559  5.106  -24.14  0.59332  0.0400  0.100
 1560  5.106  -24.04  0.56355  0.0400  0.100
 1561  5.106  -23.94  0.53370  0.0400  0.100
 1562  5.106  -23.84  0.50402  0.0400  0.100
 1563  5.106  -23.74  0.47478  0.0400  0.100
 1564  5.106  -23.64  0.44619  0.0400  0.100
 1565  5.106  -23.54  0.41846  0.0400  0.105
 1566  5.106  -23.43  0.39177  0.0400  0.105
 1567  5.106  -23.33  0.36627  0.0400  0.100
 1568  5.106  -23.23  0.34207  0.0400  0.100
 1569  5.106  -23.13  0.31925  0.0400  0.100
 1570  5.106  -23.03  0.29786  0.0400  0.100
 1571  5.106  -22.93  0.27793  0.0400  0.100
 1572  5.106  -22.83  0.25944  0.0400  0.100
 1573  5.106  -22.73  0.24237  0.0400  0.100
 1574  5.106  -22.63  0.22668  0.0400  0.100
 1575  5.106  -22.53  0.21231  0.0400  0.105
 1576  5.106  -22.42  0.19919  0.0400  0.105
 1577  5.106  -22.32  0.18726  0.0400  0.100
 1578  5.106  -22.22  0.17642  0.0400  0.100
 1579  5.106  -22.12  0.16661  0.0400  0.100
 1580  5.106  -22.02  0.15775  0.0400  0.100
 1581  5.106  -21.92  0.14976  0.0400  0.100
 1582  5.106  -21.82  0.14256  0.0400  0.100
 1583  5.106  -21.72  0.13608  0.0400  0.100
 1584  5.106  -21.62  0.13026  0.0400  0.100
 1585  5.106  -21.52  0.12504  0.0400  0.105
 1586  5.106  -21.41  0.12036  0.0400  0.105
 1587  5.106  -21.31  0.11617  0.0400  0.100
 1588  5.106  -21.21  0.11241  0.0400  0.100
 1589  5.106  -21.11  0.10904  0.0400  0.100
 1590  5.106  -21.01  0.10603  0.0400  0.100
 1591  5.106  -20.91  0.10334  0.0400  0.100
 1592  5.106  -20.81  0.10092  0.0400  0.100
 1593  5.106  -20.71  0.09876  0.0400  0.100
 1594  5.106  -20.61  0.09683  0.0400  0.100
 1595  5.106  -20.51  0.09511  0.0400  0.105
 1596  5.106  -20.40  0.09356  0.0400  0.105
 1597  5.106  -20.30  0.09218  0.0400  0.100
 1598  5.106  -20.20  0.09094  0.0400  0.100
 1599  5.106  -20.10  0.08983  0.0400  0.100
 1600  5.106  -20.00  0.08883  0.0400  0.100
 1601  5.146  -30.00  0.98990  0.0405  0.100
 1602  5.146  -29.90  0.98988  0.0405  0.100
 1603  5.146  -29.80  0.98985  0.0405  0.100
 1604  5.146  -29.70  0.98982  0.0405  0.100
 1605  5.146  -29.60  0.98978  0.0405  0.105
 1606  5.146  -29.49  0.98974  0.0405  0.105
 1607  5.146  -29.39  0.98968  0.0405  0.100
 1608  5.146  -29.29  0.98962  0.0405  0.100
 1609  5.146  -29.19  0.98954  0.0405  0.100
 1610  5.146  -29.09  0.98944  0.0405  0.100
 1611  5.146  -28.99  0.98933  0.0405  0.100
 1612  5.146  -28.89  0.98920  0.0405  0.100
 1613  5.146  -28.79  0.98904  0.0405  0.100
 1614  5.146  -28.69  0.98886  0.0405  0.100
 1615  5.146  -28.59  0.98864  0.0405  0.105
 1616  5.146  -28.48  0.98837  0.0405  0.105
 1617  5.146  -28.38  0.98806  0.0405  0.100
 1618  5.146  -28.28  0.98770  0.0405  0.100
 1619  5.146  -28.18  0.98727  0.0405  0.100
 1620  5.146  -28.08  0.98676  0.0405  0.100
 1621  5.146  -27.98  0.98616  0.0405  0.100
 1622  5.146  -27.88  0.98546  0.0405  0.100
 1623  5.146  -27.78  0.98464  0.0405  0.100
 1624  5.146  -27.68  0.98368  0.0405  0.100
 1625  5.146  -27.58  0.98256  0.0405  0.105
 1626  5.146  -27.47  0.98125  0.0405  0.105
 1627  5.146  -27.37  0.97972  0.0405  0.100
 1628  5.146  -27.27  0.97795  0.0405  0.100
 1629  5.146  -27.17  0.97589  0.0405  0.100
 1630  5.146  -27.07  0.97350  0.0405  0.100
 1631  5.146  -26.97  0.97073  0.0405  0.100
 1632  5.146  -26.87  0.96753  0.0405  0.100
 1633  5.146  -26.77  0.96385  0.0405  0.100
 1634  5.146  -26.67  0.95962  0.0405  0.100
 1635  5.146  -26.57  0.95476  0.0405  0.105
 1636  5.146  -26.46  0.94919  0.0405  0.105
 1637  5.146  -26.36  0.94285  0.0405  0.100
 1638  5.146  -26.26  0.93562  0.0405  0.100
 1639  5.146  -26.16  0.92743  0.0405  0.100
 1640  5.146  -26.06  0.91817  0.0405  0.100
 1641  5.146  -25.96  0.90775  0.0405  0.100
 1642  5.146  -25.86  0.89606  0.0405  0.100
 1643  5.146  -25.76  0.88301  0.0405  0.100
 1644  5.146  -25.66  0.86851  0.0405  0.100
 1645  5.146  -25.56  0.85249  0.0405  0.105
 1646  5.146  -25.45  0.83489  0.0405  0.105
 1647  5.146  -25.35  0.81567  0.0405  0.100
 1648  5.146  -25.25  0.79481  0.0405  0.100
 1649  5.146  -25.15  0.77234  0.0405  0.100
 1650  5.146  -25.05  0.74831  0.0405  0.100
 1651  5.146  -24.95  0.72281  0.0405  0.100
 1652  5.146  -24.85  0.69597  0.0405  0.100
 1653  5.146  -24.75  0.66795  0.0405  0.100
 1654  5.146  -24.65  0.63896  0.0405  0.100
 1655  5.146  -24.55  0.60922  0.0405  0.105
 1656  5.146  -24.44  0.57900  0.0405  0.105
 1657  5.146  -24.34  0.54856  0.0405  0.100
 1658  5.146  -24.24  0.51817  0.0405  0.100
 1659  5.146  -24.14  0.48810  0.0405  0.100
 1660  5.146  -24.04  0.45861  0.0405  0.100
 1661  5.146  -23.94  0.42992  0.0405  0.100
 1662  5.146  -23.84  0.40224  0.0405  0.100
 1663  5.146  -23.74  0.37574  0.0405  0.100
 1664  5.146  -23.64  0.35056  0.0405  0.100
 1665  5.146  -23.54  0.32678  0.0405  0.105
 1666  5.146  -23.43  0.30449  0.0405  0.105
 1667  5.146  -23.33  0.28369  0.0405  0.100
 1668  5.146  -23.23  0.26441  0.0405  0.100
 1669  5.146  -23.13  0.24662  0.0405  0.100
 1670  5.146  -23.03  0.23027  0.0405  0.100
 1671  5.146  -22.93  0.21531  0.0405  0.100
 1672  5.146  -22.83  0.20167  0.0405  0.100
 1673  5.146  -22.73  0.18927  0.0405  0.100
 1674  5.146  -22.63  0.17804  0.0405  0.100
 1675  5.146  -22.53  0.16789  0.0405  0.105
 1676  5.146  -22.42  0.15873  0.0405  0.105
 1677  5.146  -22.32  0.15048  0.0405  0.100
 1678  5.146  -22.22  0.14307  0.0405  0.100
 1679  5.146  -22.12  0.13642  0.0405  0.100
 1680  5.146  -22.02  0.13046  0.0405  0.100
 1681  5.146  -21.92  0.12512  0.0405  0.100
 1682  5.146  -21.82  0.12034  0.0405  0.100
 1683  5.146  -21.72  0.11606  0.0405  0.100
 1684  5.146  -21.62  0.11225  0.0405  0.100
 1685  5.146  -21.52  0.10883  0.0405  0.105
 1686  5.146  -21.41  0.10579  0.0405  0.105
 1687  5.146  -21.31  0.10307  0.0405  0.100
 1688  5.146  -21.21  0.10064  0.0405  0.100
 1689  5.146  -21.11  0.09847  0.0405  0.100
 1690  5.146  -21.01  0.09653  0.0405  0.100
 1691  5.146  -20.91  0.09480  0.0405  0.100
 1692  5.146  -20.81  0.09326  0.0405  0.100
 1693  5.146  -20.71  0.09188  0.0405  0.100
 1694  5.146  -20.61  0.09065  0.0405  0.100
 1695  5.146  -20.51  0.08955  0.0405  0.105
 1696  5.146  -20.40  0.08857  0.0405  0.105
 1697  5.146  -20.30  0.08769  0.0405  0.100
 1698  5.146  -20.20  0.08690  0.0405  0.100
 1699  5.146  -20.10  0.08620  0.0405  0.100
 1700  5.146  -20.00  0.08557  0.0405  0.100
 1701  5.187  -30.00  0.98984  0.0405  0.100
 1702  5.187  -29.90  0.98981  0.0405  0.100
 1703  5.187  -29.80  0.98976  0.0405  0.100
 1704  5.187  -29.70  0.98971  0.0405  0.100
 1705  5.187  -29.60  0.98965  0.0405  0.105
 1706  5.187  -29.49  0.98958  0.0405  0.105
 1707  5.187  -29.39  0.98949  0.0405  0.100
 1708  5.187  -29.29  0.98939  0.0405  0.100
 1709  5.187  -29.19  0.98927  0.0405  0.100
 1710  5.187  -29.09  0.98912  0.0405  0.100
 1711  5.187  -28.99  0.98894  0.0405  0.100
 1712  5.187  -28.89  0.98873  0.0405  0.100
 1713  5.187  -28.79  0.98848  0.0405  0.100
 1714  5.187  -28.69  0.98818  0.0405  0.100
 1715  5.187  -28.59  0.98783  0.0405  0.105
 1716  5.187  -28.48  0.98741  0.0405  0.105
 1717  5.187  -28.38  0.98692  0.0405  0.100
 1718  5.187  -28.28  0.98634  0.0405  0.100
 1719  5.187  -28.18  0.98566  0.0405  0.100
 1720  5.187  -28.08  0.98485  0.0405  0.100
 1721  5.187  -27.98  0.98391  0.0405  0.100
 1722  5.187  -27.88  0.98280  0.0405  0.100
 1723  5.187  -27.78  0.98150  0.0405  0.100
 1724  5.187  -27.68  0.97999  0.0405  0.100
 1725  5.187  -27.58  0.97822  0.0405  0.105
 1726  5.187  -27.47  0.97615  0.0405  0.105
 1727  5.187  -27.37  0.97376  0.0405  0.100
 1728  5.187  -27.27  0.97097  0.0405  0.100
 1729  5.187  -27.17  0.96774  0.0405  0.100
 1730  5.187  -27.07  0.96401  0.0405  0.100
 1731  5.187  -26.97  0.95971  0.0405  0.100
 1732  5.187  -26.87  0.95476  0.0405  0.100
 1733  5.187  -26.77  0.94908  0.0405  0.100
 1734  5.187  -26.67  0.94258  0.0405  0.100
 1735  5.187  -26.57  0.93517  0.0405  0.105
 1736  5.187  -26.46  0.92674  0.0405  0.105
 1737  5.187  -26.36  0.91719  0.0405  0.100
 1738  5.187  -26.26  0.90642  0.0405  0.100
 1739  5.187  -26.16  0.89432  0.0405  0.100
 1740  5.187  -26.06  0.88079  0.0405  0.100
 1741  5.187  -25.96  0.86574  0.0405  0.100
 1742  5.187  -25.86  0.84910  0.0405  0.100
 1743  5.187  -25.76  0.83080  0.0405  0.100
 1744  5.187  -25.66  0.81080  0.0405  0.100
 1745  5.187  -25.56  0.78912  0.0405  0.105
 1746  5.187  -25.45  0.76576  0.0405  0.105
 1747  5.187  -25.35  0.74079  0.0405  0.100
 1748  5.187  -25.25  0.71434  0.0405  0.100
 1749  5.187  -25.15  0.68654  0.0405  0.100
 1750  5.187  -25.05  0.65758  0.0405  0.100
 1751  5.187  -24.95  0.62770  0.0405  0.100
 1752  5.187  -24.85  0.59714  0.0405  0.100
 1753  5.187  -24.75  0.56618  0.0405  0.100
 1754  5.187  -24.65  0.53512  0.0405  0.100
 1755  5.187  -24.55  0.50423  0.0405  0.105
 1756  5.187  -24.44  0.47380  0.0405  0.105
 1757  5.187  -24.34  0.44409  0.0405  0.100
 1758  5.187  -24.24  0.41533  0.0405  0.100
 1759  5.187  -24.14  0.38772  0.0405  0.100
 1760  5.187  -24.04  0.36141  0.0405  0.100
 1761  5.187  -23.94  0.33653  0.0405  0.100
 1762  5.187  -23.84  0.31317  0.0405  0.100
 1763  5.187  -23.74  0.29136  0.0405  0.100
 1764  5.187  -23.64  0.27113  0.0405  0.100
 1765  5.187  -23.54  0.25245  0.0405  0.105
 1766  5.187  -23.43  0.23529  0.0405  0.105
 1767  5.187  -23.33  0.21961  0.0405  0.100
 1768  5.187  -23.23  0.20531  0.0405  0.100
 1769  5.187  -23.13  0.19234  0.0405  0.100
 1770  5.187  -23.03  0.18059  0.0405  0.100
 1771  5.187  -22.93  0.16999  0.0405  0.100
 1772  5.187  -22.83  0.16045  0.0405  0.100
 1773  5.187  -22.73  0.15187  0.0405  0.100
 1774  5.187  -22.63  0.14417  0.0405  0.100
 1775  5.187  -22.53  0.13728  0.0405  0.105
 1776  5.187  -22.42  0.13111  0.0405  0.105
 1777  5.187  -22.32  0.12560  0.0405  0.100
 1778  5.187  -22.22  0.12068  0.0405  0.100
 1779  5.187  -22.12  0.11629  0.0405  0.100
 1780  5.187  -22.02  0.11237  0.0405  0.100
 1781  5.187  -21.92  0.10888  0.0405  0.100
 1782  5.187  -21.82  0.10577  0.0405  0.100
 1783  5.187  -21.72  0.10300  0.0405  0.100
 1784  5.187  -21.62  0.10053  0.0405  0.100
 1785  5.187  -21.52  0.09833  0.0405  0.105
 1786  5.187  -21.41  0.09638  0.0405  0.105
 1787  5.187  -21.31  0.09463  0.0405  0.100
 1788  5.187  -21.21  0.09308  0.0405  0.100
 1789  5.187  -21.11  0.09169  0.0405  0.100
 1790  5.187  -21.01  0.09046  0.0405  0.100
 1791  5.187  -20.91  0.08936  0.0405  0.100
 1792  5.187  -20.81  0.08838  0.0405  0.100
 1793  5.187  -20.71  0.08750  0.0405  0.100
 1794  5.187  -20.61  0.08672  0.0405  0.100
 1795  5.187  -20.51  0.08602  0.0405  0.105
 1796  5.187  -20.40  0.08540  0.0405  0.105
 1797  5.187  -20.30  0.08485  0.0405  0.100
 1798  5.187  -20.20  0.08435  0.0405  0.100
 1799  5.187  -20.10  0.08391  0.0405  0.100
 1800  5.187  -20.00  0.08351  0.0405  0.100
 1801  5.227  -30.00  0.98975  0.0405  0.100
 1802  5.227  -29.90  0.98969  0.0405  0.100
 1803  5.227  -29.80  0.98962  0.0405  0.100
 1804  5.227  -29.70  0.98954  0.0405  0.100
 1805  5.227  -29.60  0.98945  0.0405  0.105
 1806  5.227  -29.49  0.98933  0.0405  0.105
 1807  5.227  -29.39  0.98919  0.0405  0.100
 1808  5.227  -29.29  0.98903  0.0405  0.100
 1809  5.227  -29.19  0.98883  0.0405  0.100
 1810  5.227  -29.09  0.98860  0.0405  0.100
 1811  5.227  -28.99  0.98831  0.0405  0.100
 1812  5.227  -28.89  0.98798  0.0405  0.100
 1813  5.227  -28.79  0.98758  0.0405  0.100
 1814  5.227  -28.69  0.98711  0.0405  0.100
 1815  5.227  -28.59  0.98655  0.0405  0.105
 1816  5.227  -28.48  0.98589  0.0405  0.105
 1817  5.227  -28.38  0.98511  0.0405  0.100
 1818  5.227  -28.28  0.98419  0.0405  0.100
 1819  5.227  -28.18  0.98311  0.0405  0.100
 1820  5.227  -28.08  0.98184  0.0405  0.100
 1821  5.227  -27.98  0.98035  0.0405  0.100
 1822  5.227  -27.88  0.97860  0.0405  0.100
 1823  5.227  -27.78  0.97655  0.0405  0.100
 1824  5.227  -27.68  0.97417  0.0405  0.100
 1825  5.227  -27.58  0.97139  0.0405  0.105
 1826  5.227  -27.47  0.96816  0.0405  0.105
 1827  5.227  -27.37  0.96442  0.0405  0.100
 1828  5.227  -27.27  0.96009  0.0405  0.100
 1829  5.227  -27.17  0.95509  0.0405  0.100
 1830  5.227  -27.07  0.94933  0.0405  0.100
 1831  5.227  -26.97  0.94273  0.0405  0.100
 1832  5.227  -26.87  0.93518  0.0405  0.100
 1833  5.227  -26.77  0.92657  0.0405  0.100
 1834  5.227  -26.67  0.91679  0.0405  0.100
 1835  5.227  -26.57  0.90574  0.0405  0.105
 1836  5.227  -26.46  0.89330  0.0405  0.105
 1837  5.227  -26.36  0.87936  0.0405  0.100
 1838  5.227  -26.26  0.86384  0.0405  0.100
 1839  5.227  -26.16  0.84664  0.0405  0.100
 1840  5.227  -26.06  0.82772  0.0405  0.100
 1841  5.227  -25.96  0.80703  0.0405  0.100
 1842  5.227  -25.86  0.78457  0.0405  0.100
 1843  5.227  -25.76  0.76039  0.0405  0.100
 1844  5.227  -25.66  0.73457  0.0405  0.100
 1845  5.227  -25.56  0.70722  0.0405  0.105
 1846  5.227  -25.45  0.67852  0.0405  0.105
 1847  5.227  -25.35  0.64868  0.0405  0.100
 1848  5.227  -25.25  0.61796  0.0405  0.100
 1849  5.227  -25.15  0.58662  0.0405  0.100
 1850  5.227  -25.05  0.55497  0.0405  0.100
 1851  5.227  -24.95  0.52331  0.0405  0.100
 1852  5.227  -24.85  0.49195  0.0405  0.100
 1853  5.227  -24.75  0.46118  0.0405  0.100
 1854  5.227  -24.65  0.43127  0.0405  0.100
 1855  5.227  -24.55  0.40243  0.0405  0.105
 1856  5.227  -24.44  0.37487  0.0405  0.105
 1857  5.227  -24.34  0.34874  0.0405  0.100
 1858  5.227  -24.24  0.32414  0.0405  0.100
 1859  5.227  -24.14  0.30115  0.0405  0.100
 1860  5.227  -24.04  0.27979  0.0405  0.100
 1861  5.227  -23.94  0.26006  0.0405  0.100
 1862  5.227  -23.84  0.24193  0.0405  0.100
 1863  5.227  -23.74  0.22536  0.0405  0.100
 1864  5.227  -23.64  0.21026  0.0405  0.100
 1865  5.227  -23.54  0.19657  0.0405  0.105
 1866  5.227  -23.43  0.18419  0.0405  0.105
 1867  5.227  -23.33  0.17303  0.0405  0.100
 1868  5.227  -23.23  0.16299  0.0405  0.100
 1869  5.227  -23.13  0.15398  0.0405  0.100
 1870  5.227  -23.03  0.14592  0.0405  0.100
 1871  5.227  -22.93  0.13871  0.0405  0.100
 1872  5.227  -22.83  0.13227  0.0405  0.100
 1873  5.227  -22.73  0.12653  0.0405  0.100
 1874  5.227  -22.63  0.12141  0.0405  0.100
 1875  5.227  -22.53  0.11685  0.0405  0.105
 1876  5.227  -22.42  0.11280  0.0405  0.105
 1877  5.227  -22.32  0.10920  0.0405  0.100
 1878  5.227  -22.22  0.10599  0.0405  0.100
 1879  5.227  -22.12  0.10314  0.0405  0.100
 1880  5.227  -22.02  0.10061  0.0405  0.100
 1881  5.227  -21.92  0.09836  0.0405  0.100
 1882  5.227  -21.82  0.09637  0.0405  0.100
 1883  5.227  -21.72  0.09459  0.0405  0.100
 1884  5.227  -21.62  0.09301  0.0405  0.100
 1885  5.227  -21.52  0.09161  0.0405  0.105
 1886  5.227  -21.41  0.09036  0.0405  0.105
 1887  5.227  -21.31  0.08925  0.0405  0.100
 1888  5.227  -21.21  0.08826  0.0405  0.100
 1889  5.227  -21.11  0.08738  0.0405  0.100
 1890  5.227  -21.01  0.08660  0.0405  0.100
 1891  5.227  -20.91  0.08590  0.0405  0.100
 1892  5.227  -20.81  0.08528  0.0405  0.100
 1893  5.227  -20.71  0.08473  0.0405  0.100
 1894  5.227  -20.61  0.08424  0.0405  0.100
 1895  5.227  -20.51  0.08380  0.0405  0.105
 1896  5.227  -20.40  0.08340  0.0405  0.105
 1897  5.227  -20.30  0.08305  0.0405  0.100
 1898  5.227  -20.20  0.08274  0.0405  0.100
 1899  5.227  -20.10  0.08246  0.0405  0.100
 1900  5.227  -20.00  0.08221  0.0405  0.100
 1901  5.268  -30.00  0.98960  0.0405  0.100
 1902  5.268  -29.90  0.98951  0.0405  0.100
 1903  5.268  -29.80  0.98940  0.0405  0.100
 1904  5.268  -29.70  0.98928  0.0405  0.100
 1905  5.268  -29.60  0.98912  0.0405  0.105
 1906  5.268  -29.49  0.98894  0.0405  0.105
 1907  5.268  -29.39  0.98872  0.0405  0.100
 1908  5.268  -29.29  0.98846  0.0405  0.100
 1909  5.268  -29.19  0.98814  0.0405  0.100
 1910  5.268  -29.09  0.98777  0.0405  0.100
 1911  5.268  -28.99  0.98732  0.0405  0.100
 1912  5.268  -28.89  0.98679  0.0405  0.100
 1913  5.268  -28.79  0.98616  0.0405  0.100
 1914  5.268  -28.69  0.98541  0.0405  0.100
 1915  5.268  -28.59  0.98452  0.0405  0.105
 1916  5.268  -28.48  0.98348  0.0405  0.105
 1917  5.268  -28.38  0.98224  0.0405  0.100
 1918  5.268  -28.28  0.98079  0.0405  0.100
 1919  5.268  -28.18  0.97908  0.0405  0.100
 1920  5.268  -28.08  0.97708  0.0405  0.100
 1921  5.268  -27.98  0.97473  0.0405  0.100
 1922  5.268  -27.88  0.97199  0.0405  0.100
 1923  5.268  -27.78  0.96879  0.0405  0.100
 1924  5.268  -27.68  0.96506  0.0405  0.100
 1925  5.268  -27.58  0.96074  0.0405  0.105
 1926  5.268  -27.47  0.95573  0.0405  0.105
 1927  5.268  -27.37  0.94995  0.0405  0.100
 1928  5.268  -27.27  0.94330  0.0405  0.100
 1929  5.268  -27.17  0.93567  0.0405  0.100
 1930  5.268  -27.07  0.92694  0.0405  0.100
 1931  5.268  -26.97  0.91701  0.0405  0.100
 1932  5.268  -26.87  0.90575  0.0405  0.100
 1933  5.268  -26.77  0.89305  0.0405  0.100
 1934  5.268  -26.67  0.87878  0.0405  0.100
 1935  5.268  -26.57  0.86287  0.0405  0.105
 1936  5.268  -26.46  0.84520  0.0405  0.105
 1937  5.268  -26.36  0.82574  0.0405  0.100
 1938  5.268  -26.26  0.80443  0.0405  0.100
 1939  5.268  -26.16  0.78130  0.0405  0.100
 1940  5.268  -26.06  0.75637  0.0405  0.100
 1941  5.268  -25.96  0.72976  0.0405  0.100
 1942  5.268  -25.86  0.70158  0.0405  0.100
 1943  5.268  -25.76  0.67204  0.0405  0.100
 1944  5.268  -25.66  0.64137  0.0405  0.100
 1945  5.268  -25.56  0.60984  0.0405  0.105
 1946  5.268  -25.45  0.57776  0.0405  0.105
 1947  5.268  -25.35  0.54543  0.0405  0.100
 1948  5.268  -25.25  0.51320  0.0405  0.100
 1949  5.268  -25.15  0.48138  0.0405  0.100
 1950  5.268  -25.05  0.45027  0.0405  0.100
 1951  5.268  -24.95  0.42014  0.0405  0.100
 1952  5.268  -24.85  0.39121  0.0405  0.100
 1953  5.268  -24.75  0.36368  0.0405  0.100
 1954  5.268  -24.65  0.33769  0.0405  0.100
 1955  5.268  -24.55  0.31333  0.0405  0.105
 1956  5.268  -24.44  0.29065  0.0405  0.105
 1957  5.268  -24.34  0.26968  0.0405  0.100
 1958  5.268  -24.24  0.25040  0.0405  0.100
 1959  5.268  -24.14  0.23276  0.0405  0.100
 1960  5.268  -24.04  0.21669  0.0405  0.100
 1961  5.268  -23.94  0.20212  0.0405  0.100
 1962  5.268  -23.84  0.18896  0.0405  0.100
 1963  5.268  -23.74  0.17710  0.0405  0.100
 1964  5.268  -23.64  0.16645  0.0405  0.100
 1965  5.268  -23.54  0.15691  0.0405  0.105
 1966  5.268  -23.43  0.14838  0.0405  0.105
 1967  5.268  -23.33  0.14076  0.0405  0.100
 1968  5.268  -23.23  0.13398  0.0405  0.100
 1969  5.268  -23.13  0.12794  0.0405  0.100
 1970  5.268  -23.03  0.12257  0.0405  0.100
 1971  5.268  -22.93  0.11779  0.0405  0.100
 1972  5.268  -22.83  0.11356  0.0405  0.100
 1973  5.268  -22.73  0.10980  0.0405  0.100
 1974  5.268  -22.63  0.10647  0.0405  0.100
 1975  5.268  -22.53  0.10351  0.0405  0.105
 1976  5.268  -22.42  0.10089  0.0405  0.105
 1977  5.268  -22.32  0.09857  0.0405  0.100
 1978  5.268  -22.22  0.09651  0.0405  0.100
 1979  5.268  -22.12  0.09468  0.0405  0.100
 1980  5.268  -22.02  0.09306  0.0405  0.100
 1981  5.268  -21.92  0.09163  0.0405  0.100
 1982  5.268  -21.82  0.09035  0.0405  0.100
 1983  5.268  -21.72  0.08922  0.0405  0.100
 1984  5.268  -21.62  0.08822  0.0405  0.100
 1985  5.268  -21.52  0.08733  0.0405  0.105
 1986  5.268  -21.41  0.08654  0.0405  0.105
 1987  5.268  -21.31  0.08583  0.0405  0.100
 1988  5.268  -21.21  0.08521  0.0405  0.100
 1989  5.268  -21.11  0.08465  0.0405  0.100
 1990  5.268  -21.01  0.08416  0.0405  0.100
 1991  5.268  -20.91  0.08372  0.0405  0.100
 1992  5.268  -20.81  0.08333  0.0405  0.100
 1993  5.268  -20.71  0.08298  0.0405  0.100
 1994  5.268  -20.61  0.08267  0.0405  0.100
 1995  5.268  -20.51  0.08239  0.0405  0.105
 1996  5.268  -20.40  0.08214  0.0405  0.105
 1997  5.268  -20.30  0.08192  0.0405  0.100
 1998  5.268  -20.20  0.08172  0.0405  0.100
 1999  5.268  -20.10  0.08155  0.0405  0.100
 2000  5.268  -20.00  0.08139  0.0405  0.100
 2001  5.308  -30.00  0.98936  0.0400  0.100
 2002  5.308  -29.90  0.98922  0.0400  0.100
 2003  5.308  -29.80  0.98905  0.0400  0.100
 2004  5.308  -29.70  0.98885  0.0400  0.100
 2005  5.308  -29.60  0.98860  0.0400  0.105
 2006  5.308  -29.49  0.98831  0.0400  0.105
 2007  5.308  -29.39  0.98796  0.0400  0.100
 2008  5.308  -29.29  0.98754  0.0400  0.100
 2009  5.308  -29.19  0.98705  0.0400  0.100
 2010  5.308  -29.09  0.98645  0.0400  0.100
 2011  5.308  -28.99  0.98574  0.0400  0.100
 2012  5.308  -28.89  0.98490  0.0400  0.100
 2013  5.308  -28.79  0.98390  0.0400  0.100
 2014  5.308  -28.69  0.98272  0.0400  0.100
 2015  5.308  -28.59  0.98132  0.0400  0.105
 2016  5.308  -28.48  0.97966  0.0400  0.105
 2017  5.308  -28.38  0.97772  0.0400  0.100
 2018  5.308  -28.28  0.97543  0.0400  0.100
 2019  5.308  -28.18  0.97275  0.0400  0.100
 2020  5.308  -28.08  0.96961  0.0400  0.100
 2021  5.308  -27.98  0.96594  0.0400  0.100
 2022  5.308  -27.88  0.96166  0.0400  0.100
 2023  5.308  -27.78  0.95670  0.0400  0.100
 2024  5.308  -27.68  0.95095  0.0400  0.100
 2025  5.308  -27.58  0.94430  0.0400  0.105
 2026  5.308  -27.47  0.93665  0.0400  0.105
 2027  5.308  -27.37  0.92788  0.0400  0.100
 2028  5.308  -27.27  0.91787  0.0400  0.100
 2029  5.308  -27.17  0.90648  0.0400  0.100
 2030  5.308  -27.07  0.89360  0.0400  0.100
 2031  5.308  -26.97  0.87910  0.0400  0.100
 2032  5.308  -26.87  0.86288  0.0400  0.100
 2033  5.308  -26.77  0.84485  0.0400  0.100
 2034  5.308  -26.67  0.82494  0.0400  0.100
 2035  5.308  -26.57  0.80311  0.0400  0.105
 2036  5.308  -26.46  0.77938  0.0400  0.105
 2037  5.308  -26.36  0.75380  0.0400  0.100
 2038  5.308  -26.26  0.72647  0.0400  0.100
 2039  5.308  -26.16  0.69753  0.0400  0.100
 2040  5.308  -26.06  0.66721  0.0400  0.100
 2041  5.308  -25.96  0.63575  0.0400  0.100
 2042  5.308  -25.86  0.60346  0.0400  0.100
 2043  5.308  -25.76  0.57065  0.0400  0.100
 2044  5.308  -25.66  0.53767  0.0400  0.100
 2045  5.308  -25.56  0.50487  0.0400  0.105
 2046  5.308  -25.45  0.47257  0.0400  0.105
 2047  5.308  -25.35  0.44110  0.0400  0.100
 2048  5.308  -25.25  0.41072  0.0400  0.100
 2049  5.308  -25.15  0.38166  0.0400  0.100
 2050  5.308  -25.05  0.35411  0.0400  0.100
 2051  5.308  -24.95  0.32821  0.0400  0.100
 2052  5.308  -24.85  0.30403  0.0400  0.100
 2053  5.308  -24.75  0.28161  0.0400  0.100
 2054  5.308  -24.65  0.26096  0.0400  0.100
 2055  5.308  -24.55  0.24206  0.0400  0.105
 2056  5.308  -24.44  0.22483  0.0400  0.105
 2057  5.308  -24.34  0.20920  0.0400  0.100
 2058  5.308  -24.24  0.19508  0.0400  0.100
 2059  5.308  -24.14  0.18237  0.0400  0.100
 2060  5.308  -24.04  0.17097  0.0400  0.100
 2061  5.308  -23.94  0.16076  0.0400  0.100
 2062  5.308  -23.84  0.15165  0.0400  0.100
 2063  5.308  -23.74  0.14353  0.0400  0.100
 2064  5.308  -23.64  0.13631  0.0400  0.100
 2065  5.308  -23.54  0.12989  0.0400  0.105
 2066  5.308  -23.43  0.12420  0.0400  0.105
 2067  5.308  -23.33  0.11915  0.0400  0.100
 2068  5.308  -23.23  0.11468  0.0400  0.100
 2069  5.308  -23.13  0.11072  0.0400  0.100
 2070  5.308  -23.03  0.10722  0.0400  0.100
 2071  5.308  -22.93  0.10412  0.0400  0.100
 2072  5.308  -22.83  0.10138  0.0400  0.100
 2073  5.308  -22.73  0.09896  0.0400  0.100
 2074  5.308  -22.63  0.09681  0.0400  0.100
 2075  5.308  -22.53  0.09492  0.0400  0.105
 2076  5.308  -22.42  0.09324  0.0400  0.105
 2077  5.308  -22.32  0.09176  0.0400  0.100
 2078  5.308  -22.22  0.09044  0.0400  0.100
 2079  5.308  -22.12  0.08928  0.0400  0.100
 2080  5.308  -22.02  0.08825  0.0400  0.100
 2081  5.308  -21.92  0.08734  0.0400  0.100
 2082  5.308  -21.82  0.08653  0.0400  0.100
 2083  5.308  -21.72  0.08582  0.0400  0.100
 2084  5.308  -21.62  0.08518  0.0400  0.100
 2085  5.308  -21.52  0.08462  0.0400  0.105
 2086  5.308  -21.41  0.08412  0.0400  0.105
 2087  5.308  -21.31  0.08367  0.0400  0.100
 2088  5.308  -21.21  0.08328  0.0400  0.100
 2089  5.308  -21.11  0.08293  0.0400  0.100
 2090  5.308  -21.01  0.08262  0.0400  0.100
 2091  5.308  -20.91  0.08234  0.0400  0.100
 2092  5.308  -20.81  0.08209  0.0400  0.100
 2093  5.308  -20.71  0.08187  0.0400  0.100
 2094  5.308  -20.61  0.08168  0.0400  0.100
 2095  5.308  -20.51  0.08150  0.0400  0.105
 2096  5.308  -20.40  0.08135  0.0400  0.105
 2097  5.308  -20.30  0.08121  0.0400  0.100
 2098  5.308  -20.20  0.08108  0.0400  0.100
 2099  5.308  -20.10  0.08097  0.0400  0.100
 2100  5.308  -20.00  0.08087  0.0400  0.100
 2101  5.348  -30.00  0.98898  0.0405  0.100
 2102  5.348  -29.90  0.98876  0.0405  0.100
 2103  5.348  -29.80  0.98849  0.0405  0.100
 2104  5.348  -29.70  0.98817  0.0405  0.100
 2105  5.348  -29.60  0.98778  0.0405  0.105
 2106  5.348  -29.49  0.98732  0.0405  0.105
 2107  5.348  -29.39  0.98676  0.0405  0.100
 2108  5.348  -29.29  0.98610  0.0405  0.100
 2109  5.348  -29.19  0.98531  0.0405  0.100
 2110  5.348  -29.09  0.98436  0.0405  0.100
 2111  5.348  -28.99  0.98324  0.0405  0.100
 2112  5.348  -28.89  0.98191  0.0405  0.100
 2113  5.348  -28.79  0.98033  0.0405  0.100
 2114  5.348  -28.69  0.97846  0.0405  0.100
 2115  5.348  -28.59  0.97626  0.0405  0.105
 2116  5.348  -28.48  0.97366  0.0405  0.105
 2117  5.348  -28.38  0.97061  0.0405  0.100
 2118  5.348  -28.28  0.96703  0.0405  0.100
 2119  5.348  -28.18  0.96285  0.0405  0.100
 2120  5.348  -28.08  0.95797  0.0405  0.100
 2121  5.348  -27.98  0.95230  0.0405  0.100
 2122  5.348  -27.88  0.94572  0.0405  0.100
 2123  5.348  -27.78  0.93813  0.0405  0.100
 2124  5.348  -27.68  0.92938  0.0405  0.100
 2125  5.348  -27.58  0.91937  0.0405  0.105
 2126  5.348  -27.47  0.90795  0.0405  0.105
 2127  5.348  -27.37  0.89498  0.0405  0.100
 2128  5.348  -27.27  0.88035  0.0405  0.100
 2129  5.348  -27.17  0.86393  0.0405  0.100
 2130  5.348  -27.07  0.84563  0.0405  0.100
 2131  5.348  -26.97  0.82538  0.0405  0.100
 2132  5.348  -26.87  0.80314  0.0405  0.100
 2133  5.348  -26.77  0.77891  0.0405  0.100
 2134  5.348  -26.67  0.75276  0.0405  0.100
 2135  5.348  -26.57  0.72479  0.0405  0.105
 2136  5.348  -26.46  0.69517  0.0405  0.105
 2137  5.348  -26.36  0.66413  0.0405  0.100
 2138  5.348  -26.26  0.63193  0.0405  0.100
 2139  5.348  -26.16  0.59890  0.0405  0.100
 2140  5.348  -26.06  0.56538  0.0405  0.100
 2141  5.348  -25.96  0.53174  0.0405  0.100
 2142  5.348  -25.86  0.49835  0.0405  0.100
 2143  5.348  -25.76  0.46556  0.0405  0.100
 2144  5.348  -25.66  0.43369  0.0405  0.100
 2145  5.348  -25.56  0.40302  0.0405  0.105
 2146  5.348  -25.45  0.37377  0.0405  0.105
 2147  5.348  -25.35  0.34615  0.0405  0.100
 2148  5.348  -25.25  0.32026  0.0405  0.100
 2149  5.348  -25.15  0.29619  0.0405  0.100
 2150  5.348  -25.05  0.27395  0.0405  0.100
 2151  5.348  -24.95  0.25356  0.0405  0.100
 2152  5.348  -24.85  0.23494  0.0405  0.100
 2153  5.348  -24.75  0.21805  0.0405  0.100
 2154  5.348  -24.65  0.20278  0.0405  0.100
 2155  5.348  -24.55  0.18905  0.0405  0.105
 2156  5.348  -24.44  0.17672  0.0405  0.105
 2157  5.348  -24.34  0.16570  0.0405  0.100
 2158  5.348  -24.24  0.15588  0.0405  0.100
 2159  5.348  -24.14  0.14713  0.0405  0.100
 2160  5.348  -24.04  0.13937  0.0405  0.100
 2161  5.348  -23.94  0.13248  0.0405  0.100
 2162  5.348  -23.84  0.12638  0.0405  0.100
 2163  5.348  -23.74  0.12098  0.0405  0.100
 2164  5.348  -23.64  0.11622  0.0405  0.100
 2165  5.348  -23.54  0.11200  0.0405  0.105
 2166  5.348  -23.43  0.10828  0.0405  0.105
 2167  5.348  -23.33  0.10500  0.0405  0.100
 2168  5.348  -23.23  0.10210  0.0405  0.100
 2169  5.348  -23.13  0.09955  0.0405  0.100
 2170  5.348  -23.03  0.09730  0.0405  0.100
 2171  5.348  -22.93  0.09531  0.0405  0.100
 2172  5.348  -22.83  0.09355  0.0405  0.100
 2173  5.348  -22.73  0.09200  0.0405  0.100
 2174  5.348  -22.63  0.09064  0.0405  0.100
 2175  5.348  -22.53  0.08943  0.0405  0.105
 2176  5.348  -22.42  0.08836  0.0405  0.105
 2177  5.348  -22.32  0.08742  0.0405  0.100
 2178  5.348  -22.22  0.08659  0.0405  0.100
 2179  5.348  -22.12  0.08585  0.0405  0.100
 2180  5.348  -22.02  0.08520  0.0405  0.100
 2181  5.348  -21.92  0.08463  0.0405  0.100
 2182  5.348  -21.82  0.08412  0.0405  0.100
 2183  5.348  -21.72  0.08366  0.0405  0.100
 2184  5.348  -21.62  0.08326  0.0405  0.100
 2185  5.348  -21.52  0.08291  0.0405  0.105
 2186  5.348  -21.41  0.08259  0.0405  0.105
 2187  5.348  -21.31  0.08231  0.0405  0.100
 2188  5.348  -21.21  0.08206  0.0405  0.100
 2189  5.348  -21.11  0.08184  0.0405  0.100
 2190  5.348  -21.01  0.08165  0.0405  0.100
 2191  5.348  -20.91  0.08147  0.0405  0.100
 2192  5.348  -20.81  0.08132  0.0405  0.100
 2193  5.348  -20.71  0.08118  0.0405  0.100
 2194  5.348  -20.61  0.08105  0.0405  0.100
 2195  5.348  -20.51  0.08094  0.0405  0.105
 2196  5.348  -20.40  0.08085  0.0405  0.105
 2197  5.348  -20.30  0.08076  0.0405  0.100
 2198  5.348  -20.20  0.08068  0.0405  0.100
 2199  5.348  -20.10  0.08061  0.0405  0.100
 2200  5.348  -20.00  0.08055  0.0405  0.100
 2201  5.389  -30.00  0.98838  0.0405  0.100
 2202  5.389  -29.90  0.98802  0.0405  0.100
 2203  5.389  -29.80  0.98760  0.0405  0.100
 2204  5.389  -29.70  0.98709  0.0405  0.100
 2205  5.389  -29.60  0.98647  0.0405  0.105
 2206  5.389  -29.49  0.98574  0.0405  0.105
 2207  5.389  -29.39  0.98486  0.0405  0.100
 2208  5.389  -29.29  0.98381  0.0405  0.100
 2209  5.389  -29.19  0.98255  0.0405  0.100
 2210  5.389  -29.09  0.98106  0.0405  0.100
 2211  5.389  -28.99  0.97929  0.0405  0.100
 2212  5.389  -28.89  0.97719  0.0405  0.100
 2213  5.389  -28.79  0.97471  0.0405  0.100
 2214  5.389  -28.69  0.97177  0.0405  0.100
 2215  5.389  -28.59  0.96832  0.0405  0.105
 2216  5.389  -28.48  0.96427  0.0405  0.105
 2217  5.389  -28.38  0.95953  0.0405  0.100
 2218  5.389  -28.28  0.95399  0.0405  0.100
 2219  5.389  -28.18  0.94754  0.0405  0.100
 2220  5.389  -28.08  0.94007  0.0405  0.100
 2221  5.389  -27.98  0.93143  0.0405  0.100
 2222  5.389  -27.88  0.92150  0.0405  0.100
 2223  5.389  -27.78  0.91014  0.0405  0.100
 2224  5.389  -27.68  0.89719  0.0405  0.100
 2225  5.389  -27.58  0.88253  0.0405  0.105
 2226  5.389  -27.47  0.86603  0.0405  0.105
 2227  5.389  -27.37  0.84758  0.0405  0.100
 2228  5.389  -27.27  0.82710  0.0405  0.100
 2229  5.389  -27.17  0.80456  0.0405  0.100
 2230  5.389  -27.07  0.77995  0.0405  0.100
 2231  5.389  -26.97  0.75334  0.0405  0.100
 2232  5.389  -26.87  0.72482  0.0405  0.100
 2233  5.389  -26.77  0.69459  0.0405  0.100
 2234  5.389  -26.67  0.66289  0.0405  0.100
 2235  5.389  -26.57  0.62999  0.0405  0.105
 2236  5.389  -26.46  0.59625  0.0405  0.105
 2237  5.389  -26.36  0.56203  0.0405  0.100
 2238  5.389  -26.26  0.52773  0.0405  0.100
 2239  5.389  -26.16  0.49373  0.0405  0.100
 2240  5.389  -26.06  0.46040  0.0405  0.100
 2241  5.389  -25.96  0.42807  0.0405  0.100
 2242  5.389  -25.86  0.39704  0.0405  0.100
 2243  5.389  -25.76  0.36755  0.0405  0.100
 2244  5.389  -25.66  0.33976  0.0405  0.100
 2245  5.389  -25.56  0.31381  0.0405  0.105
 2246  5.389  -25.45  0.28976  0.0405  0.105
 2247  5.389  -25.35  0.26763  0.0405  0.100
 2248  5.389  -25.25  0.24739  0.0405  0.100
 2249  5.389  -25.15  0.22900  0.0405  0.100
 2250  5.389  -25.05  0.21236  0.0405  0.100
 2251  5.389  -24.95  0.19737  0.0405  0.100
 2252  5.389  -24.85  0.18394  0.0405  0.100
 2253  5.389  -24.75  0.17193  0.0405  0.100
 2254  5.389  -24.65  0.16123  0.0405  0.100
 2255  5.389  -24.55  0.15171  0.0405  0.105
 2256  5.389  -24.44  0.14328  0.0405  0.105
 2257  5.389  -24.34  0.13581  0.0405  0.100
 2258  5.389  -24.24  0.12920  0.0405  0.100
 2259  5.389  -24.14  0.12337  0.0405  0.100
 2260  5.389  -24.04  0.11823  0.0405  0.100
 2261  5.389  -23.94  0.11370  0.0405  0.100
 2262  5.389  -23.84  0.10971  0.0405  0.100
 2263  5.389  -23.74  0.10619  0.0405  0.100
 2264  5.389  -23.64  0.10310  0.0405  0.100
 2265  5.389  -23.54  0.10038  0.0405  0.105
 2266  5.389  -23.43  0.09798  0.0405  0.105
 2267  5.389  -23.33  0.09587  0.0405  0.100
 2268  5.389  -23.23  0.09402  0.0405  0.100
 2269  5.389  -23.13  0.09238  0.0405  0.100
 2270  5.389  -23.03  0.09095  0.0405  0.100
 2271  5.389  -22.93  0.08968  0.0405  0.100
 2272  5.389  -22.83  0.08856  0.0405  0.100
 2273  5.389  -22.73  0.08758  0.0405  0.100
 2274  5.389  -22.63  0.08671  0.0405  0.100
 2275  5.389  -22.53  0.08595  0.0405  0.105
 2276  5.389  -22.42  0.08527  0.0405  0.105
 2277  5.389  -22.32  0.08468  0.0405  0.100
 2278  5.389  -22.22  0.08415  0.0405  0.100
 2279  5.389  -22.12  0.08369  0.0405  0.100
 2280  5.389  -22.02  0.08328  0.0405  0.100
 2281  5.389  -21.92  0.08291  0.0405  0.100
 2282  5.389  -21.82  0.08259  0.0405  0.100
 2283  5.389  -21.72  0.08231  0.0405  0.100
 2284  5.389  -21.62  0.08205  0.0405  0.100
 2285  5.389  -21.52  0.08183  0.0405  0.105
 2286  5.389  -21.41  0.08163  0.0405  0.105
 2287  5.389  -21.31  0.08145  0.0405  0.100
 2288  5.389  -21.21  0.08130  0.0405  0.100
 2289  5.389  -21.11  0.08116  0.0405  0.100
 2290  5.389  -21.01  0.08104  0.0405  0.100
 2291  5.389  -20.91  0.08093  0.0405  0.100
 2292  5.389  -20.81  0.08083  0.0405  0.100
 2293  5.389  -20.71  0.08074  0.0405  0.100
 2294  5.389  -20.61  0.08066  0.0405  0.100
 2295  5.389  -20.51  0.08059  0.0405  0.105
 2296  5.389  -20.40  0.08053  0.0405  0.105
 2297  5.389  -20.30  0.08048  0.0405  0.100
 2298  5.389  -20.20  0.08043  0.0405  0.100
 2299  5.389  -20.10  0.08038  0.0405  0.100
 2300  5.389  -20.00  0.08034  0.0405  0.100
 2301  5.429  -30.00  0.98742  0.0405  0.100
 2302  5.429  -29.90  0.98686  0.0405  0.100
 2303  5.429  -29.80  0.98618  0.0405  0.100
 2304  5.429  -29.70  0.98537  0.0405  0.100
 2305  5.429  -29.60  0.98440  0.0405  0.105
 2306  5.429  -29.49  0.98324  0.0405  0.105
 2307  5.429  -29.39  0.98185  0.0405  0.100
 2308  5.429  -29.29  0.98018  0.0405  0.100
 2309  5.429  -29.19  0.97821  0.0405  0.100
 2310  5.429  -29.09  0.97586  0.0405  0.100
 2311  5.429  -28.99  0.97307  0.0405  0.100
 2312  5.429  -28.89  0.96978  0.0405  0.100
 2313  5.429  -28.79  0.96590  0.0405  0.100
 2314  5.429  -28.69  0.96133  0.0405  0.100
 2315  5.429  -28.59  0.95598  0.0405  0.105
 2316  5.429  -28.48  0.94973  0.0405  0.105
 2317  5.429  -28.38  0.94244  0.0405  0.100
 2318  5.429  -28.28  0.93400  0.0405  0.100
 2319  5.429  -28.18  0.92424  0.0405  0.100
 2320  5.429  -28.08  0.91303  0.0405  0.100
 2321  5.429  -27.98  0.90021  0.0405  0.100
 2322  5.429  -27.88  0.88564  0.0405  0.100
 2323  5.429  -27.78  0.86917  0.0405  0.100
 2324  5.429  -27.68  0.85070  0.0405  0.100
 2325  5.429  -27.58  0.83013  0.0405  0.105
 2326  5.429  -27.47  0.80741  0.0405  0.105
 2327  5.429  -27.37  0.78255  0.0405  0.100
 2328  5.429  -27.27  0.75558  0.0405  0.100
 2329  5.429  -27.17  0.72663  0.0405  0.100
 2330  5.429  -27.07  0.69587  0.0405  0.100
 2331  5.429  -26.97  0.66357  0.0405  0.100
 2332  5.429  -26.87  0.63003  0.0405  0.100
 2333  5.429  -26.77  0.59560  0.0405  0.100
 2334  5.429  -26.67  0.56069  0.0405  0.100
 2335  5.429  -26.57  0.52570  0.0405  0.105
 2336  5.429  -26.46  0.49105  0.0405  0.105
 2337  5.429  -26.36  0.45713  0.0405  0.100
 2338  5.429  -26.26  0.42429  0.0405  0.100
 2339  5.429  -26.16  0.39283  0.0405  0.100
 2340  5.429  -26.06  0.36299  0.0405  0.100
 2341  5.429  -25.96  0.33496  0.0405  0.100
 2342  5.429  -25.86  0.30885  0.0405  0.100
 2343  5.429  -25.76  0.28472  0.0405  0.100
 2344  5.429  -25.66  0.26260  0.0405  0.100
 2345  5.429  -25.56  0.24243  0.0405  0.105
 2346  5.429  -25.45  0.22415  0.0405  0.105
 2347  5.429  -25.35  0.20768  0.0405  0.100
 2348  5.429  -25.25  0.19290  0.0405  0.100
 2349  5.429  -25.15  0.17969  0.0405  0.100
 2350  5.429  -25.05  0.16792  0.0405  0.100
 2351  5.429  -24.95  0.15747  0.0405  0.100
 2352  5.429  -24.85  0.14820  0.0405  0.100
 2353  5.429  -24.75  0.14002  0.0405  0.100
 2354  5.429  -24.65  0.13279  0.0405  0.100
 2355  5.429  -24.55  0.12642  0.0405  0.105
 2356  5.429  -24.44  0.12081  0.0405  0.105
 2357  5.429  -24.34  0.11588  0.0405  0.100
 2358  5.429  -24.24  0.11155  0.0405  0.100
 2359  5.429  -24.14  0.10775  0.0405  0.100
 2360  5.429  -24.04  0.10440  0.0405  0.100
 2361  5.429  -23.94  0.10147  0.0405  0.100
 2362  5.429  -23.84  0.09890  0.0405  0.100
 2363  5.429  -23.74  0.09664  0.0405  0.100
 2364  5.429  -23.64  0.09465  0.0405  0.100
 2365  5.429  -23.54  0.09291  0.0405  0.105
 2366  5.429  -23.43  0.09138  0.0405  0.105
 2367  5.429  -23.33  0.09004  0.0405  0.100
 2368  5.429  -23.23  0.08886  0.0405  0.100
 2369  5.429  -23.13  0.08782  0.0405  0.100
 2370  5.429  -23.03  0.08691  0.0405  0.100
 2371  5.429  -22.93  0.08611  0.0405  0.100
 2372  5.429  -22.83  0.08540  0.0405  0.100
 2373  5.429  -22.73  0.08478  0.0405  0.100
 2374  5.429  -22.63  0.08423  0.0405  0.100
 2375  5.429  -22.53  0.08375  0.0405  0.105
 2376  5.429  -22.42  0.08332  0.0405  0.105
 2377  5.429  -22.32  0.08295  0.0405  0.100
 2378  5.429  -22.22  0.08261  0.0405  0.100
 2379  5.429  -22.12  0.08232  0.0405  0.100
 2380  5.429  -22.02  0.08206  0.0405  0.100
 2381  5.429  -21.92  0.08183  0.0405  0.100
 2382  5.429  -21.82  0.08163  0.0405  0.100
 2383  5.429  -21.72  0.08145  0.0405  0.100
 2384  5.429  -21.62  0.08129  0.0405  0.100
 2385  5.429  -21.52  0.08115  0.0405  0.105
 2386  5.429  -21.41  0.08103  0.0405  0.105
 2387  5.429  -21.31  0.08091  0.0405  0.100
 2388  5.429  -21.21  0.08082  0.0405  0.100
 2389  5.429  -21.11  0.08073  0.0405  0.100
 2390  5.429  -21.01  0.08065  0.0405  0.100
 2391  5.429  -20.91  0.08058  0.0405  0.100
 2392  5.429  -20.81  0.08052  0.0405  0.100
 2393  5.429  -20.71  0.08047  0.0405  0.100
 2394  5.429  -20.61  0.08042  0.0405  0.100
 2395  5.429  -20.51  0.08037  0.0405  0.105
 2396  5.429  -20.40  0.08033  0.0405  0.105
 2397  5.429  -20.30  0.08030  0.0405  0.100
 2398  5.429  -20.20  0.08027  0.0405  0.100
 2399  5.429  -20.10  0.08024  0.0405  0.100
 2400  5.429  -20.00  0.08022  0.0405  0.100
 2401  5.470  -30.00  0.98590  0.0405  0.100
 2402  5.470  -29.90  0.98501  0.0405  0.100
 2403  5.470  -29.80  0.98394  0.0405  0.100
 2404  5.470  -29.70  0.98266  0.0405  0.100
 2405  5.470  -29.60  0.98112  0.0405  0.105
 2406  5.470  -29.49  0.97929  0.0405  0.105
 2407  5.470  -29.39  0.97709  0.0405  0.100
 2408  5.470  -29.29  0.97448  0.0405  0.100
 2409  5.470  -29.19  0.97138  0.0405  0.100
 2410  5.470  -29.09  0.96770  0.0405  0.100
 2411  5.470  -28.99  0.96336  0.0405  0.100
 2412  5.470  -28.89  0.95824  0.0405  0.100
 2413  5.470  -28.79  0.95224  0.0405  0.100
 2414  5.470  -28.69  0.94521  0.0405  0.100
 2415  5.470  -28.59  0.93703  0.0405  0.105
 2416  5.470  -28.48  0.92754  0.0405  0.105
 2417  5.470  -28.38  0.91659  0.0405  0.100
 2418  5.470  -28.28  0.90400  0.0405  0.100
 2419  5.470  -28.18  0.88964  0.0405  0.100
 2420  5.470  -28.08  0.87334  0.0405  0.100
 2421  5.470  -27.98  0.85498  0.0405  0.100
 2422  5.470  -27.88  0.83446  0.0405  0.100
 2423  5.470  -27.78  0.81171  0.0405  0.100
 2424  5.470  -27.68  0.78672  0.0405  0.100
 2425  5.470  -27.58  0.75953  0.0405  0.105
 2426  5.470  -27.47  0.73025  0.0405  0.105
 2427  5.470  -27.37  0.69907  0.0405  0.100
 2428  5.470  -27.27  0.66625  0.0405  0.100
 2429  5.470  -27.17  0.63211  0.0405  0.100
 2430  5.470  -27.07  0.59703  0.0405  0.100
 2431  5.470  -26.97  0.56143  0.0405  0.100
 2432  5.470  -26.87  0.52574  0.0405  0.100
 2433  5.470  -26.77  0.49040  0.0405  0.100
 2434  5.470  -26.67  0.45582  0.0405  0.100
 2435  5.470  -26.57  0.42238  0.0405  0.105
 2436  5.470  -26.46  0.39040  0.0405  0.105
 2437  5.470  -26.36  0.36012  0.0405  0.100
 2438  5.470  -26.26  0.33173  0.0405  0.100
 2439  5.470  -26.16  0.30536  0.0405  0.100
 2440  5.470  -26.06  0.28105  0.0405  0.100
 2441  5.470  -25.96  0.25882  0.0405  0.100
 2442  5.470  -25.86  0.23862  0.0405  0.100
 2443  5.470  -25.76  0.22038  0.0405  0.100
 2444  5.470  -25.66  0.20398  0.0405  0.100
 2445  5.470  -25.56  0.18931  0.0405  0.105
 2446  5.470  -25.45  0.17625  0.0405  0.105
 2447  5.470  -25.35  0.16464  0.0405  0.100
 2448  5.470  -25.25  0.15437  0.0405  0.100
 2449  5.470  -25.15  0.14530  0.0405  0.100
 2450  5.470  -25.05  0.13730  0.0405  0.100
 2451  5.470  -24.95  0.13027  0.0405  0.100
 2452  5.470  -24.85  0.12408  0.0405  0.100
 2453  5.470  -24.75  0.11866  0.0405  0.100
 2454  5.470  -24.65  0.11390  0.0405  0.100
 2455  5.470  -24.55  0.10973  0.0405  0.105
 2456  5.470  -24.44  0.10608  0.0405  0.105
 2457  5.470  -24.34  0.10288  0.0405  0.100
 2458  5.470  -24.24  0.10008  0.0405  0.100
 2459  5.470  -24.14  0.09763  0.0405  0.100
 2460  5.470  -24.04  0.09549  0.0405  0.100
 2461  5.470  -23.94  0.09361  0.0405  0.100
 2462  5.470  -23.84  0.09197  0.0405  0.100
 2463  5.470  -23.74  0.09052  0.0405  0.100
 2464  5.470  -23.64  0.08926  0.0405  0.100
 2465  5.470  -23.54  0.08816  0.0405  0.105
 2466  5.470  -23.43  0.08718  0.0405  0.105
 2467  5.470  -23.33  0.08633  0.0405  0.100
 2468  5.470  -23.23  0.08559  0.0405  0.100
 2469  5.470  -23.13  0.08493  0.0405  0.100
 2470  5.470  -23.03  0.08435  0.0405  0.100
 2471  5.470  -22.93  0.08385  0.0405  0.100
 2472  5.470  -22.83  0.08340  0.0405  0.100
 2473  5.470  -22.73  0.08301  0.0405  0.100
 2474  5.470  -22.63  0.08266  0.0405  0.100
 2475  5.470  -22.53  0.08236  0.0405  0.105
 2476  5.470  -22.42  0.08209  0.0405  0.105
 2477  5.470  -22.32  0.08185  0.0405  0.100
 2478  5.470  -22.22  0.08164  0.0405  0.100
 2479  5.470  -22.12  0.08146  0.0405  0.100
 2480  5.470  -22.02  0.08130  0.0405  0.100
 2481  5.470  -21.92  0.08115  0.0405  0.100
 2482  5.470  -21.82  0.08102  0.0405  0.100
 2483  5.470  -21.72  0.08091  0.0405  0.100
 2484  5.470  -21.62  0.08081  0.0405  0.100
 2485  5.470  -21.52  0.08072  0.0405  0.105
 2486  5.470  -21.41  0.08064  0.0405  0.105
 2487  5.470  -21.31  0.08057  0.0405  0.100
 2488  5.470  -21.21  0.08051  0.0405  0.100
 2489  5.470  -21.11  0.08046  0.0405  0.100
 2490  5.470  -21.01  0.08041  0.0405  0.100
 2491  5.470  -20.91  0.08037  0.0405  0.100
 2492  5.470  -20.81  0.08033  0.0405  0.100
 2493  5.470  -20.71  0.08029  0.0405  0.100
 2494  5.470  -20.61  0.08026  0.0405  0.100
 2495  5.470  -20.51  0.08023  0.0405  0.105
 2496  5.470  -20.40  0.08021  0.0405  0.105
 2497  5.470  -20.30  0.08019  0.0405  0.100
 2498  5.470  -20.20  0.08017  0.0405  0.100
 2499  5.470  -20.10  0.08015  0.0405  0.100
 2500  5.470  -20.00  0.08014  0.0405  0.100
 2501  5.510  -30.00  0.98349  0.0405  0.100
 2502  5.510  -29.90  0.98209  0.0405  0.100
 2503  5.510  -29.80  0.98040  0.0405  0.100
 2504  5.510  -29.70  0.97838  0.0405  0.100
 2505  5.510  -29.60  0.97596  0.0405  0.105
 2506  5.510  -29.49  0.97307  0.0405  0.105
 2507  5.510  -29.39  0.96963  0.0405  0.100
 2508  5.510  -29.29  0.96555  0.0405  0.100
 2509  5.510  -29.19  0.96071  0.0405  0.100
 2510  5.510  -29.09  0.95502  0.0405  0.100
 2511  5.510  -28.99  0.94832  0.0405  0.100
 2512  5.510  -28.89  0.94048  0.0405  0.100
 2513  5.510  -28.79  0.93134  0.0405  0.100
 2514  5.510  -28.69  0.92074  0.0405  0.100
 2515  5.510  -28.59  0.90851  0.0405  0.105
 2516  5.510  -28.48  0.89448  0.0405  0.105
 2517  5.510  -28.38  0.87849  0.0405  0.100
 2518  5.510  -28.28  0.86039  0.0405  0.100
 2519  5.510  -28.18  0.84006  0.0405  0.100
 2520  5.510  -28.08  0.81743  0.0405  0.100
 2521  5.510  -27.98  0.79246  0.0405  0.100
 2522  5.510  -27.88  0.76519  0.0405  0.100
 2523  5.510  -27.78  0.73573  0.0405  0.100
 2524  5.510  -27.68  0.70424  0.0405  0.100
 2525  5.510  -27.58  0.67100  0.0405  0.105
 2526  5.510  -27.47  0.63633  0.0405  0.105
 2527  5.510  -27.37  0.60063  0.0405  0.100
 2528  5.510  -27.27  0.56434  0.0405  0.100
 2529  5.510  -27.17  0.52792  0.0405  0.100
 2530  5.510  -27.07  0.49185  0.0405  0.100
 2531  5.510  -26.97  0.45654  0.0405  0.100
 2532  5.510  -26.87  0.42242  0.0405  0.100
 2533  5.510  -26.77  0.38980  0.0405  0.100
 2534  5.510  -26.67  0.35897  0.0405  0.100
 2535  5.510  -26.57  0.33011  0.0405  0.105
 2536  5.510  -26.46  0.30335  0.0405  0.105
 2537  5.510  -26.36  0.27875  0.0405  0.100
 2538  5.510  -26.26  0.25630  0.0405  0.100
 2539  5.510  -26.16  0.23596  0.0405  0.100
 2540  5.510  -26.06  0.21764  0.0405  0.100
 2541  5.510  -25.96  0.20122  0.0405  0.100
 2542  5.510  -25.86  0.18658  0.0405  0.100
 2543  5.510  -25.76  0.17357  0.0405  0.100
 2544  5.510  -25.66  0.16206  0.0405  0.100
 2545  5.510  -25.56  0.15190  0.0405  0.105
 2546  5.510  -25.45  0.14295  0.0405  0.105
 2547  5.510  -25.35  0.13509  0.0405  0.100
 2548  5.510  -25.25  0.12820  0.0405  0.100
 2549  5.510  -25.15  0.12216  0.0405  0.100
 2550  5.510  -25.05  0.11687  0.0405  0.100
 2551  5.510  -24.95  0.11225  0.0405  0.100
 2552  5.510  -24.85  0.10821  0.0405  0.100
 2553  5.510  -24.75  0.10468  0.0405  0.100
 2554  5.510  -24.65  0.10160  0.0405  0.100
 2555  5.510  -24.55  0.09891  0.0405  0.105
 2556  5.510  -24.44  0.09656  0.0405  0.105
 2557  5.510  -24.34  0.09451  0.0405  0.100
 2558  5.510  -24.24  0.09272  0.0405  0.100
 2559  5.510  -24.14  0.09116  0.0405  0.100
 2560  5.510  -24.04  0.08979  0.0405  0.100
 2561  5.510  -23.94  0.08860  0.0405  0.100
 2562  5.510  -23.84  0.08756  0.0405  0.100
 2563  5.510  -23.74  0.08664  0.0405  0.100
 2564  5.510  -23.64  0.08584  0.0405  0.100
 2565  5.510  -23.54  0.08514  0.0405  0.105
 2566  5.510  -23.43  0.08453  0.0405  0.105
 2567  5.510  -23.33  0.08399  0.0405  0.100
 2568  5.510  -23.23  0.08352  0.0405  0.100
 2569  5.510  -23.13  0.08310  0.0405  0.100
 2570  5.510  -23.03  0.08274  0.0405  0.100
 2571  5.510  -22.93  0.08242  0.0405  0.100
 2572  5.510  -22.83  0.08214  0.0405  0.100
 2573  5.510  -22.73  0.08189  0.0405  0.100
 2574  5.510  -22.63  0.08167  0.0405  0.100
 2575  5.510  -22.53  0.08148  0.0405  0.105
 2576  5.510  -22.42  0.08131  0.0405  0.105
 2577  5.510  -22.32  0.08117  0.0405  0.100
 2578  5.510  -22.22  0.08103  0.0405  0.100
 2579  5.510  -22.12  0.08092  0.0405  0.100
 2580  5.510  -22.02  0.08082  0.0405  0.100
 2581  5.510  -21.92  0.08072  0.0405  0.100
 2582  5.510  -21.82  0.08064  0.0405  0.100
 2583  5.510  -21.72  0.08057  0.0405  0.100
 2584  5.510  -21.62  0.08051  0.0405  0.100
 2585  5.510  -21.52  0.08045  0.0405  0.105
 2586  5.510  -21.41  0.08041  0.0405  0.105
 2587  5.510  -21.31  0.08036  0.0405  0.100
 2588  5.510  -21.21  0.08032  0.0405  0.100
 2589  5.510  -21.11  0.08029  0.0405  0.100
 2590  5.510  -21.01  0.08026  0.0405  0.100
 2591  5.510  -20.91  0.08023  0.0405  0.100
 2592  5.510  -20.81  0.08021  0.0405  0.100
 2593  5.510  -20.71  0.08018  0.0405  0.100
 2594  5.510  -20.61  0.08016  0.0405  0.100
 2595  5.510  -20.51  0.08015  0.0405  0.105
 2596  5.510  -20.40  0.08013  0.0405  0.105
 2597  5.510  -20.30  0.08012  0.0405  0.100
 2598  5.510  -20.20  0.08011  0.0405  0.100
 2599  5.510  -20.10  0.08010  0.0405  0.100
 2600  5.510  -20.00  0.08009  0.0405  0.100
 2601  5.551  -30.00  0.97968  0.0405  0.100
 2602  5.551  -29.90  0.97747  0.0405  0.100
 2603  5.551  -29.80  0.97481  0.0405  0.100
 2604  5.551  -29.70  0.97164  0.0405  0.100
 2605  5.551  -29.60  0.96785  0.0405  0.105
 2606  5.551  -29.49  0.96334  0.0405  0.105
 2607  5.551  -29.39  0.95800  0.0405  0.100
 2608  5.551  -29.29  0.95169  0.0405  0.100
 2609  5.551  -29.19  0.94426  0.0405  0.100
 2610  5.551  -29.09  0.93556  0.0405  0.100
 2611  5.551  -28.99  0.92542  0.0405  0.100
 2612  5.551  -28.89  0.91365  0.0405  0.100
 2613  5.551  -28.79  0.90008  0.0405  0.100
 2614  5.551  -28.69  0.88453  0.0405  0.100
 2615  5.551  -28.59  0.86684  0.0405  0.105
 2616  5.551  -28.48  0.84687  0.0405  0.105
 2617  5.551  -28.38  0.82452  0.0405  0.100
 2618  5.551  -28.28  0.79975  0.0405  0.100
 2619  5.551  -28.18  0.77257  0.0405  0.100
 2620  5.551  -28.08  0.74306  0.0405  0.100
 2621  5.551  -27.98  0.71140  0.0405  0.100
 2622  5.551  -27.88  0.67784  0.0405  0.100
 2623  5.551  -27.78  0.64273  0.0405  0.100
 2624  5.551  -27.68  0.60646  0.0405  0.100
 2625  5.551  -27.58  0.56950  0.0405  0.105
 2626  5.551  -27.47  0.53235  0.0405  0.105
 2627  5.551  -27.37  0.49548  0.0405  0.100
 2628  5.551  -27.27  0.45938  0.0405  0.100
 2629  5.551  -27.17  0.42447  0.0405  0.100
 2630  5.551  -27.07  0.39111  0.0405  0.100
 2631  5.551  -26.97  0.35960  0.0405  0.100
 2632  5.551  -26.87  0.33014  0.0405  0.100
 2633  5.551  -26.77  0.30286  0.0405  0.100
 2634  5.551  -26.67  0.27783  0.0405  0.100
 2635  5.551  -26.57  0.25504  0.0405  0.105
 2636  5.551  -26.46  0.23443  0.0405  0.105
 2637  5.551  -26.36  0.21592  0.0405  0.100
 2638  5.551  -26.26  0.19938  0.0405  0.100
 2639  5.551  -26.16  0.18466  0.0405  0.100
 2640  5.551  -26.06  0.17163  0.0405  0.100
 2641  5.551  -25.96  0.16014  0.0405  0.100
 2642  5.551  -25.86  0.15002  0.0405  0.100
 2643  5.551  -25.76  0.14113  0.0405  0.100
 2644  5.551  -25.66  0.13335  0.0405  0.100
 2645  5.551  -25.56  0.12654  0.0405  0.105
 2646  5.551  -25.45  0.12060  0.0405  0.105
 2647  5.551  -25.35  0.11541  0.0405  0.100
 2648  5.551  -25.25  0.11089  0.0405  0.100
 2649  5.551  -25.15  0.10695  0.0405  0.100
 2650  5.551  -25.05  0.10352  0.0405  0.100
 2651  5.551  -24.95  0.10053  0.0405  0.100
 2652  5.551  -24.85  0.09793  0.0405  0.100
 2653  5.551  -24.75  0.09567  0.0405  0.100
 2654  5.551  -24.65  0.09369  0.0405  0.100
 2655  5.551  -24.55  0.09198  0.0405  0.105
 2656  5.551  -24.44  0.09048  0.0405  0.105
 2657  5.551  -24.34  0.08917  0.0405  0.100
 2658  5.551  -24.24  0.08804  0.0405  0.100
 2659  5.551  -24.14  0.08705  0.0405  0.100
 2660  5.551  -24.04  0.08618  0.0405  0.100
 2661  5.551  -23.94  0.08542  0.0405  0.100
 2662  5.551  -23.84  0.08476  0.0405  0.100
 2663  5.551  -23.74  0.08418  0.0405  0.100
 2664  5.551  -23.64  0.08368  0.0405  0.100
 2665  5.551  -23.54  0.08324  0.0405  0.105
 2666  5.551  -23.43  0.08285  0.0405  0.105
 2667  5.551  -23.33  0.08251  0.0405  0.100
 2668  5.551  -23.23  0.08221  0.0405  0.100
 2669  5.551  -23.13  0.08195  0.0405  0.100
 2670  5.551  -23.03  0.08172  0.0405  0.100
 2671  5.551  -22.93  0.08152  0.0405  0.100
 2672  5.551  -22.83  0.08135  0.0405  0.100
 2673  5.551  -22.73  0.08119  0.0405  0.100
 2674  5.551  -22.63  0.08105  0.0405  0.100
 2675  5.551  -22.53  0.08093  0.0405  0.105
 2676  5.551  -22.42  0.08083  0.0405  0.105
 2677  5.551  -22.32  0.08073  0.0405  0.100
 2678  5.551  -22.22  0.08065  0.0405  0.100
 2679  5.551  -22.12  0.08058  0.0405  0.100
 2680  5.551  -22.02  0.08051  0.0405  0.100
 2681  5.551  -21.92  0.08046  0.0405  0.100
 2682  5.551  -21.82  0.08040  0.0405  0.100
 2683  5.551  -21.72  0.08036  0.0405  0.100
 2684  5.551  -21.62  0.08032  0.0405  0.100
 2685  5.551  -21.52  0.08029  0.0405  0.105
 2686  5.551  -21.41  0.08025  0.0405  0.105
 2687  5.551  -21.31  0.08023  0.0405  0.100
 2688  5.551  -21.21  0.08020  0.0405  0.100
 2689  5.551  -21.11  0.08018  0.0405  0.100
 2690  5.551  -21.01  0.08016  0.0405  0.100
 2691  5.551  -20.91  0.08014  0.0405  0.100
 2692  5.551  -20.81  0.08013  0.0405  0.100
 2693  5.551  -20.71  0.08012  0.0405  0.100
 2694  5.551  -20.61  0.08010  0.0405  0.100
 2695  5.551  -20.51  0.08009  0.0405  0.105
 2696  5.551  -20.40  0.08008  0.0405  0.105
 2697  5.551  -20.30  0.08007  0.0405  0.100
 2698  5.551  -20.20  0.08007  0.0405  0.100
 2699  5.551  -20.10  0.08006  0.0405  0.100
 2700  5.551  -20.00  0.08005  0.0405  0.100
 2701  5.591  -30.00  0.97369  0.0400  0.100
 2702  5.591  -29.90  0.97022  0.0400  0.100
 2703  5.591  -29.80  0.96607  0.0400  0.100
 2704  5.591  -29.70  0.96112  0.0400  0.100
 2705  5.591  -29.60  0.95525  0.0400  0.105
 2706  5.591  -29.49  0.94830  0.0400  0.105
 2707  5.591  -29.39  0.94011  0.0400  0.100
 2708  5.591  -29.29  0.93051  0.0400  0.100
 2709  5.591  -29.19  0.91931  0.0400  0.100
 2710  5.591  -29.09  0.90633  0.0400  0.100
 2711  5.591  -28.99  0.89136  0.0400  0.100
 2712  5.591  -28.89  0.87423  0.0400  0.100
 2713  5.591  -28.79  0.85479  0.0400  0.100
 2714  5.591  -28.69  0.83291  0.0400  0.100
 2715  5.591  -28.59  0.80852  0.0400  0.105
 2716  5.591  -28.48  0.78160  0.0400  0.105
 2717  5.591  -28.38  0.75223  0.0400  0.100
 2718  5.591  -28.28  0.72055  0.0400  0.100
 2719  5.591  -28.18  0.68681  0.0400  0.100
 2720  5.591  -28.08  0.65136  0.0400  0.100
 2721  5.591  -27.98  0.61460  0.0400  0.100
 2722  5.591  -27.88  0.57701  0.0400  0.100
 2723  5.591  -27.78  0.53910  0.0400  0.100
 2724  5.591  -27.68  0.50141  0.0400  0.100
 2725  5.591  -27.58  0.46444  0.0400  0.105
 2726  5.591  -27.47  0.42864  0.0400  0.105
 2727  5.591  -27.37  0.39442  0.0400  0.100
 2728  5.591  -27.27  0.36209  0.0400  0.100
 2729  5.591  -27.17  0.33189  0.0400  0.100
 2730  5.591  -27.07  0.30395  0.0400  0.100
 2731  5.591  -26.97  0.27834  0.0400  0.100
 2732  5.591  -26.87  0.25506  0.0400  0.100
 2733  5.591  -26.77  0.23406  0.0400  0.100
 2734  5.591  -26.67  0.21523  0.0400  0.100
 2735  5.591  -26.57  0.19845  0.0400  0.105
 2736  5.591  -26.46  0.18357  0.0400  0.105
 2737  5.591  -26.36  0.17042  0.0400  0.100
 2738  5.591  -26.26  0.15886  0.0400  0.100
 2739  5.591  -26.16  0.14870  0.0400  0.100
 2740  5.591  -26.06  0.13982  0.0400  0.100
 2741  5.591  -25.96  0.13206  0.0400  0.100
 2742  5.591  -25.86  0.12529  0.0400  0.100
 2743  5.591  -25.76  0.11940  0.0400  0.100
 2744  5.591  -25.66  0.11427  0.0400  0.100
 2745  5.591  -25.56  0.10981  0.0400  0.105
 2746  5.591  -25.45  0.10594  0.0400  0.105
 2747  5.591  -25.35  0.10258  0.0400  0.100
 2748  5.591  -25.25  0.09966  0.0400  0.100
 2749  5.591  -25.15  0.09712  0.0400  0.100
 2750  5.591  -25.05  0.09492  0.0400  0.100
 2751  5.591  -24.95  0.09301  0.0400  0.100
 2752  5.591  -24.85  0.09135  0.0400  0.100
 2753  5.591  -24.75  0.08991  0.0400  0.100
 2754  5.591  -24.65  0.08865  0.0400  0.100
 2755  5.591  -24.55  0.08756  0.0400  0.105
 2756  5.591  -24.44  0.08661  0.0400  0.105
 2757  5.591  -24.34  0.08579  0.0400  0.100
 2758  5.591  -24.24  0.08507  0.0400  0.100
 2759  5.591  -24.14  0.08444  0.0400  0.100
 2760  5.591  -24.04  0.08389  0.0400  0.100
 2761  5.591  -23.94  0.08342  0.0400  0.100
 2762  5.591  -23.84  0.08300  0.0400  0.100
 2763  5.591  -23.74  0.08263  0.0400  0.100
 2764  5.591  -23.64  0.08232  0.0400  0.100
 2765  5.591  -23.54  0.08204  0.0400  0.105
 2766  5.591  -23.43  0.08179  0.0400  0.105
 2767  5.591  -23.33  0.08158  0.0400  0.100
 2768  5.591  -23.23  0.08139  0.0400  0.100
 2769  5.591  -23.13  0.08123  0.0400  0.100
 2770  5.591  -23.03  0.08108  0.0400  0.100
 2771  5.591  -22.93  0.08096  0.0400  0.100
 2772  5.591  -22.83  0.08085  0.0400  0.100
 2773  5.591  -22.73  0.08075  0.0400  0.100
 2774  5.591  -22.63  0.08066  0.0400  0.100
 2775  5.591  -22.53  0.08059  0.0400  0.105
 2776  5.591  -22.42  0.08052  0.0400  0.105
 2777  5.591  -22.32  0.08046  0.0400  0.100
 2778  5.591  -22.22  0.08041  0.0400  0.100
 2779  5.591  -22.12  0.08036  0.0400  0.100
 2780  5.591  -22.02  0.08032  0.0400  0.100
 2781  5.591  -21.92  0.08029  0.0400  0.100
 2782  5.591  -21.82  0.08025  0.0400  0.100
 2783  5.591  -21.72  0.08023  0.0400  0.100
 2784  5.591  -21.62  0.08020  0.0400  0.100
 2785  5.591  -21.52  0.08018  0.0400  0.105
 2786  5.591  -21.41  0.08016  0.0400  0.105
 2787  5.591  -21.31  0.08014  0.0400  0.100
 2788  5.591  -21.21  0.08013  0.0400  0.100
 2789  5.591  -21.11  0.08011  0.0400  0.100
 2790  5.591  -21.01  0.08010  0.0400  0.100
 2791  5.591  -20.91  0.08009  0.0400  0.100
 2792  5.591  -20.81  0.08008  0.0400  0.100
 2793  5.591  -20.71  0.08007  0.0400  0.100
 2794  5.591  -20.61  0.08006  0.0400  0.100
 2795  5.591  -20.51  0.08006  0.0400  0.105
 2796  5.591  -20.40  0.08005  0.0400  0.105
 2797  5.591  -20.30  0.08005  0.0400  0.100
 2798  5.591  -20.20  0.08004  0.0400  0.100
 2799  5.591  -20.10  0.08004  0.0400  0.100
 2800  5.591  -20.00  0.08003  0.0400  0.100
 2801  5.631  -30.00  0.96431  0.0405  0.100
 2802  5.631  -29.90  0.95892  0.0405  0.100
 2803  5.631  -29.80  0.95250  0.0405  0.100
 2804  5.631  -29.70  0.94489  0.0405  0.100
 2805  5.631  -29.60  0.93592  0.0405  0.105
 2806  5.631  -29.49  0.92539  0.0405  0.105
 2807  5.631  -29.39  0.91310  0.0405  0.100
 2808  5.631  -29.29  0.89885  0.0405  0.100
 2809  5.631  -29.19  0.88245  0.0405  0.100
 2810  5.631  -29.09  0.86371  0.0405  0.100
 2811  5.631  -28.99  0.84248  0.0405  0.100
 2812  5.631  -28.89  0.81866  0.0405  0.100
 2813  5.631  -28.79  0.79221  0.0405  0.100
 2814  5.631  -28.69  0.76316  0.0405  0.100
 2815  5.631  -28.59  0.73165  0.0405  0.105
 2816  5.631  -28.48  0.69791  0.0405  0.105
 2817  5.631  -28.38  0.66224  0.0405  0.100
 2818  5.631  -28.28  0.62509  0.0405  0.100
 2819  5.631  -28.18  0.58692  0.0405  0.100
 2820  5.631  -28.08  0.54829  0.0405  0.100
 2821  5.631  -27.98  0.50974  0.0405  0.100
 2822  5.631  -27.88  0.47183  0.0405  0.100
 2823  5.631  -27.78  0.43505  0.0405  0.100
 2824  5.631  -27.68  0.39984  0.0405  0.100
 2825  5.631  -27.58  0.36655  0.0405  0.105
 2826  5.631  -27.47  0.33544  0.0405  0.105
 2827  5.631  -27.37  0.30668  0.0405  0.100
 2828  5.631  -27.27  0.28034  0.0405  0.100
 2829  5.631  -27.17  0.25642  0.0405  0.100
 2830  5.631  -27.07  0.23488  0.0405  0.100
 2831  5.631  -26.97  0.21561  0.0405  0.100
 2832  5.631  -26.87  0.19847  0.0405  0.100
 2833  5.631  -26.77  0.18330  0.0405  0.100
 2834  5.631  -26.67  0.16994  0.0405  0.100
 2835  5.631  -26.57  0.15822  0.0405  0.105
 2836  5.631  -26.46  0.14795  0.0405  0.105
 2837  5.631  -26.36  0.13900  0.0405  0.100
 2838  5.631  -26.26  0.13120  0.0405  0.100
 2839  5.631  -26.16  0.12442  0.0405  0.100
 2840  5.631  -26.06  0.11853  0.0405  0.100
 2841  5.631  -25.96  0.11342  0.0405  0.100
 2842  5.631  -25.86  0.10899  0.0405  0.100
 2843  5.631  -25.76  0.10516  0.0405  0.100
 2844  5.631  -25.66  0.10184  0.0405  0.100
 2845  5.631  -25.56  0.09896  0.0405  0.105
 2846  5.631  -25.45  0.09648  0.0405  0.105
 2847  5.631  -25.35  0.09432  0.0405  0.100
 2848  5.631  -25.25  0.09245  0.0405  0.100
 2849  5.631  -25.15  0.09084  0.0405  0.100
 2850  5.631  -25.05  0.08943  0.0405  0.100
 2851  5.631  -24.95  0.08822  0.0405  0.100
 2852  5.631  -24.85  0.08717  0.0405  0.100
 2853  5.631  -24.75  0.08625  0.0405  0.100
 2854  5.631  -24.65  0.08546  0.0405  0.100
 2855  5.631  -24.55  0.08477  0.0405  0.105
 2856  5.631  -24.44  0.08417  0.0405  0.105
 2857  5.631  -24.34  0.08364  0.0405  0.100
 2858  5.631  -24.24  0.08319  0.0405  0.100
 2859  5.631  -24.14  0.08279  0.0405  0.100
 2860  5.631  -24.04  0.08245  0.0405  0.100
 2861  5.631  -23.94  0.08215  0.0405  0.100
 2862  5.631  -23.84  0.08189  0.0405  0.100
 2863  5.631  -23.74  0.08166  0.0405  0.100
 2864  5.631  -23.64  0.08146  0.0405  0.100
 2865  5.631  -23.54  0.08128  0.0405  0.105
 2866  5.631  -23.43  0.08113  0.0405  0.105
 2867  5.631  -23.33  0.08099  0.0405  0.100
 2868  5.631  -23.23  0.08088  0.0405  0.100
 2869  5.631  -23.13  0.08077  0.0405  0.100
 2870  5.631  -23.03  0.08068  0.0405  0.100
 2871  5.631  -22.93  0.08060  0.0405  0.100
 2872  5.631  -22.83  0.08053  0.0405  0.100
 2873  5.631  -22.73  0.08047  0.0405  0.100
 2874  5.631  -22.63  0.08042  0.0405  0.100
 2875  5.631  -22.53  0.08037  0.0405  0.105
 2876  5.631  -22.42  0.08033  0.0405  0.105
 2877  5.631  -22.32  0.08029  0.0405  0.100
 2878  5.631  -22.22  0.08026  0.0405  0.100
 2879  5.631  -22.12  0.08023  0.0405  0.100
 2880  5.631  -22.02  0.08020  0.0405  0.100
 2881  5.631  -21.92  0.08018  0.0405  0.100
 2882  5.631  -21.82  0.08016  0.0405  0.100
 2883  5.631  -21.72  0.08014  0.0405  0.100
 2884  5.631  -21.62  0.08013  0.0405  0.100
 2885  5.631  -21.52  0.08011  0.0405  0.105
 2886  5.631  -21.41  0.08010  0.0405  0.105
 2887  5.631  -21.31  0.08009  0.0405  0.100
 2888  5.631  -21.21  0.08008  0.0405  0.100
 2889  5.631  -21.11  0.08007  0.0405  0.100
 2890  5.631  -21.01  0.08006  0.0405  0.100
 2891  5.631  -20.91  0.08006  0.0405  0.100
 2892  5.631  -20.81  0.08005  0.0405  0.100
 2893  5.631  -20.71  0.08005  0.0405  0.100
 2894  5.631  -20.61  0.08004  0.0405  0.100
 2895  5.631  -20.51  0.08004  0.0405  0.105
 2896  5.631  -20.40  0.08003  0.0405  0.105
 2897  5.631  -20.30  0.08003  0.0405  0.100
 2898  5.631  -20.20  0.08003  0.0405  0.100
 2899  5.631  -20.10  0.08002  0.0405  0.100
 2900  5.631  -20.00  0.08002  0.0405  0.100
 2901  5.672  -30.00  0.94979  0.0405  0.100
 2902  5.672  -29.90  0.94151  0.0405  0.100
 2903  5.672  -29.80  0.93174  0.0405  0.100
 2904  5.672  -29.70  0.92026  0.0405  0.100
 2905  5.672  -29.60  0.90686  0.0405  0.105
 2906  5.672  -29.49  0.89132  0.0405  0.105
 2907  5.672  -29.39  0.87345  0.0405  0.100
 2908  5.672  -29.29  0.85306  0.0405  0.100
 2909  5.672  -29.19  0.83002  0.0405  0.100
 2910  5.672  -29.09  0.80425  0.0405  0.100
 2911  5.672  -28.99  0.77576  0.0405  0.100
 2912  5.672  -28.89  0.74464  0.0405  0.100
 2913  5.672  -28.79  0.71108  0.0405  0.100
 2914  5.672  -28.69  0.67538  0.0405  0.100
 2915  5.672  -28.59  0.63796  0.0405  0.105
 2916  5.672  -28.48  0.59932  0.0405  0.105
 2917  5.672  -28.38  0.55999  0.0405  0.100
 2918  5.672  -28.28  0.52059  0.0405  0.100
 2919  5.672  -28.18  0.48169  0.0405  0.100
 2920  5.672  -28.08  0.44383  0.0405  0.100
 2921  5.672  -27.98  0.40751  0.0405  0.100
 2922  5.672  -27.88  0.37311  0.0405  0.100
 2923  5.672  -27.78  0.34094  0.0405  0.100
 2924  5.672  -27.68  0.31117  0.0405  0.100
 2925  5.672  -27.58  0.28392  0.0405  0.105
 2926  5.672  -27.47  0.25921  0.0405  0.105
 2927  5.672  -27.37  0.23697  0.0405  0.100
 2928  5.672  -27.27  0.21710  0.0405  0.100
 2929  5.672  -27.17  0.19946  0.0405  0.100
 2930  5.672  -27.07  0.18389  0.0405  0.100
 2931  5.672  -26.97  0.17021  0.0405  0.100
 2932  5.672  -26.87  0.15823  0.0405  0.100
 2933  5.672  -26.77  0.14777  0.0405  0.100
 2934  5.672  -26.67  0.13867  0.0405  0.100
 2935  5.672  -26.57  0.13077  0.0405  0.105
 2936  5.672  -26.46  0.12392  0.0405  0.105
 2937  5.672  -26.36  0.11799  0.0405  0.100
 2938  5.672  -26.26  0.11286  0.0405  0.100
 2939  5.672  -26.16  0.10843  0.0405  0.100
 2940  5.672  -26.06  0.10460  0.0405  0.100
 2941  5.672  -25.96  0.10129  0.0405  0.100
 2942  5.672  -25.86  0.09844  0.0405  0.100
 2943  5.672  -25.76  0.09597  0.0405  0.100
 2944  5.672  -25.66  0.09385  0.0405  0.100
 2945  5.672  -25.56  0.09201  0.0405  0.105
 2946  5.672  -25.45  0.09042  0.0405  0.105
 2947  5.672  -25.35  0.08905  0.0405  0.100
 2948  5.672  -25.25  0.08786  0.0405  0.100
 2949  5.672  -25.15  0.08684  0.0405  0.100
 2950  5.672  -25.05  0.08595  0.0405  0.100
 2951  5.672  -24.95  0.08518  0.0405  0.100
 2952  5.672  -24.85  0.08452  0.0405  0.100
 2953  5.672  -24.75  0.08394  0.0405  0.100
 2954  5.672  -24.65  0.08344  0.0405  0.100
 2955  5.672  -24.55  0.08300  0.0405  0.105
 2956  5.672  -24.44  0.08262  0.0405  0.105
 2957  5.672  -24.34  0.08229  0.0405  0.100
 2958  5.672  -24.24  0.08201  0.0405  0.100
 2959  5.672  -24.14  0.08176  0.0405  0.100
 2960  5.672  -24.04  0.08154  0.0405  0.100
 2961  5.672  -23.94  0.08135  0.0405  0.100
 2962  5.672  -23.84  0.08119  0.0405  0.100
 2963  5.672  -23.74  0.08104  0.0405  0.100
 2964  5.672  -23.64  0.08092  0.0405  0.100
 2965  5.672  -23.54  0.08081  0.0405  0.105
 2966  5.672  -23.43  0.08071  0.0405  0.105
 2967  5.672  -23.33  0.08062  0.0405  0.100
 2968  5.672  -23.23  0.08055  0.0405  0.100
 2969  5.672  -23.13  0.08049  0.0405  0.100
 2970  5.672  -23.03  0.08043  0.0405  0.100
 2971  5.672  -22.93  0.08038  0.0405  0.100
 2972  5.672  -22.83  0.08033  0.0405  0.100
 2973  5.672  -22.73  0.08030  0.0405  0.100
 2974  5.672  -22.63  0.08026  0.0405  0.100
 2975  5.672  -22.53  0.08023  0.0405  0.105
 2976  5.672  -22.42  0.08021  0.0405  0.105
 2977  5.672  -22.32  0.08018  0.0405  0.100
 2978  5.672  -22.22  0.08016  0.0405  0.100
 2979  5.672  -22.12  0.08014  0.0405  0.100
 2980  5.672  -22.02  0.08013  0.0405  0.100
 2981  5.672  -21.92  0.08011  0.0405  0.100
 2982  5.672  -21.82  0.08010  0.0405  0.100
 2983  5.672  -21.72  0.08009  0.0405  0.100
 2984  5.672  -21.62  0.08008  0.0405  0.100
 2985  5.672  -21.52  0.08007  0.0405  0.105
 2986  5.672  -21.41  0.08006  0.0405  0.105
 2987  5.672  -21.31  0.08006  0.0405  0.100
 2988  5.672  -21.21  0.08005  0.0405  0.100
 2989  5.672  -21.11  0.08004  0.0405  0.100
 2990  5.672  -21.01  0.08004  0.0405  0.100
 2991  5.672  -20.91  0.08004  0.0405  0.100
 2992  5.672  -20.81  0.08003  0.0405  0.100
 2993  5.672  -20.71  0.08003  0.0405  0.100
 2994  5.672  -20.61  0.08003  0.0405  0.100
 2995  5.672  -20.51  0.08002  0.0405  0.105
 2996  5.672  -20.40  0.08002  0.0405  0.105
 2997  5.672  -20.30  0.08002  0.0405  0.100
 2998  5.672  -20.20  0.08002  0.0405  0.100
 2999  5.672  -20.10  0.08001  0.0405  0.100
 3000  5.672  -20.00  0.08001  0.0405  0.100
 3001  5.712  -30.00  0.92764  0.0405  0.100
 3002  5.712  -29.90  0.91519  0.0405  0.100
 3003  5.712  -29.80  0.90066  0.0405  0.100
 3004  5.712  -29.70  0.88382  0.0405  0.100
 3005  5.712  -29.60  0.86447  0.0405  0.105
 3006  5.712  -29.49  0.84242  0.0405  0.105
 3007  5.712  -29.39  0.81757  0.0405  0.100
 3008  5.712  -29.29  0.78988  0.0405  0.100
 3009  5.712  -29.19  0.75938  0.0405  0.100
 3010  5.712  -29.09  0.72624  0.0405  0.100
 3011  5.712  -28.99  0.69072  0.0405  0.100
 3012  5.712  -28.89  0.65323  0.0405  0.100
 3013  5.712  -28.79  0.61423  0.0405  0.100
 3014  5.712  -28.69  0.57431  0.0405  0.100
 3015  5.712  -28.59  0.53407  0.0405  0.105
 3016  5.712  -28.48  0.49415  0.0405  0.105
 3017  5.712  -28.38  0.45515  0.0405  0.100
 3018  5.712  -28.28  0.41759  0.0405  0.100
 3019  5.712  -28.18  0.38194  0.0405  0.100
 3020  5.712  -28.08  0.34852  0.0405  0.100
 3021  5.712  -27.98  0.31757  0.0405  0.100
 3022  5.712  -27.88  0.28923  0.0405  0.100
 3023  5.712  -27.78  0.26352  0.0405  0.100
 3024  5.712  -27.68  0.24040  0.0405  0.100
 3025  5.712  -27.58  0.21978  0.0405  0.105
 3026  5.712  -27.47  0.20150  0.0405  0.105
 3027  5.712  -27.37  0.18539  0.0405  0.100
 3028  5.712  -27.27  0.17126  0.0405  0.100
 3029  5.712  -27.17  0.15892  0.0405  0.100
 3030  5.712  -27.07  0.14818  0.0405  0.100
 3031  5.712  -26.97  0.13885  0.0405  0.100
 3032  5.712  -26.87  0.13078  0.0405  0.100
 3033  5.712  -26.77  0.12380  0.0405  0.100
 3034  5.712  -26.67  0.11777  0.0405  0.100
 3035  5.712  -26.57  0.11258  0.0405  0.105
 3036  5.712  -26.46  0.10810  0.0405  0.105
 3037  5.712  -26.36  0.10425  0.0405  0.100
 3038  5.712  -26.26  0.10093  0.0405  0.100
 3039  5.712  -26.16  0.09807  0.0405  0.100
 3040  5.712  -26.06  0.09561  0.0405  0.100
 3041  5.712  -25.96  0.09350  0.0405  0.100
 3042  5.712  -25.86  0.09167  0.0405  0.100
 3043  5.712  -25.76  0.09010  0.0405  0.100
 3044  5.712  -25.66  0.08875  0.0405  0.100
 3045  5.712  -25.56  0.08758  0.0405  0.105
 3046  5.712  -25.45  0.08658  0.0405  0.105
 3047  5.712  -25.35  0.08571  0.0405  0.100
 3048  5.712  -25.25  0.08496  0.0405  0.100
 3049  5.712  -25.15  0.08431  0.0405  0.100
 3050  5.712  -25.05  0.08375  0.0405  0.100
 3051  5.712  -24.95  0.08326  0.0405  0.100
 3052  5.712  -24.85  0.08284  0.0405  0.100
 3053  5.712  -24.75  0.08248  0.0405  0.100
 3054  5.712  -24.65  0.08216  0.0405  0.100
 3055  5.712  -24.55  0.08189  0.0405  0.105
 3056  5.712  -24.44  0.08165  0.0405  0.105
 3057  5.712  -24.34  0.08144  0.0405  0.100
 3058  5.712  -24.24  0.08126  0.0405  0.100
 3059  5.712  -24.14  0.08111  0.0405  0.100
 3060  5.712  -24.04  0.08097  0.0405  0.100
 3061  5.712  -23.94  0.08085  0.0405  0.100
 3062  5.712  -23.84  0.08075  0.0405  0.100
 3063  5.712  -23.74  0.08065  0.0405  0.100
 3064  5.712  -23.64  0.08058  0.0405  0.100
 3065  5.712  -23.54  0.08051  0.0405  0.105
 3066  5.712  -23.43  0.08045  0.0405  0.105
 3067  5.712  -23.33  0.08039  0.0405  0.100
 3068  5.712  -23.23  0.08035  0.0405  0.100
 3069  5.712  -23.13  0.08030  0.0405  0.100
 3070  5.712  -23.03  0.08027  0.0405  0.100
 3071  5.712  -22.93  0.08024  0.0405  0.100
 3072  5.712  -22.83  0.08021  0.0405  0.100
 3073  5.712  -22.73  0.08019  0.0405  0.100
 3074  5.712  -22.63  0.08016  0.0405  0.100
 3075  5.712  -22.53  0.08015  0.0405  0.105
 3076  5.712  -22.42  0.08013  0.0405  0.105
 3077  5.712  -22.32  0.08011  0.0405  0.100
 3078  5.712  -22.22  0.08010  0.0405  0.100
 3079  5.712  -22.12  0.08009  0.0405  0.100
 3080  5.712  -22.02  0.08008  0.0405  0.100
 3081  5.712  -21.92  0.08007  0.0405  0.100
 3082  5.712  -21.82  0.08006  0.0405  0.100
 3083  5.712  -21.72  0.08006  0.0405  0.100
 3084  5.712  -21.62  0.08005  0.0405  0.100
 3085  5.712  -21.52  0.08004  0.0405  0.105
 3086  5.712  -21.41  0.08004  0.0405  0.105
 3087  5.712  -21.31  0.08004  0.0405  0.100
 3088  5.712  -21.21  0.08003  0.0405  0.100
 3089  5.712  -21.11  0.08003  0.0405  0.100
 3090  5.712  -21.01  0.08003  0.0405  0.100
 3091  5.712  -20.91  0.08002  0.0405  0.100
 3092  5.712  -20.81  0.08002  0.0405  0.100
 3093  5.712  -20.71  0.08002  0.0405  0.100
 3094  5.712  -20.61  0.08002  0.0405  0.100
 3095  5.712  -20.51  0.08001  0.0405  0.105
 3096  5.712  -20.40  0.08001  0.0405  0.105
 3097  5.712  -20.30  0.08001  0.0405  0.100
 3098  5.712  -20.20  0.08001  0.0405  0.100
 3099  5.712  -20.10  0.08001  0.0405  0.100
 3100  5.712  -20.00  0.08001  0.0405  0.100
 3101  5.753  -30.00  0.89462  0.0405  0.100
 3102  5.753  -29.90  0.87647  0.0405  0.100
 3103  5.753  -29.80  0.85563  0.0405  0.100
 3104  5.753  -29.70  0.83193  0.0405  0.100
 3105  5.753  -29.60  0.80529  0.0405  0.105
 3106  5.753  -29.49  0.77569  0.0405  0.105
 3107  5.753  -29.39  0.74324  0.0405  0.100
 3108  5.753  -29.29  0.70817  0.0405  0.100
 3109  5.753  -29.19  0.67082  0.0405  0.100
 3110  5.753  -29.09  0.63167  0.0405  0.100
 3111  5.753  -28.99  0.59128  0.0405  0.100
 3112  5.753  -28.89  0.55029  0.0405  0.100
 3113  5.753  -28.79  0.50936  0.0405  0.100
 3114  5.753  -28.69  0.46916  0.0405  0.100
 3115  5.753  -28.59  0.43027  0.0405  0.105
 3116  5.753  -28.48  0.39321  0.0405  0.105
 3117  5.753  -28.38  0.35838  0.0405  0.100
 3118  5.753  -28.28  0.32605  0.0405  0.100
 3119  5.753  -28.18  0.29641  0.0405  0.100
 3120  5.753  -28.08  0.26951  0.0405  0.100
 3121  5.753  -27.98  0.24532  0.0405  0.100
 3122  5.753  -27.88  0.22375  0.0405  0.100
 3123  5.753  -27.78  0.20466  0.0405  0.100
 3124  5.753  -27.68  0.18786  0.0405  0.100
 3125  5.753  -27.58  0.17315  0.0405  0.105
 3126  5.753  -27.47  0.16033  0.0405  0.105
 3127  5.753  -27.37  0.14920  0.0405  0.100
 3128  5.753  -27.27  0.13956  0.0405  0.100
 3129  5.753  -27.17  0.13124  0.0405  0.100
 3130  5.753  -27.07  0.12407  0.0405  0.100
 3131  5.753  -26.97  0.11789  0.0405  0.100
 3132  5.753  -26.87  0.11258  0.0405  0.100
 3133  5.753  -26.77  0.10802  0.0405  0.100
 3134  5.753  -26.67  0.10411  0.0405  0.100
 3135  5.753  -26.57  0.10075  0.0405  0.105
 3136  5.753  -26.46  0.09786  0.0405  0.105
 3137  5.753  -26.36  0.09539  0.0405  0.100
 3138  5.753  -26.26  0.09326  0.0405  0.100
 3139  5.753  -26.16  0.09144  0.0405  0.100
 3140  5.753  -26.06  0.08987  0.0405  0.100
 3141  5.753  -25.96  0.08853  0.0405  0.100
 3142  5.753  -25.86  0.08737  0.0405  0.100
 3143  5.753  -25.76  0.08637  0.0405  0.100
 3144  5.753  -25.66  0.08552  0.0405  0.100
 3145  5.753  -25.56  0.08478  0.0405  0.105
 3146  5.753  -25.45  0.08414  0.0405  0.105
 3147  5.753  -25.35  0.08360  0.0405  0.100
 3148  5.753  -25.25  0.08312  0.0405  0.100
 3149  5.753  -25.15  0.08271  0.0405  0.100
 3150  5.753  -25.05  0.08236  0.0405  0.100
 3151  5.753  -24.95  0.08205  0.0405  0.100
 3152  5.753  -24.85  0.08179  0.0405  0.100
 3153  5.753  -24.75  0.08156  0.0405  0.100
 3154  5.753  -24.65  0.08136  0.0405  0.100
 3155  5.753  -24.55  0.08119  0.0405  0.105
 3156  5.753  -24.44  0.08104  0.0405  0.105
 3157  5.753  -24.34  0.08091  0.0405  0.100
 3158  5.753  -24.24  0.08079  0.0405  0.100
 3159  5.753  -24.14  0.08069  0.0405  0.100
 3160  5.753  -24.04  0.08061  0.0405  0.100
 3161  5.753  -23.94  0.08053  0.0405  0.100
 3162  5.753  -23.84  0.08047  0.0405  0.100
 3163  5.753  -23.74  0.08041  0.0405  0.100
 3164  5.753  -23.64  0.08036  0.0405  0.100
 3165  5.753  -23.54  0.08032  0.0405  0.105
 3166  5.753  -23.43  0.08028  0.0405  0.105
 3167  5.753  -23.33  0.08025  0.0405  0.100
 3168  5.753  -23.23  0.08022  0.0405  0.100
 3169  5.753  -23.13  0.08019  0.0405  0.100
 3170  5.753  -23.03  0.08017  0.0405  0.100
 3171  5.753  -22.93  0.08015  0.0405  0.100
 3172  5.753  -22.83  0.08013  0.0405  0.100
 3173  5.753  -22.73  0.08012  0.0405  0.100
 3174  5.753  -22.63  0.08010  0.0405  0.100
 3175  5.753  -22.53  0.08009  0.0405  0.105
 3176  5.753  -22.42  0.08008  0.0405  0.105
 3177  5.753  -22.32  0.08007  0.0405  0.100
 3178  5.753  -22.22  0.08006  0.0405  0.100
 3179  5.753  -22.12  0.08006  0.0405  0.100
 3180  5.753  -22.02  0.08005  0.0405  0.100
 3181  5.753  -21.92  0.08004  0.0405  0.100
 3182  5.753  -21.82  0.08004  0.0405  0.100
 3183  5.753  -21.72  0.08004  0.0405  0.100
 3184  5.753  -21.62  0.08003  0.0405  0.100
 3185  5.753  -21.52  0.08003  0.0405  0.105
 3186  5.753  -21.41  0.08002  0.0405  0.105
 3187  5.753  -21.31  0.08002  0.0405  0.100
 3188  5.753  -21.21  0.08002  0.0405  0.100
 3189  5.753  -21.11  0.08002  0.0405  0.100
 3190  5.753  -21.01  0.08002  0.0405  0.100
 3191  5.753  -20.91  0.08001  0.0405  0.100
 3192  5.753  -20.81  0.08001  0.0405  0.100
 3193  5.753  -20.71  0.08001  0.0405  0.100
 3194  5.753  -20.61  0.08001  0.0405  0.100
 3195  5.753  -20.51  0.08001  0.0405  0.105
 3196  5.753  -20.40  0.08001  0.0405  0.105
 3197  5.753  -20.30  0.08001  0.0405  0.100
 3198  5.753  -20.20  0.08001  0.0405  0.100
 3199  5.753  -20.10  0.08001  0.0405  0.100
 3200  5.753  -20.00  0.08001  0.0405  0.100
 3201  5.793  -30.00  0.84706  0.0400  0.100
 3202  5.793  -29.90  0.82174  0.0400  0.100
 3203  5.793  -29.80  0.79333  0.0400  0.100
 3204  5.793  -29.70  0.76188  0.0400  0.100
 3205  5.793  -29.60  0.72755  0.0400  0.105
 3206  5.793  -29.49  0.69064  0.0400  0.105
 3207  5.793  -29.39  0.65157  0.0400  0.100
 3208  5.793  -29.29  0.61092  0.0400  0.100
 3209  5.793  -29.19  0.56931  0.0400  0.100
 3210  5.793  -29.09  0.52745  0.0400  0.100
 3211  5.793  -28.99  0.48605  0.0400  0.100
 3212  5.793  -28.89  0.44576  0.0400  0.100
 3213  5.793  -28.79  0.40716  0.0400  0.100
 3214  5.793  -28.69  0.37074  0.0400  0.100
 3215  5.793  -28.59  0.33684  0.0400  0.105
 3216  5.793  -28.48  0.30568  0.0400  0.105
 3217  5.793  -28.38  0.27736  0.0400  0.100
 3218  5.793  -28.28  0.25188  0.0400  0.100
 3219  5.793  -28.18  0.22917  0.0400  0.100
 3220  5.793  -28.08  0.20907  0.0400  0.100
 3221  5.793  -27.98  0.19140  0.0400  0.100
 3222  5.793  -27.88  0.17596  0.0400  0.100
 3223  5.793  -27.78  0.16253  0.0400  0.100
 3224  5.793  -27.68  0.15089  0.0400  0.100
 3225  5.793  -27.58  0.14084  0.0400  0.105
 3226  5.793  -27.47  0.13219  0.0400  0.105
 3227  5.793  -27.37  0.12475  0.0400  0.100
 3228  5.793  -27.27  0.11836  0.0400  0.100
 3229  5.793  -27.17  0.11288  0.0400  0.100
 3230  5.793  -27.07  0.10820  0.0400  0.100
 3231  5.793  -26.97  0.10418  0.0400  0.100
 3232  5.793  -26.87  0.10075  0.0400  0.100
 3233  5.793  -26.77  0.09781  0.0400  0.100
 3234  5.793  -26.67  0.09530  0.0400  0.100
 3235  5.793  -26.57  0.09315  0.0400  0.105
 3236  5.793  -26.46  0.09131  0.0400  0.105
 3237  5.793  -26.36  0.08973  0.0400  0.100
 3238  5.793  -26.26  0.08838  0.0400  0.100
 3239  5.793  -26.16  0.08722  0.0400  0.100
 3240  5.793  -26.06  0.08623  0.0400  0.100
 3241  5.793  -25.96  0.08538  0.0400  0.100
 3242  5.793  -25.86  0.08464  0.0400  0.100
 3243  5.793  -25.76  0.08402  0.0400  0.100
 3244  5.793  -25.66  0.08347  0.0400  0.100
 3245  5.793  -25.56  0.08301  0.0400  0.105
 3246  5.793  -25.45  0.08261  0.0400  0.105
 3247  5.793  -25.35  0.08226  0.0400  0.100
 3248  5.793  -25.25  0.08196  0.0400  0.100
 3249  5.793  -25.15  0.08171  0.0400  0.100
 3250  5.793  -25.05  0.08148  0.0400  0.100
 3251  5.793  -24.95  0.08129  0.0400  0.100
 3252  5.793  -24.85  0.08112  0.0400  0.100
 3253  5.793  -24.75  0.08098  0.0400  0.100
 3254  5.793  -24.65  0.08085  0.0400  0.100
 3255  5.793  -24.55  0.08075  0.0400  0.105
 3256  5.793  -24.44  0.08065  0.0400  0.105
 3257  5.793  -24.34  0.08057  0.0400  0.100
 3258  5.793  -24.24  0.08050  0.0400  0.100
 3259  5.793  -24.14  0.08044  0.0400  0.100
 3260  5.793  -24.04  0.08038  0.0400  0.100
 3261  5.793  -23.94  0.08034  0.0400  0.100
 3262  5.793  -23.84  0.08029  0.0400  0.100
 3263  5.793  -23.74  0.08026  0.0400  0.100
 3264  5.793  -23.64  0.08023  0.0400  0.100
 3265  5.793  -23.54  0.08020  0.0400  0.105
 3266  5.793  -23.43  0.08018  0.0400  0.105
 3267  5.793  -23.33  0.08015  0.0400  0.100
 3268  5.793  -23.23  0.08014  0.0400  0.100
 3269  5.793  -23.13  0.08012  0.0400  0.100
 3270  5.793  -23.03  0.08011  0.0400  0.100
 3271  5.793  -22.93  0.08009  0.0400  0.100
 3272  5.793  -22.83  0.08008  0.0400  0.100
 3273  5.793  -22.73  0.08007  0.0400  0.100
 3274  5.793  -22.63  0.08006  0.0400  0.100
 3275  5.793  -22.53  0.08006  0.0400  0.105
 3276  5.793  -22.42  0.08005  0.0400  0.105
 3277  5.793  -22.32  0.08005  0.0400  0.100
 3278  5.793  -22.22  0.08004  0.0400  0.100
 3279  5.793  -22.12  0.08004  0.0400  0.100
 3280  5.793  -22.02  0.08003  0.0400  0.100
 3281  5.793  -21.92  0.08003  0.0400  0.100
 3282  5.793  -21.82  0.08002  0.0400  0.100
 3283  5.793  -21.72  0.08002  0.0400  0.100
 3284  5.793  -21.62  0.08002  0.0400  0.100
 3285  5.793  -21.52  0.08002  0.0400  0.105
 3286  5.793  -21.41  0.08002  0.0400  0.105
 3287  5.793  -21.31  0.08001  0.0400  0.100
 3288  5.793  -21.21  0.08001  0.0400  0.100
 3289  5.793  -21.11  0.08001  0.0400  0.100
 3290  5.793  -21.01  0.08001  0.0400  0.100
 3291  5.793  -20.91  0.08001  0.0400  0.100
 3292  5.793  -20.81  0.08001  0.0400  0.100
 3293  5.793  -20.71  0.08001  0.0400  0.100
 3294  5.793  -20.61  0.08001  0.0400  0.100
 3295  5.793  -20.51  0.08001  0.0400  0.105
 3296  5.793  -20.40  0.08001  0.0400  0.105
 3297  5.793  -20.30  0.08000  0.0400  0.100
 3298  5.793  -20.20  0.08000  0.0400  0.100
 3299  5.793  -20.10  0.08000  0.0400  0.100
 3300  5.793  -20.00  0.08000  0.0400  0.100
 3301  5.833  -30.00  0.78186  0.0405  0.100
 3302  5.833  -29.90  0.74862  0.0405  0.100
 3303  5.833  -29.80  0.71248  0.0405  0.100
 3304  5.833  -29.70  0.67383  0.0405  0.100
 3305  5.833  -29.60  0.63319  0.0405  0.105
 3306  5.833  -29.49  0.59118  0.0405  0.105
 3307  5.833  -29.39  0.54852  0.0405  0.100
 3308  5.833  -29.29  0.50597  0.0405  0.100
 3309  5.833  -29.19  0.46425  0.0405  0.100
 3310  5.833  -29.09  0.42403  0.0405  0.100
 3311  5.833  -28.99  0.38586  0.0405  0.100
 3312  5.833  -28.89  0.35018  0.0405  0.100
 3313  5.833  -28.79  0.31728  0.0405  0.100
 3314  5.833  -28.69  0.28730  0.0405  0.100
 3315  5.833  -28.59  0.26030  0.0405  0.105
 3316  5.833  -28.48  0.23620  0.0405  0.105
 3317  5.833  -28.38  0.21488  0.0405  0.100
 3318  5.833  -28.28  0.19616  0.0405  0.100
 3319  5.833  -28.18  0.17981  0.0405  0.100
 3320  5.833  -28.08  0.16561  0.0405  0.100
 3321  5.833  -27.98  0.15334  0.0405  0.100
 3322  5.833  -27.88  0.14276  0.0405  0.100
 3323  5.833  -27.78  0.13367  0.0405  0.100
 3324  5.833  -27.68  0.12588  0.0405  0.100
 3325  5.833  -27.58  0.11921  0.0405  0.105
 3326  5.833  -27.47  0.11351  0.0405  0.105
 3327  5.833  -27.37  0.10864  0.0405  0.100
 3328  5.833  -27.27  0.10449  0.0405  0.100
 3329  5.833  -27.17  0.10094  0.0405  0.100
 3330  5.833  -27.07  0.09792  0.0405  0.100
 3331  5.833  -26.97  0.09535  0.0405  0.100
 3332  5.833  -26.87  0.09315  0.0405  0.100
 3333  5.833  -26.77  0.09127  0.0405  0.100
 3334  5.833  -26.67  0.08967  0.0405  0.100
 3335  5.833  -26.57  0.08831  0.0405  0.105
 3336  5.833  -26.46  0.08714  0.0405  0.105
 3337  5.833  -26.36  0.08614  0.0405  0.100
 3338  5.833  -26.26  0.08528  0.0405  0.100
 3339  5.833  -26.16  0.08455  0.0405  0.100
 3340  5.833  -26.06  0.08392  0.0405  0.100
 3341  5.833  -25.96  0.08339  0.0405  0.100
 3342  5.833  -25.86  0.08292  0.0405  0.100
 3343  5.833  -25.76  0.08253  0.0405  0.100
 3344  5.833  -25.66  0.08219  0.0405  0.100
 3345  5.833  -25.56  0.08189  0.0405  0.105
 3346  5.833  -25.45  0.08164  0.0405  0.105
 3347  5.833  -25.35  0.08142  0.0405  0.100
 3348  5.833  -25.25  0.08124  0.0405  0.100
 3349  5.833  -25.15  0.08107  0.0405  0.100
 3350  5.833  -25.05  0.08093  0.0405  0.100
 3351  5.833  -24.95  0.08081  0.0405  0.100
 3352  5.833  -24.85  0.08071  0.0405  0.100
 3353  5.833  -24.75  0.08062  0.0405  0.100
 3354  5.833  -24.65  0.08054  0.0405  0.100
 3355  5.833  -24.55  0.08047  0.0405  0.105
 3356  5.833  -24.44  0.08041  0.0405  0.105
 3357  5.833  -24.34  0.08036  0.0405  0.100
 3358  5.833  -24.24  0.08031  0.0405  0.100
 3359  5.833  -24.14  0.08027  0.0405  0.100
 3360  5.833  -24.04  0.08024  0.0405  0.100
 3361  5.833  -23.94  0.08021  0.0405  0.100
 3362  5.833  -23.84  0.08019  0.0405  0.100
 3363  5.833  -23.74  0.08016  0.0405  0.100
 3364  5.833  -23.64  0.08014  0.0405  0.100
 3365  5.833  -23.54  0.08013  0.0405  0.105
 3366  5.833  -23.43  0.08011  0.0405  0.105
 3367  5.833  -23.33  0.08010  0.0405  0.100
 3368  5.833  -23.23  0.08009  0.0405  0.100
 3369  5.833  -23.13  0.08008  0.0405  0.100
 3370  5.833  -23.03  0.08007  0.0405  0.100
 3371  5.833  -22.93  0.08006  0.0405  0.100
 3372  5.833  -22.83  0.08005  0.0405  0.100
 3373  5.833  -22.73  0.08005  0.0405  0.100
 3374  5.833  -22.63  0.08004  0.0405  0.100
 3375  5.833  -22.53  0.08004  0.0405  0.105
 3376  5.833  -22.42  0.08003  0.0405  0.105
 3377  5.833  -22.32  0.08003  0.0405  0.100
 3378  5.833  -22.22  0.08003  0.0405  0.100
 3379  5.833  -22.12  0.08002  0.0405  0.100
 3380  5.833  -22.02  0.08002  0.0405  0.100
 3381  5.833  -21.92  0.08002  0.0405  0.100
 3382  5.833  -21.82  0.08002  0.0405  0.100
 3383  5.833  -21.72  0.08001  0.0405  0.100
 3384  5.833  -21.62  0.08001  0.0405  0.100
 3385  5.833  -21.52  0.08001  0.0405  0.105
 3386  5.833  -21.41  0.08001  0.0405  0.105
 3387  5.833  -21.31  0.08001  0.0405  0.100
 3388  5.833  -21.21  0.08001  0.0405  0.100
 3389  5.833  -21.11  0.08001  0.0405  0.100
 3390  5.833  -21.01  0.08001  0.0405  0.100
 3391  5.833  -20.91  0.08001  0.0405  0.100
 3392  5.833  -20.81  0.08000  0.0405  0.100
 3393  5.833  -20.71  0.08000  0.0405  0.100
 3394  5.833  -20.61  0.08000  0.0405  0.100
 3395  5.833  -20.51  0.08000  0.0405  0.105
 3396  5.833  -20.40  0.08000  0.0405  0.105
 3397  5.833  -20.30  0.08000  0.0405  0.100
 3398  5.833  -20.20  0.08000  0.0405  0.100
 3399  5.833  -20.10  0.08000  0.0405  0.100
 3400  5.833  -20.00  0.08000  0.0405  0.100
 3401  5.874  -30.00  0.69823  0.0405  0.100
 3402  5.874  -29.90  0.65794  0.0405  0.100
 3403  5.874  -29.80  0.61583  0.0405  0.100
 3404  5.874  -29.70  0.57261  0.0405  0.100
 3405  5.874  -29.60  0.52905  0.0405  0.105
 3406  5.874  -29.49  0.48595  0.0405  0.105
 3407  5.874  -29.39  0.44406  0.0405  0.100
 3408  5.874  -29.29  0.40403  0.0405  0.100
 3409  5.874  -29.19  0.36639  0.0405  0.100
 3410  5.874  -29.09  0.33151  0.0405  0.100
 3411  5.874  -28.99  0.29963  0.0405  0.100
 3412  5.874  -28.89  0.27083  0.0405  0.100
 3413  5.874  -28.79  0.24509  0.0405  0.100
 3414  5.874  -28.69  0.22231  0.0405  0.100
 3415  5.874  -28.59  0.20230  0.0405  0.105
 3416  5.874  -28.48  0.18484  0.0405  0.105
 3417  5.874  -28.38  0.16970  0.0405  0.100
 3418  5.874  -28.28  0.15662  0.0405  0.100
 3419  5.874  -28.18  0.14538  0.0405  0.100
 3420  5.874  -28.08  0.13574  0.0405  0.100
 3421  5.874  -27.98  0.12750  0.0405  0.100
 3422  5.874  -27.88  0.12047  0.0405  0.100
 3423  5.874  -27.78  0.11448  0.0405  0.100
 3424  5.874  -27.68  0.10938  0.0405  0.100
 3425  5.874  -27.58  0.10504  0.0405  0.105
 3426  5.874  -27.47  0.10135  0.0405  0.105
 3427  5.874  -27.37  0.09821  0.0405  0.100
 3428  5.874  -27.27  0.09554  0.0405  0.100
 3429  5.874  -27.17  0.09327  0.0405  0.100
 3430  5.874  -27.07  0.09135  0.0405  0.100
 3431  5.874  -26.97  0.08970  0.0405  0.100
 3432  5.874  -26.87  0.08831  0.0405  0.100
 3433  5.874  -26.77  0.08712  0.0405  0.100
 3434  5.874  -26.67  0.08610  0.0405  0.100
 3435  5.874  -26.57  0.08524  0.0405  0.105
 3436  5.874  -26.46  0.08450  0.0405  0.105
 3437  5.874  -26.36  0.08387  0.0405  0.100
 3438  5.874  -26.26  0.08333  0.0405  0.100
 3439  5.874  -26.16  0.08287  0.0405  0.100
 3440  5.874  -26.06  0.08247  0.0405  0.100
 3441  5.874  -25.96  0.08213  0.0405  0.100
 3442  5.874  -25.86  0.08184  0.0405  0.100
 3443  5.874  -25.76  0.08159  0.0405  0.100
 3444  5.874  -25.66  0.08138  0.0405  0.100
 3445  5.874  -25.56  0.08119  0.0405  0.105
 3446  5.874  -25.45  0.08103  0.0405  0.105
 3447  5.874  -25.35  0.08089  0.0405  0.100
 3448  5.874  -25.25  0.08078  0.0405  0.100
 3449  5.874  -25.15  0.08067  0.0405  0.100
 3450  5.874  -25.05  0.08059  0.0405  0.100
 3451  5.874  -24.95  0.08051  0.0405  0.100
 3452  5.874  -24.85  0.08044  0.0405  0.100
 3453  5.874  -24.75  0.08039  0.0405  0.100
 3454  5.874  -24.65  0.08034  0.0405  0.100
 3455  5.874  -24.55  0.08029  0.0405  0.105
 3456  5.874  -24.44  0.08026  0.0405  0.105
 3457  5.874  -24.34  0.08023  0.0405  0.100
 3458  5.874  -24.24  0.08020  0.0405  0.100
 3459  5.874  -24.14  0.08017  0.0405  0.100
 3460  5.874  -24.04  0.08015  0.0405  0.100
 3461  5.874  -23.94  0.08013  0.0405  0.100
 3462  5.874  -23.84  0.08012  0.0405  0.100
 3463  5.874  -23.74  0.08010  0.0405  0.100
 3464  5.874  -23.64  0.08009  0.0405  0.100
 3465  5.874  -23.54  0.08008  0.0405  0.105
 3466  5.874  -23.43  0.08007  0.0405  0.105
 3467  5.874  -23.33  0.08006  0.0405  0.100
 3468  5.874  -23.23  0.08005  0.0405  0.100
 3469  5.874  -23.13  0.08005  0.0405  0.100
 3470  5.874  -23.03  0.08004  0.0405  0.100
 3471  5.874  -22.93  0.08004  0.0405  0.100
 3472  5.874  -22.83  0.08003  0.0405  0.100
 3473  5.874  -22.73  0.08003  0.0405  0.100
 3474  5.874  -22.63  0.08003  0.0405  0.100
 3475  5.874  -22.53  0.08002  0.0405  0.105
 3476  5.874  -22.42  0.08002  0.0405  0.105
 3477  5.874  -22.32  0.08002  0.0405  0.100
 3478  5.874  -22.22  0.08002  0.0405  0.100
 3479  5.874  -22.12  0.08001  0.0405  0.100
 3480  5.874  -22.02  0.08001  0.0405  0.100
 3481  5.874  -21.92  0.08001  0.0405  0.100
 3482  5.874  -21.82  0.08001  0.0405  0.100
 3483  5.874  -21.72  0.08001  0.0405  0.100
 3484  5.874  -21.62  0.08001  0.0405  0.100
 3485  5.874  -21.52  0.08001  0.0405  0.105
 3486  5.874  -21.41  0.08001  0.0405  0.105
 3487  5.874  -21.31  0.08001  0.0405  0.100
 3488  5.874  -21.21  0.08000  0.0405  0.100
 3489  5.874  -21.11  0.08000  0.0405  0.100
 3490  5.874  -21.01  0.08000  0.0405  0.100
 3491  5.874  -20.91  0.08000  0.0405  0.100
 3492  5.874  -20.81  0.08000  0.0405  0.100
 3493  5.874  -20.71  0.08000  0.0405  0.100
 3494  5.874  -20.61  0.08000  0.0405  0.100
 3495  5.874  -20.51  0.08000  0.0405  0.105
 3496  5.874  -20.40  0.08000  0.0405  0.105
 3497  5.874  -20.30  0.08000  0.0405  0.100
 3498  5.874  -20.20  0.08000  0.0405  0.100
 3499  5.874  -20.10  0.08000  0.0405  0.100
 3500  5.874  -20.00  0.08000  0.0405  0.100
 3501  5.914  -30.00  0.59968  0.0405  0.100
 3502  5.914  -29.90  0.55535  0.0405  0.100
 3503  5.914  -29.80  0.51102  0.0405  0.100
 3504  5.914  -29.70  0.46749  0.0405  0.100
 3505  5.914  -29.60  0.42553  0.0405  0.105
 3506  5.914  -29.49  0.38577  0.0405  0.105
 3507  5.914  -29.39  0.34871  0.0405  0.100
 3508  5.914  -29.29  0.31466  0.0405  0.100
 3509  5.914  -29.19  0.28379  0.0405  0.100
 3510  5.914  -29.09  0.25613  0.0405  0.100
 3511  5.914  -28.99  0.23160  0.0405  0.100
 3512  5.914  -28.89  0.21004  0.0405  0.100
 3513  5.914  -28.79  0.19124  0.0405  0.100
 3514  5.914  -28.69  0.17494  0.0405  0.100
 3515  5.914  -28.59  0.16089  0.0405  0.105
 3516  5.914  -28.48  0.14882  0.0405  0.105
 3517  5.914  -28.38  0.13850  0.0405  0.100
 3518  5.914  -28.28  0.12970  0.0405  0.100
 3519  5.914  -28.18  0.12221  0.0405  0.100
 3520  5.914  -28.08  0.11584  0.0405  0.100
 3521  5.914  -27.98  0.11044  0.0405  0.100
 3522  5.914  -27.88  0.10586  0.0405  0.100
 3523  5.914  -27.78  0.10197  0.0405  0.100
 3524  5.914  -27.68  0.09868  0.0405  0.100
 3525  5.914  -27.58  0.09589  0.0405  0.105
 3526  5.914  -27.47  0.09353  0.0405  0.105
 3527  5.914  -27.37  0.09153  0.0405  0.100
 3528  5.914  -27.27  0.08983  0.0405  0.100
 3529  5.914  -27.17  0.08839  0.0405  0.100
 3530  5.914  -27.07  0.08716  0.0405  0.100
 3531  5.914  -26.97  0.08612  0.0405  0.100
 3532  5.914  -26.87  0.08524  0.0405  0.100
 3533  5.914  -26.77  0.08448  0.0405  0.100
 3534  5.914  -26.67  0.08384  0.0405  0.100
 3535  5.914  -26.57  0.08330  0.0405  0.105
 3536  5.914  -26.46  0.08283  0.0405  0.105
 3537  5.914  -26.36  0.08243  0.0405  0.100
 3538  5.914  -26.26  0.08209  0.0405  0.100
 3539  5.914  -26.16  0.08180  0.0405  0.100
 3540  5.914  -26.06  0.08155  0.0405  0.100
 3541  5.914  -25.96  0.08134  0.0405  0.100
 3542  5.914  -25.86  0.08116  0.0405  0.100
 3543  5.914  -25.76  0.08100  0.0405  0.100
 3544  5.914  -25.66  0.08086  0.0405  0.100
 3545  5.914  -25.56  0.08075  0.0405  0.105
 3546  5.914  -25.45  0.08065  0.0405  0.105
 3547  5.914  -25.35  0.08056  0.0405  0.100
 3548  5.914  -25.25  0.08049  0.0405  0.100
 3549  5.914  -25.15  0.08042  0.0405  0.100
 3550  5.914  -25.05  0.08037  0.0405  0.100
 3551  5.914  -24.95  0.08032  0.0405  0.100
 3552  5.914  -24.85  0.08028  0.0405  0.100
 3553  5.914  -24.75  0.08024  0.0405  0.100
 3554  5.914  -24.65  0.08021  0.0405  0.100
 3555  5.914  -24.55  0.08019  0.0405  0.105
 3556  5.914  -24.44  0.08016  0.0405  0.105
 3557  5.914  -24.34  0.08014  0.0405  0.100
 3558  5.914  -24.24  0.08012  0.0405  0.100
 3559  5.914  -24.14  0.08011  0.0405  0.100
 3560  5.914  -24.04  0.08009  0.0405  0.100
 3561  5.914  -23.94  0.08008  0.0405  0.100
 3562  5.914  -23.84  0.08007  0.0405  0.100
 3563  5.914  -23.74  0.08006  0.0405  0.100
 3564  5.914  -23.64  0.08006  0.0405  0.100
 3565  5.914  -23.54  0.08005  0.0405  0.105
 3566  5.914  -23.43  0.08004  0.0405  0.105
 3567  5.914  -23.33  0.08004  0.0405  0.100
 3568  5.914  -23.23  0.08003  0.0405  0.100
 3569  5.914  -23.13  0.08003  0.0405  0.100
 3570  5.914  -23.03  0.08003  0.0405  0.100
 3571  5.914  -22.93  0.08002  0.0405  0.100
 3572  5.914  -22.83  0.08002  0.0405  0.100
 3573  5.914  -22.73  0.08002  0.0405  0.100
 3574  5.914  -22.63  0.08002  0.0405  0.100
 3575  5.914  -22.53  0.08001  0.0405  0.105
 3576  5.914  -22.42  0.08001  0.0405  0.105
 3577  5.914  -22.32  0.08001  0.0405  0.100
 3578  5.914  -22.22  0.08001  0.0405  0.100
 3579  5.914  -22.12  0.08001  0.0405  0.100
 3580  5.914  -22.02  0.08001  0.0405  0.100
 3581  5.914  -21.92  0.08001  0.0405  0.100
 3582  5.914  -21.82  0.08001  0.0405  0.100
 3583  5.914  -21.72  0.08001  0.0405  0.100
 3584  5.914  -21.62  0.08000  0.0405  0.100
 3585  5.914  -21.52  0.08000  0.0405  0.105
 3586  5.914  -21.41  0.08000  0.0405  0.105
 3587  5.914  -21.31  0.08000  0.0405  0.100
 3588  5.914  -21.21  0.08000  0.0405  0.100
 3589  5.914  -21.11  0.08000  0.0405  0.100
 3590  5.914  -21.01  0.08000  0.0405  0.100
 3591  5.914  -20.91  0.08000  0.0405  0.100
 3592  5.914  -20.81  0.08000  0.0405  0.100
 3593  5.914  -20.71  0.08000  0.0405  0.100
 3594  5.914  -20.61  0.08000  0.0405  0.100
 3595  5.914  -20.51  0.08000  0.0405  0.105
 3596  5.914  -20.40  0.08000  0.0405  0.105
 3597  5.914  -20.30  0.08000  0.0405  0.100
 3598  5.914  -20.20  0.08000  0.0405  0.100
 3599  5.914  -20.10  0.08000  0.0405  0.100
 3600  5.914  -20.00  0.08000  0.0405  0.100
 3601  5.955  -30.00  0.49452  0.0405  0.100
 3602  5.955  -29.90  0.45065  0.0405  0.100
 3603  5.955  -29.80  0.40869  0.0405  0.100
 3604  5.955  -29.70  0.36926  0.0405  0.100
 3605  5.955  -29.60  0.33279  0.0405  0.105
 3606  5.955  -29.49  0.29955  0.0405  0.105
 3607  5.955  -29.39  0.26966  0.0405  0.100
 3608  5.955  -29.29  0.24308  0.0405  0.100
 3609  5.955  -29.19  0.21968  0.0405  0.100
 3610  5.955  -29.09  0.19925  0.0405  0.100
 3611  5.955  -28.99  0.18155  0.0405  0.100
 3612  5.955  -28.89  0.16630  0.0405  0.100
 3613  5.955  -28.79  0.15322  0.0405  0.100
 3614  5.955  -28.69  0.14206  0.0405  0.100
 3615  5.955  -28.59  0.13256  0.0405  0.105
 3616  5.955  -28.48  0.12450  0.0405  0.105
 3617  5.955  -28.38  0.11766  0.0405  0.100
 3618  5.955  -28.28  0.11188  0.0405  0.100
 3619  5.955  -28.18  0.10699  0.0405  0.100
 3620  5.955  -28.08  0.10286  0.0405  0.100
 3621  5.955  -27.98  0.09937  0.0405  0.100
 3622  5.955  -27.88  0.09642  0.0405  0.100
 3623  5.955  -27.78  0.09393  0.0405  0.100
 3624  5.955  -27.68  0.09183  0.0405  0.100
 3625  5.955  -27.58  0.09005  0.0405  0.105
 3626  5.955  -27.47  0.08855  0.0405  0.105
 3627  5.955  -27.37  0.08728  0.0405  0.100
 3628  5.955  -27.27  0.08620  0.0405  0.100
 3629  5.955  -27.17  0.08529  0.0405  0.100
 3630  5.955  -27.07  0.08451  0.0405  0.100
 3631  5.955  -26.97  0.08386  0.0405  0.100
 3632  5.955  -26.87  0.08330  0.0405  0.100
 3633  5.955  -26.77  0.08282  0.0405  0.100
 3634  5.955  -26.67  0.08242  0.0405  0.100
 3635  5.955  -26.57  0.08207  0.0405  0.105
 3636  5.955  -26.46  0.08178  0.0405  0.105
 3637  5.955  -26.36  0.08153  0.0405  0.100
 3638  5.955  -26.26  0.08132  0.0405  0.100
 3639  5.955  -26.16  0.08113  0.0405  0.100
 3640  5.955  -26.06  0.08098  0.0405  0.100
 3641  5.955  -25.96  0.08084  0.0405  0.100
 3642  5.955  -25.86  0.08073  0.0405  0.100
 3643  5.955  -25.76  0.08063  0.0405  0.100
 3644  5.955  -25.66  0.08054  0.0405  0.100
 3645  5.955  -25.56  0.08047  0.0405  0.105
 3646  5.955  -25.45  0.08041  0.0405  0.105
 3647  5.955  -25.35  0.08035  0.0405  0.100
 3648  5.955  -25.25  0.08031  0.0405  0.100
 3649  5.955  -25.15  0.08027  0.0405  0.100
 3650  5.955  -25.05  0.08023  0.0405  0.100
 3651  5.955  -24.95  0.08020  0.0405  0.100
 3652  5.955  -24.85  0.08018  0.0405  0.100
 3653  5.955  -24.75  0.08015  0.0405  0.100
 3654  5.955  -24.65  0.08013  0.0405  0.100
 3655  5.955  -24.55  0.08012  0.0405  0.105
 3656  5.955  -24.44  0.08010  0.0405  0.105
 3657  5.955  -24.34  0.08009  0.0405  0.100
 3658  5.955  -24.24  0.08008  0.0405  0.100
 3659  5.955  -24.14  0.08007  0.0405  0.100
 3660  5.955  -24.04  0.08006  0.0405  0.100
 3661  5.955  -23.94  0.08005  0.0405  0.100
 3662  5.955  -23.84  0.08005  0.0405  0.100
 3663  5.955  -23.74  0.08004  0.0405  0.100
 3664  5.955  -23.64  0.08004  0.0405  0.100
 3665  5.955  -23.54  0.08003  0.0405  0.105
 3666  5.955  -23.43  0.08003  0.0405  0.105
 3667  5.955  -23.33  0.08002  0.0405  0.100
 3668  5.955  -23.23  0.08002  0.0405  0.100
 3669  5.955  -23.13  0.08002  0.0405  0.100
 3670  5.955  -23.03  0.08002  0.0405  0.100
 3671  5.955  -22.93  0.08001  0.0405  0.100
 3672  5.955  -22.83  0.08001  0.0405  0.100
 3673  5.955  -22.73  0.08001  0.0405  0.100
 3674  5.955  -22.63  0.08001  0.0405  0.100
 3675  5.955  -22.53  0.08001  0.0405  0.105
 3676  5.955  -22.42  0.08001  0.0405  0.105
 3677  5.955  -22.32  0.08001  0.0405  0.100
 3678  5.955  -22.22  0.08001  0.0405  0.100
 3679  5.955  -22.12  0.08001  0.0405  0.100
 3680  5.955  -22.02  0.08000  0.0405  0.100
 3681  5.955  -21.92  0.08000  0.0405  0.100
 3682  5.955  -21.82  0.08000  0.0405  0.100
 3683  5.955  -21.72  0.08000  0.0405  0.100
 3684  5.955  -21.62  0.08000  0.0405  0.100
 3685  5.955  -21.52  0.08000  0.0405  0.105
 3686  5.955  -21.41  0.08000  0.0405  0.105
 3687  5.955  -21.31  0.08000  0.0405  0.100
 3688  5.955  -21.21  0.08000  0.0405  0.100
 3689  5.955  -21.11  0.08000  0.0405  0.100
 3690  5.955  -21.01  0.08000  0.0405  0.100
 3691  5.955  -20.91  0.08000  0.0405  0.100
 3692  5.955  -20.81  0.08000  0.0405  0.100
 3693  5.955  -20.71  0.08000  0.0405  0.100
 3694  5.955  -20.61  0.08000  0.0405  0.100
 3695  5.955  -20.51  0.08000  0.0405  0.105
 3696  5.955  -20.40  0.08000  0.0405  0.105
 3697  5.955  -20.30  0.08000  0.0405  0.100
 3698  5.955  -20.20  0.08000  0.0405  0.100
 3699  5.955  -20.10  0.08000  0.0405  0.100
 3700  5.955  -20.00  0.08000  0.0405  0.100
 3701  5.995  -30.00  0.39354  0.0400  0.100
 3702  5.995  -29.90  0.35444  0.0400  0.100
 3703  5.995  -29.80  0.31856  0.0400  0.100
 3704  5.995  -29.70  0.28610  0.0400  0.100
 3705  5.995  -29.60  0.25713  0.0400  0.105
 3706  5.995  -29.49  0.23155  0.0400  0.105
 3707  5.995  -29.39  0.20918  0.0400  0.100
 3708  5.995  -29.29  0.18978  0.0400  0.100
 3709  5.995  -29.19  0.17308  0.0400  0.100
 3710  5.995  -29.09  0.15877  0.0400  0.100
 3711  5.995  -28.99  0.14657  0.0400  0.100
 3712  5.995  -28.89  0.13621  0.0400  0.100
 3713  5.995  -28.79  0.12743  0.0400  0.100
 3714  5.995  -28.69  0.12001  0.0400  0.100
 3715  5.995  -28.59  0.11375  0.0400  0.105
 3716  5.995  -28.48  0.10848  0.0400  0.105
 3717  5.995  -28.38  0.10403  0.0400  0.100
 3718  5.995  -28.28  0.10029  0.0400  0.100
 3719  5.995  -28.18  0.09715  0.0400  0.100
 3720  5.995  -28.08  0.09450  0.0400  0.100
 3721  5.995  -27.98  0.09227  0.0400  0.100
 3722  5.995  -27.88  0.09039  0.0400  0.100
 3723  5.995  -27.78  0.08880  0.0400  0.100
 3724  5.995  -27.68  0.08747  0.0400  0.100
 3725  5.995  -27.58  0.08634  0.0400  0.105
 3726  5.995  -27.47  0.08539  0.0400  0.105
 3727  5.995  -27.37  0.08459  0.0400  0.100
 3728  5.995  -27.27  0.08391  0.0400  0.100
 3729  5.995  -27.17  0.08333  0.0400  0.100
 3730  5.995  -27.07  0.08284  0.0400  0.100
 3731  5.995  -26.97  0.08243  0.0400  0.100
 3732  5.995  -26.87  0.08208  0.0400  0.100
 3733  5.995  -26.77  0.08178  0.0400  0.100
 3734  5.995  -26.67  0.08152  0.0400  0.100
 3735  5.995  -26.57  0.08130  0.0400  0.105
 3736  5.995  -26.46  0.08112  0.0400  0.105
 3737  5.995  -26.36  0.08096  0.0400  0.100
 3738  5.995  -26.26  0.08083  0.0400  0.100
 3739  5.995  -26.16  0.08071  0.0400  0.100
 3740  5.995  -26.06  0.08061  0.0400  0.100
 3741  5.995  -25.96  0.08053  0.0400  0.100
 3742  5.995  -25.86  0.08046  0.0400  0.100
 3743  5.995  -25.76  0.08039  0.0400  0.100
 3744  5.995  -25.66  0.08034  0.0400  0.100
 3745  5.995  -25.56  0.08030  0.0400  0.105
 3746  5.995  -25.45  0.08026  0.0400  0.105
 3747  5.995  -25.35  0.08022  0.0400  0.100
 3748  5.995  -25.25  0.08019  0.0400  0.100
 3749  5.995  -25.15  0.08017  0.0400  0.100
 3750  5.995  -25.05  0.08015  0.0400  0.100
 3751  5.995  -24.95  0.08013  0.0400  0.100
 3752  5.995  -24.85  0.08011  0.0400  0.100
 3753  5.995  -24.75  0.08010  0.0400  0.100
 3754  5.995  -24.65  0.08008  0.0400  0.100
 3755  5.995  -24.55  0.08007  0.0400  0.105
 3756  5.995  -24.44  0.08006  0.0400  0.105
 3757  5.995  -24.34  0.08006  0.0400  0.100
 3758  5.995  -24.24  0.08005  0.0400  0.100
 3759  5.995  -24.14  0.08004  0.0400  0.100
 3760  5.995  -24.04  0.08004  0.0400  0.100
 3761  5.995  -23.94  0.08003  0.0400  0.100
 3762  5.995  -23.84  0.08003  0.0400  0.100
 3763  5.995  -23.74  0.08003  0.0400  0.100
 3764  5.995  -23.64  0.08002  0.0400  0.100
 3765  5.995  -23.54  0.08002  0.0400  0.105
 3766  5.995  -23.43  0.08002  0.0400  0.105
 3767  5.995  -23.33  0.08002  0.0400  0.100
 3768  5.995  -23.23  0.08001  0.0400  0.100
 3769  5.995  -23.13  0.08001  0.0400  0.100
 3770  5.995  -23.03  0.08001  0.0400  0.100
 3771  5.995  -22.93  0.08001  0.0400  0.100
 3772  5.995  -22.83  0.08001  0.0400  0.100
 3773  5.995  -22.73  0.08001  0.0400  0.100
 3774  5.995  -22.63  0.08001  0.0400  0.100
 3775  5.995  -22.53  0.08001  0.0400  0.105
 3776  5.995  -22.42  0.08000  0.0400  0.105
 3777  5.995  -22.32  0.08000  0.0400  0.100
 3778  5.995  -22.22  0.08000  0.0400  0.100
 3779  5.995  -22.12  0.08000  0.0400  0.100
 3780  5.995  -22.02  0.08000  0.0400  0.100
 3781  5.995  -21.92  0.08000  0.0400  0.100
 3782  5.995  -21.82  0.08000  0.0400  0.100
 3783  5.995  -21.72  0.08000  0.0400  0.100
 3784  5.995  -21.62  0.08000  0.0400  0.100
 3785  5.995  -21.52  0.08000  0.0400  0.105
 3786  5.995  -21.41  0.08000  0.0400  0.105
 3787  5.995  -21.31  0.08000  0.0400  0.100
 3788  5.995  -21.21  0.08000  0.0400  0.100
 3789  5.995  -21.11  0.08000  0.0400  0.100
 3790  5.995  -21.01  0.08000  0.0400  0.100
 3791  5.995  -20.91  0.08000  0.0400  0.100
 3792  5.995  -20.81  0.08000  0.0400  0.100
 3793  5.995  -20.71  0.08000  0.0400  0.100
 3794  5.995  -20.61  0.08000  0.0400  0.100
 3795  5.995  -20.51  0.08000  0.0400  0.105
 3796  5.995  -20.40  0.08000  0.0400  0.105
 3797  5.995  -20.30  0.08000  0.0400  0.100
 3798  5.995  -20.20  0.08000  0.0400  0.100
 3799  5.995  -20.10  0.08000  0.0400  0.100
 3800  5.995  -20.00  0.08000  0.0400  0.100
 3801  6.035  -30.00  0.30595  0.0405  0.100
 3802  6.035  -29.90  0.27422  0.0405  0.100
 3803  6.035  -29.80  0.24608  0.0405  0.100
 3804  6.035  -29.70  0.22141  0.0405  0.100
 3805  6.035  -29.60  0.19998  0.0405  0.105
 3806  6.035  -29.49  0.18151  0.0405  0.105
 3807  6.035  -29.39  0.16569  0.0405  0.100
 3808  6.035  -29.29  0.15222  0.0405  0.100
 3809  6.035  -29.19  0.14080  0.0405  0.100
 3810  6.035  -29.09  0.13114  0.0405  0.100
 3811  6.035  -28.99  0.12300  0.0405  0.100
 3812  6.035  -28.89  0.11615  0.0405  0.100
 3813  6.035  -28.79  0.11039  0.0405  0.100
 3814  6.035  -28.69  0.10556  0.0405  0.100
 3815  6.035  -28.59  0.10150  0.0405  0.105
 3816  6.035  -28.48  0.09810  0.0405  0.105
 3817  6.035  -28.38  0.09525  0.0405  0.100
 3818  6.035  -28.28  0.09286  0.0405  0.100
 3819  6.035  -28.18  0.09085  0.0405  0.100
 3820  6.035  -28.08  0.08916  0.0405  0.100
 3821  6.035  -27.98  0.08775  0.0405  0.100
 3822  6.035  -27.88  0.08656  0.0405  0.100
 3823  6.035  -27.78  0.08555  0.0405  0.100
 3824  6.035  -27.68  0.08471  0.0405  0.100
 3825  6.035  -27.58  0.08400  0.0405  0.105
 3826  6.035  -27.47  0.08339  0.0405  0.105
 3827  6.035  -27.37  0.08289  0.0405  0.100
 3828  6.035  -27.27  0.08246  0.0405  0.100
 3829  6.035  -27.17  0.08210  0.0405  0.100
 3830  6.035  -27.07  0.08179  0.0405  0.100
 3831  6.035  -26.97  0.08153  0.0405  0.100
 3832  6.035  -26.87  0.08131  0.0405  0.100
 3833  6.035  -26.77  0.08112  0.0405  0.100
 3834  6.035  -26.67  0.08096  0.0405  0.100
 3835  6.035  -26.57  0.08082  0.0405  0.105
 3836  6.035  -26.46  0.08070  0.0405  0.105
 3837  6.035  -26.36  0.08060  0.0405  0.100
 3838  6.035  -26.26  0.08052  0.0405  0.100
 3839  6.035  -26.16  0.08045  0.0405  0.100
 3840  6.035  -26.06  0.08039  0.0405  0.100
 3841  6.035  -25.96  0.08033  0.0405  0.100
 3842  6.035  -25.86  0.08029  0.0405  0.100
 3843  6.035  -25.76  0.08025  0.0405  0.100
 3844  6.035  -25.66  0.08021  0.0405  0.100
 3845  6.035  -25.56  0.08019  0.0405  0.105
 3846  6.035  -25.45  0.08016  0.0405  0.105
 3847  6.035  -25.35  0.08014  0.0405  0.100
 3848  6.035  -25.25  0.08012  0.0405  0.100
 3849  6.035  -25.15  0.08011  0.0405  0.100
 3850  6.035  -25.05  0.08009  0.0405  0.100
 3851  6.035  -24.95  0.08008  0.0405  0.100
 3852  6.035  -24.85  0.08007  0.0405  0.100
 3853  6.035  -24.75  0.08006  0.0405  0.100
 3854  6.035  -24.65  0.08005  0.0405  0.100
 3855  6.035  -24.55  0.08005  0.0405  0.105
 3856  6.035  -24.44  0.08004  0.0405  0.105
 3857  6.035  -24.34  0.08004  0.0405  0.100
 3858  6.035  -24.24  0.08003  0.0405  0.100
 3859  6.035  -24.14  0.08003  0.0405  0.100
 3860  6.035  -24.04  0.08002  0.0405  0.100
 3861  6.035  -23.94  0.08002  0.0405  0.100
 3862  6.035  -23.84  0.08002  0.0405  0.100
 3863  6.035  -23.74  0.08002  0.0405  0.100
 3864  6.035  -23.64  0.08001  0.0405  0.100
 3865  6.035  -23.54  0.08001  0.0405  0.105
 3866  6.035  -23.43  0.08001  0.0405  0.105
 3867  6.035  -23.33  0.08001  0.0405  0.100
 3868  6.035  -23.23  0.08001  0.0405  0.100
 3869  6.035  -23.13  0.08001  0.0405  0.100
 3870  6.035  -23.03  0.08001  0.0405  0.100
 3871  6.035  -22.93  0.08001  0.0405  0.100
 3872  6.035  -22.83  0.08001  0.0405  0.100
 3873  6.035  -22.73  0.08000  0.0405  0.100
 3874  6.035  -22.63  0.08000  0.0405  0.100
 3875  6.035  -22.53  0.08000  0.0405  0.105
 3876  6.035  -22.42  0.08000  0.0405  0.105
 3877  6.035  -22.32  0.08000  0.0405  0.100
 3878  6.035  -22.22  0.08000  0.0405  0.100
 3879  6.035  -22.12  0.08000  0.0405  0.100
 3880  6.035  -22.02  0.08000  0.0405  0.100
 3881  6.035  -21.92  0.08000  0.0405  0.100
 3882  6.035  -21.82  0.08000  0.0405  0.100
 3883  6.035  -21.72  0.08000  0.0405  0.100
 3884  6.035  -21.62  0.08000  0.0405  0.100
 3885  6.035  -21.52  0.08000  0.0405  0.105
 3886  6.035  -21.41  0.08000  0.0405  0.105
 3887  6.035  -21.31  0.08000  0.0405  0.100
 3888  6.035  -21.21  0.08000  0.0405  0.100
 3889  6.035  -21.11  0.08000  0.0405  0.100
 3890  6.035  -21.01  0.08000  0.0405  0.100
 3891  6.035  -20.91  0.08000  0.0405  0.100
 3892  6.035  -20.81  0.08000  0.0405  0.100
 3893  6.035  -20.71  0.08000  0.0405  0.100
 3894  6.035  -20.61  0.08000  0.0405  0.100
 3895  6.035  -20.51  0.08000  0.0405  0.105
 3896  6.035  -20.40  0.08000  0.0405  0.105
 3897  6.035  -20.30  0.08000  0.0405  0.100
 3898  6.035  -20.20  0.08000  0.0405  0.100
 3899  6.035  -20.10  0.08000  0.0405  0.100
 3900  6.035  -20.00  0.08000  0.0405  0.100
 3901  6.076  -30.00  0.23641  0.0405  0.100
 3902  6.076  -29.90  0.21255  0.0405  0.100
 3903  6.076  -29.80  0.19195  0.0405  0.100
 3904  6.076  -29.70  0.17430  0.0405  0.100
 3905  6.076  -29.60  0.15927  0.0405  0.105
 3906  6.076  -29.49  0.14654  0.0405  0.105
 3907  6.076  -29.39  0.13580  0.0405  0.100
 3908  6.076  -29.29  0.12676  0.0405  0.100
 3909  6.076  -29.19  0.11917  0.0405  0.100
 3910  6.076  -29.09  0.11282  0.0405  0.100
 3911  6.076  -28.99  0.10750  0.0405  0.100
 3912  6.076  -28.89  0.10305  0.0405  0.100
 3913  6.076  -28.79  0.09934  0.0405  0.100
 3914  6.076  -28.69  0.09623  0.0405  0.100
 3915  6.076  -28.59  0.09363  0.0405  0.105
 3916  6.076  -28.48  0.09146  0.0405  0.105
 3917  6.076  -28.38  0.08964  0.0405  0.100
 3918  6.076  -28.28  0.08812  0.0405  0.100
 3919  6.076  -28.18  0.08685  0.0405  0.100
 3920  6.076  -28.08  0.08578  0.0405  0.100
 3921  6.076  -27.98  0.08488  0.0405  0.100
 3922  6.076  -27.88  0.08413  0.0405  0.100
 3923  6.076  -27.78  0.08350  0.0405  0.100
 3924  6.076  -27.68  0.08296  0.0405  0.100
 3925  6.076  -27.58  0.08251  0.0405  0.105
 3926  6.076  -27.47  0.08214  0.0405  0.105
 3927  6.076  -27.37  0.08182  0.0405  0.100
 3928  6.076  -27.27  0.08155  0.0405  0.100
 3929  6.076  -27.17  0.08132  0.0405  0.100
 3930  6.076  -27.07  0.08112  0.0405  0.100
 3931  6.076  -26.97  0.08096  0.0405  0.100
 3932  6.076  -26.87  0.08082  0.0405  0.100
 3933  6.076  -26.77  0.08070  0.0405  0.100
 3934  6.076  -26.67  0.08060  0.0405  0.100
 3935  6.076  -26.57  0.08052  0.0405  0.105
 3936  6.076  -26.46  0.08044  0.0405  0.105
 3937  6.076  -26.36  0.08038  0.0405  0.100
 3938  6.076  -26.26  0.08033  0.0405  0.100
 3939  6.076  -26.16  0.08028  0.0405  0.100
 3940  6.076  -26.06  0.08024  0.0405  0.100
 3941  6.076  -25.96  0.08021  0.0405  0.100
 3942  6.076  -25.86  0.08018  0.0405  0.100
 3943  6.076  -25.76  0.08016  0.0405  0.100
 3944  6.076  -25.66  0.08013  0.0405  0.100
 3945  6.076  -25.56  0.08012  0.0405  0.105
 3946  6.076  -25.45  0.08010  0.0405  0.105
 3947  6.076  -25.35  0.08009  0.0405  0.100
 3948  6.076  -25.25  0.08008  0.0405  0.100
 3949  6.076  -25.15  0.08007  0.0405  0.100
 3950  6.076  -25.05  0.08006  0.0405  0.100
 3951  6.076  -24.95  0.08005  0.0405  0.100
 3952  6.076  -24.85  0.08004  0.0405  0.100
 3953  6.076  -24.75  0.08004  0.0405  0.100
 3954  6.076  -24.65  0.08003  0.0405  0.100
 3955  6.076  -24.55  0.08003  0.0405  0.105
 3956  6.076  -24.44  0.08003  0.0405  0.105
 3957  6.076  -24.34  0.08002  0.0405  0.100
 3958  6.076  -24.24  0.08002  0.0405  0.100
 3959  6.076  -24.14  0.08002  0.0405  0.100
 3960  6.076  -24.04  0.08001  0.0405  0.100
 3961  6.076  -23.94  0.08001  0.0405  0.100
 3962  6.076  -23.84  0.08001  0.0405  0.100
 3963  6.076  -23.74  0.08001  0.0405  0.100
 3964  6.076  -23.64  0.08001  0.0405  0.100
 3965  6.076  -23.54  0.08001  0.0405  0.105
 3966  6.076  -23.43  0.08001  0.0405  0.105
 3967  6.076  -23.33  0.08001  0.0405  0.100
 3968  6.076  -23.23  0.08001  0.0405  0.100
 3969  6.076  -23.13  0.08000  0.0405  0.100
 3970  6.076  -23.03  0.08000  0.0405  0.100
 3971  6.076  -22.93  0.08000  0.0405  0.100
 3972  6.076  -22.83  0.08000  0.0405  0.100
 3973  6.076  -22.73  0.08000  0.0405  0.100
 3974  6.076  -22.63  0.08000  0.0405  0.100
 3975  6.076  -22.53  0.08000  0.0405  0.105
 3976  6.076  -22.42  0.08000  0.0405  0.105
 3977  6.076  -22.32  0.08000  0.0405  0.100
 3978  6.076  -22.22  0.08000  0.0405  0.100
 3979  6.076  -22.12  0.08000  0.0405  0.100
 3980  6.076  -22.02  0.08000  0.0405  0.100
 3981  6.076  -21.92  0.08000  0.0405  0.100
 3982  6.076  -21.82  0.08000  0.0405  0.100
 3983  6.076  -21.72  0.08000  0.0405  0.100
 3984  6.076  -21.62  0.08000  0.0405  0.100
 3985  6.076  -21.52  0.08000  0.0405  0.105
 3986  6.076  -21.41  0.08000  0.0405  0.105
 3987  6.076  -21.31  0.08000  0.0405  0.100
 3988  6.076  -21.21  0.08000  0.0405  0.100
 3989  6.076  -21.11  0.08000  0.0405  0.100
 3990  6.076  -21.01  0.08000  0.0405  0.100
 3991  6.076  -20.91  0.08000  0.0405  0.100
 3992  6.076  -20.81  0.08000  0.0405  0.100
 3993  6.076  -20.71  0.08000  0.0405  0.100
 3994  6.076  -20.61  0.08000  0.0405  0.100
 3995  6.076  -20.51  0.08000  0.0405  0.105
 3996  6.076  -20.40  0.08000  0.0405  0.105
 3997  6.076  -20.30  0.08000  0.0405  0.100
 3998  6.076  -20.20  0.08000  0.0405  0.100
 3999  6.076  -20.10  0.08000  0.0405  0.100
 4000  6.076  -20.00  0.08000  0.0405  0.100
 4001  6.116  -30.00  0.18499  0.0405  0.100
 4002  6.116  -29.90  0.16806  0.0405  0.100
 4003  6.116  -29.80  0.15372  0.0405  0.100
 4004  6.116  -29.70  0.14163  0.0405  0.100
 4005  6.116  -29.60  0.13148  0.0405  0.105
 4006  6.116  -29.49  0.12298  0.0405  0.105
 4007  6.116  -29.39  0.11588  0.0405  0.100
 4008  6.116  -29.29  0.10995  0.0405  0.100
 4009  6.116  -29.19  0.10502  0.0405  0.100
 4010  6.116  -29.09  0.10090  0.0405  0.100
 4011  6.116  -28.99  0.09748  0.0405  0.100
 4012  6.116  -28.89  0.09462  0.0405  0.100
 4013  6.116  -28.79  0.09225  0.0405  0.100
 4014  6.116  -28.69  0.09027  0.0405  0.100
 4015  6.116  -28.59  0.08861  0.0405  0.105
 4016  6.116  -28.48  0.08724  0.0405  0.105
 4017  6.116  -28.38  0.08608  0.0405  0.100
 4018  6.116  -28.28  0.08512  0.0405  0.100
 4019  6.116  -28.18  0.08432  0.0405  0.100
 4020  6.116  -28.08  0.08364  0.0405  0.100
 4021  6.116  -27.98  0.08307  0.0405  0.100
 4022  6.116  -27.88  0.08260  0.0405  0.100
 4023  6.116  -27.78  0.08220  0.0405  0.100
 4024  6.116  -27.68  0.08186  0.0405  0.100
 4025  6.116  -27.58  0.08158  0.0405  0.105
 4026  6.116  -27.47  0.08134  0.0405  0.105
 4027  6.116  -27.37  0.08114  0.0405  0.100
 4028  6.116  -27.27  0.08097  0.0405  0.100
 4029  6.116  -27.17  0.08083  0.0405  0.100
 4030  6.116  -27.07  0.08071  0.0405  0.100
 4031  6.116  -26.97  0.08060  0.0405  0.100
 4032  6.116  -26.87  0.08052  0.0405  0.100
 4033  6.116  -26.77  0.08044  0.0405  0.100
 4034  6.116  -26.67  0.08038  0.0405  0.100
 4035  6.116  -26.57  0.08032  0.0405  0.105
 4036  6.116  -26.46  0.08028  0.0405  0.105
 4037  6.116  -26.36  0.08024  0.0405  0.100
 4038  6.116  -26.26  0.08021  0.0405  0.100
 4039  6.116  -26.16  0.08018  0.0405  0.100
 4040  6.116  -26.06  0.08015  0.0405  0.100
 4041  6.116  -25.96  0.08013  0.0405  0.100
 4042  6.116  -25.86  0.08011  0.0405  0.100
 4043  6.116  -25.76  0.08010  0.0405  0.100
 4044  6.116  -25.66  0.08008  0.0405  0.100
 4045  6.116  -25.56  0.08007  0.0405  0.105
 4046  6.116  -25.45  0.08006  0.0405  0.105
 4047  6.116  -25.35  0.08006  0.0405  0.100
 4048  6.116  -25.25  0.08005  0.0405  0.100
 4049  6.116  -25.15  0.08004  0.0405  0.100
 4050  6.116  -25.05  0.08004  0.0405  0.100
 4051  6.116  -24.95  0.08003  0.0405  0.100
 4052  6.116  -24.85  0.08003  0.0405  0.100
 4053  6.116  -24.75  0.08002  0.0405  0.100
 4054  6.116  -24.65  0.08002  0.0405  0.100
 4055  6.116  -24.55  0.08002  0.0405  0.105
 4056  6.116  -24.44  0.08002  0.0405  0.105
 4057  6.116  -24.34  0.08001  0.0405  0.100
 4058  6.116  -24.24  0.08001  0.0405  0.100
 4059  6.116  -24.14  0.08001  0.0405  0.100
 4060  6.116  -24.04  0.08001  0.0405  0.100
 4061  6.116  -23.94  0.08001  0.0405  0.100
 4062  6.116  -23.84  0.08001  0.0405  0.100
 4063  6.116  -23.74  0.08001  0.0405  0.100
 4064  6.116  -23.64  0.08001  0.0405  0.100
 4065  6.116  -23.54  0.08000  0.0405  0.105
 4066  6.116  -23.43  0.08000  0.0405  0.105
 4067  6.116  -23.33  0.08000  0.0405  0.100
 4068  6.116  -23.23  0.08000  0.0405  0.100
 4069  6.116  -23.13  0.08000  0.0405  0.100
 4070  6.116  -23.03  0.08000  0.0405  0.100
 4071  6.116  -22.93  0.08000  0.0405  0.100
 4072  6.116  -22.83  0.08000  0.0405  0.100
 4073  6.116  -22.73  0.08000  0.0405  0.100
 4074  6.116  -22.63  0.08000  0.0405  0.100
 4075  6.116  -22.53  0.08000  0.0405  0.105
 4076  6.116  -22.42  0.08000  0.0405  0.105
 4077  6.116  -22.32  0.08000  0.0405  0.100
 4078  6.116  -22.22  0.08000  0.0405  0.100
 4079  6.116  -22.12  0.08000  0.0405  0.100
 4080  6.116  -22.02  0.08000  0.0405  0.100
 4081  6.116  -21.92  0.08000  0.0405  0.100
 4082  6.116  -21.82  0.08000  0.0405  0.100
 4083  6.116  -21.72  0.08000  0.0405  0.100
 4084  6.116  -21.62  0.08000  0.0405  0.100
 4085  6.116  -21.52  0.08000  0.0405  0.105
 4086  6.116  -21.41  0.08000  0.0405  0.105
 4087  6.116  -21.31  0.08000  0.0405  0.100
 4088  6.116  -21.21  0.08000  0.0405  0.100
 4089  6.116  -21.11  0.08000  0.0405  0.100
 4090  6.116  -21.01  0.08000  0.0405  0.100
 4091  6.116  -20.91  0.08000  0.0405  0.100
 4092  6.116  -20.81  0.08000  0.0405  0.100
 4093  6.116  -20.71  0.08000  0.0405  0.100
 4094  6.116  -20.61  0.08000  0.0405  0.100
 4095  6.116  -20.51  0.08000  0.0405  0.105
 4096  6.116  -20.40  0.08000  0.0405  0.105
 4097  6.116  -20.30  0.08000  0.0405  0.100
 4098  6.116  -20.20  0.08000  0.0405  0.100
 4099  6.116  -20.10  0.08000  0.0405  0.100
 4100  6.116  -20.00  0.08000  0.0405  0.100
 4101  6.157  -30.00  0.14893  0.0405  0.100
 4102  6.157  -29.90  0.13739  0.0405  0.100
 4103  6.157  -29.80  0.12776  0.0405  0.100
 4104  6.157  -29.70  0.11972  0.0405  0.100
 4105  6.157  -29.60  0.11304  0.0405  0.105
 4106  6.157  -29.49  0.10749  0.0405  0.105
 4107  6.157  -29.39  0.10288  0.0405  0.100
 4108  6.157  -29.29  0.09905  0.0405  0.100
 4109  6.157  -29.19  0.09588  0.0405  0.100
 4110  6.157  -29.09  0.09325  0.0405  0.100
 4111  6.157  -28.99  0.09106  0.0405  0.100
 4112  6.157  -28.89  0.08924  0.0405  0.100
 4113  6.157  -28.79  0.08773  0.0405  0.100
 4114  6.157  -28.69  0.08648  0.0405  0.100
 4115  6.157  -28.59  0.08543  0.0405  0.105
 4116  6.157  -28.48  0.08456  0.0405  0.105
 4117  6.157  -28.38  0.08383  0.0405  0.100
 4118  6.157  -28.28  0.08322  0.0405  0.100
 4119  6.157  -28.18  0.08272  0.0405  0.100
 4120  6.157  -28.08  0.08229  0.0405  0.100
 4121  6.157  -27.98  0.08193  0.0405  0.100
 4122  6.157  -27.88  0.08164  0.0405  0.100
 4123  6.157  -27.78  0.08138  0.0405  0.100
 4124  6.157  -27.68  0.08117  0.0405  0.100
 4125  6.157  -27.58  0.08099  0.0405  0.105
 4126  6.157  -27.47  0.08084  0.0405  0.105
 4127  6.157  -27.37  0.08072  0.0405  0.100
 4128  6.157  -27.27  0.08061  0.0405  0.100
 4129  6.157  -27.17  0.08052  0.0405  0.100
 4130  6.157  -27.07  0.08044  0.0405  0.100
 4131  6.157  -26.97  0.08038  0.0405  0.100
 4132  6.157  -26.87  0.08032  0.0405  0.100
 4133  6.157  -26.77  0.08028  0.0405  0.100
 4134  6.157  -26.67  0.08024  0.0405  0.100
 4135  6.157  -26.57  0.08020  0.0405  0.105
 4136  6.157  -26.46  0.08017  0.0405  0.105
 4137  6.157  -26.36  0.08015  0.0405  0.100
 4138  6.157  -26.26  0.08013  0.0405  0.100
 4139  6.157  -26.16  0.08011  0.0405  0.100
 4140  6.157  -26.06  0.08010  0.0405  0.100
 4141  6.157  -25.96  0.08008  0.0405  0.100
 4142  6.157  -25.86  0.08007  0.0405  0.100
 4143  6.157  -25.76  0.08006  0.0405  0.100
 4144  6.157  -25.66  0.08005  0.0405  0.100
 4145  6.157  -25.56  0.08005  0.0405  0.105
 4146  6.157  -25.45  0.08004  0.0405  0.105
 4147  6.157  -25.35  0.08003  0.0405  0.100
 4148  6.157  -25.25  0.08003  0.0405  0.100
 4149  6.157  -25.15  0.08003  0.0405  0.100
 4150  6.157  -25.05  0.08002  0.0405  0.100
 4151  6.157  -24.95  0.08002  0.0405  0.100
 4152  6.157  -24.85  0.08002  0.0405  0.100
 4153  6.157  -24.75  0.08001  0.0405  0.100
 4154  6.157  -24.65  0.08001  0.0405  0.100
 4155  6.157  -24.55  0.08001  0.0405  0.105
 4156  6.157  -24.44  0.08001  0.0405  0.105
 4157  6.157  -24.34  0.08001  0.0405  0.100
 4158  6.157  -24.24  0.08001  0.0405  0.100
 4159  6.157  -24.14  0.08001  0.0405  0.100
 4160  6.157  -24.04  0.08001  0.0405  0.100
 4161  6.157  -23.94  0.08001  0.0405  0.100
 4162  6.157  -23.84  0.08000  0.0405  0.100
 4163  6.157  -23.74  0.08000  0.0405  0.100
 4164  6.157  -23.64  0.08000  0.0405  0.100
 4165  6.157  -23.54  0.08000  0.0405  0.105
 4166  6.157  -23.43  0.08000  0.0405  0.105
 4167  6.157  -23.33  0.08000  0.0405  0.100
 4168  6.157  -23.23  0.08000  0.0405  0.100
 4169  6.157  -23.13  0.08000  0.0405  0.100
 4170  6.157  -23.03  0.08000  0.0405  0.100
 4171  6.157  -22.93  0.08000  0.0405  0.100
 4172  6.157  -22.83  0.08000  0.0405  0.100
 4173  6.157  -22.73  0.08000  0.0405  0.100
 4174  6.157  -22.63  0.08000  0.0405  0.100
 4175  6.157  -22.53  0.08000  0.0405  0.105
 4176  6.157  -22.42  0.08000  0.0405  0.105
 4177  6.157  -22.32  0.08000  0.0405  0.100
 4178  6.157  -22.22  0.08000  0.0405  0.100
 4179  6.157  -22.12  0.08000  0.0405  0.100
 4180  6.157  -22.02  0.08000  0.0405  0.100
 4181  6.157  -21.92  0.08000  0.0405  0.100
 4182  6.157  -21.82  0.08000  0.0405  0.100
 4183  6.157  -21.72  0.08000  0.0405  0.100
 4184  6.157  -21.62  0.08000  0.0405  0.100
 4185  6.157  -21.52  0.08000  0.0405  0.105
 4186  6.157  -21.41  0.08000  0.0405  0.105
 4187  6.157  -21.31  0.08000  0.0405  0.100
 4188  6.157  -21.21  0.08000  0.0405  0.100
 4189  6.157  -21.11  0.08000  0.0405  0.100
 4190  6.157  -21.01  0.08000  0.0405  0.100
 4191  6.157  -20.91  0.08000  0.0405  0.100
 4192  6.157  -20.81  0.08000  0.0405  0.100
 4193  6.157  -20.71  0.08000  0.0405  0.100
 4194  6.157  -20.61  0.08000  0.0405  0.100
 4195  6.157  -20.51  0.08000  0.0405  0.105
 4196  6.157  -20.40  0.08000  0.0405  0.105
 4197  6.157  -20.30  0.08000  0.0405  0.100
 4198  6.157  -20.20  0.08000  0.0405  0.100
 4199  6.157  -20.10  0.08000  0.0405  0.100
 4200  6.157  -20.00  0.08000  0.0405  0.100
 4201  6.197  -30.00  0.12456  0.0400  0.100
 4202  6.197  -29.90  0.11693  0.0400  0.100
 4203  6.197  -29.80  0.11061  0.0400  0.100
 4204  6.197  -29.70  0.10537  0.0400  0.100
 4205  6.197  -29.60  0.10105  0.0400  0.105
 4206  6.197  -29.49  0.09747  0.0400  0.105
 4207  6.197  -29.39  0.09451  0.0400  0.100
 4208  6.197  -29.29  0.09207  0.0400  0.100
 4209  6.197  -29.19  0.09004  0.0400  0.100
 4210  6.197  -29.09  0.08837  0.0400  0.100
 4211  6.197  -28.99  0.08698  0.0400  0.100
 4212  6.197  -28.89  0.08583  0.0400  0.100
 4213  6.197  -28.79  0.08488  0.0400  0.100
 4214  6.197  -28.69  0.08408  0.0400  0.100
 4215  6.197  -28.59  0.08342  0.0400  0.105
 4216  6.197  -28.48  0.08287  0.0400  0.105
 4217  6.197  -28.38  0.08241  0.0400  0.100
 4218  6.197  -28.28  0.08203  0.0400  0.100
 4219  6.197  -28.18  0.08171  0.0400  0.100
 4220  6.197  -28.08  0.08144  0.0400  0.100
 4221  6.197  -27.98  0.08122  0.0400  0.100
 4222  6.197  -27.88  0.08103  0.0400  0.100
 4223  6.197  -27.78  0.08087  0.0400  0.100
 4224  6.197  -27.68  0.08074  0.0400  0.100
 4225  6.197  -27.58  0.08063  0.0400  0.105
 4226  6.197  -27.47  0.08053  0.0400  0.105
 4227  6.197  -27.37  0.08045  0.0400  0.100
 4228  6.197  -27.27  0.08038  0.0400  0.100
 4229  6.197  -27.17  0.08033  0.0400  0.100
 4230  6.197  -27.07  0.08028  0.0400  0.100
 4231  6.197  -26.97  0.08024  0.0400  0.100
 4232  6.197  -26.87  0.08020  0.0400  0.100
 4233  6.197  -26.77  0.08017  0.0400  0.100
 4234  6.197  -26.67  0.08015  0.0400  0.100
 4235  6.197  -26.57  0.08013  0.0400  0.105
 4236  6.197  -26.46  0.08011  0.0400  0.105
 4237  6.197  -26.36  0.08009  0.0400  0.100
 4238  6.197  -26.26  0.08008  0.0400  0.100
 4239  6.197  -26.16  0.08007  0.0400  0.100
 4240  6.197  -26.06  0.08006  0.0400  0.100
 4241  6.197  -25.96  0.08005  0.0400  0.100
 4242  6.197  -25.86  0.08004  0.0400  0.100
 4243  6.197  -25.76  0.08004  0.0400  0.100
 4244  6.197  -25.66  0.08003  0.0400  0.100
 4245  6.197  -25.56  0.08003  0.0400  0.105
 4246  6.197  -25.45  0.08003  0.0400  0.105
 4247  6.197  -25.35  0.08002  0.0400  0.100
 4248  6.197  -25.25  0.08002  0.0400  0.100
 4249  6.197  -25.15  0.08002  0.0400  0.100
 4250  6.197  -25.05  0.08001  0.0400  0.100
 4251  6.197  -24.95  0.08001  0.0400  0.100
 4252  6.197  -24.85  0.08001  0.0400  0.100
 4253  6.197  -24.75  0.08001  0.0400  0.100
 4254  6.197  -24.65  0.08001  0.0400  0.100
 4255  6.197  -24.55  0.08001  0.0400  0.105
 4256  6.197  -24.44  0.08001  0.0400  0.105
 4257  6.197  -24.34  0.08001  0.0400  0.100
 4258  6.197  -24.24  0.08000  0.0400  0.100
 4259  6.197  -24.14  0.08000  0.0400  0.100
 4260  6.197  -24.04  0.08000  0.0400  0.100
 4261  6.197  -23.94  0.08000  0.0400  0.100
 4262  6.197  -23.84  0.08000  0.0400  0.100
 4263  6.197  -23.74  0.08000  0.0400  0.100
 4264  6.197  -23.64  0.08000  0.0400  0.100
 4265  6.197  -23.54  0.08000  0.0400  0.105
 4266  6.197  -23.43  0.08000  0.0400  0.105
 4267  6.197  -23.33  0.08000  0.0400  0.100
 4268  6.197  -23.23  0.08000  0.0400  0.100
 4269  6.197  -23.13  0.08000  0.0400  0.100
 4270  6.197  -23.03  0.08000  0.0400  0.100
 4271  6.197  -22.93  0.08000  0.0400  0.100
 4272  6.197  -22.83  0.08000  0.0400  0.100
 4273  6.197  -22.73  0.08000  0.0400  0.100
 4274  6.197  -22.63  0.08000  0.0400  0.100
 4275  6.197  -22.53  0.08000  0.0400  0.105
 4276  6.197  -22.42  0.08000  0.0400  0.105
 4277  6.197  -22.32  0.08000  0.0400  0.100
 4278  6.197  -22.22  0.08000  0.0400  0.100
 4279  6.197  -22.12  0.08000  0.0400  0.100
 4280  6.197  -22.02  0.08000  0.0400  0.100
 4281  6.197  -21.92  0.08000  0.0400  0.100
 4282  6.197  -21.82  0.08000  0.0400  0.100
 4283  6.197  -21.72  0.08000  0.0400  0.100
 4284  6.197  -21.62  0.08000  0.0400  0.100
 4285  6.197  -21.52  0.08000  0.0400  0.105
 4286  6.197  -21.41  0.08000  0.0400  0.105
 4287  6.197  -21.31  0.08000  0.0400  0.100
 4288  6.197  -21.21  0.08000  0.0400  0.100
 4289  6.197  -21.11  0.08000  0.0400  0.100
 4290  6.197  -21.01  0.08000  0.0400  0.100
 4291  6.197  -20.91  0.08000  0.0400  0.100
 4292  6.197  -20.81  0.08000  0.0400  0.100
 4293  6.197  -20.71  0.08000  0.0400  0.100
 4294  6.197  -20.61  0.08000  0.0400  0.100
 4295  6.197  -20.51  0.08000  0.0400  0.105
 4296  6.197  -20.40  0.08000  0.0400  0.105
 4297  6.197  -20.30  0.08000  0.0400  0.100
 4298  6.197  -20.20  0.08000  0.0400  0.100
 4299  6.197  -20.10  0.08000  0.0400  0.100
 4300  6.197  -20.00  0.08000  0.0400  0.100
 4301  6.237  -30.00  0.10852  0.0405  0.100
 4302  6.237  -29.90  0.10356  0.0405  0.100
 4303  6.237  -29.80  0.09947  0.0405  0.100
 4304  6.237  -29.70  0.09611  0.0405  0.100
 4305  6.237  -29.60  0.09334  0.0405  0.105
 4306  6.237  -29.49  0.09106  0.0405  0.105
 4307  6.237  -29.39  0.08917  0.0405  0.100
 4308  6.237  -29.29  0.08762  0.0405  0.100
 4309  6.237  -29.19  0.08634  0.0405  0.100
 4310  6.237  -29.09  0.08528  0.0405  0.100
 4311  6.237  -28.99  0.08440  0.0405  0.100
 4312  6.237  -28.89  0.08367  0.0405  0.100
 4313  6.237  -28.79  0.08307  0.0405  0.100
 4314  6.237  -28.69  0.08257  0.0405  0.100
 4315  6.237  -28.59  0.08215  0.0405  0.105
 4316  6.237  -28.48  0.08181  0.0405  0.105
 4317  6.237  -28.38  0.08152  0.0405  0.100
 4318  6.237  -28.28  0.08128  0.0405  0.100
 4319  6.237  -28.18  0.08107  0.0405  0.100
 4320  6.237  -28.08  0.08091  0.0405  0.100
 4321  6.237  -27.98  0.08076  0.0405  0.100
 4322  6.237  -27.88  0.08065  0.0405  0.100
 4323  6.237  -27.78  0.08055  0.0405  0.100
 4324  6.237  -27.68  0.08046  0.0405  0.100
 4325  6.237  -27.58  0.08039  0.0405  0.105
 4326  6.237  -27.47  0.08033  0.0405  0.105
 4327  6.237  -27.37  0.08028  0.0405  0.100
 4328  6.237  -27.27  0.08024  0.0405  0.100
 4329  6.237  -27.17  0.08021  0.0405  0.100
 4330  6.237  -27.07  0.08018  0.0405  0.100
 4331  6.237  -26.97  0.08015  0.0405  0.100
 4332  6.237  -26.87  0.08013  0.0405  0.100
 4333  6.237  -26.77  0.08011  0.0405  0.100
 4334  6.237  -26.67  0.08009  0.0405  0.100
 4335  6.237  -26.57  0.08008  0.0405  0.105
 4336  6.237  -26.46  0.08007  0.0405  0.105
 4337  6.237  -26.36  0.08006  0.0405  0.100
 4338  6.237  -26.26  0.08005  0.0405  0.100
 4339  6.237  -26.16  0.08004  0.0405  0.100
 4340  6.237  -26.06  0.08004  0.0405  0.100
 4341  6.237  -25.96  0.08003  0.0405  0.100
 4342  6.237  -25.86  0.08003  0.0405  0.100
 4343  6.237  -25.76  0.08002  0.0405  0.100
 4344  6.237  -25.66  0.08002  0.0405  0.100
 4345  6.237  -25.56  0.08002  0.0405  0.105
 4346  6.237  -25.45  0.08002  0.0405  0.105
 4347  6.237  -25.35  0.08001  0.0405  0.100
 4348  6.237  -25.25  0.08001  0.0405  0.100
 4349  6.237  -25.15  0.08001  0.0405  0.100
 4350  6.237  -25.05  0.08001  0.0405  0.100
 4351  6.237  -24.95  0.08001  0.0405  0.100
 4352  6.237  -24.85  0.08001  0.0405  0.100
 4353  6.237  -24.75  0.08001  0.0405  0.100
 4354  6.237  -24.65  0.08001  0.0405  0.100
 4355  6.237  -24.55  0.08000  0.0405  0.105
 4356  6.237  -24.44  0.08000  0.0405  0.105
 4357  6.237  -24.34  0.08000  0.0405  0.100
 4358  6.237  -24.24  0.08000  0.0405  0.100
 4359  6.237  -24.14  0.08000  0.0405  0.100
 4360  6.237  -24.04  0.08000  0.0405  0.100
 4361  6.237  -23.94  0.08000  0.0405  0.100
 4362  6.237  -23.84  0.08000  0.0405  0.100
 4363  6.237  -23.74  0.08000  0.0405  0.100
 4364  6.237  -23.64  0.08000  0.0405  0.100
 4365  6.237  -23.54  0.08000  0.0405  0.105
 4366  6.237  -23.43  0.08000  0.0405  0.105
 4367  6.237  -23.33  0.08000  0.0405  0.100
 4368  6.237  -23.23  0.08000  0.0405  0.100
 4369  6.237  -23.13  0.08000  0.0405  0.100
 4370  6.237  -23.03  0.08000  0.0405  0.100
 4371  6.237  -22.93  0.08000  0.0405  0.100
 4372  6.237  -22.83  0.08000  0.0405  0.100
 4373  6.237  -22.73  0.08000  0.0405  0.100
 4374  6.237  -22.63  0.08000  0.0405  0.100
 4375  6.237  -22.53  0.08000  0.0405  0.105
 4376  6.237  -22.42  0.08000  0.0405  0.105
 4377  6.237  -22.32  0.08000  0.0405  0.100
 4378  6.237  -22.22  0.08000  0.0405  0.100
 4379  6.237  -22.12  0.08000  0.0405  0.100
 4380  6.237  -22.02  0.08000  0.0405  0.100
 4381  6.237  -21.92  0.08000  0.0405  0.100
 4382  6.237  -21.82  0.08000  0.0405  0.100
 4383  6.237  -21.72  0.08000  0.0405  0.100
 4384  6.237  -21.62  0.08000  0.0405  0.100
 4385  6.237  -21.52  0.08000  0.0405  0.105
 4386  6.237  -21.41  0.08000  0.0405  0.105
 4387  6.237  -21.31  0.08000  0.0405  0.100
 4388  6.237  -21.21  0.08000  0.0405  0.100
 4389  6.237  -21.11  0.08000  0.0405  0.100
 4390  6.237  -21.01  0.08000  0.0405  0.100
 4391  6.237  -20.91  0.08000  0.0405  0.100
 4392  6.237  -20.81  0.08000  0.0405  0.100
 4393  6.237  -20.71  0.08000  0.0405  0.100
 4394  6.237  -20.61  0.08000  0.0405  0.100
 4395  6.237  -20.51  0.08000  0.0405  0.105
 4396  6.237  -20.40  0.08000  0.0405  0.105
 4397  6.237  -20.30  0.08000  0.0405  0.100
 4398  6.237  -20.20  0.08000  0.0405  0.100
 4399  6.237  -20.10  0.08000  0.0405  0.100
 4400  6.237  -20.00  0.08000  0.0405  0.100
 4401  6.278  -30.00  0.09813  0.0405  0.100
 4402  6.278  -29.90  0.09495  0.0405  0.100
 4403  6.278  -29.80  0.09234  0.0405  0.100
 4404  6.278  -29.70  0.09019  0.0405  0.100
 4405  6.278  -29.60  0.08843  0.0405  0.105
 4406  6.278  -29.49  0.08698  0.0405  0.105
 4407  6.278  -29.39  0.08579  0.0405  0.100
 4408  6.278  -29.29  0.08480  0.0405  0.100
 4409  6.278  -29.19  0.08399  0.0405  0.100
 4410  6.278  -29.09  0.08332  0.0405  0.100
 4411  6.278  -28.99  0.08277  0.0405  0.100
 4412  6.278  -28.89  0.08231  0.0405  0.100
 4413  6.278  -28.79  0.08193  0.0405  0.100
 4414  6.278  -28.69  0.08162  0.0405  0.100
 4415  6.278  -28.59  0.08135  0.0405  0.105
 4416  6.278  -28.48  0.08114  0.0405  0.105
 4417  6.278  -28.38  0.08095  0.0405  0.100
 4418  6.278  -28.28  0.08080  0.0405  0.100
 4419  6.278  -28.18  0.08068  0.0405  0.100
 4420  6.278  -28.08  0.08057  0.0405  0.100
 4421  6.278  -27.98  0.08048  0.0405  0.100
 4422  6.278  -27.88  0.08041  0.0405  0.100
 4423  6.278  -27.78  0.08034  0.0405  0.100
 4424  6.278  -27.68  0.08029  0.0405  0.100
 4425  6.278  -27.58  0.08025  0.0405  0.105
 4426  6.278  -27.47  0.08021  0.0405  0.105
 4427  6.278  -27.37  0.08018  0.0405  0.100
 4428  6.278  -27.27  0.08015  0.0405  0.100
 4429  6.278  -27.17  0.08013  0.0405  0.100
 4430  6.278  -27.07  0.08011  0.0405  0.100
 4431  6.278  -26.97  0.08009  0.0405  0.100
 4432  6.278  -26.87  0.08008  0.0405  0.100
 4433  6.278  -26.77  0.08007  0.0405  0.100
 4434  6.278  -26.67  0.08006  0.0405  0.100
 4435  6.278  -26.57  0.08005  0.0405  0.105
 4436  6.278  -26.46  0.08004  0.0405  0.105
 4437  6.278  -26.36  0.08004  0.0405  0.100
 4438  6.278  -26.26  0.08003  0.0405  0.100
 4439  6.278  -26.16  0.08003  0.0405  0.100
 4440  6.278  -26.06  0.08002  0.0405  0.100
 4441  6.278  -25.96  0.08002  0.0405  0.100
 4442  6.278  -25.86  0.08002  0.0405  0.100
 4443  6.278  -25.76  0.08002  0.0405  0.100
 4444  6.278  -25.66  0.08001  0.0405  0.100
 4445  6.278  -25.56  0.08001  0.0405  0.105
 4446  6.278  -25.45  0.08001  0.0405  0.105
 4447  6.278  -25.35  0.08001  0.0405  0.100
 4448  6.278  -25.25  0.08001  0.0405  0.100
 4449  6.278  -25.15  0.08001  0.0405  0.100
 4450  6.278  -25.05  0.08001  0.0405  0.100
 4451  6.278  -24.95  0.08000  0.0405  0.100
 4452  6.278  -24.85  0.08000  0.0405  0.100
 4453  6.278  -24.75  0.08000  0.0405  0.100
 4454  6.278  -24.65  0.08000  0.0405  0.100
 4455  6.278  -24.55  0.08000  0.0405  0.105
 4456  6.278  -24.44  0.08000  0.0405  0.105
 4457  6.278  -24.34  0.08000  0.0405  0.100
 4458  6.278  -24.24  0.08000  0.0405  0.100
 4459  6.278  -24.14  0.08000  0.0405  0.100
 4460  6.278  -24.04  0.08000  0.0405  0.100
 4461  6.278  -23.94  0.08000  0.0405  0.100
 4462  6.278  -23.84  0.08000  0.0405  0.100
 4463  6.278  -23.74  0.08000  0.0405  0.100
 4464  6.278  -23.64  0.08000  0.0405  0.100
 4465  6.278  -23.54  0.08000  0.0405  0.105
 4466  6.278  -23.43  0.08000  0.0405  0.105
 4467  6.278  -23.33  0.08000  0.0405  0.100
 4468  6.278  -23.23  0.08000  0.0405  0.100
 4469  6.278  -23.13  0.08000  0.0405  0.100
 4470  6.278  -23.03  0.08000  0.0405  0.100
 4471  6.278  -22.93  0.08000  0.0405  0.100
 4472  6.278  -22.83  0.08000  0.0405  0.100
 4473  6.278  -22.73  0.08000  0.0405  0.100
 4474  6.278  -22.63  0.08000  0.0405  0.100
 4475  6.278  -22.53  0.08000  0.0405  0.105
 4476  6.278  -22.42  0.08000  0.0405  0.105
 4477  6.278  -22.32  0.08000  0.0405  0.100
 4478  6.278  -22.22  0.08000  0.0405  0.100
 4479  6.278  -22.12  0.08000  0.0405  0.100
 4480  6.278  -22.02  0.08000  0.0405  0.100
 4481  6.278  -21.92  0.08000  0.0405  0.100
 4482  6.278  -21.82  0.08000  0.0405  0.100
 4483  6.278  -21.72  0.08000  0.0405  0.100
 4484  6.278  -21.62  0.08000  0.0405  0.100
 4485  6.278  -21.52  0.08000  0.0405  0.105
 4486  6.278  -21.41  0.08000  0.0405  0.105
 4487  6.278  -21.31  0.08000  0.0405  0.100
 4488  6.278  -21.21  0.08000  0.0405  0.100
 4489  6.278  -21.11  0.08000  0.0405  0.100
 4490  6.278  -21.01  0.08000  0.0405  0.100
 4491  6.278  -20.91  0.08000  0.0405  0.100
 4492  6.278  -20.81  0.08000  0.0405  0.100
 4493  6.278  -20.71  0.08000  0.0405  0.100
 4494  6.278  -20.61  0.08000  0.0405  0.100
 4495  6.278  -20.51  0.08000  0.0405  0.105
 4496  6.278  -20.40  0.08000  0.0405  0.105
 4497  6.278  -20.30  0.08000  0.0405  0.100
 4498  6.278  -20.20  0.08000  0.0405  0.100
 4499  6.278  -20.10  0.08000  0.0405  0.100
 4500  6.278  -20.00  0.08000  0.0405  0.100
 4501  6.318  -30.00  0.09148  0.0405  0.100
 4502  6.318  -29.90  0.08945  0.0405  0.100
 4503  6.318  -29.80  0.08779  0.0405  0.100
 4504  6.318  -29.70  0.08643  0.0405  0.100
 4505  6.318  -29.60  0.08531  0.0405  0.105
 4506  6.318  -29.49  0.08440  0.0405  0.105
 4507  6.318  -29.39  0.08364  0.0405  0.100
 4508  6.318  -29.29  0.08302  0.0405  0.100
 4509  6.318  -29.19  0.08251  0.0405  0.100
 4510  6.318  -29.09  0.08209  0.0405  0.100
 4511  6.318  -28.99  0.08174  0.0405  0.100
 4512  6.318  -28.89  0.08145  0.0405  0.100
 4513  6.318  -28.79  0.08121  0.0405  0.100
 4514  6.318  -28.69  0.08102  0.0405  0.100
 4515  6.318  -28.59  0.08085  0.0405  0.105
 4516  6.318  -28.48  0.08071  0.0405  0.105
 4517  6.318  -28.38  0.08060  0.0405  0.100
 4518  6.318  -28.28  0.08050  0.0405  0.100
 4519  6.318  -28.18  0.08042  0.0405  0.100
 4520  6.318  -28.08  0.08036  0.0405  0.100
 4521  6.318  -27.98  0.08030  0.0405  0.100
 4522  6.318  -27.88  0.08026  0.0405  0.100
 4523  6.318  -27.78  0.08022  0.0405  0.100
 4524  6.318  -27.68  0.08018  0.0405  0.100
 4525  6.318  -27.58  0.08016  0.0405  0.105
 4526  6.318  -27.47  0.08013  0.0405  0.105
 4527  6.318  -27.37  0.08011  0.0405  0.100
 4528  6.318  -27.27  0.08010  0.0405  0.100
 4529  6.318  -27.17  0.08008  0.0405  0.100
 4530  6.318  -27.07  0.08007  0.0405  0.100
 4531  6.318  -26.97  0.08006  0.0405  0.100
 4532  6.318  -26.87  0.08005  0.0405  0.100
 4533  6.318  -26.77  0.08004  0.0405  0.100
 4534  6.318  -26.67  0.08004  0.0405  0.100
 4535  6.318  -26.57  0.08003  0.0405  0.105
 4536  6.318  -26.46  0.08003  0.0405  0.105
 4537  6.318  -26.36  0.08002  0.0405  0.100
 4538  6.318  -26.26  0.08002  0.0405  0.100
 4539  6.318  -26.16  0.08002  0.0405  0.100
 4540  6.318  -26.06  0.08001  0.0405  0.100
 4541  6.318  -25.96  0.08001  0.0405  0.100
 4542  6.318  -25.86  0.08001  0.0405  0.100
 4543  6.318  -25.76  0.08001  0.0405  0.100
 4544  6.318  -25.66  0.08001  0.0405  0.100
 4545  6.318  -25.56  0.08001  0.0405  0.105
 4546  6.318  -25.45  0.08001  0.0405  0.105
 4547  6.318  -25.35  0.08001  0.0405  0.100
 4548  6.318  -25.25  0.08000  0.0405  0.100
 4549  6.318  -25.15  0.08000  0.0405  0.100
 4550  6.318  -25.05  0.08000  0.0405  0.100
 4551  6.318  -24.95  0.08000  0.0405  0.100
 4552  6.318  -24.85  0.08000  0.0405  0.100
 4553  6.318  -24.75  0.08000  0.0405  0.100
 4554  6.318  -24.65  0.08000  0.0405  0.100
 4555  6.318  -24.55  0.08000  0.0405  0.105
 4556  6.318  -24.44  0.08000  0.0405  0.105
 4557  6.318  -24.34  0.08000  0.0405  0.100
 4558  6.318  -24.24  0.08000  0.0405  0.100
 4559  6.318  -24.14  0.08000  0.0405  0.100
 4560  6.318  -24.04  0.08000  0.0405  0.100
 4561  6.318  -23.94  0.08000  0.0405  0.100
 4562  6.318  -23.84  0.08000  0.0405  0.100
 4563  6.318  -23.74  0.08000  0.0405  0.100
 4564  6.318  -23.64  0.08000  0.0405  0.100
 4565  6.318  -23.54  0.08000  0.0405  0.105
 4566  6.318  -23.43  0.08000  0.0405  0.105
 4567  6.318  -23.33  0.08000  0.0405  0.100
 4568  6.318  -23.23  0.08000  0.0405  0.100
 4569  6.318  -23.13  0.08000  0.0405  0.100
 4570  6.318  -23.03  0.08000  0.0405  0.100
 4571  6.318  -22.93  0.08000  0.0405  0.100
 4572  6.318  -22.83  0.08000  0.0405  0.100
 4573  6.318  -22.73  0.08000  0.0405  0.100
 4574  6.318  -22.63  0.08000  0.0405  0.100
 4575  6.318  -22.53  0.08000  0.0405  0.105
 4576  6.318  -22.42  0.08000  0.0405  0.105
 4577  6.318  -22.32  0.08000  0.0405  0.100
 4578  6.318  -22.22  0.08000  0.0405  0.100
 4579  6.318  -22.12  0.08000  0.0405  0.100
 4580  6.318  -22.02  0.08000  0.0405  0.100
 4581  6.318  -21.92  0.08000  0.0405  0.100
 4582  6.318  -21.82  0.08000  0.0405  0.100
 4583  6.318  -21.72  0.08000  0.0405  0.100
 4584  6.318  -21.62  0.08000  0.0405  0.100
 4585  6.318  -21.52  0.08000  0.0405  0.105
 4586  6.318  -21.41  0.08000  0.0405  0.105
 4587  6.318  -21.31  0.08000  0.0405  0.100
 4588  6.318  -21.21  0.08000  0.0405  0.100
 4589  6.318  -21.11  0.08000  0.0405  0.100
 4590  6.318  -21.01  0.08000  0.0405  0.100
 4591  6.318  -20.91  0.08000  0.0405  0.100
 4592  6.318  -20.81  0.08000  0.0405  0.100
 4593  6.318  -20.71  0.08000  0.0405  0.100
 4594  6.318  -20.61  0.08000  0.0405  0.100
 4595  6.318  -20.51  0.08000  0.0405  0.105
 4596  6.318  -20.40  0.08000  0.0405  0.105
 4597  6.318  -20.30  0.08000  0.0405  0.100
 4598  6.318  -20.20  0.08000  0.0405  0.100
 4599  6.318  -20.10  0.08000  0.0405  0.100
 4600  6.318  -20.00  0.08000  0.0405  0.100
 4601  6.359  -30.00  0.08725  0.0405  0.100
 4602  6.359  -29.90  0.08596  0.0405  0.100
 4603  6.359  -29.80  0.08491  0.0405  0.100
 4604  6.359  -29.70  0.08405  0.0405  0.100
 4605  6.359  -29.60  0.08335  0.0405  0.105
 4606  6.359  -29.49  0.08277  0.0405  0.105
 4607  6.359  -29.39  0.08229  0.0405  0.100
 4608  6.359  -29.29  0.08190  0.0405  0.100
 4609  6.359  -29.19  0.08158  0.0405  0.100
 4610  6.359  -29.09  0.08131  0.0405  0.100
 4611  6.359  -28.99  0.08110  0.0405  0.100
 4612  6.359  -28.89  0.08091  0.0405  0.100
 4613  6.359  -28.79  0.08076  0.0405  0.100
 4614  6.359  -28.69  0.08064  0.0405  0.100
 4615  6.359  -28.59  0.08053  0.0405  0.105
 4616  6.359  -28.48  0.08045  0.0405  0.105
 4617  6.359  -28.38  0.08038  0.0405  0.100
 4618  6.359  -28.28  0.08032  0.0405  0.100
 4619  6.359  -28.18  0.08027  0.0405  0.100
 4620  6.359  -28.08  0.08022  0.0405  0.100
 4621  6.359  -27.98  0.08019  0.0405  0.100
 4622  6.359  -27.88  0.08016  0.0405  0.100
 4623  6.359  -27.78  0.08014  0.0405  0.100
 4624  6.359  -27.68  0.08011  0.0405  0.100
 4625  6.359  -27.58  0.08010  0.0405  0.105
 4626  6.359  -27.47  0.08008  0.0405  0.105
 4627  6.359  -27.37  0.08007  0.0405  0.100
 4628  6.359  -27.27  0.08006  0.0405  0.100
 4629  6.359  -27.17  0.08005  0.0405  0.100
 4630  6.359  -27.07  0.08004  0.0405  0.100
 4631  6.359  -26.97  0.08004  0.0405  0.100
 4632  6.359  -26.87  0.08003  0.0405  0.100
 4633  6.359  -26.77  0.08003  0.0405  0.100
 4634  6.359  -26.67  0.08002  0.0405  0.100
 4635  6.359  -26.57  0.08002  0.0405  0.105
 4636  6.359  -26.46  0.08002  0.0405  0.105
 4637  6.359  -26.36  0.08001  0.0405  0.100
 4638  6.359  -26.26  0.08001  0.0405  0.100
 4639  6.359  -26.16  0.08001  0.0405  0.100
 4640  6.359  -26.06  0.08001  0.0405  0.100
 4641  6.359  -25.96  0.08001  0.0405  0.100
 4642  6.359  -25.86  0.08001  0.0405  0.100
 4643  6.359  -25.76  0.08001  0.0405  0.100
 4644  6.359  -25.66  0.08001  0.0405  0.100
 4645  6.359  -25.56  0.08000  0.0405  0.105
 4646  6.359  -25.45  0.08000  0.0405  0.105
 4647  6.359  -25.35  0.08000  0.0405  0.100
 4648  6.359  -25.25  0.08000  0.0405  0.100
 4649  6.359  -25.15  0.08000  0.0405  0.100
 4650  6.359  -25.05  0.08000  0.0405  0.100
 4651  6.359  -24.95  0.08000  0.0405  0.100
 4652  6.359  -24.85  0.08000  0.0405  0.100
 4653  6.359  -24.75  0.08000  0.0405  0.100
 4654  6.359  -24.65  0.08000  0.0405  0.100
 4655  6.359  -24.55  0.08000  0.0405  0.105
 4656  6.359  -24.44  0.08000  0.0405  0.105
 4657  6.359  -24.34  0.08000  0.0405  0.100
 4658  6.359  -24.24  0.08000  0.0405  0.100
 4659  6.359  -24.14  0.08000  0.0405  0.100
 4660  6.359  -24.04  0.08000  0.0405  0.100
 4661  6.359  -23.94  0.08000  0.0405  0.100
 4662  6.359  -23.84  0.08000  0.0405  0.100
 4663  6.359  -23.74  0.08000  0.0405  0.100
 4664  6.359  -23.64  0.08000  0.0405  0.100
 4665  6.359  -23.54  0.08000  0.0405  0.105
 4666  6.359  -23.43  0.08000  0.0405  0.105
 4667  6.359  -23.33  0.08000  0.0405  0.100
 4668  6.359  -23.23  0.08000  0.0405  0.100
 4669  6.359  -23.13  0.08000  0.0405  0.100
 4670  6.359  -23.03  0.08000  0.0405  0.100
 4671  6.359  -22.93  0.08000  0.0405  0.100
 4672  6.359  -22.83  0.08000  0.0405  0.100
 4673  6.359  -22.73  0.08000  0.0405  0.100
 4674  6.359  -22.63  0.08000  0.0405  0.100
 4675  6.359  -22.53  0.08000  0.0405  0.105
 4676  6.359  -22.42  0.08000  0.0405  0.105
 4677  6.359  -22.32  0.08000  0.0405  0.100
 4678  6.359  -22.22  0.08000  0.0405  0.100
 4679  6.359  -22.12  0.08000  0.0405  0.100
 4680  6.359  -22.02  0.08000  0.0405  0.100
 4681  6.359  -21.92  0.08000  0.0405  0.100
 4682  6.359  -21.82  0.08000  0.0405  0.100
 4683  6.359  -21.72  0.08000  0.0405  0.100
 4684  6.359  -21.62  0.08000  0.0405  0.100
 4685  6.359  -21.52  0.08000  0.0405  0.105
 4686  6.359  -21.41  0.08000  0.0405  0.105
 4687  6.359  -21.31  0.08000  0.0405  0.100
 4688  6.359  -21.21  0.08000  0.0405  0.100
 4689  6.359  -21.11  0.08000  0.0405  0.100
 4690  6.359  -21.01  0.08000  0.0405  0.100
 4691  6.359  -20.91  0.08000  0.0405  0.100
 4692  6.359  -20.81  0.08000  0.0405  0.100
 4693  6.359  -20.71  0.08000  0.0405  0.100
 4694  6.359  -20.61  0.08000  0.0405  0.100
 4695  6.359  -20.51  0.08000  0.0405  0.105
 4696  6.359  -20.40  0.08000  0.0405  0.105
 4697  6.359  -20.30  0.08000  0.0405  0.100
 4698  6.359  -20.20  0.08000  0.0405  0.100
 4699  6.359  -20.10  0.08000  0.0405  0.100
 4700  6.359  -20.00  0.08000  0.0405  0.100
 4701  6.399  -30.00  0.08457  0.0400  0.100
 4702  6.399  -29.90  0.08375  0.0400  0.100
 4703  6.399  -29.80  0.08309  0.0400  0.100
 4704  6.399  -29.70  0.08255  0.0400  0.100
 4705  6.399  -29.60  0.08211  0.0400  0.105
 4706  6.399  -29.49  0.08174  0.0400  0.105
 4707  6.399  -29.39  0.08144  0.0400  0.100
 4708  6.399  -29.29  0.08120  0.0400  0.100
 4709  6.399  -29.19  0.08099  0.0400  0.100
 4710  6.399  -29.09  0.08083  0.0400  0.100
 4711  6.399  -28.99  0.08069  0.0400  0.100
 4712  6.399  -28.89  0.08057  0.0400  0.100
 4713  6.399  -28.79  0.08048  0.0400  0.100
 4714  6.399  -28.69  0.08040  0.0400  0.100
 4715  6.399  -28.59  0.08034  0.0400  0.105
 4716  6.399  -28.48  0.08028  0.0400  0.105
 4717  6.399  -28.38  0.08024  0.0400  0.100
 4718  6.399  -28.28  0.08020  0.0400  0.100
 4719  6.399  -28.18  0.08017  0.0400  0.100
 4720  6.399  -28.08  0.08014  0.0400  0.100
 4721  6.399  -27.98  0.08012  0.0400  0.100
 4722  6.399  -27.88  0.08010  0.0400  0.100
 4723  6.399  -27.78  0.08009  0.0400  0.100
 4724  6.399  -27.68  0.08007  0.0400  0.100
 4725  6.399  -27.58  0.08006  0.0400  0.105
 4726  6.399  -27.47  0.08005  0.0400  0.105
 4727  6.399  -27.37  0.08004  0.0400  0.100
 4728  6.399  -27.27  0.08004  0.0400  0.100
 4729  6.399  -27.17  0.08003  0.0400  0.100
 4730  6.399  -27.07  0.08003  0.0400  0.100
 4731  6.399  -26.97  0.08002  0.0400  0.100
 4732  6.399  -26.87  0.08002  0.0400  0.100
 4733  6.399  -26.77  0.08002  0.0400  0.100
 4734  6.399  -26.67  0.08001  0.0400  0.100
 4735  6.399  -26.57  0.08001  0.0400  0.105
 4736  6.399  -26.46  0.08001  0.0400  0.105
 4737  6.399  -26.36  0.08001  0.0400  0.100
 4738  6.399  -26.26  0.08001  0.0400  0.100
 4739  6.399  -26.16  0.08001  0.0400  0.100
 4740  6.399  -26.06  0.08001  0.0400  0.100
 4741  6.399  -25.96  0.08001  0.0400  0.100
 4742  6.399  -25.86  0.08000  0.0400  0.100
 4743  6.399  -25.76  0.08000  0.0400  0.100
 4744  6.399  -25.66  0.08000  0.0400  0.100
 4745  6.399  -25.56  0.08000  0.0400  0.105
 4746  6.399  -25.45  0.08000  0.0400  0.105
 4747  6.399  -25.35  0.08000  0.0400  0.100
 4748  6.399  -25.25  0.08000  0.0400  0.100
 4749  6.399  -25.15  0.08000  0.0400  0.100
 4750  6.399  -25.05  0.08000  0.0400  0.100
 4751  6.399  -24.95  0.08000  0.0400  0.100
 4752  6.399  -24.85  0.08000  0.0400  0.100
 4753  6.399  -24.75  0.08000  0.0400  0.100
 4754  6.399  -24.65  0.08000  0.0400  0.100
 4755  6.399  -24.55  0.08000  0.0400  0.105
 4756  6.399  -24.44  0.08000  0.0400  0.105
 4757  6.399  -24.34  0.08000  0.0400  0.100
 4758  6.399  -24.24  0.08000  0.0400  0.100
 4759  6.399  -24.14  0.08000  0.0400  0.100
 4760  6.399  -24.04  0.08000  0.0400  0.100
 4761  6.399  -23.94  0.08000  0.0400  0.100
 4762  6.399  -23.84  0.08000  0.0400  0.100
 4763  6.399  -23.74  0.08000  0.0400  0.100
 4764  6.399  -23.64  0.08000  0.0400  0.100
 4765  6.399  -23.54  0.08000  0.0400  0.105
 4766  6.399  -23.43  0.08000  0.0400  0.105
 4767  6.399  -23.33  0.08000  0.0400  0.100
 4768  6.399  -23.23  0.08000  0.0400  0.100
 4769  6.399  -23.13  0.08000  0.0400  0.100
 4770  6.399  -23.03  0.08000  0.0400  0.100
 4771  6.399  -22.93  0.08000  0.0400  0.100
 4772  6.399  -22.83  0.08000  0.0400  0.100
 4773  6.399  -22.73  0.08000  0.0400  0.100
 4774  6.399  -22.63  0.08000  0.0400  0.100
 4775  6.399  -22.53  0.08000  0.0400  0.105
 4776  6.399  -22.42  0.08000  0.0400  0.105
 4777  6.399  -22.32  0.08000  0.0400  0.100
 4778  6.399  -22.22  0.08000  0.0400  0.100
 4779  6.399  -22.12  0.08000  0.0400  0.100
 4780  6.399  -22.02  0.08000  0.0400  0.100
 4781  6.399  -21.92  0.08000  0.0400  0.100
 4782  6.399  -21.82  0.08000  0.0400  0.100
 4783  6.399  -21.72  0.08000  0.0400  0.100
 4784  6.399  -21.62  0.08000  0.0400  0.100
 4785  6.399  -21.52  0.08000  0.0400  0.105
 4786  6.399  -21.41  0.08000  0.0400  0.105
 4787  6.399  -21.31  0.08000  0.0400  0.100
 4788  6.399  -21.21  0.08000  0.0400  0.100
 4789  6.399  -21.11  0.08000  0.0400  0.100
 4790  6.399  -21.01  0.08000  0.0400  0.100
 4791  6.399  -20.91  0.08000  0.0400  0.100
 4792  6.399  -20.81  0.08000  0.0400  0.100
 4793  6.399  -20.71  0.08000  0.0400  0.100
 4794  6.399  -20.61  0.08000  0.0400  0.100
 4795  6.399  -20.51  0.08000  0.0400  0.105
 4796  6.399  -20.40  0.08000  0.0400  0.105
 4797  6.399  -20.30  0.08000  0.0400  0.100
 4798  6.399  -20.20  0.08000  0.0400  0.100
 4799  6.399  -20.10  0.08000  0.0400  0.100
 4800  6.399  -20.00  0.08000  0.0400  0.100
 4801  6.439  -30.00  0.08288  0.0405  0.100
 4802  6.439  -29.90  0.08236  0.0405  0.100
 4803  6.439  -29.80  0.08195  0.0405  0.100
 4804  6.439  -29.70  0.08160  0.0405  0.100
 4805  6.439  -29.60  0.08132  0.0405  0.105
 4806  6.439  -29.49  0.08109  0.0405  0.105
 4807  6.439  -29.39  0.08091  0.0405  0.100
 4808  6.439  -29.29  0.08075  0.0405  0.100
 4809  6.439  -29.19  0.08062  0.0405  0.100
 4810  6.439  -29.09  0.08052  0.0405  0.100
 4811  6.439  -28.99  0.08043  0.0405  0.100
 4812  6.439  -28.89  0.08036  0.0405  0.100
 4813  6.439  -28.79  0.08030  0.0405  0.100
 4814  6.439  -28.69  0.08025  0.0405  0.100
 4815  6.439  -28.59  0.08021  0.0405  0.105
 4816  6.439  -28.48  0.08018  0.0405  0.105
 4817  6.439  -28.38  0.08015  0.0405  0.100
 4818  6.439  -28.28  0.08013  0.0405  0.100
 4819  6.439  -28.18  0.08011  0.0405  0.100
 4820  6.439  -28.08  0.08009  0.0405  0.100
 4821  6.439  -27.98  0.08007  0.0405  0.100
 4822  6.439  -27.88  0.08006  0.0405  0.100
 4823  6.439  -27.78  0.08005  0.0405  0.100
 4824  6.439  -27.68  0.08005  0.0405  0.100
 4825  6.439  -27.58  0.08004  0.0405  0.105
 4826  6.439  -27.47  0.08003  0.0405  0.105
 4827  6.439  -27.37  0.08003  0.0405  0.100
 4828  6.439  -27.27  0.08002  0.0405  0.100
 4829  6.439  -27.17  0.08002  0.0405  0.100
 4830  6.439  -27.07  0.08002  0.0405  0.100
 4831  6.439  -26.97  0.08001  0.0405  0.100
 4832  6.439  -26.87  0.08001  0.0405  0.100
 4833  6.439  -26.77  0.08001  0.0405  0.100
 4834  6.439  -26.67  0.08001  0.0405  0.100
 4835  6.439  -26.57  0.08001  0.0405  0.105
 4836  6.439  -26.46  0.08001  0.0405  0.105
 4837  6.439  -26.36  0.08001  0.0405  0.100
 4838  6.439  -26.26  0.08000  0.0405  0.100
 4839  6.439  -26.16  0.08000  0.0405  0.100
 4840  6.439  -26.06  0.08000  0.0405  0.100
 4841  6.439  -25.96  0.08000  0.0405  0.100
 4842  6.439  -25.86  0.08000  0.0405  0.100
 4843  6.439  -25.76  0.08000  0.0405  0.100
 4844  6.439  -25.66  0.08000  0.0405  0.100
 4845  6.439  -25.56  0.08000  0.0405  0.105
 4846  6.439  -25.45  0.08000  0.0405  0.105
 4847  6.439  -25.35  0.08000  0.0405  0.100
 4848  6.439  -25.25  0.08000  0.0405  0.100
 4849  6.439  -25.15  0.08000  0.0405  0.100
 4850  6.439  -25.05  0.08000  0.0405  0.100
 4851  6.439  -24.95  0.08000  0.0405  0.100
 4852  6.439  -24.85  0.08000  0.0405  0.100
 4853  6.439  -24.75  0.08000  0.0405  0.100
 4854  6.439  -24.65  0.08000  0.0405  0.100
 4855  6.439  -24.55  0.08000  0.0405  0.105
 4856  6.439  -24.44  0.08000  0.0405  0.105
 4857  6.439  -24.34  0.08000  0.0405  0.100
 4858  6.439  -24.24  0.08000  0.0405  0.100
 4859  6.439  -24.14  0.08000  0.0405  0.100
 4860  6.439  -24.04  0.08000  0.0405  0.100
 4861  6.439  -23.94  0.08000  0.0405  0.100
 4862  6.439  -23.84  0.08000  0.0405  0.100
 4863  6.439  -23.74  0.08000  0.0405  0.100
 4864  6.439  -23.64  0.08000  0.0405  0.100
 4865  6.439  -23.54  0.08000  0.0405  0.105
 4866  6.439  -23.43  0.08000  0.0405  0.105
 4867  6.439  -23.33  0.08000  0.0405  0.100
 4868  6.439  -23.23  0.08000  0.0405  0.100
 4869  6.439  -23.13  0.08000  0.0405  0.100
 4870  6.439  -23.03  0.08000  0.0405  0.100
 4871  6.439  -22.93  0.08000  0.0405  0.100
 4872  6.439  -22.83  0.08000  0.0405  0.100
 4873  6.439  -22.73  0.08000  0.0405  0.100
 4874  6.439  -22.63  0.08000  0.0405  0.100
 4875  6.439  -22.53  0.08000  0.0405  0.105
 4876  6.439  -22.42  0.08000  0.0405  0.105
 4877  6.439  -22.32  0.08000  0.0405  0.100
 4878  6.439  -22.22  0.08000  0.0405  0.100
 4879  6.439  -22.12  0.08000  0.0405  0.100
 4880  6.439  -22.02  0.08000  0.0405  0.100
 4881  6.439  -21.92  0.08000  0.0405  0.100
 4882  6.439  -21.82  0.08000  0.0405  0.100
 4883  6.439  -21.72  0.08000  0.0405  0.100
 4884  6.439  -21.62  0.08000  0.0405  0.100
 4885  6.439  -21.52  0.08000  0.0405  0.105
 4886  6.439  -21.41  0.08000  0.0405  0.105
 4887  6.439  -21.31  0.08000  0.0405  0.100
 4888  6.439  -21.21  0.08000  0.0405  0.100
 4889  6.439  -21.11  0.08000  0.0405  0.100
 4890  6.439  -21.01  0.08000  0.0405  0.100
 4891  6.439  -20.91  0.08000  0.0405  0.100
 4892  6.439  -20.81  0.08000  0.0405  0.100
 4893  6.439  -20.71  0.08000  0.0405  0.100
 4894  6.439  -20.61  0.08000  0.0405  0.100
 4895  6.439  -20.51  0.08000  0.0405  0.105
 4896  6.439  -20.40  0.08000  0.0405  0.105
 4897  6.439  -20.30  0.08000  0.0405  0.100
 4898  6.439  -20.20  0.08000  0.0405  0.100
 4899  6.439  -20.10  0.08000  0.0405  0.100
 4900  6.439  -20.00  0.08000  0.0405  0.100
 4901  6.480  -30.00  0.08181  0.0405  0.100
 4902  6.480  -29.90  0.08149  0.0405  0.100
 4903  6.480  -29.80  0.08122  0.0405  0.100
 4904  6.480  -29.70  0.08101  0.0405  0.100
 4905  6.480  -29.60  0.08083  0.0405  0.105
 4906  6.480  -29.49  0.08069  0.0405  0.105
 4907  6.480  -29.39  0.08057  0.0405  0.100
 4908  6.480  -29.29  0.08047  0.0405  0.100
 4909  6.480  -29.19  0.08039  0.0405  0.100
 4910  6.480  -29.09  0.08033  0.0405  0.100
 4911  6.480  -28.99  0.08027  0.0405  0.100
 4912  6.480  -28.89  0.08023  0.0405  0.100
 4913  6.480  -28.79  0.08019  0.0405  0.100
 4914  6.480  -28.69  0.08016  0.0405  0.100
 4915  6.480  -28.59  0.08013  0.0405  0.105
 4916  6.480  -28.48  0.08011  0.0405  0.105
 4917  6.480  -28.38  0.08009  0.0405  0.100
 4918  6.480  -28.28  0.08008  0.0405  0.100
 4919  6.480  -28.18  0.08007  0.0405  0.100
 4920  6.480  -28.08  0.08006  0.0405  0.100
 4921  6.480  -27.98  0.08005  0.0405  0.100
 4922  6.480  -27.88  0.08004  0.0405  0.100
 4923  6.480  -27.78  0.08003  0.0405  0.100
 4924  6.480  -27.68  0.08003  0.0405  0.100
 4925  6.480  -27.58  0.08002  0.0405  0.105
 4926  6.480  -27.47  0.08002  0.0405  0.105
 4927  6.480  -27.37  0.08002  0.0405  0.100
 4928  6.480  -27.27  0.08001  0.0405  0.100
 4929  6.480  -27.17  0.08001  0.0405  0.100
 4930  6.480  -27.07  0.08001  0.0405  0.100
 4931  6.480  -26.97  0.08001  0.0405  0.100
 4932  6.480  -26.87  0.08001  0.0405  0.100
 4933  6.480  -26.77  0.08001  0.0405  0.100
 4934  6.480  -26.67  0.08001  0.0405  0.100
 4935  6.480  -26.57  0.08000  0.0405  0.105
 4936  6.480  -26.46  0.08000  0.0405  0.105
 4937  6.480  -26.36  0.08000  0.0405  0.100
 4938  6.480  -26.26  0.08000  0.0405  0.100
 4939  6.480  -26.16  0.08000  0.0405  0.100
 4940  6.480  -26.06  0.08000  0.0405  0.100
 4941  6.480  -25.96  0.08000  0.0405  0.100
 4942  6.480  -25.86  0.08000  0.0405  0.100
 4943  6.480  -25.76  0.08000  0.0405  0.100
 4944  6.480  -25.66  0.08000  0.0405  0.100
 4945  6.480  -25.56  0.08000  0.0405  0.105
 4946  6.480  -25.45  0.08000  0.0405  0.105
 4947  6.480  -25.35  0.08000  0.0405  0.100
 4948  6.480  -25.25  0.08000  0.0405  0.100
 4949  6.480  -25.15  0.08000  0.0405  0.100
 4950  6.480  -25.05  0.08000  0.0405  0.100
 4951  6.480  -24.95  0.08000  0.0405  0.100
 4952  6.480  -24.85  0.08000  0.0405  0.100
 4953  6.480  -24.75  0.08000  0.0405  0.100
 4954  6.480  -24.65  0.08000  0.0405  0.100
 4955  6.480  -24.55  0.08000  0.0405  0.105
 4956  6.480  -24.44  0.08000  0.0405  0.105
 4957  6.480  -24.34  0.08000  0.0405  0.100
 4958  6.480  -24.24  0.08000  0.0405  0.100
 4959  6.480  -24.14  0.08000  0.0405  0.100
 4960  6.480  -24.04  0.08000  0.0405  0.100
 4961  6.480  -23.94  0.08000  0.0405  0.100
 4962  6.480  -23.84  0.08000  0.0405  0.100
 4963  6.480  -23.74  0.08000  0.0405  0.100
 4964  6.480  -23.64  0.08000  0.0405  0.100
 4965  6.480  -23.54  0.08000  0.0405  0.105
 4966  6.480  -23.43  0.08000  0.0405  0.105
 4967  6.480  -23.33  0.08000  0.0405  0.100
 4968  6.480  -23.23  0.08000  0.0405  0.100
 4969  6.480  -23.13  0.08000  0.0405  0.100
 4970  6.480  -23.03  0.08000  0.0405  0.100
 4971  6.480  -22.93  0.08000  0.0405  0.100
 4972  6.480  -22.83  0.08000  0.0405  0.100
 4973  6.480  -22.73  0.08000  0.0405  0.100
 4974  6.480  -22.63  0.08000  0.0405  0.100
 4975  6.480  -22.53  0.08000  0.0405  0.105
 4976  6.480  -22.42  0.08000  0.0405  0.105
 4977  6.480  -22.32  0.08000  0.0405  0.100
 4978  6.480  -22.22  0.08000  0.0405  0.100
 4979  6.480  -22.12  0.08000  0.0405  0.100
 4980  6.480  -22.02  0.08000  0.0405  0.100
 4981  6.480  -21.92  0.08000  0.0405  0.100
 4982  6.480  -21.82  0.08000  0.0405  0.100
 4983  6.480  -21.72  0.08000  0.0405  0.100
 4984  6.480  -21.62  0.08000  0.0405  0.100
 4985  6.480  -21.52  0.08000  0.0405  0.105
 4986  6.480  -21.41  0.08000  0.0405  0.105
 4987  6.480  -21.31  0.08000  0.0405  0.100
 4988  6.480  -21.21  0.08000  0.0405  0.100
 4989  6.480  -21.11  0.08000  0.0405  0.100
 4990  6.480  -21.01  0.08000  0.0405  0.100
 4991  6.480  -20.91  0.08000  0.0405  0.100
 4992  6.480  -20.81  0.08000  0.0405  0.100
 4993  6.480  -20.71  0.08000  0.0405  0.100
 4994  6.480  -20.61  0.08000  0.0405  0.100
 4995  6.480  -20.51  0.08000  0.0405  0.105
 4996  6.480  -20.40  0.08000  0.0405  0.105
 4997  6.480  -20.30  0.08000  0.0405  0.100
 4998  6.480  -20.20  0.08000  0.0405  0.100
 4999  6.480  -20.10  0.08000  0.0405  0.100
 5000  6.480  -20.00  0.08000  0.0405  0.100
 5001  6.520  -30.00  0.08114  0.0405  0.100
 5002  6.520  -29.90  0.08093  0.0405  0.100
 5003  6.520  -29.80  0.08077  0.0405  0.100
 5004  6.520  -29.70  0.08063  0.0405  0.100
 5005  6.520  -29.60  0.08052  0.0405  0.105
 5006  6.520  -29.49  0.08043  0.0405  0.105
 5007  6.520  -29.39  0.08036  0.0405  0.100
 5008  6.520  -29.29  0.08030  0.0405  0.100
 5009  6.520  -29.19  0.08025  0.0405  0.100
 5010  6.520  -29.09  0.08021  0.0405  0.100
 5011  6.520  -28.99  0.08017  0.0405  0.100
 5012  6.520  -28.89  0.08014  0.0405  0.100
 5013  6.520  -28.79  0.08012  0.0405  0.100
 5014  6.520  -28.69  0.08010  0.0405  0.100
 5015  6.520  -28.59  0.08008  0.0405  0.105
 5016  6.520  -28.48  0.08007  0.0405  0.105
 5017  6.520  -28.38  0.08006  0.0405  0.100
 5018  6.520  -28.28  0.08005  0.0405  0.100
 5019  6.520  -28.18  0.08004  0.0405  0.100
 5020  6.520  -28.08  0.08004  0.0405  0.100
 5021  6.520  -27.98  0.08003  0.0405  0.100
 5022  6.520  -27.88  0.08003  0.0405  0.100
 5023  6.520  -27.78  0.08002  0.0405  0.100
 5024  6.520  -27.68  0.08002  0.0405  0.100
 5025  6.520  -27.58  0.08002  0.0405  0.105
 5026  6.520  -27.47  0.08001  0.0405  0.105
 5027  6.520  -27.37  0.08001  0.0405  0.100
 5028  6.520  -27.27  0.08001  0.0405  0.100
 5029  6.520  -27.17  0.08001  0.0405  0.100
 5030  6.520  -27.07  0.08001  0.0405  0.100
 5031  6.520  -26.97  0.08001  0.0405  0.100
 5032  6.520  -26.87  0.08000  0.0405  0.100
 5033  6.520  -26.77  0.08000  0.0405  0.100
 5034  6.520  -26.67  0.08000  0.0405  0.100
 5035  6.520  -26.57  0.08000  0.0405  0.105
 5036  6.520  -26.46  0.08000  0.0405  0.105
 5037  6.520  -26.36  0.08000  0.0405  0.100
 5038  6.520  -26.26  0.08000  0.0405  0.100
 5039  6.520  -26.16  0.08000  0.0405  0.100
 5040  6.520  -26.06  0.08000  0.0405  0.100
 5041  6.520  -25.96  0.08000  0.0405  0.100
 5042  6.520  -25.86  0.08000  0.0405  0.100
 5043  6.520  -25.76  0.08000  0.0405  0.100
 5044  6.520  -25.66  0.08000  0.0405  0.100
 5045  6.520  -25.56  0.08000  0.0405  0.105
 5046  6.520  -25.45  0.08000  0.0405  0.105
 5047  6.520  -25.35  0.08000  0.0405  0.100
 5048  6.520  -25.25  0.08000  0.0405  0.100
 5049  6.520  -25.15  0.08000  0.0405  0.100
 5050  6.520  -25.05  0.08000  0.0405  0.100
 5051  6.520  -24.95  0.08000  0.0405  0.100
 5052  6.520  -24.85  0.08000  0.0405  0.100
 5053  6.520  -24.75  0.08000  0.0405  0.100
 5054  6.520  -24.65  0.08000  0.0405  0.100
 5055  6.520  -24.55  0.08000  0.0405  0.105
 5056  6.520  -24.44  0.08000  0.0405  0.105
 5057  6.520  -24.34  0.08000  0.0405  0.100
 5058  6.520  -24.24  0.08000  0.0405  0.100
 5059  6.520  -24.14  0.08000  0.0405  0.100
 5060  6.520  -24.04  0.08000  0.0405  0.100
 5061  6.520  -23.94  0.08000  0.0405  0.100
 5062  6.520  -23.84  0.08000  0.0405  0.100
 5063  6.520  -23.74  0.08000  0.0405  0.100
 5064  6.520  -23.64  0.08000  0.0405  0.100
 5065  6.520  -23.54  0.08000  0.0405  0.105
 5066  6.520  -23.43  0.08000  0.0405  0.105
 5067  6.520  -23.33  0.08000  0.0405  0.100
 5068  6.520  -23.23  0.08000  0.0405  0.100
 5069  6.520  -23.13  0.08000  0.0405  0.100
 5070  6.520  -23.03  0.08000  0.0405  0.100
 5071  6.520  -22.93  0.08000  0.0405  0.100
 5072  6.520  -22.83  0.08000  0.0405  0.100
 5073  6.520  -22.73  0.08000  0.0405  0.100
 5074  6.520  -22.63  0.08000  0.0405  0.100
 5075  6.520  -22.53  0.08000  0.0405  0.105
 5076  6.520  -22.42  0.08000  0.0405  0.105
 5077  6.520  -22.32  0.08000  0.0405  0.100
 5078  6.520  -22.22  0.08000  0.0405  0.100
 5079  6.520  -22.12  0.08000  0.0405  0.100
 5080  6.520  -22.02  0.08000  0.0405  0.100
 5081  6.520  -21.92  0.08000  0.0405  0.100
 5082  6.520  -21.82  0.08000  0.0405  0.100
 5083  6.520  -21.72  0.08000  0.0405  0.100
 5084  6.520  -21.62  0.08000  0.0405  0.100
 5085  6.520  -21.52  0.08000  0.0405  0.105
 5086  6.520  -21.41  0.08000  0.0405  0.105
 5087  6.520  -21.31  0.08000  0.0405  0.100
 5088  6.520  -21.21  0.08000  0.0405  0.100
 5089  6.520  -21.11  0.08000  0.0405  0.100
 5090  6.520  -21.01  0.08000  0.0405  0.100
 5091  6.520  -20.91  0.08000  0.0405  0.100
 5092  6.520  -20.81  0.08000  0.0405  0.100
 5093  6.520  -20.71  0.08000  0.0405  0.100
 5094  6.520  -20.61  0.08000  0.0405  0.100
 5095  6.520  -20.51  0.08000  0.0405  0.105
 5096  6.520  -20.40  0.08000  0.0405  0.105
 5097  6.520  -20.30  0.08000  0.0405  0.100
 5098  6.520  -20.20  0.08000  0.0405  0.100
 5099  6.520  -20.10  0.08000  0.0405  0.100
 5100  6.520  -20.00  0.08000  0.0405  0.100
 5101  6.561  -30.00  0.08072  0.0405  0.100
 5102  6.561  -29.90  0.08059  0.0405  0.100
 5103  6.561  -29.80  0.08048  0.0405  0.100
 5104  6.561  -29.70  0.08040  0.0405  0.100
 5105  6.561  -29.60  0.08033  0.0405  0.105
 5106  6.561  -29.49  0.08027  0.0405  0.105
 5107  6.561  -29.39  0.08023  0.0405  0.100
 5108  6.561  -29.29  0.08019  0.0405  0.100
 5109  6.561  -29.19  0.08016  0.0405  0.100
 5110  6.561  -29.09  0.08013  0.0405  0.100
 5111  6.561  -28.99  0.08011  0.0405  0.100
 5112  6.561  -28.89  0.08009  0.0405  0.100
 5113  6.561  -28.79  0.08007  0.0405  0.100
 5114  6.561  -28.69  0.08006  0.0405  0.100
 5115  6.561  -28.59  0.08005  0.0405  0.105
 5116  6.561  -28.48  0.08004  0.0405  0.105
 5117  6.561  -28.38  0.08004  0.0405  0.100
 5118  6.561  -28.28  0.08003  0.0405  0.100
 5119  6.561  -28.18  0.08003  0.0405  0.100
 5120  6.561  -28.08  0.08002  0.0405  0.100
 5121  6.561  -27.98  0.08002  0.0405  0.100
 5122  6.561  -27.88  0.08002  0.0405  0.100
 5123  6.561  -27.78  0.08001  0.0405  0.100
 5124  6.561  -27.68  0.08001  0.0405  0.100
 5125  6.561  -27.58  0.08001  0.0405  0.105
 5126  6.561  -27.47  0.08001  0.0405  0.105
 5127  6.561  -27.37  0.08001  0.0405  0.100
 5128  6.561  -27.27  0.08001  0.0405  0.100
 5129  6.561  -27.17  0.08000  0.0405  0.100
 5130  6.561  -27.07  0.08000  0.0405  0.100
 5131  6.561  -26.97  0.08000  0.0405  0.100
 5132  6.561  -26.87  0.08000  0.0405  0.100
 5133  6.561  -26.77  0.08000  0.0405  0.100
 5134  6.561  -26.67  0.08000  0.0405  0.100
 5135  6.561  -26.57  0.08000  0.0405  0.105
 5136  6.561  -26.46  0.08000  0.0405  0.105
 5137  6.561  -26.36  0.08000  0.0405  0.100
 5138  6.561  -26.26  0.08000  0.0405  0.100
 5139  6.561  -26.16  0.08000  0.0405  0.100
 5140  6.561  -26.06  0.08000  0.0405  0.100
 5141  6.561  -25.96  0.08000  0.0405  0.100
 5142  6.561  -25.86  0.08000  0.0405  0.100
 5143  6.561  -25.76  0.08000  0.0405  0.100
 5144  6.561  -25.66  0.08000  0.0405  0.100
 5145  6.561  -25.56  0.08000  0.0405  0.105
 5146  6.561  -25.45  0.08000  0.0405  0.105
 5147  6.561  -25.35  0.08000  0.0405  0.100
 5148  6.561  -25.25  0.08000  0.0405  0.100
 5149  6.561  -25.15  0.08000  0.0405  0.100
 5150  6.561  -25.05  0.08000  0.0405  0.100
 5151  6.561  -24.95  0.08000  0.0405  0.100
 5152  6.561  -24.85  0.08000  0.0405  0.100
 5153  6.561  -24.75  0.08000  0.0405  0.100
 5154  6.561  -24.65  0.08000  0.0405  0.100
 5155  6.561  -24.55  0.08000  0.0405  0.105
 5156  6.561  -24.44  0.08000  0.0405  0.105
 5157  6.561  -24.34  0.08000  0.0405  0.100
 5158  6.561  -24.24  0.08000  0.0405  0.100
 5159  6.561  -24.14  0.08000  0.0405  0.100
 5160  6.561  -24.04  0.08000  0.0405  0.100
 5161  6.561  -23.94  0.08000  0.0405  0.100
 5162  6.561  -23.84  0.08000  0.0405  0.100
 5163  6.561  -23.74  0.08000  0.0405  0.100
 5164  6.561  -23.64  0.08000  0.0405  0.100
 5165  6.561  -23.54  0.08000  0.0405  0.105
 5166  6.561  -23.43  0.08000  0.0405  0.105
 5167  6.561  -23.33  0.08000  0.0405  0.100
 5168  6.561  -23.23  0.08000  0.0405  0.100
 5169  6.561  -23.13  0.08000  0.0405  0.100
 5170  6.561  -23.03  0.08000  0.0405  0.100
 5171  6.561  -22.93  0.08000  0.0405  0.100
 5172  6.561  -22.83  0.08000  0.0405  0.100
 5173  6.561  -22.73  0.08000  0.0405  0.100
 5174  6.561  -22.63  0.08000  0.0405  0.100
 5175  6.561  -22.53  0.08000  0.0405  0.105
 5176  6.561  -22.42  0.08000  0.0405  0.105
 5177  6.561  -22.32  0.08000  0.0405  0.100
 5178  6.561  -22.22  0.08000  0.0405  0.100
 5179  6.561  -22.12  0.08000  0.0405  0.100
 5180  6.561  -22.02  0.08000  0.0405  0.100
 5181  6.561  -21.92  0.08000  0.0405  0.100
 5182  6.561  -21.82  0.08000  0.0405  0.100
 5183  6.561  -21.72  0.08000  0.0405  0.100
 5184  6.561  -21.62  0.08000  0.0405  0.100
 5185  6.561  -21.52  0.08000  0.0405  0.105
 5186  6.561  -21.41  0.08000  0.0405  0.105
 5187  6.561  -21.31  0.08000  0.0405  0.100
 5188  6.561  -21.21  0.08000  0.0405  0.100
 5189  6.561  -21.11  0.08000  0.0405  0.100
 5190  6.561  -21.01  0.08000  0.0405  0.100
 5191  6.561  -20.91  0.08000  0.0405  0.100
 5192  6.561  -20.81  0.08000  0.0405  0.100
 5193  6.561  -20.71  0.08000  0.0405  0.100
 5194  6.561  -20.61  0.08000  0.0405  0.100
 5195  6.561  -20.51  0.08000  0.0405  0.105
 5196  6.561  -20.40  0.08000  0.0405  0.105
 5197  6.561  -20.30  0.08000  0.0405  0.100
 5198  6.561  -20.20  0.08000  0.0405  0.100
 5199  6.561  -20.10  0.08000  0.0405  0.100
 5200  6.561  -20.00  0.08000  0.0405  0.100
 5201  6.601  -30.00  0.08045  0.0400  0.100
 5202  6.601  -29.90  0.08037  0.0400  0.100
 5203  6.601  -29.80  0.08030  0.0400  0.100
 5204  6.601  -29.70  0.08025  0.0400  0.100
 5205  6.601  -29.60  0.08021  0.0400  0.105
 5206  6.601  -29.49  0.08017  0.0400  0.105
 5207  6.601  -29.39  0.08014  0.0400  0.100
 5208  6.601  -29.29  0.08012  0.0400  0.100
 5209  6.601  -29.19  0.08010  0.0400  0.100
 5210  6.601  -29.09  0.08008  0.0400  0.100
 5211  6.601  -28.99  0.08007  0.0400  0.100
 5212  6.601  -28.89  0.08006  0.0400  0.100
 5213  6.601  -28.79  0.08005  0.0400  0.100
 5214  6.601  -28.69  0.08004  0.0400  0.100
 5215  6.601  -28.59  0.08003  0.0400  0.105
 5216  6.601  -28.48  0.08003  0.0400  0.105
 5217  6.601  -28.38  0.08002  0.0400  0.100
 5218  6.601  -28.28  0.08002  0.0400  0.100
 5219  6.601  -28.18  0.08002  0.0400  0.100
 5220  6.601  -28.08  0.08001  0.0400  0.100
 5221  6.601  -27.98  0.08001  0.0400  0.100
 5222  6.601  -27.88  0.08001  0.0400  0.100
 5223  6.601  -27.78  0.08001  0.0400  0.100
 5224  6.601  -27.68  0.08001  0.0400  0.100
 5225  6.601  -27.58  0.08001  0.0400  0.105
 5226  6.601  -27.47  0.08001  0.0400  0.105
 5227  6.601  -27.37  0.08000  0.0400  0.100
 5228  6.601  -27.27  0.08000  0.0400  0.100
 5229  6.601  -27.17  0.08000  0.0400  0.100
 5230  6.601  -27.07  0.08000  0.0400  0.100
 5231  6.601  -26.97  0.08000  0.0400  0.100
 5232  6.601  -26.87  0.08000  0.0400  0.100
 5233  6.601  -26.77  0.08000  0.0400  0.100
 5234  6.601  -26.67  0.08000  0.0400  0.100
 5235  6.601  -26.57  0.08000  0.0400  0.105
 5236  6.601  -26.46  0.08000  0.0400  0.105
 5237  6.601  -26.36  0.08000  0.0400  0.100
 5238  6.601  -26.26  0.08000  0.0400  0.100
 5239  6.601  -26.16  0.08000  0.0400  0.100
 5240  6.601  -26.06  0.08000  0.0400  0.100
 5241  6.601  -25.96  0.08000  0.0400  0.100
 5242  6.601  -25.86  0.08000  0.0400  0.100
 5243  6.601  -25.76  0.08000  0.0400  0.100
 5244  6.601  -25.66  0.08000  0.0400  0.100
 5245  6.601  -25.56  0.08000  0.0400  0.105
 5246  6.601  -25.45  0.08000  0.0400  0.105
 5247  6.601  -25.35  0.08000  0.0400  0.100
 5248  6.601  -25.25  0.08000  0.0400  0.100
 5249  6.601  -25.15  0.08000  0.0400  0.100
 5250  6.601  -25.05  0.08000  0.0400  0.100
 5251  6.601  -24.95  0.08000  0.0400  0.100
 5252  6.601  -24.85  0.08000  0.0400  0.100
 5253  6.601  -24.75  0.08000  0.0400  0.100
 5254  6.601  -24.65  0.08000  0.0400  0.100
 5255  6.601  -24.55  0.08000  0.0400  0.105
 5256  6.601  -24.44  0.08000  0.0400  0.105
 5257  6.601  -24.34  0.08000  0.0400  0.100
 5258  6.601  -24.24  0.08000  0.0400  0.100
 5259  6.601  -24.14  0.08000  0.0400  0.100
 5260  6.601  -24.04  0.08000  0.0400  0.100
 5261  6.601  -23.94  0.08000  0.0400  0.100
 5262  6.601  -23.84  0.08000  0.0400  0.100
 5263  6.601  -23.74  0.08000  0.0400  0.100
 5264  6.601  -23.64  0.08000  0.0400  0.100
 5265  6.601  -23.54  0.08000  0.0400  0.105
 5266  6.601  -23.43  0.08000  0.0400  0.105
 5267  6.601  -23.33  0.08000  0.0400  0.100
 5268  6.601  -23.23  0.08000  0.0400  0.100
 5269  6.601  -23.13  0.08000  0.0400  0.100
 5270  6.601  -23.03  0.08000  0.0400  0.100
 5271  6.601  -22.93  0.08000  0.0400  0.100
 5272  6.601  -22.83  0.08000  0.0400  0.100
 5273  6.601  -22.73  0.08000  0.0400  0.100
 5274  6.601  -22.63  0.08000  0.0400  0.100
 5275  6.601  -22.53  0.08000  0.0400  0.105
 5276  6.601  -22.42  0.08000  0.0400  0.105
 5277  6.601  -22.32  0.08000  0.0400  0.100
 5278  6.601  -22.22  0.08000  0.0400  0.100
 5279  6.601  -22.12  0.08000  0.0400  0.100
 5280  6.601  -22.02  0.08000  0.0400  0.100
 5281  6.601  -21.92  0.08000  0.0400  0.100
 5282  6.601  -21.82  0.08000  0.0400  0.100
 5283  6.601  -21.72  0.08000  0.0400  0.100
 5284  6.601  -21.62  0.08000  0.0400  0.100
 5285  6.601  -21.52  0.08000  0.0400  0.105
 5286  6.601  -21.41  0.08000  0.0400  0.105
 5287  6.601  -21.31  0.08000  0.0400  0.100
 5288  6.601  -21.21  0.08000  0.0400  0.100
 5289  6.601  -21.11  0.08000  0.0400  0.100
 5290  6.601  -21.01  0.08000  0.0400  0.100
 5291  6.601  -20.91  0.08000  0.0400  0.100
 5292  6.601  -20.81  0.08000  0.0400  0.100
 5293  6.601  -20.71  0.08000  0.0400  0.100
 5294  6.601  -20.61  0.08000  0.0400  0.100
 5295  6.601  -20.51  0.08000  0.0400  0.105
 5296  6.601  -20.40  0.08000  0.0400  0.105
 5297  6.601  -20.30  0.08000  0.0400  0.100
 5298  6.601  -20.20  0.08000  0.0400  0.100
 5299  6.601  -20.10  0.08000  0.0400  0.100
 5300  6.601  -20.00  0.08000  0.0400  0.100
 5301  6.641  -30.00  0.08028  0.0405  0.100
 5302  6.641  -29.90  0.08023  0.0405  0.100
 5303  6.641  -29.80  0.08019  0.0405  0.100
 5304  6.641  -29.70  0.08016  0.0405  0.100
 5305  6.641  -29.60  0.08013  0.0405  0.105
 5306  6.641  -29.49  0.08011  0.0405  0.105
 5307  6.641  -29.39  0.08009  0.0405  0.100
 5308  6.641  -29.29  0.08007  0.0405  0.100
 5309  6.641  -29.19  0.08006  0.0405  0.100
 5310  6.641  -29.09  0.08005  0.0405  0.100
 5311  6.641  -28.99  0.08004  0.0405  0.100
 5312  6.641  -28.89  0.08004  0.0405  0.100
 5313  6.641  -28.79  0.08003  0.0405  0.100
 5314  6.641  -28.69  0.08002  0.0405  0.100
 5315  6.641  -28.59  0.08002  0.0405  0.105
 5316  6.641  -28.48  0.08002  0.0405  0.105
 5317  6.641  -28.38  0.08001  0.0405  0.100
 5318  6.641  -28.28  0.08001  0.0405  0.100
 5319  6.641  -28.18  0.08001  0.0405  0.100
 5320  6.641  -28.08  0.08001  0.0405  0.100
 5321  6.641  -27.98  0.08001  0.0405  0.100
 5322  6.641  -27.88  0.08001  0.0405  0.100
 5323  6.641  -27.78  0.08001  0.0405  0.100
 5324  6.641  -27.68  0.08000  0.0405  0.100
 5325  6.641  -27.58  0.08000  0.0405  0.105
 5326  6.641  -27.47  0.08000  0.0405  0.105
 5327  6.641  -27.37  0.08000  0.0405  0.100
 5328  6.641  -27.27  0.08000  0.0405  0.100
 5329  6.641  -27.17  0.08000  0.0405  0.100
 5330  6.641  -27.07  0.08000  0.0405  0.100
 5331  6.641  -26.97  0.08000  0.0405  0.100
 5332  6.641  -26.87  0.08000  0.0405  0.100
 5333  6.641  -26.77  0.08000  0.0405  0.100
 5334  6.641  -26.67  0.08000  0.0405  0.100
 5335  6.641  -26.57  0.08000  0.0405  0.105
 5336  6.641  -26.46  0.08000  0.0405  0.105
 5337  6.641  -26.36  0.08000  0.0405  0.100
 5338  6.641  -26.26  0.08000  0.0405  0.100
 5339  6.641  -26.16  0.08000  0.0405  0.100
 5340  6.641  -26.06  0.08000  0.0405  0.100
 5341  6.641  -25.96  0.08000  0.0405  0.100
 5342  6.641  -25.86  0.08000  0.0405  0.100
 5343  6.641  -25.76  0.08000  0.0405  0.100
 5344  6.641  -25.66  0.08000  0.0405  0.100
 5345  6.641  -25.56  0.08000  0.0405  0.105
 5346  6.641  -25.45  0.08000  0.0405  0.105
 5347  6.641  -25.35  0.08000  0.0405  0.100
 5348  6.641  -25.25  0.08000  0.0405  0.100
 5349  6.641  -25.15  0.08000  0.0405  0.100
 5350  6.641  -25.05  0.08000  0.0405  0.100
 5351  6.641  -24.95  0.08000  0.0405  0.100
 5352  6.641  -24.85  0.08000  0.0405  0.100
 5353  6.641  -24.75  0.08000  0.0405  0.100
 5354  6.641  -24.65  0.08000  0.0405  0.100
 5355  6.641  -24.55  0.08000  0.0405  0.105
 5356  6.641  -24.44  0.08000  0.0405  0.105
 5357  6.641  -24.34  0.08000  0.0405  0.100
 5358  6.641  -24.24  0.08000  0.0405  0.100
 5359  6.641  -24.14  0.08000  0.0405  0.100
 5360  6.641  -24.04  0.08000  0.0405  0.100
 5361  6.641  -23.94  0.08000  0.0405  0.100
 5362  6.641  -23.84  0.08000  0.0405  0.100
 5363  6.641  -23.74  0.08000  0.0405  0.100
 5364  6.641  -23.64  0.08000  0.0405  0.100
 5365  6.641  -23.54  0.08000  0.0405  0.105
 5366  6.641  -23.43  0.08000  0.0405  0.105
 5367  6.641  -23.33  0.08000  0.0405  0.100
 5368  6.641  -23.23  0.08000  0.0405  0.100
 5369  6.641  -23.13  0.08000  0.0405  0.100
 5370  6.641  -23.03  0.08000  0.0405  0.100
 5371  6.641  -22.93  0.08000  0.0405  0.100
 5372  6.641  -22.83  0.08000  0.0405  0.100
 5373  6.641  -22.73  0.08000  0.0405  0.100
 5374  6.641  -22.63  0.08000  0.0405  0.100
 5375  6.641  -22.53  0.08000  0.0405  0.105
 5376  6.641  -22.42  0.08000  0.0405  0.105
 5377  6.641  -22.32  0.08000  0.0405  0.100
 5378  6.641  -22.22  0.08000  0.0405  0.100
 5379  6.641  -22.12  0.08000  0.0405  0.100
 5380  6.641  -22.02  0.08000  0.0405  0.100
 5381  6.641  -21.92  0.08000  0.0405  0.100
 5382  6.641  -21.82  0.08000  0.0405  0.100
 5383  6.641  -21.72  0.08000  0.0405  0.100
 5384  6.641  -21.62  0.08000  0.0405  0.100
 5385  6.641  -21.52  0.08000  0.0405  0.105
 5386  6.641  -21.41  0.08000  0.0405  0.105
 5387  6.641  -21.31  0.08000  0.0405  0.100
 5388  6.641  -21.21  0.08000  0.0405  0.100
 5389  6.641  -21.11  0.08000  0.0405  0.100
 5390  6.641  -21.01  0.08000  0.0405  0.100
 5391  6.641  -20.91  0.08000  0.0405  0.100
 5392  6.641  -20.81  0.08000  0.0405  0.100
 5393  6.641  -20.71  0.08000  0.0405  0.100
 5394  6.641  -20.61  0.08000  0.0405  0.100
 5395  6.641  -20.51  0.08000  0.0405  0.105
 5396  6.641  -20.40  0.08000  0.0405  0.105
 5397  6.641  -20.30  0.08000  0.0405  0.100
 5398  6.641  -20.20  0.08000  0.0405  0.100
 5399  6.641  -20.10  0.08000  0.0405  0.100
 5400  6.641  -20.00  0.08000  0.0405  0.100
 5401  6.682  -30.00  0.08018  0.0405  0.100
 5402  6.682  -29.90  0.08015  0.0405  0.100
 5403  6.682  -29.80  0.08012  0.0405  0.100
 5404  6.682  -29.70  0.08010  0.0405  0.100
 5405  6.682  -29.60  0.08008  0.0405  0.105
 5406  6.682  -29.49  0.08007  0.0405  0.105
 5407  6.682  -29.39  0.08006  0.0405  0.100
 5408  6.682  -29.29  0.08005  0.0405  0.100
 5409  6.682  -29.19  0.08004  0.0405  0.100
 5410  6.682  -29.09  0.08003  0.0405  0.100
 5411  6.682  -28.99  0.08003  0.0405  0.100
 5412  6.682  -28.89  0.08002  0.0405  0.100
 5413  6.682  -28.79  0.08002  0.0405  0.100
 5414  6.682  -28.69  0.08002  0.0405  0.100
 5415  6.682  -28.59  0.08001  0.0405  0.105
 5416  6.682  -28.48  0.08001  0.0405  0.105
 5417  6.682  -28.38  0.08001  0.0405  0.100
 5418  6.682  -28.28  0.08001  0.0405  0.100
 5419  6.682  -28.18  0.08001  0.0405  0.100
 5420  6.682  -28.08  0.08001  0.0405  0.100
 5421  6.682  -27.98  0.08000  0.0405  0.100
 5422  6.682  -27.88  0.08000  0.0405  0.100
 5423  6.682  -27.78  0.08000  0.0405  0.100
 5424  6.682  -27.68  0.08000  0.0405  0.100
 5425  6.682  -27.58  0.08000  0.0405  0.105
 5426  6.682  -27.47  0.08000  0.0405  0.105
 5427  6.682  -27.37  0.08000  0.0405  0.100
 5428  6.682  -27.27  0.08000  0.0405  0.100
 5429  6.682  -27.17  0.08000  0.0405  0.100
 5430  6.682  -27.07  0.08000  0.0405  0.100
 5431  6.682  -26.97  0.08000  0.0405  0.100
 5432  6.682  -26.87  0.08000  0.0405  0.100
 5433  6.682  -26.77  0.08000  0.0405  0.100
 5434  6.682  -26.67  0.08000  0.0405  0.100
 5435  6.682  -26.57  0.08000  0.0405  0.105
 5436  6.682  -26.46  0.08000  0.0405  0.105
 5437  6.682  -26.36  0.08000  0.0405  0.100
 5438  6.682  -26.26  0.08000  0.0405  0.100
 5439  6.682  -26.16  0.08000  0.0405  0.100
 5440  6.682  -26.06  0.08000  0.0405  0.100
 5441  6.682  -25.96  0.08000  0.0405  0.100
 5442  6.682  -25.86  0.08000  0.0405  0.100
 5443  6.682  -25.76  0.08000  0.0405  0.100
 5444  6.682  -25.66  0.08000  0.0405  0.100
 5445  6.682  -25.56  0.08000  0.0405  0.105
 5446  6.682  -25.45  0.08000  0.0405  0.105
 5447  6.682  -25.35  0.08000  0.0405  0.100
 5448  6.682  -25.25  0.08000  0.0405  0.100
 5449  6.682  -25.15  0.08000  0.0405  0.100
 5450  6.682  -25.05  0.08000  0.0405  0.100
 5451  6.682  -24.95  0.08000  0.0405  0.100
 5452  6.682  -24.85  0.08000  0.0405  0.100
 5453  6.682  -24.75  0.08000  0.0405  0.100
 5454  6.682  -24.65  0.08000  0.0405  0.100
 5455  6.682  -24.55  0.08000  0.0405  0.105
 5456  6.682  -24.44  0.08000  0.0405  0.105
 5457  6.682  -24.34  0.08000  0.0405  0.100
 5458  6.682  -24.24  0.08000  0.0405  0.100
 5459  6.682  -24.14  0.08000  0.0405  0.100
 5460  6.682  -24.04  0.08000  0.0405  0.100
 5461  6.682  -23.94  0.08000  0.0405  0.100
 5462  6.682  -23.84  0.08000  0.0405  0.100
 5463  6.682  -23.74  0.08000  0.0405  0.100
 5464  6.682  -23.64  0.08000  0.0405  0.100
 5465  6.682  -23.54  0.08000  0.0405  0.105
 5466  6.682  -23.43  0.08000  0.0405  0.105
 5467  6.682  -23.33  0.08000  0.0405  0.100
 5468  6.682  -23.23  0.08000  0.0405  0.100
 5469  6.682  -23.13  0.08000  0.0405  0.100
 5470  6.682  -23.03  0.08000  0.0405  0.100
 5471  6.682  -22.93  0.08000  0.0405  0.100
 5472  6.682  -22.83  0.08000  0.0405  0.100
 5473  6.682  -22.73  0.08000  0.0405  0.100
 5474  6.682  -22.63  0.08000  0.0405  0.100
 5475  6.682  -22.53  0.08000  0.0405  0.105
 5476  6.682  -22.42  0.08000  0.0405  0.105
 5477  6.682  -22.32  0.08000  0.0405  0.100
 5478  6.682  -22.22  0.08000  0.0405  0.100
 5479  6.682  -22.12  0.08000  0.0405  0.100
 5480  6.682  -22.02  0.08000  0.0405  0.100
 5481  6.682  -21.92  0.08000  0.0405  0.100
 5482  6.682  -21.82  0.08000  0.0405  0.100
 5483  6.682  -21.72  0.08000  0.0405  0.100
 5484  6.682  -21.62  0.08000  0.0405  0.100
 5485  6.682  -21.52  0.08000  0.0405  0.105
 5486  6.682  -21.41  0.08000  0.0405  0.105
 5487  6.682  -21.31  0.08000  0.0405  0.100
 5488  6.682  -21.21  0.08000  0.0405  0.100
 5489  6.682  -21.11  0.08000  0.0405  0.100
 5490  6.682  -21.01  0.08000  0.0405  0.100
 5491  6.682  -20.91  0.08000  0.0405  0.100
 5492  6.682  -20.81  0.08000  0.0405  0.100
 5493  6.682  -20.71  0.08000  0.0405  0.100
 5494  6.682  -20.61  0.08000  0.0405  0.100
 5495  6.682  -20.51  0.08000  0.0405  0.105
 5496  6.682  -20.40  0.08000  0.0405  0.105
 5497  6.682  -20.30  0.08000  0.0405  0.100
 5498  6.682  -20.20  0.08000  0.0405  0.100
 5499  6.682  -20.10  0.08000  0.0405  0.100
 5500  6.682  -20.00  0.08000  0.0405  0.100
 5501  6.722  -30.00  0.08011  0.0405  0.100
 5502  6.722  -29.90  0.08009  0.0405  0.100
 5503  6.722  -29.80  0.08008  0.0405  0.100
 5504  6.722  -29.70  0.08006  0.0405  0.100
 5505  6.722  -29.60  0.08005  0.0405  0.105
 5506  6.722  -29.49  0.08004  0.0405  0.105
 5507  6.722  -29.39  0.08004  0.0405  0.100
 5508  6.722  -29.29  0.08003  0.0405  0.100
 5509  6.722  -29.19  0.08002  0.0405  0.100
 5510  6.722  -29.09  0.08002  0.0405  0.100
 5511  6.722  -28.99  0.08002  0.0405  0.100
 5512  6.722  -28.89  0.08001  0.0405  0.100
 5513  6.722  -28.79  0.08001  0.0405  0.100
 5514  6.722  -28.69  0.08001  0.0405  0.100
 5515  6.722  -28.59  0.08001  0.0405  0.105
 5516  6.722  -28.48  0.08001  0.0405  0.105
 5517  6.722  -28.38  0.08001  0.0405  0.100
 5518  6.722  -28.28  0.08000  0.0405  0.100
 5519  6.722  -28.18  0.08000  0.0405  0.100
 5520  6.722  -28.08  0.08000  0.0405  0.100
 5521  6.722  -27.98  0.08000  0.0405  0.100
 5522  6.722  -27.88  0.08000  0.0405  0.100
 5523  6.722  -27.78  0.08000  0.0405  0.100
 5524  6.722  -27.68  0.08000  0.0405  0.100
 5525  6.722  -27.58  0.08000  0.0405  0.105
 5526  6.722  -27.47  0.08000  0.0405  0.105
 5527  6.722  -27.37  0.08000  0.0405  0.100
 5528  6.722  -27.27  0.08000  0.0405  0.100
 5529  6.722  -27.17  0.08000  0.0405  0.100
 5530  6.722  -27.07  0.08000  0.0405  0.100
 5531  6.722  -26.97  0.08000  0.0405  0.100
 5532  6.722  -26.87  0.08000  0.0405  0.100
 5533  6.722  -26.77  0.08000  0.0405  0.100
 5534  6.722  -26.67  0.08000  0.0405  0.100
 5535  6.722  -26.57  0.08000  0.0405  0.105
 5536  6.722  -26.46  0.08000  0.0405  0.105
 5537  6.722  -26.36  0.08000  0.0405  0.100
 5538  6.722  -26.26  0.08000  0.0405  0.100
 5539  6.722  -26.16  0.08000  0.0405  0.100
 5540  6.722  -26.06  0.08000  0.0405  0.100
 5541  6.722  -25.96  0.08000  0.0405  0.100
 5542  6.722  -25.86  0.08000  0.0405  0.100
 5543  6.722  -25.76  0.08000  0.0405  0.100
 5544  6.722  -25.66  0.08000  0.0405  0.100
 5545  6.722  -25.56  0.08000  0.0405  0.105
 5546  6.722  -25.45  0.08000  0.0405  0.105
 5547  6.722  -25.35  0.08000  0.0405  0.100
 5548  6.722  -25.25  0.08000  0.0405  0.100
 5549  6.722  -25.15  0.08000  0.0405  0.100
 5550  6.722  -25.05  0.08000  0.0405  0.100
 5551  6.722  -24.95  0.08000  0.0405  0.100
 5552  6.722  -24.85  0.08000  0.0405  0.100
 5553  6.722  -24.75  0.08000  0.0405  0.100
 5554  6.722  -24.65  0.08000  0.0405  0.100
 5555  6.722  -24.55  0.08000  0.0405  0.105
 5556  6.722  -24.44  0.08000  0.0405  0.105
 5557  6.722  -24.34  0.08000  0.0405  0.100
 5558  6.722  -24.24  0.08000  0.0405  0.100
 5559  6.722  -24.14  0.08000  0.0405  0.100
 5560  6.722  -24.04  0.08000  0.0405  0.100
 5561  6.722  -23.94  0.08000  0.0405  0.100
 5562  6.722  -23.84  0.08000  0.0405  0.100
 5563  6.722  -23.74  0.08000  0.0405  0.100
 5564  6.722  -23.64  0.08000  0.0405  0.100
 5565  6.722  -23.54  0.08000  0.0405  0.105
 5566  6.722  -23.43  0.08000  0.0405  0.105
 5567  6.722  -23.33  0.08000  0.0405  0.100
 5568  6.722  -23.23  0.08000  0.0405  0.100
 5569  6.722  -23.13  0.08000  0.0405  0.100
 5570  6.722  -23.03  0.08000  0.0405  0.100
 5571  6.722  -22.93  0.08000  0.0405  0.100
 5572  6.722  -22.83  0.08000  0.0405  0.100
 5573  6.722  -22.73  0.08000  0.0405  0.100
 5574  6.722  -22.63  0.08000  0.0405  0.100
 5575  6.722  -22.53  0.08000  0.0405  0.105
 5576  6.722  -22.42  0.08000  0.0405  0.105
 5577  6.722  -22.32  0.08000  0.0405  0.100
 5578  6.722  -22.22  0.08000  0.0405  0.100
 5579  6.722  -22.12  0.08000  0.0405  0.100
 5580  6.722  -22.02  0.08000  0.0405  0.100
 5581  6.722  -21.92  0.08000  0.0405  0.100
 5582  6.722  -21.82  0.08000  0.0405  0.100
 5583  6.722  -21.72  0.08000  0.0405  0.100
 5584  6.722  -21.62  0.08000  0.0405  0.100
 5585  6.722  -21.52  0.08000  0.0405  0.105
 5586  6.722  -21.41  0.08000  0.0405  0.105
 5587  6.722  -21.31  0.08000  0.0405  0.100
 5588  6.722  -21.21  0.08000  0.0405  0.100
 5589  6.722  -21.11  0.08000  0.0405  0.100
 5590  6.722  -21.01  0.08000  0.0405  0.100
 5591  6.722  -20.91  0.08000  0.0405  0.100
 5592  6.722  -20.81  0.08000  0.0405  0.100
 5593  6.722  -20.71  0.08000  0.0405  0.100
 5594  6.722  -20.61  0.08000  0.0405  0.100
 5595  6.722  -20.51  0.08000  0.0405  0.105
 5596  6.722  -20.40  0.08000  0.0405  0.105
 5597  6.722  -20.30  0.08000  0.0405  0.100
 5598  6.722  -20.20  0.08000  0.0405  0.100
 5599  6.722  -20.10  0.08000  0.0405  0.100
 5600  6.722  -20.00  0.08000  0.0405  0.100
 5601  6.763  -30.00  0.08007  0.0405  0.100
 5602  6.763  -29.90  0.08006  0.0405  0.100
 5603  6.763  -29.80  0.08005  0.0405  0.100
 5604  6.763  -29.70  0.08004  0.0405  0.100
 5605  6.763  -29.60  0.08003  0.0405  0.105
 5606  6.763  -29.49  0.08003  0.0405  0.105
 5607  6.763  -29.39  0.08002  0.0405  0.100
 5608  6.763  -29.29  0.08002  0.0405  0.100
 5609  6.763  -29.19  0.08002  0.0405  0.100
 5610  6.763  -29.09  0.08001  0.0405  0.100
 5611  6.763  -28.99  0.08001  0.0405  0.100
 5612  6.763  -28.89  0.08001  0.0405  0.100
 5613  6.763  -28.79  0.08001  0.0405  0.100
 5614  6.763  -28.69  0.08001  0.0405  0.100
 5615  6.763  -28.59  0.08001  0.0405  0.105
 5616  6.763  -28.48  0.08000  0.0405  0.105
 5617  6.763  -28.38  0.08000  0.0405  0.100
 5618  6.763  -28.28  0.08000  0.0405  0.100
 5619  6.763  -28.18  0.08000  0.0405  0.100
 5620  6.763  -28.08  0.08000  0.0405  0.100
 5621  6.763  -27.98  0.08000  0.0405  0.100
 5622  6.763  -27.88  0.08000  0.0405  0.100
 5623  6.763  -27.78  0.08000  0.0405  0.100
 5624  6.763  -27.68  0.08000  0.0405  0.100
 5625  6.763  -27.58  0.08000  0.0405  0.105
 5626  6.763  -27.47  0.08000  0.0405  0.105
 5627  6.763  -27.37  0.08000  0.0405  0.100
 5628  6.763  -27.27  0.08000  0.0405  0.100
 5629  6.763  -27.17  0.08000  0.0405  0.100
 5630  6.763  -27.07  0.08000  0.0405  0.100
 5631  6.763  -26.97  0.08000  0.0405  0.100
 5632  6.763  -26.87  0.08000  0.0405  0.100
 5633  6.763  -26.77  0.08000  0.0405  0.100
 5634  6.763  -26.67  0.08000  0.0405  0.100
 5635  6.763  -26.57  0.08000  0.0405  0.105
 5636  6.763  -26.46  0.08000  0.0405  0.105
 5637  6.763  -26.36  0.08000  0.0405  0.100
 5638  6.763  -26.26  0.08000  0.0405  0.100
 5639  6.763  -26.16  0.08000  0.0405  0.100
 5640  6.763  -26.06  0.08000  0.0405  0.100
 5641  6.763  -25.96  0.08000  0.0405  0.100
 5642  6.763  -25.86  0.08000  0.0405  0.100
 5643  6.763  -25.76  0.08000  0.0405  0.100
 5644  6.763  -25.66  0.08000  0.0405  0.100
 5645  6.763  -25.56  0.08000  0.0405  0.105
 5646  6.763  -25.45  0.08000  0.0405  0.105
 5647  6.763  -25.35  0.08000  0.0405  0.100
 5648  6.763  -25.25  0.08000  0.0405  0.100
 5649  6.763  -25.15  0.08000  0.0405  0.100
 5650  6.763  -25.05  0.08000  0.0405  0.100
 5651  6.763  -24.95  0.08000  0.0405  0.100
 5652  6.763  -24.85  0.08000  0.0405  0.100
 5653  6.763  -24.75  0.08000  0.0405  0.100
 5654  6.763  -24.65  0.08000  0.0405  0.100
 5655  6.763  -24.55  0.08000  0.0405  0.105
 5656  6.763  -24.44  0.08000  0.0405  0.105
 5657  6.763  -24.34  0.08000  0.0405  0.100
 5658  6.763  -24.24  0.08000  0.0405  0.100
 5659  6.763  -24.14  0.08000  0.0405  0.100
 5660  6.763  -24.04  0.08000  0.0405  0.100
 5661  6.763  -23.94  0.08000  0.0405  0.100
 5662  6.763  -23.84  0.08000  0.0405  0.100
 5663  6.763  -23.74  0.08000  0.0405  0.100
 5664  6.763  -23.64  0.08000  0.0405  0.100
 5665  6.763  -23.54  0.08000  0.0405  0.105
 5666  6.763  -23.43  0.08000  0.0405  0.105
 5667  6.763  -23.33  0.08000  0.0405  0.100
 5668  6.763  -23.23  0.08000  0.0405  0.100
 5669  6.763  -23.13  0.08000  0.0405  0.100
 5670  6.763  -23.03  0.08000  0.0405  0.100
 5671  6.763  -22.93  0.08000  0.0405  0.100
 5672  6.763  -22.83  0.08000  0.0405  0.100
 5673  6.763  -22.73  0.08000  0.0405  0.100
 5674  6.763  -22.63  0.08000  0.0405  0.100
 5675  6.763  -22.53  0.08000  0.0405  0.105
 5676  6.763  -22.42  0.08000  0.0405  0.105
 5677  6.763  -22.32  0.08000  0.0405  0.100
 5678  6.763  -22.22  0.08000  0.0405  0.100
 5679  6.763  -22.12  0.08000  0.0405  0.100
 5680  6.763  -22.02  0.08000  0.0405  0.100
 5681  6.763  -21.92  0.08000  0.0405  0.100
 5682  6.763  -21.82  0.08000  0.0405  0.100
 5683  6.763  -21.72  0.08000  0.0405  0.100
 5684  6.763  -21.62  0.08000  0.0405  0.100
 5685  6.763  -21.52  0.08000  0.0405  0.105
 5686  6.763  -21.41  0.08000  0.0405  0.105
 5687  6.763  -21.31  0.08000  0.0405  0.100
 5688  6.763  -21.21  0.08000  0.0405  0.100
 5689  6.763  -21.11  0.08000  0.0405  0.100
 5690  6.763  -21.01  0.08000  0.0405  0.100
 5691  6.763  -20.91  0.08000  0.0405  0.100
 5692  6.763  -20.81  0.08000  0.0405  0.100
 5693  6.763  -20.71  0.08000  0.0405  0.100
 5694  6.763  -20.61  0.08000  0.0405  0.100
 5695  6.763  -20.51  0.08000  0.0405  0.105
 5696  6.763  -20.40  0.08000  0.0405  0.105
 5697  6.763  -20.30  0.08000  0.0405  0.100
 5698  6.763  -20.20  0.08000  0.0405  0.100
 5699  6.763  -20.10  0.08000  0.0405  0.100
 5700  6.763  -20.00  0.08000  0.0405  0.100
 5701  6.803  -30.00  0.08004  0.0400  0.100
 5702  6.803  -29.90  0.08004  0.0400  0.100
 5703  6.803  -29.80  0.08003  0.0400  0.100
 5704  6.803  -29.70  0.08002  0.0400  0.100
 5705  6.803  -29.60  0.08002  0.0400  0.105
 5706  6.803  -29.49  0.08002  0.0400  0.105
 5707  6.803  -29.39  0.08001  0.0400  0.100
 5708  6.803  -29.29  0.08001  0.0400  0.100
 5709  6.803  -29.19  0.08001  0.0400  0.100
 5710  6.803  -29.09  0.08001  0.0400  0.100
 5711  6.803  -28.99  0.08001  0.0400  0.100
 5712  6.803  -28.89  0.08001  0.0400  0.100
 5713  6.803  -28.79  0.08000  0.0400  0.100
 5714  6.803  -28.69  0.08000  0.0400  0.100
 5715  6.803  -28.59  0.08000  0.0400  0.105
 5716  6.803  -28.48  0.08000  0.0400  0.105
 5717  6.803  -28.38  0.08000  0.0400  0.100
 5718  6.803  -28.28  0.08000  0.0400  0.100
 5719  6.803  -28.18  0.08000  0.0400  0.100
 5720  6.803  -28.08  0.08000  0.0400  0.100
 5721  6.803  -27.98  0.08000  0.0400  0.100
 5722  6.803  -27.88  0.08000  0.0400  0.100
 5723  6.803  -27.78  0.08000  0.0400  0.100
 5724  6.803  -27.68  0.08000  0.0400  0.100
 5725  6.803  -27.58  0.08000  0.0400  0.105
 5726  6.803  -27.47  0.08000  0.0400  0.105
 5727  6.803  -27.37  0.08000  0.0400  0.100
 5728  6.803  -27.27  0.08000  0.0400  0.100
 5729  6.803  -27.17  0.08000  0.0400  0.100
 5730  6.803  -27.07  0.08000  0.0400  0.100
 5731  6.803  -26.97  0.08000  0.0400  0.100
 5732  6.803  -26.87  0.08000  0.0400  0.100
 5733  6.803  -26.77  0.08000  0.0400  0.100
 5734  6.803  -26.67  0.08000  0.0400  0.100
 5735  6.803  -26.57  0.08000  0.0400  0.105
 5736  6.803  -26.46  0.08000  0.0400  0.105
 5737  6.803  -26.36  0.08000  0.0400  0.100
 5738  6.803  -26.26  0.08000  0.0400  0.100
 5739  6.803  -26.16  0.08000  0.0400  0.100
 5740  6.803  -26.06  0.08000  0.0400  0.100
 5741  6.803  -25.96  0.08000  0.0400  0.100
 5742  6.803  -25.86  0.08000  0.0400  0.100
 5743  6.803  -25.76  0.08000  0.0400  0.100
 5744  6.803  -25.66  0.08000  0.0400  0.100
 5745  6.803  -25.56  0.08000  0.0400  0.105
 5746  6.803  -25.45  0.08000  0.0400  0.105
 5747  6.803  -25.35  0.08000  0.0400  0.100
 5748  6.803  -25.25  0.08000  0.0400  0.100
 5749  6.803  -25.15  0.08000  0.0400  0.100
 5750  6.803  -25.05  0.08000  0.0400  0.100
 5751  6.803  -24.95  0.08000  0.0400  0.100
 5752  6.803  -24.85  0.08000  0.0400  0.100
 5753  6.803  -24.75  0.08000  0.0400  0.100
 5754  6.803  -24.65  0.08000  0.0400  0.100
 5755  6.803  -24.55  0.08000  0.0400  0.105
 5756  6.803  -24.44  0.08000  0.0400  0.105
 5757  6.803  -24.34  0.08000  0.0400  0.100
 5758  6.803  -24.24  0.08000  0.0400  0.100
 5759  6.803  -24.14  0.08000  0.0400  0.100
 5760  6.803  -24.04  0.08000  0.0400  0.100
 5761  6.803  -23.94  0.08000  0.0400  0.100
 5762  6.803  -23.84  0.08000  0.0400  0.100
 5763  6.803  -23.74  0.08000  0.0400  0.100
 5764  6.803  -23.64  0.08000  0.0400  0.100
 5765  6.803  -23.54  0.08000  0.0400  0.105
 5766  6.803  -23.43  0.08000  0.0400  0.105
 5767  6.803  -23.33  0.08000  0.0400  0.100
 5768  6.803  -23.23  0.08000  0.0400  0.100
 5769  6.803  -23.13  0.08000  0.0400  0.100
 5770  6.803  -23.03  0.08000  0.0400  0.100
 5771  6.803  -22.93  0.08000  0.0400  0.100
 5772  6.803  -22.83  0.08000  0.0400  0.100
 5773  6.803  -22.73  0.08000  0.0400  0.100
 5774  6.803  -22.63  0.08000  0.0400  0.100
 5775  6.803  -22.53  0.08000  0.0400  0.105
 5776  6.803  -22.42  0.08000  0.0400  0.105
 5777  6.803  -22.32  0.08000  0.0400  0.100
 5778  6.803  -22.22  0.08000  0.0400  0.100
 5779  6.803  -22.12  0.08000  0.0400  0.100
 5780  6.803  -22.02  0.08000  0.0400  0.100
 5781  6.803  -21.92  0.08000  0.0400  0.100
 5782  6.803  -21.82  0.08000  0.0400  0.100
 5783  6.803  -21.72  0.08000  0.0400  0.100
 5784  6.803  -21.62  0.08000  0.0400  0.100
 5785  6.803  -21.52  0.08000  0.0400  0.105
 5786  6.803  -21.41  0.08000  0.0400  0.105
 5787  6.803  -21.31  0.08000  0.0400  0.100
 5788  6.803  -21.21  0.08000  0.0400  0.100
 5789  6.803  -21.11  0.08000  0.0400  0.100
 5790  6.803  -21.01  0.08000  0.0400  0.100
 5791  6.803  -20.91  0.08000  0.0400  0.100
 5792  6.803  -20.81  0.08000  0.0400  0.100
 5793  6.803  -20.71  0.08000  0.0400  0.100
 5794  6.803  -20.61  0.08000  0.0400  0.100
 5795  6.803  -20.51  0.08000  0.0400  0.105
 5796  6.803  -20.40  0.08000  0.0400  0.105
 5797  6.803  -20.30  0.08000  0.0400  0.100
 5798  6.803  -20.20  0.08000  0.0400  0.100
 5799  6.803  -20.10  0.08000  0.0400  0.100
 5800  6.803  -20.00  0.08000  0.0400  0.100
 5801  6.843  -30.00  0.08003  0.0405  0.100
 5802  6.843  -29.90  0.08002  0.0405  0.100
 5803  6.843  -29.80  0.08002  0.0405  0.100
 5804  6.843  -29.70  0.08002  0.0405  0.100
 5805  6.843  -29.60  0.08001  0.0405  0.105
 5806  6.843  -29.49  0.08001  0.0405  0.105
 5807  6.843  -29.39  0.08001  0.0405  0.100
 5808  6.843  -29.29  0.08001  0.0405  0.100
 5809  6.843  -29.19  0.08001  0.0405  0.100
 5810  6.843  -29.09  0.08000  0.0405  0.100
 5811  6.843  -28.99  0.08000  0.0405  0.100
 5812  6.843  -28.89  0.08000  0.0405  0.100
 5813  6.843  -28.79  0.08000  0.0405  0.100
 5814  6.843  -28.69  0.08000  0.0405  0.100
 5815  6.843  -28.59  0.08000  0.0405  0.105
 5816  6.843  -28.48  0.08000  0.0405  0.105
 5817  6.843  -28.38  0.08000  0.0405  0.100
 5818  6.843  -28.28  0.08000  0.0405  0.100
 5819  6.843  -28.18  0.08000  0.0405  0.100
 5820  6.843  -28.08  0.08000  0.0405  0.100
 5821  6.843  -27.98  0.08000  0.0405  0.100
 5822  6.843  -27.88  0.08000  0.0405  0.100
 5823  6.843  -27.78  0.08000  0.0405  0.100
 5824  6.843  -27.68  0.08000  0.0405  0.100
 5825  6.843  -27.58  0.08000  0.0405  0.105
 5826  6.843  -27.47  0.08000  0.0405  0.105
 5827  6.843  -27.37  0.08000  0.0405  0.100
 5828  6.843  -27.27  0.08000  0.0405  0.100
 5829  6.843  -27.17  0.08000  0.0405  0.100
 5830  6.843  -27.07  0.08000  0.0405  0.100
 5831  6.843  -26.97  0.08000  0.0405  0.100
 5832  6.843  -26.87  0.08000  0.0405  0.100
 5833  6.843  -26.77  0.08000  0.0405  0.100
 5834  6.843  -26.67  0.08000  0.0405  0.100
 5835  6.843  -26.57  0.08000  0.0405  0.105
 5836  6.843  -26.46  0.08000  0.0405  0.105
 5837  6.843  -26.36  0.08000  0.0405  0.100
 5838  6.843  -26.26  0.08000  0.0405  0.100
 5839  6.843  -26.16  0.08000  0.0405  0.100
 5840  6.843  -26.06  0.08000  0.0405  0.100
 5841  6.843  -25.96  0.08000  0.0405  0.100
 5842  6.843  -25.86  0.08000  0.0405  0.100
 5843  6.843  -25.76  0.08000  0.0405  0.100
 5844  6.843  -25.66  0.08000  0.0405  0.100
 5845  6.843  -25.56  0.08000  0.0405  0.105
 5846  6.843  -25.45  0.08000  0.0405  0.105
 5847  6.843  -25.35  0.08000  0.0405  0.100
 5848  6.843  -25.25  0.08000  0.0405  0.100
 5849  6.843  -25.15  0.08000  0.0405  0.100
 5850  6.843  -25.05  0.08000  0.0405  0.100
 5851  6.843  -24.95  0.08000  0.0405  0.100
 5852  6.843  -24.85  0.08000  0.0405  0.100
 5853  6.843  -24.75  0.08000  0.0405  0.100
 5854  6.843  -24.65  0.08000  0.0405  0.100
 5855  6.843  -24.55  0.08000  0.0405  0.105
 5856  6.843  -24.44  0.08000  0.0405  0.105
 5857  6.843  -24.34  0.08000  0.0405  0.100
 5858  6.843  -24.24  0.08000  0.0405  0.100
 5859  6.843  -24.14  0.08000  0.0405  0.100
 5860  6.843  -24.04  0.08000  0.0405  0.100
 5861  6.843  -23.94  0.08000  0.0405  0.100
 5862  6.843  -23.84  0.08000  0.0405  0.100
 5863  6.843  -23.74  0.08000  0.0405  0.100
 5864  6.843  -23.64  0.08000  0.0405  0.100
 5865  6.843  -23.54  0.08000  0.0405  0.105
 5866  6.843  -23.43  0.08000  0.0405  0.105
 5867  6.843  -23.33  0.08000  0.0405  0.100
 5868  6.843  -23.23  0.08000  0.0405  0.100
 5869  6.843  -23.13  0.08000  0.0405  0.100
 5870  6.843  -23.03  0.08000  0.0405  0.100
 5871  6.843  -22.93  0.08000  0.0405  0.100
 5872  6.843  -22.83  0.08000  0.0405  0.100
 5873  6.843  -22.73  0.08000  0.0405  0.100
 5874  6.843  -22.63  0.08000  0.0405  0.100
 5875  6.843  -22.53  0.08000  0.0405  0.105
 5876  6.843  -22.42  0.08000  0.0405  0.105
 5877  6.843  -22.32  0.08000  0.0405  0.100
 5878  6.843  -22.22  0.08000  0.0405  0.100
 5879  6.843  -22.12  0.08000  0.0405  0.100
 5880  6.843  -22.02  0.08000  0.0405  0.100
 5881  6.843  -21.92  0.08000  0.0405  0.100
 5882  6.843  -21.82  0.08000  0.0405  0.100
 5883  6.843  -21.72  0.08000  0.0405  0.100
 5884  6.843  -21.62  0.08000  0.0405  0.100
 5885  6.843  -21.52  0.08000  0.0405  0.105
 5886  6.843  -21.41  0.08000  0.0405  0.105
 5887  6.843  -21.31  0.08000  0.0405  0.100
 5888  6.843  -21.21  0.08000  0.0405  0.100
 5889  6.843  -21.11  0.08000  0.0405  0.100
 5890  6.843  -21.01  0.08000  0.0405  0.100
 5891  6.843  -20.91  0.08000  0.0405  0.100
 5892  6.843  -20.81  0.08000  0.0405  0.100
 5893  6.843  -20.71  0.08000  0.0405  0.100
 5894  6.843  -20.61  0.08000  0.0405  0.100
 5895  6.843  -20.51  0.08000  0.0405  0.105
 5896  6.843  -20.40  0.08000  0.0405  0.105
 5897  6.843  -20.30  0.08000  0.0405  0.100
 5898  6.843  -20.20  0.08000  0.0405  0.100
 5899  6.843  -20.10  0.08000  0.0405  0.100
 5900  6.843  -20.00  0.08000  0.0405  0.100
 5901  6.884  -30.00  0.08002  0.0405  0.100
 5902  6.884  -29.90  0.08001  0.0405  0.100
 5903  6.884  -29.80  0.08001  0.0405  0.100
 5904  6.884  -29.70  0.08001  0.0405  0.100
 5905  6.884  -29.60  0.08001  0.0405  0.105
 5906  6.884  -29.49  0.08001  0.0405  0.105
 5907  6.884  -29.39  0.08001  0.0405  0.100
 5908  6.884  -29.29  0.08000  0.0405  0.100
 5909  6.884  -29.19  0.08000  0.0405  0.100
 5910  6.884  -29.09  0.08000  0.0405  0.100
 5911  6.884  -28.99  0.08000  0.0405  0.100
 5912  6.884  -28.89  0.08000  0.0405  0.100
 5913  6.884  -28.79  0.08000  0.0405  0.100
 5914  6.884  -28.69  0.08000  0.0405  0.100
 5915  6.884  -28.59  0.08000  0.0405  0.105
 5916  6.884  -28.48  0.08000  0.0405  0.105
 5917  6.884  -28.38  0.08000  0.0405  0.100
 5918  6.884  -28.28  0.08000  0.0405  0.100
 5919  6.884  -28.18  0.08000  0.0405  0.100
 5920  6.884  -28.08  0.08000  0.0405  0.100
 5921  6.884  -27.98  0.08000  0.0405  0.100
 5922  6.884  -27.88  0.08000  0.0405  0.100
 5923  6.884  -27.78  0.08000  0.0405  0.100
 5924  6.884  -27.68  0.08000  0.0405  0.100
 5925  6.884  -27.58  0.08000  0.0405  0.105
 5926  6.884  -27.47  0.08000  0.0405  0.105
 5927  6.884  -27.37  0.08000  0.0405  0.100
 5928  6.884  -27.27  0.08000  0.0405  0.100
 5929  6.884  -27.17  0.08000  0.0405  0.100
 5930  6.884  -27.07  0.08000  0.0405  0.100
 5931  6.884  -26.97  0.08000  0.0405  0.100
 5932  6.884  -26.87  0.08000  0.0405  0.100
 5933  6.884  -26.77  0.08000  0.0405  0.100
 5934  6.884  -26.67  0.08000  0.0405  0.100
 5935  6.884  -26.57  0.08000  0.0405  0.105
 5936  6.884  -26.46  0.08000  0.0405  0.105
 5937  6.884  -26.36  0.08000  0.0405  0.100
 5938  6.884  -26.26  0.08000  0.0405  0.100
 5939  6.884  -26.16  0.08000  0.0405  0.100
 5940  6.884  -26.06  0.08000  0.0405  0.100
 5941  6.884  -25.96  0.08000  0.0405  0.100
 5942  6.884  -25.86  0.08000  0.0405  0.100
 5943  6.884  -25.76  0.08000  0.0405  0.100
 5944  6.884  -25.66  0.08000  0.0405  0.100
 5945  6.884  -25.56  0.08000  0.0405  0.105
 5946  6.884  -25.45  0.08000  0.0405  0.105
 5947  6.884  -25.35  0.08000  0.0405  0.100
 5948  6.884  -25.25  0.08000  0.0405  0.100
 5949  6.884  -25.15  0.08000  0.0405  0.100
 5950  6.884  -25.05  0.08000  0.0405  0.100
 5951  6.884  -24.95  0.08000  0.0405  0.100
 5952  6.884  -24.85  0.08000  0.0405  0.100
 5953  6.884  -24.75  0.08000  0.0405  0.100
 5954  6.884  -24.65  0.08000  0.0405  0.100
 5955  6.884  -24.55  0.08000  0.0405  0.105
 5956  6.884  -24.44  0.08000  0.0405  0.105
 5957  6.884  -24.34  0.08000  0.0405  0.100
 5958  6.884  -24.24  0.08000  0.0405  0.100
 5959  6.884  -24.14  0.08000  0.0405  0.100
 5960  6.884  -24.04  0.08000  0.0405  0.100
 5961  6.884  -23.94  0.08000  0.0405  0.100
 5962  6.884  -23.84  0.08000  0.0405  0.100
 5963  6.884  -23.74  0.08000  0.0405  0.100
 5964  6.884  -23.64  0.08000  0.0405  0.100
 5965  6.884  -23.54  0.08000  0.0405  0.105
 5966  6.884  -23.43  0.08000  0.0405  0.105
 5967  6.884  -23.33  0.08000  0.0405  0.100
 5968  6.884  -23.23  0.08000  0.0405  0.100
 5969  6.884  -23.13  0.08000  0.0405  0.100
 5970  6.884  -23.03  0.08000  0.0405  0.100
 5971  6.884  -22.93  0.08000  0.0405  0.100
 5972  6.884  -22.83  0.08000  0.0405  0.100
 5973  6.884  -22.73  0.08000  0.0405  0.100
 5974  6.884  -22.63  0.08000  0.0405  0.100
 5975  6.884  -22.53  0.08000  0.0405  0.105
 5976  6.884  -22.42  0.08000  0.0405  0.105
 5977  6.884  -22.32  0.08000  0.0405  0.100
 5978  6.884  -22.22  0.08000  0.0405  0.100
 5979  6.884  -22.12  0.08000  0.0405  0.100
 5980  6.884  -22.02  0.08000  0.0405  0.100
 5981  6.884  -21.92  0.08000  0.0405  0.100
 5982  6.884  -21.82  0.08000  0.0405  0.100
 5983  6.884  -21.72  0.08000  0.0405  0.100
 5984  6.884  -21.62  0.08000  0.0405  0.100
 5985  6.884  -21.52  0.08000  0.0405  0.105
 5986  6.884  -21.41  0.08000  0.0405  0.105
 5987  6.884  -21.31  0.08000  0.0405  0.100
 5988  6.884  -21.21  0.08000  0.0405  0.100
 5989  6.884  -21.11  0.08000  0.0405  0.100
 5990  6.884  -21.01  0.08000  0.0405  0.100
 5991  6.884  -20.91  0.08000  0.0405  0.100
 5992  6.884  -20.81  0.08000  0.0405  0.100
 5993  6.884  -20.71  0.08000  0.0405  0.100
 5994  6.884  -20.61  0.08000  0.0405  0.100
 5995  6.884  -20.51  0.08000  0.0405  0.105
 5996  6.884  -20.40  0.08000  0.0405  0.105
 5997  6.884  -20.30  0.08000  0.0405  0.100
 5998  6.884  -20.20  0.08000  0.0405  0.100
 5999  6.884  -20.10  0.08000  0.0405  0.100
 6000  6.884  -20.00  0.08000  0.0405  0.100
 6001  6.924  -30.00  0.08001  0.0405  0.100
 6002  6.924  -29.90  0.08001  0.0405  0.100
 6003  6.924  -29.80  0.08001  0.0405  0.100
 6004  6.924  -29.70  0.08001  0.0405  0.100
 6005  6.924  -29.60  0.08001  0.0405  0.105
 6006  6.924  -29.49  0.08000  0.0405  0.105
 6007  6.924  -29.39  0.08000  0.0405  0.100
 6008  6.924  -29.29  0.08000  0.0405  0.100
 6009  6.924  -29.19  0.08000  0.0405  0.100
 6010  6.924  -29.09  0.08000  0.0405  0.100
 6011  6.924  -28.99  0.08000  0.0405  0.100
 6012  6.924  -28.89  0.08000  0.0405  0.100
 6013  6.924  -28.79  0.08000  0.0405  0.100
 6014  6.924  -28.69  0.08000  0.0405  0.100
 6015  6.924  -28.59  0.08000  0.0405  0.105
 6016  6.924  -28.48  0.08000  0.0405  0.105
 6017  6.924  -28.38  0.08000  0.0405  0.100
 6018  6.924  -28.28  0.08000  0.0405  0.100
 6019  6.924  -28.18  0.08000  0.0405  0.100
 6020  6.924  -28.08  0.08000  0.0405  0.100
 6021  6.924  -27.98  0.08000  0.0405  0.100
 6022  6.924  -27.88  0.08000  0.0405  0.100
 6023  6.924  -27.78  0.08000  0.0405  0.100
 6024  6.924  -27.68  0.08000  0.0405  0.100
 6025  6.924  -27.58  0.08000  0.0405  0.105
 6026  6.924  -27.47  0.08000  0.0405  0.105
 6027  6.924  -27.37  0.08000  0.0405  0.100
 6028  6.924  -27.27  0.08000  0.0405  0.100
 6029  6.924  -27.17  0.08000  0.0405  0.100
 6030  6.924  -27.07  0.08000  0.0405  0.100
 6031  6.924  -26.97  0.08000  0.0405  0.100
 6032  6.924  -26.87  0.08000  0.0405  0.100
 6033  6.924  -26.77  0.08000  0.0405  0.100
 6034  6.924  -26.67  0.08000  0.0405  0.100
 6035  6.924  -26.57  0.08000  0.0405  0.105
 6036  6.924  -26.46  0.08000  0.0405  0.105
 6037  6.924  -26.36  0.08000  0.0405  0.100
 6038  6.924  -26.26  0.08000  0.0405  0.100
 6039  6.924  -26.16  0.08000  0.0405  0.100
 6040  6.924  -26.06  0.08000  0.0405  0.100
 6041  6.924  -25.96  0.08000  0.0405  0.100
 6042  6.924  -25.86  0.08000  0.0405  0.100
 6043  6.924  -25.76  0.08000  0.0405  0.100
 6044  6.924  -25.66  0.08000  0.0405  0.100
 6045  6.924  -25.56  0.08000  0.0405  0.105
 6046  6.924  -25.45  0.08000  0.0405  0.105
 6047  6.924  -25.35  0.08000  0.0405  0.100
 6048  6.924  -25.25  0.08000  0.0405  0.100
 6049  6.924  -25.15  0.08000  0.0405  0.100
 6050  6.924  -25.05  0.08000  0.0405  0.100
 6051  6.924  -24.95  0.08000  0.0405  0.100
 6052  6.924  -24.85  0.08000  0.0405  0.100
 6053  6.924  -24.75  0.08000  0.0405  0.100
 6054  6.924  -24.65  0.08000  0.0405  0.100
 6055  6.924  -24.55  0.08000  0.0405  0.105
 6056  6.924  -24.44  0.08000  0.0405  0.105
 6057  6.924  -24.34  0.08000  0.0405  0.100
 6058  6.924  -24.24  0.08000  0.0405  0.100
 6059  6.924  -24.14  0.08000  0.0405  0.100
 6060  6.924  -24.04  0.08000  0.0405  0.100
 6061  6.924  -23.94  0.08000  0.0405  0.100
 6062  6.924  -23.84  0.08000  0.0405  0.100
 6063  6.924  -23.74  0.08000  0.0405  0.100
 6064  6.924  -23.64  0.08000  0.0405  0.100
 6065  6.924  -23.54  0.08000  0.0405  0.105
 6066  6.924  -23.43  0.08000  0.0405  0.105
 6067  6.924  -23.33  0.08000  0.0405  0.100
 6068  6.924  -23.23  0.08000  0.0405  0.100
 6069  6.924  -23.13  0.08000  0.0405  0.100
 6070  6.924  -23.03  0.08000  0.0405  0.100
 6071  6.924  -22.93  0.08000  0.0405  0.100
 6072  6.924  -22.83  0.08000  0.0405  0.100
 6073  6.924  -22.73  0.08000  0.0405  0.100
 6074  6.924  -22.63  0.08000  0.0405  0.100
 6075  6.924  -22.53  0.08000  0.0405  0.105
 6076  6.924  -22.42  0.08000  0.0405  0.105
 6077  6.924  -22.32  0.08000  0.0405  0.100
 6078  6.924  -22.22  0.08000  0.0405  0.100
 6079  6.924  -22.12  0.08000  0.0405  0.100
 6080  6.924  -22.02  0.08000  0.0405  0.100
 6081  6.924  -21.92  0.08000  0.0405  0.100
 6082  6.924  -21.82  0.08000  0.0405  0.100
 6083  6.924  -21.72  0.08000  0.0405  0.100
 6084  6.924  -21.62  0.08000  0.0405  0.100
 6085  6.924  -21.52  0.08000  0.0405  0.105
 6086  6.924  -21.41  0.08000  0.0405  0.105
 6087  6.924  -21.31  0.08000  0.0405  0.100
 6088  6.924  -21.21  0.08000  0.0405  0.100
 6089  6.924  -21.11  0.08000  0.0405  0.100
 6090  6.924  -21.01  0.08000  0.0405  0.100
 6091  6.924  -20.91  0.08000  0.0405  0.100
 6092  6.924  -20.81  0.08000  0.0405  0.100
 6093  6.924  -20.71  0.08000  0.0405  0.100
 6094  6.924  -20.61  0.08000  0.0405  0.100
 6095  6.924  -20.51  0.08000  0.0405  0.105
 6096  6.924  -20.40  0.08000  0.0405  0.105
 6097  6.924  -20.30  0.08000  0.0405  0.100
 6098  6.924  -20.20  0.08000  0.0405  0.100
 6099  6.924  -20.10  0.08000  0.0405  0.100
 6100  6.924  -20.00  0.08000  0.0405  0.100
 6101  6.965  -30.00  0.08001  0.0405  0.100
 6102  6.965  -29.90  0.08001  0.0405  0.100
 6103  6.965  -29.80  0.08000  0.0405  0.100
 6104  6.965  -29.70  0.08000  0.0405  0.100
 6105  6.965  -29.60  0.08000  0.0405  0.105
 6106  6.965  -29.49  0.08000  0.0405  0.105
 6107  6.965  -29.39  0.08000  0.0405  0.100
 6108  6.965  -29.29  0.08000  0.0405  0.100
 6109  6.965  -29.19  0.08000  0.0405  0.100
 6110  6.965  -29.09  0.08000  0.0405  0.100
 6111  6.965  -28.99  0.08000  0.0405  0.100
 6112  6.965  -28.89  0.08000  0.0405  0.100
 6113  6.965  -28.79  0.08000  0.0405  0.100
 6114  6.965  -28.69  0.08000  0.0405  0.100
 6115  6.965  -28.59  0.08000  0.0405  0.105
 6116  6.965  -28.48  0.08000  0.0405  0.105
 6117  6.965  -28.38  0.08000  0.0405  0.100
 6118  6.965  -28.28  0.08000  0.0405  0.100
 6119  6.965  -28.18  0.08000  0.0405  0.100
 6120  6.965  -28.08  0.08000  0.0405  0.100
 6121  6.965  -27.98  0.08000  0.0405  0.100
 6122  6.965  -27.88  0.08000  0.0405  0.100
 6123  6.965  -27.78  0.08000  0.0405  0.100
 6124  6.965  -27.68  0.08000  0.0405  0.100
 6125  6.965  -27.58  0.08000  0.0405  0.105
 6126  6.965  -27.47  0.08000  0.0405  0.105
 6127  6.965  -27.37  0.08000  0.0405  0.100
 6128  6.965  -27.27  0.08000  0.0405  0.100
 6129  6.965  -27.17  0.08000  0.0405  0.100
 6130  6.965  -27.07  0.08000  0.0405  0.100
 6131  6.965  -26.97  0.08000  0.0405  0.100
 6132  6.965  -26.87  0.08000  0.0405  0.100
 6133  6.965  -26.77  0.08000  0.0405  0.100
 6134  6.965  -26.67  0.08000  0.0405  0.100
 6135  6.965  -26.57  0.08000  0.0405  0.105
 6136  6.965  -26.46  0.08000  0.0405  0.105
 6137  6.965  -26.36  0.08000  0.0405  0.100
 6138  6.965  -26.26  0.08000  0.0405  0.100
 6139  6.965  -26.16  0.08000  0.0405  0.100
 6140  6.965  -26.06  0.08000  0.0405  0.100
 6141  6.965  -25.96  0.08000  0.0405  0.100
 6142  6.965  -25.86  0.08000  0.0405  0.100
 6143  6.965  -25.76  0.08000  0.0405  0.100
 6144  6.965  -25.66  0.08000  0.0405  0.100
 6145  6.965  -25.56  0.08000  0.0405  0.105
 6146  6.965  -25.45  0.08000  0.0405  0.105
 6147  6.965  -25.35  0.08000  0.0405  0.100
 6148  6.965  -25.25  0.08000  0.0405  0.100
 6149  6.965  -25.15  0.08000  0.0405  0.100
 6150  6.965  -25.05  0.08000  0.0405  0.100
 6151  6.965  -24.95  0.08000  0.0405  0.100
 6152  6.965  -24.85  0.08000  0.0405  0.100
 6153  6.965  -24.75  0.08000  0.0405  0.100
 6154  6.965  -24.65  0.08000  0.0405  0.100
 6155  6.965  -24.55  0.08000  0.0405  0.105
 6156  6.965  -24.44  0.08000  0.0405  0.105
 6157  6.965  -24.34  0.08000  0.0405  0.100
 6158  6.965  -24.24  0.08000  0.0405  0.100
 6159  6.965  -24.14  0.08000  0.0405  0.100
 6160  6.965  -24.04  0.08000  0.0405  0.100
 6161  6.965  -23.94  0.08000  0.0405  0.100
 6162  6.965  -23.84  0.08000  0.0405  0.100
 6163  6.965  -23.74  0.08000  0.0405  0.100
 6164  6.965  -23.64  0.08000  0.0405  0.100
 6165  6.965  -23.54  0.08000  0.0405  0.105
 6166  6.965  -23.43  0.08000  0.0405  0.105
 6167  6.965  -23.33  0.08000  0.0405  0.100
 6168  6.965  -23.23  0.08000  0.0405  0.100
 6169  6.965  -23.13  0.08000  0.0405  0.100
 6170  6.965  -23.03  0.08000  0.0405  0.100
 6171  6.965  -22.93  0.08000  0.0405  0.100
 6172  6.965  -22.83  0.08000  0.0405  0.100
 6173  6.965  -22.73  0.08000  0.0405  0.100
 6174  6.965  -22.63  0.08000  0.0405  0.100
 6175  6.965  -22.53  0.08000  0.0405  0.105
 6176  6.965  -22.42  0.08000  0.0405  0.105
 6177  6.965  -22.32  0.08000  0.0405  0.100
 6178  6.965  -22.22  0.08000  0.0405  0.100
 6179  6.965  -22.12  0.08000  0.0405  0.100
 6180  6.965  -22.02  0.08000  0.0405  0.100
 6181  6.965  -21.92  0.08000  0.0405  0.100
 6182  6.965  -21.82  0.08000  0.0405  0.100
 6183  6.965  -21.72  0.08000  0.0405  0.100
 6184  6.965  -21.62  0.08000  0.0405  0.100
 6185  6.965  -21.52  0.08000  0.0405  0.105
 6186  6.965  -21.41  0.08000  0.0405  0.105
 6187  6.965  -21.31  0.08000  0.0405  0.100
 6188  6.965  -21.21  0.08000  0.0405  0.100
 6189  6.965  -21.11  0.08000  0.0405  0.100
 6190  6.965  -21.01  0.08000  0.0405  0.100
 6191  6.965  -20.91  0.08000  0.0405  0.100
 6192  6.965  -20.81  0.08000  0.0405  0.100
 6193  6.965  -20.71  0.08000  0.0405  0.100
 6194  6.965  -20.61  0.08000  0.0405  0.100
 6195  6.965  -20.51  0.08000  0.0405  0.105
 6196  6.965  -20.40  0.08000  0.0405  0.105
 6197  6.965  -20.30  0.08000  0.0405  0.100
 6198  6.965  -20.20  0.08000  0.0405  0.100
 6199  6.965  -20.10  0.08000  0.0405  0.100
 6200  6.965  -20.00  0.08000  0.0405  0.100
 6201  7.005  -30.00  0.08000  0.0400  0.100
 6202  7.005  -29.90  0.08000  0.0400  0.100
 6203  7.005  -29.80  0.08000  0.0400  0.100
 6204  7.005  -29.70  0.08000  0.0400  0.100
 6205  7.005  -29.60  0.08000  0.0400  0.105
 6206  7.005  -29.49  0.08000  0.0400  0.105
 6207  7.005  -29.39  0.08000  0.0400  0.100
 6208  7.005  -29.29  0.08000  0.0400  0.100
 6209  7.005  -29.19  0.08000  0.0400  0.100
 6210  7.005  -29.09  0.08000  0.0400  0.100
 6211  7.005  -28.99  0.08000  0.0400  0.100
 6212  7.005  -28.89  0.08000  0.0400  0.100
 6213  7.005  -28.79  0.08000  0.0400  0.100
 6214  7.005  -28.69  0.08000  0.0400  0.100
 6215  7.005  -28.59  0.08000  0.0400  0.105
 6216  7.005  -28.48  0.08000  0.0400  0.105
 6217  7.005  -28.38  0.08000  0.0400  0.100
 6218  7.005  -28.28  0.08000  0.0400  0.100
 6219  7.005  -28.18  0.08000  0.0400  0.100
 6220  7.005  -28.08  0.08000  0.0400  0.100
 6221  7.005  -27.98  0.08000  0.0400  0.100
 6222  7.005  -27.88  0.08000  0.0400  0.100
 6223  7.005  -27.78  0.08000  0.0400  0.100
 6224  7.005  -27.68  0.08000  0.0400  0.100
 6225  7.005  -27.58  0.08000  0.0400  0.105
 6226  7.005  -27.47  0.08000  0.0400  0.105
 6227  7.005  -27.37  0.08000  0.0400  0.100
 6228  7.005  -27.27  0.08000  0.0400  0.100
 6229  7.005  -27.17  0.08000  0.0400  0.100
 6230  7.005  -27.07  0.08000  0.0400  0.100
 6231  7.005  -26.97  0.08000  0.0400  0.100
 6232  7.005  -26.87  0.08000  0.0400  0.100
 6233  7.005  -26.77  0.08000  0.0400  0.100
 6234  7.005  -26.67  0.08000  0.0400  0.100
 6235  7.005  -26.57  0.08000  0.0400  0.105
 6236  7.005  -26.46  0.08000  0.0400  0.105
 6237  7.005  -26.36  0.08000  0.0400  0.100
 6238  7.005  -26.26  0.08000  0.0400  0.100
 6239  7.005  -26.16  0.08000  0.0400  0.100
 6240  7.005  -26.06  0.08000  0.0400  0.100
 6241  7.005  -25.96  0.08000  0.0400  0.100
 6242  7.005  -25.86  0.08000  0.0400  0.100
 6243  7.005  -25.76  0.08000  0.0400  0.100
 6244  7.005  -25.66  0.08000  0.0400  0.100
 6245  7.005  -25.56  0.08000  0.0400  0.105
 6246  7.005  -25.45  0.08000  0.0400  0.105
 6247  7.005  -25.35  0.08000  0.0400  0.100
 6248  7.005  -25.25  0.08000  0.0400  0.100
 6249  7.005  -25.15  0.08000  0.0400  0.100
 6250  7.005  -25.05  0.08000  0.0400  0.100
 6251  7.005  -24.95  0.08000  0.0400  0.100
 6252  7.005  -24.85  0.08000  0.0400  0.100
 6253  7.005  -24.75  0.08000  0.0400  0.100
 6254  7.005  -24.65  0.08000  0.0400  0.100
 6255  7.005  -24.55  0.08000  0.0400  0.105
 6256  7.005  -24.44  0.08000  0.0400  0.105
 6257  7.005  -24.34  0.08000  0.0400  0.100
 6258  7.005  -24.24  0.08000  0.0400  0.100
 6259  7.005  -24.14  0.08000  0.0400  0.100
 6260  7.005  -24.04  0.08000  0.0400  0.100
 6261  7.005  -23.94  0.08000  0.0400  0.100
 6262  7.005  -23.84  0.08000  0.0400  0.100
 6263  7.005  -23.74  0.08000  0.0400  0.100
 6264  7.005  -23.64  0.08000  0.0400  0.100
 6265  7.005  -23.54  0.08000  0.0400  0.105
 6266  7.005  -23.43  0.08000  0.0400  0.105
 6267  7.005  -23.33  0.08000  0.0400  0.100
 6268  7.005  -23.23  0.08000  0.0400  0.100
 6269  7.005  -23.13  0.08000  0.0400  0.100
 6270  7.005  -23.03  0.08000  0.0400  0.100
 6271  7.005  -22.93  0.08000  0.0400  0.100
 6272  7.005  -22.83  0.08000  0.0400  0.100
 6273  7.005  -22.73  0.08000  0.0400  0.100
 6274  7.005  -22.63  0.08000  0.0400  0.100
 6275  7.005  -22.53  0.08000  0.0400  0.105
 6276  7.005  -22.42  0.08000  0.0400  0.105
 6277  7.005  -22.32  0.08000  0.0400  0.100
 6278  7.005  -22.22  0.08000  0.0400  0.100
 6279  7.005  -22.12  0.08000  0.0400  0.100
 6280  7.005  -22.02  0.08000  0.0400  0.100
 6281  7.005  -21.92  0.08000  0.0400  0.100
 6282  7.005  -21.82  0.08000  0.0400  0.100
 6283  7.005  -21.72  0.08000  0.0400  0.100
 6284  7.005  -21.62  0.08000  0.0400  0.100
 6285  7.005  -21.52  0.08000  0.0400  0.105
 6286  7.005  -21.41  0.08000  0.0400  0.105
 6287  7.005  -21.31  0.08000  0.0400  0.100
 6288  7.005  -21.21  0.08000  0.0400  0.100
 6289  7.005  -21.11  0.08000  0.0400  0.100
 6290  7.005  -21.01  0.08000  0.0400  0.100
 6291  7.005  -20.91  0.08000  0.0400  0.100
 6292  7.005  -20.81  0.08000  0.0400  0.100
 6293  7.005  -20.71  0.08000  0.0400  0.100
 6294  7.005  -20.61  0.08000  0.0400  0.100
 6295  7.005  -20.51  0.08000  0.0400  0.105
 6296  7.005  -20.40  0.08000  0.0400  0.105
 6297  7.005  -20.30  0.08000  0.0400  0.100
 6298  7.005  -20.20  0.08000  0.0400  0.100
 6299  7.005  -20.10  0.08000  0.0400  0.100
 6300  7.005  -20.00  0.08000  0.0400  0.100
 6301  7.045  -30.00  0.08000  0.0405  0.100
 6302  7.045  -29.90  0.08000  0.0405  0.100
 6303  7.045  -29.80  0.08000  0.0405  0.100
 6304  7.045  -29.70  0.08000  0.0405  0.100
 6305  7.045  -29.60  0.08000  0.0405  0.105
 6306  7.045  -29.49  0.08000  0.0405  0.105
 6307  7.045  -29.39  0.08000  0.0405  0.100
 6308  7.045  -29.29  0.08000  0.0405  0.100
 6309  7.045  -29.19  0.08000  0.0405  0.100
 6310  7.045  -29.09  0.08000  0.0405  0.100
 6311  7.045  -28.99  0.08000  0.0405  0.100
 6312  7.045  -28.89  0.08000  0.0405  0.100
 6313  7.045  -28.79  0.08000  0.0405  0.100
 6314  7.045  -28.69  0.08000  0.0405  0.100
 6315  7.045  -28.59  0.08000  0.0405  0.105
 6316  7.045  -28.48  0.08000  0.0405  0.105
 6317  7.045  -28.38  0.08000  0.0405  0.100
 6318  7.045  -28.28  0.08000  0.0405  0.100
 6319  7.045  -28.18  0.08000  0.0405  0.100
 6320  7.045  -28.08  0.08000  0.0405  0.100
 6321  7.045  -27.98  0.08000  0.0405  0.100
 6322  7.045  -27.88  0.08000  0.0405  0.100
 6323  7.045  -27.78  0.08000  0.0405  0.100
 6324  7.045  -27.68  0.08000  0.0405  0.100
 6325  7.045  -27.58  0.08000  0.0405  0.105
 6326  7.045  -27.47  0.08000  0.0405  0.105
 6327  7.045  -27.37  0.08000  0.0405  0.100
 6328  7.045  -27.27  0.08000  0.0405  0.100
 6329  7.045  -27.17  0.08000  0.0405  0.100
 6330  7.045  -27.07  0.08000  0.0405  0.100
 6331  7.045  -26.97  0.08000  0.0405  0.100
 6332  7.045  -26.87  0.08000  0.0405  0.100
 6333  7.045  -26.77  0.08000  0.0405  0.100
 6334  7.045  -26.67  0.08000  0.0405  0.100
 6335  7.045  -26.57  0.08000  0.0405  0.105
 6336  7.045  -26.46  0.08000  0.0405  0.105
 6337  7.045  -26.36  0.08000  0.0405  0.100
 6338  7.045  -26.26  0.08000  0.0405  0.100
 6339  7.045  -26.16  0.08000  0.0405  0.100
 6340  7.045  -26.06  0.08000  0.0405  0.100
 6341  7.045  -25.96  0.08000  0.0405  0.100
 6342  7.045  -25.86  0.08000  0.0405  0.100
 6343  7.045  -25.76  0.08000  0.0405  0.100
 6344  7.045  -25.66  0.08000  0.0405  0.100
 6345  7.045  -25.56  0.08000  0.0405  0.105
 6346  7.045  -25.45  0.08000  0.0405  0.105
 6347  7.045  -25.35  0.08000  0.0405  0.100
 6348  7.045  -25.25  0.08000  0.0405  0.100
 6349  7.045  -25.15  0.08000  0.0405  0.100
 6350  7.045  -25.05  0.08000  0.0405  0.100
 6351  7.045  -24.95  0.08000  0.0405  0.100
 6352  7.045  -24.85  0.08000  0.0405  0.100
 6353  7.045  -24.75  0.08000  0.0405  0.100
 6354  7.045  -24.65  0.08000  0.0405  0.100
 6355  7.045  -24.55  0.08000  0.0405  0.105
 6356  7.045  -24.44  0.08000  0.0405  0.105
 6357  7.045  -24.34  0.08000  0.0405  0.100
 6358  7.045  -24.24  0.08000  0.0405  0.100
 6359  7.045  -24.14  0.08000  0.0405  0.100
 6360  7.045  -24.04  0.08000  0.0405  0.100
 6361  7.045  -23.94  0.08000  0.0405  0.100
 6362  7.045  -23.84  0.08000  0.0405  0.100
 6363  7.045  -23.74  0.08000  0.0405  0.100
 6364  7.045  -23.64  0.08000  0.0405  0.100
 6365  7.045  -23.54  0.08000  0.0405  0.105
 6366  7.045  -23.43  0.08000  0.0405  0.105
 6367  7.045  -23.33  0.08000  0.0405  0.100
 6368  7.045  -23.23  0.08000  0.0405  0.100
 6369  7.045  -23.13  0.08000  0.0405  0.100
 6370  7.045  -23.03  0.08000  0.0405  0.100
 6371  7.045  -22.93  0.08000  0.0405  0.100
 6372  7.045  -22.83  0.08000  0.0405  0.100
 6373  7.045  -22.73  0.08000  0.0405  0.100
 6374  7.045  -22.63  0.08000  0.0405  0.100
 6375  7.045  -22.53  0.08000  0.0405  0.105
 6376  7.045  -22.42  0.08000  0.0405  0.105
 6377  7.045  -22.32  0.08000  0.0405  0.100
 6378  7.045  -22.22  0.08000  0.0405  0.100
 6379  7.045  -22.12  0.08000  0.0405  0.100
 6380  7.045  -22.02  0.08000  0.0405  0.100
 6381  7.045  -21.92  0.08000  0.0405  0.100
 6382  7.045  -21.82  0.08000  0.0405  0.100
 6383  7.045  -21.72  0.08000  0.0405  0.100
 6384  7.045  -21.62  0.08000  0.0405  0.100
 6385  7.045  -21.52  0.08000  0.0405  0.105
 6386  7.045  -21.41  0.08000  0.0405  0.105
 6387  7.045  -21.31  0.08000  0.0405  0.100
 6388  7.045  -21.21  0.08000  0.0405  0.100
 6389  7.045  -21.11  0.08000  0.0405  0.100
 6390  7.045  -21.01  0.08000  0.0405  0.100
 6391  7.045  -20.91  0.08000  0.0405  0.100
 6392  7.045  -20.81  0.08000  0.0405  0.100
 6393  7.045  -20.71  0.08000  0.0405  0.100
 6394  7.045  -20.61  0.08000  0.0405  0.100
 6395  7.045  -20.51  0.08000  0.0405  0.105
 6396  7.045  -20.40  0.08000  0.0405  0.105
 6397  7.045  -20.30  0.08000  0.0405  0.100
 6398  7.045  -20.20  0.08000  0.0405  0.100
 6399  7.045  -20.10  0.08000  0.0405  0.100
 6400  7.045  -20.00  0.08000  0.0405  0.100
 6401  7.086  -30.00  0.08000  0.0405  0.100
 6402  7.086  -29.90  0.08000  0.0405  0.100
 6403  7.086  -29.80  0.08000  0.0405  0.100
 6404  7.086  -29.70  0.08000  0.0405  0.100
 6405  7.086  -29.60  0.08000  0.0405  0.105
 6406  7.086  -29.49  0.08000  0.0405  0.105
 6407  7.086  -29.39  0.08000  0.0405  0.100
 6408  7.086  -29.29  0.08000  0.0405  0.100
 6409  7.086  -29.19  0.08000  0.0405  0.100
 6410  7.086  -29.09  0.08000  0.0405  0.100
 6411  7.086  -28.99  0.08000  0.0405  0.100
 6412  7.086  -28.89  0.08000  0.0405  0.100
 6413  7.086  -28.79  0.08000  0.0405  0.100
 6414  7.086  -28.69  0.08000  0.0405  0.100
 6415  7.086  -28.59  0.08000  0.0405  0.105
 6416  7.086  -28.48  0.08000  0.0405  0.105
 6417  7.086  -28.38  0.08000  0.0405  0.100
 6418  7.086  -28.28  0.08000  0.0405  0.100
 6419  7.086  -28.18  0.08000  0.0405  0.100
 6420  7.086  -28.08  0.08000  0.0405  0.100
 6421  7.086  -27.98  0.08000  0.0405  0.100
 6422  7.086  -27.88  0.08000  0.0405  0.100
 6423  7.086  -27.78  0.08000  0.0405  0.100
 6424  7.086  -27.68  0.08000  0.0405  0.100
 6425  7.086  -27.58  0.08000  0.0405  0.105
 6426  7.086  -27.47  0.08000  0.0405  0.105
 6427  7.086  -27.37  0.08000  0.0405  0.100
 6428  7.086  -27.27  0.08000  0.0405  0.100
 6429  7.086  -27.17  0.08000  0.0405  0.100
 6430  7.086  -27.07  0.08000  0.0405  0.100
 6431  7.086  -26.97  0.08000  0.0405  0.100
 6432  7.086  -26.87  0.08000  0.0405  0.100
 6433  7.086  -26.77  0.08000  0.0405  0.100
 6434  7.086  -26.67  0.08000  0.0405  0.100
 6435  7.086  -26.57  0.08000  0.0405  0.105
 6436  7.086  -26.46  0.08000  0.0405  0.105
 6437  7.086  -26.36  0.08000  0.0405  0.100
 6438  7.086  -26.26  0.08000  0.0405  0.100
 6439  7.086  -26.16  0.08000  0.0405  0.100
 6440  7.086  -26.06  0.08000  0.0405  0.100
 6441  7.086  -25.96  0.08000  0.0405  0.100
 6442  7.086  -25.86  0.08000  0.0405  0.100
 6443  7.086  -25.76  0.08000  0.0405  0.100
 6444  7.086  -25.66  0.08000  0.0405  0.100
 6445  7.086  -25.56  0.08000  0.0405  0.105
 6446  7.086  -25.45  0.08000  0.0405  0.105
 6447  7.086  -25.35  0.08000  0.0405  0.100
 6448  7.086  -25.25  0.08000  0.0405  0.100
 6449  7.086  -25.15  0.08000  0.0405  0.100
 6450  7.086  -25.05  0.08000  0.0405  0.100
 6451  7.086  -24.95  0.08000  0.0405  0.100
 6452  7.086  -24.85  0.08000  0.0405  0.100
 6453  7.086  -24.75  0.08000  0.0405  0.100
 6454  7.086  -24.65  0.08000  0.0405  0.100
 6455  7.086  -24.55  0.08000  0.0405  0.105
 6456  7.086  -24.44  0.08000  0.0405  0.105
 6457  7.086  -24.34  0.08000  0.0405  0.100
 6458  7.086  -24.24  0.08000  0.0405  0.100
 6459  7.086  -24.14  0.08000  0.0405  0.100
 6460  7.086  -24.04  0.08000  0.0405  0.100
 6461  7.086  -23.94  0.08000  0.0405  0.100
 6462  7.086  -23.84  0.08000  0.0405  0.100
 6463  7.086  -23.74  0.08000  0.0405  0.100
 6464  7.086  -23.64  0.08000  0.0405  0.100
 6465  7.086  -23.54  0.08000  0.0405  0.105
 6466  7.086  -23.43  0.08000  0.0405  0.105
 6467  7.086  -23.33  0.08000  0.0405  0.100
 6468  7.086  -23.23  0.08000  0.0405  0.100
 6469  7.086  -23.13  0.08000  0.0405  0.100
 6470  7.086  -23.03  0.08000  0.0405  0.100
 6471  7.086  -22.93  0.08000  0.0405  0.100
 6472  7.086  -22.83  0.08000  0.0405  0.100
 6473  7.086  -22.73  0.08000  0.0405  0.100
 6474  7.086  -22.63  0.08000  0.0405  0.100
 6475  7.086  -22.53  0.08000  0.0405  0.105
 6476  7.086  -22.42  0.08000  0.0405  0.105
 6477  7.086  -22.32  0.08000  0.0405  0.100
 6478  7.086  -22.22  0.08000  0.0405  0.100
 6479  7.086  -22.12  0.08000  0.0405  0.100
 6480  7.086  -22.02  0.08000  0.0405  0.100
 6481  7.086  -21.92  0.08000  0.0405  0.100
 6482  7.086  -21.82  0.08000  0.0405  0.100
 6483  7.086  -21.72  0.08000  0.0405  0.100
 6484  7.086  -21.62  0.08000  0.0405  0.100
 6485  7.086  -21.52  0.08000  0.0405  0.105
 6486  7.086  -21.41  0.08000  0.0405  0.105
 6487  7.086  -21.31  0.08000  0.0405  0.100
 6488  7.086  -21.21  0.08000  0.0405  0.100
 6489  7.086  -21.11  0.08000  0.0405  0.100
 6490  7.086  -21.01  0.08000  0.0405  0.100
 6491  7.086  -20.91  0.08000  0.0405  0.100
 6492  7.086  -20.81  0.08000  0.0405  0.100
 6493  7.086  -20.71  0.08000  0.0405  0.100
 6494  7.086  -20.61  0.08000  0.0405  0.100
 6495  7.086  -20.51  0.08000  0.0405  0.105
 6496  7.086  -20.40  0.08000  0.0405  0.105
 6497  7.086  -20.30  0.08000  0.0405  0.100
 6498  7.086  -20.20  0.08000  0.0405  0.100
 6499  7.086  -20.10  0.08000  0.0405  0.100
 6500  7.086  -20.00  0.08000  0.0405  0.100
 6501  7.126  -30.00  0.08000  0.0405  0.100
 6502  7.126  -29.90  0.08000  0.0405  0.100
 6503  7.126  -29.80  0.08000  0.0405  0.100
 6504  7.126  -29.70  0.08000  0.0405  0.100
 6505  7.126  -29.60  0.08000  0.0405  0.105
 6506  7.126  -29.49  0.08000  0.0405  0.105
 6507  7.126  -29.39  0.08000  0.0405  0.100
 6508  7.126  -29.29  0.08000  0.0405  0.100
 6509  7.126  -29.19  0.08000  0.0405  0.100
 6510  7.126  -29.09  0.08000  0.0405  0.100
 6511  7.126  -28.99  0.08000  0.0405  0.100
 6512  7.126  -28.89  0.08000  0.0405  0.100
 6513  7.126  -28.79  0.08000  0.0405  0.100
 6514  7.126  -28.69  0.08000  0.0405  0.100
 6515  7.126  -28.59  0.08000  0.0405  0.105
 6516  7.126  -28.48  0.08000  0.0405  0.105
 6517  7.126  -28.38  0.08000  0.0405  0.100
 6518  7.126  -28.28  0.08000  0.0405  0.100
 6519  7.126  -28.18  0.08000  0.0405  0.100
 6520  7.126  -28.08  0.08000  0.0405  0.100
 6521  7.126  -27.98  0.08000  0.0405  0.100
 6522  7.126  -27.88  0.08000  0.0405  0.100
 6523  7.126  -27.78  0.08000  0.0405  0.100
 6524  7.126  -27.68  0.08000  0.0405  0.100
 6525  7.126  -27.58  0.08000  0.0405  0.105
 6526  7.126  -27.47  0.08000  0.0405  0.105
 6527  7.126  -27.37  0.08000  0.0405  0.100
 6528  7.126  -27.27  0.08000  0.0405  0.100
 6529  7.126  -27.17  0.08000  0.0405  0.100
 6530  7.126  -27.07  0.08000  0.0405  0.100
 6531  7.126  -26.97  0.08000  0.0405  0.100
 6532  7.126  -26.87  0.08000  0.0405  0.100
 6533  7.126  -26.77  0.08000  0.0405  0.100
 6534  7.126  -26.67  0.08000  0.0405  0.100
 6535  7.126  -26.57  0.08000  0.0405  0.105
 6536  7.126  -26.46  0.08000  0.0405  0.105
 6537  7.126  -26.36  0.08000  0.0405  0.100
 6538  7.126  -26.26  0.08000  0.0405  0.100
 6539  7.126  -26.16  0.08000  0.0405  0.100
 6540  7.126  -26.06  0.08000  0.0405  0.100
 6541  7.126  -25.96  0.08000  0.0405  0.100
 6542  7.126  -25.86  0.08000  0.0405  0.100
 6543  7.126  -25.76  0.08000  0.0405  0.100
 6544  7.126  -25.66  0.08000  0.0405  0.100
 6545  7.126  -25.56  0.08000  0.0405  0.105
 6546  7.126  -25.45  0.08000  0.0405  0.105
 6547  7.126  -25.35  0.08000  0.0405  0.100
 6548  7.126  -25.25  0.08000  0.0405  0.100
 6549  7.126  -25.15  0.08000  0.0405  0.100
 6550  7.126  -25.05  0.08000  0.0405  0.100
 6551  7.126  -24.95  0.08000  0.0405  0.100
 6552  7.126  -24.85  0.08000  0.0405  0.100
 6553  7.126  -24.75  0.08000  0.0405  0.100
 6554  7.126  -24.65  0.08000  0.0405  0.100
 6555  7.126  -24.55  0.08000  0.0405  0.105
 6556  7.126  -24.44  0.08000  0.0405  0.105
 6557  7.126  -24.34  0.08000  0.0405  0.100
 6558  7.126  -24.24  0.08000  0.0405  0.100
 6559  7.126  -24.14  0.08000  0.0405  0.100
 6560  7.126  -24.04  0.08000  0.0405  0.100
 6561  7.126  -23.94  0.08000  0.0405  0.100
 6562  7.126  -23.84  0.08000  0.0405  0.100
 6563  7.126  -23.74  0.08000  0.0405  0.100
 6564  7.126  -23.64  0.08000  0.0405  0.100
 6565  7.126  -23.54  0.08000  0.0405  0.105
 6566  7.126  -23.43  0.08000  0.0405  0.105
 6567  7.126  -23.33  0.08000  0.0405  0.100
 6568  7.126  -23.23  0.08000  0.0405  0.100
 6569  7.126  -23.13  0.08000  0.0405  0.100
 6570  7.126  -23.03  0.08000  0.0405  0.100
 6571  7.126  -22.93  0.08000  0.0405  0.100
 6572  7.126  -22.83  0.08000  0.0405  0.100
 6573  7.126  -22.73  0.08000  0.0405  0.100
 6574  7.126  -22.63  0.08000  0.0405  0.100
 6575  7.126  -22.53  0.08000  0.0405  0.105
 6576  7.126  -22.42  0.08000  0.0405  0.105
 6577  7.126  -22.32  0.08000  0.0405  0.100
 6578  7.126  -22.22  0.08000  0.0405  0.100
 6579  7.126  -22.12  0.08000  0.0405  0.100
 6580  7.126  -22.02  0.08000  0.0405  0.100
 6581  7.126  -21.92  0.08000  0.0405  0.100
 6582  7.126  -21.82  0.08000  0.0405  0.100
 6583  7.126  -21.72  0.08000  0.0405  0.100
 6584  7.126  -21.62  0.08000  0.0405  0.100
 6585  7.126  -21.52  0.08000  0.0405  0.105
 6586  7.126  -21.41  0.08000  0.0405  0.105
 6587  7.126  -21.31  0.08000  0.0405  0.100
 6588  7.126  -21.21  0.08000  0.0405  0.100
 6589  7.126  -21.11  0.08000  0.0405  0.100
 6590  7.126  -21.01  0.08000  0.0405  0.100
 6591  7.126  -20.91  0.08000  0.0405  0.100
 6592  7.126  -20.81  0.08000  0.0405  0.100
 6593  7.126  -20.71  0.08000  0.0405  0.100
 6594  7.126  -20.61  0.08000  0.0405  0.100
 6595  7.126  -20.51  0.08000  0.0405  0.105
 6596  7.126  -20.40  0.08000  0.0405  0.105
 6597  7.126  -20.30  0.08000  0.0405  0.100
 6598  7.126  -20.20  0.08000  0.0405  0.100
 6599  7.126  -20.10  0.08000  0.0405  0.100
 6600  7.126  -20.00  0.08000  0.0405  0.100
 6601  7.167  -30.00  0.08000  0.0405  0.100
 6602  7.167  -29.90  0.08000  0.0405  0.100
 6603  7.167  -29.80  0.08000  0.0405  0.100
 6604  7.167  -29.70  0.08000  0.0405  0.100
 6605  7.167  -29.60  0.08000  0.0405  0.105
 6606  7.167  -29.49  0.08000  0.0405  0.105
 6607  7.167  -29.39  0.08000  0.0405  0.100
 6608  7.167  -29.29  0.08000  0.0405  0.100
 6609  7.167  -29.19  0.08000  0.0405  0.100
 6610  7.167  -29.09  0.08000  0.0405  0.100
 6611  7.167  -28.99  0.08000  0.0405  0.100
 6612  7.167  -28.89  0.08000  0.0405  0.100
 6613  7.167  -28.79  0.08000  0.0405  0.100
 6614  7.167  -28.69  0.08000  0.0405  0.100
 6615  7.167  -28.59  0.08000  0.0405  0.105
 6616  7.167  -28.48  0.08000  0.0405  0.105
 6617  7.167  -28.38  0.08000  0.0405  0.100
 6618  7.167  -28.28  0.08000  0.0405  0.100
 6619  7.167  -28.18  0.08000  0.0405  0.100
 6620  7.167  -28.08  0.08000  0.0405  0.100
 6621  7.167  -27.98  0.08000  0.0405  0.100
 6622  7.167  -27.88  0.08000  0.0405  0.100
 6623  7.167  -27.78  0.08000  0.0405  0.100
 6624  7.167  -27.68  0.08000  0.0405  0.100
 6625  7.167  -27.58  0.08000  0.0405  0.105
 6626  7.167  -27.47  0.08000  0.0405  0.105
 6627  7.167  -27.37  0.08000  0.0405  0.100
 6628  7.167  -27.27  0.08000  0.0405  0.100
 6629  7.167  -27.17  0.08000  0.0405  0.100
 6630  7.167  -27.07  0.08000  0.0405  0.100
 6631  7.167  -26.97  0.08000  0.0405  0.100
 6632  7.167  -26.87  0.08000  0.0405  0.100
 6633  7.167  -26.77  0.08000  0.0405  0.100
 6634  7.167  -26.67  0.08000  0.0405  0.100
 6635  7.167  -26.57  0.08000  0.0405  0.105
 6636  7.167  -26.46  0.08000  0.0405  0.105
 6637  7.167  -26.36  0.08000  0.0405  0.100
 6638  7.167  -26.26  0.08000  0.0405  0.100
 6639  7.167  -26.16  0.08000  0.0405  0.100
 6640  7.167  -26.06  0.08000  0.0405  0.100
 6641  7.167  -25.96  0.08000  0.0405  0.100
 6642  7.167  -25.86  0.08000  0.0405  0.100
 6643  7.167  -25.76  0.08000  0.0405  0.100
 6644  7.167  -25.66  0.08000  0.0405  0.100
 6645  7.167  -25.56  0.08000  0.0405  0.105
 6646  7.167  -25.45  0.08000  0.0405  0.105
 6647  7.167  -25.35  0.08000  0.0405  0.100
 6648  7.167  -25.25  0.08000  0.0405  0.100
 6649  7.167  -25.15  0.08000  0.0405  0.100
 6650  7.167  -25.05  0.08000  0.0405  0.100
 6651  7.167  -24.95  0.08000  0.0405  0.100
 6652  7.167  -24.85  0.08000  0.0405  0.100
 6653  7.167  -24.75  0.08000  0.0405  0.100
 6654  7.167  -24.65  0.08000  0.0405  0.100
 6655  7.167  -24.55  0.08000  0.0405  0.105
 6656  7.167  -24.44  0.08000  0.0405  0.105
 6657  7.167  -24.34  0.08000  0.0405  0.100
 6658  7.167  -24.24  0.08000  0.0405  0.100
 6659  7.167  -24.14  0.08000  0.0405  0.100
 6660  7.167  -24.04  0.08000  0.0405  0.100
 6661  7.167  -23.94  0.08000  0.0405  0.100
 6662  7.167  -23.84  0.08000  0.0405  0.100
 6663  7.167  -23.74  0.08000  0.0405  0.100
 6664  7.167  -23.64  0.08000  0.0405  0.100
 6665  7.167  -23.54  0.08000  0.0405  0.105
 6666  7.167  -23.43  0.08000  0.0405  0.105
 6667  7.167  -23.33  0.08000  0.0405  0.100
 6668  7.167  -23.23  0.08000  0.0405  0.100
 6669  7.167  -23.13  0.08000  0.0405  0.100
 6670  7.167  -23.03  0.08000  0.0405  0.100
 6671  7.167  -22.93  0.08000  0.0405  0.100
 6672  7.167  -22.83  0.08000  0.0405  0.100
 6673  7.167  -22.73  0.08000  0.0405  0.100
 6674  7.167  -22.63  0.08000  0.0405  0.100
 6675  7.167  -22.53  0.08000  0.0405  0.105
 6676  7.167  -22.42  0.08000  0.0405  0.105
 6677  7.167  -22.32  0.08000  0.0405  0.100
 6678  7.167  -22.22  0.08000  0.0405  0.100
 6679  7.167  -22.12  0.08000  0.0405  0.100
 6680  7.167  -22.02  0.08000  0.0405  0.100
 6681  7.167  -21.92  0.08000  0.0405  0.100
 6682  7.167  -21.82  0.08000  0.0405  0.100
 6683  7.167  -21.72  0.08000  0.0405  0.100
 6684  7.167  -21.62  0.08000  0.0405  0.100
 6685  7.167  -21.52  0.08000  0.0405  0.105
 6686  7.167  -21.41  0.08000  0.0405  0.105
 6687  7.167  -21.31  0.08000  0.0405  0.100
 6688  7.167  -21.21  0.08000  0.0405  0.100
 6689  7.167  -21.11  0.08000  0.0405  0.100
 6690  7.167  -21.01  0.08000  0.0405  0.100
 6691  7.167  -20.91  0.08000  0.0405  0.100
 6692  7.167  -20.81  0.08000  0.0405  0.100
 6693  7.167  -20.71  0.08000  0.0405  0.100
 6694  7.167  -20.61  0.08000  0.0405  0.100
 6695  7.167  -20.51  0.08000  0.0405  0.105
 6696  7.167  -20.40  0.08000  0.0405  0.105
 6697  7.167  -20.30  0.08000  0.0405  0.100
 6698  7.167  -20.20  0.08000  0.0405  0.100
 6699  7.167  -20.10  0.08000  0.0405  0.100
 6700  7.167  -20.00  0.08000  0.0405  0.100
 6701  7.207  -30.00  0.08000  0.0400  0.100
 6702  7.207  -29.90  0.08000  0.0400  0.100
 6703  7.207  -29.80  0.08000  0.0400  0.100
 6704  7.207  -29.70  0.08000  0.0400  0.100
 6705  7.207  -29.60  0.08000  0.0400  0.105
 6706  7.207  -29.49  0.08000  0.0400  0.105
 6707  7.207  -29.39  0.08000  0.0400  0.100
 6708  7.207  -29.29  0.08000  0.0400  0.100
 6709  7.207  -29.19  0.08000  0.0400  0.100
 6710  7.207  -29.09  0.08000  0.0400  0.100
 6711  7.207  -28.99  0.08000  0.0400  0.100
 6712  7.207  -28.89  0.08000  0.0400  0.100
 6713  7.207  -28.79  0.08000  0.0400  0.100
 6714  7.207  -28.69  0.08000  0.0400  0.100
 6715  7.207  -28.59  0.08000  0.0400  0.105
 6716  7.207  -28.48  0.08000  0.0400  0.105
 6717  7.207  -28.38  0.08000  0.0400  0.100
 6718  7.207  -28.28  0.08000  0.0400  0.100
 6719  7.207  -28.18  0.08000  0.0400  0.100
 6720  7.207  -28.08  0.08000  0.0400  0.100
 6721  7.207  -27.98  0.08000  0.0400  0.100
 6722  7.207  -27.88  0.08000  0.0400  0.100
 6723  7.207  -27.78  0.08000  0.0400  0.100
 6724  7.207  -27.68  0.08000  0.0400  0.100
 6725  7.207  -27.58  0.08000  0.0400  0.105
 6726  7.207  -27.47  0.08000  0.0400  0.105
 6727  7.207  -27.37  0.08000  0.0400  0.100
 6728  7.207  -27.27  0.08000  0.0400  0.100
 6729  7.207  -27.17  0.08000  0.0400  0.100
 6730  7.207  -27.07  0.08000  0.0400  0.100
 6731  7.207  -26.97  0.08000  0.0400  0.100
 6732  7.207  -26.87  0.08000  0.0400  0.100
 6733  7.207  -26.77  0.08000  0.0400  0.100
 6734  7.207  -26.67  0.08000  0.0400  0.100
 6735  7.207  -26.57  0.08000  0.0400  0.105
 6736  7.207  -26.46  0.08000  0.0400  0.105
 6737  7.207  -26.36  0.08000  0.0400  0.100
 6738  7.207  -26.26  0.08000  0.0400  0.100
 6739  7.207  -26.16  0.08000  0.0400  0.100
 6740  7.207  -26.06  0.08000  0.0400  0.100
 6741  7.207  -25.96  0.08000  0.0400  0.100
 6742  7.207  -25.86  0.08000  0.0400  0.100
 6743  7.207  -25.76  0.08000  0.0400  0.100
 6744  7.207  -25.66  0.08000  0.0400  0.100
 6745  7.207  -25.56  0.08000  0.0400  0.105
 6746  7.207  -25.45  0.08000  0.0400  0.105
 6747  7.207  -25.35  0.08000  0.0400  0.100
 6748  7.207  -25.25  0.08000  0.0400  0.100
 6749  7.207  -25.15  0.08000  0.0400  0.100
 6750  7.207  -25.05  0.08000  0.0400  0.100
 6751  7.207  -24.95  0.08000  0.0400  0.100
 6752  7.207  -24.85  0.08000  0.0400  0.100
 6753  7.207  -24.75  0.08000  0.0400  0.100
 6754  7.207  -24.65  0.08000  0.0400  0.100
 6755  7.207  -24.55  0.08000  0.0400  0.105
 6756  7.207  -24.44  0.08000  0.0400  0.105
 6757  7.207  -24.34  0.08000  0.0400  0.100
 6758  7.207  -24.24  0.08000  0.0400  0.100
 6759  7.207  -24.14  0.08000  0.0400  0.100
 6760  7.207  -24.04  0.08000  0.0400  0.100
 6761  7.207  -23.94  0.08000  0.0400  0.100
 6762  7.207  -23.84  0.08000  0.0400  0.100
 6763  7.207  -23.74  0.08000  0.0400  0.100
 6764  7.207  -23.64  0.08000  0.0400  0.100
 6765  7.207  -23.54  0.08000  0.0400  0.105
 6766  7.207  -23.43  0.08000  0.0400  0.105
 6767  7.207  -23.33  0.08000  0.0400  0.100
 6768  7.207  -23.23  0.08000  0.0400  0.100
 6769  7.207  -23.13  0.08000  0.0400  0.100
 6770  7.207  -23.03  0.08000  0.0400  0.100
 6771  7.207  -22.93  0.08000  0.0400  0.100
 6772  7.207  -22.83  0.08000  0.0400  0.100
 6773  7.207  -22.73  0.08000  0.0400  0.100
 6774  7.207  -22.63  0.08000  0.0400  0.100
 6775  7.207  -22.53  0.08000  0.0400  0.105
 6776  7.207  -22.42  0.08000  0.0400  0.105
 6777  7.207  -22.32  0.08000  0.0400  0.100
 6778  7.207  -22.22  0.08000  0.0400  0.100
 6779  7.207  -22.12  0.08000  0.0400  0.100
 6780  7.207  -22.02  0.08000  0.0400  0.100
 6781  7.207  -21.92  0.08000  0.0400  0.100
 6782  7.207  -21.82  0.08000  0.0400  0.100
 6783  7.207  -21.72  0.08000  0.0400  0.100
 6784  7.207  -21.62  0.08000  0.0400  0.100
 6785  7.207  -21.52  0.08000  0.0400  0.105
 6786  7.207  -21.41  0.08000  0.0400  0.105
 6787  7.207  -21.31  0.08000  0.0400  0.100
 6788  7.207  -21.21  0.08000  0.0400  0.100
 6789  7.207  -21.11  0.08000  0.0400  0.100
 6790  7.207  -21.01  0.08000  0.0400  0.100
 6791  7.207  -20.91  0.08000  0.0400  0.100
 6792  7.207  -20.81  0.08000  0.0400  0.100
 6793  7.207  -20.71  0.08000  0.0400  0.100
 6794  7.207  -20.61  0.08000  0.0400  0.100
 6795  7.207  -20.51  0.08000  0.0400  0.105
 6796  7.207  -20.40  0.08000  0.0400  0.105
 6797  7.207  -20.30  0.08000  0.0400  0.100
 6798  7.207  -20.20  0.08000  0.0400  0.100
 6799  7.207  -20.10  0.08000  0.0400  0.100
 6800  7.207  -20.00  0.08000  0.0400  0.100
 6801  7.247  -30.00  0.08000  0.0405  0.100
 6802  7.247  -29.90  0.08000  0.0405  0.100
 6803  7.247  -29.80  0.08000  0.0405  0.100
 6804  7.247  -29.70  0.08000  0.0405  0.100
 6805  7.247  -29.60  0.08000  0.0405  0.105
 6806  7.247  -29.49  0.08000  0.0405  0.105
 6807  7.247  -29.39  0.08000  0.0405  0.100
 6808  7.247  -29.29  0.08000  0.0405  0.100
 6809  7.247  -29.19  0.08000  0.0405  0.100
 6810  7.247  -29.09  0.08000  0.0405  0.100
 6811  7.247  -28.99  0.08000  0.0405  0.100
 6812  7.247  -28.89  0.08000  0.0405  0.100
 6813  7.247  -28.79  0.08000  0.0405  0.100
 6814  7.247  -28.69  0.08000  0.0405  0.100
 6815  7.247  -28.59  0.08000  0.0405  0.105
 6816  7.247  -28.48  0.08000  0.0405  0.105
 6817  7.247  -28.38  0.08000  0.0405  0.100
 6818  7.247  -28.28  0.08000  0.0405  0.100
 6819  7.247  -28.18  0.08000  0.0405  0.100
 6820  7.247  -28.08  0.08000  0.0405  0.100
 6821  7.247  -27.98  0.08000  0.0405  0.100
 6822  7.247  -27.88  0.08000  0.0405  0.100
 6823  7.247  -27.78  0.08000  0.0405  0.100
 6824  7.247  -27.68  0.08000  0.0405  0.100
 6825  7.247  -27.58  0.08000  0.0405  0.105
 6826  7.247  -27.47  0.08000  0.0405  0.105
 6827  7.247  -27.37  0.08000  0.0405  0.100
 6828  7.247  -27.27  0.08000  0.0405  0.100
 6829  7.247  -27.17  0.08000  0.0405  0.100
 6830  7.247  -27.07  0.08000  0.0405  0.100
 6831  7.247  -26.97  0.08000  0.0405  0.100
 6832  7.247  -26.87  0.08000  0.0405  0.100
 6833  7.247  -26.77  0.08000  0.0405  0.100
 6834  7.247  -26.67  0.08000  0.0405  0.100
 6835  7.247  -26.57  0.08000  0.0405  0.105
 6836  7.247  -26.46  0.08000  0.0405  0.105
 6837  7.247  -26.36  0.08000  0.0405  0.100
 6838  7.247  -26.26  0.08000  0.0405  0.100
 6839  7.247  -26.16  0.08000  0.0405  0.100
 6840  7.247  -26.06  0.08000  0.0405  0.100
 6841  7.247  -25.96  0.08000  0.0405  0.100
 6842  7.247  -25.86  0.08000  0.0405  0.100
 6843  7.247  -25.76  0.08000  0.0405  0.100
 6844  7.247  -25.66  0.08000  0.0405  0.100
 6845  7.247  -25.56  0.08000  0.0405  0.105
 6846  7.247  -25.45  0.08000  0.0405  0.105
 6847  7.247  -25.35  0.08000  0.0405  0.100
 6848  7.247  -25.25  0.08000  0.0405  0.100
 6849  7.247  -25.15  0.08000  0.0405  0.100
 6850  7.247  -25.05  0.08000  0.0405  0.100
 6851  7.247  -24.95  0.08000  0.0405  0.100
 6852  7.247  -24.85  0.08000  0.0405  0.100
 6853  7.247  -24.75  0.08000  0.0405  0.100
 6854  7.247  -24.65  0.08000  0.0405  0.100
 6855  7.247  -24.55  0.08000  0.0405  0.105
 6856  7.247  -24.44  0.08000  0.0405  0.105
 6857  7.247  -24.34  0.08000  0.0405  0.100
 6858  7.247  -24.24  0.08000  0.0405  0.100
 6859  7.247  -24.14  0.08000  0.0405  0.100
 6860  7.247  -24.04  0.08000  0.0405  0.100
 6861  7.247  -23.94  0.08000  0.0405  0.100
 6862  7.247  -23.84  0.08000  0.0405  0.100
 6863  7.247  -23.74  0.08000  0.0405  0.100
 6864  7.247  -23.64  0.08000  0.0405  0.100
 6865  7.247  -23.54  0.08000  0.0405  0.105
 6866  7.247  -23.43  0.08000  0.0405  0.105
 6867  7.247  -23.33  0.08000  0.0405  0.100
 6868  7.247  -23.23  0.08000  0.0405  0.100
 6869  7.247  -23.13  0.08000  0.0405  0.100
 6870  7.247  -23.03  0.08000  0.0405  0.100
 6871  7.247  -22.93  0.08000  0.0405  0.100
 6872  7.247  -22.83  0.08000  0.0405  0.100
 6873  7.247  -22.73  0.08000  0.0405  0.100
 6874  7.247  -22.63  0.08000  0.0405  0.100
 6875  7.247  -22.53  0.08000  0.0405  0.105
 6876  7.247  -22.42  0.08000  0.0405  0.105
 6877  7.247  -22.32  0.08000  0.0405  0.100
 6878  7.247  -22.22  0.08000  0.0405  0.100
 6879  7.247  -22.12  0.08000  0.0405  0.100
 6880  7.247  -22.02  0.08000  0.0405  0.100
 6881  7.247  -21.92  0.08000  0.0405  0.100
 6882  7.247  -21.82  0.08000  0.0405  0.100
 6883  7.247  -21.72  0.08000  0.0405  0.100
 6884  7.247  -21.62  0.08000  0.0405  0.100
 6885  7.247  -21.52  0.08000  0.0405  0.105
 6886  7.247  -21.41  0.08000  0.0405  0.105
 6887  7.247  -21.31  0.08000  0.0405  0.100
 6888  7.247  -21.21  0.08000  0.0405  0.100
 6889  7.247  -21.11  0.08000  0.0405  0.100
 6890  7.247  -21.01  0.08000  0.0405  0.100
 6891  7.247  -20.91  0.08000  0.0405  0.100
 6892  7.247  -20.81  0.08000  0.0405  0.100
 6893  7.247  -20.71  0.08000  0.0405  0.100
 6894  7.247  -20.61  0.08000  0.0405  0.100
 6895  7.247  -20.51  0.08000  0.0405  0.105
 6896  7.247  -20.40  0.08000  0.0405  0.105
 6897  7.247  -20.30  0.08000  0.0405  0.100
 6898  7.247  -20.20  0.08000  0.0405  0.100
 6899  7.247  -20.10  0.08000  0.0405  0.100
 6900  7.247  -20.00  0.08000  0.0405  0.100
 6901  7.288  -30.00  0.08000  0.0405  0.100
 6902  7.288  -29.90  0.08000  0.0405  0.100
 6903  7.288  -29.80  0.08000  0.0405  0.100
 6904  7.288  -29.70  0.08000  0.0405  0.100
 6905  7.288  -29.60  0.08000  0.0405  0.105
 6906  7.288  -29.49  0.08000  0.0405  0.105
 6907  7.288  -29.39  0.08000  0.0405  0.100
 6908  7.288  -29.29  0.08000  0.0405  0.100
 6909  7.288  -29.19  0.08000  0.0405  0.100
 6910  7.288  -29.09  0.08000  0.0405  0.100
 6911  7.288  -28.99  0.08000  0.0405  0.100
 6912  7.288  -28.89  0.08000  0.0405  0.100
 6913  7.288  -28.79  0.08000  0.0405  0.100
 6914  7.288  -28.69  0.08000  0.0405  0.100
 6915  7.288  -28.59  0.08000  0.0405  0.105
 6916  7.288  -28.48  0.08000  0.0405  0.105
 6917  7.288  -28.38  0.08000  0.0405  0.100
 6918  7.288  -28.28  0.08000  0.0405  0.100
 6919  7.288  -28.18  0.08000  0.0405  0.100
 6920  7.288  -28.08  0.08000  0.0405  0.100
 6921  7.288  -27.98  0.08000  0.0405  0.100
 6922  7.288  -27.88  0.08000  0.0405  0.100
 6923  7.288  -27.78  0.08000  0.0405  0.100
 6924  7.288  -27.68  0.08000  0.0405  0.100
 6925  7.288  -27.58  0.08000  0.0405  0.105
 6926  7.288  -27.47  0.08000  0.0405  0.105
 6927  7.288  -27.37  0.08000  0.0405  0.100
 6928  7.288  -27.27  0.08000  0.0405  0.100
 6929  7.288  -27.17  0.08000  0.0405  0.100
 6930  7.288  -27.07  0.08000  0.0405  0.100
 6931  7.288  -26.97  0.08000  0.0405  0.100
 6932  7.288  -26.87  0.08000  0.0405  0.100
 6933  7.288  -26.77  0.08000  0.0405  0.100
 6934  7.288  -26.67  0.08000  0.0405  0.100
 6935  7.288  -26.57  0.08000  0.0405  0.105
 6936  7.288  -26.46  0.08000  0.0405  0.105
 6937  7.288  -26.36  0.08000  0.0405  0.100
 6938  7.288  -26.26  0.08000  0.0405  0.100
 6939  7.288  -26.16  0.08000  0.0405  0.100
 6940  7.288  -26.06  0.08000  0.0405  0.100
 6941  7.288  -25.96  0.08000  0.0405  0.100
 6942  7.288  -25.86  0.08000  0.0405  0.100
 6943  7.288  -25.76  0.08000  0.0405  0.100
 6944  7.288  -25.66  0.08000  0.0405  0.100
 6945  7.288  -25.56  0.08000  0.0405  0.105
 6946  7.288  -25.45  0.08000  0.0405  0.105
 6947  7.288  -25.35  0.08000  0.0405  0.100
 6948  7.288  -25.25  0.08000  0.0405  0.100
 6949  7.288  -25.15  0.08000  0.0405  0.100
 6950  7.288  -25.05  0.08000  0.0405  0.100
 6951  7.288  -24.95  0.08000  0.0405  0.100
 6952  7.288  -24.85  0.08000  0.0405  0.100
 6953  7.288  -24.75  0.08000  0.0405  0.100
 6954  7.288  -24.65  0.08000  0.0405  0.100
 6955  7.288  -24.55  0.08000  0.0405  0.105
 6956  7.288  -24.44  0.08000  0.0405  0.105
 6957  7.288  -24.34  0.08000  0.0405  0.100
 6958  7.288  -24.24  0.08000  0.0405  0.100
 6959  7.288  -24.14  0.08000  0.0405  0.100
 6960  7.288  -24.04  0.08000  0.0405  0.100
 6961  7.288  -23.94  0.08000  0.0405  0.100
 6962  7.288  -23.84  0.08000  0.0405  0.100
 6963  7.288  -23.74  0.08000  0.0405  0.100
 6964  7.288  -23.64  0.08000  0.0405  0.100
 6965  7.288  -23.54  0.08000  0.0405  0.105
 6966  7.288  -23.43  0.08000  0.0405  0.105
 6967  7.288  -23.33  0.08000  0.0405  0.100
 6968  7.288  -23.23  0.08000  0.0405  0.100
 6969  7.288  -23.13  0.08000  0.0405  0.100
 6970  7.288  -23.03  0.08000  0.0405  0.100
 6971  7.288  -22.93  0.08000  0.0405  0.100
 6972  7.288  -22.83  0.08000  0.0405  0.100
 6973  7.288  -22.73  0.08000  0.0405  0.100
 6974  7.288  -22.63  0.08000  0.0405  0.100
 6975  7.288  -22.53  0.08000  0.0405  0.105
 6976  7.288  -22.42  0.08000  0.0405  0.105
 6977  7.288  -22.32  0.08000  0.0405  0.100
 6978  7.288  -22.22  0.08000  0.0405  0.100
 6979  7.288  -22.12  0.08000  0.0405  0.100
 6980  7.288  -22.02  0.08000  0.0405  0.100
 6981  7.288  -21.92  0.08000  0.0405  0.100
 6982  7.288  -21.82  0.08000  0.0405  0.100
 6983  7.288  -21.72  0.08000  0.0405  0.100
 6984  7.288  -21.62  0.08000  0.0405  0.100
 6985  7.288  -21.52  0.08000  0.0405  0.105
 6986  7.288  -21.41  0.08000  0.0405  0.105
 6987  7.288  -21.31  0.08000  0.0405  0.100
 6988  7.288  -21.21  0.08000  0.0405  0.100
 6989  7.288  -21.11  0.08000  0.0405  0.100
 6990  7.288  -21.01  0.08000  0.0405  0.100
 6991  7.288  -20.91  0.08000  0.0405  0.100
 6992  7.288  -20.81  0.08000  0.0405  0.100
 6993  7.288  -20.71  0.08000  0.0405  0.100
 6994  7.288  -20.61  0.08000  0.0405  0.100
 6995  7.288  -20.51  0.08000  0.0405  0.105
 6996  7.288  -20.40  0.08000  0.0405  0.105
 6997  7.288  -20.30  0.08000  0.0405  0.100
 6998  7.288  -20.20  0.08000  0.0405  0.100
 6999  7.288  -20.10  0.08000  0.0405  0.100
 7000  7.288  -20.00  0.08000  0.0405  0.100
 7001  7.328  -30.00  0.08000  0.0405  0.100
 7002  7.328  -29.90  0.08000  0.0405  0.100
 7003  7.328  -29.80  0.08000  0.0405  0.100
 7004  7.328  -29.70  0.08000  0.0405  0.100
 7005  7.328  -29.60  0.08000  0.0405  0.105
 7006  7.328  -29.49  0.08000  0.0405  0.105
 7007  7.328  -29.39  0.08000  0.0405  0.100
 7008  7.328  -29.29  0.08000  0.0405  0.100
 7009  7.328  -29.19  0.08000  0.0405  0.100
 7010  7.328  -29.09  0.08000  0.0405  0.100
 7011  7.328  -28.99  0.08000  0.0405  0.100
 7012  7.328  -28.89  0.08000  0.0405  0.100
 7013  7.328  -28.79  0.08000  0.0405  0.100
 7014  7.328  -28.69  0.08000  0.0405  0.100
 7015  7.328  -28.59  0.08000  0.0405  0.105
 7016  7.328  -28.48  0.08000  0.0405  0.105
 7017  7.328  -28.38  0.08000  0.0405  0.100
 7018  7.328  -28.28  0.08000  0.0405  0.100
 7019  7.328  -28.18  0.08000  0.0405  0.100
 7020  7.328  -28.08  0.08000  0.0405  0.100
 7021  7.328  -27.98  0.08000  0.0405  0.100
 7022  7.328  -27.88  0.08000  0.0405  0.100
 7023  7.328  -27.78  0.08000  0.0405  0.100
 7024  7.328  -27.68  0.08000  0.0405  0.100
 7025  7.328  -27.58  0.08000  0.0405  0.105
 7026  7.328  -27.47  0.08000  0.0405  0.105
 7027  7.328  -27.37  0.08000  0.0405  0.100
 7028  7.328  -27.27  0.08000  0.0405  0.100
 7029  7.328  -27.17  0.08000  0.0405  0.100
 7030  7.328  -27.07  0.08000  0.0405  0.100
 7031  7.328  -26.97  0.08000  0.0405  0.100
 7032  7.328  -26.87  0.08000  0.0405  0.100
 7033  7.328  -26.77  0.08000  0.0405  0.100
 7034  7.328  -26.67  0.08000  0.0405  0.100
 7035  7.328  -26.57  0.08000  0.0405  0.105
 7036  7.328  -26.46  0.08000  0.0405  0.105
 7037  7.328  -26.36  0.08000  0.0405  0.100
 7038  7.328  -26.26  0.08000  0.0405  0.100
 7039  7.328  -26.16  0.08000  0.0405  0.100
 7040  7.328  -26.06  0.08000  0.0405  0.100
 7041  7.328  -25.96  0.08000  0.0405  0.100
 7042  7.328  -25.86  0.08000  0.0405  0.100
 7043  7.328  -25.76  0.08000  0.0405  0.100
 7044  7.328  -25.66  0.08000  0.0405  0.100
 7045  7.328  -25.56  0.08000  0.0405  0.105
 7046  7.328  -25.45  0.08000  0.0405  0.105
 7047  7.328  -25.35  0.08000  0.0405  0.100
 7048  7.328  -25.25  0.08000  0.0405  0.100
 7049  7.328  -25.15  0.08000  0.0405  0.100
 7050  7.328  -25.05  0.08000  0.0405  0.100
 7051  7.328  -24.95  0.08000  0.0405  0.100
 7052  7.328  -24.85  0.08000  0.0405  0.100
 7053  7.328  -24.75  0.08000  0.0405  0.100
 7054  7.328  -24.65  0.08000  0.0405  0.100
 7055  7.328  -24.55  0.08000  0.0405  0.105
 7056  7.328  -24.44  0.08000  0.0405  0.105
 7057  7.328  -24.34  0.08000  0.0405  0.100
 7058  7.328  -24.24  0.08000  0.0405  0.100
 7059  7.328  -24.14  0.08000  0.0405  0.100
 7060  7.328  -24.04  0.08000  0.0405  0.100
 7061  7.328  -23.94  0.08000  0.0405  0.100
 7062  7.328  -23.84  0.08000  0.0405  0.100
 7063  7.328  -23.74  0.08000  0.0405  0.100
 7064  7.328  -23.64  0.08000  0.0405  0.100
 7065  7.328  -23.54  0.08000  0.0405  0.105
 7066  7.328  -23.43  0.08000  0.0405  0.105
 7067  7.328  -23.33  0.08000  0.0405  0.100
 7068  7.328  -23.23  0.08000  0.0405  0.100
 7069  7.328  -23.13  0.08000  0.0405  0.100
 7070  7.328  -23.03  0.08000  0.0405  0.100
 7071  7.328  -22.93  0.08000  0.0405  0.100
 7072  7.328  -22.83  0.08000  0.0405  0.100
 7073  7.328  -22.73  0.08000  0.0405  0.100
 7074  7.328  -22.63  0.08000  0.0405  0.100
 7075  7.328  -22.53  0.08000  0.0405  0.105
 7076  7.328  -22.42  0.08000  0.0405  0.105
 7077  7.328  -22.32  0.08000  0.0405  0.100
 7078  7.328  -22.22  0.08000  0.0405  0.100
 7079  7.328  -22.12  0.08000  0.0405  0.100
 7080  7.328  -22.02  0.08000  0.0405  0.100
 7081  7.328  -21.92  0.08000  0.0405  0.100
 7082  7.328  -21.82  0.08000  0.0405  0.100
 7083  7.328  -21.72  0.08000  0.0405  0.100
 7084  7.328  -21.62  0.08000  0.0405  0.100
 7085  7.328  -21.52  0.08000  0.0405  0.105
 7086  7.328  -21.41  0.08000  0.0405  0.105
 7087  7.328  -21.31  0.08000  0.0405  0.100
 7088  7.328  -21.21  0.08000  0.0405  0.100
 7089  7.328  -21.11  0.08000  0.0405  0.100
 7090  7.328  -21.01  0.08000  0.0405  0.100
 7091  7.328  -20.91  0.08000  0.0405  0.100
 7092  7.328  -20.81  0.08000  0.0405  0.100
 7093  7.328  -20.71  0.08000  0.0405  0.100
 7094  7.328  -20.61  0.08000  0.0405  0.100
 7095  7.328  -20.51  0.08000  0.0405  0.105
 7096  7.328  -20.40  0.08000  0.0405  0.105
 7097  7.328  -20.30  0.08000  0.0405  0.100
 7098  7.328  -20.20  0.08000  0.0405  0.100
 7099  7.328  -20.10  0.08000  0.0405  0.100
 7100  7.328  -20.00  0.08000  0.0405  0.100
 7101  7.369  -30.00  0.08000  0.0405  0.100
 7102  7.369  -29.90  0.08000  0.0405  0.100
 7103  7.369  -29.80  0.08000  0.0405  0.100
 7104  7.369  -29.70  0.08000  0.0405  0.100
 7105  7.369  -29.60  0.08000  0.0405  0.105
 7106  7.369  -29.49  0.08000  0.0405  0.105
 7107  7.369  -29.39  0.08000  0.0405  0.100
 7108  7.369  -29.29  0.08000  0.0405  0.100
 7109  7.369  -29.19  0.08000  0.0405  0.100
 7110  7.369  -29.09  0.08000  0.0405  0.100
 7111  7.369  -28.99  0.08000  0.0405  0.100
 7112  7.369  -28.89  0.08000  0.0405  0.100
 7113  7.369  -28.79  0.08000  0.0405  0.100
 7114  7.369  -28.69  0.08000  0.0405  0.100
 7115  7.369  -28.59  0.08000  0.0405  0.105
 7116  7.369  -28.48  0.08000  0.0405  0.105
 7117  7.369  -28.38  0.08000  0.0405  0.100
 7118  7.369  -28.28  0.08000  0.0405  0.100
 7119  7.369  -28.18  0.08000  0.0405  0.100
 7120  7.369  -28.08  0.08000  0.0405  0.100
 7121  7.369  -27.98  0.08000  0.0405  0.100
 7122  7.369  -27.88  0.08000  0.0405  0.100
 7123  7.369  -27.78  0.08000  0.0405  0.100
 7124  7.369  -27.68  0.08000  0.0405  0.100
 7125  7.369  -27.58  0.08000  0.0405  0.105
 7126  7.369  -27.47  0.08000  0.0405  0.105
 7127  7.369  -27.37  0.08000  0.0405  0.100
 7128  7.369  -27.27  0.08000  0.0405  0.100
 7129  7.369  -27.17  0.08000  0.0405  0.100
 7130  7.369  -27.07  0.08000  0.0405  0.100
 7131  7.369  -26.97  0.08000  0.0405  0.100
 7132  7.369  -26.87  0.08000  0.0405  0.100
 7133  7.369  -26.77  0.08000  0.0405  0.100
 7134  7.369  -26.67  0.08000  0.0405  0.100
 7135  7.369  -26.57  0.08000  0.0405  0.105
 7136  7.369  -26.46  0.08000  0.0405  0.105
 7137  7.369  -26.36  0.08000  0.0405  0.100
 7138  7.369  -26.26  0.08000  0.0405  0.100
 7139  7.369  -26.16  0.08000  0.0405  0.100
 7140  7.369  -26.06  0.08000  0.0405  0.100
 7141  7.369  -25.96  0.08000  0.0405  0.100
 7142  7.369  -25.86  0.08000  0.0405  0.100
 7143  7.369  -25.76  0.08000  0.0405  0.100
 7144  7.369  -25.66  0.08000  0.0405  0.100
 7145  7.369  -25.56  0.08000  0.0405  0.105
 7146  7.369  -25.45  0.08000  0.0405  0.105
 7147  7.369  -25.35  0.08000  0.0405  0.100
 7148  7.369  -25.25  0.08000  0.0405  0.100
 7149  7.369  -25.15  0.08000  0.0405  0.100
 7150  7.369  -25.05  0.08000  0.0405  0.100
 7151  7.369  -24.95  0.08000  0.0405  0.100
 7152  7.369  -24.85  0.08000  0.0405  0.100
 7153  7.369  -24.75  0.08000  0.0405  0.100
 7154  7.369  -24.65  0.08000  0.0405  0.100
 7155  7.369  -24.55  0.08000  0.0405  0.105
 7156  7.369  -24.44  0.08000  0.0405  0.105
 7157  7.369  -24.34  0.08000  0.0405  0.100
 7158  7.369  -24.24  0.08000  0.0405  0.100
 7159  7.369  -24.14  0.08000  0.0405  0.100
 7160  7.369  -24.04  0.08000  0.0405  0.100
 7161  7.369  -23.94  0.08000  0.0405  0.100
 7162  7.369  -23.84  0.08000  0.0405  0.100
 7163  7.369  -23.74  0.08000  0.0405  0.100
 7164  7.369  -23.64  0.08000  0.0405  0.100
 7165  7.369  -23.54  0.08000  0.0405  0.105
 7166  7.369  -23.43  0.08000  0.0405  0.105
 7167  7.369  -23.33  0.08000  0.0405  0.100
 7168  7.369  -23.23  0.08000  0.0405  0.100
 7169  7.369  -23.13  0.08000  0.0405  0.100
 7170  7.369  -23.03  0.08000  0.0405  0.100
 7171  7.369  -22.93  0.08000  0.0405  0.100
 7172  7.369  -22.83  0.08000  0.0405  0.100
 7173  7.369  -22.73  0.08000  0.0405  0.100
 7174  7.369  -22.63  0.08000  0.0405  0.100
 7175  7.369  -22.53  0.08000  0.0405  0.105
 7176  7.369  -22.42  0.08000  0.0405  0.105
 7177  7.369  -22.32  0.08000  0.0405  0.100
 7178  7.369  -22.22  0.08000  0.0405  0.100
 7179  7.369  -22.12  0.08000  0.0405  0.100
 7180  7.369  -22.02  0.08000  0.0405  0.100
 7181  7.369  -21.92  0.08000  0.0405  0.100
 7182  7.369  -21.82  0.08000  0.0405  0.100
 7183  7.369  -21.72  0.08000  0.0405  0.100
 7184  7.369  -21.62  0.08000  0.0405  0.100
 7185  7.369  -21.52  0.08000  0.0405  0.105
 7186  7.369  -21.41  0.08000  0.0405  0.105
 7187  7.369  -21.31  0.08000  0.0405  0.100
 7188  7.369  -21.21  0.08000  0.0405  0.100
 7189  7.369  -21.11  0.08000  0.0405  0.100
 7190  7.369  -21.01  0.08000  0.0405  0.100
 7191  7.369  -20.91  0.08000  0.0405  0.100
 7192  7.369  -20.81  0.08000  0.0405  0.100
 7193  7.369  -20.71  0.08000  0.0405  0.100
 7194  7.369  -20.61  0.08000  0.0405  0.100
 7195  7.369  -20.51  0.08000  0.0405  0.105
 7196  7.369  -20.40  0.08000  0.0405  0.105
 7197  7.369  -20.30  0.08000  0.0405  0.100
 7198  7.369  -20.20  0.08000  0.0405  0.100
 7199  7.369  -20.10  0.08000  0.0405  0.100
 7200  7.369  -20.00  0.08000  0.0405  0.100
 7201  7.409  -30.00  0.08000  0.0400  0.100
 7202  7.409  -29.90  0.08000  0.0400  0.100
 7203  7.409  -29.80  0.08000  0.0400  0.100
 7204  7.409  -29.70  0.08000  0.0400  0.100
 7205  7.409  -29.60  0.08000  0.0400  0.105
 7206  7.409  -29.49  0.08000  0.0400  0.105
 7207  7.409  -29.39  0.08000  0.0400  0.100
 7208  7.409  -29.29  0.08000  0.0400  0.100
 7209  7.409  -29.19  0.08000  0.0400  0.100
 7210  7.409  -29.09  0.08000  0.0400  0.100
 7211  7.409  -28.99  0.08000  0.0400  0.100
 7212  7.409  -28.89  0.08000  0.0400  0.100
 7213  7.409  -28.79  0.08000  0.0400  0.100
 7214  7.409  -28.69  0.08000  0.0400  0.100
 7215  7.409  -28.59  0.08000  0.0400  0.105
 7216  7.409  -28.48  0.08000  0.0400  0.105
 7217  7.409  -28.38  0.08000  0.0400  0.100
 7218  7.409  -28.28  0.08000  0.0400  0.100
 7219  7.409  -28.18  0.08000  0.0400  0.100
 7220  7.409  -28.08  0.08000  0.0400  0.100
 7221  7.409  -27.98  0.08000  0.0400  0.100
 7222  7.409  -27.88  0.08000  0.0400  0.100
 7223  7.409  -27.78  0.08000  0.0400  0.100
 7224  7.409  -27.68  0.08000  0.0400  0.100
 7225  7.409  -27.58  0.08000  0.0400  0.105
 7226  7.409  -27.47  0.08000  0.0400  0.105
 7227  7.409  -27.37  0.08000  0.0400  0.100
 7228  7.409  -27.27  0.08000  0.0400  0.100
 7229  7.409  -27.17  0.08000  0.0400  0.100
 7230  7.409  -27.07  0.08000  0.0400  0.100
 7231  7.409  -26.97  0.08000  0.0400  0.100
 7232  7.409  -26.87  0.08000  0.0400  0.100
 7233  7.409  -26.77  0.08000  0.0400  0.100
 7234  7.409  -26.67  0.08000  0.0400  0.100
 7235  7.409  -26.57  0.08000  0.0400  0.105
 7236  7.409  -26.46  0.08000  0.0400  0.105
 7237  7.409  -26.36  0.08000  0.0400  0.100
 7238  7.409  -26.26  0.08000  0.0400  0.100
 7239  7.409  -26.16  0.08000  0.0400  0.100
 7240  7.409  -26.06  0.08000  0.0400  0.100
 7241  7.409  -25.96  0.08000  0.0400  0.100
 7242  7.409  -25.86  0.08000  0.0400  0.100
 7243  7.409  -25.76  0.08000  0.0400  0.100
 7244  7.409  -25.66  0.08000  0.0400  0.100
 7245  7.409  -25.56  0.08000  0.0400  0.105
 7246  7.409  -25.45  0.08000  0.0400  0.105
 7247  7.409  -25.35  0.08000  0.0400  0.100
 7248  7.409  -25.25  0.08000  0.0400  0.100
 7249  7.409  -25.15  0.08000  0.0400  0.100
 7250  7.409  -25.05  0.08000  0.0400  0.100
 7251  7.409  -24.95  0.08000  0.0400  0.100
 7252  7.409  -24.85  0.08000  0.0400  0.100
 7253  7.409  -24.75  0.08000  0.0400  0.100
 7254  7.409  -24.65  0.08000  0.0400  0.100
 7255  7.409  -24.55  0.08000  0.0400  0.105
 7256  7.409  -24.44  0.08000  0.0400  0.105
 7257  7.409  -24.34  0.08000  0.0400  0.100
 7258  7.409  -24.24  0.08000  0.0400  0.100
 7259  7.409  -24.14  0.08000  0.0400  0.100
 7260  7.409  -24.04  0.08000  0.0400  0.100
 7261  7.409  -23.94  0.08000  0.0400  0.100
 7262  7.409  -23.84  0.08000  0.0400  0.100
 7263  7.409  -23.74  0.08000  0.0400  0.100
 7264  7.409  -23.64  0.08000  0.0400  0.100
 7265  7.409  -23.54  0.08000  0.0400  0.105
 7266  7.409  -23.43  0.08000  0.0400  0.105
 7267  7.409  -23.33  0.08000  0.0400  0.100
 7268  7.409  -23.23  0.08000  0.0400  0.100
 7269  7.409  -23.13  0.08000  0.0400  0.100
 7270  7.409  -23.03  0.08000  0.0400  0.100
 7271  7.409  -22.93  0.08000  0.0400  0.100
 7272  7.409  -22.83  0.08000  0.0400  0.100
 7273  7.409  -22.73  0.08000  0.0400  0.100
 7274  7.409  -22.63  0.08000  0.0400  0.100
 7275  7.409  -22.53  0.08000  0.0400  0.105
 7276  7.409  -22.42  0.08000  0.0400  0.105
 7277  7.409  -22.32  0.08000  0.0400  0.100
 7278  7.409  -22.22  0.08000  0.0400  0.100
 7279  7.409  -22.12  0.08000  0.0400  0.100
 7280  7.409  -22.02  0.08000  0.0400  0.100
 7281  7.409  -21.92  0.08000  0.0400  0.100
 7282  7.409  -21.82  0.08000  0.0400  0.100
 7283  7.409  -21.72  0.08000  0.0400  0.100
 7284  7.409  -21.62  0.08000  0.0400  0.100
 7285  7.409  -21.52  0.08000  0.0400  0.105
 7286  7.409  -21.41  0.08000  0.0400  0.105
 7287  7.409  -21.31  0.08000  0.0400  0.100
 7288  7.409  -21.21  0.08000  0.0400  0.100
 7289  7.409  -21.11  0.08000  0.0400  0.100
 7290  7.409  -21.01  0.08000  0.0400  0.100
 7291  7.409  -20.91  0.08000  0.0400  0.100
 7292  7.409  -20.81  0.08000  0.0400  0.100
 7293  7.409  -20.71  0.08000  0.0400  0.100
 7294  7.409  -20.61  0.08000  0.0400  0.100
 7295  7.409  -20.51  0.08000  0.0400  0.105
 7296  7.409  -20.40  0.08000  0.0400  0.105
 7297  7.409  -20.30  0.08000  0.0400  0.100
 7298  7.409  -20.20  0.08000  0.0400  0.100
 7299  7.409  -20.10  0.08000  0.0400  0.100
 7300  7.409  -20.00  0.08000  0.0400  0.100
 7301  7.449  -30.00  0.08000  0.0405  0.100
 7302  7.449  -29.90  0.08000  0.0405  0.100
 7303  7.449  -29.80  0.08000  0.0405  0.100
 7304  7.449  -29.70  0.08000  0.0405  0.100
 7305  7.449  -29.60  0.08000  0.0405  0.105
 7306  7.449  -29.49  0.08000  0.0405  0.105
 7307  7.449  -29.39  0.08000  0.0405  0.100
 7308  7.449  -29.29  0.08000  0.0405  0.100
 7309  7.449  -29.19  0.08000  0.0405  0.100
 7310  7.449  -29.09  0.08000  0.0405  0.100
 7311  7.449  -28.99  0.08000  0.0405  0.100
 7312  7.449  -28.89  0.08000  0.0405  0.100
 7313  7.449  -28.79  0.08000  0.0405  0.100
 7314  7.449  -28.69  0.08000  0.0405  0.100
 7315  7.449  -28.59  0.08000  0.0405  0.105
 7316  7.449  -28.48  0.08000  0.0405  0.105
 7317  7.449  -28.38  0.08000  0.0405  0.100
 7318  7.449  -28.28  0.08000  0.0405  0.100
 7319  7.449  -28.18  0.08000  0.0405  0.100
 7320  7.449  -28.08  0.08000  0.0405  0.100
 7321  7.449  -27.98  0.08000  0.0405  0.100
 7322  7.449  -27.88  0.08000  0.0405  0.100
 7323  7.449  -27.78  0.08000  0.0405  0.100
 7324  7.449  -27.68  0.08000  0.0405  0.100
 7325  7.449  -27.58  0.08000  0.0405  0.105
 7326  7.449  -27.47  0.08000  0.0405  0.105
 7327  7.449  -27.37  0.08000  0.0405  0.100
 7328  7.449  -27.27  0.08000  0.0405  0.100
 7329  7.449  -27.17  0.08000  0.0405  0.100
 7330  7.449  -27.07  0.08000  0.0405  0.100
 7331  7.449  -26.97  0.08000  0.0405  0.100
 7332  7.449  -26.87  0.08000  0.0405  0.100
 7333  7.449  -26.77  0.08000  0.0405  0.100
 7334  7.449  -26.67  0.08000  0.0405  0.100
 7335  7.449  -26.57  0.08000  0.0405  0.105
 7336  7.449  -26.46  0.08000  0.0405  0.105
 7337  7.449  -26.36  0.08000  0.0405  0.100
 7338  7.449  -26.26  0.08000  0.0405  0.100
 7339  7.449  -26.16  0.08000  0.0405  0.100
 7340  7.449  -26.06  0.08000  0.0405  0.100
 7341  7.449  -25.96  0.08000  0.0405  0.100
 7342  7.449  -25.86  0.08000  0.0405  0.100
 7343  7.449  -25.76  0.08000  0.0405  0.100
 7344  7.449  -25.66  0.08000  0.0405  0.100
 7345  7.449  -25.56  0.08000  0.0405  0.105
 7346  7.449  -25.45  0.08000  0.0405  0.105
 7347  7.449  -25.35  0.08000  0.0405  0.100
 7348  7.449  -25.25  0.08000  0.0405  0.100
 7349  7.449  -25.15  0.08000  0.0405  0.100
 7350  7.449  -25.05  0.08000  0.0405  0.100
 7351  7.449  -24.95  0.08000  0.0405  0.100
 7352  7.449  -24.85  0.08000  0.0405  0.100
 7353  7.449  -24.75  0.08000  0.0405  0.100
 7354  7.449  -24.65  0.08000  0.0405  0.100
 7355  7.449  -24.55  0.08000  0.0405  0.105
 7356  7.449  -24.44  0.08000  0.0405  0.105
 7357  7.449  -24.34  0.08000  0.0405  0.100
 7358  7.449  -24.24  0.08000  0.0405  0.100
 7359  7.449  -24.14  0.08000  0.0405  0.100
 7360  7.449  -24.04  0.08000  0.0405  0.100
 7361  7.449  -23.94  0.08000  0.0405  0.100
 7362  7.449  -23.84  0.08000  0.0405  0.100
 7363  7.449  -23.74  0.08000  0.0405  0.100
 7364  7.449  -23.64  0.08000  0.0405  0.100
 7365  7.449  -23.54  0.08000  0.0405  0.105
 7366  7.449  -23.43  0.08000  0.0405  0.105
 7367  7.449  -23.33  0.08000  0.0405  0.100
 7368  7.449  -23.23  0.08000  0.0405  0.100
 7369  7.449  -23.13  0.08000  0.0405  0.100
 7370  7.449  -23.03  0.08000  0.0405  0.100
 7371  7.449  -22.93  0.08000  0.0405  0.100
 7372  7.449  -22.83  0.08000  0.0405  0.100
 7373  7.449  -22.73  0.08000  0.0405  0.100
 7374  7.449  -22.63  0.08000  0.0405  0.100
 7375  7.449  -22.53  0.08000  0.0405  0.105
 7376  7.449  -22.42  0.08000  0.0405  0.105
 7377  7.449  -22.32  0.08000  0.0405  0.100
 7378  7.449  -22.22  0.08000  0.0405  0.100
 7379  7.449  -22.12  0.08000  0.0405  0.100
 7380  7.449  -22.02  0.08000  0.0405  0.100
 7381  7.449  -21.92  0.08000  0.0405  0.100
 7382  7.449  -21.82  0.08000  0.0405  0.100
 7383  7.449  -21.72  0.08000  0.0405  0.100
 7384  7.449  -21.62  0.08000  0.0405  0.100
 7385  7.449  -21.52  0.08000  0.0405  0.105
 7386  7.449  -21.41  0.08000  0.0405  0.105
 7387  7.449  -21.31  0.08000  0.0405  0.100
 7388  7.449  -21.21  0.08000  0.0405  0.100
 7389  7.449  -21.11  0.08000  0.0405  0.100
 7390  7.449  -21.01  0.08000  0.0405  0.100
 7391  7.449  -20.91  0.08000  0.0405  0.100
 7392  7.449  -20.81  0.08000  0.0405  0.100
 7393  7.449  -20.71  0.08000  0.0405  0.100
 7394  7.449  -20.61  0.08000  0.0405  0.100
 7395  7.449  -20.51  0.08000  0.0405  0.105
 7396  7.449  -20.40  0.08000  0.0405  0.105
 7397  7.449  -20.30  0.08000  0.0405  0.100
 7398  7.449  -20.20  0.08000  0.0405  0.100
 7399  7.449  -20.10  0.08000  0.0405  0.100
 7400  7.449  -20.00  0.08000  0.0405  0.100
 7401  7.490  -30.00  0.08000  0.0405  0.100
 7402  7.490  -29.90  0.08000  0.0405  0.100
 7403  7.490  -29.80  0.08000  0.0405  0.100
 7404  7.490  -29.70  0.08000  0.0405  0.100
 7405  7.490  -29.60  0.08000  0.0405  0.105
 7406  7.490  -29.49  0.08000  0.0405  0.105
 7407  7.490  -29.39  0.08000  0.0405  0.100
 7408  7.490  -29.29  0.08000  0.0405  0.100
 7409  7.490  -29.19  0.08000  0.0405  0.100
 7410  7.490  -29.09  0.08000  0.0405  0.100
 7411  7.490  -28.99  0.08000  0.0405  0.100
 7412  7.490  -28.89  0.08000  0.0405  0.100
 7413  7.490  -28.79  0.08000  0.0405  0.100
 7414  7.490  -28.69  0.08000  0.0405  0.100
 7415  7.490  -28.59  0.08000  0.0405  0.105
 7416  7.490  -28.48  0.08000  0.0405  0.105
 7417  7.490  -28.38  0.08000  0.0405  0.100
 7418  7.490  -28.28  0.08000  0.0405  0.100
 7419  7.490  -28.18  0.08000  0.0405  0.100
 7420  7.490  -28.08  0.08000  0.0405  0.100
 7421  7.490  -27.98  0.08000  0.0405  0.100
 7422  7.490  -27.88  0.08000  0.0405  0.100
 7423  7.490  -27.78  0.08000  0.0405  0.100
 7424  7.490  -27.68  0.08000  0.0405  0.100
 7425  7.490  -27.58  0.08000  0.0405  0.105
 7426  7.490  -27.47  0.08000  0.0405  0.105
 7427  7.490  -27.37  0.08000  0.0405  0.100
 7428  7.490  -27.27  0.08000  0.0405  0.100
 7429  7.490  -27.17  0.08000  0.0405  0.100
 7430  7.490  -27.07  0.08000  0.0405  0.100
 7431  7.490  -26.97  0.08000  0.0405  0.100
 7432  7.490  -26.87  0.08000  0.0405  0.100
 7433  7.490  -26.77  0.08000  0.0405  0.100
 7434  7.490  -26.67  0.08000  0.0405  0.100
 7435  7.490  -26.57  0.08000  0.0405  0.105
 7436  7.490  -26.46  0.08000  0.0405  0.105
 7437  7.490  -26.36  0.08000  0.0405  0.100
 7438  7.490  -26.26  0.08000  0.0405  0.100
 7439  7.490  -26.16  0.08000  0.0405  0.100
 7440  7.490  -26.06  0.08000  0.0405  0.100
 7441  7.490  -25.96  0.08000  0.0405  0.100
 7442  7.490  -25.86  0.08000  0.0405  0.100
 7443  7.490  -25.76  0.08000  0.0405  0.100
 7444  7.490  -25.66  0.08000  0.0405  0.100
 7445  7.490  -25.56  0.08000  0.0405  0.105
 7446  7.490  -25.45  0.08000  0.0405  0.105
 7447  7.490  -25.35  0.08000  0.0405  0.100
 7448  7.490  -25.25  0.08000  0.0405  0.100
 7449  7.490  -25.15  0.08000  0.0405  0.100
 7450  7.490  -25.05  0.08000  0.0405  0.100
 7451  7.490  -24.95  0.08000  0.0405  0.100
 7452  7.490  -24.85  0.08000  0.0405  0.100
 7453  7.490  -24.75  0.08000  0.0405  0.100
 7454  7.490  -24.65  0.08000  0.0405  0.100
 7455  7.490  -24.55  0.08000  0.0405  0.105
 7456  7.490  -24.44  0.08000  0.0405  0.105
 7457  7.490  -24.34  0.08000  0.0405  0.100
 7458  7.490  -24.24  0.08000  0.0405  0.100
 7459  7.490  -24.14  0.08000  0.0405  0.100
 7460  7.490  -24.04  0.08000  0.0405  0.100
 7461  7.490  -23.94  0.08000  0.0405  0.100
 7462  7.490  -23.84  0.08000  0.0405  0.100
 7463  7.490  -23.74  0.08000  0.0405  0.100
 7464  7.490  -23.64  0.08000  0.0405  0.100
 7465  7.490  -23.54  0.08000  0.0405  0.105
 7466  7.490  -23.43  0.08000  0.0405  0.105
 7467  7.490  -23.33  0.08000  0.0405  0.100
 7468  7.490  -23.23  0.08000  0.0405  0.100
 7469  7.490  -23.13  0.08000  0.0405  0.100
 7470  7.490  -23.03  0.08000  0.0405  0.100
 7471  7.490  -22.93  0.08000  0.0405  0.100
 7472  7.490  -22.83  0.08000  0.0405  0.100
 7473  7.490  -22.73  0.08000  0.0405  0.100
 7474  7.490  -22.63  0.08000  0.0405  0.100
 7475  7.490  -22.53  0.08000  0.0405  0.105
 7476  7.490  -22.42  0.08000  0.0405  0.105
 7477  7.490  -22.32  0.08000  0.0405  0.100
 7478  7.490  -22.22  0.08000  0.0405  0.100
 7479  7.490  -22.12  0.08000  0.0405  0.100
 7480  7.490  -22.02  0.08000  0.0405  0.100
 7481  7.490  -21.92  0.08000  0.0405  0.100
 7482  7.490  -21.82  0.08000  0.0405  0.100
 7483  7.490  -21.72  0.08000  0.0405  0.100
 7484  7.490  -21.62  0.08000  0.0405  0.100
 7485  7.490  -21.52  0.08000  0.0405  0.105
 7486  7.490  -21.41  0.08000  0.0405  0.105
 7487  7.490  -21.31  0.08000  0.0405  0.100
 7488  7.490  -21.21  0.08000  0.0405  0.100
 7489  7.490  -21.11  0.08000  0.0405  0.100
 7490  7.490  -21.01  0.08000  0.0405  0.100
 7491  7.490  -20.91  0.08000  0.0405  0.100
 7492  7.490  -20.81  0.08000  0.0405  0.100
 7493  7.490  -20.71  0.08000  0.0405  0.100
 7494  7.490  -20.61  0.08000  0.0405  0.100
 7495  7.490  -20.51  0.08000  0.0405  0.105
 7496  7.490  -20.40  0.08000  0.0405  0.105
 7497  7.490  -20.30  0.08000  0.0405  0.100
 7498  7.490  -20.20  0.08000  0.0405  0.100
 7499  7.490  -20.10  0.08000  0.0405  0.100
 7500  7.490  -20.00  0.08000  0.0405  0.100
 7501  7.530  -30.00  0.08000  0.0405  0.100
 7502  7.530  -29.90  0.08000  0.0405  0.100
 7503  7.530  -29.80  0.08000  0.0405  0.100
 7504  7.530  -29.70  0.08000  0.0405  0.100
 7505  7.530  -29.60  0.08000  0.0405  0.105
 7506  7.530  -29.49  0.08000  0.0405  0.105
 7507  7.530  -29.39  0.08000  0.0405  0.100
 7508  7.530  -29.29  0.08000  0.0405  0.100
 7509  7.530  -29.19  0.08000  0.0405  0.100
 7510  7.530  -29.09  0.08000  0.0405  0.100
 7511  7.530  -28.99  0.08000  0.0405  0.100
 7512  7.530  -28.89  0.08000  0.0405  0.100
 7513  7.530  -28.79  0.08000  0.0405  0.100
 7514  7.530  -28.69  0.08000  0.0405  0.100
 7515  7.530  -28.59  0.08000  0.0405  0.105
 7516  7.530  -28.48  0.08000  0.0405  0.105
 7517  7.530  -28.38  0.08000  0.0405  0.100
 7518  7.530  -28.28  0.08000  0.0405  0.100
 7519  7.530  -28.18  0.08000  0.0405  0.100
 7520  7.530  -28.08  0.08000  0.0405  0.100
 7521  7.530  -27.98  0.08000  0.0405  0.100
 7522  7.530  -27.88  0.08000  0.0405  0.100
 7523  7.530  -27.78  0.08000  0.0405  0.100
 7524  7.530  -27.68  0.08000  0.0405  0.100
 7525  7.530  -27.58  0.08000  0.0405  0.105
 7526  7.530  -27.47  0.08000  0.0405  0.105
 7527  7.530  -27.37  0.08000  0.0405  0.100
 7528  7.530  -27.27  0.08000  0.0405  0.100
 7529  7.530  -27.17  0.08000  0.0405  0.100
 7530  7.530  -27.07  0.08000  0.0405  0.100
 7531  7.530  -26.97  0.08000  0.0405  0.100
 7532  7.530  -26.87  0.08000  0.0405  0.100
 7533  7.530  -26.77  0.08000  0.0405  0.100
 7534  7.530  -26.67  0.08000  0.0405  0.100
 7535  7.530  -26.57  0.08000  0.0405  0.105
 7536  7.530  -26.46  0.08000  0.0405  0.105
 7537  7.530  -26.36  0.08000  0.0405  0.100
 7538  7.530  -26.26  0.08000  0.0405  0.100
 7539  7.530  -26.16  0.08000  0.0405  0.100
 7540  7.530  -26.06  0.08000  0.0405  0.100
 7541  7.530  -25.96  0.08000  0.0405  0.100
 7542  7.530  -25.86  0.08000  0.0405  0.100
 7543  7.530  -25.76  0.08000  0.0405  0.100
 7544  7.530  -25.66  0.08000  0.0405  0.100
 7545  7.530  -25.56  0.08000  0.0405  0.105
 7546  7.530  -25.45  0.08000  0.0405  0.105
 7547  7.530  -25.35  0.08000  0.0405  0.100
 7548  7.530  -25.25  0.08000  0.0405  0.100
 7549  7.530  -25.15  0.08000  0.0405  0.100
 7550  7.530  -25.05  0.08000  0.0405  0.100
 7551  7.530  -24.95  0.08000  0.0405  0.100
 7552  7.530  -24.85  0.08000  0.0405  0.100
 7553  7.530  -24.75  0.08000  0.0405  0.100
 7554  7.530  -24.65  0.08000  0.0405  0.100
 7555  7.530  -24.55  0.08000  0.0405  0.105
 7556  7.530  -24.44  0.08000  0.0405  0.105
 7557  7.530  -24.34  0.08000  0.0405  0.100
 7558  7.530  -24.24  0.08000  0.0405  0.100
 7559  7.530  -24.14  0.08000  0.0405  0.100
 7560  7.530  -24.04  0.08000  0.0405  0.100
 7561  7.530  -23.94  0.08000  0.0405  0.100
 7562  7.530  -23.84  0.08000  0.0405  0.100
 7563  7.530  -23.74  0.08000  0.0405  0.100
 7564  7.530  -23.64  0.08000  0.0405  0.100
 7565  7.530  -23.54  0.08000  0.0405  0.105
 7566  7.530  -23.43  0.08000  0.0405  0.105
 7567  7.530  -23.33  0.08000  0.0405  0.100
 7568  7.530  -23.23  0.08000  0.0405  0.100
 7569  7.530  -23.13  0.08000  0.0405  0.100
 7570  7.530  -23.03  0.08000  0.0405  0.100
 7571  7.530  -22.93  0.08000  0.0405  0.100
 7572  7.530  -22.83  0.08000  0.0405  0.100
 7573  7.530  -22.73  0.08000  0.0405  0.100
 7574  7.530  -22.63  0.08000  0.0405  0.100
 7575  7.530  -22.53  0.08000  0.0405  0.105
 7576  7.530  -22.42  0.08000  0.0405  0.105
 7577  7.530  -22.32  0.08000  0.0405  0.100
 7578  7.530  -22.22  0.08000  0.0405  0.100
 7579  7.530  -22.12  0.08000  0.0405  0.100
 7580  7.530  -22.02  0.08000  0.0405  0.100
 7581  7.530  -21.92  0.08000  0.0405  0.100
 7582  7.530  -21.82  0.08000  0.0405  0.100
 7583  7.530  -21.72  0.08000  0.0405  0.100
 7584  7.530  -21.62  0.08000  0.0405  0.100
 7585  7.530  -21.52  0.08000  0.0405  0.105
 7586  7.530  -21.41  0.08000  0.0405  0.105
 7587  7.530  -21.31  0.08000  0.0405  0.100
 7588  7.530  -21.21  0.08000  0.0405  0.100
 7589  7.530  -21.11  0.08000  0.0405  0.100
 7590  7.530  -21.01  0.08000  0.0405  0.100
 7591  7.530  -20.91  0.08000  0.0405  0.100
 7592  7.530  -20.81  0.08000  0.0405  0.100
 7593  7.530  -20.71  0.08000  0.0405  0.100
 7594  7.530  -20.61  0.08000  0.0405  0.100
 7595  7.530  -20.51  0.08000  0.0405  0.105
 7596  7.530  -20.40  0.08000  0.0405  0.105
 7597  7.530  -20.30  0.08000  0.0405  0.100
 7598  7.530  -20.20  0.08000  0.0405  0.100
 7599  7.530  -20.10  0.08000  0.0405  0.100
 7600  7.530  -20.00  0.08000  0.0405  0.100
 7601  7.571  -30.00  0.08000  0.0405  0.100
 7602  7.571  -29.90  0.08000  0.0405  0.100
 7603  7.571  -29.80  0.08000  0.0405  0.100
 7604  7.571  -29.70  0.08000  0.0405  0.100
 7605  7.571  -29.60  0.08000  0.0405  0.105
 7606  7.571  -29.49  0.08000  0.0405  0.105
 7607  7.571  -29.39  0.08000  0.0405  0.100
 7608  7.571  -29.29  0.08000  0.0405  0.100
 7609  7.571  -29.19  0.08000  0.0405  0.100
 7610  7.571  -29.09  0.08000  0.0405  0.100
 7611  7.571  -28.99  0.08000  0.0405  0.100
 7612  7.571  -28.89  0.08000  0.0405  0.100
 7613  7.571  -28.79  0.08000  0.0405  0.100
 7614  7.571  -28.69  0.08000  0.0405  0.100
 7615  7.571  -28.59  0.08000  0.0405  0.105
 7616  7.571  -28.48  0.08000  0.0405  0.105
 7617  7.571  -28.38  0.08000  0.0405  0.100
 7618  7.571  -28.28  0.08000  0.0405  0.100
 7619  7.571  -28.18  0.08000  0.0405  0.100
 7620  7.571  -28.08  0.08000  0.0405  0.100
 7621  7.571  -27.98  0.08000  0.0405  0.100
 7622  7.571  -27.88  0.08000  0.0405  0.100
 7623  7.571  -27.78  0.08000  0.0405  0.100
 7624  7.571  -27.68  0.08000  0.0405  0.100
 7625  7.571  -27.58  0.08000  0.0405  0.105
 7626  7.571  -27.47  0.08000  0.0405  0.105
 7627  7.571  -27.37  0.08000  0.0405  0.100
 7628  7.571  -27.27  0.08000  0.0405  0.100
 7629  7.571  -27.17  0.08000  0.0405  0.100
 7630  7.571  -27.07  0.08000  0.0405  0.100
 7631  7.571  -26.97  0.08000  0.0405  0.100
 7632  7.571  -26.87  0.08000  0.0405  0.100
 7633  7.571  -26.77  0.08000  0.0405  0.100
 7634  7.571  -26.67  0.08000  0.0405  0.100
 7635  7.571  -26.57  0.08000  0.0405  0.105
 7636  7.571  -26.46  0.08000  0.0405  0.105
 7637  7.571  -26.36  0.08000  0.0405  0.100
 7638  7.571  -26.26  0.08000  0.0405  0.100
 7639  7.571  -26.16  0.08000  0.0405  0.100
 7640  7.571  -26.06  0.08000  0.0405  0.100
 7641  7.571  -25.96  0.08000  0.0405  0.100
 7642  7.571  -25.86  0.08000  0.0405  0.100
 7643  7.571  -25.76  0.08000  0.0405  0.100
 7644  7.571  -25.66  0.08000  0.0405  0.100
 7645  7.571  -25.56  0.08000  0.0405  0.105
 7646  7.571  -25.45  0.08000  0.0405  0.105
 7647  7.571  -25.35  0.08000  0.0405  0.100
 7648  7.571  -25.25  0.08000  0.0405  0.100
 7649  7.571  -25.15  0.08000  0.0405  0.100
 7650  7.571  -25.05  0.08000  0.0405  0.100
 7651  7.571  -24.95  0.08000  0.0405  0.100
 7652  7.571  -24.85  0.08000  0.0405  0.100
 7653  7.571  -24.75  0.08000  0.0405  0.100
 7654  7.571  -24.65  0.08000  0.0405  0.100
 7655  7.571  -24.55  0.08000  0.0405  0.105
 7656  7.571  -24.44  0.08000  0.0405  0.105
 7657  7.571  -24.34  0.08000  0.0405  0.100
 7658  7.571  -24.24  0.08000  0.0405  0.100
 7659  7.571  -24.14  0.08000  0.0405  0.100
 7660  7.571  -24.04  0.08000  0.0405  0.100
 7661  7.571  -23.94  0.08000  0.0405  0.100
 7662  7.571  -23.84  0.08000  0.0405  0.100
 7663  7.571  -23.74  0.08000  0.0405  0.100
 7664  7.571  -23.64  0.08000  0.0405  0.100
 7665  7.571  -23.54  0.08000  0.0405  0.105
 7666  7.571  -23.43  0.08000  0.0405  0.105
 7667  7.571  -23.33  0.08000  0.0405  0.100
 7668  7.571  -23.23  0.08000  0.0405  0.100
 7669  7.571  -23.13  0.08000  0.0405  0.100
 7670  7.571  -23.03  0.08000  0.0405  0.100
 7671  7.571  -22.93  0.08000  0.0405  0.100
 7672  7.571  -22.83  0.08000  0.0405  0.100
 7673  7.571  -22.73  0.08000  0.0405  0.100
 7674  7.571  -22.63  0.08000  0.0405  0.100
 7675  7.571  -22.53  0.08000  0.0405  0.105
 7676  7.571  -22.42  0.08000  0.0405  0.105
 7677  7.571  -22.32  0.08000  0.0405  0.100
 7678  7.571  -22.22  0.08000  0.0405  0.100
 7679  7.571  -22.12  0.08000  0.0405  0.100
 7680  7.571  -22.02  0.08000  0.0405  0.100
 7681  7.571  -21.92  0.08000  0.0405  0.100
 7682  7.571  -21.82  0.08000  0.0405  0.100
 7683  7.571  -21.72  0.08000  0.0405  0.100
 7684  7.571  -21.62  0.08000  0.0405  0.100
 7685  7.571  -21.52  0.08000  0.0405  0.105
 7686  7.571  -21.41  0.08000  0.0405  0.105
 7687  7.571  -21.31  0.08000  0.0405  0.100
 7688  7.571  -21.21  0.08000  0.0405  0.100
 7689  7.571  -21.11  0.08000  0.0405  0.100
 7690  7.571  -21.01  0.08000  0.0405  0.100
 7691  7.571  -20.91  0.08000  0.0405  0.100
 7692  7.571  -20.81  0.08000  0.0405  0.100
 7693  7.571  -20.71  0.08000  0.0405  0.100
 7694  7.571  -20.61  0.08000  0.0405  0.100
 7695  7.571  -20.51  0.08000  0.0405  0.105
 7696  7.571  -20.40  0.08000  0.0405  0.105
 7697  7.571  -20.30  0.08000  0.0405  0.100
 7698  7.571  -20.20  0.08000  0.0405  0.100
 7699  7.571  -20.10  0.08000  0.0405  0.100
 7700  7.571  -20.00  0.08000  0.0405  0.100
 7701  7.611  -30.00  0.08000  0.0405  0.100
 7702  7.611  -29.90  0.08000  0.0405  0.100
 7703  7.611  -29.80  0.08000  0.0405  0.100
 7704  7.611  -29.70  0.08000  0.0405  0.100
 7705  7.611  -29.60  0.08000  0.0405  0.105
 7706  7.611  -29.49  0.08000  0.0405  0.105
 7707  7.611  -29.39  0.08000  0.0405  0.100
 7708  7.611  -29.29  0.08000  0.0405  0.100
 7709  7.611  -29.19  0.08000  0.0405  0.100
 7710  7.611  -29.09  0.08000  0.0405  0.100
 7711  7.611  -28.99  0.08000  0.0405  0.100
 7712  7.611  -28.89  0.08000  0.0405  0.100
 7713  7.611  -28.79  0.08000  0.0405  0.100
 7714  7.611  -28.69  0.08000  0.0405  0.100
 7715  7.611  -28.59  0.08000  0.0405  0.105
 7716  7.611  -28.48  0.08000  0.0405  0.105
 7717  7.611  -28.38  0.08000  0.0405  0.100
 7718  7.611  -28.28  0.08000  0.0405  0.100
 7719  7.611  -28.18  0.08000  0.0405  0.100
 7720  7.611  -28.08  0.08000  0.0405  0.100
 7721  7.611  -27.98  0.08000  0.0405  0.100
 7722  7.611  -27.88  0.08000  0.0405  0.100
 7723  7.611  -27.78  0.08000  0.0405  0.100
 7724  7.611  -27.68  0.08000  0.0405  0.100
 7725  7.611  -27.58  0.08000  0.0405  0.105
 7726  7.611  -27.47  0.08000  0.0405  0.105
 7727  7.611  -27.37  0.08000  0.0405  0.100
 7728  7.611  -27.27  0.08000  0.0405  0.100
 7729  7.611  -27.17  0.08000  0.0405  0.100
 7730  7.611  -27.07  0.08000  0.0405  0.100
 7731  7.611  -26.97  0.08000  0.0405  0.100
 7732  7.611  -26.87  0.08000  0.0405  0.100
 7733  7.611  -26.77  0.08000  0.0405  0.100
 7734  7.611  -26.67  0.08000  0.0405  0.100
 7735  7.611  -26.57  0.08000  0.0405  0.105
 7736  7.611  -26.46  0.08000  0.0405  0.105
 7737  7.611  -26.36  0.08000  0.0405  0.100
 7738  7.611  -26.26  0.08000  0.0405  0.100
 7739  7.611  -26.16  0.08000  0.0405  0.100
 7740  7.611  -26.06  0.08000  0.0405  0.100
 7741  7.611  -25.96  0.08000  0.0405  0.100
 7742  7.611  -25.86  0.08000  0.0405  0.100
 7743  7.611  -25.76  0.08000  0.0405  0.100
 7744  7.611  -25.66  0.08000  0.0405  0.100
 7745  7.611  -25.56  0.08000  0.0405  0.105
 7746  7.611  -25.45  0.08000  0.0405  0.105
 7747  7.611  -25.35  0.08000  0.0405  0.100
 7748  7.611  -25.25  0.08000  0.0405  0.100
 7749  7.611  -25.15  0.08000  0.0405  0.100
 7750  7.611  -25.05  0.08000  0.0405  0.100
 7751  7.611  -24.95  0.08000  0.0405  0.100
 7752  7.611  -24.85  0.08000  0.0405  0.100
 7753  7.611  -24.75  0.08000  0.0405  0.100
 7754  7.611  -24.65  0.08000  0.0405  0.100
 7755  7.611  -24.55  0.08000  0.0405  0.105
 7756  7.611  -24.44  0.08000  0.0405  0.105
 7757  7.611  -24.34  0.08000  0.0405  0.100
 7758  7.611  -24.24  0.08000  0.0405  0.100
 7759  7.611  -24.14  0.08000  0.0405  0.100
 7760  7.611  -24.04  0.08000  0.0405  0.100
 7761  7.611  -23.94  0.08000  0.0405  0.100
 7762  7.611  -23.84  0.08000  0.0405  0.100
 7763  7.611  -23.74  0.08000  0.0405  0.100
 7764  7.611  -23.64  0.08000  0.0405  0.100
 7765  7.611  -23.54  0.08000  0.0405  0.105
 7766  7.611  -23.43  0.08000  0.0405  0.105
 7767  7.611  -23.33  0.08000  0.0405  0.100
 7768  7.611  -23.23  0.08000  0.0405  0.100
 7769  7.611  -23.13  0.08000  0.0405  0.100
 7770  7.611  -23.03  0.08000  0.0405  0.100
 7771  7.611  -22.93  0.08000  0.0405  0.100
 7772  7.611  -22.83  0.08000  0.0405  0.100
 7773  7.611  -22.73  0.08000  0.0405  0.100
 7774  7.611  -22.63  0.08000  0.0405  0.100
 7775  7.611  -22.53  0.08000  0.0405  0.105
 7776  7.611  -22.42  0.08000  0.0405  0.105
 7777  7.611  -22.32  0.08000  0.0405  0.100
 7778  7.611  -22.22  0.08000  0.0405  0.100
 7779  7.611  -22.12  0.08000  0.0405  0.100
 7780  7.611  -22.02  0.08000  0.0405  0.100
 7781  7.611  -21.92  0.08000  0.0405  0.100
 7782  7.611  -21.82  0.08000  0.0405  0.100
 7783  7.611  -21.72  0.08000  0.0405  0.100
 7784  7.611  -21.62  0.08000  0.0405  0.100
 7785  7.611  -21.52  0.08000  0.0405  0.105
 7786  7.611  -21.41  0.08000  0.0405  0.105
 7787  7.611  -21.31  0.08000  0.0405  0.100
 7788  7.611  -21.21  0.08000  0.0405  0.100
 7789  7.611  -21.11  0.08000  0.0405  0.100
 7790  7.611  -21.01  0.08000  0.0405  0.100
 7791  7.611  -20.91  0.08000  0.0405  0.100
 7792  7.611  -20.81  0.08000  0.0405  0.100
 7793  7.611  -20.71  0.08000  0.0405  0.100
 7794  7.611  -20.61  0.08000  0.0405  0.100
 7795  7.611  -20.51  0.08000  0.0405  0.105
 7796  7.611  -20.40  0.08000  0.0405  0.105
 7797  7.611  -20.30  0.08000  0.0405  0.100
 7798  7.611  -20.20  0.08000  0.0405  0.100
 7799  7.611  -20.10  0.08000  0.0405  0.100
 7800  7.611  -20.00  0.08000  0.0405  0.100
 7801  7.652  -30.00  0.08000  0.0405  0.100
 7802  7.652  -29.90  0.08000  0.0405  0.100
 7803  7.652  -29.80  0.08000  0.0405  0.100
 7804  7.652  -29.70  0.08000  0.0405  0.100
 7805  7.652  -29.60  0.08000  0.0405  0.105
 7806  7.652  -29.49  0.08000  0.0405  0.105
 7807  7.652  -29.39  0.08000  0.0405  0.100
 7808  7.652  -29.29  0.08000  0.0405  0.100
 7809  7.652  -29.19  0.08000  0.0405  0.100
 7810  7.652  -29.09  0.08000  0.0405  0.100
 7811  7.652  -28.99  0.08000  0.0405  0.100
 7812  7.652  -28.89  0.08000  0.0405  0.100
 7813  7.652  -28.79  0.08000  0.0405  0.100
 7814  7.652  -28.69  0.08000  0.0405  0.100
 7815  7.652  -28.59  0.08000  0.0405  0.105
 7816  7.652  -28.48  0.08000  0.0405  0.105
 7817  7.652  -28.38  0.08000  0.0405  0.100
 7818  7.652  -28.28  0.08000  0.0405  0.100
 7819  7.652  -28.18  0.08000  0.0405  0.100
 7820  7.652  -28.08  0.08000  0.0405  0.100
 7821  7.652  -27.98  0.08000  0.0405  0.100
 7822  7.652  -27.88  0.08000  0.0405  0.100
 7823  7.652  -27.78  0.08000  0.0405  0.100
 7824  7.652  -27.68  0.08000  0.0405  0.100
 7825  7.652  -27.58  0.08000  0.0405  0.105
 7826  7.652  -27.47  0.08000  0.0405  0.105
 7827  7.652  -27.37  0.08000  0.0405  0.100
 7828  7.652  -27.27  0.08000  0.0405  0.100
 7829  7.652  -27.17  0.08000  0.0405  0.100
 7830  7.652  -27.07  0.08000  0.0405  0.100
 7831  7.652  -26.97  0.08000  0.0405  0.100
 7832  7.652  -26.87  0.08000  0.0405  0.100
 7833  7.652  -26.77  0.08000  0.0405  0.100
 7834  7.652  -26.67  0.08000  0.0405  0.100
 7835  7.652  -26.57  0.08000  0.0405  0.105
 7836  7.652  -26.46  0.08000  0.0405  0.105
 7837  7.652  -26.36  0.08000  0.0405  0.100
 7838  7.652  -26.26  0.08000  0.0405  0.100
 7839  7.652  -26.16  0.08000  0.0405  0.100
 7840  7.652  -26.06  0.08000  0.0405  0.100
 7841  7.652  -25.96  0.08000  0.0405  0.100
 7842  7.652  -25.86  0.08000  0.0405  0.100
 7843  7.652  -25.76  0.08000  0.0405  0.100
 7844  7.652  -25.66  0.08000  0.0405  0.100
 7845  7.652  -25.56  0.08000  0.0405  0.105
 7846  7.652  -25.45  0.08000  0.0405  0.105
 7847  7.652  -25.35  0.08000  0.0405  0.100
 7848  7.652  -25.25  0.08000  0.0405  0.100
 7849  7.652  -25.15  0.08000  0.0405  0.100
 7850  7.652  -25.05  0.08000  0.0405  0.100
 7851  7.652  -24.95  0.08000  0.0405  0.100
 7852  7.652  -24.85  0.08000  0.0405  0.100
 7853  7.652  -24.75  0.08000  0.0405  0.100
 7854  7.652  -24.65  0.08000  0.0405  0.100
 7855  7.652  -24.55  0.08000  0.0405  0.105
 7856  7.652  -24.44  0.08000  0.0405  0.105
 7857  7.652  -24.34  0.08000  0.0405  0.100
 7858  7.652  -24.24  0.08000  0.0405  0.100
 7859  7.652  -24.14  0.08000  0.0405  0.100
 7860  7.652  -24.04  0.08000  0.0405  0.100
 7861  7.652  -23.94  0.08000  0.0405  0.100
 7862  7.652  -23.84  0.08000  0.0405  0.100
 7863  7.652  -23.74  0.08000  0.0405  0.100
 7864  7.652  -23.64  0.08000  0.0405  0.100
 7865  7.652  -23.54  0.08000  0.0405  0.105
 7866  7.652  -23.43  0.08000  0.0405  0.105
 7867  7.652  -23.33  0.08000  0.0405  0.100
 7868  7.652  -23.23  0.08000  0.0405  0.100
 7869  7.652  -23.13  0.08000  0.0405  0.100
 7870  7.652  -23.03  0.08000  0.0405  0.100
 7871  7.652  -22.93  0.08000  0.0405  0.100
 7872  7.652  -22.83  0.08000  0.0405  0.100
 7873  7.652  -22.73  0.08000  0.0405  0.100
 7874  7.652  -22.63  0.08000  0.0405  0.100
 7875  7.652  -22.53  0.08000  0.0405  0.105
 7876  7.652  -22.42  0.08000  0.0405  0.105
 7877  7.652  -22.32  0.08000  0.0405  0.100
 7878  7.652  -22.22  0.08000  0.0405  0.100
 7879  7.652  -22.12  0.08000  0.0405  0.100
 7880  7.652  -22.02  0.08000  0.0405  0.100
 7881  7.652  -21.92  0.08000  0.0405  0.100
 7882  7.652  -21.82  0.08000  0.0405  0.100
 7883  7.652  -21.72  0.08000  0.0405  0.100
 7884  7.652  -21.62  0.08000  0.0405  0.100
 7885  7.652  -21.52  0.08000  0.0405  0.105
 7886  7.652  -21.41  0.08000  0.0405  0.105
 7887  7.652  -21.31  0.08000  0.0405  0.100
 7888  7.652  -21.21  0.08000  0.0405  0.100
 7889  7.652  -21.11  0.08000  0.0405  0.100
 7890  7.652  -21.01  0.08000  0.0405  0.100
 7891  7.652  -20.91  0.08000  0.0405  0.100
 7892  7.652  -20.81  0.08000  0.0405  0.100
 7893  7.652  -20.71  0.08000  0.0405  0.100
 7894  7.652  -20.61  0.08000  0.0405  0.100
 7895  7.652  -20.51  0.08000  0.0405  0.105
 7896  7.652  -20.40  0.08000  0.0405  0.105
 7897  7.652  -20.30  0.08000  0.0405  0.100
 7898  7.652  -20.20  0.08000  0.0405  0.100
 7899  7.652  -20.10  0.08000  0.0405  0.100
 7900  7.652  -20.00  0.08000  0.0405  0.100
 7901  7.692  -30.00  0.08000  0.0400  0.100
 7902  7.692  -29.90  0.08000  0.0400  0.100
 7903  7.692  -29.80  0.08000  0.0400  0.100
 7904  7.692  -29.70  0.08000  0.0400  0.100
 7905  7.692  -29.60  0.08000  0.0400  0.105
 7906  7.692  -29.49  0.08000  0.0400  0.105
 7907  7.692  -29.39  0.08000  0.0400  0.100
 7908  7.692  -29.29  0.08000  0.0400  0.100
 7909  7.692  -29.19  0.08000  0.0400  0.100
 7910  7.692  -29.09  0.08000  0.0400  0.100
 7911  7.692  -28.99  0.08000  0.0400  0.100
 7912  7.692  -28.89  0.08000  0.0400  0.100
 7913  7.692  -28.79  0.08000  0.0400  0.100
 7914  7.692  -28.69  0.08000  0.0400  0.100
 7915  7.692  -28.59  0.08000  0.0400  0.105
 7916  7.692  -28.48  0.08000  0.0400  0.105
 7917  7.692  -28.38  0.08000  0.0400  0.100
 7918  7.692  -28.28  0.08000  0.0400  0.100
 7919  7.692  -28.18  0.08000  0.0400  0.100
 7920  7.692  -28.08  0.08000  0.0400  0.100
 7921  7.692  -27.98  0.08000  0.0400  0.100
 7922  7.692  -27.88  0.08000  0.0400  0.100
 7923  7.692  -27.78  0.08000  0.0400  0.100
 7924  7.692  -27.68  0.08000  0.0400  0.100
 7925  7.692  -27.58  0.08000  0.0400  0.105
 7926  7.692  -27.47  0.08000  0.0400  0.105
 7927  7.692  -27.37  0.08000  0.0400  0.100
 7928  7.692  -27.27  0.08000  0.0400  0.100
 7929  7.692  -27.17  0.08000  0.0400  0.100
 7930  7.692  -27.07  0.08000  0.0400  0.100
 7931  7.692  -26.97  0.08000  0.0400  0.100
 7932  7.692  -26.87  0.08000  0.0400  0.100
 7933  7.692  -26.77  0.08000  0.0400  0.100
 7934  7.692  -26.67  0.08000  0.0400  0.100
 7935  7.692  -26.57  0.08000  0.0400  0.105
 7936  7.692  -26.46  0.08000  0.0400  0.105
 7937  7.692  -26.36  0.08000  0.0400  0.100
 7938  7.692  -26.26  0.08000  0.0400  0.100
 7939  7.692  -26.16  0.08000  0.0400  0.100
 7940  7.692  -26.06  0.08000  0.0400  0.100
 7941  7.692  -25.96  0.08000  0.0400  0.100
 7942  7.692  -25.86  0.08000  0.0400  0.100
 7943  7.692  -25.76  0.08000  0.0400  0.100
 7944  7.692  -25.66  0.08000  0.0400  0.100
 7945  7.692  -25.56  0.08000  0.0400  0.105
 7946  7.692  -25.45  0.08000  0.0400  0.105
 7947  7.692  -25.35  0.08000  0.0400  0.100
 7948  7.692  -25.25  0.08000  0.0400  0.100
 7949  7.692  -25.15  0.08000  0.0400  0.100
 7950  7.692  -25.05  0.08000  0.0400  0.100
 7951  7.692  -24.95  0.08000  0.0400  0.100
 7952  7.692  -24.85  0.08000  0.0400  0.100
 7953  7.692  -24.75  0.08000  0.0400  0.100
 7954  7.692  -24.65  0.08000  0.0400  0.100
 7955  7.692  -24.55  0.08000  0.0400  0.105
 7956  7.692  -24.44  0.08000  0.0400  0.105
 7957  7.692  -24.34  0.08000  0.0400  0.100
 7958  7.692  -24.24  0.08000  0.0400  0.100
 7959  7.692  -24.14  0.08000  0.0400  0.100
 7960  7.692  -24.04  0.08000  0.0400  0.100
 7961  7.692  -23.94  0.08000  0.0400  0.100
 7962  7.692  -23.84  0.08000  0.0400  0.100
 7963  7.692  -23.74  0.08000  0.0400  0.100
 7964  7.692  -23.64  0.08000  0.0400  0.100
 7965  7.692  -23.54  0.08000  0.0400  0.105
 7966  7.692  -23.43  0.08000  0.0400  0.105
 7967  7.692  -23.33  0.08000  0.0400  0.100
 7968  7.692  -23.23  0.08000  0.0400  0.100
 7969  7.692  -23.13  0.08000  0.0400  0.100
 7970  7.692  -23.03  0.08000  0.0400  0.100
 7971  7.692  -22.93  0.08000  0.0400  0.100
 7972  7.692  -22.83  0.08000  0.0400  0.100
 7973  7.692  -22.73  0.08000  0.0400  0.100
 7974  7.692  -22.63  0.08000  0.0400  0.100
 7975  7.692  -22.53  0.08000  0.0400  0.105
 7976  7.692  -22.42  0.08000  0.0400  0.105
 7977  7.692  -22.32  0.08000  0.0400  0.100
 7978  7.692  -22.22  0.08000  0.0400  0.100
 7979  7.692  -22.12  0.08000  0.0400  0.100
 7980  7.692  -22.02  0.08000  0.0400  0.100
 7981  7.692  -21.92  0.08000  0.0400  0.100
 7982  7.692  -21.82  0.08000  0.0400  0.100
 7983  7.692  -21.72  0.08000  0.0400  0.100
 7984  7.692  -21.62  0.08000  0.0400  0.100
 7985  7.692  -21.52  0.08000  0.0400  0.105
 7986  7.692  -21.41  0.08000  0.0400  0.105
 7987  7.692  -21.31  0.08000  0.0400  0.100
 7988  7.692  -21.21  0.08000  0.0400  0.100
 7989  7.692  -21.11  0.08000  0.0400  0.100
 7990  7.692  -21.01  0.08000  0.0400  0.100
 7991  7.692  -20.91  0.08000  0.0400  0.100
 7992  7.692  -20.81  0.08000  0.0400  0.100
 7993  7.692  -20.71  0.08000  0.0400  0.100
 7994  7.692  -20.61  0.08000  0.0400  0.100
 7995  7.692  -20.51  0.08000  0.0400  0.105
 7996  7.692  -20.40  0.08000  0.0400  0.105
 7997  7.692  -20.30  0.08000  0.0400  0.100
 7998  7.692  -20.20  0.08000  0.0400  0.100
 7999  7.692  -20.10  0.08000  0.0400  0.100
 8000  7.692  -20.00  0.08000  0.0400  0.100
 8001  7.732  -30.00  0.08000  0.0405  0.100
 8002  7.732  -29.90  0.08000  0.0405  0.100
 8003  7.732  -29.80  0.08000  0.0405  0.100
 8004  7.732  -29.70  0.08000  0.0405  0.100
 8005  7.732  -29.60  0.08000  0.0405  0.105
 8006  7.732  -29.49  0.08000  0.0405  0.105
 8007  7.732  -29.39  0.08000  0.0405  0.100
 8008  7.732  -29.29  0.08000  0.0405  0.100
 8009  7.732  -29.19  0.08000  0.0405  0.100
 8010  7.732  -29.09  0.08000  0.0405  0.100
 8011  7.732  -28.99  0.08000  0.0405  0.100
 8012  7.732  -28.89  0.08000  0.0405  0.100
 8013  7.732  -28.79  0.08000  0.0405  0.100
 8014  7.732  -28.69  0.08000  0.0405  0.100
 8015  7.732  -28.59  0.08000  0.0405  0.105
 8016  7.732  -28.48  0.08000  0.0405  0.105
 8017  7.732  -28.38  0.08000  0.0405  0.100
 8018  7.732  -28.28  0.08000  0.0405  0.100
 8019  7.732  -28.18  0.08000  0.0405  0.100
 8020  7.732  -28.08  0.08000  0.0405  0.100
 8021  7.732  -27.98  0.08000  0.0405  0.100
 8022  7.732  -27.88  0.08000  0.0405  0.100
 8023  7.732  -27.78  0.08000  0.0405  0.100
 8024  7.732  -27.68  0.08000  0.0405  0.100
 8025  7.732  -27.58  0.08000  0.0405  0.105
 8026  7.732  -27.47  0.08000  0.0405  0.105
 8027  7.732  -27.37  0.08000  0.0405  0.100
 8028  7.732  -27.27  0.08000  0.0405  0.100
 8029  7.732  -27.17  0.08000  0.0405  0.100
 8030  7.732  -27.07  0.08000  0.0405  0.100
 8031  7.732  -26.97  0.08000  0.0405  0.100
 8032  7.732  -26.87  0.08000  0.0405  0.100
 8033  7.732  -26.77  0.08000  0.0405  0.100
 8034  7.732  -26.67  0.08000  0.0405  0.100
 8035  7.732  -26.57  0.08000  0.0405  0.105
 8036  7.732  -26.46  0.08000  0.0405  0.105
 8037  7.732  -26.36  0.08000  0.0405  0.100
 8038  7.732  -26.26  0.08000  0.0405  0.100
 8039  7.732  -26.16  0.08000  0.0405  0.100
 8040  7.732  -26.06  0.08000  0.0405  0.100
 8041  7.732  -25.96  0.08000  0.0405  0.100
 8042  7.732  -25.86  0.08000  0.0405  0.100
 8043  7.732  -25.76  0.08000  0.0405  0.100
 8044  7.732  -25.66  0.08000  0.0405  0.100
 8045  7.732  -25.56  0.08000  0.0405  0.105
 8046  7.732  -25.45  0.08000  0.0405  0.105
 8047  7.732  -25.35  0.08000  0.0405  0.100
 8048  7.732  -25.25  0.08000  0.0405  0.100
 8049  7.732  -25.15  0.08000  0.0405  0.100
 8050  7.732  -25.05  0.08000  0.0405  0.100
 8051  7.732  -24.95  0.08000  0.0405  0.100
 8052  7.732  -24.85  0.08000  0.0405  0.100
 8053  7.732  -24.75  0.08000  0.0405  0.100
 8054  7.732  -24.65  0.08000  0.0405  0.100
 8055  7.732  -24.55  0.08000  0.0405  0.105
 8056  7.732  -24.44  0.08000  0.0405  0.105
 8057  7.732  -24.34  0.08000  0.0405  0.100
 8058  7.732  -24.24  0.08000  0.0405  0.100
 8059  7.732  -24.14  0.08000  0.0405  0.100
 8060  7.732  -24.04  0.08000  0.0405  0.100
 8061  7.732  -23.94  0.08000  0.0405  0.100
 8062  7.732  -23.84  0.08000  0.0405  0.100
 8063  7.732  -23.74  0.08000  0.0405  0.100
 8064  7.732  -23.64  0.08000  0.0405  0.100
 8065  7.732  -23.54  0.08000  0.0405  0.105
 8066  7.732  -23.43  0.08000  0.0405  0.105
 8067  7.732  -23.33  0.08000  0.0405  0.100
 8068  7.732  -23.23  0.08000  0.0405  0.100
 8069  7.732  -23.13  0.08000  0.0405  0.100
 8070  7.732  -23.03  0.08000  0.0405  0.100
 8071  7.732  -22.93  0.08000  0.0405  0.100
 8072  7.732  -22.83  0.08000  0.0405  0.100
 8073  7.732  -22.73  0.08000  0.0405  0.100
 8074  7.732  -22.63  0.08000  0.0405  0.100
 8075  7.732  -22.53  0.08000  0.0405  0.105
 8076  7.732  -22.42  0.08000  0.0405  0.105
 8077  7.732  -22.32  0.08000  0.0405  0.100
 8078  7.732  -22.22  0.08000  0.0405  0.100
 8079  7.732  -22.12  0.08000  0.0405  0.100
 8080  7.732  -22.02  0.08000  0.0405  0.100
 8081  7.732  -21.92  0.08000  0.0405  0.100
 8082  7.732  -21.82  0.08000  0.0405  0.100
 8083  7.732  -21.72  0.08000  0.0405  0.100
 8084  7.732  -21.62  0.08000  0.0405  0.100
 8085  7.732  -21.52  0.08000  0.0405  0.105
 8086  7.732  -21.41  0.08000  0.0405  0.105
 8087  7.732  -21.31  0.08000  0.0405  0.100
 8088  7.732  -21.21  0.08000  0.0405  0.100
 8089  7.732  -21.11  0.08000  0.0405  0.100
 8090  7.732  -21.01  0.08000  0.0405  0.100
 8091  7.732  -20.91  0.08000  0.0405  0.100
 8092  7.732  -20.81  0.08000  0.0405  0.100
 8093  7.732  -20.71  0.08000  0.0405  0.100
 8094  7.732  -20.61  0.08000  0.0405  0.100
 8095  7.732  -20.51  0.08000  0.0405  0.105
 8096  7.732  -20.40  0.08000  0.0405  0.105
 8097  7.732  -20.30  0.08000  0.0405  0.100
 8098  7.732  -20.20  0.08000  0.0405  0.100
 8099  7.732  -20.10  0.08000  0.0405  0.100
 8100  7.732  -20.00  0.08000  0.0405  0.100
 8101  7.773  -30.00  0.08000  0.0405  0.100
 8102  7.773  -29.90  0.08000  0.0405  0.100
 8103  7.773  -29.80  0.08000  0.0405  0.100
 8104  7.773  -29.70  0.08000  0.0405  0.100
 8105  7.773  -29.60  0.08000  0.0405  0.105
 8106  7.773  -29.49  0.08000  0.0405  0.105
 8107  7.773  -29.39  0.08000  0.0405  0.100
 8108  7.773  -29.29  0.08000  0.0405  0.100
 8109  7.773  -29.19  0.08000  0.0405  0.100
 8110  7.773  -29.09  0.08000  0.0405  0.100
 8111  7.773  -28.99  0.08000  0.0405  0.100
 8112  7.773  -28.89  0.08000  0.0405  0.100
 8113  7.773  -28.79  0.08000  0.0405  0.100
 8114  7.773  -28.69  0.08000  0.0405  0.100
 8115  7.773  -28.59  0.08000  0.0405  0.105
 8116  7.773  -28.48  0.08000  0.0405  0.105
 8117  7.773  -28.38  0.08000  0.0405  0.100
 8118  7.773  -28.28  0.08000  0.0405  0.100
 8119  7.773  -28.18  0.08000  0.0405  0.100
 8120  7.773  -28.08  0.08000  0.0405  0.100
 8121  7.773  -27.98  0.08000  0.0405  0.100
 8122  7.773  -27.88  0.08000  0.0405  0.100
 8123  7.773  -27.78  0.08000  0.0405  0.100
 8124  7.773  -27.68  0.08000  0.0405  0.100
 8125  7.773  -27.58  0.08000  0.0405  0.105
 8126  7.773  -27.47  0.08000  0.0405  0.105
 8127  7.773  -27.37  0.08000  0.0405  0.100
 8128  7.773  -27.27  0.08000  0.0405  0.100
 8129  7.773  -27.17  0.08000  0.0405  0.100
 8130  7.773  -27.07  0.08000  0.0405  0.100
 8131  7.773  -26.97  0.08000  0.0405  0.100
 8132  7.773  -26.87  0.08000  0.0405  0.100
 8133  7.773  -26.77  0.08000  0.0405  0.100
 8134  7.773  -26.67  0.08000  0.0405  0.100
 8135  7.773  -26.57  0.08000  0.0405  0.105
 8136  7.773  -26.46  0.08000  0.0405  0.105
 8137  7.773  -26.36  0.08000  0.0405  0.100
 8138  7.773  -26.26  0.08000  0.0405  0.100
 8139  7.773  -26.16  0.08000  0.0405  0.100
 8140  7.773  -26.06  0.08000  0.0405  0.100
 8141  7.773  -25.96  0.08000  0.0405  0.100
 8142  7.773  -25.86  0.08000  0.0405  0.100
 8143  7.773  -25.76  0.08000  0.0405  0.100
 8144  7.773  -25.66  0.08000  0.0405  0.100
 8145  7.773  -25.56  0.08000  0.0405  0.105
 8146  7.773  -25.45  0.08000  0.0405  0.105
 8147  7.773  -25.35  0.08000  0.0405  0.100
 8148  7.773  -25.25  0.08000  0.0405  0.100
 8149  7.773  -25.15  0.08000  0.0405  0.100
 8150  7.773  -25.05  0.08000  0.0405  0.100
 8151  7.773  -24.95  0.08000  0.0405  0.100
 8152  7.773  -24.85  0.08000  0.0405  0.100
 8153  7.773  -24.75  0.08000  0.0405  0.100
 8154  7.773  -24.65  0.08000  0.0405  0.100
 8155  7.773  -24.55  0.08000  0.0405  0.105
 8156  7.773  -24.44  0.08000  0.0405  0.105
 8157  7.773  -24.34  0.08000  0.0405  0.100
 8158  7.773  -24.24  0.08000  0.0405  0.100
 8159  7.773  -24.14  0.08000  0.0405  0.100
 8160  7.773  -24.04  0.08000  0.0405  0.100
 8161  7.773  -23.94  0.08000  0.0405  0.100
 8162  7.773  -23.84  0.08000  0.0405  0.100
 8163  7.773  -23.74  0.08000  0.0405  0.100
 8164  7.773  -23.64  0.08000  0.0405  0.100
 8165  7.773  -23.54  0.08000  0.0405  0.105
 8166  7.773  -23.43  0.08000  0.0405  0.105
 8167  7.773  -23.33  0.08000  0.0405  0.100
 8168  7.773  -23.23  0.08000  0.0405  0.100
 8169  7.773  -23.13  0.08000  0.0405  0.100
 8170  7.773  -23.03  0.08000  0.0405  0.100
 8171  7.773  -22.93  0.08000  0.0405  0.100
 8172  7.773  -22.83  0.08000  0.0405  0.100
 8173  7.773  -22.73  0.08000  0.0405  0.100
 8174  7.773  -22.63  0.08000  0.0405  0.100
 8175  7.773  -22.53  0.08000  0.0405  0.105
 8176  7.773  -22.42  0.08000  0.0405  0.105
 8177  7.773  -22.32  0.08000  0.0405  0.100
 8178  7.773  -22.22  0.08000  0.0405  0.100
 8179  7.773  -22.12  0.08000  0.0405  0.100
 8180  7.773  -22.02  0.08000  0.0405  0.100
 8181  7.773  -21.92  0.08000  0.0405  0.100
 8182  7.773  -21.82  0.08000  0.0405  0.100
 8183  7.773  -21.72  0.08000  0.0405  0.100
 8184  7.773  -21.62  0.08000  0.0405  0.100
 8185  7.773  -21.52  0.08000  0.0405  0.105
 8186  7.773  -21.41  0.08000  0.0405  0.105
 8187  7.773  -21.31  0.08000  0.0405  0.100
 8188  7.773  -21.21  0.08000  0.0405  0.100
 8189  7.773  -21.11  0.08000  0.0405  0.100
 8190  7.773  -21.01  0.08000  0.0405  0.100
 8191  7.773  -20.91  0.08000  0.0405  0.100
 8192  7.773  -20.81  0.08000  0.0405  0.100
 8193  7.773  -20.71  0.08000  0.0405  0.100
 8194  7.773  -20.61  0.08000  0.0405  0.100
 8195  7.773  -20.51  0.08000  0.0405  0.105
 8196  7.773  -20.40  0.08000  0.0405  0.105
 8197  7.773  -20.30  0.08000  0.0405  0.100
 8198  7.773  -20.20  0.08000  0.0405  0.100
 8199  7.773  -20.10  0.08000  0.0405  0.100
 8200  7.773  -20.00  0.08000  0.0405  0.100
 8201  7.813  -30.00  0.08000  0.0405  0.100
 8202  7.813  -29.90  0.08000  0.0405  0.100
 8203  7.813  -29.80  0.08000  0.0405  0.100
 8204  7.813  -29.70  0.08000  0.0405  0.100
 8205  7.813  -29.60  0.08000  0.0405  0.105
 8206  7.813  -29.49  0.08000  0.0405  0.105
 8207  7.813  -29.39  0.08000  0.0405  0.100
 8208  7.813  -29.29  0.08000  0.0405  0.100
 8209  7.813  -29.19  0.08000  0.0405  0.100
 8210  7.813  -29.09  0.08000  0.0405  0.100
 8211  7.813  -28.99  0.08000  0.0405  0.100
 8212  7.813  -28.89  0.08000  0.0405  0.100
 8213  7.813  -28.79  0.08000  0.0405  0.100
 8214  7.813  -28.69  0.08000  0.0405  0.100
 8215  7.813  -28.59  0.08000  0.0405  0.105
 8216  7.813  -28.48  0.08000  0.0405  0.105
 8217  7.813  -28.38  0.08000  0.0405  0.100
 8218  7.813  -28.28  0.08000  0.0405  0.100
 8219  7.813  -28.18  0.08000  0.0405  0.100
 8220  7.813  -28.08  0.08000  0.0405  0.100
 8221  7.813  -27.98  0.08000  0.0405  0.100
 8222  7.813  -27.88  0.08000  0.0405  0.100
 8223  7.813  -27.78  0.08000  0.0405  0.100
 8224  7.813  -27.68  0.08000  0.0405  0.100
 8225  7.813  -27.58  0.08000  0.0405  0.105
 8226  7.813  -27.47  0.08000  0.0405  0.105
 8227  7.813  -27.37  0.08000  0.0405  0.100
 8228  7.813  -27.27  0.08000  0.0405  0.100
 8229  7.813  -27.17  0.08000  0.0405  0.100
 8230  7.813  -27.07  0.08000  0.0405  0.100
 8231  7.813  -26.97  0.08000  0.0405  0.100
 8232  7.813  -26.87  0.08000  0.0405  0.100
 8233  7.813  -26.77  0.08000  0.0405  0.100
 8234  7.813  -26.67  0.08000  0.0405  0.100
 8235  7.813  -26.57  0.08000  0.0405  0.105
 8236  7.813  -26.46  0.08000  0.0405  0.105
 8237  7.813  -26.36  0.08000  0.0405  0.100
 8238  7.813  -26.26  0.08000  0.0405  0.100
 8239  7.813  -26.16  0.08000  0.0405  0.100
 8240  7.813  -26.06  0.08000  0.0405  0.100
 8241  7.813  -25.96  0.08000  0.0405  0.100
 8242  7.813  -25.86  0.08000  0.0405  0.100
 8243  7.813  -25.76  0.08000  0.0405  0.100
 8244  7.813  -25.66  0.08000  0.0405  0.100
 8245  7.813  -25.56  0.08000  0.0405  0.105
 8246  7.813  -25.45  0.08000  0.0405  0.105
 8247  7.813  -25.35  0.08000  0.0405  0.100
 8248  7.813  -25.25  0.08000  0.0405  0.100
 8249  7.813  -25.15  0.08000  0.0405  0.100
 8250  7.813  -25.05  0.08000  0.0405  0.100
 8251  7.813  -24.95  0.08000  0.0405  0.100
 8252  7.813  -24.85  0.08000  0.0405  0.100
 8253  7.813  -24.75  0.08000  0.0405  0.100
 8254  7.813  -24.65  0.08000  0.0405  0.100
 8255  7.813  -24.55  0.08000  0.0405  0.105
 8256  7.813  -24.44  0.08000  0.0405  0.105
 8257  7.813  -24.34  0.08000  0.0405  0.100
 8258  7.813  -24.24  0.08000  0.0405  0.100
 8259  7.813  -24.14  0.08000  0.0405  0.100
 8260  7.813  -24.04  0.08000  0.0405  0.100
 8261  7.813  -23.94  0.08000  0.0405  0.100
 8262  7.813  -23.84  0.08000  0.0405  0.100
 8263  7.813  -23.74  0.08000  0.0405  0.100
 8264  7.813  -23.64  0.08000  0.0405  0.100
 8265  7.813  -23.54  0.08000  0.0405  0.105
 8266  7.813  -23.43  0.08000  0.0405  0.105
 8267  7.813  -23.33  0.08000  0.0405  0.100
 8268  7.813  -23.23  0.08000  0.0405  0.100
 8269  7.813  -23.13  0.08000  0.0405  0.100
 8270  7.813  -23.03  0.08000  0.0405  0.100
 8271  7.813  -22.93  0.08000  0.0405  0.100
 8272  7.813  -22.83  0.08000  0.0405  0.100
 8273  7.813  -22.73  0.08000  0.0405  0.100
 8274  7.813  -22.63  0.08000  0.0405  0.100
 8275  7.813  -22.53  0.08000  0.0405  0.105
 8276  7.813  -22.42  0.08000  0.0405  0.105
 8277  7.813  -22.32  0.08000  0.0405  0.100
 8278  7.813  -22.22  0.08000  0.0405  0.100
 8279  7.813  -22.12  0.08000  0.0405  0.100
 8280  7.813  -22.02  0.08000  0.0405  0.100
 8281  7.813  -21.92  0.08000  0.0405  0.100
 8282  7.813  -21.82  0.08000  0.0405  0.100
 8283  7.813  -21.72  0.08000  0.0405  0.100
 8284  7.813  -21.62  0.08000  0.0405  0.100
 8285  7.813  -21.52  0.08000  0.0405  0.105
 8286  7.813  -21.41  0.08000  0.0405  0.105
 8287  7.813  -21.31  0.08000  0.0405  0.100
 8288  7.813  -21.21  0.08000  0.0405  0.100
 8289  7.813  -21.11  0.08000  0.0405  0.100
 8290  7.813  -21.01  0.08000  0.0405  0.100
 8291  7.813  -20.91  0.08000  0.0405  0.100
 8292  7.813  -20.81  0.08000  0.0405  0.100
 8293  7.813  -20.71  0.08000  0.0405  0.100
 8294  7.813  -20.61  0.08000  0.0405  0.100
 8295  7.813  -20.51  0.08000  0.0405  0.105
 8296  7.813  -20.40  0.08000  0.0405  0.105
 8297  7.813  -20.30  0.08000  0.0405  0.100
 8298  7.813  -20.20  0.08000  0.0405  0.100
 8299  7.813  -20.10  0.08000  0.0405  0.100
 8300  7.813  -20.00  0.08000  0.0405  0.100
 8301  7.854  -30.00  0.08000  0.0405  0.100
 8302  7.854  -29.90  0.08000  0.0405  0.100
 8303  7.854  -29.80  0.08000  0.0405  0.100
 8304  7.854  -29.70  0.08000  0.0405  0.100
 8305  7.854  -29.60  0.08000  0.0405  0.105
 8306  7.854  -29.49  0.08000  0.0405  0.105
 8307  7.854  -29.39  0.08000  0.0405  0.100
 8308  7.854  -29.29  0.08000  0.0405  0.100
 8309  7.854  -29.19  0.08000  0.0405  0.100
 8310  7.854  -29.09  0.08000  0.0405  0.100
 8311  7.854  -28.99  0.08000  0.0405  0.100
 8312  7.854  -28.89  0.08000  0.0405  0.100
 8313  7.854  -28.79  0.08000  0.0405  0.100
 8314  7.854  -28.69  0.08000  0.0405  0.100
 8315  7.854  -28.59  0.08000  0.0405  0.105
 8316  7.854  -28.48  0.08000  0.0405  0.105
 8317  7.854  -28.38  0.08000  0.0405  0.100
 8318  7.854  -28.28  0.08000  0.0405  0.100
 8319  7.854  -28.18  0.08000  0.0405  0.100
 8320  7.854  -28.08  0.08000  0.0405  0.100
 8321  7.854  -27.98  0.08000  0.0405  0.100
 8322  7.854  -27.88  0.08000  0.0405  0.100
 8323  7.854  -27.78  0.08000  0.0405  0.100
 8324  7.854  -27.68  0.08000  0.0405  0.100
 8325  7.854  -27.58  0.08000  0.0405  0.105
 8326  7.854  -27.47  0.08000  0.0405  0.105
 8327  7.854  -27.37  0.08000  0.0405  0.100
 8328  7.854  -27.27  0.08000  0.0405  0.100
 8329  7.854  -27.17  0.08000  0.0405  0.100
 8330  7.854  -27.07  0.08000  0.0405  0.100
 8331  7.854  -26.97  0.08000  0.0405  0.100
 8332  7.854  -26.87  0.08000  0.0405  0.100
 8333  7.854  -26.77  0.08000  0.0405  0.100
 8334  7.854  -26.67  0.08000  0.0405  0.100
 8335  7.854  -26.57  0.08000  0.0405  0.105
 8336  7.854  -26.46  0.08000  0.0405  0.105
 8337  7.854  -26.36  0.08000  0.0405  0.100
 8338  7.854  -26.26  0.08000  0.0405  0.100
 8339  7.854  -26.16  0.08000  0.0405  0.100
 8340  7.854  -26.06  0.08000  0.0405  0.100
 8341  7.854  -25.96  0.08000  0.0405  0.100
 8342  7.854  -25.86  0.08000  0.0405  0.100
 8343  7.854  -25.76  0.08000  0.0405  0.100
 8344  7.854  -25.66  0.08000  0.0405  0.100
 8345  7.854  -25.56  0.08000  0.0405  0.105
 8346  7.854  -25.45  0.08000  0.0405  0.105
 8347  7.854  -25.35  0.08000  0.0405  0.100
 8348  7.854  -25.25  0.08000  0.0405  0.100
 8349  7.854  -25.15  0.08000  0.0405  0.100
 8350  7.854  -25.05  0.08000  0.0405  0.100
 8351  7.854  -24.95  0.08000  0.0405  0.100
 8352  7.854  -24.85  0.08000  0.0405  0.100
 8353  7.854  -24.75  0.08000  0.0405  0.100
 8354  7.854  -24.65  0.08000  0.0405  0.100
 8355  7.854  -24.55  0.08000  0.0405  0.105
 8356  7.854  -24.44  0.08000  0.0405  0.105
 8357  7.854  -24.34  0.08000  0.0405  0.100
 8358  7.854  -24.24  0.08000  0.0405  0.100
 8359  7.854  -24.14  0.08000  0.0405  0.100
 8360  7.854  -24.04  0.08000  0.0405  0.100
 8361  7.854  -23.94  0.08000  0.0405  0.100
 8362  7.854  -23.84  0.08000  0.0405  0.100
 8363  7.854  -23.74  0.08000  0.0405  0.100
 8364  7.854  -23.64  0.08000  0.0405  0.100
 8365  7.854  -23.54  0.08000  0.0405  0.105
 8366  7.854  -23.43  0.08000  0.0405  0.105
 8367  7.854  -23.33  0.08000  0.0405  0.100
 8368  7.854  -23.23  0.08000  0.0405  0.100
 8369  7.854  -23.13  0.08000  0.0405  0.100
 8370  7.854  -23.03  0.08000  0.0405  0.100
 8371  7.854  -22.93  0.08000  0.0405  0.100
 8372  7.854  -22.83  0.08000  0.0405  0.100
 8373  7.854  -22.73  0.08000  0.0405  0.100
 8374  7.854  -22.63  0.08000  0.0405  0.100
 8375  7.854  -22.53  0.08000  0.0405  0.105
 8376  7.854  -22.42  0.08000  0.0405  0.105
 8377  7.854  -22.32  0.08000  0.0405  0.100
 8378  7.854  -22.22  0.08000  0.0405  0.100
 8379  7.854  -22.12  0.08000  0.0405  0.100
 8380  7.854  -22.02  0.08000  0.0405  0.100
 8381  7.854  -21.92  0.08000  0.0405  0.100
 8382  7.854  -21.82  0.08000  0.0405  0.100
 8383  7.854  -21.72  0.08000  0.0405  0.100
 8384  7.854  -21.62  0.08000  0.0405  0.100
 8385  7.854  -21.52  0.08000  0.0405  0.105
 8386  7.854  -21.41  0.08000  0.0405  0.105
 8387  7.854  -21.31  0.08000  0.0405  0.100
 8388  7.854  -21.21  0.08000  0.0405  0.100
 8389  7.854  -21.11  0.08000  0.0405  0.100
 8390  7.854  -21.01  0.08000  0.0405  0.100
 8391  7.854  -20.91  0.08000  0.0405  0.100
 8392  7.854  -20.81  0.08000  0.0405  0.100
 8393  7.854  -20.71  0.08000  0.0405  0.100
 8394  7.854  -20.61  0.08000  0.0405  0.100
 8395  7.854  -20.51  0.08000  0.0405  0.105
 8396  7.854  -20.40  0.08000  0.0405  0.105
 8397  7.854  -20.30  0.08000  0.0405  0.100
 8398  7.854  -20.20  0.08000  0.0405  0.100
 8399  7.854  -20.10  0.08000  0.0405  0.100
 8400  7.854  -20.00  0.08000  0.0405  0.100
 8401  7.894  -30.00  0.08000  0.0400  0.100
 8402  7.894  -29.90  0.08000  0.0400  0.100
 8403  7.894  -29.80  0.08000  0.0400  0.100
 8404  7.894  -29.70  0.08000  0.0400  0.100
 8405  7.894  -29.60  0.08000  0.0400  0.105
 8406  7.894  -29.49  0.08000  0.0400  0.105
 8407  7.894  -29.39  0.08000  0.0400  0.100
 8408  7.894  -29.29  0.08000  0.0400  0.100
 8409  7.894  -29.19  0.08000  0.0400  0.100
 8410  7.894  -29.09  0.08000  0.0400  0.100
 8411  7.894  -28.99  0.08000  0.0400  0.100
 8412  7.894  -28.89  0.08000  0.0400  0.100
 8413  7.894  -28.79  0.08000  0.0400  0.100
 8414  7.894  -28.69  0.08000  0.0400  0.100
 8415  7.894  -28.59  0.08000  0.0400  0.105
 8416  7.894  -28.48  0.08000  0.0400  0.105
 8417  7.894  -28.38  0.08000  0.0400  0.100
 8418  7.894  -28.28  0.08000  0.0400  0.100
 8419  7.894  -28.18  0.08000  0.0400  0.100
 8420  7.894  -28.08  0.08000  0.0400  0.100
 8421  7.894  -27.98  0.08000  0.0400  0.100
 8422  7.894  -27.88  0.08000  0.0400  0.100
 8423  7.894  -27.78  0.08000  0.0400  0.100
 8424  7.894  -27.68  0.08000  0.0400  0.100
 8425  7.894  -27.58  0.08000  0.0400  0.105
 8426  7.894  -27.47  0.08000  0.0400  0.105
 8427  7.894  -27.37  0.08000  0.0400  0.100
 8428  7.894  -27.27  0.08000  0.0400  0.100
 8429  7.894  -27.17  0.08000  0.0400  0.100
 8430  7.894  -27.07  0.08000  0.0400  0.100
 8431  7.894  -26.97  0.08000  0.0400  0.100
 8432  7.894  -26.87  0.08000  0.0400  0.100
 8433  7.894  -26.77  0.08000  0.0400  0.100
 8434  7.894  -26.67  0.08000  0.0400  0.100
 8435  7.894  -26.57  0.08000  0.0400  0.105
 8436  7.894  -26.46  0.08000  0.0400  0.105
 8437  7.894  -26.36  0.08000  0.0400  0.100
 8438  7.894  -26.26  0.08000  0.0400  0.100
 8439  7.894  -26.16  0.08000  0.0400  0.100
 8440  7.894  -26.06  0.08000  0.0400  0.100
 8441  7.894  -25.96  0.08000  0.0400  0.100
 8442  7.894  -25.86  0.08000  0.0400  0.100
 8443  7.894  -25.76  0.08000  0.0400  0.100
 8444  7.894  -25.66  0.08000  0.0400  0.100
 8445  7.894  -25.56  0.08000  0.0400  0.105
 8446  7.894  -25.45  0.08000  0.0400  0.105
 8447  7.894  -25.35  0.08000  0.0400  0.100
 8448  7.894  -25.25  0.08000  0.0400  0.100
 8449  7.894  -25.15  0.08000  0.0400  0.100
 8450  7.894  -25.05  0.08000  0.0400  0.100
 8451  7.894  -24.95  0.08000  0.0400  0.100
 8452  7.894  -24.85  0.08000  0.0400  0.100
 8453  7.894  -24.75  0.08000  0.0400  0.100
 8454  7.894  -24.65  0.08000  0.0400  0.100
 8455  7.894  -24.55  0.08000  0.0400  0.105
 8456  7.894  -24.44  0.08000  0.0400  0.105
 8457  7.894  -24.34  0.08000  0.0400  0.100
 8458  7.894  -24.24  0.08000  0.0400  0.100
 8459  7.894  -24.14  0.08000  0.0400  0.100
 8460  7.894  -24.04  0.08000  0.0400  0.100
 8461  7.894  -23.94  0.08000  0.0400  0.100
 8462  7.894  -23.84  0.08000  0.0400  0.100
 8463  7.894  -23.74  0.08000  0.0400  0.100
 8464  7.894  -23.64  0.08000  0.0400  0.100
 8465  7.894  -23.54  0.08000  0.0400  0.105
 8466  7.894  -23.43  0.08000  0.0400  0.105
 8467  7.894  -23.33  0.08000  0.0400  0.100
 8468  7.894  -23.23  0.08000  0.0400  0.100
 8469  7.894  -23.13  0.08000  0.0400  0.100
 8470  7.894  -23.03  0.08000  0.0400  0.100
 8471  7.894  -22.93  0.08000  0.0400  0.100
 8472  7.894  -22.83  0.08000  0.0400  0.100
 8473  7.894  -22.73  0.08000  0.0400  0.100
 8474  7.894  -22.63  0.08000  0.0400  0.100
 8475  7.894  -22.53  0.08000  0.0400  0.105
 8476  7.894  -22.42  0.08000  0.0400  0.105
 8477  7.894  -22.32  0.08000  0.0400  0.100
 8478  7.894  -22.22  0.08000  0.0400  0.100
 8479  7.894  -22.12  0.08000  0.0400  0.100
 8480  7.894  -22.02  0.08000  0.0400  0.100
 8481  7.894  -21.92  0.08000  0.0400  0.100
 8482  7.894  -21.82  0.08000  0.0400  0.100
 8483  7.894  -21.72  0.08000  0.0400  0.100
 8484  7.894  -21.62  0.08000  0.0400  0.100
 8485  7.894  -21.52  0.08000  0.0400  0.105
 8486  7.894  -21.41  0.08000  0.0400  0.105
 8487  7.894  -21.31  0.08000  0.0400  0.100
 8488  7.894  -21.21  0.08000  0.0400  0.100
 8489  7.894  -21.11  0.08000  0.0400  0.100
 8490  7.894  -21.01  0.08000  0.0400  0.100
 8491  7.894  -20.91  0.08000  0.0400  0.100
 8492  7.894  -20.81  0.08000  0.0400  0.100
 8493  7.894  -20.71  0.08000  0.0400  0.100
 8494  7.894  -20.61  0.08000  0.0400  0.100
 8495  7.894  -20.51  0.08000  0.0400  0.105
 8496  7.894  -20.40  0.08000  0.0400  0.105
 8497  7.894  -20.30  0.08000  0.0400  0.100
 8498  7.894  -20.20  0.08000  0.0400  0.100
 8499  7.894  -20.10  0.08000  0.0400  0.100
 8500  7.894  -20.00  0.08000  0.0400  0.100
 8501  7.934  -30.00  0.08000  0.0405  0.100
 8502  7.934  -29.90  0.08000  0.0405  0.100
 8503  7.934  -29.80  0.08000  0.0405  0.100
 8504  7.934  -29.70  0.08000  0.0405  0.100
 8505  7.934  -29.60  0.08000  0.0405  0.105
 8506  7.934  -29.49  0.08000  0.0405  0.105
 8507  7.934  -29.39  0.08000  0.0405  0.100
 8508  7.934  -29.29  0.08000  0.0405  0.100
 8509  7.934  -29.19  0.08000  0.0405  0.100
 8510  7.934  -29.09  0.08000  0.0405  0.100
 8511  7.934  -28.99  0.08000  0.0405  0.100
 8512  7.934  -28.89  0.08000  0.0405  0.100
 8513  7.934  -28.79  0.08000  0.0405  0.100
 8514  7.934  -28.69  0.08000  0.0405  0.100
 8515  7.934  -28.59  0.08000  0.0405  0.105
 8516  7.934  -28.48  0.08000  0.0405  0.105
 8517  7.934  -28.38  0.08000  0.0405  0.100
 8518  7.934  -28.28  0.08000  0.0405  0.100
 8519  7.934  -28.18  0.08000  0.0405  0.100
 8520  7.934  -28.08  0.08000  0.0405  0.100
 8521  7.934  -27.98  0.08000  0.0405  0.100
 8522  7.934  -27.88  0.08000  0.0405  0.100
 8523  7.934  -27.78  0.08000  0.0405  0.100
 8524  7.934  -27.68  0.08000  0.0405  0.100
 8525  7.934  -27.58  0.08000  0.0405  0.105
 8526  7.934  -27.47  0.08000  0.0405  0.105
 8527  7.934  -27.37  0.08000  0.0405  0.100
 8528  7.934  -27.27  0.08000  0.0405  0.100
 8529  7.934  -27.17  0.08000  0.0405  0.100
 8530  7.934  -27.07  0.08000  0.0405  0.100
 8531  7.934  -26.97  0.08000  0.0405  0.100
 8532  7.934  -26.87  0.08000  0.0405  0.100
 8533  7.934  -26.77  0.08000  0.0405  0.100
 8534  7.934  -26.67  0.08000  0.0405  0.100
 8535  7.934  -26.57  0.08000  0.0405  0.105
 8536  7.934  -26.46  0.08000  0.0405  0.105
 8537  7.934  -26.36  0.08000  0.0405  0.100
 8538  7.934  -26.26  0.08000  0.0405  0.100
 8539  7.934  -26.16  0.08000  0.0405  0.100
 8540  7.934  -26.06  0.08000  0.0405  0.100
 8541  7.934  -25.96  0.08000  0.0405  0.100
 8542  7.934  -25.86  0.08000  0.0405  0.100
 8543  7.934  -25.76  0.08000  0.0405  0.100
 8544  7.934  -25.66  0.08000  0.0405  0.100
 8545  7.934  -25.56  0.08000  0.0405  0.105
 8546  7.934  -25.45  0.08000  0.0405  0.105
 8547  7.934  -25.35  0.08000  0.0405  0.100
 8548  7.934  -25.25  0.08000  0.0405  0.100
 8549  7.934  -25.15  0.08000  0.0405  0.100
 8550  7.934  -25.05  0.08000  0.0405  0.100
 8551  7.934  -24.95  0.08000  0.0405  0.100
 8552  7.934  -24.85  0.08000  0.0405  0.100
 8553  7.934  -24.75  0.08000  0.0405  0.100
 8554  7.934  -24.65  0.08000  0.0405  0.100
 8555  7.934  -24.55  0.08000  0.0405  0.105
 8556  7.934  -24.44  0.08000  0.0405  0.105
 8557  7.934  -24.34  0.08000  0.0405  0.100
 8558  7.934  -24.24  0.08000  0.0405  0.100
 8559  7.934  -24.14  0.08000  0.0405  0.100
 8560  7.934  -24.04  0.08000  0.0405  0.100
 8561  7.934  -23.94  0.08000  0.0405  0.100
 8562  7.934  -23.84  0.08000  0.0405  0.100
 8563  7.934  -23.74  0.08000  0.0405  0.100
 8564  7.934  -23.64  0.08000  0.0405  0.100
 8565  7.934  -23.54  0.08000  0.0405  0.105
 8566  7.934  -23.43  0.08000  0.0405  0.105
 8567  7.934  -23.33  0.08000  0.0405  0.100
 8568  7.934  -23.23  0.08000  0.0405  0.100
 8569  7.934  -23.13  0.08000  0.0405  0.100
 8570  7.934  -23.03  0.08000  0.0405  0.100
 8571  7.934  -22.93  0.08000  0.0405  0.100
 8572  7.934  -22.83  0.08000  0.0405  0.100
 8573  7.934  -22.73  0.08000  0.0405  0.100
 8574  7.934  -22.63  0.08000  0.0405  0.100
 8575  7.934  -22.53  0.08000  0.0405  0.105
 8576  7.934  -22.42  0.08000  0.0405  0.105
 8577  7.934  -22.32  0.08000  0.0405  0.100
 8578  7.934  -22.22  0.08000  0.0405  0.100
 8579  7.934  -22.12  0.08000  0.0405  0.100
 8580  7.934  -22.02  0.08000  0.0405  0.100
 8581  7.934  -21.92  0.08000  0.0405  0.100
 8582  7.934  -21.82  0.08000  0.0405  0.100
 8583  7.934  -21.72  0.08000  0.0405  0.100
 8584  7.934  -21.62  0.08000  0.0405  0.100
 8585  7.934  -21.52  0.08000  0.0405  0.105
 8586  7.934  -21.41  0.08000  0.0405  0.105
 8587  7.934  -21.31  0.08000  0.0405  0.100
 8588  7.934  -21.21  0.08000  0.0405  0.100
 8589  7.934  -21.11  0.08000  0.0405  0.100
 8590  7.934  -21.01  0.08000  0.0405  0.100
 8591  7.934  -20.91  0.08000  0.0405  0.100
 8592  7.934  -20.81  0.08000  0.0405  0.100
 8593  7.934  -20.71  0.08000  0.0405  0.100
 8594  7.934  -20.61  0.08000  0.0405  0.100
 8595  7.934  -20.51  0.08000  0.0405  0.105
 8596  7.934  -20.40  0.08000  0.0405  0.105
 8597  7.934  -20.30  0.08000  0.0405  0.100
 8598  7.934  -20.20  0.08000  0.0405  0.100
 8599  7.934  -20.10  0.08000  0.0405  0.100
 8600  7.934  -20.00  0.08000  0.0405  0.100
 8601  7.975  -30.00  0.08000  0.0405  0.100
 8602  7.975  -29.90  0.08000  0.0405  0.100
 8603  7.975  -29.80  0.08000  0.0405  0.100
 8604  7.975  -29.70  0.08000  0.0405  0.100
 8605  7.975  -29.60  0.08000  0.0405  0.105
 8606  7.975  -29.49  0.08000  0.0405  0.105
 8607  7.975  -29.39  0.08000  0.0405  0.100
 8608  7.975  -29.29  0.08000  0.0405  0.100
 8609  7.975  -29.19  0.08000  0.0405  0.100
 8610  7.975  -29.09  0.08000  0.0405  0.100
 8611  7.975  -28.99  0.08000  0.0405  0.100
 8612  7.975  -28.89  0.08000  0.0405  0.100
 8613  7.975  -28.79  0.08000  0.0405  0.100
 8614  7.975  -28.69  0.08000  0.0405  0.100
 8615  7.975  -28.59  0.08000  0.0405  0.105
 8616  7.975  -28.48  0.08000  0.0405  0.105
 8617  7.975  -28.38  0.08000  0.0405  0.100
 8618  7.975  -28.28  0.08000  0.0405  0.100
 8619  7.975  -28.18  0.08000  0.0405  0.100
 8620  7.975  -28.08  0.08000  0.0405  0.100
 8621  7.975  -27.98  0.08000  0.0405  0.100
 8622  7.975  -27.88  0.08000  0.0405  0.100
 8623  7.975  -27.78  0.08000  0.0405  0.100
 8624  7.975  -27.68  0.08000  0.0405  0.100
 8625  7.975  -27.58  0.08000  0.0405  0.105
 8626  7.975  -27.47  0.08000  0.0405  0.105
 8627  7.975  -27.37  0.08000  0.0405  0.100
 8628  7.975  -27.27  0.08000  0.0405  0.100
 8629  7.975  -27.17  0.08000  0.0405  0.100
 8630  7.975  -27.07  0.08000  0.0405  0.100
 8631  7.975  -26.97  0.08000  0.0405  0.100
 8632  7.975  -26.87  0.08000  0.0405  0.100
 8633  7.975  -26.77  0.08000  0.0405  0.100
 8634  7.975  -26.67  0.08000  0.0405  0.100
 8635  7.975  -26.57  0.08000  0.0405  0.105
 8636  7.975  -26.46  0.08000  0.0405  0.105
 8637  7.975  -26.36  0.08000  0.0405  0.100
 8638  7.975  -26.26  0.08000  0.0405  0.100
 8639  7.975  -26.16  0.08000  0.0405  0.100
 8640  7.975  -26.06  0.08000  0.0405  0.100
 8641  7.975  -25.96  0.08000  0.0405  0.100
 8642  7.975  -25.86  0.08000  0.0405  0.100
 8643  7.975  -25.76  0.08000  0.0405  0.100
 8644  7.975  -25.66  0.08000  0.0405  0.100
 8645  7.975  -25.56  0.08000  0.0405  0.105
 8646  7.975  -25.45  0.08000  0.0405  0.105
 8647  7.975  -25.35  0.08000  0.0405  0.100
 8648  7.975  -25.25  0.08000  0.0405  0.100
 8649  7.975  -25.15  0.08000  0.0405  0.100
 8650  7.975  -25.05  0.08000  0.0405  0.100
 8651  7.975  -24.95  0.08000  0.0405  0.100
 8652  7.975  -24.85  0.08000  0.0405  0.100
 8653  7.975  -24.75  0.08000  0.0405  0.100
 8654  7.975  -24.65  0.08000  0.0405  0.100
 8655  7.975  -24.55  0.08000  0.0405  0.105
 8656  7.975  -24.44  0.08000  0.0405  0.105
 8657  7.975  -24.34  0.08000  0.0405  0.100
 8658  7.975  -24.24  0.08000  0.0405  0.100
 8659  7.975  -24.14  0.08000  0.0405  0.100
 8660  7.975  -24.04  0.08000  0.0405  0.100
 8661  7.975  -23.94  0.08000  0.0405  0.100
 8662  7.975  -23.84  0.08000  0.0405  0.100
 8663  7.975  -23.74  0.08000  0.0405  0.100
 8664  7.975  -23.64  0.08000  0.0405  0.100
 8665  7.975  -23.54  0.08000  0.0405  0.105
 8666  7.975  -23.43  0.08000  0.0405  0.105
 8667  7.975  -23.33  0.08000  0.0405  0.100
 8668  7.975  -23.23  0.08000  0.0405  0.100
 8669  7.975  -23.13  0.08000  0.0405  0.100
 8670  7.975  -23.03  0.08000  0.0405  0.100
 8671  7.975  -22.93  0.08000  0.0405  0.100
 8672  7.975  -22.83  0.08000  0.0405  0.100
 8673  7.975  -22.73  0.08000  0.0405  0.100
 8674  7.975  -22.63  0.08000  0.0405  0.100
 8675  7.975  -22.53  0.08000  0.0405  0.105
 8676  7.975  -22.42  0.08000  0.0405  0.105
 8677  7.975  -22.32  0.08000  0.0405  0.100
 8678  7.975  -22.22  0.08000  0.0405  0.100
 8679  7.975  -22.12  0.08000  0.0405  0.100
 8680  7.975  -22.02  0.08000  0.0405  0.100
 8681  7.975  -21.92  0.08000  0.0405  0.100
 8682  7.975  -21.82  0.08000  0.0405  0.100
 8683  7.975  -21.72  0.08000  0.0405  0.100
 8684  7.975  -21.62  0.08000  0.0405  0.100
 8685  7.975  -21.52  0.08000  0.0405  0.105
 8686  7.975  -21.41  0.08000  0.0405  0.105
 8687  7.975  -21.31  0.08000  0.0405  0.100
 8688  7.975  -21.21  0.08000  0.0405  0.100
 8689  7.975  -21.11  0.08000  0.0405  0.100
 8690  7.975  -21.01  0.08000  0.0405  0.100
 8691  7.975  -20.91  0.08000  0.0405  0.100
 8692  7.975  -20.81  0.08000  0.0405  0.100
 8693  7.975  -20.71  0.08000  0.0405  0.100
 8694  7.975  -20.61  0.08000  0.0405  0.100
 8695  7.975  -20.51  0.08000  0.0405  0.105
 8696  7.975  -20.40  0.08000  0.0405  0.105
 8697  7.975  -20.30  0.08000  0.0405  0.100
 8698  7.975  -20.20  0.08000  0.0405  0.100
 8699  7.975  -20.10  0.08000  0.0405  0.100
 8700  7.975  -20.00  0.08000  0.0405  0.100
 8701  8.015  -30.00  0.08000  0.0405  0.100
 8702  8.015  -29.90  0.08000  0.0405  0.100
 8703  8.015  -29.80  0.08000  0.0405  0.100
 8704  8.015  -29.70  0.08000  0.0405  0.100
 8705  8.015  -29.60  0.08000  0.0405  0.105
 8706  8.015  -29.49  0.08000  0.0405  0.105
 8707  8.015  -29.39  0.08000  0.0405  0.100
 8708  8.015  -29.29  0.08000  0.0405  0.100
 8709  8.015  -29.19  0.08000  0.0405  0.100
 8710  8.015  -29.09  0.08000  0.0405  0.100
 8711  8.015  -28.99  0.08000  0.0405  0.100
 8712  8.015  -28.89  0.08000  0.0405  0.100
 8713  8.015  -28.79  0.08000  0.0405  0.100
 8714  8.015  -28.69  0.08000  0.0405  0.100
 8715  8.015  -28.59  0.08000  0.0405  0.105
 8716  8.015  -28.48  0.08000  0.0405  0.105
 8717  8.015  -28.38  0.08000  0.0405  0.100
 8718  8.015  -28.28  0.08000  0.0405  0.100
 8719  8.015  -28.18  0.08000  0.0405  0.100
 8720  8.015  -28.08  0.08000  0.0405  0.100
 8721  8.015  -27.98  0.08000  0.0405  0.100
 8722  8.015  -27.88  0.08000  0.0405  0.100
 8723  8.015  -27.78  0.08000  0.0405  0.100
 8724  8.015  -27.68  0.08000  0.0405  0.100
 8725  8.015  -27.58  0.08000  0.0405  0.105
 8726  8.015  -27.47  0.08000  0.0405  0.105
 8727  8.015  -27.37  0.08000  0.0405  0.100
 8728  8.015  -27.27  0.08000  0.0405  0.100
 8729  8.015  -27.17  0.08000  0.0405  0.100
 8730  8.015  -27.07  0.08000  0.0405  0.100
 8731  8.015  -26.97  0.08000  0.0405  0.100
 8732  8.015  -26.87  0.08000  0.0405  0.100
 8733  8.015  -26.77  0.08000  0.0405  0.100
 8734  8.015  -26.67  0.08000  0.0405  0.100
 8735  8.015  -26.57  0.08000  0.0405  0.105
 8736  8.015  -26.46  0.08000  0.0405  0.105
 8737  8.015  -26.36  0.08000  0.0405  0.100
 8738  8.015  -26.26  0.08000  0.0405  0.100
 8739  8.015  -26.16  0.08000  0.0405  0.100
 8740  8.015  -26.06  0.08000  0.0405  0.100
 8741  8.015  -25.96  0.08000  0.0405  0.100
 8742  8.015  -25.86  0.08000  0.0405  0.100
 8743  8.015  -25.76  0.08000  0.0405  0.100
 8744  8.015  -25.66  0.08000  0.0405  0.100
 8745  8.015  -25.56  0.08000  0.0405  0.105
 8746  8.015  -25.45  0.08000  0.0405  0.105
 8747  8.015  -25.35  0.08000  0.0405  0.100
 8748  8.015  -25.25  0.08000  0.0405  0.100
 8749  8.015  -25.15  0.08000  0.0405  0.100
 8750  8.015  -25.05  0.08000  0.0405  0.100
 8751  8.015  -24.95  0.08000  0.0405  0.100
 8752  8.015  -24.85  0.08000  0.0405  0.100
 8753  8.015  -24.75  0.08000  0.0405  0.100
 8754  8.015  -24.65  0.08000  0.0405  0.100
 8755  8.015  -24.55  0.08000  0.0405  0.105
 8756  8.015  -24.44  0.08000  0.0405  0.105
 8757  8.015  -24.34  0.08000  0.0405  0.100
 8758  8.015  -24.24  0.08000  0.0405  0.100
 8759  8.015  -24.14  0.08000  0.0405  0.100
 8760  8.015  -24.04  0.08000  0.0405  0.100
 8761  8.015  -23.94  0.08000  0.0405  0.100
 8762  8.015  -23.84  0.08000  0.0405  0.100
 8763  8.015  -23.74  0.08000  0.0405  0.100
 8764  8.015  -23.64  0.08000  0.0405  0.100
 8765  8.015  -23.54  0.08000  0.0405  0.105
 8766  8.015  -23.43  0.08000  0.0405  0.105
 8767  8.015  -23.33  0.08000  0.0405  0.100
 8768  8.015  -23.23  0.08000  0.0405  0.100
 8769  8.015  -23.13  0.08000  0.0405  0.100
 8770  8.015  -23.03  0.08000  0.0405  0.100
 8771  8.015  -22.93  0.08000  0.0405  0.100
 8772  8.015  -22.83  0.08000  0.0405  0.100
 8773  8.015  -22.73  0.08000  0.0405  0.100
 8774  8.015  -22.63  0.08000  0.0405  0.100
 8775  8.015  -22.53  0.08000  0.0405  0.105
 8776  8.015  -22.42  0.08000  0.0405  0.105
 8777  8.015  -22.32  0.08000  0.0405  0.100
 8778  8.015  -22.22  0.08000  0.0405  0.100
 8779  8.015  -22.12  0.08000  0.0405  0.100
 8780  8.015  -22.02  0.08000  0.0405  0.100
 8781  8.015  -21.92  0.08000  0.0405  0.100
 8782  8.015  -21.82  0.08000  0.0405  0.100
 8783  8.015  -21.72  0.08000  0.0405  0.100
 8784  8.015  -21.62  0.08000  0.0405  0.100
 8785  8.015  -21.52  0.08000  0.0405  0.105
 8786  8.015  -21.41  0.08000  0.0405  0.105
 8787  8.015  -21.31  0.08000  0.0405  0.100
 8788  8.015  -21.21  0.08000  0.0405  0.100
 8789  8.015  -21.11  0.08000  0.0405  0.100
 8790  8.015  -21.01  0.08000  0.0405  0.100
 8791  8.015  -20.91  0.08000  0.0405  0.100
 8792  8.015  -20.81  0.08000  0.0405  0.100
 8793  8.015  -20.71  0.08000  0.0405  0.100
 8794  8.015  -20.61  0.08000  0.0405  0.100
 8795  8.015  -20.51  0.08000  0.0405  0.105
 8796  8.015  -20.40  0.08000  0.0405  0.105
 8797  8.015  -20.30  0.08000  0.0405  0.100
 8798  8.015  -20.20  0.08000  0.0405  0.100
 8799  8.015  -20.10  0.08000  0.0405  0.100
 8800  8.015  -20.00  0.08000  0.0405  0.100
 8801  8.056  -30.00  0.08000  0.0405  0.100
 8802  8.056  -29.90  0.08000  0.0405  0.100
 8803  8.056  -29.80  0.08000  0.0405  0.100
 8804  8.056  -29.70  0.08000  0.0405  0.100
 8805  8.056  -29.60  0.08000  0.0405  0.105
 8806  8.056  -29.49  0.08000  0.0405  0.105
 8807  8.056  -29.39  0.08000  0.0405  0.100
 8808  8.056  -29.29  0.08000  0.0405  0.100
 8809  8.056  -29.19  0.08000  0.0405  0.100
 8810  8.056  -29.09  0.08000  0.0405  0.100
 8811  8.056  -28.99  0.08000  0.0405  0.100
 8812  8.056  -28.89  0.08000  0.0405  0.100
 8813  8.056  -28.79  0.08000  0.0405  0.100
 8814  8.056  -28.69  0.08000  0.0405  0.100
 8815  8.056  -28.59  0.08000  0.0405  0.105
 8816  8.056  -28.48  0.08000  0.0405  0.105
 8817  8.056  -28.38  0.08000  0.0405  0.100
 8818  8.056  -28.28  0.08000  0.0405  0.100
 8819  8.056  -28.18  0.08000  0.0405  0.100
 8820  8.056  -28.08  0.08000  0.0405  0.100
 8821  8.056  -27.98  0.08000  0.0405  0.100
 8822  8.056  -27.88  0.08000  0.0405  0.100
 8823  8.056  -27.78  0.08000  0.0405  0.100
 8824  8.056  -27.68  0.08000  0.0405  0.100
 8825  8.056  -27.58  0.08000  0.0405  0.105
 8826  8.056  -27.47  0.08000  0.0405  0.105
 8827  8.056  -27.37  0.08000  0.0405  0.100
 8828  8.056  -27.27  0.08000  0.0405  0.100
 8829  8.056  -27.17  0.08000  0.0405  0.100
 8830  8.056  -27.07  0.08000  0.0405  0.100
 8831  8.056  -26.97  0.08000  0.0405  0.100
 8832  8.056  -26.87  0.08000  0.0405  0.100
 8833  8.056  -26.77  0.08000  0.0405  0.100
 8834  8.056  -26.67  0.08000  0.0405  0.100
 8835  8.056  -26.57  0.08000  0.0405  0.105
 8836  8.056  -26.46  0.08000  0.0405  0.105
 8837  8.056  -26.36  0.08000  0.0405  0.100
 8838  8.056  -26.26  0.08000  0.0405  0.100
 8839  8.056  -26.16  0.08000  0.0405  0.100
 8840  8.056  -26.06  0.08000  0.0405  0.100
 8841  8.056  -25.96  0.08000  0.0405  0.100
 8842  8.056  -25.86  0.08000  0.0405  0.100
 8843  8.056  -25.76  0.08000  0.0405  0.100
 8844  8.056  -25.66  0.08000  0.0405  0.100
 8845  8.056  -25.56  0.08000  0.0405  0.105
 8846  8.056  -25.45  0.08000  0.0405  0.105
 8847  8.056  -25.35  0.08000  0.0405  0.100
 8848  8.056  -25.25  0.08000  0.0405  0.100
 8849  8.056  -25.15  0.08000  0.0405  0.100
 8850  8.056  -25.05  0.08000  0.0405  0.100
 8851  8.056  -24.95  0.08000  0.0405  0.100
 8852  8.056  -24.85  0.08000  0.0405  0.100
 8853  8.056  -24.75  0.08000  0.0405  0.100
 8854  8.056  -24.65  0.08000  0.0405  0.100
 8855  8.056  -24.55  0.08000  0.0405  0.105
 8856  8.056  -24.44  0.08000  0.0405  0.105
 8857  8.056  -24.34  0.08000  0.0405  0.100
 8858  8.056  -24.24  0.08000  0.0405  0.100
 8859  8.056  -24.14  0.08000  0.0405  0.100
 8860  8.056  -24.04  0.08000  0.0405  0.100
 8861  8.056  -23.94  0.08000  0.0405  0.100
 8862  8.056  -23.84  0.08000  0.0405  0.100
 8863  8.056  -23.74  0.08000  0.0405  0.100
 8864  8.056  -23.64  0.08000  0.0405  0.100
 8865  8.056  -23.54  0.08000  0.0405  0.105
 8866  8.056  -23.43  0.08000  0.0405  0.105
 8867  8.056  -23.33  0.08000  0.0405  0.100
 8868  8.056  -23.23  0.08000  0.0405  0.100
 8869  8.056  -23.13  0.08000  0.0405  0.100
 8870  8.056  -23.03  0.08000  0.0405  0.100
 8871  8.056  -22.93  0.08000  0.0405  0.100
 8872  8.056  -22.83  0.08000  0.0405  0.100
 8873  8.056  -22.73  0.08000  0.0405  0.100
 8874  8.056  -22.63  0.08000  0.0405  0.100
 8875  8.056  -22.53  0.08000  0.0405  0.105
 8876  8.056  -22.42  0.08000  0.0405  0.105
 8877  8.056  -22.32  0.08000  0.0405  0.100
 8878  8.056  -22.22  0.08000  0.0405  0.100
 8879  8.056  -22.12  0.08000  0.0405  0.100
 8880  8.056  -22.02  0.08000  0.0405  0.100
 8881  8.056  -21.92  0.08000  0.0405  0.100
 8882  8.056  -21.82  0.08000  0.0405  0.100
 8883  8.056  -21.72  0.08000  0.0405  0.100
 8884  8.056  -21.62  0.08000  0.0405  0.100
 8885  8.056  -21.52  0.08000  0.0405  0.105
 8886  8.056  -21.41  0.08000  0.0405  0.105
 8887  8.056  -21.31  0.08000  0.0405  0.100
 8888  8.056  -21.21  0.08000  0.0405  0.100
 8889  8.056  -21.11  0.08000  0.0405  0.100
 8890  8.056  -21.01  0.08000  0.0405  0.100
 8891  8.056  -20.91  0.08000  0.0405  0.100
 8892  8.056  -20.81  0.08000  0.0405  0.100
 8893  8.056  -20.71  0.08000  0.0405  0.100
 8894  8.056  -20.61  0.08000  0.0405  0.100
 8895  8.056  -20.51  0.08000  0.0405  0.105
 8896  8.056  -20.40  0.08000  0.0405  0.105
 8897  8.056  -20.30  0.08000  0.0405  0.100
 8898  8.056  -20.20  0.08000  0.0405  0.100
 8899  8.056  -20.10  0.08000  0.0405  0.100
 8900  8.056  -20.00  0.08000  0.0405  0.100
 8901  8.096  -30.00  0.08000  0.0400  0.100
 8902  8.096  -29.90  0.08000  0.0400  0.100
 8903  8.096  -29.80  0.08000  0.0400  0.100
 8904  8.096  -29.70  0.08000  0.0400  0.100
 8905  8.096  -29.60  0.08000  0.0400  0.105
 8906  8.096  -29.49  0.08000  0.0400  0.105
 8907  8.096  -29.39  0.08000  0.0400  0.100
 8908  8.096  -29.29  0.08000  0.0400  0.100
 8909  8.096  -29.19  0.08000  0.0400  0.100
 8910  8.096  -29.09  0.08000  0.0400  0.100
 8911  8.096  -28.99  0.08000  0.0400  0.100
 8912  8.096  -28.89  0.08000  0.0400  0.100
 8913  8.096  -28.79  0.08000  0.0400  0.100
 8914  8.096  -28.69  0.08000  0.0400  0.100
 8915  8.096  -28.59  0.08000  0.0400  0.105
 8916  8.096  -28.48  0.08000  0.0400  0.105
 8917  8.096  -28.38  0.08000  0.0400  0.100
 8918  8.096  -28.28  0.08000  0.0400  0.100
 8919  8.096  -28.18  0.08000  0.0400  0.100
 8920  8.096  -28.08  0.08000  0.0400  0.100
 8921  8.096  -27.98  0.08000  0.0400  0.100
 8922  8.096  -27.88  0.08000  0.0400  0.100
 8923  8.096  -27.78  0.08000  0.0400  0.100
 8924  8.096  -27.68  0.08000  0.0400  0.100
 8925  8.096  -27.58  0.08000  0.0400  0.105
 8926  8.096  -27.47  0.08000  0.0400  0.105
 8927  8.096  -27.37  0.08000  0.0400  0.100
 8928  8.096  -27.27  0.08000  0.0400  0.100
 8929  8.096  -27.17  0.08000  0.0400  0.100
 8930  8.096  -27.07  0.08000  0.0400  0.100
 8931  8.096  -26.97  0.08000  0.0400  0.100
 8932  8.096  -26.87  0.08000  0.0400  0.100
 8933  8.096  -26.77  0.08000  0.0400  0.100
 8934  8.096  -26.67  0.08000  0.0400  0.100
 8935  8.096  -26.57  0.08000  0.0400  0.105
 8936  8.096  -26.46  0.08000  0.0400  0.105
 8937  8.096  -26.36  0.08000  0.0400  0.100
 8938  8.096  -26.26  0.08000  0.0400  0.100
 8939  8.096  -26.16  0.08000  0.0400  0.100
 8940  8.096  -26.06  0.08000  0.0400  0.100
 8941  8.096  -25.96  0.08000  0.0400  0.100
 8942  8.096  -25.86  0.08000  0.0400  0.100
 8943  8.096  -25.76  0.08000  0.0400  0.100
 8944  8.096  -25.66  0.08000  0.0400  0.100
 8945  8.096  -25.56  0.08000  0.0400  0.105
 8946  8.096  -25.45  0.08000  0.0400  0.105
 8947  8.096  -25.35  0.08000  0.0400  0.100
 8948  8.096  -25.25  0.08000  0.0400  0.100
 8949  8.096  -25.15  0.08000  0.0400  0.100
 8950  8.096  -25.05  0.08000  0.0400  0.100
 8951  8.096  -24.95  0.08000  0.0400  0.100
 8952  8.096  -24.85  0.08000  0.0400  0.100
 8953  8.096  -24.75  0.08000  0.0400  0.100
 8954  8.096  -24.65  0.08000  0.0400  0.100
 8955  8.096  -24.55  0.08000  0.0400  0.105
 8956  8.096  -24.44  0.08000  0.0400  0.105
 8957  8.096  -24.34  0.08000  0.0400  0.100
 8958  8.096  -24.24  0.08000  0.0400  0.100
 8959  8.096  -24.14  0.08000  0.0400  0.100
 8960  8.096  -24.04  0.08000  0.0400  0.100
 8961  8.096  -23.94  0.08000  0.0400  0.100
 8962  8.096  -23.84  0.08000  0.0400  0.100
 8963  8.096  -23.74  0.08000  0.0400  0.100
 8964  8.096  -23.64  0.08000  0.0400  0.100
 8965  8.096  -23.54  0.08000  0.0400  0.105
 8966  8.096  -23.43  0.08000  0.0400  0.105
 8967  8.096  -23.33  0.08000  0.0400  0.100
 8968  8.096  -23.23  0.08000  0.0400  0.100
 8969  8.096  -23.13  0.08000  0.0400  0.100
 8970  8.096  -23.03  0.08000  0.0400  0.100
 8971  8.096  -22.93  0.08000  0.0400  0.100
 8972  8.096  -22.83  0.08000  0.0400  0.100
 8973  8.096  -22.73  0.08000  0.0400  0.100
 8974  8.096  -22.63  0.08000  0.0400  0.100
 8975  8.096  -22.53  0.08000  0.0400  0.105
 8976  8.096  -22.42  0.08000  0.0400  0.105
 8977  8.096  -22.32  0.08000  0.0400  0.100
 8978  8.096  -22.22  0.08000  0.0400  0.100
 8979  8.096  -22.12  0.08000  0.0400  0.100
 8980  8.096  -22.02  0.08000  0.0400  0.100
 8981  8.096  -21.92  0.08000  0.0400  0.100
 8982  8.096  -21.82  0.08000  0.0400  0.100
 8983  8.096  -21.72  0.08000  0.0400  0.100
 8984  8.096  -21.62  0.08000  0.0400  0.100
 8985  8.096  -21.52  0.08000  0.0400  0.105
 8986  8.096  -21.41  0.08000  0.0400  0.105
 8987  8.096  -21.31  0.08000  0.0400  0.100
 8988  8.096  -21.21  0.08000  0.0400  0.100
 8989  8.096  -21.11  0.08000  0.0400  0.100
 8990  8.096  -21.01  0.08000  0.0400  0.100
 8991  8.096  -20.91  0.08000  0.0400  0.100
 8992  8.096  -20.81  0.08000  0.0400  0.100
 8993  8.096  -20.71  0.08000  0.0400  0.100
 8994  8.096  -20.61  0.08000  0.0400  0.100
 8995  8.096  -20.51  0.08000  0.0400  0.105
 8996  8.096  -20.40  0.08000  0.0400  0.105
 8997  8.096  -20.30  0.08000  0.0400  0.100
 8998  8.096  -20.20  0.08000  0.0400  0.100
 8999  8.096  -20.10  0.08000  0.0400  0.100
 9000  8.096  -20.00  0.08000  0.0400  0.100
 9001  8.136  -30.00  0.08000  0.0405  0.100
 9002  8.136  -29.90  0.08000  0.0405  0.100
 9003  8.136  -29.80  0.08000  0.0405  0.100
 9004  8.136  -29.70  0.08000  0.0405  0.100
 9005  8.136  -29.60  0.08000  0.0405  0.105
 9006  8.136  -29.49  0.08000  0.0405  0.105
 9007  8.136  -29.39  0.08000  0.0405  0.100
 9008  8.136  -29.29  0.08000  0.0405  0.100
 9009  8.136  -29.19  0.08000  0.0405  0.100
 9010  8.136  -29.09  0.08000  0.0405  0.100
 9011  8.136  -28.99  0.08000  0.0405  0.100
 9012  8.136  -28.89  0.08000  0.0405  0.100
 9013  8.136  -28.79  0.08000  0.0405  0.100
 9014  8.136  -28.69  0.08000  0.0405  0.100
 9015  8.136  -28.59  0.08000  0.0405  0.105
 9016  8.136  -28.48  0.08000  0.0405  0.105
 9017  8.136  -28.38  0.08000  0.0405  0.100
 9018  8.136  -28.28  0.08000  0.0405  0.100
 9019  8.136  -28.18  0.08000  0.0405  0.100
 9020  8.136  -28.08  0.08000  0.0405  0.100
 9021  8.136  -27.98  0.08000  0.0405  0.100
 9022  8.136  -27.88  0.08000  0.0405  0.100
 9023  8.136  -27.78  0.08000  0.0405  0.100
 9024  8.136  -27.68  0.08000  0.0405  0.100
 9025  8.136  -27.58  0.08000  0.0405  0.105
 9026  8.136  -27.47  0.08000  0.0405  0.105
 9027  8.136  -27.37  0.08000  0.0405  0.100
 9028  8.136  -27.27  0.08000  0.0405  0.100
 9029  8.136  -27.17  0.08000  0.0405  0.100
 9030  8.136  -27.07  0.08000  0.0405  0.100
 9031  8.136  -26.97  0.08000  0.0405  0.100
 9032  8.136  -26.87  0.08000  0.0405  0.100
 9033  8.136  -26.77  0.08000  0.0405  0.100
 9034  8.136  -26.67  0.08000  0.0405  0.100
 9035  8.136  -26.57  0.08000  0.0405  0.105
 9036  8.136  -26.46  0.08000  0.0405  0.105
 9037  8.136  -26.36  0.08000  0.0405  0.100
 9038  8.136  -26.26  0.08000  0.0405  0.100
 9039  8.136  -26.16  0.08000  0.0405  0.100
 9040  8.136  -26.06  0.08000  0.0405  0.100
 9041  8.136  -25.96  0.08000  0.0405  0.100
 9042  8.136  -25.86  0.08000  0.0405  0.100
 9043  8.136  -25.76  0.08000  0.0405  0.100
 9044  8.136  -25.66  0.08000  0.0405  0.100
 9045  8.136  -25.56  0.08000  0.0405  0.105
 9046  8.136  -25.45  0.08000  0.0405  0.105
 9047  8.136  -25.35  0.08000  0.0405  0.100
 9048  8.136  -25.25  0.08000  0.0405  0.100
 9049  8.136  -25.15  0.08000  0.0405  0.100
 9050  8.136  -25.05  0.08000  0.0405  0.100
 9051  8.136  -24.95  0.08000  0.0405  0.100
 9052  8.136  -24.85  0.08000  0.0405  0.100
 9053  8.136  -24.75  0.08000  0.0405  0.100
 9054  8.136  -24.65  0.08000  0.0405  0.100
 9055  8.136  -24.55  0.08000  0.0405  0.105
 9056  8.136  -24.44  0.08000  0.0405  0.105
 9057  8.136  -24.34  0.08000  0.0405  0.100
 9058  8.136  -24.24  0.08000  0.0405  0.100
 9059  8.136  -24.14  0.08000  0.0405  0.100
 9060  8.136  -24.04  0.08000  0.0405  0.100
 9061  8.136  -23.94  0.08000  0.0405  0.100
 9062  8.136  -23.84  0.08000  0.0405  0.100
 9063  8.136  -23.74  0.08000  0.0405  0.100
 9064  8.136  -23.64  0.08000  0.0405  0.100
 9065  8.136  -23.54  0.08000  0.0405  0.105
 9066  8.136  -23.43  0.08000  0.0405  0.105
 9067  8.136  -23.33  0.08000  0.0405  0.100
 9068  8.136  -23.23  0.08000  0.0405  0.100
 9069  8.136  -23.13  0.08000  0.0405  0.100
 9070  8.136  -23.03  0.08000  0.0405  0.100
 9071  8.136  -22.93  0.08000  0.0405  0.100
 9072  8.136  -22.83  0.08000  0.0405  0.100
 9073  8.136  -22.73  0.08000  0.0405  0.100
 9074  8.136  -22.63  0.08000  0.0405  0.100
 9075  8.136  -22.53  0.08000  0.0405  0.105
 9076  8.136  -22.42  0.08000  0.0405  0.105
 9077  8.136  -22.32  0.08000  0.0405  0.100
 9078  8.136  -22.22  0.08000  0.0405  0.100
 9079  8.136  -22.12  0.08000  0.0405  0.100
 9080  8.136  -22.02  0.08000  0.0405  0.100
 9081  8.136  -21.92  0.08000  0.0405  0.100
 9082  8.136  -21.82  0.08000  0.0405  0.100
 9083  8.136  -21.72  0.08000  0.0405  0.100
 9084  8.136  -21.62  0.08000  0.0405  0.100
 9085  8.136  -21.52  0.08000  0.0405  0.105
 9086  8.136  -21.41  0.08000  0.0405  0.105
 9087  8.136  -21.31  0.08000  0.0405  0.100
 9088  8.136  -21.21  0.08000  0.0405  0.100
 9089  8.136  -21.11  0.08000  0.0405  0.100
 9090  8.136  -21.01  0.08000  0.0405  0.100
 9091  8.136  -20.91  0.08000  0.0405  0.100
 9092  8.136  -20.81  0.08000  0.0405  0.100
 9093  8.136  -20.71  0.08000  0.0405  0.100
 9094  8.136  -20.61  0.08000  0.0405  0.100
 9095  8.136  -20.51  0.08000  0.0405  0.105
 9096  8.136  -20.40  0.08000  0.0405  0.105
 9097  8.136  -20.30  0.08000  0.0405  0.100
 9098  8.136  -20.20  0.08000  0.0405  0.100
 9099  8.136  -20.10  0.08000  0.0405  0.100
 9100  8.136  -20.00  0.08000  0.0405  0.100
 9101  8.177  -30.00  0.08000  0.0405  0.100
 9102  8.177  -29.90  0.08000  0.0405  0.100
 9103  8.177  -29.80  0.08000  0.0405  0.100
 9104  8.177  -29.70  0.08000  0.0405  0.100
 9105  8.177  -29.60  0.08000  0.0405  0.105
 9106  8.177  -29.49  0.08000  0.0405  0.105
 9107  8.177  -29.39  0.08000  0.0405  0.100
 9108  8.177  -29.29  0.08000  0.0405  0.100
 9109  8.177  -29.19  0.08000  0.0405  0.100
 9110  8.177  -29.09  0.08000  0.0405  0.100
 9111  8.177  -28.99  0.08000  0.0405  0.100
 9112  8.177  -28.89  0.08000  0.0405  0.100
 9113  8.177  -28.79  0.08000  0.0405  0.100
 9114  8.177  -28.69  0.08000  0.0405  0.100
 9115  8.177  -28.59  0.08000  0.0405  0.105
 9116  8.177  -28.48  0.08000  0.0405  0.105
 9117  8.177  -28.38  0.08000  0.0405  0.100
 9118  8.177  -28.28  0.08000  0.0405  0.100
 9119  8.177  -28.18  0.08000  0.0405  0.100
 9120  8.177  -28.08  0.08000  0.0405  0.100
 9121  8.177  -27.98  0.08000  0.0405  0.100
 9122  8.177  -27.88  0.08000  0.0405  0.100
 9123  8.177  -27.78  0.08000  0.0405  0.100
 9124  8.177  -27.68  0.08000  0.0405  0.100
 9125  8.177  -27.58  0.08000  0.0405  0.105
 9126  8.177  -27.47  0.08000  0.0405  0.105
 9127  8.177  -27.37  0.08000  0.0405  0.100
 9128  8.177  -27.27  0.08000  0.0405  0.100
 9129  8.177  -27.17  0.08000  0.0405  0.100
 9130  8.177  -27.07  0.08000  0.0405  0.100
 9131  8.177  -26.97  0.08000  0.0405  0.100
 9132  8.177  -26.87  0.08000  0.0405  0.100
 9133  8.177  -26.77  0.08000  0.0405  0.100
 9134  8.177  -26.67  0.08000  0.0405  0.100
 9135  8.177  -26.57  0.08000  0.0405  0.105
 9136  8.177  -26.46  0.08000  0.0405  0.105
 9137  8.177  -26.36  0.08000  0.0405  0.100
 9138  8.177  -26.26  0.08000  0.0405  0.100
 9139  8.177  -26.16  0.08000  0.0405  0.100
 9140  8.177  -26.06  0.08000  0.0405  0.100
 9141  8.177  -25.96  0.08000  0.0405  0.100
 9142  8.177  -25.86  0.08000  0.0405  0.100
 9143  8.177  -25.76  0.08000  0.0405  0.100
 9144  8.177  -25.66  0.08000  0.0405  0.100
 9145  8.177  -25.56  0.08000  0.0405  0.105
 9146  8.177  -25.45  0.08000  0.0405  0.105
 9147  8.177  -25.35  0.08000  0.0405  0.100
 9148  8.177  -25.25  0.08000  0.0405  0.100
 9149  8.177  -25.15  0.08000  0.0405  0.100
 9150  8.177  -25.05  0.08000  0.0405  0.100
 9151  8.177  -24.95  0.08000  0.0405  0.100
 9152  8.177  -24.85  0.08000  0.0405  0.100
 9153  8.177  -24.75  0.08000  0.0405  0.100
 9154  8.177  -24.65  0.08000  0.0405  0.100
 9155  8.177  -24.55  0.08000  0.0405  0.105
 9156  8.177  -24.44  0.08000  0.0405  0.105
 9157  8.177  -24.34  0.08000  0.0405  0.100
 9158  8.177  -24.24  0.08000  0.0405  0.100
 9159  8.177  -24.14  0.08000  0.0405  0.100
 9160  8.177  -24.04  0.08000  0.0405  0.100
 9161  8.177  -23.94  0.08000  0.0405  0.100
 9162  8.177  -23.84  0.08000  0.0405  0.100
 9163  8.177  -23.74  0.08000  0.0405  0.100
 9164  8.177  -23.64  0.08000  0.0405  0.100
 9165  8.177  -23.54  0.08000  0.0405  0.105
 9166  8.177  -23.43  0.08000  0.0405  0.105
 9167  8.177  -23.33  0.08000  0.0405  0.100
 9168  8.177  -23.23  0.08000  0.0405  0.100
 9169  8.177  -23.13  0.08000  0.0405  0.100
 9170  8.177  -23.03  0.08000  0.0405  0.100
 9171  8.177  -22.93  0.08000  0.0405  0.100
 9172  8.177  -22.83  0.08000  0.0405  0.100
 9173  8.177  -22.73  0.08000  0.0405  0.100
 9174  8.177  -22.63  0.08000  0.0405  0.100
 9175  8.177  -22.53  0.08000  0.0405  0.105
 9176  8.177  -22.42  0.08000  0.0405  0.105
 9177  8.177  -22.32  0.08000  0.0405  0.100
 9178  8.177  -22.22  0.08000  0.0405  0.100
 9179  8.177  -22.12  0.08000  0.0405  0.100
 9180  8.177  -22.02  0.08000  0.0405  0.100
 9181  8.177  -21.92  0.08000  0.0405  0.100
 9182  8.177  -21.82  0.08000  0.0405  0.100
 9183  8.177  -21.72  0.08000  0.0405  0.100
 9184  8.177  -21.62  0.08000  0.0405  0.100
 9185  8.177  -21.52  0.08000  0.0405  0.105
 9186  8.177  -21.41  0.08000  0.0405  0.105
 9187  8.177  -21.31  0.08000  0.0405  0.100
 9188  8.177  -21.21  0.08000  0.0405  0.100
 9189  8.177  -21.11  0.08000  0.0405  0.100
 9190  8.177  -21.01  0.08000  0.0405  0.100
 9191  8.177  -20.91  0.08000  0.0405  0.100
 9192  8.177  -20.81  0.08000  0.0405  0.100
 9193  8.177  -20.71  0.08000  0.0405  0.100
 9194  8.177  -20.61  0.08000  0.0405  0.100
 9195  8.177  -20.51  0.08000  0.0405  0.105
 9196  8.177  -20.40  0.08000  0.0405  0.105
 9197  8.177  -20.30  0.08000  0.0405  0.100
 9198  8.177  -20.20  0.08000  0.0405  0.100
 9199  8.177  -20.10  0.08000  0.0405  0.100
 9200  8.177  -20.00  0.08000  0.0405  0.100
 9201  8.217  -30.00  0.08000  0.0405  0.100
 9202  8.217  -29.90  0.08000  0.0405  0.100
 9203  8.217  -29.80  0.08000  0.0405  0.100
 9204  8.217  -29.70  0.08000  0.0405  0.100
 9205  8.217  -29.60  0.08000  0.0405  0.105
 9206  8.217  -29.49  0.08000  0.0405  0.105
 9207  8.217  -29.39  0.08000  0.0405  0.100
 9208  8.217  -29.29  0.08000  0.0405  0.100
 9209  8.217  -29.19  0.08000  0.0405  0.100
 9210  8.217  -29.09  0.08000  0.0405  0.100
 9211  8.217  -28.99  0.08000  0.0405  0.100
 9212  8.217  -28.89  0.08000  0.0405  0.100
 9213  8.217  -28.79  0.08000  0.0405  0.100
 9214  8.217  -28.69  0.08000  0.0405  0.100
 9215  8.217  -28.59  0.08000  0.0405  0.105
 9216  8.217  -28.48  0.08000  0.0405  0.105
 9217  8.217  -28.38  0.08000  0.0405  0.100
 9218  8.217  -28.28  0.08000  0.0405  0.100
 9219  8.217  -28.18  0.08000  0.0405  0.100
 9220  8.217  -28.08  0.08000  0.0405  0.100
 9221  8.217  -27.98  0.08000  0.0405  0.100
 9222  8.217  -27.88  0.08000  0.0405  0.100
 9223  8.217  -27.78  0.08000  0.0405  0.100
 9224  8.217  -27.68  0.08000  0.0405  0.100
 9225  8.217  -27.58  0.08000  0.0405  0.105
 9226  8.217  -27.47  0.08000  0.0405  0.105
 9227  8.217  -27.37  0.08000  0.0405  0.100
 9228  8.217  -27.27  0.08000  0.0405  0.100
 9229  8.217  -27.17  0.08000  0.0405  0.100
 9230  8.217  -27.07  0.08000  0.0405  0.100
 9231  8.217  -26.97  0.08000  0.0405  0.100
 9232  8.217  -26.87  0.08000  0.0405  0.100
 9233  8.217  -26.77  0.08000  0.0405  0.100
 9234  8.217  -26.67  0.08000  0.0405  0.100
 9235  8.217  -26.57  0.08000  0.0405  0.105
 9236  8.217  -26.46  0.08000  0.0405  0.105
 9237  8.217  -26.36  0.08000  0.0405  0.100
 9238  8.217  -26.26  0.08000  0.0405  0.100
 9239  8.217  -26.16  0.08000  0.0405  0.100
 9240  8.217  -26.06  0.08000  0.0405  0.100
 9241  8.217  -25.96  0.08000  0.0405  0.100
 9242  8.217  -25.86  0.08000  0.0405  0.100
 9243  8.217  -25.76  0.08000  0.0405  0.100
 9244  8.217  -25.66  0.08000  0.0405  0.100
 9245  8.217  -25.56  0.08000  0.0405  0.105
 9246  8.217  -25.45  0.08000  0.0405  0.105
 9247  8.217  -25.35  0.08000  0.0405  0.100
 9248  8.217  -25.25  0.08000  0.0405  0.100
 9249  8.217  -25.15  0.08000  0.0405  0.100
 9250  8.217  -25.05  0.08000  0.0405  0.100
 9251  8.217  -24.95  0.08000  0.0405  0.100
 9252  8.217  -24.85  0.08000  0.0405  0.100
 9253  8.217  -24.75  0.08000  0.0405  0.100
 9254  8.217  -24.65  0.08000  0.0405  0.100
 9255  8.217  -24.55  0.08000  0.0405  0.105
 9256  8.217  -24.44  0.08000  0.0405  0.105
 9257  8.217  -24.34  0.08000  0.0405  0.100
 9258  8.217  -24.24  0.08000  0.0405  0.100
 9259  8.217  -24.14  0.08000  0.0405  0.100
 9260  8.217  -24.04  0.08000  0.0405  0.100
 9261  8.217  -23.94  0.08000  0.0405  0.100
 9262  8.217  -23.84  0.08000  0.0405  0.100
 9263  8.217  -23.74  0.08000  0.0405  0.100
 9264  8.217  -23.64  0.08000  0.0405  0.100
 9265  8.217  -23.54  0.08000  0.0405  0.105
 9266  8.217  -23.43  0.08000  0.0405  0.105
 9267  8.217  -23.33  0.08000  0.0405  0.100
 9268  8.217  -23.23  0.08000  0.0405  0.100
 9269  8.217  -23.13  0.08000  0.0405  0.100
 9270  8.217  -23.03  0.08000  0.0405  0.100
 9271  8.217  -22.93  0.08000  0.0405  0.100
 9272  8.217  -22.83  0.08000  0.0405  0.100
 9273  8.217  -22.73  0.08000  0.0405  0.100
 9274  8.217  -22.63  0.08000  0.0405  0.100
 9275  8.217  -22.53  0.08000  0.0405  0.105
 9276  8.217  -22.42  0.08000  0.0405  0.105
 9277  8.217  -22.32  0.08000  0.0405  0.100
 9278  8.217  -22.22  0.08000  0.0405  0.100
 9279  8.217  -22.12  0.08000  0.0405  0.100
 9280  8.217  -22.02  0.08000  0.0405  0.100
 9281  8.217  -21.92  0.08000  0.0405  0.100
 9282  8.217  -21.82  0.08000  0.0405  0.100
 9283  8.217  -21.72  0.08000  0.0405  0.100
 9284  8.217  -21.62  0.08000  0.0405  0.100
 9285  8.217  -21.52  0.08000  0.0405  0.105
 9286  8.217  -21.41  0.08000  0.0405  0.105
 9287  8.217  -21.31  0.08000  0.0405  0.100
 9288  8.217  -21.21  0.08000  0.0405  0.100
 9289  8.217  -21.11  0.08000  0.0405  0.100
 9290  8.217  -21.01  0.08000  0.0405  0.100
 9291  8.217  -20.91  0.08000  0.0405  0.100
 9292  8.217  -20.81  0.08000  0.0405  0.100
 9293  8.217  -20.71  0.08000  0.0405  0.100
 9294  8.217  -20.61  0.08000  0.0405  0.100
 9295  8.217  -20.51  0.08000  0.0405  0.105
 9296  8.217  -20.40  0.08000  0.0405  0.105
 9297  8.217  -20.30  0.08000  0.0405  0.100
 9298  8.217  -20.20  0.08000  0.0405  0.100
 9299  8.217  -20.10  0.08000  0.0405  0.100
 9300  8.217  -20.00  0.08000  0.0405  0.100
 9301  8.258  -30.00  0.08000  0.0405  0.100
 9302  8.258  -29.90  0.08000  0.0405  0.100
 9303  8.258  -29.80  0.08000  0.0405  0.100
 9304  8.258  -29.70  0.08000  0.0405  0.100
 9305  8.258  -29.60  0.08000  0.0405  0.105
 9306  8.258  -29.49  0.08000  0.0405  0.105
 9307  8.258  -29.39  0.08000  0.0405  0.100
 9308  8.258  -29.29  0.08000  0.0405  0.100
 9309  8.258  -29.19  0.08000  0.0405  0.100
 9310  8.258  -29.09  0.08000  0.0405  0.100
 9311  8.258  -28.99  0.08000  0.0405  0.100
 9312  8.258  -28.89  0.08000  0.0405  0.100
 9313  8.258  -28.79  0.08000  0.0405  0.100
 9314  8.258  -28.69  0.08000  0.0405  0.100
 9315  8.258  -28.59  0.08000  0.0405  0.105
 9316  8.258  -28.48  0.08000  0.0405  0.105
 9317  8.258  -28.38  0.08000  0.0405  0.100
 9318  8.258  -28.28  0.08000  0.0405  0.100
 9319  8.258  -28.18  0.08000  0.0405  0.100
 9320  8.258  -28.08  0.08000  0.0405  0.100
 9321  8.258  -27.98  0.08000  0.0405  0.100
 9322  8.258  -27.88  0.08000  0.0405  0.100
 9323  8.258  -27.78  0.08000  0.0405  0.100
 9324  8.258  -27.68  0.08000  0.0405  0.100
 9325  8.258  -27.58  0.08000  0.0405  0.105
 9326  8.258  -27.47  0.08000  0.0405  0.105
 9327  8.258  -27.37  0.08000  0.0405  0.100
 9328  8.258  -27.27  0.08000  0.0405  0.100
 9329  8.258  -27.17  0.08000  0.0405  0.100
 9330  8.258  -27.07  0.08000  0.0405  0.100
 9331  8.258  -26.97  0.08000  0.0405  0.100
 9332  8.258  -26.87  0.08000  0.0405  0.100
 9333  8.258  -26.77  0.08000  0.0405  0.100
 9334  8.258  -26.67  0.08000  0.0405  0.100
 9335  8.258  -26.57  0.08000  0.0405  0.105
 9336  8.258  -26.46  0.08000  0.0405  0.105
 9337  8.258  -26.36  0.08000  0.0405  0.100
 9338  8.258  -26.26  0.08000  0.0405  0.100
 9339  8.258  -26.16  0.08000  0.0405  0.100
 9340  8.258  -26.06  0.08000  0.0405  0.100
 9341  8.258  -25.96  0.08000  0.0405  0.100
 9342  8.258  -25.86  0.08000  0.0405  0.100
 9343  8.258  -25.76  0.08000  0.0405  0.100
 9344  8.258  -25.66  0.08000  0.0405  0.100
 9345  8.258  -25.56  0.08000  0.0405  0.105
 9346  8.258  -25.45  0.08000  0.0405  0.105
 9347  8.258  -25.35  0.08000  0.0405  0.100
 9348  8.258  -25.25  0.08000  0.0405  0.100
 9349  8.258  -25.15  0.08000  0.0405  0.100
 9350  8.258  -25.05  0.08000  0.0405  0.100
 9351  8.258  -24.95  0.08000  0.0405  0.100
 9352  8.258  -24.85  0.08000  0.0405  0.100
 9353  8.258  -24.75  0.08000  0.0405  0.100
 9354  8.258  -24.65  0.08000  0.0405  0.100
 9355  8.258  -24.55  0.08000  0.0405  0.105
 9356  8.258  -24.44  0.08000  0.0405  0.105
 9357  8.258  -24.34  0.08000  0.0405  0.100
 9358  8.258  -24.24  0.08000  0.0405  0.100
 9359  8.258  -24.14  0.08000  0.0405  0.100
 9360  8.258  -24.04  0.08000  0.0405  0.100
 9361  8.258  -23.94  0.08000  0.0405  0.100
 9362  8.258  -23.84  0.08000  0.0405  0.100
 9363  8.258  -23.74  0.08000  0.0405  0.100
 9364  8.258  -23.64  0.08000  0.0405  0.100
 9365  8.258  -23.54  0.08000  0.0405  0.105
 9366  8.258  -23.43  0.08000  0.0405  0.105
 9367  8.258  -23.33  0.08000  0.0405  0.100
 9368  8.258  -23.23  0.08000  0.0405  0.100
 9369  8.258  -23.13  0.08000  0.0405  0.100
 9370  8.258  -23.03  0.08000  0.0405  0.100
 9371  8.258  -22.93  0.08000  0.0405  0.100
 9372  8.258  -22.83  0.08000  0.0405  0.100
 9373  8.258  -22.73  0.08000  0.0405  0.100
 9374  8.258  -22.63  0.08000  0.0405  0.100
 9375  8.258  -22.53  0.08000  0.0405  0.105
 9376  8.258  -22.42  0.08000  0.0405  0.105
 9377  8.258  -22.32  0.08000  0.0405  0.100
 9378  8.258  -22.22  0.08000  0.0405  0.100
 9379  8.258  -22.12  0.08000  0.0405  0.100
 9380  8.258  -22.02  0.08000  0.0405  0.100
 9381  8.258  -21.92  0.08000  0.0405  0.100
 9382  8.258  -21.82  0.08000  0.0405  0.100
 9383  8.258  -21.72  0.08000  0.0405  0.100
 9384  8.258  -21.62  0.08000  0.0405  0.100
 9385  8.258  -21.52  0.08000  0.0405  0.105
 9386  8.258  -21.41  0.08000  0.0405  0.105
 9387  8.258  -21.31  0.08000  0.0405  0.100
 9388  8.258  -21.21  0.08000  0.0405  0.100
 9389  8.258  -21.11  0.08000  0.0405  0.100
 9390  8.258  -21.01  0.08000  0.0405  0.100
 9391  8.258  -20.91  0.08000  0.0405  0.100
 9392  8.258  -20.81  0.08000  0.0405  0.100
 9393  8.258  -20.71  0.08000  0.0405  0.100
 9394  8.258  -20.61  0.08000  0.0405  0.100
 9395  8.258  -20.51  0.08000  0.0405  0.105
 9396  8.258  -20.40  0.08000  0.0405  0.105
 9397  8.258  -20.30  0.08000  0.0405  0.100
 9398  8.258  -20.20  0.08000  0.0405  0.100
 9399  8.258  -20.10  0.08000  0.0405  0.100
 9400  8.258  -20.00  0.08000  0.0405  0.100
 9401  8.298  -30.00  0.08000  0.0400  0.100
 9402  8.298  -29.90  0.08000  0.0400  0.100
 9403  8.298  -29.80  0.08000  0.0400  0.100
 9404  8.298  -29.70  0.08000  0.0400  0.100
 9405  8.298  -29.60  0.08000  0.0400  0.105
 9406  8.298  -29.49  0.08000  0.0400  0.105
 9407  8.298  -29.39  0.08000  0.0400  0.100
 9408  8.298  -29.29  0.08000  0.0400  0.100
 9409  8.298  -29.19  0.08000  0.0400  0.100
 9410  8.298  -29.09  0.08000  0.0400  0.100
 9411  8.298  -28.99  0.08000  0.0400  0.100
 9412  8.298  -28.89  0.08000  0.0400  0.100
 9413  8.298  -28.79  0.08000  0.0400  0.100
 9414  8.298  -28.69  0.08000  0.0400  0.100
 9415  8.298  -28.59  0.08000  0.0400  0.105
 9416  8.298  -28.48  0.08000  0.0400  0.105
 9417  8.298  -28.38  0.08000  0.0400  0.100
 9418  8.298  -28.28  0.08000  0.0400  0.100
 9419  8.298  -28.18  0.08000  0.0400  0.100
 9420  8.298  -28.08  0.08000  0.0400  0.100
 9421  8.298  -27.98  0.08000  0.0400  0.100
 9422  8.298  -27.88  0.08000  0.0400  0.100
 9423  8.298  -27.78  0.08000  0.0400  0.100
 9424  8.298  -27.68  0.08000  0.0400  0.100
 9425  8.298  -27.58  0.08000  0.0400  0.105
 9426  8.298  -27.47  0.08000  0.0400  0.105
 9427  8.298  -27.37  0.08000  0.0400  0.100
 9428  8.298  -27.27  0.08000  0.0400  0.100
 9429  8.298  -27.17  0.08000  0.0400  0.100
 9430  8.298  -27.07  0.08000  0.0400  0.100
 9431  8.298  -26.97  0.08000  0.0400  0.100
 9432  8.298  -26.87  0.08000  0.0400  0.100
 9433  8.298  -26.77  0.08000  0.0400  0.100
 9434  8.298  -26.67  0.08000  0.0400  0.100
 9435  8.298  -26.57  0.08000  0.0400  0.105
 9436  8.298  -26.46  0.08000  0.0400  0.105
 9437  8.298  -26.36  0.08000  0.0400  0.100
 9438  8.298  -26.26  0.08000  0.0400  0.100
 9439  8.298  -26.16  0.08000  0.0400  0.100
 9440  8.298  -26.06  0.08000  0.0400  0.100
 9441  8.298  -25.96  0.08000  0.0400  0.100
 9442  8.298  -25.86  0.08000  0.0400  0.100
 9443  8.298  -25.76  0.08000  0.0400  0.100
 9444  8.298  -25.66  0.08000  0.0400  0.100
 9445  8.298  -25.56  0.08000  0.0400  0.105
 9446  8.298  -25.45  0.08000  0.0400  0.105
 9447  8.298  -25.35  0.08000  0.0400  0.100
 9448  8.298  -25.25  0.08000  0.0400  0.100
 9449  8.298  -25.15  0.08000  0.0400  0.100
 9450  8.298  -25.05  0.08000  0.0400  0.100
 9451  8.298  -24.95  0.08000  0.0400  0.100
 9452  8.298  -24.85  0.08000  0.0400  0.100
 9453  8.298  -24.75  0.08000  0.0400  0.100
 9454  8.298  -24.65  0.08000  0.0400  0.100
 9455  8.298  -24.55  0.08000  0.0400  0.105
 9456  8.298  -24.44  0.08000  0.0400  0.105
 9457  8.298  -24.34  0.08000  0.0400  0.100
 9458  8.298  -24.24  0.08000  0.0400  0.100
 9459  8.298  -24.14  0.08000  0.0400  0.100
 9460  8.298  -24.04  0.08000  0.0400  0.100
 9461  8.298  -23.94  0.08000  0.0400  0.100
 9462  8.298  -23.84  0.08000  0.0400  0.100
 9463  8.298  -23.74  0.08000  0.0400  0.100
 9464  8.298  -23.64  0.08000  0.0400  0.100
 9465  8.298  -23.54  0.08000  0.0400  0.105
 9466  8.298  -23.43  0.08000  0.0400  0.105
 9467  8.298  -23.33  0.08000  0.0400  0.100
 9468  8.298  -23.23  0.08000  0.0400  0.100
 9469  8.298  -23.13  0.08000  0.0400  0.100
 9470  8.298  -23.03  0.08000  0.0400  0.100
 9471  8.298  -22.93  0.08000  0.0400  0.100
 9472  8.298  -22.83  0.08000  0.0400  0.100
 9473  8.298  -22.73  0.08000  0.0400  0.100
 9474  8.298  -22.63  0.08000  0.0400  0.100
 9475  8.298  -22.53  0.08000  0.0400  0.105
 9476  8.298  -22.42  0.08000  0.0400  0.105
 9477  8.298  -22.32  0.08000  0.0400  0.100
 9478  8.298  -22.22  0.08000  0.0400  0.100
 9479  8.298  -22.12  0.08000  0.0400  0.100
 9480  8.298  -22.02  0.08000  0.0400  0.100
 9481  8.298  -21.92  0.08000  0.0400  0.100
 9482  8.298  -21.82  0.08000  0.0400  0.100
 9483  8.298  -21.72  0.08000  0.0400  0.100
 9484  8.298  -21.62  0.08000  0.0400  0.100
 9485  8.298  -21.52  0.08000  0.0400  0.105
 9486  8.298  -21.41  0.08000  0.0400  0.105
 9487  8.298  -21.31  0.08000  0.0400  0.100
 9488  8.298  -21.21  0.08000  0.0400  0.100
 9489  8.298  -21.11  0.08000  0.0400  0.100
 9490  8.298  -21.01  0.08000  0.0400  0.100
 9491  8.298  -20.91  0.08000  0.0400  0.100
 9492  8.298  -20.81  0.08000  0.0400  0.100
 9493  8.298  -20.71  0.08000  0.0400  0.100
 9494  8.298  -20.61  0.08000  0.0400  0.100
 9495  8.298  -20.51  0.08000  0.0400  0.105
 9496  8.298  -20.40  0.08000  0.0400  0.105
 9497  8.298  -20.30  0.08000  0.0400  0.100
 9498  8.298  -20.20  0.08000  0.0400  0.100
 9499  8.298  -20.10  0.08000  0.0400  0.100
 9500  8.298  -20.00  0.08000  0.0400  0.100
 9501  8.338  -30.00  0.08000  0.0405  0.100
 9502  8.338  -29.90  0.08000  0.0405  0.100
 9503  8.338  -29.80  0.08000  0.0405  0.100
 9504  8.338  -29.70  0.08000  0.0405  0.100
 9505  8.338  -29.60  0.08000  0.0405  0.105
 9506  8.338  -29.49  0.08000  0.0405  0.105
 9507  8.338  -29.39  0.08000  0.0405  0.100
 9508  8.338  -29.29  0.08000  0.0405  0.100
 9509  8.338  -29.19  0.08000  0.0405  0.100
 9510  8.338  -29.09  0.08000  0.0405  0.100
 9511  8.338  -28.99  0.08000  0.0405  0.100
 9512  8.338  -28.89  0.08000  0.0405  0.100
 9513  8.338  -28.79  0.08000  0.0405  0.100
 9514  8.338  -28.69  0.08000  0.0405  0.100
 9515  8.338  -28.59  0.08000  0.0405  0.105
 9516  8.338  -28.48  0.08000  0.0405  0.105
 9517  8.338  -28.38  0.08000  0.0405  0.100
 9518  8.338  -28.28  0.08000  0.0405  0.100
 9519  8.338  -28.18  0.08000  0.0405  0.100
 9520  8.338  -28.08  0.08000  0.0405  0.100
 9521  8.338  -27.98  0.08000  0.0405  0.100
 9522  8.338  -27.88  0.08000  0.0405  0.100
 9523  8.338  -27.78  0.08000  0.0405  0.100
 9524  8.338  -27.68  0.08000  0.0405  0.100
 9525  8.338  -27.58  0.08000  0.0405  0.105
 9526  8.338  -27.47  0.08000  0.0405  0.105
 9527  8.338  -27.37  0.08000  0.0405  0.100
 9528  8.338  -27.27  0.08000  0.0405  0.100
 9529  8.338  -27.17  0.08000  0.0405  0.100
 9530  8.338  -27.07  0.08000  0.0405  0.100
 9531  8.338  -26.97  0.08000  0.0405  0.100
 9532  8.338  -26.87  0.08000  0.0405  0.100
 9533  8.338  -26.77  0.08000  0.0405  0.100
 9534  8.338  -26.67  0.08000  0.0405  0.100
 9535  8.338  -26.57  0.08000  0.0405  0.105
 9536  8.338  -26.46  0.08000  0.0405  0.105
 9537  8.338  -26.36  0.08000  0.0405  0.100
 9538  8.338  -26.26  0.08000  0.0405  0.100
 9539  8.338  -26.16  0.08000  0.0405  0.100
 9540  8.338  -26.06  0.08000  0.0405  0.100
 9541  8.338  -25.96  0.08000  0.0405  0.100
 9542  8.338  -25.86  0.08000  0.0405  0.100
 9543  8.338  -25.76  0.08000  0.0405  0.100
 9544  8.338  -25.66  0.08000  0.0405  0.100
 9545  8.338  -25.56  0.08000  0.0405  0.105
 9546  8.338  -25.45  0.08000  0.0405  0.105
 9547  8.338  -25.35  0.08000  0.0405  0.100
 9548  8.338  -25.25  0.08000  0.0405  0.100
 9549  8.338  -25.15  0.08000  0.0405  0.100
 9550  8.338  -25.05  0.08000  0.0405  0.100
 9551  8.338  -24.95  0.08000  0.0405  0.100
 9552  8.338  -24.85  0.08000  0.0405  0.100
 9553  8.338  -24.75  0.08000  0.0405  0.100
 9554  8.338  -24.65  0.08000  0.0405  0.100
 9555  8.338  -24.55  0.08000  0.0405  0.105
 9556  8.338  -24.44  0.08000  0.0405  0.105
 9557  8.338  -24.34  0.08000  0.0405  0.100
 9558  8.338  -24.24  0.08000  0.0405  0.100
 9559  8.338  -24.14  0.08000  0.0405  0.100
 9560  8.338  -24.04  0.08000  0.0405  0.100
 9561  8.338  -23.94  0.08000  0.0405  0.100
 9562  8.338  -23.84  0.08000  0.0405  0.100
 9563  8.338  -23.74  0.08000  0.0405  0.100
 9564  8.338  -23.64  0.08000  0.0405  0.100
 9565  8.338  -23.54  0.08000  0.0405  0.105
 9566  8.338  -23.43  0.08000  0.0405  0.105
 9567  8.338  -23.33  0.08000  0.0405  0.100
 9568  8.338  -23.23  0.08000  0.0405  0.100
 9569  8.338  -23.13  0.08000  0.0405  0.100
 9570  8.338  -23.03  0.08000  0.0405  0.100
 9571  8.338  -22.93  0.08000  0.0405  0.100
 9572  8.338  -22.83  0.08000  0.0405  0.100
 9573  8.338  -22.73  0.08000  0.0405  0.100
 9574  8.338  -22.63  0.08000  0.0405  0.100
 9575  8.338  -22.53  0.08000  0.0405  0.105
 9576  8.338  -22.42  0.08000  0.0405  0.105
 9577  8.338  -22.32  0.08000  0.0405  0.100
 9578  8.338  -22.22  0.08000  0.0405  0.100
 9579  8.338  -22.12  0.08000  0.0405  0.100
 9580  8.338  -22.02  0.08000  0.0405  0.100
 9581  8.338  -21.92  0.08000  0.0405  0.100
 9582  8.338  -21.82  0.08000  0.0405  0.100
 9583  8.338  -21.72  0.08000  0.0405  0.100
 9584  8.338  -21.62  0.08000  0.0405  0.100
 9585  8.338  -21.52  0.08000  0.0405  0.105
 9586  8.338  -21.41  0.08000  0.0405  0.105
 9587  8.338  -21.31  0.08000  0.0405  0.100
 9588  8.338  -21.21  0.08000  0.0405  0.100
 9589  8.338  -21.11  0.08000  0.0405  0.100
 9590  8.338  -21.01  0.08000  0.0405  0.100
 9591  8.338  -20.91  0.08000  0.0405  0.100
 9592  8.338  -20.81  0.08000  0.0405  0.100
 9593  8.338  -20.71  0.08000  0.0405  0.100
 9594  8.338  -20.61  0.08000  0.0405  0.100
 9595  8.338  -20.51  0.08000  0.0405  0.105
 9596  8.338  -20.40  0.08000  0.0405  0.105
 9597  8.338  -20.30  0.08000  0.0405  0.100
 9598  8.338  -20.20  0.08000  0.0405  0.100
 9599  8.338  -20.10  0.08000  0.0405  0.100
 9600  8.338  -20.00  0.08000  0.0405  0.100
 9601  8.379  -30.00  0.08000  0.0405  0.100
 9602  8.379  -29.90  0.08000  0.0405  0.100
 9603  8.379  -29.80  0.08000  0.0405  0.100
 9604  8.379  -29.70  0.08000  0.0405  0.100
 9605  8.379  -29.60  0.08000  0.0405  0.105
 9606  8.379  -29.49  0.08000  0.0405  0.105
 9607  8.379  -29.39  0.08000  0.0405  0.100
 9608  8.379  -29.29  0.08000  0.0405  0.100
 9609  8.379  -29.19  0.08000  0.0405  0.100
 9610  8.379  -29.09  0.08000  0.0405  0.100
 9611  8.379  -28.99  0.08000  0.0405  0.100
 9612  8.379  -28.89  0.08000  0.0405  0.100
 9613  8.379  -28.79  0.08000  0.0405  0.100
 9614  8.379  -28.69  0.08000  0.0405  0.100
 9615  8.379  -28.59  0.08000  0.0405  0.105
 9616  8.379  -28.48  0.08000  0.0405  0.105
 9617  8.379  -28.38  0.08000  0.0405  0.100
 9618  8.379  -28.28  0.08000  0.0405  0.100
 9619  8.379  -28.18  0.08000  0.0405  0.100
 9620  8.379  -28.08  0.08000  0.0405  0.100
 9621  8.379  -27.98  0.08000  0.0405  0.100
 9622  8.379  -27.88  0.08000  0.0405  0.100
 9623  8.379  -27.78  0.08000  0.0405  0.100
 9624  8.379  -27.68  0.08000  0.0405  0.100
 9625  8.379  -27.58  0.08000  0.0405  0.105
 9626  8.379  -27.47  0.08000  0.0405  0.105
 9627  8.379  -27.37  0.08000  0.0405  0.100
 9628  8.379  -27.27  0.08000  0.0405  0.100
 9629  8.379  -27.17  0.08000  0.0405  0.100
 9630  8.379  -27.07  0.08000  0.0405  0.100
 9631  8.379  -26.97  0.08000  0.0405  0.100
 9632  8.379  -26.87  0.08000  0.0405  0.100
 9633  8.379  -26.77  0.08000  0.0405  0.100
 9634  8.379  -26.67  0.08000  0.0405  0.100
 9635  8.379  -26.57  0.08000  0.0405  0.105
 9636  8.379  -26.46  0.08000  0.0405  0.105
 9637  8.379  -26.36  0.08000  0.0405  0.100
 9638  8.379  -26.26  0.08000  0.0405  0.100
 9639  8.379  -26.16  0.08000  0.0405  0.100
 9640  8.379  -26.06  0.08000  0.0405  0.100
 9641  8.379  -25.96  0.08000  0.0405  0.100
 9642  8.379  -25.86  0.08000  0.0405  0.100
 9643  8.379  -25.76  0.08000  0.0405  0.100
 9644  8.379  -25.66  0.08000  0.0405  0.100
 9645  8.379  -25.56  0.08000  0.0405  0.105
 9646  8.379  -25.45  0.08000  0.0405  0.105
 9647  8.379  -25.35  0.08000  0.0405  0.100
 9648  8.379  -25.25  0.08000  0.0405  0.100
 9649  8.379  -25.15  0.08000  0.0405  0.100
 9650  8.379  -25.05  0.08000  0.0405  0.100
 9651  8.379  -24.95  0.08000  0.0405  0.100
 9652  8.379  -24.85  0.08000  0.0405  0.100
 9653  8.379  -24.75  0.08000  0.0405  0.100
 9654  8.379  -24.65  0.08000  0.0405  0.100
 9655  8.379  -24.55  0.08000  0.0405  0.105
 9656  8.379  -24.44  0.08000  0.0405  0.105
 9657  8.379  -24.34  0.08000  0.0405  0.100
 9658  8.379  -24.24  0.08000  0.0405  0.100
 9659  8.379  -24.14  0.08000  0.0405  0.100
 9660  8.379  -24.04  0.08000  0.0405  0.100
 9661  8.379  -23.94  0.08000  0.0405  0.100
 9662  8.379  -23.84  0.08000  0.0405  0.100
 9663  8.379  -23.74  0.08000  0.0405  0.100
 9664  8.379  -23.64  0.08000  0.0405  0.100
 9665  8.379  -23.54  0.08000  0.0405  0.105
 9666  8.379  -23.43  0.08000  0.0405  0.105
 9667  8.379  -23.33  0.08000  0.0405  0.100
 9668  8.379  -23.23  0.08000  0.0405  0.100
 9669  8.379  -23.13  0.08000  0.0405  0.100
 9670  8.379  -23.03  0.08000  0.0405  0.100
 9671  8.379  -22.93  0.08000  0.0405  0.100
 9672  8.379  -22.83  0.08000  0.0405  0.100
 9673  8.379  -22.73  0.08000  0.0405  0.100
 9674  8.379  -22.63  0.08000  0.0405  0.100
 9675  8.379  -22.53  0.08000  0.0405  0.105
 9676  8.379  -22.42  0.08000  0.0405  0.105
 9677  8.379  -22.32  0.08000  0.0405  0.100
 9678  8.379  -22.22  0.08000  0.0405  0.100
 9679  8.379  -22.12  0.08000  0.0405  0.100
 9680  8.379  -22.02  0.08000  0.0405  0.100
 9681  8.379  -21.92  0.08000  0.0405  0.100
 9682  8.379  -21.82  0.08000  0.0405  0.100
 9683  8.379  -21.72  0.08000  0.0405  0.100
 9684  8.379  -21.62  0.08000  0.0405  0.100
 9685  8.379  -21.52  0.08000  0.0405  0.105
 9686  8.379  -21.41  0.08000  0.0405  0.105
 9687  8.379  -21.31  0.08000  0.0405  0.100
 9688  8.379  -21.21  0.08000  0.0405  0.100
 9689  8.379  -21.11  0.08000  0.0405  0.100
 9690  8.379  -21.01  0.08000  0.0405  0.100
 9691  8.379  -20.91  0.08000  0.0405  0.100
 9692  8.379  -20.81  0.08000  0.0405  0.100
 9693  8.379  -20.71  0.08000  0.0405  0.100
 9694  8.379  -20.61  0.08000  0.0405  0.100
 9695  8.379  -20.51  0.08000  0.0405  0.105
 9696  8.379  -20.40  0.08000  0.0405  0.105
 9697  8.379  -20.30  0.08000  0.0405  0.100
 9698  8.379  -20.20  0.08000  0.0405  0.100
 9699  8.379  -20.10  0.08000  0.0405  0.100
 9700  8.379  -20.00  0.08000  0.0405  0.100
 9701  8.419  -30.00  0.08000  0.0405  0.100
 9702  8.419  -29.90  0.08000  0.0405  0.100
 9703  8.419  -29.80  0.08000  0.0405  0.100
 9704  8.419  -29.70  0.08000  0.0405  0.100
 9705  8.419  -29.60  0.08000  0.0405  0.105
 9706  8.419  -29.49  0.08000  0.0405  0.105
 9707  8.419  -29.39  0.08000  0.0405  0.100
 9708  8.419  -29.29  0.08000  0.0405  0.100
 9709  8.419  -29.19  0.08000  0.0405  0.100
 9710  8.419  -29.09  0.08000  0.0405  0.100
 9711  8.419  -28.99  0.08000  0.0405  0.100
 9712  8.419  -28.89  0.08000  0.0405  0.100
 9713  8.419  -28.79  0.08000  0.0405  0.100
 9714  8.419  -28.69  0.08000  0.0405  0.100
 9715  8.419  -28.59  0.08000  0.0405  0.105
 9716  8.419  -28.48  0.08000  0.0405  0.105
 9717  8.419  -28.38  0.08000  0.0405  0.100
 9718  8.419  -28.28  0.08000  0.0405  0.100
 9719  8.419  -28.18  0.08000  0.0405  0.100
 9720  8.419  -28.08  0.08000  0.0405  0.100
 9721  8.419  -27.98  0.08000  0.0405  0.100
 9722  8.419  -27.88  0.08000  0.0405  0.100
 9723  8.419  -27.78  0.08000  0.0405  0.100
 9724  8.419  -27.68  0.08000  0.0405  0.100
 9725  8.419  -27.58  0.08000  0.0405  0.105
 9726  8.419  -27.47  0.08000  0.0405  0.105
 9727  8.419  -27.37  0.08000  0.0405  0.100
 9728  8.419  -27.27  0.08000  0.0405  0.100
 9729  8.419  -27.17  0.08000  0.0405  0.100
 9730  8.419  -27.07  0.08000  0.0405  0.100
 9731  8.419  -26.97  0.08000  0.0405  0.100
 9732  8.419  -26.87  0.08000  0.0405  0.100
 9733  8.419  -26.77  0.08000  0.0405  0.100
 9734  8.419  -26.67  0.08000  0.0405  0.100
 9735  8.419  -26.57  0.08000  0.0405  0.105
 9736  8.419  -26.46  0.08000  0.0405  0.105
 9737  8.419  -26.36  0.08000  0.0405  0.100
 9738  8.419  -26.26  0.08000  0.0405  0.100
 9739  8.419  -26.16  0.08000  0.0405  0.100
 9740  8.419  -26.06  0.08000  0.0405  0.100
 9741  8.419  -25.96  0.08000  0.0405  0.100
 9742  8.419  -25.86  0.08000  0.0405  0.100
 9743  8.419  -25.76  0.08000  0.0405  0.100
 9744  8.419  -25.66  0.08000  0.0405  0.100
 9745  8.419  -25.56  0.08000  0.0405  0.105
 9746  8.419  -25.45  0.08000  0.0405  0.105
 9747  8.419  -25.35  0.08000  0.0405  0.100
 9748  8.419  -25.25  0.08000  0.0405  0.100
 9749  8.419  -25.15  0.08000  0.0405  0.100
 9750  8.419  -25.05  0.08000  0.0405  0.100
 9751  8.419  -24.95  0.08000  0.0405  0.100
 9752  8.419  -24.85  0.08000  0.0405  0.100
 9753  8.419  -24.75  0.08000  0.0405  0.100
 9754  8.419  -24.65  0.08000  0.0405  0.100
 9755  8.419  -24.55  0.08000  0.0405  0.105
 9756  8.419  -24.44  0.08000  0.0405  0.105
 9757  8.419  -24.34  0.08000  0.0405  0.100
 9758  8.419  -24.24  0.08000  0.0405  0.100
 9759  8.419  -24.14  0.08000  0.0405  0.100
 9760  8.419  -24.04  0.08000  0.0405  0.100
 9761  8.419  -23.94  0.08000  0.0405  0.100
 9762  8.419  -23.84  0.08000  0.0405  0.100
 9763  8.419  -23.74  0.08000  0.0405  0.100
 9764  8.419  -23.64  0.08000  0.0405  0.100
 9765  8.419  -23.54  0.08000  0.0405  0.105
 9766  8.419  -23.43  0.08000  0.0405  0.105
 9767  8.419  -23.33  0.08000  0.0405  0.100
 9768  8.419  -23.23  0.08000  0.0405  0.100
 9769  8.419  -23.13  0.08000  0.0405  0.100
 9770  8.419  -23.03  0.08000  0.0405  0.100
 9771  8.419  -22.93  0.08000  0.0405  0.100
 9772  8.419  -22.83  0.08000  0.0405  0.100
 9773  8.419  -22.73  0.08000  0.0405  0.100
 9774  8.419  -22.63  0.08000  0.0405  0.100
 9775  8.419  -22.53  0.08000  0.0405  0.105
 9776  8.419  -22.42  0.08000  0.0405  0.105
 9777  8.419  -22.32  0.08000  0.0405  0.100
 9778  8.419  -22.22  0.08000  0.0405  0.100
 9779  8.419  -22.12  0.08000  0.0405  0.100
 9780  8.419  -22.02  0.08000  0.0405  0.100
 9781  8.419  -21.92  0.08000  0.0405  0.100
 9782  8.419  -21.82  0.08000  0.0405  0.100
 9783  8.419  -21.72  0.08000  0.0405  0.100
 9784  8.419  -21.62  0.08000  0.0405  0.100
 9785  8.419  -21.52  0.08000  0.0405  0.105
 9786  8.419  -21.41  0.08000  0.0405  0.105
 9787  8.419  -21.31  0.08000  0.0405  0.100
 9788  8.419  -21.21  0.08000  0.0405  0.100
 9789  8.419  -21.11  0.08000  0.0405  0.100
 9790  8.419  -21.01  0.08000  0.0405  0.100
 9791  8.419  -20.91  0.08000  0.0405  0.100
 9792  8.419  -20.81  0.08000  0.0405  0.100
 9793  8.419  -20.71  0.08000  0.0405  0.100
 9794  8.419  -20.61  0.08000  0.0405  0.100
 9795  8.419  -20.51  0.08000  0.0405  0.105
 9796  8.419  -20.40  0.08000  0.0405  0.105
 9797  8.419  -20.30  0.08000  0.0405  0.100
 9798  8.419  -20.20  0.08000  0.0405  0.100
 9799  8.419  -20.10  0.08000  0.0405  0.100
 9800  8.419  -20.00  0.08000  0.0405  0.100
 9801  8.460  -30.00  0.08000  0.0405  0.100
 9802  8.460  -29.90  0.08000  0.0405  0.100
 9803  8.460  -29.80  0.08000  0.0405  0.100
 9804  8.460  -29.70  0.08000  0.0405  0.100
 9805  8.460  -29.60  0.08000  0.0405  0.105
 9806  8.460  -29.49  0.08000  0.0405  0.105
 9807  8.460  -29.39  0.08000  0.0405  0.100
 9808  8.460  -29.29  0.08000  0.0405  0.100
 9809  8.460  -29.19  0.08000  0.0405  0.100
 9810  8.460  -29.09  0.08000  0.0405  0.100
 9811  8.460  -28.99  0.08000  0.0405  0.100
 9812  8.460  -28.89  0.08000  0.0405  0.100
 9813  8.460  -28.79  0.08000  0.0405  0.100
 9814  8.460  -28.69  0.08000  0.0405  0.100
 9815  8.460  -28.59  0.08000  0.0405  0.105
 9816  8.460  -28.48  0.08000  0.0405  0.105
 9817  8.460  -28.38  0.08000  0.0405  0.100
 9818  8.460  -28.28  0.08000  0.0405  0.100
 9819  8.460  -28.18  0.08000  0.0405  0.100
 9820  8.460  -28.08  0.08000  0.0405  0.100
 9821  8.460  -27.98  0.08000  0.0405  0.100
 9822  8.460  -27.88  0.08000  0.0405  0.100
 9823  8.460  -27.78  0.08000  0.0405  0.100
 9824  8.460  -27.68  0.08000  0.0405  0.100
 9825  8.460  -27.58  0.08000  0.0405  0.105
 9826  8.460  -27.47  0.08000  0.0405  0.105
 9827  8.460  -27.37  0.08000  0.0405  0.100
 9828  8.460  -27.27  0.08000  0.0405  0.100
 9829  8.460  -27.17  0.08000  0.0405  0.100
 9830  8.460  -27.07  0.08000  0.0405  0.100
 9831  8.460  -26.97  0.08000  0.0405  0.100
 9832  8.460  -26.87  0.08000  0.0405  0.100
 9833  8.460  -26.77  0.08000  0.0405  0.100
 9834  8.460  -26.67  0.08000  0.0405  0.100
 9835  8.460  -26.57  0.08000  0.0405  0.105
 9836  8.460  -26.46  0.08000  0.0405  0.105
 9837  8.460  -26.36  0.08000  0.0405  0.100
 9838  8.460  -26.26  0.08000  0.0405  0.100
 9839  8.460  -26.16  0.08000  0.0405  0.100
 9840  8.460  -26.06  0.08000  0.0405  0.100
 9841  8.460  -25.96  0.08000  0.0405  0.100
 9842  8.460  -25.86  0.08000  0.0405  0.100
 9843  8.460  -25.76  0.08000  0.0405  0.100
 9844  8.460  -25.66  0.08000  0.0405  0.100
 9845  8.460  -25.56  0.08000  0.0405  0.105
 9846  8.460  -25.45  0.08000  0.0405  0.105
 9847  8.460  -25.35  0.08000  0.0405  0.100
 9848  8.460  -25.25  0.08000  0.0405  0.100
 9849  8.460  -25.15  0.08000  0.0405  0.100
 9850  8.460  -25.05  0.08000  0.0405  0.100
 9851  8.460  -24.95  0.08000  0.0405  0.100
 9852  8.460  -24.85  0.08000  0.0405  0.100
 9853  8.460  -24.75  0.08000  0.0405  0.100
 9854  8.460  -24.65  0.08000  0.0405  0.100
 9855  8.460  -24.55  0.08000  0.0405  0.105
 9856  8.460  -24.44  0.08000  0.0405  0.105
 9857  8.460  -24.34  0.08000  0.0405  0.100
 9858  8.460  -24.24  0.08000  0.0405  0.100
 9859  8.460  -24.14  0.08000  0.0405  0.100
 9860  8.460  -24.04  0.08000  0.0405  0.100
 9861  8.460  -23.94  0.08000  0.0405  0.100
 9862  8.460  -23.84  0.08000  0.0405  0.100
 9863  8.460  -23.74  0.08000  0.0405  0.100
 9864  8.460  -23.64  0.08000  0.0405  0.100
 9865  8.460  -23.54  0.08000  0.0405  0.105
 9866  8.460  -23.43  0.08000  0.0405  0.105
 9867  8.460  -23.33  0.08000  0.0405  0.100
 9868  8.460  -23.23  0.08000  0.0405  0.100
 9869  8.460  -23.13  0.08000  0.0405  0.100
 9870  8.460  -23.03  0.08000  0.0405  0.100
 9871  8.460  -22.93  0.08000  0.0405  0.100
 9872  8.460  -22.83  0.08000  0.0405  0.100
 9873  8.460  -22.73  0.08000  0.0405  0.100
 9874  8.460  -22.63  0.08000  0.0405  0.100
 9875  8.460  -22.53  0.08000  0.0405  0.105
 9876  8.460  -22.42  0.08000  0.0405  0.105
 9877  8.460  -22.32  0.08000  0.0405  0.100
 9878  8.460  -22.22  0.08000  0.0405  0.100
 9879  8.460  -22.12  0.08000  0.0405  0.100
 9880  8.460  -22.02  0.08000  0.0405  0.100
 9881  8.460  -21.92  0.08000  0.0405  0.100
 9882  8.460  -21.82  0.08000  0.0405  0.100
 9883  8.460  -21.72  0.08000  0.0405  0.100
 9884  8.460  -21.62  0.08000  0.0405  0.100
 9885  8.460  -21.52  0.08000  0.0405  0.105
 9886  8.460  -21.41  0.08000  0.0405  0.105
 9887  8.460  -21.31  0.08000  0.0405  0.100
 9888  8.460  -21.21  0.08000  0.0405  0.100
 9889  8.460  -21.11  0.08000  0.0405  0.100
 9890  8.460  -21.01  0.08000  0.0405  0.100
 9891  8.460  -20.91  0.08000  0.0405  0.100
 9892  8.460  -20.81  0.08000  0.0405  0.100
 9893  8.460  -20.71  0.08000  0.0405  0.100
 9894  8.460  -20.61  0.08000  0.0405  0.100
 9895  8.460  -20.51  0.08000  0.0405  0.105
 9896  8.460  -20.40  0.08000  0.0405  0.105
 9897  8.460  -20.30  0.08000  0.0405  0.100
 9898  8.460  -20.20  0.08000  0.0405  0.100
 9899  8.460  -20.10  0.08000  0.0405  0.100
 9900  8.460  -20.00  0.08000  0.0405  0.100
 9901  8.500  -30.00  0.08000  0.0400  0.100
 9902  8.500  -29.90  0.08000  0.0400  0.100
 9903  8.500  -29.80  0.08000  0.0400  0.100
 9904  8.500  -29.70  0.08000  0.0400  0.100
 9905  8.500  -29.60  0.08000  0.0400  0.105
 9906  8.500  -29.49  0.08000  0.0400  0.105
 9907  8.500  -29.39  0.08000  0.0400  0.100
 9908  8.500  -29.29  0.08000  0.0400  0.100
 9909  8.500  -29.19  0.08000  0.0400  0.100
 9910  8.500  -29.09  0.08000  0.0400  0.100
 9911  8.500  -28.99  0.08000  0.0400  0.100
 9912  8.500  -28.89  0.08000  0.0400  0.100
 9913  8.500  -28.79  0.08000  0.0400  0.100
 9914  8.500  -28.69  0.08000  0.0400  0.100
 9915  8.500  -28.59  0.08000  0.0400  0.105
 9916  8.500  -28.48  0.08000  0.0400  0.105
 9917  8.500  -28.38  0.08000  0.0400  0.100
 9918  8.500  -28.28  0.08000  0.0400  0.100
 9919  8.500  -28.18  0.08000  0.0400  0.100
 9920  8.500  -28.08  0.08000  0.0400  0.100
 9921  8.500  -27.98  0.08000  0.0400  0.100
 9922  8.500  -27.88  0.08000  0.0400  0.100
 9923  8.500  -27.78  0.08000  0.0400  0.100
 9924  8.500  -27.68  0.08000  0.0400  0.100
 9925  8.500  -27.58  0.08000  0.0400  0.105
 9926  8.500  -27.47  0.08000  0.0400  0.105
 9927  8.500  -27.37  0.08000  0.0400  0.100
 9928  8.500  -27.27  0.08000  0.0400  0.100
 9929  8.500  -27.17  0.08000  0.0400  0.100
 9930  8.500  -27.07  0.08000  0.0400  0.100
 9931  8.500  -26.97  0.08000  0.0400  0.100
 9932  8.500  -26.87  0.08000  0.0400  0.100
 9933  8.500  -26.77  0.08000  0.0400  0.100
 9934  8.500  -26.67  0.08000  0.0400  0.100
 9935  8.500  -26.57  0.08000  0.0400  0.105
 9936  8.500  -26.46  0.08000  0.0400  0.105
 9937  8.500  -26.36  0.08000  0.0400  0.100
 9938  8.500  -26.26  0.08000  0.0400  0.100
 9939  8.500  -26.16  0.08000  0.0400  0.100
 9940  8.500  -26.06  0.08000  0.0400  0.100
 9941  8.500  -25.96  0.08000  0.0400  0.100
 9942  8.500  -25.86  0.08000  0.0400  0.100
 9943  8.500  -25.76  0.08000  0.0400  0.100
 9944  8.500  -25.66  0.08000  0.0400  0.100
 9945  8.500  -25.56  0.08000  0.0400  0.105
 9946  8.500  -25.45  0.08000  0.0400  0.105
 9947  8.500  -25.35  0.08000  0.0400  0.100
 9948  8.500  -25.25  0.08000  0.0400  0.100
 9949  8.500  -25.15  0.08000  0.0400  0.100
 9950  8.500  -25.05  0.08000  0.0400  0.100
 9951  8.500  -24.95  0.08000  0.0400  0.100
 9952  8.500  -24.85  0.08000  0.0400  0.100
 9953  8.500  -24.75  0.08000  0.0400  0.100
 9954  8.500  -24.65  0.08000  0.0400  0.100
 9955  8.500  -24.55  0.08000  0.0400  0.105
 9956  8.500  -24.44  0.08000  0.0400  0.105
 9957  8.500  -24.34  0.08000  0.0400  0.100
 9958  8.500  -24.24  0.08000  0.0400  0.100
 9959  8.500  -24.14  0.08000  0.0400  0.100
 9960  8.500  -24.04  0.08000  0.0400  0.100
 9961  8.500  -23.94  0.08000  0.0400  0.100
 9962  8.500  -23.84  0.08000  0.0400  0.100
 9963  8.500  -23.74  0.08000  0.0400  0.100
 9964  8.500  -23.64  0.08000  0.0400  0.100
 9965  8.500  -23.54  0.08000  0.0400  0.105
 9966  8.500  -23.43  0.08000  0.0400  0.105
 9967  8.500  -23.33  0.08000  0.0400  0.100
 9968  8.500  -23.23  0.08000  0.0400  0.100
 9969  8.500  -23.13  0.08000  0.0400  0.100
 9970  8.500  -23.03  0.08000  0.0400  0.100
 9971  8.500  -22.93  0.08000  0.0400  0.100
 9972  8.500  -22.83  0.08000  0.0400  0.100
 9973  8.500  -22.73  0.08000  0.0400  0.100
 9974  8.500  -22.63  0.08000  0.0400  0.100
 9975  8.500  -22.53  0.08000  0.0400  0.105
 9976  8.500  -22.42  0.08000  0.0400  0.105
 9977  8.500  -22.32  0.08000  0.0400  0.100
 9978  8.500  -22.22  0.08000  0.0400  0.100
 9979  8.500  -22.12  0.08000  0.0400  0.100
 9980  8.500  -22.02  0.08000  0.0400  0.100
 9981  8.500  -21.92  0.08000  0.0400  0.100
 9982  8.500  -21.82  0.08000  0.0400  0.100
 9983  8.500  -21.72  0.08000  0.0400  0.100
 9984  8.500  -21.62  0.08000  0.0400  0.100
 9985  8.500  -21.52  0.08000  0.0400  0.105
 9986  8.500  -21.41  0.08000  0.0400  0.105
 9987  8.500  -21.31  0.08000  0.0400  0.100
 9988  8.500  -21.21  0.08000  0.0400  0.100
 9989  8.500  -21.11  0.08000  0.0400  0.100
 9990  8.500  -21.01  0.08000  0.0400  0.100
 9991  8.500  -20.91  0.08000  0.0400  0.100
 9992  8.500  -20.81  0.08000  0.0400  0.100
 9993  8.500  -20.71  0.08000  0.0400  0.100
 9994  8.500  -20.61  0.08000  0.0400  0.100
 9995  8.500  -20.51  0.08000  0.0400  0.105
 9996  8.500  -20.40  0.08000  0.0400  0.105
 9997  8.500  -20.30  0.08000  0.0400  0.100
 9998  8.500  -20.20  0.08000  0.0400  0.100
 9999  8.500  -20.10  0.08000  0.0400  0.100
10000  8.500  -20.00  0.08000  0.0400  0.100
# dzs = [0.04   0.0405]
# dmags = [0.1   0.105]
