# Using z_tolerance = 0.0001 and mag_tolerance = 0.0000
    1  5.800  -26.00  1.00000  0.0240  0.100
    2  5.800  -25.90  1.00000  0.0240  0.100
    3  5.800  -25.80  1.00000  0.0240  0.105
    4  5.800  -25.69  1.00000  0.0240  0.105
    5  5.800  -25.59  1.00000  0.0240  0.100
    6  5.800  -25.49  1.00000  0.0240  0.100
    7  5.800  -25.39  1.00000  0.0240  0.100
    8  5.800  -25.29  1.00000  0.0240  0.105
    9  5.800  -25.18  1.00000  0.0240  0.105
   10  5.800  -25.08  1.00000  0.0240  0.100
   11  5.800  -24.98  1.00000  0.0240  0.100
   12  5.800  -24.88  1.00000  0.0240  0.100
   13  5.800  -24.78  1.00000  0.0240  0.105
   14  5.800  -24.67  1.00000  0.0240  0.105
   15  5.800  -24.57  1.00000  0.0240  0.100
   16  5.800  -24.47  1.00000  0.0240  0.100
   17  5.800  -24.37  1.00000  0.0240  0.100
   18  5.800  -24.27  1.00000  0.0240  0.105
   19  5.800  -24.16  1.00000  0.0240  0.105
   20  5.800  -24.06  1.00000  0.0240  0.100
   21  5.800  -23.96  1.00000  0.0240  0.100
   22  5.800  -23.86  1.00000  0.0240  0.100
   23  5.800  -23.76  1.00000  0.0240  0.105
   24  5.800  -23.65  1.00000  0.0240  0.105
   25  5.800  -23.55  1.00000  0.0240  0.100
   26  5.800  -23.45  1.00000  0.0240  0.100
   27  5.800  -23.35  1.00000  0.0240  0.105
   28  5.800  -23.24  1.00000  0.0240  0.105
   29  5.800  -23.14  1.00000  0.0240  0.100
   30  5.800  -23.04  1.00000  0.0240  0.100
   31  5.800  -22.94  1.00000  0.0240  0.100
   32  5.800  -22.84  1.00000  0.0240  0.105
   33  5.800  -22.73  1.00000  0.0240  0.105
   34  5.800  -22.63  1.00000  0.0240  0.100
   35  5.800  -22.53  1.00000  0.0240  0.100
   36  5.800  -22.43  1.00000  0.0240  0.100
   37  5.800  -22.33  1.00000  0.0240  0.105
   38  5.800  -22.22  1.00000  0.0240  0.105
   39  5.800  -22.12  1.00000  0.0240  0.100
   40  5.800  -22.02  1.00000  0.0240  0.100
   41  5.800  -21.92  1.00000  0.0240  0.100
   42  5.800  -21.82  1.00000  0.0240  0.105
   43  5.800  -21.71  1.00000  0.0240  0.105
   44  5.800  -21.61  1.00000  0.0240  0.100
   45  5.800  -21.51  1.00000  0.0240  0.100
   46  5.800  -21.41  1.00000  0.0240  0.100
   47  5.800  -21.31  1.00000  0.0240  0.105
   48  5.800  -21.20  1.00000  0.0240  0.105
   49  5.800  -21.10  1.00000  0.0240  0.100
   50  5.800  -21.00  1.00000  0.0240  0.100
   51  5.824  -26.00  1.00000  0.0245  0.100
   52  5.824  -25.90  1.00000  0.0245  0.100
   53  5.824  -25.80  1.00000  0.0245  0.105
   54  5.824  -25.69  1.00000  0.0245  0.105
   55  5.824  -25.59  1.00000  0.0245  0.100
   56  5.824  -25.49  1.00000  0.0245  0.100
   57  5.824  -25.39  1.00000  0.0245  0.100
   58  5.824  -25.29  1.00000  0.0245  0.105
   59  5.824  -25.18  1.00000  0.0245  0.105
   60  5.824  -25.08  1.00000  0.0245  0.100
   61  5.824  -24.98  1.00000  0.0245  0.100
   62  5.824  -24.88  1.00000  0.0245  0.100
   63  5.824  -24.78  1.00000  0.0245  0.105
   64  5.824  -24.67  1.00000  0.0245  0.105
   65  5.824  -24.57  1.00000  0.0245  0.100
   66  5.824  -24.47  1.00000  0.0245  0.100
   67  5.824  -24.37  1.00000  0.0245  0.100
   68  5.824  -24.27  1.00000  0.0245  0.105
   69  5.824  -24.16  1.00000  0.0245  0.105
   70  5.824  -24.06  1.00000  0.0245  0.100
   71  5.824  -23.96  1.00000  0.0245  0.100
   72  5.824  -23.86  1.00000  0.0245  0.100
   73  5.824  -23.76  1.00000  0.0245  0.105
   74  5.824  -23.65  1.00000  0.0245  0.105
   75  5.824  -23.55  1.00000  0.0245  0.100
   76  5.824  -23.45  1.00000  0.0245  0.100
   77  5.824  -23.35  1.00000  0.0245  0.105
   78  5.824  -23.24  1.00000  0.0245  0.105
   79  5.824  -23.14  1.00000  0.0245  0.100
   80  5.824  -23.04  1.00000  0.0245  0.100
   81  5.824  -22.94  1.00000  0.0245  0.100
   82  5.824  -22.84  1.00000  0.0245  0.105
   83  5.824  -22.73  1.00000  0.0245  0.105
   84  5.824  -22.63  1.00000  0.0245  0.100
   85  5.824  -22.53  1.00000  0.0245  0.100
   86  5.824  -22.43  1.00000  0.0245  0.100
   87  5.824  -22.33  1.00000  0.0245  0.105
   88  5.824  -22.22  1.00000  0.0245  0.105
   89  5.824  -22.12  1.00000  0.0245  0.100
   90  5.824  -22.02  1.00000  0.0245  0.100
   91  5.824  -21.92  1.00000  0.0245  0.100
   92  5.824  -21.82  1.00000  0.0245  0.105
   93  5.824  -21.71  1.00000  0.0245  0.105
   94  5.824  -21.61  1.00000  0.0245  0.100
   95  5.824  -21.51  1.00000  0.0245  0.100
   96  5.824  -21.41  1.00000  0.0245  0.100
   97  5.824  -21.31  1.00000  0.0245  0.105
   98  5.824  -21.20  1.00000  0.0245  0.105
   99  5.824  -21.10  1.00000  0.0245  0.100
  100  5.824  -21.00  1.00000  0.0245  0.100
  101  5.849  -26.00  1.00000  0.0245  0.100
  102  5.849  -25.90  1.00000  0.0245  0.100
  103  5.849  -25.80  1.00000  0.0245  0.105
  104  5.849  -25.69  1.00000  0.0245  0.105
  105  5.849  -25.59  1.00000  0.0245  0.100
  106  5.849  -25.49  1.00000  0.0245  0.100
  107  5.849  -25.39  1.00000  0.0245  0.100
  108  5.849  -25.29  1.00000  0.0245  0.105
  109  5.849  -25.18  1.00000  0.0245  0.105
  110  5.849  -25.08  1.00000  0.0245  0.100
  111  5.849  -24.98  1.00000  0.0245  0.100
  112  5.849  -24.88  1.00000  0.0245  0.100
  113  5.849  -24.78  1.00000  0.0245  0.105
  114  5.849  -24.67  1.00000  0.0245  0.105
  115  5.849  -24.57  1.00000  0.0245  0.100
  116  5.849  -24.47  1.00000  0.0245  0.100
  117  5.849  -24.37  1.00000  0.0245  0.100
  118  5.849  -24.27  1.00000  0.0245  0.105
  119  5.849  -24.16  1.00000  0.0245  0.105
  120  5.849  -24.06  1.00000  0.0245  0.100
  121  5.849  -23.96  1.00000  0.0245  0.100
  122  5.849  -23.86  1.00000  0.0245  0.100
  123  5.849  -23.76  1.00000  0.0245  0.105
  124  5.849  -23.65  1.00000  0.0245  0.105
  125  5.849  -23.55  1.00000  0.0245  0.100
  126  5.849  -23.45  1.00000  0.0245  0.100
  127  5.849  -23.35  1.00000  0.0245  0.105
  128  5.849  -23.24  1.00000  0.0245  0.105
  129  5.849  -23.14  1.00000  0.0245  0.100
  130  5.849  -23.04  1.00000  0.0245  0.100
  131  5.849  -22.94  1.00000  0.0245  0.100
  132  5.849  -22.84  1.00000  0.0245  0.105
  133  5.849  -22.73  1.00000  0.0245  0.105
  134  5.849  -22.63  1.00000  0.0245  0.100
  135  5.849  -22.53  1.00000  0.0245  0.100
  136  5.849  -22.43  1.00000  0.0245  0.100
  137  5.849  -22.33  1.00000  0.0245  0.105
  138  5.849  -22.22  1.00000  0.0245  0.105
  139  5.849  -22.12  1.00000  0.0245  0.100
  140  5.849  -22.02  1.00000  0.0245  0.100
  141  5.849  -21.92  1.00000  0.0245  0.100
  142  5.849  -21.82  1.00000  0.0245  0.105
  143  5.849  -21.71  1.00000  0.0245  0.105
  144  5.849  -21.61  1.00000  0.0245  0.100
  145  5.849  -21.51  1.00000  0.0245  0.100
  146  5.849  -21.41  1.00000  0.0245  0.100
  147  5.849  -21.31  1.00000  0.0245  0.105
  148  5.849  -21.20  1.00000  0.0245  0.105
  149  5.849  -21.10  1.00000  0.0245  0.100
  150  5.849  -21.00  1.00000  0.0245  0.100
  151  5.873  -26.00  1.00000  0.0245  0.100
  152  5.873  -25.90  1.00000  0.0245  0.100
  153  5.873  -25.80  1.00000  0.0245  0.105
  154  5.873  -25.69  1.00000  0.0245  0.105
  155  5.873  -25.59  1.00000  0.0245  0.100
  156  5.873  -25.49  1.00000  0.0245  0.100
  157  5.873  -25.39  1.00000  0.0245  0.100
  158  5.873  -25.29  1.00000  0.0245  0.105
  159  5.873  -25.18  1.00000  0.0245  0.105
  160  5.873  -25.08  1.00000  0.0245  0.100
  161  5.873  -24.98  1.00000  0.0245  0.100
  162  5.873  -24.88  1.00000  0.0245  0.100
  163  5.873  -24.78  1.00000  0.0245  0.105
  164  5.873  -24.67  1.00000  0.0245  0.105
  165  5.873  -24.57  1.00000  0.0245  0.100
  166  5.873  -24.47  1.00000  0.0245  0.100
  167  5.873  -24.37  1.00000  0.0245  0.100
  168  5.873  -24.27  1.00000  0.0245  0.105
  169  5.873  -24.16  1.00000  0.0245  0.105
  170  5.873  -24.06  1.00000  0.0245  0.100
  171  5.873  -23.96  1.00000  0.0245  0.100
  172  5.873  -23.86  1.00000  0.0245  0.100
  173  5.873  -23.76  1.00000  0.0245  0.105
  174  5.873  -23.65  1.00000  0.0245  0.105
  175  5.873  -23.55  1.00000  0.0245  0.100
  176  5.873  -23.45  1.00000  0.0245  0.100
  177  5.873  -23.35  1.00000  0.0245  0.105
  178  5.873  -23.24  1.00000  0.0245  0.105
  179  5.873  -23.14  1.00000  0.0245  0.100
  180  5.873  -23.04  1.00000  0.0245  0.100
  181  5.873  -22.94  1.00000  0.0245  0.100
  182  5.873  -22.84  1.00000  0.0245  0.105
  183  5.873  -22.73  1.00000  0.0245  0.105
  184  5.873  -22.63  1.00000  0.0245  0.100
  185  5.873  -22.53  1.00000  0.0245  0.100
  186  5.873  -22.43  1.00000  0.0245  0.100
  187  5.873  -22.33  1.00000  0.0245  0.105
  188  5.873  -22.22  1.00000  0.0245  0.105
  189  5.873  -22.12  1.00000  0.0245  0.100
  190  5.873  -22.02  1.00000  0.0245  0.100
  191  5.873  -21.92  1.00000  0.0245  0.100
  192  5.873  -21.82  1.00000  0.0245  0.105
  193  5.873  -21.71  1.00000  0.0245  0.105
  194  5.873  -21.61  1.00000  0.0245  0.100
  195  5.873  -21.51  1.00000  0.0245  0.100
  196  5.873  -21.41  1.00000  0.0245  0.100
  197  5.873  -21.31  1.00000  0.0245  0.105
  198  5.873  -21.20  1.00000  0.0245  0.105
  199  5.873  -21.10  1.00000  0.0245  0.100
  200  5.873  -21.00  1.00000  0.0245  0.100
  201  5.898  -26.00  1.00000  0.0245  0.100
  202  5.898  -25.90  1.00000  0.0245  0.100
  203  5.898  -25.80  1.00000  0.0245  0.105
  204  5.898  -25.69  1.00000  0.0245  0.105
  205  5.898  -25.59  1.00000  0.0245  0.100
  206  5.898  -25.49  1.00000  0.0245  0.100
  207  5.898  -25.39  1.00000  0.0245  0.100
  208  5.898  -25.29  1.00000  0.0245  0.105
  209  5.898  -25.18  1.00000  0.0245  0.105
  210  5.898  -25.08  1.00000  0.0245  0.100
  211  5.898  -24.98  1.00000  0.0245  0.100
  212  5.898  -24.88  1.00000  0.0245  0.100
  213  5.898  -24.78  1.00000  0.0245  0.105
  214  5.898  -24.67  1.00000  0.0245  0.105
  215  5.898  -24.57  1.00000  0.0245  0.100
  216  5.898  -24.47  1.00000  0.0245  0.100
  217  5.898  -24.37  1.00000  0.0245  0.100
  218  5.898  -24.27  1.00000  0.0245  0.105
  219  5.898  -24.16  1.00000  0.0245  0.105
  220  5.898  -24.06  1.00000  0.0245  0.100
  221  5.898  -23.96  1.00000  0.0245  0.100
  222  5.898  -23.86  1.00000  0.0245  0.100
  223  5.898  -23.76  1.00000  0.0245  0.105
  224  5.898  -23.65  1.00000  0.0245  0.105
  225  5.898  -23.55  1.00000  0.0245  0.100
  226  5.898  -23.45  1.00000  0.0245  0.100
  227  5.898  -23.35  1.00000  0.0245  0.105
  228  5.898  -23.24  1.00000  0.0245  0.105
  229  5.898  -23.14  1.00000  0.0245  0.100
  230  5.898  -23.04  1.00000  0.0245  0.100
  231  5.898  -22.94  1.00000  0.0245  0.100
  232  5.898  -22.84  1.00000  0.0245  0.105
  233  5.898  -22.73  1.00000  0.0245  0.105
  234  5.898  -22.63  1.00000  0.0245  0.100
  235  5.898  -22.53  1.00000  0.0245  0.100
  236  5.898  -22.43  1.00000  0.0245  0.100
  237  5.898  -22.33  1.00000  0.0245  0.105
  238  5.898  -22.22  1.00000  0.0245  0.105
  239  5.898  -22.12  1.00000  0.0245  0.100
  240  5.898  -22.02  1.00000  0.0245  0.100
  241  5.898  -21.92  1.00000  0.0245  0.100
  242  5.898  -21.82  1.00000  0.0245  0.105
  243  5.898  -21.71  1.00000  0.0245  0.105
  244  5.898  -21.61  1.00000  0.0245  0.100
  245  5.898  -21.51  1.00000  0.0245  0.100
  246  5.898  -21.41  1.00000  0.0245  0.100
  247  5.898  -21.31  1.00000  0.0245  0.105
  248  5.898  -21.20  1.00000  0.0245  0.105
  249  5.898  -21.10  1.00000  0.0245  0.100
  250  5.898  -21.00  1.00000  0.0245  0.100
  251  5.922  -26.00  1.00000  0.0245  0.100
  252  5.922  -25.90  1.00000  0.0245  0.100
  253  5.922  -25.80  1.00000  0.0245  0.105
  254  5.922  -25.69  1.00000  0.0245  0.105
  255  5.922  -25.59  1.00000  0.0245  0.100
  256  5.922  -25.49  1.00000  0.0245  0.100
  257  5.922  -25.39  1.00000  0.0245  0.100
  258  5.922  -25.29  1.00000  0.0245  0.105
  259  5.922  -25.18  1.00000  0.0245  0.105
  260  5.922  -25.08  1.00000  0.0245  0.100
  261  5.922  -24.98  1.00000  0.0245  0.100
  262  5.922  -24.88  1.00000  0.0245  0.100
  263  5.922  -24.78  1.00000  0.0245  0.105
  264  5.922  -24.67  1.00000  0.0245  0.105
  265  5.922  -24.57  1.00000  0.0245  0.100
  266  5.922  -24.47  1.00000  0.0245  0.100
  267  5.922  -24.37  1.00000  0.0245  0.100
  268  5.922  -24.27  1.00000  0.0245  0.105
  269  5.922  -24.16  1.00000  0.0245  0.105
  270  5.922  -24.06  1.00000  0.0245  0.100
  271  5.922  -23.96  1.00000  0.0245  0.100
  272  5.922  -23.86  1.00000  0.0245  0.100
  273  5.922  -23.76  1.00000  0.0245  0.105
  274  5.922  -23.65  1.00000  0.0245  0.105
  275  5.922  -23.55  1.00000  0.0245  0.100
  276  5.922  -23.45  1.00000  0.0245  0.100
  277  5.922  -23.35  1.00000  0.0245  0.105
  278  5.922  -23.24  1.00000  0.0245  0.105
  279  5.922  -23.14  1.00000  0.0245  0.100
  280  5.922  -23.04  1.00000  0.0245  0.100
  281  5.922  -22.94  1.00000  0.0245  0.100
  282  5.922  -22.84  1.00000  0.0245  0.105
  283  5.922  -22.73  1.00000  0.0245  0.105
  284  5.922  -22.63  1.00000  0.0245  0.100
  285  5.922  -22.53  1.00000  0.0245  0.100
  286  5.922  -22.43  1.00000  0.0245  0.100
  287  5.922  -22.33  1.00000  0.0245  0.105
  288  5.922  -22.22  1.00000  0.0245  0.105
  289  5.922  -22.12  1.00000  0.0245  0.100
  290  5.922  -22.02  1.00000  0.0245  0.100
  291  5.922  -21.92  1.00000  0.0245  0.100
  292  5.922  -21.82  1.00000  0.0245  0.105
  293  5.922  -21.71  1.00000  0.0245  0.105
  294  5.922  -21.61  1.00000  0.0245  0.100
  295  5.922  -21.51  1.00000  0.0245  0.100
  296  5.922  -21.41  1.00000  0.0245  0.100
  297  5.922  -21.31  1.00000  0.0245  0.105
  298  5.922  -21.20  1.00000  0.0245  0.105
  299  5.922  -21.10  1.00000  0.0245  0.100
  300  5.922  -21.00  1.00000  0.0245  0.100
  301  5.947  -26.00  1.00000  0.0245  0.100
  302  5.947  -25.90  1.00000  0.0245  0.100
  303  5.947  -25.80  1.00000  0.0245  0.105
  304  5.947  -25.69  1.00000  0.0245  0.105
  305  5.947  -25.59  1.00000  0.0245  0.100
  306  5.947  -25.49  1.00000  0.0245  0.100
  307  5.947  -25.39  1.00000  0.0245  0.100
  308  5.947  -25.29  1.00000  0.0245  0.105
  309  5.947  -25.18  1.00000  0.0245  0.105
  310  5.947  -25.08  1.00000  0.0245  0.100
  311  5.947  -24.98  1.00000  0.0245  0.100
  312  5.947  -24.88  1.00000  0.0245  0.100
  313  5.947  -24.78  1.00000  0.0245  0.105
  314  5.947  -24.67  1.00000  0.0245  0.105
  315  5.947  -24.57  1.00000  0.0245  0.100
  316  5.947  -24.47  1.00000  0.0245  0.100
  317  5.947  -24.37  1.00000  0.0245  0.100
  318  5.947  -24.27  1.00000  0.0245  0.105
  319  5.947  -24.16  1.00000  0.0245  0.105
  320  5.947  -24.06  1.00000  0.0245  0.100
  321  5.947  -23.96  1.00000  0.0245  0.100
  322  5.947  -23.86  1.00000  0.0245  0.100
  323  5.947  -23.76  1.00000  0.0245  0.105
  324  5.947  -23.65  1.00000  0.0245  0.105
  325  5.947  -23.55  1.00000  0.0245  0.100
  326  5.947  -23.45  1.00000  0.0245  0.100
  327  5.947  -23.35  1.00000  0.0245  0.105
  328  5.947  -23.24  1.00000  0.0245  0.105
  329  5.947  -23.14  1.00000  0.0245  0.100
  330  5.947  -23.04  1.00000  0.0245  0.100
  331  5.947  -22.94  1.00000  0.0245  0.100
  332  5.947  -22.84  1.00000  0.0245  0.105
  333  5.947  -22.73  1.00000  0.0245  0.105
  334  5.947  -22.63  1.00000  0.0245  0.100
  335  5.947  -22.53  1.00000  0.0245  0.100
  336  5.947  -22.43  1.00000  0.0245  0.100
  337  5.947  -22.33  1.00000  0.0245  0.105
  338  5.947  -22.22  1.00000  0.0245  0.105
  339  5.947  -22.12  1.00000  0.0245  0.100
  340  5.947  -22.02  1.00000  0.0245  0.100
  341  5.947  -21.92  1.00000  0.0245  0.100
  342  5.947  -21.82  1.00000  0.0245  0.105
  343  5.947  -21.71  1.00000  0.0245  0.105
  344  5.947  -21.61  1.00000  0.0245  0.100
  345  5.947  -21.51  1.00000  0.0245  0.100
  346  5.947  -21.41  1.00000  0.0245  0.100
  347  5.947  -21.31  1.00000  0.0245  0.105
  348  5.947  -21.20  1.00000  0.0245  0.105
  349  5.947  -21.10  1.00000  0.0245  0.100
  350  5.947  -21.00  1.00000  0.0245  0.100
  351  5.971  -26.00  1.00000  0.0245  0.100
  352  5.971  -25.90  1.00000  0.0245  0.100
  353  5.971  -25.80  1.00000  0.0245  0.105
  354  5.971  -25.69  1.00000  0.0245  0.105
  355  5.971  -25.59  1.00000  0.0245  0.100
  356  5.971  -25.49  1.00000  0.0245  0.100
  357  5.971  -25.39  1.00000  0.0245  0.100
  358  5.971  -25.29  1.00000  0.0245  0.105
  359  5.971  -25.18  1.00000  0.0245  0.105
  360  5.971  -25.08  1.00000  0.0245  0.100
  361  5.971  -24.98  1.00000  0.0245  0.100
  362  5.971  -24.88  1.00000  0.0245  0.100
  363  5.971  -24.78  1.00000  0.0245  0.105
  364  5.971  -24.67  1.00000  0.0245  0.105
  365  5.971  -24.57  1.00000  0.0245  0.100
  366  5.971  -24.47  1.00000  0.0245  0.100
  367  5.971  -24.37  1.00000  0.0245  0.100
  368  5.971  -24.27  1.00000  0.0245  0.105
  369  5.971  -24.16  1.00000  0.0245  0.105
  370  5.971  -24.06  1.00000  0.0245  0.100
  371  5.971  -23.96  1.00000  0.0245  0.100
  372  5.971  -23.86  1.00000  0.0245  0.100
  373  5.971  -23.76  1.00000  0.0245  0.105
  374  5.971  -23.65  1.00000  0.0245  0.105
  375  5.971  -23.55  1.00000  0.0245  0.100
  376  5.971  -23.45  1.00000  0.0245  0.100
  377  5.971  -23.35  1.00000  0.0245  0.105
  378  5.971  -23.24  1.00000  0.0245  0.105
  379  5.971  -23.14  1.00000  0.0245  0.100
  380  5.971  -23.04  1.00000  0.0245  0.100
  381  5.971  -22.94  1.00000  0.0245  0.100
  382  5.971  -22.84  1.00000  0.0245  0.105
  383  5.971  -22.73  1.00000  0.0245  0.105
  384  5.971  -22.63  1.00000  0.0245  0.100
  385  5.971  -22.53  1.00000  0.0245  0.100
  386  5.971  -22.43  1.00000  0.0245  0.100
  387  5.971  -22.33  1.00000  0.0245  0.105
  388  5.971  -22.22  1.00000  0.0245  0.105
  389  5.971  -22.12  1.00000  0.0245  0.100
  390  5.971  -22.02  1.00000  0.0245  0.100
  391  5.971  -21.92  1.00000  0.0245  0.100
  392  5.971  -21.82  1.00000  0.0245  0.105
  393  5.971  -21.71  1.00000  0.0245  0.105
  394  5.971  -21.61  1.00000  0.0245  0.100
  395  5.971  -21.51  1.00000  0.0245  0.100
  396  5.971  -21.41  1.00000  0.0245  0.100
  397  5.971  -21.31  1.00000  0.0245  0.105
  398  5.971  -21.20  1.00000  0.0245  0.105
  399  5.971  -21.10  1.00000  0.0245  0.100
  400  5.971  -21.00  1.00000  0.0245  0.100
  401  5.996  -26.00  1.00000  0.0245  0.100
  402  5.996  -25.90  1.00000  0.0245  0.100
  403  5.996  -25.80  1.00000  0.0245  0.105
  404  5.996  -25.69  1.00000  0.0245  0.105
  405  5.996  -25.59  1.00000  0.0245  0.100
  406  5.996  -25.49  1.00000  0.0245  0.100
  407  5.996  -25.39  1.00000  0.0245  0.100
  408  5.996  -25.29  1.00000  0.0245  0.105
  409  5.996  -25.18  1.00000  0.0245  0.105
  410  5.996  -25.08  1.00000  0.0245  0.100
  411  5.996  -24.98  1.00000  0.0245  0.100
  412  5.996  -24.88  1.00000  0.0245  0.100
  413  5.996  -24.78  1.00000  0.0245  0.105
  414  5.996  -24.67  1.00000  0.0245  0.105
  415  5.996  -24.57  1.00000  0.0245  0.100
  416  5.996  -24.47  1.00000  0.0245  0.100
  417  5.996  -24.37  1.00000  0.0245  0.100
  418  5.996  -24.27  1.00000  0.0245  0.105
  419  5.996  -24.16  1.00000  0.0245  0.105
  420  5.996  -24.06  1.00000  0.0245  0.100
  421  5.996  -23.96  1.00000  0.0245  0.100
  422  5.996  -23.86  1.00000  0.0245  0.100
  423  5.996  -23.76  1.00000  0.0245  0.105
  424  5.996  -23.65  1.00000  0.0245  0.105
  425  5.996  -23.55  1.00000  0.0245  0.100
  426  5.996  -23.45  1.00000  0.0245  0.100
  427  5.996  -23.35  1.00000  0.0245  0.105
  428  5.996  -23.24  1.00000  0.0245  0.105
  429  5.996  -23.14  1.00000  0.0245  0.100
  430  5.996  -23.04  1.00000  0.0245  0.100
  431  5.996  -22.94  1.00000  0.0245  0.100
  432  5.996  -22.84  1.00000  0.0245  0.105
  433  5.996  -22.73  1.00000  0.0245  0.105
  434  5.996  -22.63  1.00000  0.0245  0.100
  435  5.996  -22.53  1.00000  0.0245  0.100
  436  5.996  -22.43  1.00000  0.0245  0.100
  437  5.996  -22.33  1.00000  0.0245  0.105
  438  5.996  -22.22  1.00000  0.0245  0.105
  439  5.996  -22.12  1.00000  0.0245  0.100
  440  5.996  -22.02  1.00000  0.0245  0.100
  441  5.996  -21.92  1.00000  0.0245  0.100
  442  5.996  -21.82  1.00000  0.0245  0.105
  443  5.996  -21.71  1.00000  0.0245  0.105
  444  5.996  -21.61  1.00000  0.0245  0.100
  445  5.996  -21.51  1.00000  0.0245  0.100
  446  5.996  -21.41  1.00000  0.0245  0.100
  447  5.996  -21.31  1.00000  0.0245  0.105
  448  5.996  -21.20  1.00000  0.0245  0.105
  449  5.996  -21.10  1.00000  0.0245  0.100
  450  5.996  -21.00  1.00000  0.0245  0.100
  451  6.020  -26.00  1.00000  0.0245  0.100
  452  6.020  -25.90  1.00000  0.0245  0.100
  453  6.020  -25.80  1.00000  0.0245  0.105
  454  6.020  -25.69  1.00000  0.0245  0.105
  455  6.020  -25.59  1.00000  0.0245  0.100
  456  6.020  -25.49  1.00000  0.0245  0.100
  457  6.020  -25.39  1.00000  0.0245  0.100
  458  6.020  -25.29  1.00000  0.0245  0.105
  459  6.020  -25.18  1.00000  0.0245  0.105
  460  6.020  -25.08  1.00000  0.0245  0.100
  461  6.020  -24.98  1.00000  0.0245  0.100
  462  6.020  -24.88  1.00000  0.0245  0.100
  463  6.020  -24.78  1.00000  0.0245  0.105
  464  6.020  -24.67  1.00000  0.0245  0.105
  465  6.020  -24.57  1.00000  0.0245  0.100
  466  6.020  -24.47  1.00000  0.0245  0.100
  467  6.020  -24.37  1.00000  0.0245  0.100
  468  6.020  -24.27  1.00000  0.0245  0.105
  469  6.020  -24.16  1.00000  0.0245  0.105
  470  6.020  -24.06  1.00000  0.0245  0.100
  471  6.020  -23.96  1.00000  0.0245  0.100
  472  6.020  -23.86  1.00000  0.0245  0.100
  473  6.020  -23.76  1.00000  0.0245  0.105
  474  6.020  -23.65  1.00000  0.0245  0.105
  475  6.020  -23.55  1.00000  0.0245  0.100
  476  6.020  -23.45  1.00000  0.0245  0.100
  477  6.020  -23.35  1.00000  0.0245  0.105
  478  6.020  -23.24  1.00000  0.0245  0.105
  479  6.020  -23.14  1.00000  0.0245  0.100
  480  6.020  -23.04  1.00000  0.0245  0.100
  481  6.020  -22.94  1.00000  0.0245  0.100
  482  6.020  -22.84  1.00000  0.0245  0.105
  483  6.020  -22.73  1.00000  0.0245  0.105
  484  6.020  -22.63  1.00000  0.0245  0.100
  485  6.020  -22.53  1.00000  0.0245  0.100
  486  6.020  -22.43  1.00000  0.0245  0.100
  487  6.020  -22.33  1.00000  0.0245  0.105
  488  6.020  -22.22  1.00000  0.0245  0.105
  489  6.020  -22.12  1.00000  0.0245  0.100
  490  6.020  -22.02  1.00000  0.0245  0.100
  491  6.020  -21.92  1.00000  0.0245  0.100
  492  6.020  -21.82  1.00000  0.0245  0.105
  493  6.020  -21.71  1.00000  0.0245  0.105
  494  6.020  -21.61  1.00000  0.0245  0.100
  495  6.020  -21.51  1.00000  0.0245  0.100
  496  6.020  -21.41  1.00000  0.0245  0.100
  497  6.020  -21.31  1.00000  0.0245  0.105
  498  6.020  -21.20  1.00000  0.0245  0.105
  499  6.020  -21.10  1.00000  0.0245  0.100
  500  6.020  -21.00  1.00000  0.0245  0.100
  501  6.045  -26.00  1.00000  0.0245  0.100
  502  6.045  -25.90  1.00000  0.0245  0.100
  503  6.045  -25.80  1.00000  0.0245  0.105
  504  6.045  -25.69  1.00000  0.0245  0.105
  505  6.045  -25.59  1.00000  0.0245  0.100
  506  6.045  -25.49  1.00000  0.0245  0.100
  507  6.045  -25.39  1.00000  0.0245  0.100
  508  6.045  -25.29  1.00000  0.0245  0.105
  509  6.045  -25.18  1.00000  0.0245  0.105
  510  6.045  -25.08  1.00000  0.0245  0.100
  511  6.045  -24.98  1.00000  0.0245  0.100
  512  6.045  -24.88  1.00000  0.0245  0.100
  513  6.045  -24.78  1.00000  0.0245  0.105
  514  6.045  -24.67  1.00000  0.0245  0.105
  515  6.045  -24.57  1.00000  0.0245  0.100
  516  6.045  -24.47  1.00000  0.0245  0.100
  517  6.045  -24.37  1.00000  0.0245  0.100
  518  6.045  -24.27  1.00000  0.0245  0.105
  519  6.045  -24.16  1.00000  0.0245  0.105
  520  6.045  -24.06  1.00000  0.0245  0.100
  521  6.045  -23.96  1.00000  0.0245  0.100
  522  6.045  -23.86  1.00000  0.0245  0.100
  523  6.045  -23.76  1.00000  0.0245  0.105
  524  6.045  -23.65  1.00000  0.0245  0.105
  525  6.045  -23.55  1.00000  0.0245  0.100
  526  6.045  -23.45  1.00000  0.0245  0.100
  527  6.045  -23.35  1.00000  0.0245  0.105
  528  6.045  -23.24  1.00000  0.0245  0.105
  529  6.045  -23.14  1.00000  0.0245  0.100
  530  6.045  -23.04  1.00000  0.0245  0.100
  531  6.045  -22.94  1.00000  0.0245  0.100
  532  6.045  -22.84  1.00000  0.0245  0.105
  533  6.045  -22.73  1.00000  0.0245  0.105
  534  6.045  -22.63  1.00000  0.0245  0.100
  535  6.045  -22.53  1.00000  0.0245  0.100
  536  6.045  -22.43  1.00000  0.0245  0.100
  537  6.045  -22.33  1.00000  0.0245  0.105
  538  6.045  -22.22  1.00000  0.0245  0.105
  539  6.045  -22.12  1.00000  0.0245  0.100
  540  6.045  -22.02  1.00000  0.0245  0.100
  541  6.045  -21.92  1.00000  0.0245  0.100
  542  6.045  -21.82  1.00000  0.0245  0.105
  543  6.045  -21.71  1.00000  0.0245  0.105
  544  6.045  -21.61  1.00000  0.0245  0.100
  545  6.045  -21.51  1.00000  0.0245  0.100
  546  6.045  -21.41  1.00000  0.0245  0.100
  547  6.045  -21.31  1.00000  0.0245  0.105
  548  6.045  -21.20  1.00000  0.0245  0.105
  549  6.045  -21.10  1.00000  0.0245  0.100
  550  6.045  -21.00  1.00000  0.0245  0.100
  551  6.069  -26.00  1.00000  0.0245  0.100
  552  6.069  -25.90  1.00000  0.0245  0.100
  553  6.069  -25.80  1.00000  0.0245  0.105
  554  6.069  -25.69  1.00000  0.0245  0.105
  555  6.069  -25.59  1.00000  0.0245  0.100
  556  6.069  -25.49  1.00000  0.0245  0.100
  557  6.069  -25.39  1.00000  0.0245  0.100
  558  6.069  -25.29  1.00000  0.0245  0.105
  559  6.069  -25.18  1.00000  0.0245  0.105
  560  6.069  -25.08  1.00000  0.0245  0.100
  561  6.069  -24.98  1.00000  0.0245  0.100
  562  6.069  -24.88  1.00000  0.0245  0.100
  563  6.069  -24.78  1.00000  0.0245  0.105
  564  6.069  -24.67  1.00000  0.0245  0.105
  565  6.069  -24.57  1.00000  0.0245  0.100
  566  6.069  -24.47  1.00000  0.0245  0.100
  567  6.069  -24.37  1.00000  0.0245  0.100
  568  6.069  -24.27  1.00000  0.0245  0.105
  569  6.069  -24.16  1.00000  0.0245  0.105
  570  6.069  -24.06  1.00000  0.0245  0.100
  571  6.069  -23.96  1.00000  0.0245  0.100
  572  6.069  -23.86  1.00000  0.0245  0.100
  573  6.069  -23.76  1.00000  0.0245  0.105
  574  6.069  -23.65  1.00000  0.0245  0.105
  575  6.069  -23.55  1.00000  0.0245  0.100
  576  6.069  -23.45  1.00000  0.0245  0.100
  577  6.069  -23.35  1.00000  0.0245  0.105
  578  6.069  -23.24  1.00000  0.0245  0.105
  579  6.069  -23.14  1.00000  0.0245  0.100
  580  6.069  -23.04  1.00000  0.0245  0.100
  581  6.069  -22.94  1.00000  0.0245  0.100
  582  6.069  -22.84  1.00000  0.0245  0.105
  583  6.069  -22.73  1.00000  0.0245  0.105
  584  6.069  -22.63  1.00000  0.0245  0.100
  585  6.069  -22.53  1.00000  0.0245  0.100
  586  6.069  -22.43  1.00000  0.0245  0.100
  587  6.069  -22.33  1.00000  0.0245  0.105
  588  6.069  -22.22  1.00000  0.0245  0.105
  589  6.069  -22.12  1.00000  0.0245  0.100
  590  6.069  -22.02  1.00000  0.0245  0.100
  591  6.069  -21.92  1.00000  0.0245  0.100
  592  6.069  -21.82  1.00000  0.0245  0.105
  593  6.069  -21.71  1.00000  0.0245  0.105
  594  6.069  -21.61  1.00000  0.0245  0.100
  595  6.069  -21.51  1.00000  0.0245  0.100
  596  6.069  -21.41  1.00000  0.0245  0.100
  597  6.069  -21.31  1.00000  0.0245  0.105
  598  6.069  -21.20  1.00000  0.0245  0.105
  599  6.069  -21.10  1.00000  0.0245  0.100
  600  6.069  -21.00  1.00000  0.0245  0.100
  601  6.094  -26.00  1.00000  0.0245  0.100
  602  6.094  -25.90  1.00000  0.0245  0.100
  603  6.094  -25.80  1.00000  0.0245  0.105
  604  6.094  -25.69  1.00000  0.0245  0.105
  605  6.094  -25.59  1.00000  0.0245  0.100
  606  6.094  -25.49  1.00000  0.0245  0.100
  607  6.094  -25.39  1.00000  0.0245  0.100
  608  6.094  -25.29  1.00000  0.0245  0.105
  609  6.094  -25.18  1.00000  0.0245  0.105
  610  6.094  -25.08  1.00000  0.0245  0.100
  611  6.094  -24.98  1.00000  0.0245  0.100
  612  6.094  -24.88  1.00000  0.0245  0.100
  613  6.094  -24.78  1.00000  0.0245  0.105
  614  6.094  -24.67  1.00000  0.0245  0.105
  615  6.094  -24.57  1.00000  0.0245  0.100
  616  6.094  -24.47  1.00000  0.0245  0.100
  617  6.094  -24.37  1.00000  0.0245  0.100
  618  6.094  -24.27  1.00000  0.0245  0.105
  619  6.094  -24.16  1.00000  0.0245  0.105
  620  6.094  -24.06  1.00000  0.0245  0.100
  621  6.094  -23.96  1.00000  0.0245  0.100
  622  6.094  -23.86  1.00000  0.0245  0.100
  623  6.094  -23.76  1.00000  0.0245  0.105
  624  6.094  -23.65  1.00000  0.0245  0.105
  625  6.094  -23.55  1.00000  0.0245  0.100
  626  6.094  -23.45  1.00000  0.0245  0.100
  627  6.094  -23.35  1.00000  0.0245  0.105
  628  6.094  -23.24  1.00000  0.0245  0.105
  629  6.094  -23.14  1.00000  0.0245  0.100
  630  6.094  -23.04  1.00000  0.0245  0.100
  631  6.094  -22.94  1.00000  0.0245  0.100
  632  6.094  -22.84  1.00000  0.0245  0.105
  633  6.094  -22.73  1.00000  0.0245  0.105
  634  6.094  -22.63  1.00000  0.0245  0.100
  635  6.094  -22.53  1.00000  0.0245  0.100
  636  6.094  -22.43  1.00000  0.0245  0.100
  637  6.094  -22.33  1.00000  0.0245  0.105
  638  6.094  -22.22  1.00000  0.0245  0.105
  639  6.094  -22.12  1.00000  0.0245  0.100
  640  6.094  -22.02  1.00000  0.0245  0.100
  641  6.094  -21.92  1.00000  0.0245  0.100
  642  6.094  -21.82  1.00000  0.0245  0.105
  643  6.094  -21.71  1.00000  0.0245  0.105
  644  6.094  -21.61  1.00000  0.0245  0.100
  645  6.094  -21.51  1.00000  0.0245  0.100
  646  6.094  -21.41  1.00000  0.0245  0.100
  647  6.094  -21.31  1.00000  0.0245  0.105
  648  6.094  -21.20  1.00000  0.0245  0.105
  649  6.094  -21.10  1.00000  0.0245  0.100
  650  6.094  -21.00  1.00000  0.0245  0.100
  651  6.118  -26.00  1.00000  0.0245  0.100
  652  6.118  -25.90  1.00000  0.0245  0.100
  653  6.118  -25.80  1.00000  0.0245  0.105
  654  6.118  -25.69  1.00000  0.0245  0.105
  655  6.118  -25.59  1.00000  0.0245  0.100
  656  6.118  -25.49  1.00000  0.0245  0.100
  657  6.118  -25.39  1.00000  0.0245  0.100
  658  6.118  -25.29  1.00000  0.0245  0.105
  659  6.118  -25.18  1.00000  0.0245  0.105
  660  6.118  -25.08  1.00000  0.0245  0.100
  661  6.118  -24.98  1.00000  0.0245  0.100
  662  6.118  -24.88  1.00000  0.0245  0.100
  663  6.118  -24.78  1.00000  0.0245  0.105
  664  6.118  -24.67  1.00000  0.0245  0.105
  665  6.118  -24.57  1.00000  0.0245  0.100
  666  6.118  -24.47  1.00000  0.0245  0.100
  667  6.118  -24.37  1.00000  0.0245  0.100
  668  6.118  -24.27  1.00000  0.0245  0.105
  669  6.118  -24.16  1.00000  0.0245  0.105
  670  6.118  -24.06  1.00000  0.0245  0.100
  671  6.118  -23.96  1.00000  0.0245  0.100
  672  6.118  -23.86  1.00000  0.0245  0.100
  673  6.118  -23.76  1.00000  0.0245  0.105
  674  6.118  -23.65  1.00000  0.0245  0.105
  675  6.118  -23.55  1.00000  0.0245  0.100
  676  6.118  -23.45  1.00000  0.0245  0.100
  677  6.118  -23.35  1.00000  0.0245  0.105
  678  6.118  -23.24  1.00000  0.0245  0.105
  679  6.118  -23.14  1.00000  0.0245  0.100
  680  6.118  -23.04  1.00000  0.0245  0.100
  681  6.118  -22.94  1.00000  0.0245  0.100
  682  6.118  -22.84  1.00000  0.0245  0.105
  683  6.118  -22.73  1.00000  0.0245  0.105
  684  6.118  -22.63  1.00000  0.0245  0.100
  685  6.118  -22.53  1.00000  0.0245  0.100
  686  6.118  -22.43  1.00000  0.0245  0.100
  687  6.118  -22.33  1.00000  0.0245  0.105
  688  6.118  -22.22  1.00000  0.0245  0.105
  689  6.118  -22.12  1.00000  0.0245  0.100
  690  6.118  -22.02  1.00000  0.0245  0.100
  691  6.118  -21.92  1.00000  0.0245  0.100
  692  6.118  -21.82  1.00000  0.0245  0.105
  693  6.118  -21.71  1.00000  0.0245  0.105
  694  6.118  -21.61  1.00000  0.0245  0.100
  695  6.118  -21.51  1.00000  0.0245  0.100
  696  6.118  -21.41  1.00000  0.0245  0.100
  697  6.118  -21.31  1.00000  0.0245  0.105
  698  6.118  -21.20  1.00000  0.0245  0.105
  699  6.118  -21.10  1.00000  0.0245  0.100
  700  6.118  -21.00  1.00000  0.0245  0.100
  701  6.143  -26.00  1.00000  0.0245  0.100
  702  6.143  -25.90  1.00000  0.0245  0.100
  703  6.143  -25.80  1.00000  0.0245  0.105
  704  6.143  -25.69  1.00000  0.0245  0.105
  705  6.143  -25.59  1.00000  0.0245  0.100
  706  6.143  -25.49  1.00000  0.0245  0.100
  707  6.143  -25.39  1.00000  0.0245  0.100
  708  6.143  -25.29  1.00000  0.0245  0.105
  709  6.143  -25.18  1.00000  0.0245  0.105
  710  6.143  -25.08  1.00000  0.0245  0.100
  711  6.143  -24.98  1.00000  0.0245  0.100
  712  6.143  -24.88  1.00000  0.0245  0.100
  713  6.143  -24.78  1.00000  0.0245  0.105
  714  6.143  -24.67  1.00000  0.0245  0.105
  715  6.143  -24.57  1.00000  0.0245  0.100
  716  6.143  -24.47  1.00000  0.0245  0.100
  717  6.143  -24.37  1.00000  0.0245  0.100
  718  6.143  -24.27  1.00000  0.0245  0.105
  719  6.143  -24.16  1.00000  0.0245  0.105
  720  6.143  -24.06  1.00000  0.0245  0.100
  721  6.143  -23.96  1.00000  0.0245  0.100
  722  6.143  -23.86  1.00000  0.0245  0.100
  723  6.143  -23.76  1.00000  0.0245  0.105
  724  6.143  -23.65  1.00000  0.0245  0.105
  725  6.143  -23.55  1.00000  0.0245  0.100
  726  6.143  -23.45  1.00000  0.0245  0.100
  727  6.143  -23.35  1.00000  0.0245  0.105
  728  6.143  -23.24  1.00000  0.0245  0.105
  729  6.143  -23.14  1.00000  0.0245  0.100
  730  6.143  -23.04  1.00000  0.0245  0.100
  731  6.143  -22.94  1.00000  0.0245  0.100
  732  6.143  -22.84  1.00000  0.0245  0.105
  733  6.143  -22.73  1.00000  0.0245  0.105
  734  6.143  -22.63  1.00000  0.0245  0.100
  735  6.143  -22.53  1.00000  0.0245  0.100
  736  6.143  -22.43  1.00000  0.0245  0.100
  737  6.143  -22.33  1.00000  0.0245  0.105
  738  6.143  -22.22  1.00000  0.0245  0.105
  739  6.143  -22.12  1.00000  0.0245  0.100
  740  6.143  -22.02  1.00000  0.0245  0.100
  741  6.143  -21.92  1.00000  0.0245  0.100
  742  6.143  -21.82  1.00000  0.0245  0.105
  743  6.143  -21.71  1.00000  0.0245  0.105
  744  6.143  -21.61  1.00000  0.0245  0.100
  745  6.143  -21.51  1.00000  0.0245  0.100
  746  6.143  -21.41  1.00000  0.0245  0.100
  747  6.143  -21.31  1.00000  0.0245  0.105
  748  6.143  -21.20  1.00000  0.0245  0.105
  749  6.143  -21.10  1.00000  0.0245  0.100
  750  6.143  -21.00  1.00000  0.0245  0.100
  751  6.167  -26.00  1.00000  0.0245  0.100
  752  6.167  -25.90  1.00000  0.0245  0.100
  753  6.167  -25.80  1.00000  0.0245  0.105
  754  6.167  -25.69  1.00000  0.0245  0.105
  755  6.167  -25.59  1.00000  0.0245  0.100
  756  6.167  -25.49  1.00000  0.0245  0.100
  757  6.167  -25.39  1.00000  0.0245  0.100
  758  6.167  -25.29  1.00000  0.0245  0.105
  759  6.167  -25.18  1.00000  0.0245  0.105
  760  6.167  -25.08  1.00000  0.0245  0.100
  761  6.167  -24.98  1.00000  0.0245  0.100
  762  6.167  -24.88  1.00000  0.0245  0.100
  763  6.167  -24.78  1.00000  0.0245  0.105
  764  6.167  -24.67  1.00000  0.0245  0.105
  765  6.167  -24.57  1.00000  0.0245  0.100
  766  6.167  -24.47  1.00000  0.0245  0.100
  767  6.167  -24.37  1.00000  0.0245  0.100
  768  6.167  -24.27  1.00000  0.0245  0.105
  769  6.167  -24.16  1.00000  0.0245  0.105
  770  6.167  -24.06  1.00000  0.0245  0.100
  771  6.167  -23.96  1.00000  0.0245  0.100
  772  6.167  -23.86  1.00000  0.0245  0.100
  773  6.167  -23.76  1.00000  0.0245  0.105
  774  6.167  -23.65  1.00000  0.0245  0.105
  775  6.167  -23.55  1.00000  0.0245  0.100
  776  6.167  -23.45  1.00000  0.0245  0.100
  777  6.167  -23.35  1.00000  0.0245  0.105
  778  6.167  -23.24  1.00000  0.0245  0.105
  779  6.167  -23.14  1.00000  0.0245  0.100
  780  6.167  -23.04  1.00000  0.0245  0.100
  781  6.167  -22.94  1.00000  0.0245  0.100
  782  6.167  -22.84  1.00000  0.0245  0.105
  783  6.167  -22.73  1.00000  0.0245  0.105
  784  6.167  -22.63  1.00000  0.0245  0.100
  785  6.167  -22.53  1.00000  0.0245  0.100
  786  6.167  -22.43  1.00000  0.0245  0.100
  787  6.167  -22.33  1.00000  0.0245  0.105
  788  6.167  -22.22  1.00000  0.0245  0.105
  789  6.167  -22.12  1.00000  0.0245  0.100
  790  6.167  -22.02  1.00000  0.0245  0.100
  791  6.167  -21.92  1.00000  0.0245  0.100
  792  6.167  -21.82  1.00000  0.0245  0.105
  793  6.167  -21.71  1.00000  0.0245  0.105
  794  6.167  -21.61  1.00000  0.0245  0.100
  795  6.167  -21.51  1.00000  0.0245  0.100
  796  6.167  -21.41  1.00000  0.0245  0.100
  797  6.167  -21.31  1.00000  0.0245  0.105
  798  6.167  -21.20  1.00000  0.0245  0.105
  799  6.167  -21.10  1.00000  0.0245  0.100
  800  6.167  -21.00  1.00000  0.0245  0.100
  801  6.192  -26.00  1.00000  0.0245  0.100
  802  6.192  -25.90  1.00000  0.0245  0.100
  803  6.192  -25.80  1.00000  0.0245  0.105
  804  6.192  -25.69  1.00000  0.0245  0.105
  805  6.192  -25.59  1.00000  0.0245  0.100
  806  6.192  -25.49  1.00000  0.0245  0.100
  807  6.192  -25.39  1.00000  0.0245  0.100
  808  6.192  -25.29  1.00000  0.0245  0.105
  809  6.192  -25.18  1.00000  0.0245  0.105
  810  6.192  -25.08  1.00000  0.0245  0.100
  811  6.192  -24.98  1.00000  0.0245  0.100
  812  6.192  -24.88  1.00000  0.0245  0.100
  813  6.192  -24.78  1.00000  0.0245  0.105
  814  6.192  -24.67  1.00000  0.0245  0.105
  815  6.192  -24.57  1.00000  0.0245  0.100
  816  6.192  -24.47  1.00000  0.0245  0.100
  817  6.192  -24.37  1.00000  0.0245  0.100
  818  6.192  -24.27  1.00000  0.0245  0.105
  819  6.192  -24.16  1.00000  0.0245  0.105
  820  6.192  -24.06  1.00000  0.0245  0.100
  821  6.192  -23.96  1.00000  0.0245  0.100
  822  6.192  -23.86  1.00000  0.0245  0.100
  823  6.192  -23.76  1.00000  0.0245  0.105
  824  6.192  -23.65  1.00000  0.0245  0.105
  825  6.192  -23.55  1.00000  0.0245  0.100
  826  6.192  -23.45  1.00000  0.0245  0.100
  827  6.192  -23.35  1.00000  0.0245  0.105
  828  6.192  -23.24  1.00000  0.0245  0.105
  829  6.192  -23.14  1.00000  0.0245  0.100
  830  6.192  -23.04  1.00000  0.0245  0.100
  831  6.192  -22.94  1.00000  0.0245  0.100
  832  6.192  -22.84  1.00000  0.0245  0.105
  833  6.192  -22.73  1.00000  0.0245  0.105
  834  6.192  -22.63  1.00000  0.0245  0.100
  835  6.192  -22.53  1.00000  0.0245  0.100
  836  6.192  -22.43  1.00000  0.0245  0.100
  837  6.192  -22.33  1.00000  0.0245  0.105
  838  6.192  -22.22  1.00000  0.0245  0.105
  839  6.192  -22.12  1.00000  0.0245  0.100
  840  6.192  -22.02  1.00000  0.0245  0.100
  841  6.192  -21.92  1.00000  0.0245  0.100
  842  6.192  -21.82  1.00000  0.0245  0.105
  843  6.192  -21.71  1.00000  0.0245  0.105
  844  6.192  -21.61  1.00000  0.0245  0.100
  845  6.192  -21.51  1.00000  0.0245  0.100
  846  6.192  -21.41  1.00000  0.0245  0.100
  847  6.192  -21.31  1.00000  0.0245  0.105
  848  6.192  -21.20  1.00000  0.0245  0.105
  849  6.192  -21.10  1.00000  0.0245  0.100
  850  6.192  -21.00  1.00000  0.0245  0.100
  851  6.216  -26.00  1.00000  0.0245  0.100
  852  6.216  -25.90  1.00000  0.0245  0.100
  853  6.216  -25.80  1.00000  0.0245  0.105
  854  6.216  -25.69  1.00000  0.0245  0.105
  855  6.216  -25.59  1.00000  0.0245  0.100
  856  6.216  -25.49  1.00000  0.0245  0.100
  857  6.216  -25.39  1.00000  0.0245  0.100
  858  6.216  -25.29  1.00000  0.0245  0.105
  859  6.216  -25.18  1.00000  0.0245  0.105
  860  6.216  -25.08  1.00000  0.0245  0.100
  861  6.216  -24.98  1.00000  0.0245  0.100
  862  6.216  -24.88  1.00000  0.0245  0.100
  863  6.216  -24.78  1.00000  0.0245  0.105
  864  6.216  -24.67  1.00000  0.0245  0.105
  865  6.216  -24.57  1.00000  0.0245  0.100
  866  6.216  -24.47  1.00000  0.0245  0.100
  867  6.216  -24.37  1.00000  0.0245  0.100
  868  6.216  -24.27  1.00000  0.0245  0.105
  869  6.216  -24.16  1.00000  0.0245  0.105
  870  6.216  -24.06  1.00000  0.0245  0.100
  871  6.216  -23.96  1.00000  0.0245  0.100
  872  6.216  -23.86  1.00000  0.0245  0.100
  873  6.216  -23.76  1.00000  0.0245  0.105
  874  6.216  -23.65  1.00000  0.0245  0.105
  875  6.216  -23.55  1.00000  0.0245  0.100
  876  6.216  -23.45  1.00000  0.0245  0.100
  877  6.216  -23.35  1.00000  0.0245  0.105
  878  6.216  -23.24  1.00000  0.0245  0.105
  879  6.216  -23.14  1.00000  0.0245  0.100
  880  6.216  -23.04  1.00000  0.0245  0.100
  881  6.216  -22.94  1.00000  0.0245  0.100
  882  6.216  -22.84  1.00000  0.0245  0.105
  883  6.216  -22.73  1.00000  0.0245  0.105
  884  6.216  -22.63  1.00000  0.0245  0.100
  885  6.216  -22.53  1.00000  0.0245  0.100
  886  6.216  -22.43  1.00000  0.0245  0.100
  887  6.216  -22.33  1.00000  0.0245  0.105
  888  6.216  -22.22  1.00000  0.0245  0.105
  889  6.216  -22.12  1.00000  0.0245  0.100
  890  6.216  -22.02  1.00000  0.0245  0.100
  891  6.216  -21.92  1.00000  0.0245  0.100
  892  6.216  -21.82  1.00000  0.0245  0.105
  893  6.216  -21.71  1.00000  0.0245  0.105
  894  6.216  -21.61  1.00000  0.0245  0.100
  895  6.216  -21.51  1.00000  0.0245  0.100
  896  6.216  -21.41  1.00000  0.0245  0.100
  897  6.216  -21.31  1.00000  0.0245  0.105
  898  6.216  -21.20  1.00000  0.0245  0.105
  899  6.216  -21.10  1.00000  0.0245  0.100
  900  6.216  -21.00  1.00000  0.0245  0.100
  901  6.241  -26.00  1.00000  0.0245  0.100
  902  6.241  -25.90  1.00000  0.0245  0.100
  903  6.241  -25.80  1.00000  0.0245  0.105
  904  6.241  -25.69  1.00000  0.0245  0.105
  905  6.241  -25.59  1.00000  0.0245  0.100
  906  6.241  -25.49  1.00000  0.0245  0.100
  907  6.241  -25.39  1.00000  0.0245  0.100
  908  6.241  -25.29  1.00000  0.0245  0.105
  909  6.241  -25.18  1.00000  0.0245  0.105
  910  6.241  -25.08  1.00000  0.0245  0.100
  911  6.241  -24.98  1.00000  0.0245  0.100
  912  6.241  -24.88  1.00000  0.0245  0.100
  913  6.241  -24.78  1.00000  0.0245  0.105
  914  6.241  -24.67  1.00000  0.0245  0.105
  915  6.241  -24.57  1.00000  0.0245  0.100
  916  6.241  -24.47  1.00000  0.0245  0.100
  917  6.241  -24.37  1.00000  0.0245  0.100
  918  6.241  -24.27  1.00000  0.0245  0.105
  919  6.241  -24.16  1.00000  0.0245  0.105
  920  6.241  -24.06  1.00000  0.0245  0.100
  921  6.241  -23.96  1.00000  0.0245  0.100
  922  6.241  -23.86  1.00000  0.0245  0.100
  923  6.241  -23.76  1.00000  0.0245  0.105
  924  6.241  -23.65  1.00000  0.0245  0.105
  925  6.241  -23.55  1.00000  0.0245  0.100
  926  6.241  -23.45  1.00000  0.0245  0.100
  927  6.241  -23.35  1.00000  0.0245  0.105
  928  6.241  -23.24  1.00000  0.0245  0.105
  929  6.241  -23.14  1.00000  0.0245  0.100
  930  6.241  -23.04  1.00000  0.0245  0.100
  931  6.241  -22.94  1.00000  0.0245  0.100
  932  6.241  -22.84  1.00000  0.0245  0.105
  933  6.241  -22.73  1.00000  0.0245  0.105
  934  6.241  -22.63  1.00000  0.0245  0.100
  935  6.241  -22.53  1.00000  0.0245  0.100
  936  6.241  -22.43  1.00000  0.0245  0.100
  937  6.241  -22.33  1.00000  0.0245  0.105
  938  6.241  -22.22  1.00000  0.0245  0.105
  939  6.241  -22.12  1.00000  0.0245  0.100
  940  6.241  -22.02  1.00000  0.0245  0.100
  941  6.241  -21.92  1.00000  0.0245  0.100
  942  6.241  -21.82  1.00000  0.0245  0.105
  943  6.241  -21.71  1.00000  0.0245  0.105
  944  6.241  -21.61  1.00000  0.0245  0.100
  945  6.241  -21.51  1.00000  0.0245  0.100
  946  6.241  -21.41  1.00000  0.0245  0.100
  947  6.241  -21.31  1.00000  0.0245  0.105
  948  6.241  -21.20  1.00000  0.0245  0.105
  949  6.241  -21.10  1.00000  0.0245  0.100
  950  6.241  -21.00  1.00000  0.0245  0.100
  951  6.265  -26.00  1.00000  0.0245  0.100
  952  6.265  -25.90  1.00000  0.0245  0.100
  953  6.265  -25.80  1.00000  0.0245  0.105
  954  6.265  -25.69  1.00000  0.0245  0.105
  955  6.265  -25.59  1.00000  0.0245  0.100
  956  6.265  -25.49  1.00000  0.0245  0.100
  957  6.265  -25.39  1.00000  0.0245  0.100
  958  6.265  -25.29  1.00000  0.0245  0.105
  959  6.265  -25.18  1.00000  0.0245  0.105
  960  6.265  -25.08  1.00000  0.0245  0.100
  961  6.265  -24.98  1.00000  0.0245  0.100
  962  6.265  -24.88  1.00000  0.0245  0.100
  963  6.265  -24.78  1.00000  0.0245  0.105
  964  6.265  -24.67  1.00000  0.0245  0.105
  965  6.265  -24.57  1.00000  0.0245  0.100
  966  6.265  -24.47  1.00000  0.0245  0.100
  967  6.265  -24.37  1.00000  0.0245  0.100
  968  6.265  -24.27  1.00000  0.0245  0.105
  969  6.265  -24.16  1.00000  0.0245  0.105
  970  6.265  -24.06  1.00000  0.0245  0.100
  971  6.265  -23.96  1.00000  0.0245  0.100
  972  6.265  -23.86  1.00000  0.0245  0.100
  973  6.265  -23.76  1.00000  0.0245  0.105
  974  6.265  -23.65  1.00000  0.0245  0.105
  975  6.265  -23.55  1.00000  0.0245  0.100
  976  6.265  -23.45  1.00000  0.0245  0.100
  977  6.265  -23.35  1.00000  0.0245  0.105
  978  6.265  -23.24  1.00000  0.0245  0.105
  979  6.265  -23.14  1.00000  0.0245  0.100
  980  6.265  -23.04  1.00000  0.0245  0.100
  981  6.265  -22.94  1.00000  0.0245  0.100
  982  6.265  -22.84  1.00000  0.0245  0.105
  983  6.265  -22.73  1.00000  0.0245  0.105
  984  6.265  -22.63  1.00000  0.0245  0.100
  985  6.265  -22.53  1.00000  0.0245  0.100
  986  6.265  -22.43  1.00000  0.0245  0.100
  987  6.265  -22.33  1.00000  0.0245  0.105
  988  6.265  -22.22  1.00000  0.0245  0.105
  989  6.265  -22.12  1.00000  0.0245  0.100
  990  6.265  -22.02  1.00000  0.0245  0.100
  991  6.265  -21.92  1.00000  0.0245  0.100
  992  6.265  -21.82  1.00000  0.0245  0.105
  993  6.265  -21.71  1.00000  0.0245  0.105
  994  6.265  -21.61  1.00000  0.0245  0.100
  995  6.265  -21.51  1.00000  0.0245  0.100
  996  6.265  -21.41  1.00000  0.0245  0.100
  997  6.265  -21.31  1.00000  0.0245  0.105
  998  6.265  -21.20  1.00000  0.0245  0.105
  999  6.265  -21.10  1.00000  0.0245  0.100
 1000  6.265  -21.00  1.00000  0.0245  0.100
 1001  6.290  -26.00  1.00000  0.0245  0.100
 1002  6.290  -25.90  1.00000  0.0245  0.100
 1003  6.290  -25.80  1.00000  0.0245  0.105
 1004  6.290  -25.69  1.00000  0.0245  0.105
 1005  6.290  -25.59  1.00000  0.0245  0.100
 1006  6.290  -25.49  1.00000  0.0245  0.100
 1007  6.290  -25.39  1.00000  0.0245  0.100
 1008  6.290  -25.29  1.00000  0.0245  0.105
 1009  6.290  -25.18  1.00000  0.0245  0.105
 1010  6.290  -25.08  1.00000  0.0245  0.100
 1011  6.290  -24.98  1.00000  0.0245  0.100
 1012  6.290  -24.88  1.00000  0.0245  0.100
 1013  6.290  -24.78  1.00000  0.0245  0.105
 1014  6.290  -24.67  1.00000  0.0245  0.105
 1015  6.290  -24.57  1.00000  0.0245  0.100
 1016  6.290  -24.47  1.00000  0.0245  0.100
 1017  6.290  -24.37  1.00000  0.0245  0.100
 1018  6.290  -24.27  1.00000  0.0245  0.105
 1019  6.290  -24.16  1.00000  0.0245  0.105
 1020  6.290  -24.06  1.00000  0.0245  0.100
 1021  6.290  -23.96  1.00000  0.0245  0.100
 1022  6.290  -23.86  1.00000  0.0245  0.100
 1023  6.290  -23.76  1.00000  0.0245  0.105
 1024  6.290  -23.65  1.00000  0.0245  0.105
 1025  6.290  -23.55  1.00000  0.0245  0.100
 1026  6.290  -23.45  1.00000  0.0245  0.100
 1027  6.290  -23.35  1.00000  0.0245  0.105
 1028  6.290  -23.24  1.00000  0.0245  0.105
 1029  6.290  -23.14  1.00000  0.0245  0.100
 1030  6.290  -23.04  1.00000  0.0245  0.100
 1031  6.290  -22.94  1.00000  0.0245  0.100
 1032  6.290  -22.84  1.00000  0.0245  0.105
 1033  6.290  -22.73  1.00000  0.0245  0.105
 1034  6.290  -22.63  1.00000  0.0245  0.100
 1035  6.290  -22.53  1.00000  0.0245  0.100
 1036  6.290  -22.43  1.00000  0.0245  0.100
 1037  6.290  -22.33  1.00000  0.0245  0.105
 1038  6.290  -22.22  1.00000  0.0245  0.105
 1039  6.290  -22.12  1.00000  0.0245  0.100
 1040  6.290  -22.02  1.00000  0.0245  0.100
 1041  6.290  -21.92  1.00000  0.0245  0.100
 1042  6.290  -21.82  1.00000  0.0245  0.105
 1043  6.290  -21.71  1.00000  0.0245  0.105
 1044  6.290  -21.61  1.00000  0.0245  0.100
 1045  6.290  -21.51  1.00000  0.0245  0.100
 1046  6.290  -21.41  1.00000  0.0245  0.100
 1047  6.290  -21.31  1.00000  0.0245  0.105
 1048  6.290  -21.20  1.00000  0.0245  0.105
 1049  6.290  -21.10  1.00000  0.0245  0.100
 1050  6.290  -21.00  1.00000  0.0245  0.100
 1051  6.314  -26.00  1.00000  0.0245  0.100
 1052  6.314  -25.90  1.00000  0.0245  0.100
 1053  6.314  -25.80  1.00000  0.0245  0.105
 1054  6.314  -25.69  1.00000  0.0245  0.105
 1055  6.314  -25.59  1.00000  0.0245  0.100
 1056  6.314  -25.49  1.00000  0.0245  0.100
 1057  6.314  -25.39  1.00000  0.0245  0.100
 1058  6.314  -25.29  1.00000  0.0245  0.105
 1059  6.314  -25.18  1.00000  0.0245  0.105
 1060  6.314  -25.08  1.00000  0.0245  0.100
 1061  6.314  -24.98  1.00000  0.0245  0.100
 1062  6.314  -24.88  1.00000  0.0245  0.100
 1063  6.314  -24.78  1.00000  0.0245  0.105
 1064  6.314  -24.67  1.00000  0.0245  0.105
 1065  6.314  -24.57  1.00000  0.0245  0.100
 1066  6.314  -24.47  1.00000  0.0245  0.100
 1067  6.314  -24.37  1.00000  0.0245  0.100
 1068  6.314  -24.27  1.00000  0.0245  0.105
 1069  6.314  -24.16  1.00000  0.0245  0.105
 1070  6.314  -24.06  1.00000  0.0245  0.100
 1071  6.314  -23.96  1.00000  0.0245  0.100
 1072  6.314  -23.86  1.00000  0.0245  0.100
 1073  6.314  -23.76  1.00000  0.0245  0.105
 1074  6.314  -23.65  1.00000  0.0245  0.105
 1075  6.314  -23.55  1.00000  0.0245  0.100
 1076  6.314  -23.45  1.00000  0.0245  0.100
 1077  6.314  -23.35  1.00000  0.0245  0.105
 1078  6.314  -23.24  1.00000  0.0245  0.105
 1079  6.314  -23.14  1.00000  0.0245  0.100
 1080  6.314  -23.04  1.00000  0.0245  0.100
 1081  6.314  -22.94  1.00000  0.0245  0.100
 1082  6.314  -22.84  1.00000  0.0245  0.105
 1083  6.314  -22.73  1.00000  0.0245  0.105
 1084  6.314  -22.63  1.00000  0.0245  0.100
 1085  6.314  -22.53  1.00000  0.0245  0.100
 1086  6.314  -22.43  1.00000  0.0245  0.100
 1087  6.314  -22.33  1.00000  0.0245  0.105
 1088  6.314  -22.22  1.00000  0.0245  0.105
 1089  6.314  -22.12  1.00000  0.0245  0.100
 1090  6.314  -22.02  1.00000  0.0245  0.100
 1091  6.314  -21.92  1.00000  0.0245  0.100
 1092  6.314  -21.82  1.00000  0.0245  0.105
 1093  6.314  -21.71  1.00000  0.0245  0.105
 1094  6.314  -21.61  1.00000  0.0245  0.100
 1095  6.314  -21.51  1.00000  0.0245  0.100
 1096  6.314  -21.41  1.00000  0.0245  0.100
 1097  6.314  -21.31  1.00000  0.0245  0.105
 1098  6.314  -21.20  1.00000  0.0245  0.105
 1099  6.314  -21.10  1.00000  0.0245  0.100
 1100  6.314  -21.00  1.00000  0.0245  0.100
 1101  6.339  -26.00  1.00000  0.0245  0.100
 1102  6.339  -25.90  1.00000  0.0245  0.100
 1103  6.339  -25.80  1.00000  0.0245  0.105
 1104  6.339  -25.69  1.00000  0.0245  0.105
 1105  6.339  -25.59  1.00000  0.0245  0.100
 1106  6.339  -25.49  1.00000  0.0245  0.100
 1107  6.339  -25.39  1.00000  0.0245  0.100
 1108  6.339  -25.29  1.00000  0.0245  0.105
 1109  6.339  -25.18  1.00000  0.0245  0.105
 1110  6.339  -25.08  1.00000  0.0245  0.100
 1111  6.339  -24.98  1.00000  0.0245  0.100
 1112  6.339  -24.88  1.00000  0.0245  0.100
 1113  6.339  -24.78  1.00000  0.0245  0.105
 1114  6.339  -24.67  1.00000  0.0245  0.105
 1115  6.339  -24.57  1.00000  0.0245  0.100
 1116  6.339  -24.47  1.00000  0.0245  0.100
 1117  6.339  -24.37  1.00000  0.0245  0.100
 1118  6.339  -24.27  1.00000  0.0245  0.105
 1119  6.339  -24.16  1.00000  0.0245  0.105
 1120  6.339  -24.06  1.00000  0.0245  0.100
 1121  6.339  -23.96  1.00000  0.0245  0.100
 1122  6.339  -23.86  1.00000  0.0245  0.100
 1123  6.339  -23.76  1.00000  0.0245  0.105
 1124  6.339  -23.65  1.00000  0.0245  0.105
 1125  6.339  -23.55  1.00000  0.0245  0.100
 1126  6.339  -23.45  1.00000  0.0245  0.100
 1127  6.339  -23.35  1.00000  0.0245  0.105
 1128  6.339  -23.24  1.00000  0.0245  0.105
 1129  6.339  -23.14  1.00000  0.0245  0.100
 1130  6.339  -23.04  1.00000  0.0245  0.100
 1131  6.339  -22.94  1.00000  0.0245  0.100
 1132  6.339  -22.84  1.00000  0.0245  0.105
 1133  6.339  -22.73  1.00000  0.0245  0.105
 1134  6.339  -22.63  1.00000  0.0245  0.100
 1135  6.339  -22.53  1.00000  0.0245  0.100
 1136  6.339  -22.43  1.00000  0.0245  0.100
 1137  6.339  -22.33  1.00000  0.0245  0.105
 1138  6.339  -22.22  1.00000  0.0245  0.105
 1139  6.339  -22.12  1.00000  0.0245  0.100
 1140  6.339  -22.02  1.00000  0.0245  0.100
 1141  6.339  -21.92  1.00000  0.0245  0.100
 1142  6.339  -21.82  1.00000  0.0245  0.105
 1143  6.339  -21.71  1.00000  0.0245  0.105
 1144  6.339  -21.61  1.00000  0.0245  0.100
 1145  6.339  -21.51  1.00000  0.0245  0.100
 1146  6.339  -21.41  1.00000  0.0245  0.100
 1147  6.339  -21.31  1.00000  0.0245  0.105
 1148  6.339  -21.20  1.00000  0.0245  0.105
 1149  6.339  -21.10  1.00000  0.0245  0.100
 1150  6.339  -21.00  1.00000  0.0245  0.100
 1151  6.363  -26.00  1.00000  0.0245  0.100
 1152  6.363  -25.90  1.00000  0.0245  0.100
 1153  6.363  -25.80  1.00000  0.0245  0.105
 1154  6.363  -25.69  1.00000  0.0245  0.105
 1155  6.363  -25.59  1.00000  0.0245  0.100
 1156  6.363  -25.49  1.00000  0.0245  0.100
 1157  6.363  -25.39  1.00000  0.0245  0.100
 1158  6.363  -25.29  1.00000  0.0245  0.105
 1159  6.363  -25.18  1.00000  0.0245  0.105
 1160  6.363  -25.08  1.00000  0.0245  0.100
 1161  6.363  -24.98  1.00000  0.0245  0.100
 1162  6.363  -24.88  1.00000  0.0245  0.100
 1163  6.363  -24.78  1.00000  0.0245  0.105
 1164  6.363  -24.67  1.00000  0.0245  0.105
 1165  6.363  -24.57  1.00000  0.0245  0.100
 1166  6.363  -24.47  1.00000  0.0245  0.100
 1167  6.363  -24.37  1.00000  0.0245  0.100
 1168  6.363  -24.27  1.00000  0.0245  0.105
 1169  6.363  -24.16  1.00000  0.0245  0.105
 1170  6.363  -24.06  1.00000  0.0245  0.100
 1171  6.363  -23.96  1.00000  0.0245  0.100
 1172  6.363  -23.86  1.00000  0.0245  0.100
 1173  6.363  -23.76  1.00000  0.0245  0.105
 1174  6.363  -23.65  1.00000  0.0245  0.105
 1175  6.363  -23.55  1.00000  0.0245  0.100
 1176  6.363  -23.45  1.00000  0.0245  0.100
 1177  6.363  -23.35  1.00000  0.0245  0.105
 1178  6.363  -23.24  1.00000  0.0245  0.105
 1179  6.363  -23.14  1.00000  0.0245  0.100
 1180  6.363  -23.04  1.00000  0.0245  0.100
 1181  6.363  -22.94  1.00000  0.0245  0.100
 1182  6.363  -22.84  1.00000  0.0245  0.105
 1183  6.363  -22.73  1.00000  0.0245  0.105
 1184  6.363  -22.63  1.00000  0.0245  0.100
 1185  6.363  -22.53  1.00000  0.0245  0.100
 1186  6.363  -22.43  1.00000  0.0245  0.100
 1187  6.363  -22.33  1.00000  0.0245  0.105
 1188  6.363  -22.22  1.00000  0.0245  0.105
 1189  6.363  -22.12  1.00000  0.0245  0.100
 1190  6.363  -22.02  1.00000  0.0245  0.100
 1191  6.363  -21.92  1.00000  0.0245  0.100
 1192  6.363  -21.82  1.00000  0.0245  0.105
 1193  6.363  -21.71  1.00000  0.0245  0.105
 1194  6.363  -21.61  1.00000  0.0245  0.100
 1195  6.363  -21.51  1.00000  0.0245  0.100
 1196  6.363  -21.41  1.00000  0.0245  0.100
 1197  6.363  -21.31  1.00000  0.0245  0.105
 1198  6.363  -21.20  1.00000  0.0245  0.105
 1199  6.363  -21.10  1.00000  0.0245  0.100
 1200  6.363  -21.00  1.00000  0.0245  0.100
 1201  6.388  -26.00  1.00000  0.0245  0.100
 1202  6.388  -25.90  1.00000  0.0245  0.100
 1203  6.388  -25.80  1.00000  0.0245  0.105
 1204  6.388  -25.69  1.00000  0.0245  0.105
 1205  6.388  -25.59  1.00000  0.0245  0.100
 1206  6.388  -25.49  1.00000  0.0245  0.100
 1207  6.388  -25.39  1.00000  0.0245  0.100
 1208  6.388  -25.29  1.00000  0.0245  0.105
 1209  6.388  -25.18  1.00000  0.0245  0.105
 1210  6.388  -25.08  1.00000  0.0245  0.100
 1211  6.388  -24.98  1.00000  0.0245  0.100
 1212  6.388  -24.88  1.00000  0.0245  0.100
 1213  6.388  -24.78  1.00000  0.0245  0.105
 1214  6.388  -24.67  1.00000  0.0245  0.105
 1215  6.388  -24.57  1.00000  0.0245  0.100
 1216  6.388  -24.47  1.00000  0.0245  0.100
 1217  6.388  -24.37  1.00000  0.0245  0.100
 1218  6.388  -24.27  1.00000  0.0245  0.105
 1219  6.388  -24.16  1.00000  0.0245  0.105
 1220  6.388  -24.06  1.00000  0.0245  0.100
 1221  6.388  -23.96  1.00000  0.0245  0.100
 1222  6.388  -23.86  1.00000  0.0245  0.100
 1223  6.388  -23.76  1.00000  0.0245  0.105
 1224  6.388  -23.65  1.00000  0.0245  0.105
 1225  6.388  -23.55  1.00000  0.0245  0.100
 1226  6.388  -23.45  1.00000  0.0245  0.100
 1227  6.388  -23.35  1.00000  0.0245  0.105
 1228  6.388  -23.24  1.00000  0.0245  0.105
 1229  6.388  -23.14  1.00000  0.0245  0.100
 1230  6.388  -23.04  1.00000  0.0245  0.100
 1231  6.388  -22.94  1.00000  0.0245  0.100
 1232  6.388  -22.84  1.00000  0.0245  0.105
 1233  6.388  -22.73  1.00000  0.0245  0.105
 1234  6.388  -22.63  1.00000  0.0245  0.100
 1235  6.388  -22.53  1.00000  0.0245  0.100
 1236  6.388  -22.43  1.00000  0.0245  0.100
 1237  6.388  -22.33  1.00000  0.0245  0.105
 1238  6.388  -22.22  1.00000  0.0245  0.105
 1239  6.388  -22.12  1.00000  0.0245  0.100
 1240  6.388  -22.02  1.00000  0.0245  0.100
 1241  6.388  -21.92  1.00000  0.0245  0.100
 1242  6.388  -21.82  1.00000  0.0245  0.105
 1243  6.388  -21.71  1.00000  0.0245  0.105
 1244  6.388  -21.61  1.00000  0.0245  0.100
 1245  6.388  -21.51  1.00000  0.0245  0.100
 1246  6.388  -21.41  1.00000  0.0245  0.100
 1247  6.388  -21.31  1.00000  0.0245  0.105
 1248  6.388  -21.20  1.00000  0.0245  0.105
 1249  6.388  -21.10  1.00000  0.0245  0.100
 1250  6.388  -21.00  1.00000  0.0245  0.100
 1251  6.412  -26.00  1.00000  0.0245  0.100
 1252  6.412  -25.90  1.00000  0.0245  0.100
 1253  6.412  -25.80  1.00000  0.0245  0.105
 1254  6.412  -25.69  1.00000  0.0245  0.105
 1255  6.412  -25.59  1.00000  0.0245  0.100
 1256  6.412  -25.49  1.00000  0.0245  0.100
 1257  6.412  -25.39  1.00000  0.0245  0.100
 1258  6.412  -25.29  1.00000  0.0245  0.105
 1259  6.412  -25.18  1.00000  0.0245  0.105
 1260  6.412  -25.08  1.00000  0.0245  0.100
 1261  6.412  -24.98  1.00000  0.0245  0.100
 1262  6.412  -24.88  1.00000  0.0245  0.100
 1263  6.412  -24.78  1.00000  0.0245  0.105
 1264  6.412  -24.67  1.00000  0.0245  0.105
 1265  6.412  -24.57  1.00000  0.0245  0.100
 1266  6.412  -24.47  1.00000  0.0245  0.100
 1267  6.412  -24.37  1.00000  0.0245  0.100
 1268  6.412  -24.27  1.00000  0.0245  0.105
 1269  6.412  -24.16  1.00000  0.0245  0.105
 1270  6.412  -24.06  1.00000  0.0245  0.100
 1271  6.412  -23.96  1.00000  0.0245  0.100
 1272  6.412  -23.86  1.00000  0.0245  0.100
 1273  6.412  -23.76  1.00000  0.0245  0.105
 1274  6.412  -23.65  1.00000  0.0245  0.105
 1275  6.412  -23.55  1.00000  0.0245  0.100
 1276  6.412  -23.45  1.00000  0.0245  0.100
 1277  6.412  -23.35  1.00000  0.0245  0.105
 1278  6.412  -23.24  1.00000  0.0245  0.105
 1279  6.412  -23.14  1.00000  0.0245  0.100
 1280  6.412  -23.04  1.00000  0.0245  0.100
 1281  6.412  -22.94  1.00000  0.0245  0.100
 1282  6.412  -22.84  1.00000  0.0245  0.105
 1283  6.412  -22.73  1.00000  0.0245  0.105
 1284  6.412  -22.63  1.00000  0.0245  0.100
 1285  6.412  -22.53  1.00000  0.0245  0.100
 1286  6.412  -22.43  1.00000  0.0245  0.100
 1287  6.412  -22.33  1.00000  0.0245  0.105
 1288  6.412  -22.22  1.00000  0.0245  0.105
 1289  6.412  -22.12  1.00000  0.0245  0.100
 1290  6.412  -22.02  1.00000  0.0245  0.100
 1291  6.412  -21.92  1.00000  0.0245  0.100
 1292  6.412  -21.82  1.00000  0.0245  0.105
 1293  6.412  -21.71  1.00000  0.0245  0.105
 1294  6.412  -21.61  1.00000  0.0245  0.100
 1295  6.412  -21.51  1.00000  0.0245  0.100
 1296  6.412  -21.41  1.00000  0.0245  0.100
 1297  6.412  -21.31  1.00000  0.0245  0.105
 1298  6.412  -21.20  1.00000  0.0245  0.105
 1299  6.412  -21.10  1.00000  0.0245  0.100
 1300  6.412  -21.00  1.00000  0.0245  0.100
 1301  6.437  -26.00  1.00000  0.0245  0.100
 1302  6.437  -25.90  1.00000  0.0245  0.100
 1303  6.437  -25.80  1.00000  0.0245  0.105
 1304  6.437  -25.69  1.00000  0.0245  0.105
 1305  6.437  -25.59  1.00000  0.0245  0.100
 1306  6.437  -25.49  1.00000  0.0245  0.100
 1307  6.437  -25.39  1.00000  0.0245  0.100
 1308  6.437  -25.29  1.00000  0.0245  0.105
 1309  6.437  -25.18  1.00000  0.0245  0.105
 1310  6.437  -25.08  1.00000  0.0245  0.100
 1311  6.437  -24.98  1.00000  0.0245  0.100
 1312  6.437  -24.88  1.00000  0.0245  0.100
 1313  6.437  -24.78  1.00000  0.0245  0.105
 1314  6.437  -24.67  1.00000  0.0245  0.105
 1315  6.437  -24.57  1.00000  0.0245  0.100
 1316  6.437  -24.47  1.00000  0.0245  0.100
 1317  6.437  -24.37  1.00000  0.0245  0.100
 1318  6.437  -24.27  1.00000  0.0245  0.105
 1319  6.437  -24.16  1.00000  0.0245  0.105
 1320  6.437  -24.06  1.00000  0.0245  0.100
 1321  6.437  -23.96  1.00000  0.0245  0.100
 1322  6.437  -23.86  1.00000  0.0245  0.100
 1323  6.437  -23.76  1.00000  0.0245  0.105
 1324  6.437  -23.65  1.00000  0.0245  0.105
 1325  6.437  -23.55  1.00000  0.0245  0.100
 1326  6.437  -23.45  1.00000  0.0245  0.100
 1327  6.437  -23.35  1.00000  0.0245  0.105
 1328  6.437  -23.24  1.00000  0.0245  0.105
 1329  6.437  -23.14  1.00000  0.0245  0.100
 1330  6.437  -23.04  1.00000  0.0245  0.100
 1331  6.437  -22.94  1.00000  0.0245  0.100
 1332  6.437  -22.84  1.00000  0.0245  0.105
 1333  6.437  -22.73  1.00000  0.0245  0.105
 1334  6.437  -22.63  1.00000  0.0245  0.100
 1335  6.437  -22.53  1.00000  0.0245  0.100
 1336  6.437  -22.43  1.00000  0.0245  0.100
 1337  6.437  -22.33  1.00000  0.0245  0.105
 1338  6.437  -22.22  1.00000  0.0245  0.105
 1339  6.437  -22.12  1.00000  0.0245  0.100
 1340  6.437  -22.02  1.00000  0.0245  0.100
 1341  6.437  -21.92  1.00000  0.0245  0.100
 1342  6.437  -21.82  1.00000  0.0245  0.105
 1343  6.437  -21.71  1.00000  0.0245  0.105
 1344  6.437  -21.61  1.00000  0.0245  0.100
 1345  6.437  -21.51  1.00000  0.0245  0.100
 1346  6.437  -21.41  1.00000  0.0245  0.100
 1347  6.437  -21.31  1.00000  0.0245  0.105
 1348  6.437  -21.20  1.00000  0.0245  0.105
 1349  6.437  -21.10  1.00000  0.0245  0.100
 1350  6.437  -21.00  1.00000  0.0245  0.100
 1351  6.461  -26.00  1.00000  0.0245  0.100
 1352  6.461  -25.90  1.00000  0.0245  0.100
 1353  6.461  -25.80  1.00000  0.0245  0.105
 1354  6.461  -25.69  1.00000  0.0245  0.105
 1355  6.461  -25.59  1.00000  0.0245  0.100
 1356  6.461  -25.49  1.00000  0.0245  0.100
 1357  6.461  -25.39  1.00000  0.0245  0.100
 1358  6.461  -25.29  1.00000  0.0245  0.105
 1359  6.461  -25.18  1.00000  0.0245  0.105
 1360  6.461  -25.08  1.00000  0.0245  0.100
 1361  6.461  -24.98  1.00000  0.0245  0.100
 1362  6.461  -24.88  1.00000  0.0245  0.100
 1363  6.461  -24.78  1.00000  0.0245  0.105
 1364  6.461  -24.67  1.00000  0.0245  0.105
 1365  6.461  -24.57  1.00000  0.0245  0.100
 1366  6.461  -24.47  1.00000  0.0245  0.100
 1367  6.461  -24.37  1.00000  0.0245  0.100
 1368  6.461  -24.27  1.00000  0.0245  0.105
 1369  6.461  -24.16  1.00000  0.0245  0.105
 1370  6.461  -24.06  1.00000  0.0245  0.100
 1371  6.461  -23.96  1.00000  0.0245  0.100
 1372  6.461  -23.86  1.00000  0.0245  0.100
 1373  6.461  -23.76  1.00000  0.0245  0.105
 1374  6.461  -23.65  1.00000  0.0245  0.105
 1375  6.461  -23.55  1.00000  0.0245  0.100
 1376  6.461  -23.45  1.00000  0.0245  0.100
 1377  6.461  -23.35  1.00000  0.0245  0.105
 1378  6.461  -23.24  1.00000  0.0245  0.105
 1379  6.461  -23.14  1.00000  0.0245  0.100
 1380  6.461  -23.04  1.00000  0.0245  0.100
 1381  6.461  -22.94  1.00000  0.0245  0.100
 1382  6.461  -22.84  1.00000  0.0245  0.105
 1383  6.461  -22.73  1.00000  0.0245  0.105
 1384  6.461  -22.63  1.00000  0.0245  0.100
 1385  6.461  -22.53  1.00000  0.0245  0.100
 1386  6.461  -22.43  1.00000  0.0245  0.100
 1387  6.461  -22.33  1.00000  0.0245  0.105
 1388  6.461  -22.22  1.00000  0.0245  0.105
 1389  6.461  -22.12  1.00000  0.0245  0.100
 1390  6.461  -22.02  1.00000  0.0245  0.100
 1391  6.461  -21.92  1.00000  0.0245  0.100
 1392  6.461  -21.82  1.00000  0.0245  0.105
 1393  6.461  -21.71  1.00000  0.0245  0.105
 1394  6.461  -21.61  1.00000  0.0245  0.100
 1395  6.461  -21.51  1.00000  0.0245  0.100
 1396  6.461  -21.41  1.00000  0.0245  0.100
 1397  6.461  -21.31  1.00000  0.0245  0.105
 1398  6.461  -21.20  1.00000  0.0245  0.105
 1399  6.461  -21.10  1.00000  0.0245  0.100
 1400  6.461  -21.00  1.00000  0.0245  0.100
 1401  6.486  -26.00  1.00000  0.0245  0.100
 1402  6.486  -25.90  1.00000  0.0245  0.100
 1403  6.486  -25.80  1.00000  0.0245  0.105
 1404  6.486  -25.69  1.00000  0.0245  0.105
 1405  6.486  -25.59  1.00000  0.0245  0.100
 1406  6.486  -25.49  1.00000  0.0245  0.100
 1407  6.486  -25.39  1.00000  0.0245  0.100
 1408  6.486  -25.29  1.00000  0.0245  0.105
 1409  6.486  -25.18  1.00000  0.0245  0.105
 1410  6.486  -25.08  1.00000  0.0245  0.100
 1411  6.486  -24.98  1.00000  0.0245  0.100
 1412  6.486  -24.88  1.00000  0.0245  0.100
 1413  6.486  -24.78  1.00000  0.0245  0.105
 1414  6.486  -24.67  1.00000  0.0245  0.105
 1415  6.486  -24.57  1.00000  0.0245  0.100
 1416  6.486  -24.47  1.00000  0.0245  0.100
 1417  6.486  -24.37  1.00000  0.0245  0.100
 1418  6.486  -24.27  1.00000  0.0245  0.105
 1419  6.486  -24.16  1.00000  0.0245  0.105
 1420  6.486  -24.06  1.00000  0.0245  0.100
 1421  6.486  -23.96  1.00000  0.0245  0.100
 1422  6.486  -23.86  1.00000  0.0245  0.100
 1423  6.486  -23.76  1.00000  0.0245  0.105
 1424  6.486  -23.65  1.00000  0.0245  0.105
 1425  6.486  -23.55  1.00000  0.0245  0.100
 1426  6.486  -23.45  1.00000  0.0245  0.100
 1427  6.486  -23.35  1.00000  0.0245  0.105
 1428  6.486  -23.24  1.00000  0.0245  0.105
 1429  6.486  -23.14  1.00000  0.0245  0.100
 1430  6.486  -23.04  1.00000  0.0245  0.100
 1431  6.486  -22.94  1.00000  0.0245  0.100
 1432  6.486  -22.84  1.00000  0.0245  0.105
 1433  6.486  -22.73  1.00000  0.0245  0.105
 1434  6.486  -22.63  1.00000  0.0245  0.100
 1435  6.486  -22.53  1.00000  0.0245  0.100
 1436  6.486  -22.43  1.00000  0.0245  0.100
 1437  6.486  -22.33  1.00000  0.0245  0.105
 1438  6.486  -22.22  1.00000  0.0245  0.105
 1439  6.486  -22.12  1.00000  0.0245  0.100
 1440  6.486  -22.02  1.00000  0.0245  0.100
 1441  6.486  -21.92  1.00000  0.0245  0.100
 1442  6.486  -21.82  1.00000  0.0245  0.105
 1443  6.486  -21.71  1.00000  0.0245  0.105
 1444  6.486  -21.61  1.00000  0.0245  0.100
 1445  6.486  -21.51  1.00000  0.0245  0.100
 1446  6.486  -21.41  1.00000  0.0245  0.100
 1447  6.486  -21.31  1.00000  0.0245  0.105
 1448  6.486  -21.20  1.00000  0.0245  0.105
 1449  6.486  -21.10  1.00000  0.0245  0.100
 1450  6.486  -21.00  1.00000  0.0245  0.100
 1451  6.510  -26.00  1.00000  0.0245  0.100
 1452  6.510  -25.90  1.00000  0.0245  0.100
 1453  6.510  -25.80  1.00000  0.0245  0.105
 1454  6.510  -25.69  1.00000  0.0245  0.105
 1455  6.510  -25.59  1.00000  0.0245  0.100
 1456  6.510  -25.49  1.00000  0.0245  0.100
 1457  6.510  -25.39  1.00000  0.0245  0.100
 1458  6.510  -25.29  1.00000  0.0245  0.105
 1459  6.510  -25.18  1.00000  0.0245  0.105
 1460  6.510  -25.08  1.00000  0.0245  0.100
 1461  6.510  -24.98  1.00000  0.0245  0.100
 1462  6.510  -24.88  1.00000  0.0245  0.100
 1463  6.510  -24.78  1.00000  0.0245  0.105
 1464  6.510  -24.67  1.00000  0.0245  0.105
 1465  6.510  -24.57  1.00000  0.0245  0.100
 1466  6.510  -24.47  1.00000  0.0245  0.100
 1467  6.510  -24.37  1.00000  0.0245  0.100
 1468  6.510  -24.27  1.00000  0.0245  0.105
 1469  6.510  -24.16  1.00000  0.0245  0.105
 1470  6.510  -24.06  1.00000  0.0245  0.100
 1471  6.510  -23.96  1.00000  0.0245  0.100
 1472  6.510  -23.86  1.00000  0.0245  0.100
 1473  6.510  -23.76  1.00000  0.0245  0.105
 1474  6.510  -23.65  1.00000  0.0245  0.105
 1475  6.510  -23.55  1.00000  0.0245  0.100
 1476  6.510  -23.45  1.00000  0.0245  0.100
 1477  6.510  -23.35  1.00000  0.0245  0.105
 1478  6.510  -23.24  1.00000  0.0245  0.105
 1479  6.510  -23.14  1.00000  0.0245  0.100
 1480  6.510  -23.04  1.00000  0.0245  0.100
 1481  6.510  -22.94  1.00000  0.0245  0.100
 1482  6.510  -22.84  1.00000  0.0245  0.105
 1483  6.510  -22.73  1.00000  0.0245  0.105
 1484  6.510  -22.63  1.00000  0.0245  0.100
 1485  6.510  -22.53  1.00000  0.0245  0.100
 1486  6.510  -22.43  1.00000  0.0245  0.100
 1487  6.510  -22.33  1.00000  0.0245  0.105
 1488  6.510  -22.22  1.00000  0.0245  0.105
 1489  6.510  -22.12  1.00000  0.0245  0.100
 1490  6.510  -22.02  1.00000  0.0245  0.100
 1491  6.510  -21.92  1.00000  0.0245  0.100
 1492  6.510  -21.82  1.00000  0.0245  0.105
 1493  6.510  -21.71  1.00000  0.0245  0.105
 1494  6.510  -21.61  1.00000  0.0245  0.100
 1495  6.510  -21.51  1.00000  0.0245  0.100
 1496  6.510  -21.41  1.00000  0.0245  0.100
 1497  6.510  -21.31  1.00000  0.0245  0.105
 1498  6.510  -21.20  1.00000  0.0245  0.105
 1499  6.510  -21.10  1.00000  0.0245  0.100
 1500  6.510  -21.00  1.00000  0.0245  0.100
 1501  6.535  -26.00  1.00000  0.0245  0.100
 1502  6.535  -25.90  1.00000  0.0245  0.100
 1503  6.535  -25.80  1.00000  0.0245  0.105
 1504  6.535  -25.69  1.00000  0.0245  0.105
 1505  6.535  -25.59  1.00000  0.0245  0.100
 1506  6.535  -25.49  1.00000  0.0245  0.100
 1507  6.535  -25.39  1.00000  0.0245  0.100
 1508  6.535  -25.29  1.00000  0.0245  0.105
 1509  6.535  -25.18  1.00000  0.0245  0.105
 1510  6.535  -25.08  1.00000  0.0245  0.100
 1511  6.535  -24.98  1.00000  0.0245  0.100
 1512  6.535  -24.88  1.00000  0.0245  0.100
 1513  6.535  -24.78  1.00000  0.0245  0.105
 1514  6.535  -24.67  1.00000  0.0245  0.105
 1515  6.535  -24.57  1.00000  0.0245  0.100
 1516  6.535  -24.47  1.00000  0.0245  0.100
 1517  6.535  -24.37  1.00000  0.0245  0.100
 1518  6.535  -24.27  1.00000  0.0245  0.105
 1519  6.535  -24.16  1.00000  0.0245  0.105
 1520  6.535  -24.06  1.00000  0.0245  0.100
 1521  6.535  -23.96  1.00000  0.0245  0.100
 1522  6.535  -23.86  1.00000  0.0245  0.100
 1523  6.535  -23.76  1.00000  0.0245  0.105
 1524  6.535  -23.65  1.00000  0.0245  0.105
 1525  6.535  -23.55  1.00000  0.0245  0.100
 1526  6.535  -23.45  1.00000  0.0245  0.100
 1527  6.535  -23.35  1.00000  0.0245  0.105
 1528  6.535  -23.24  1.00000  0.0245  0.105
 1529  6.535  -23.14  1.00000  0.0245  0.100
 1530  6.535  -23.04  1.00000  0.0245  0.100
 1531  6.535  -22.94  1.00000  0.0245  0.100
 1532  6.535  -22.84  1.00000  0.0245  0.105
 1533  6.535  -22.73  1.00000  0.0245  0.105
 1534  6.535  -22.63  1.00000  0.0245  0.100
 1535  6.535  -22.53  1.00000  0.0245  0.100
 1536  6.535  -22.43  1.00000  0.0245  0.100
 1537  6.535  -22.33  1.00000  0.0245  0.105
 1538  6.535  -22.22  1.00000  0.0245  0.105
 1539  6.535  -22.12  1.00000  0.0245  0.100
 1540  6.535  -22.02  1.00000  0.0245  0.100
 1541  6.535  -21.92  1.00000  0.0245  0.100
 1542  6.535  -21.82  1.00000  0.0245  0.105
 1543  6.535  -21.71  1.00000  0.0245  0.105
 1544  6.535  -21.61  1.00000  0.0245  0.100
 1545  6.535  -21.51  1.00000  0.0245  0.100
 1546  6.535  -21.41  1.00000  0.0245  0.100
 1547  6.535  -21.31  1.00000  0.0245  0.105
 1548  6.535  -21.20  1.00000  0.0245  0.105
 1549  6.535  -21.10  1.00000  0.0245  0.100
 1550  6.535  -21.00  1.00000  0.0245  0.100
 1551  6.559  -26.00  1.00000  0.0245  0.100
 1552  6.559  -25.90  1.00000  0.0245  0.100
 1553  6.559  -25.80  1.00000  0.0245  0.105
 1554  6.559  -25.69  1.00000  0.0245  0.105
 1555  6.559  -25.59  1.00000  0.0245  0.100
 1556  6.559  -25.49  1.00000  0.0245  0.100
 1557  6.559  -25.39  1.00000  0.0245  0.100
 1558  6.559  -25.29  1.00000  0.0245  0.105
 1559  6.559  -25.18  1.00000  0.0245  0.105
 1560  6.559  -25.08  1.00000  0.0245  0.100
 1561  6.559  -24.98  1.00000  0.0245  0.100
 1562  6.559  -24.88  1.00000  0.0245  0.100
 1563  6.559  -24.78  1.00000  0.0245  0.105
 1564  6.559  -24.67  1.00000  0.0245  0.105
 1565  6.559  -24.57  1.00000  0.0245  0.100
 1566  6.559  -24.47  1.00000  0.0245  0.100
 1567  6.559  -24.37  1.00000  0.0245  0.100
 1568  6.559  -24.27  1.00000  0.0245  0.105
 1569  6.559  -24.16  1.00000  0.0245  0.105
 1570  6.559  -24.06  1.00000  0.0245  0.100
 1571  6.559  -23.96  1.00000  0.0245  0.100
 1572  6.559  -23.86  1.00000  0.0245  0.100
 1573  6.559  -23.76  1.00000  0.0245  0.105
 1574  6.559  -23.65  1.00000  0.0245  0.105
 1575  6.559  -23.55  1.00000  0.0245  0.100
 1576  6.559  -23.45  1.00000  0.0245  0.100
 1577  6.559  -23.35  1.00000  0.0245  0.105
 1578  6.559  -23.24  1.00000  0.0245  0.105
 1579  6.559  -23.14  1.00000  0.0245  0.100
 1580  6.559  -23.04  1.00000  0.0245  0.100
 1581  6.559  -22.94  1.00000  0.0245  0.100
 1582  6.559  -22.84  1.00000  0.0245  0.105
 1583  6.559  -22.73  1.00000  0.0245  0.105
 1584  6.559  -22.63  1.00000  0.0245  0.100
 1585  6.559  -22.53  1.00000  0.0245  0.100
 1586  6.559  -22.43  1.00000  0.0245  0.100
 1587  6.559  -22.33  1.00000  0.0245  0.105
 1588  6.559  -22.22  1.00000  0.0245  0.105
 1589  6.559  -22.12  1.00000  0.0245  0.100
 1590  6.559  -22.02  1.00000  0.0245  0.100
 1591  6.559  -21.92  1.00000  0.0245  0.100
 1592  6.559  -21.82  1.00000  0.0245  0.105
 1593  6.559  -21.71  1.00000  0.0245  0.105
 1594  6.559  -21.61  1.00000  0.0245  0.100
 1595  6.559  -21.51  1.00000  0.0245  0.100
 1596  6.559  -21.41  1.00000  0.0245  0.100
 1597  6.559  -21.31  1.00000  0.0245  0.105
 1598  6.559  -21.20  1.00000  0.0245  0.105
 1599  6.559  -21.10  1.00000  0.0245  0.100
 1600  6.559  -21.00  1.00000  0.0245  0.100
 1601  6.584  -26.00  1.00000  0.0245  0.100
 1602  6.584  -25.90  1.00000  0.0245  0.100
 1603  6.584  -25.80  1.00000  0.0245  0.105
 1604  6.584  -25.69  1.00000  0.0245  0.105
 1605  6.584  -25.59  1.00000  0.0245  0.100
 1606  6.584  -25.49  1.00000  0.0245  0.100
 1607  6.584  -25.39  1.00000  0.0245  0.100
 1608  6.584  -25.29  1.00000  0.0245  0.105
 1609  6.584  -25.18  1.00000  0.0245  0.105
 1610  6.584  -25.08  1.00000  0.0245  0.100
 1611  6.584  -24.98  1.00000  0.0245  0.100
 1612  6.584  -24.88  1.00000  0.0245  0.100
 1613  6.584  -24.78  1.00000  0.0245  0.105
 1614  6.584  -24.67  1.00000  0.0245  0.105
 1615  6.584  -24.57  1.00000  0.0245  0.100
 1616  6.584  -24.47  1.00000  0.0245  0.100
 1617  6.584  -24.37  1.00000  0.0245  0.100
 1618  6.584  -24.27  1.00000  0.0245  0.105
 1619  6.584  -24.16  1.00000  0.0245  0.105
 1620  6.584  -24.06  1.00000  0.0245  0.100
 1621  6.584  -23.96  1.00000  0.0245  0.100
 1622  6.584  -23.86  1.00000  0.0245  0.100
 1623  6.584  -23.76  1.00000  0.0245  0.105
 1624  6.584  -23.65  1.00000  0.0245  0.105
 1625  6.584  -23.55  1.00000  0.0245  0.100
 1626  6.584  -23.45  1.00000  0.0245  0.100
 1627  6.584  -23.35  1.00000  0.0245  0.105
 1628  6.584  -23.24  1.00000  0.0245  0.105
 1629  6.584  -23.14  1.00000  0.0245  0.100
 1630  6.584  -23.04  1.00000  0.0245  0.100
 1631  6.584  -22.94  1.00000  0.0245  0.100
 1632  6.584  -22.84  1.00000  0.0245  0.105
 1633  6.584  -22.73  1.00000  0.0245  0.105
 1634  6.584  -22.63  1.00000  0.0245  0.100
 1635  6.584  -22.53  1.00000  0.0245  0.100
 1636  6.584  -22.43  1.00000  0.0245  0.100
 1637  6.584  -22.33  1.00000  0.0245  0.105
 1638  6.584  -22.22  1.00000  0.0245  0.105
 1639  6.584  -22.12  1.00000  0.0245  0.100
 1640  6.584  -22.02  1.00000  0.0245  0.100
 1641  6.584  -21.92  1.00000  0.0245  0.100
 1642  6.584  -21.82  1.00000  0.0245  0.105
 1643  6.584  -21.71  1.00000  0.0245  0.105
 1644  6.584  -21.61  1.00000  0.0245  0.100
 1645  6.584  -21.51  1.00000  0.0245  0.100
 1646  6.584  -21.41  1.00000  0.0245  0.100
 1647  6.584  -21.31  1.00000  0.0245  0.105
 1648  6.584  -21.20  1.00000  0.0245  0.105
 1649  6.584  -21.10  1.00000  0.0245  0.100
 1650  6.584  -21.00  1.00000  0.0245  0.100
 1651  6.608  -26.00  1.00000  0.0245  0.100
 1652  6.608  -25.90  1.00000  0.0245  0.100
 1653  6.608  -25.80  1.00000  0.0245  0.105
 1654  6.608  -25.69  1.00000  0.0245  0.105
 1655  6.608  -25.59  1.00000  0.0245  0.100
 1656  6.608  -25.49  1.00000  0.0245  0.100
 1657  6.608  -25.39  1.00000  0.0245  0.100
 1658  6.608  -25.29  1.00000  0.0245  0.105
 1659  6.608  -25.18  1.00000  0.0245  0.105
 1660  6.608  -25.08  1.00000  0.0245  0.100
 1661  6.608  -24.98  1.00000  0.0245  0.100
 1662  6.608  -24.88  1.00000  0.0245  0.100
 1663  6.608  -24.78  1.00000  0.0245  0.105
 1664  6.608  -24.67  1.00000  0.0245  0.105
 1665  6.608  -24.57  1.00000  0.0245  0.100
 1666  6.608  -24.47  1.00000  0.0245  0.100
 1667  6.608  -24.37  1.00000  0.0245  0.100
 1668  6.608  -24.27  1.00000  0.0245  0.105
 1669  6.608  -24.16  1.00000  0.0245  0.105
 1670  6.608  -24.06  1.00000  0.0245  0.100
 1671  6.608  -23.96  1.00000  0.0245  0.100
 1672  6.608  -23.86  1.00000  0.0245  0.100
 1673  6.608  -23.76  1.00000  0.0245  0.105
 1674  6.608  -23.65  1.00000  0.0245  0.105
 1675  6.608  -23.55  1.00000  0.0245  0.100
 1676  6.608  -23.45  1.00000  0.0245  0.100
 1677  6.608  -23.35  1.00000  0.0245  0.105
 1678  6.608  -23.24  1.00000  0.0245  0.105
 1679  6.608  -23.14  1.00000  0.0245  0.100
 1680  6.608  -23.04  1.00000  0.0245  0.100
 1681  6.608  -22.94  1.00000  0.0245  0.100
 1682  6.608  -22.84  1.00000  0.0245  0.105
 1683  6.608  -22.73  1.00000  0.0245  0.105
 1684  6.608  -22.63  1.00000  0.0245  0.100
 1685  6.608  -22.53  1.00000  0.0245  0.100
 1686  6.608  -22.43  1.00000  0.0245  0.100
 1687  6.608  -22.33  1.00000  0.0245  0.105
 1688  6.608  -22.22  1.00000  0.0245  0.105
 1689  6.608  -22.12  1.00000  0.0245  0.100
 1690  6.608  -22.02  1.00000  0.0245  0.100
 1691  6.608  -21.92  1.00000  0.0245  0.100
 1692  6.608  -21.82  1.00000  0.0245  0.105
 1693  6.608  -21.71  1.00000  0.0245  0.105
 1694  6.608  -21.61  1.00000  0.0245  0.100
 1695  6.608  -21.51  1.00000  0.0245  0.100
 1696  6.608  -21.41  1.00000  0.0245  0.100
 1697  6.608  -21.31  1.00000  0.0245  0.105
 1698  6.608  -21.20  1.00000  0.0245  0.105
 1699  6.608  -21.10  1.00000  0.0245  0.100
 1700  6.608  -21.00  1.00000  0.0245  0.100
 1701  6.633  -26.00  1.00000  0.0245  0.100
 1702  6.633  -25.90  1.00000  0.0245  0.100
 1703  6.633  -25.80  1.00000  0.0245  0.105
 1704  6.633  -25.69  1.00000  0.0245  0.105
 1705  6.633  -25.59  1.00000  0.0245  0.100
 1706  6.633  -25.49  1.00000  0.0245  0.100
 1707  6.633  -25.39  1.00000  0.0245  0.100
 1708  6.633  -25.29  1.00000  0.0245  0.105
 1709  6.633  -25.18  1.00000  0.0245  0.105
 1710  6.633  -25.08  1.00000  0.0245  0.100
 1711  6.633  -24.98  1.00000  0.0245  0.100
 1712  6.633  -24.88  1.00000  0.0245  0.100
 1713  6.633  -24.78  1.00000  0.0245  0.105
 1714  6.633  -24.67  1.00000  0.0245  0.105
 1715  6.633  -24.57  1.00000  0.0245  0.100
 1716  6.633  -24.47  1.00000  0.0245  0.100
 1717  6.633  -24.37  1.00000  0.0245  0.100
 1718  6.633  -24.27  1.00000  0.0245  0.105
 1719  6.633  -24.16  1.00000  0.0245  0.105
 1720  6.633  -24.06  1.00000  0.0245  0.100
 1721  6.633  -23.96  1.00000  0.0245  0.100
 1722  6.633  -23.86  1.00000  0.0245  0.100
 1723  6.633  -23.76  1.00000  0.0245  0.105
 1724  6.633  -23.65  1.00000  0.0245  0.105
 1725  6.633  -23.55  1.00000  0.0245  0.100
 1726  6.633  -23.45  1.00000  0.0245  0.100
 1727  6.633  -23.35  1.00000  0.0245  0.105
 1728  6.633  -23.24  1.00000  0.0245  0.105
 1729  6.633  -23.14  1.00000  0.0245  0.100
 1730  6.633  -23.04  1.00000  0.0245  0.100
 1731  6.633  -22.94  1.00000  0.0245  0.100
 1732  6.633  -22.84  1.00000  0.0245  0.105
 1733  6.633  -22.73  1.00000  0.0245  0.105
 1734  6.633  -22.63  1.00000  0.0245  0.100
 1735  6.633  -22.53  1.00000  0.0245  0.100
 1736  6.633  -22.43  1.00000  0.0245  0.100
 1737  6.633  -22.33  1.00000  0.0245  0.105
 1738  6.633  -22.22  1.00000  0.0245  0.105
 1739  6.633  -22.12  1.00000  0.0245  0.100
 1740  6.633  -22.02  1.00000  0.0245  0.100
 1741  6.633  -21.92  1.00000  0.0245  0.100
 1742  6.633  -21.82  1.00000  0.0245  0.105
 1743  6.633  -21.71  1.00000  0.0245  0.105
 1744  6.633  -21.61  1.00000  0.0245  0.100
 1745  6.633  -21.51  1.00000  0.0245  0.100
 1746  6.633  -21.41  1.00000  0.0245  0.100
 1747  6.633  -21.31  1.00000  0.0245  0.105
 1748  6.633  -21.20  1.00000  0.0245  0.105
 1749  6.633  -21.10  1.00000  0.0245  0.100
 1750  6.633  -21.00  1.00000  0.0245  0.100
 1751  6.657  -26.00  1.00000  0.0245  0.100
 1752  6.657  -25.90  1.00000  0.0245  0.100
 1753  6.657  -25.80  1.00000  0.0245  0.105
 1754  6.657  -25.69  1.00000  0.0245  0.105
 1755  6.657  -25.59  1.00000  0.0245  0.100
 1756  6.657  -25.49  1.00000  0.0245  0.100
 1757  6.657  -25.39  1.00000  0.0245  0.100
 1758  6.657  -25.29  1.00000  0.0245  0.105
 1759  6.657  -25.18  1.00000  0.0245  0.105
 1760  6.657  -25.08  1.00000  0.0245  0.100
 1761  6.657  -24.98  1.00000  0.0245  0.100
 1762  6.657  -24.88  1.00000  0.0245  0.100
 1763  6.657  -24.78  1.00000  0.0245  0.105
 1764  6.657  -24.67  1.00000  0.0245  0.105
 1765  6.657  -24.57  1.00000  0.0245  0.100
 1766  6.657  -24.47  1.00000  0.0245  0.100
 1767  6.657  -24.37  1.00000  0.0245  0.100
 1768  6.657  -24.27  1.00000  0.0245  0.105
 1769  6.657  -24.16  1.00000  0.0245  0.105
 1770  6.657  -24.06  1.00000  0.0245  0.100
 1771  6.657  -23.96  1.00000  0.0245  0.100
 1772  6.657  -23.86  1.00000  0.0245  0.100
 1773  6.657  -23.76  1.00000  0.0245  0.105
 1774  6.657  -23.65  1.00000  0.0245  0.105
 1775  6.657  -23.55  1.00000  0.0245  0.100
 1776  6.657  -23.45  1.00000  0.0245  0.100
 1777  6.657  -23.35  1.00000  0.0245  0.105
 1778  6.657  -23.24  1.00000  0.0245  0.105
 1779  6.657  -23.14  1.00000  0.0245  0.100
 1780  6.657  -23.04  1.00000  0.0245  0.100
 1781  6.657  -22.94  1.00000  0.0245  0.100
 1782  6.657  -22.84  1.00000  0.0245  0.105
 1783  6.657  -22.73  1.00000  0.0245  0.105
 1784  6.657  -22.63  1.00000  0.0245  0.100
 1785  6.657  -22.53  1.00000  0.0245  0.100
 1786  6.657  -22.43  1.00000  0.0245  0.100
 1787  6.657  -22.33  1.00000  0.0245  0.105
 1788  6.657  -22.22  1.00000  0.0245  0.105
 1789  6.657  -22.12  1.00000  0.0245  0.100
 1790  6.657  -22.02  1.00000  0.0245  0.100
 1791  6.657  -21.92  1.00000  0.0245  0.100
 1792  6.657  -21.82  1.00000  0.0245  0.105
 1793  6.657  -21.71  1.00000  0.0245  0.105
 1794  6.657  -21.61  1.00000  0.0245  0.100
 1795  6.657  -21.51  1.00000  0.0245  0.100
 1796  6.657  -21.41  1.00000  0.0245  0.100
 1797  6.657  -21.31  1.00000  0.0245  0.105
 1798  6.657  -21.20  1.00000  0.0245  0.105
 1799  6.657  -21.10  1.00000  0.0245  0.100
 1800  6.657  -21.00  1.00000  0.0245  0.100
 1801  6.682  -26.00  1.00000  0.0245  0.100
 1802  6.682  -25.90  1.00000  0.0245  0.100
 1803  6.682  -25.80  1.00000  0.0245  0.105
 1804  6.682  -25.69  1.00000  0.0245  0.105
 1805  6.682  -25.59  1.00000  0.0245  0.100
 1806  6.682  -25.49  1.00000  0.0245  0.100
 1807  6.682  -25.39  1.00000  0.0245  0.100
 1808  6.682  -25.29  1.00000  0.0245  0.105
 1809  6.682  -25.18  1.00000  0.0245  0.105
 1810  6.682  -25.08  1.00000  0.0245  0.100
 1811  6.682  -24.98  1.00000  0.0245  0.100
 1812  6.682  -24.88  1.00000  0.0245  0.100
 1813  6.682  -24.78  1.00000  0.0245  0.105
 1814  6.682  -24.67  1.00000  0.0245  0.105
 1815  6.682  -24.57  1.00000  0.0245  0.100
 1816  6.682  -24.47  1.00000  0.0245  0.100
 1817  6.682  -24.37  1.00000  0.0245  0.100
 1818  6.682  -24.27  1.00000  0.0245  0.105
 1819  6.682  -24.16  1.00000  0.0245  0.105
 1820  6.682  -24.06  1.00000  0.0245  0.100
 1821  6.682  -23.96  1.00000  0.0245  0.100
 1822  6.682  -23.86  1.00000  0.0245  0.100
 1823  6.682  -23.76  1.00000  0.0245  0.105
 1824  6.682  -23.65  1.00000  0.0245  0.105
 1825  6.682  -23.55  1.00000  0.0245  0.100
 1826  6.682  -23.45  1.00000  0.0245  0.100
 1827  6.682  -23.35  1.00000  0.0245  0.105
 1828  6.682  -23.24  1.00000  0.0245  0.105
 1829  6.682  -23.14  1.00000  0.0245  0.100
 1830  6.682  -23.04  1.00000  0.0245  0.100
 1831  6.682  -22.94  1.00000  0.0245  0.100
 1832  6.682  -22.84  1.00000  0.0245  0.105
 1833  6.682  -22.73  1.00000  0.0245  0.105
 1834  6.682  -22.63  1.00000  0.0245  0.100
 1835  6.682  -22.53  1.00000  0.0245  0.100
 1836  6.682  -22.43  1.00000  0.0245  0.100
 1837  6.682  -22.33  1.00000  0.0245  0.105
 1838  6.682  -22.22  1.00000  0.0245  0.105
 1839  6.682  -22.12  1.00000  0.0245  0.100
 1840  6.682  -22.02  1.00000  0.0245  0.100
 1841  6.682  -21.92  1.00000  0.0245  0.100
 1842  6.682  -21.82  1.00000  0.0245  0.105
 1843  6.682  -21.71  1.00000  0.0245  0.105
 1844  6.682  -21.61  1.00000  0.0245  0.100
 1845  6.682  -21.51  1.00000  0.0245  0.100
 1846  6.682  -21.41  1.00000  0.0245  0.100
 1847  6.682  -21.31  1.00000  0.0245  0.105
 1848  6.682  -21.20  1.00000  0.0245  0.105
 1849  6.682  -21.10  1.00000  0.0245  0.100
 1850  6.682  -21.00  1.00000  0.0245  0.100
 1851  6.706  -26.00  1.00000  0.0245  0.100
 1852  6.706  -25.90  1.00000  0.0245  0.100
 1853  6.706  -25.80  1.00000  0.0245  0.105
 1854  6.706  -25.69  1.00000  0.0245  0.105
 1855  6.706  -25.59  1.00000  0.0245  0.100
 1856  6.706  -25.49  1.00000  0.0245  0.100
 1857  6.706  -25.39  1.00000  0.0245  0.100
 1858  6.706  -25.29  1.00000  0.0245  0.105
 1859  6.706  -25.18  1.00000  0.0245  0.105
 1860  6.706  -25.08  1.00000  0.0245  0.100
 1861  6.706  -24.98  1.00000  0.0245  0.100
 1862  6.706  -24.88  1.00000  0.0245  0.100
 1863  6.706  -24.78  1.00000  0.0245  0.105
 1864  6.706  -24.67  1.00000  0.0245  0.105
 1865  6.706  -24.57  1.00000  0.0245  0.100
 1866  6.706  -24.47  1.00000  0.0245  0.100
 1867  6.706  -24.37  1.00000  0.0245  0.100
 1868  6.706  -24.27  1.00000  0.0245  0.105
 1869  6.706  -24.16  1.00000  0.0245  0.105
 1870  6.706  -24.06  1.00000  0.0245  0.100
 1871  6.706  -23.96  1.00000  0.0245  0.100
 1872  6.706  -23.86  1.00000  0.0245  0.100
 1873  6.706  -23.76  1.00000  0.0245  0.105
 1874  6.706  -23.65  1.00000  0.0245  0.105
 1875  6.706  -23.55  1.00000  0.0245  0.100
 1876  6.706  -23.45  1.00000  0.0245  0.100
 1877  6.706  -23.35  1.00000  0.0245  0.105
 1878  6.706  -23.24  1.00000  0.0245  0.105
 1879  6.706  -23.14  1.00000  0.0245  0.100
 1880  6.706  -23.04  1.00000  0.0245  0.100
 1881  6.706  -22.94  1.00000  0.0245  0.100
 1882  6.706  -22.84  1.00000  0.0245  0.105
 1883  6.706  -22.73  1.00000  0.0245  0.105
 1884  6.706  -22.63  1.00000  0.0245  0.100
 1885  6.706  -22.53  1.00000  0.0245  0.100
 1886  6.706  -22.43  1.00000  0.0245  0.100
 1887  6.706  -22.33  1.00000  0.0245  0.105
 1888  6.706  -22.22  1.00000  0.0245  0.105
 1889  6.706  -22.12  1.00000  0.0245  0.100
 1890  6.706  -22.02  1.00000  0.0245  0.100
 1891  6.706  -21.92  1.00000  0.0245  0.100
 1892  6.706  -21.82  1.00000  0.0245  0.105
 1893  6.706  -21.71  1.00000  0.0245  0.105
 1894  6.706  -21.61  1.00000  0.0245  0.100
 1895  6.706  -21.51  1.00000  0.0245  0.100
 1896  6.706  -21.41  1.00000  0.0245  0.100
 1897  6.706  -21.31  1.00000  0.0245  0.105
 1898  6.706  -21.20  1.00000  0.0245  0.105
 1899  6.706  -21.10  1.00000  0.0245  0.100
 1900  6.706  -21.00  1.00000  0.0245  0.100
 1901  6.731  -26.00  1.00000  0.0245  0.100
 1902  6.731  -25.90  1.00000  0.0245  0.100
 1903  6.731  -25.80  1.00000  0.0245  0.105
 1904  6.731  -25.69  1.00000  0.0245  0.105
 1905  6.731  -25.59  1.00000  0.0245  0.100
 1906  6.731  -25.49  1.00000  0.0245  0.100
 1907  6.731  -25.39  1.00000  0.0245  0.100
 1908  6.731  -25.29  1.00000  0.0245  0.105
 1909  6.731  -25.18  1.00000  0.0245  0.105
 1910  6.731  -25.08  1.00000  0.0245  0.100
 1911  6.731  -24.98  1.00000  0.0245  0.100
 1912  6.731  -24.88  1.00000  0.0245  0.100
 1913  6.731  -24.78  1.00000  0.0245  0.105
 1914  6.731  -24.67  1.00000  0.0245  0.105
 1915  6.731  -24.57  1.00000  0.0245  0.100
 1916  6.731  -24.47  1.00000  0.0245  0.100
 1917  6.731  -24.37  1.00000  0.0245  0.100
 1918  6.731  -24.27  1.00000  0.0245  0.105
 1919  6.731  -24.16  1.00000  0.0245  0.105
 1920  6.731  -24.06  1.00000  0.0245  0.100
 1921  6.731  -23.96  1.00000  0.0245  0.100
 1922  6.731  -23.86  1.00000  0.0245  0.100
 1923  6.731  -23.76  1.00000  0.0245  0.105
 1924  6.731  -23.65  1.00000  0.0245  0.105
 1925  6.731  -23.55  1.00000  0.0245  0.100
 1926  6.731  -23.45  1.00000  0.0245  0.100
 1927  6.731  -23.35  1.00000  0.0245  0.105
 1928  6.731  -23.24  1.00000  0.0245  0.105
 1929  6.731  -23.14  1.00000  0.0245  0.100
 1930  6.731  -23.04  1.00000  0.0245  0.100
 1931  6.731  -22.94  1.00000  0.0245  0.100
 1932  6.731  -22.84  1.00000  0.0245  0.105
 1933  6.731  -22.73  1.00000  0.0245  0.105
 1934  6.731  -22.63  1.00000  0.0245  0.100
 1935  6.731  -22.53  1.00000  0.0245  0.100
 1936  6.731  -22.43  1.00000  0.0245  0.100
 1937  6.731  -22.33  1.00000  0.0245  0.105
 1938  6.731  -22.22  1.00000  0.0245  0.105
 1939  6.731  -22.12  1.00000  0.0245  0.100
 1940  6.731  -22.02  1.00000  0.0245  0.100
 1941  6.731  -21.92  1.00000  0.0245  0.100
 1942  6.731  -21.82  1.00000  0.0245  0.105
 1943  6.731  -21.71  1.00000  0.0245  0.105
 1944  6.731  -21.61  1.00000  0.0245  0.100
 1945  6.731  -21.51  1.00000  0.0245  0.100
 1946  6.731  -21.41  1.00000  0.0245  0.100
 1947  6.731  -21.31  1.00000  0.0245  0.105
 1948  6.731  -21.20  1.00000  0.0245  0.105
 1949  6.731  -21.10  1.00000  0.0245  0.100
 1950  6.731  -21.00  1.00000  0.0245  0.100
 1951  6.755  -26.00  1.00000  0.0245  0.100
 1952  6.755  -25.90  1.00000  0.0245  0.100
 1953  6.755  -25.80  1.00000  0.0245  0.105
 1954  6.755  -25.69  1.00000  0.0245  0.105
 1955  6.755  -25.59  1.00000  0.0245  0.100
 1956  6.755  -25.49  1.00000  0.0245  0.100
 1957  6.755  -25.39  1.00000  0.0245  0.100
 1958  6.755  -25.29  1.00000  0.0245  0.105
 1959  6.755  -25.18  1.00000  0.0245  0.105
 1960  6.755  -25.08  1.00000  0.0245  0.100
 1961  6.755  -24.98  1.00000  0.0245  0.100
 1962  6.755  -24.88  1.00000  0.0245  0.100
 1963  6.755  -24.78  1.00000  0.0245  0.105
 1964  6.755  -24.67  1.00000  0.0245  0.105
 1965  6.755  -24.57  1.00000  0.0245  0.100
 1966  6.755  -24.47  1.00000  0.0245  0.100
 1967  6.755  -24.37  1.00000  0.0245  0.100
 1968  6.755  -24.27  1.00000  0.0245  0.105
 1969  6.755  -24.16  1.00000  0.0245  0.105
 1970  6.755  -24.06  1.00000  0.0245  0.100
 1971  6.755  -23.96  1.00000  0.0245  0.100
 1972  6.755  -23.86  1.00000  0.0245  0.100
 1973  6.755  -23.76  1.00000  0.0245  0.105
 1974  6.755  -23.65  1.00000  0.0245  0.105
 1975  6.755  -23.55  1.00000  0.0245  0.100
 1976  6.755  -23.45  1.00000  0.0245  0.100
 1977  6.755  -23.35  1.00000  0.0245  0.105
 1978  6.755  -23.24  1.00000  0.0245  0.105
 1979  6.755  -23.14  1.00000  0.0245  0.100
 1980  6.755  -23.04  1.00000  0.0245  0.100
 1981  6.755  -22.94  1.00000  0.0245  0.100
 1982  6.755  -22.84  1.00000  0.0245  0.105
 1983  6.755  -22.73  1.00000  0.0245  0.105
 1984  6.755  -22.63  1.00000  0.0245  0.100
 1985  6.755  -22.53  1.00000  0.0245  0.100
 1986  6.755  -22.43  1.00000  0.0245  0.100
 1987  6.755  -22.33  1.00000  0.0245  0.105
 1988  6.755  -22.22  1.00000  0.0245  0.105
 1989  6.755  -22.12  1.00000  0.0245  0.100
 1990  6.755  -22.02  1.00000  0.0245  0.100
 1991  6.755  -21.92  1.00000  0.0245  0.100
 1992  6.755  -21.82  1.00000  0.0245  0.105
 1993  6.755  -21.71  1.00000  0.0245  0.105
 1994  6.755  -21.61  1.00000  0.0245  0.100
 1995  6.755  -21.51  1.00000  0.0245  0.100
 1996  6.755  -21.41  1.00000  0.0245  0.100
 1997  6.755  -21.31  1.00000  0.0245  0.105
 1998  6.755  -21.20  1.00000  0.0245  0.105
 1999  6.755  -21.10  1.00000  0.0245  0.100
 2000  6.755  -21.00  1.00000  0.0245  0.100
 2001  6.780  -26.00  1.00000  0.0245  0.100
 2002  6.780  -25.90  1.00000  0.0245  0.100
 2003  6.780  -25.80  1.00000  0.0245  0.105
 2004  6.780  -25.69  1.00000  0.0245  0.105
 2005  6.780  -25.59  1.00000  0.0245  0.100
 2006  6.780  -25.49  1.00000  0.0245  0.100
 2007  6.780  -25.39  1.00000  0.0245  0.100
 2008  6.780  -25.29  1.00000  0.0245  0.105
 2009  6.780  -25.18  1.00000  0.0245  0.105
 2010  6.780  -25.08  1.00000  0.0245  0.100
 2011  6.780  -24.98  1.00000  0.0245  0.100
 2012  6.780  -24.88  1.00000  0.0245  0.100
 2013  6.780  -24.78  1.00000  0.0245  0.105
 2014  6.780  -24.67  1.00000  0.0245  0.105
 2015  6.780  -24.57  1.00000  0.0245  0.100
 2016  6.780  -24.47  1.00000  0.0245  0.100
 2017  6.780  -24.37  1.00000  0.0245  0.100
 2018  6.780  -24.27  1.00000  0.0245  0.105
 2019  6.780  -24.16  1.00000  0.0245  0.105
 2020  6.780  -24.06  1.00000  0.0245  0.100
 2021  6.780  -23.96  1.00000  0.0245  0.100
 2022  6.780  -23.86  1.00000  0.0245  0.100
 2023  6.780  -23.76  1.00000  0.0245  0.105
 2024  6.780  -23.65  1.00000  0.0245  0.105
 2025  6.780  -23.55  1.00000  0.0245  0.100
 2026  6.780  -23.45  1.00000  0.0245  0.100
 2027  6.780  -23.35  1.00000  0.0245  0.105
 2028  6.780  -23.24  1.00000  0.0245  0.105
 2029  6.780  -23.14  1.00000  0.0245  0.100
 2030  6.780  -23.04  1.00000  0.0245  0.100
 2031  6.780  -22.94  1.00000  0.0245  0.100
 2032  6.780  -22.84  1.00000  0.0245  0.105
 2033  6.780  -22.73  1.00000  0.0245  0.105
 2034  6.780  -22.63  1.00000  0.0245  0.100
 2035  6.780  -22.53  1.00000  0.0245  0.100
 2036  6.780  -22.43  1.00000  0.0245  0.100
 2037  6.780  -22.33  1.00000  0.0245  0.105
 2038  6.780  -22.22  1.00000  0.0245  0.105
 2039  6.780  -22.12  1.00000  0.0245  0.100
 2040  6.780  -22.02  1.00000  0.0245  0.100
 2041  6.780  -21.92  1.00000  0.0245  0.100
 2042  6.780  -21.82  1.00000  0.0245  0.105
 2043  6.780  -21.71  1.00000  0.0245  0.105
 2044  6.780  -21.61  1.00000  0.0245  0.100
 2045  6.780  -21.51  1.00000  0.0245  0.100
 2046  6.780  -21.41  1.00000  0.0245  0.100
 2047  6.780  -21.31  1.00000  0.0245  0.105
 2048  6.780  -21.20  1.00000  0.0245  0.105
 2049  6.780  -21.10  1.00000  0.0245  0.100
 2050  6.780  -21.00  1.00000  0.0245  0.100
 2051  6.804  -26.00  1.00000  0.0245  0.100
 2052  6.804  -25.90  1.00000  0.0245  0.100
 2053  6.804  -25.80  1.00000  0.0245  0.105
 2054  6.804  -25.69  1.00000  0.0245  0.105
 2055  6.804  -25.59  1.00000  0.0245  0.100
 2056  6.804  -25.49  1.00000  0.0245  0.100
 2057  6.804  -25.39  1.00000  0.0245  0.100
 2058  6.804  -25.29  1.00000  0.0245  0.105
 2059  6.804  -25.18  1.00000  0.0245  0.105
 2060  6.804  -25.08  1.00000  0.0245  0.100
 2061  6.804  -24.98  1.00000  0.0245  0.100
 2062  6.804  -24.88  1.00000  0.0245  0.100
 2063  6.804  -24.78  1.00000  0.0245  0.105
 2064  6.804  -24.67  1.00000  0.0245  0.105
 2065  6.804  -24.57  1.00000  0.0245  0.100
 2066  6.804  -24.47  1.00000  0.0245  0.100
 2067  6.804  -24.37  1.00000  0.0245  0.100
 2068  6.804  -24.27  1.00000  0.0245  0.105
 2069  6.804  -24.16  1.00000  0.0245  0.105
 2070  6.804  -24.06  1.00000  0.0245  0.100
 2071  6.804  -23.96  1.00000  0.0245  0.100
 2072  6.804  -23.86  1.00000  0.0245  0.100
 2073  6.804  -23.76  1.00000  0.0245  0.105
 2074  6.804  -23.65  1.00000  0.0245  0.105
 2075  6.804  -23.55  1.00000  0.0245  0.100
 2076  6.804  -23.45  1.00000  0.0245  0.100
 2077  6.804  -23.35  1.00000  0.0245  0.105
 2078  6.804  -23.24  1.00000  0.0245  0.105
 2079  6.804  -23.14  1.00000  0.0245  0.100
 2080  6.804  -23.04  1.00000  0.0245  0.100
 2081  6.804  -22.94  1.00000  0.0245  0.100
 2082  6.804  -22.84  1.00000  0.0245  0.105
 2083  6.804  -22.73  1.00000  0.0245  0.105
 2084  6.804  -22.63  1.00000  0.0245  0.100
 2085  6.804  -22.53  1.00000  0.0245  0.100
 2086  6.804  -22.43  1.00000  0.0245  0.100
 2087  6.804  -22.33  1.00000  0.0245  0.105
 2088  6.804  -22.22  1.00000  0.0245  0.105
 2089  6.804  -22.12  1.00000  0.0245  0.100
 2090  6.804  -22.02  1.00000  0.0245  0.100
 2091  6.804  -21.92  1.00000  0.0245  0.100
 2092  6.804  -21.82  1.00000  0.0245  0.105
 2093  6.804  -21.71  1.00000  0.0245  0.105
 2094  6.804  -21.61  1.00000  0.0245  0.100
 2095  6.804  -21.51  1.00000  0.0245  0.100
 2096  6.804  -21.41  1.00000  0.0245  0.100
 2097  6.804  -21.31  1.00000  0.0245  0.105
 2098  6.804  -21.20  1.00000  0.0245  0.105
 2099  6.804  -21.10  1.00000  0.0245  0.100
 2100  6.804  -21.00  1.00000  0.0245  0.100
 2101  6.829  -26.00  1.00000  0.0245  0.100
 2102  6.829  -25.90  1.00000  0.0245  0.100
 2103  6.829  -25.80  1.00000  0.0245  0.105
 2104  6.829  -25.69  1.00000  0.0245  0.105
 2105  6.829  -25.59  1.00000  0.0245  0.100
 2106  6.829  -25.49  1.00000  0.0245  0.100
 2107  6.829  -25.39  1.00000  0.0245  0.100
 2108  6.829  -25.29  1.00000  0.0245  0.105
 2109  6.829  -25.18  1.00000  0.0245  0.105
 2110  6.829  -25.08  1.00000  0.0245  0.100
 2111  6.829  -24.98  1.00000  0.0245  0.100
 2112  6.829  -24.88  1.00000  0.0245  0.100
 2113  6.829  -24.78  1.00000  0.0245  0.105
 2114  6.829  -24.67  1.00000  0.0245  0.105
 2115  6.829  -24.57  1.00000  0.0245  0.100
 2116  6.829  -24.47  1.00000  0.0245  0.100
 2117  6.829  -24.37  1.00000  0.0245  0.100
 2118  6.829  -24.27  1.00000  0.0245  0.105
 2119  6.829  -24.16  1.00000  0.0245  0.105
 2120  6.829  -24.06  1.00000  0.0245  0.100
 2121  6.829  -23.96  1.00000  0.0245  0.100
 2122  6.829  -23.86  1.00000  0.0245  0.100
 2123  6.829  -23.76  1.00000  0.0245  0.105
 2124  6.829  -23.65  1.00000  0.0245  0.105
 2125  6.829  -23.55  1.00000  0.0245  0.100
 2126  6.829  -23.45  1.00000  0.0245  0.100
 2127  6.829  -23.35  1.00000  0.0245  0.105
 2128  6.829  -23.24  1.00000  0.0245  0.105
 2129  6.829  -23.14  1.00000  0.0245  0.100
 2130  6.829  -23.04  1.00000  0.0245  0.100
 2131  6.829  -22.94  1.00000  0.0245  0.100
 2132  6.829  -22.84  1.00000  0.0245  0.105
 2133  6.829  -22.73  1.00000  0.0245  0.105
 2134  6.829  -22.63  1.00000  0.0245  0.100
 2135  6.829  -22.53  1.00000  0.0245  0.100
 2136  6.829  -22.43  1.00000  0.0245  0.100
 2137  6.829  -22.33  1.00000  0.0245  0.105
 2138  6.829  -22.22  1.00000  0.0245  0.105
 2139  6.829  -22.12  1.00000  0.0245  0.100
 2140  6.829  -22.02  1.00000  0.0245  0.100
 2141  6.829  -21.92  1.00000  0.0245  0.100
 2142  6.829  -21.82  1.00000  0.0245  0.105
 2143  6.829  -21.71  1.00000  0.0245  0.105
 2144  6.829  -21.61  1.00000  0.0245  0.100
 2145  6.829  -21.51  1.00000  0.0245  0.100
 2146  6.829  -21.41  1.00000  0.0245  0.100
 2147  6.829  -21.31  1.00000  0.0245  0.105
 2148  6.829  -21.20  1.00000  0.0245  0.105
 2149  6.829  -21.10  1.00000  0.0245  0.100
 2150  6.829  -21.00  1.00000  0.0245  0.100
 2151  6.853  -26.00  1.00000  0.0245  0.100
 2152  6.853  -25.90  1.00000  0.0245  0.100
 2153  6.853  -25.80  1.00000  0.0245  0.105
 2154  6.853  -25.69  1.00000  0.0245  0.105
 2155  6.853  -25.59  1.00000  0.0245  0.100
 2156  6.853  -25.49  1.00000  0.0245  0.100
 2157  6.853  -25.39  1.00000  0.0245  0.100
 2158  6.853  -25.29  1.00000  0.0245  0.105
 2159  6.853  -25.18  1.00000  0.0245  0.105
 2160  6.853  -25.08  1.00000  0.0245  0.100
 2161  6.853  -24.98  1.00000  0.0245  0.100
 2162  6.853  -24.88  1.00000  0.0245  0.100
 2163  6.853  -24.78  1.00000  0.0245  0.105
 2164  6.853  -24.67  1.00000  0.0245  0.105
 2165  6.853  -24.57  1.00000  0.0245  0.100
 2166  6.853  -24.47  1.00000  0.0245  0.100
 2167  6.853  -24.37  1.00000  0.0245  0.100
 2168  6.853  -24.27  1.00000  0.0245  0.105
 2169  6.853  -24.16  1.00000  0.0245  0.105
 2170  6.853  -24.06  1.00000  0.0245  0.100
 2171  6.853  -23.96  1.00000  0.0245  0.100
 2172  6.853  -23.86  1.00000  0.0245  0.100
 2173  6.853  -23.76  1.00000  0.0245  0.105
 2174  6.853  -23.65  1.00000  0.0245  0.105
 2175  6.853  -23.55  1.00000  0.0245  0.100
 2176  6.853  -23.45  1.00000  0.0245  0.100
 2177  6.853  -23.35  1.00000  0.0245  0.105
 2178  6.853  -23.24  1.00000  0.0245  0.105
 2179  6.853  -23.14  1.00000  0.0245  0.100
 2180  6.853  -23.04  1.00000  0.0245  0.100
 2181  6.853  -22.94  1.00000  0.0245  0.100
 2182  6.853  -22.84  1.00000  0.0245  0.105
 2183  6.853  -22.73  1.00000  0.0245  0.105
 2184  6.853  -22.63  1.00000  0.0245  0.100
 2185  6.853  -22.53  1.00000  0.0245  0.100
 2186  6.853  -22.43  1.00000  0.0245  0.100
 2187  6.853  -22.33  1.00000  0.0245  0.105
 2188  6.853  -22.22  1.00000  0.0245  0.105
 2189  6.853  -22.12  1.00000  0.0245  0.100
 2190  6.853  -22.02  1.00000  0.0245  0.100
 2191  6.853  -21.92  1.00000  0.0245  0.100
 2192  6.853  -21.82  1.00000  0.0245  0.105
 2193  6.853  -21.71  1.00000  0.0245  0.105
 2194  6.853  -21.61  1.00000  0.0245  0.100
 2195  6.853  -21.51  1.00000  0.0245  0.100
 2196  6.853  -21.41  1.00000  0.0245  0.100
 2197  6.853  -21.31  1.00000  0.0245  0.105
 2198  6.853  -21.20  1.00000  0.0245  0.105
 2199  6.853  -21.10  1.00000  0.0245  0.100
 2200  6.853  -21.00  1.00000  0.0245  0.100
 2201  6.878  -26.00  1.00000  0.0245  0.100
 2202  6.878  -25.90  1.00000  0.0245  0.100
 2203  6.878  -25.80  1.00000  0.0245  0.105
 2204  6.878  -25.69  1.00000  0.0245  0.105
 2205  6.878  -25.59  1.00000  0.0245  0.100
 2206  6.878  -25.49  1.00000  0.0245  0.100
 2207  6.878  -25.39  1.00000  0.0245  0.100
 2208  6.878  -25.29  1.00000  0.0245  0.105
 2209  6.878  -25.18  1.00000  0.0245  0.105
 2210  6.878  -25.08  1.00000  0.0245  0.100
 2211  6.878  -24.98  1.00000  0.0245  0.100
 2212  6.878  -24.88  1.00000  0.0245  0.100
 2213  6.878  -24.78  1.00000  0.0245  0.105
 2214  6.878  -24.67  1.00000  0.0245  0.105
 2215  6.878  -24.57  1.00000  0.0245  0.100
 2216  6.878  -24.47  1.00000  0.0245  0.100
 2217  6.878  -24.37  1.00000  0.0245  0.100
 2218  6.878  -24.27  1.00000  0.0245  0.105
 2219  6.878  -24.16  1.00000  0.0245  0.105
 2220  6.878  -24.06  1.00000  0.0245  0.100
 2221  6.878  -23.96  1.00000  0.0245  0.100
 2222  6.878  -23.86  1.00000  0.0245  0.100
 2223  6.878  -23.76  1.00000  0.0245  0.105
 2224  6.878  -23.65  1.00000  0.0245  0.105
 2225  6.878  -23.55  1.00000  0.0245  0.100
 2226  6.878  -23.45  1.00000  0.0245  0.100
 2227  6.878  -23.35  1.00000  0.0245  0.105
 2228  6.878  -23.24  1.00000  0.0245  0.105
 2229  6.878  -23.14  1.00000  0.0245  0.100
 2230  6.878  -23.04  1.00000  0.0245  0.100
 2231  6.878  -22.94  1.00000  0.0245  0.100
 2232  6.878  -22.84  1.00000  0.0245  0.105
 2233  6.878  -22.73  1.00000  0.0245  0.105
 2234  6.878  -22.63  1.00000  0.0245  0.100
 2235  6.878  -22.53  1.00000  0.0245  0.100
 2236  6.878  -22.43  1.00000  0.0245  0.100
 2237  6.878  -22.33  1.00000  0.0245  0.105
 2238  6.878  -22.22  1.00000  0.0245  0.105
 2239  6.878  -22.12  1.00000  0.0245  0.100
 2240  6.878  -22.02  1.00000  0.0245  0.100
 2241  6.878  -21.92  1.00000  0.0245  0.100
 2242  6.878  -21.82  1.00000  0.0245  0.105
 2243  6.878  -21.71  1.00000  0.0245  0.105
 2244  6.878  -21.61  1.00000  0.0245  0.100
 2245  6.878  -21.51  1.00000  0.0245  0.100
 2246  6.878  -21.41  1.00000  0.0245  0.100
 2247  6.878  -21.31  1.00000  0.0245  0.105
 2248  6.878  -21.20  1.00000  0.0245  0.105
 2249  6.878  -21.10  1.00000  0.0245  0.100
 2250  6.878  -21.00  1.00000  0.0245  0.100
 2251  6.902  -26.00  1.00000  0.0245  0.100
 2252  6.902  -25.90  1.00000  0.0245  0.100
 2253  6.902  -25.80  1.00000  0.0245  0.105
 2254  6.902  -25.69  1.00000  0.0245  0.105
 2255  6.902  -25.59  1.00000  0.0245  0.100
 2256  6.902  -25.49  1.00000  0.0245  0.100
 2257  6.902  -25.39  1.00000  0.0245  0.100
 2258  6.902  -25.29  1.00000  0.0245  0.105
 2259  6.902  -25.18  1.00000  0.0245  0.105
 2260  6.902  -25.08  1.00000  0.0245  0.100
 2261  6.902  -24.98  1.00000  0.0245  0.100
 2262  6.902  -24.88  1.00000  0.0245  0.100
 2263  6.902  -24.78  1.00000  0.0245  0.105
 2264  6.902  -24.67  1.00000  0.0245  0.105
 2265  6.902  -24.57  1.00000  0.0245  0.100
 2266  6.902  -24.47  1.00000  0.0245  0.100
 2267  6.902  -24.37  1.00000  0.0245  0.100
 2268  6.902  -24.27  1.00000  0.0245  0.105
 2269  6.902  -24.16  1.00000  0.0245  0.105
 2270  6.902  -24.06  1.00000  0.0245  0.100
 2271  6.902  -23.96  1.00000  0.0245  0.100
 2272  6.902  -23.86  1.00000  0.0245  0.100
 2273  6.902  -23.76  1.00000  0.0245  0.105
 2274  6.902  -23.65  1.00000  0.0245  0.105
 2275  6.902  -23.55  1.00000  0.0245  0.100
 2276  6.902  -23.45  1.00000  0.0245  0.100
 2277  6.902  -23.35  1.00000  0.0245  0.105
 2278  6.902  -23.24  1.00000  0.0245  0.105
 2279  6.902  -23.14  1.00000  0.0245  0.100
 2280  6.902  -23.04  1.00000  0.0245  0.100
 2281  6.902  -22.94  1.00000  0.0245  0.100
 2282  6.902  -22.84  1.00000  0.0245  0.105
 2283  6.902  -22.73  1.00000  0.0245  0.105
 2284  6.902  -22.63  1.00000  0.0245  0.100
 2285  6.902  -22.53  1.00000  0.0245  0.100
 2286  6.902  -22.43  1.00000  0.0245  0.100
 2287  6.902  -22.33  1.00000  0.0245  0.105
 2288  6.902  -22.22  1.00000  0.0245  0.105
 2289  6.902  -22.12  1.00000  0.0245  0.100
 2290  6.902  -22.02  1.00000  0.0245  0.100
 2291  6.902  -21.92  1.00000  0.0245  0.100
 2292  6.902  -21.82  1.00000  0.0245  0.105
 2293  6.902  -21.71  1.00000  0.0245  0.105
 2294  6.902  -21.61  1.00000  0.0245  0.100
 2295  6.902  -21.51  1.00000  0.0245  0.100
 2296  6.902  -21.41  1.00000  0.0245  0.100
 2297  6.902  -21.31  1.00000  0.0245  0.105
 2298  6.902  -21.20  1.00000  0.0245  0.105
 2299  6.902  -21.10  1.00000  0.0245  0.100
 2300  6.902  -21.00  1.00000  0.0245  0.100
 2301  6.927  -26.00  1.00000  0.0245  0.100
 2302  6.927  -25.90  1.00000  0.0245  0.100
 2303  6.927  -25.80  1.00000  0.0245  0.105
 2304  6.927  -25.69  1.00000  0.0245  0.105
 2305  6.927  -25.59  1.00000  0.0245  0.100
 2306  6.927  -25.49  1.00000  0.0245  0.100
 2307  6.927  -25.39  1.00000  0.0245  0.100
 2308  6.927  -25.29  1.00000  0.0245  0.105
 2309  6.927  -25.18  1.00000  0.0245  0.105
 2310  6.927  -25.08  1.00000  0.0245  0.100
 2311  6.927  -24.98  1.00000  0.0245  0.100
 2312  6.927  -24.88  1.00000  0.0245  0.100
 2313  6.927  -24.78  1.00000  0.0245  0.105
 2314  6.927  -24.67  1.00000  0.0245  0.105
 2315  6.927  -24.57  1.00000  0.0245  0.100
 2316  6.927  -24.47  1.00000  0.0245  0.100
 2317  6.927  -24.37  1.00000  0.0245  0.100
 2318  6.927  -24.27  1.00000  0.0245  0.105
 2319  6.927  -24.16  1.00000  0.0245  0.105
 2320  6.927  -24.06  1.00000  0.0245  0.100
 2321  6.927  -23.96  1.00000  0.0245  0.100
 2322  6.927  -23.86  1.00000  0.0245  0.100
 2323  6.927  -23.76  1.00000  0.0245  0.105
 2324  6.927  -23.65  1.00000  0.0245  0.105
 2325  6.927  -23.55  1.00000  0.0245  0.100
 2326  6.927  -23.45  1.00000  0.0245  0.100
 2327  6.927  -23.35  1.00000  0.0245  0.105
 2328  6.927  -23.24  1.00000  0.0245  0.105
 2329  6.927  -23.14  1.00000  0.0245  0.100
 2330  6.927  -23.04  1.00000  0.0245  0.100
 2331  6.927  -22.94  1.00000  0.0245  0.100
 2332  6.927  -22.84  1.00000  0.0245  0.105
 2333  6.927  -22.73  1.00000  0.0245  0.105
 2334  6.927  -22.63  1.00000  0.0245  0.100
 2335  6.927  -22.53  1.00000  0.0245  0.100
 2336  6.927  -22.43  1.00000  0.0245  0.100
 2337  6.927  -22.33  1.00000  0.0245  0.105
 2338  6.927  -22.22  1.00000  0.0245  0.105
 2339  6.927  -22.12  1.00000  0.0245  0.100
 2340  6.927  -22.02  1.00000  0.0245  0.100
 2341  6.927  -21.92  1.00000  0.0245  0.100
 2342  6.927  -21.82  1.00000  0.0245  0.105
 2343  6.927  -21.71  1.00000  0.0245  0.105
 2344  6.927  -21.61  1.00000  0.0245  0.100
 2345  6.927  -21.51  1.00000  0.0245  0.100
 2346  6.927  -21.41  1.00000  0.0245  0.100
 2347  6.927  -21.31  1.00000  0.0245  0.105
 2348  6.927  -21.20  1.00000  0.0245  0.105
 2349  6.927  -21.10  1.00000  0.0245  0.100
 2350  6.927  -21.00  1.00000  0.0245  0.100
 2351  6.951  -26.00  1.00000  0.0245  0.100
 2352  6.951  -25.90  1.00000  0.0245  0.100
 2353  6.951  -25.80  1.00000  0.0245  0.105
 2354  6.951  -25.69  1.00000  0.0245  0.105
 2355  6.951  -25.59  1.00000  0.0245  0.100
 2356  6.951  -25.49  1.00000  0.0245  0.100
 2357  6.951  -25.39  1.00000  0.0245  0.100
 2358  6.951  -25.29  1.00000  0.0245  0.105
 2359  6.951  -25.18  1.00000  0.0245  0.105
 2360  6.951  -25.08  1.00000  0.0245  0.100
 2361  6.951  -24.98  1.00000  0.0245  0.100
 2362  6.951  -24.88  1.00000  0.0245  0.100
 2363  6.951  -24.78  1.00000  0.0245  0.105
 2364  6.951  -24.67  1.00000  0.0245  0.105
 2365  6.951  -24.57  1.00000  0.0245  0.100
 2366  6.951  -24.47  1.00000  0.0245  0.100
 2367  6.951  -24.37  1.00000  0.0245  0.100
 2368  6.951  -24.27  1.00000  0.0245  0.105
 2369  6.951  -24.16  1.00000  0.0245  0.105
 2370  6.951  -24.06  1.00000  0.0245  0.100
 2371  6.951  -23.96  1.00000  0.0245  0.100
 2372  6.951  -23.86  1.00000  0.0245  0.100
 2373  6.951  -23.76  1.00000  0.0245  0.105
 2374  6.951  -23.65  1.00000  0.0245  0.105
 2375  6.951  -23.55  1.00000  0.0245  0.100
 2376  6.951  -23.45  1.00000  0.0245  0.100
 2377  6.951  -23.35  1.00000  0.0245  0.105
 2378  6.951  -23.24  1.00000  0.0245  0.105
 2379  6.951  -23.14  1.00000  0.0245  0.100
 2380  6.951  -23.04  1.00000  0.0245  0.100
 2381  6.951  -22.94  1.00000  0.0245  0.100
 2382  6.951  -22.84  1.00000  0.0245  0.105
 2383  6.951  -22.73  1.00000  0.0245  0.105
 2384  6.951  -22.63  1.00000  0.0245  0.100
 2385  6.951  -22.53  1.00000  0.0245  0.100
 2386  6.951  -22.43  1.00000  0.0245  0.100
 2387  6.951  -22.33  1.00000  0.0245  0.105
 2388  6.951  -22.22  1.00000  0.0245  0.105
 2389  6.951  -22.12  1.00000  0.0245  0.100
 2390  6.951  -22.02  1.00000  0.0245  0.100
 2391  6.951  -21.92  1.00000  0.0245  0.100
 2392  6.951  -21.82  1.00000  0.0245  0.105
 2393  6.951  -21.71  1.00000  0.0245  0.105
 2394  6.951  -21.61  1.00000  0.0245  0.100
 2395  6.951  -21.51  1.00000  0.0245  0.100
 2396  6.951  -21.41  1.00000  0.0245  0.100
 2397  6.951  -21.31  1.00000  0.0245  0.105
 2398  6.951  -21.20  1.00000  0.0245  0.105
 2399  6.951  -21.10  1.00000  0.0245  0.100
 2400  6.951  -21.00  1.00000  0.0245  0.100
 2401  6.976  -26.00  1.00000  0.0245  0.100
 2402  6.976  -25.90  1.00000  0.0245  0.100
 2403  6.976  -25.80  1.00000  0.0245  0.105
 2404  6.976  -25.69  1.00000  0.0245  0.105
 2405  6.976  -25.59  1.00000  0.0245  0.100
 2406  6.976  -25.49  1.00000  0.0245  0.100
 2407  6.976  -25.39  1.00000  0.0245  0.100
 2408  6.976  -25.29  1.00000  0.0245  0.105
 2409  6.976  -25.18  1.00000  0.0245  0.105
 2410  6.976  -25.08  1.00000  0.0245  0.100
 2411  6.976  -24.98  1.00000  0.0245  0.100
 2412  6.976  -24.88  1.00000  0.0245  0.100
 2413  6.976  -24.78  1.00000  0.0245  0.105
 2414  6.976  -24.67  1.00000  0.0245  0.105
 2415  6.976  -24.57  1.00000  0.0245  0.100
 2416  6.976  -24.47  1.00000  0.0245  0.100
 2417  6.976  -24.37  1.00000  0.0245  0.100
 2418  6.976  -24.27  1.00000  0.0245  0.105
 2419  6.976  -24.16  1.00000  0.0245  0.105
 2420  6.976  -24.06  1.00000  0.0245  0.100
 2421  6.976  -23.96  1.00000  0.0245  0.100
 2422  6.976  -23.86  1.00000  0.0245  0.100
 2423  6.976  -23.76  1.00000  0.0245  0.105
 2424  6.976  -23.65  1.00000  0.0245  0.105
 2425  6.976  -23.55  1.00000  0.0245  0.100
 2426  6.976  -23.45  1.00000  0.0245  0.100
 2427  6.976  -23.35  1.00000  0.0245  0.105
 2428  6.976  -23.24  1.00000  0.0245  0.105
 2429  6.976  -23.14  1.00000  0.0245  0.100
 2430  6.976  -23.04  1.00000  0.0245  0.100
 2431  6.976  -22.94  1.00000  0.0245  0.100
 2432  6.976  -22.84  1.00000  0.0245  0.105
 2433  6.976  -22.73  1.00000  0.0245  0.105
 2434  6.976  -22.63  1.00000  0.0245  0.100
 2435  6.976  -22.53  1.00000  0.0245  0.100
 2436  6.976  -22.43  1.00000  0.0245  0.100
 2437  6.976  -22.33  1.00000  0.0245  0.105
 2438  6.976  -22.22  1.00000  0.0245  0.105
 2439  6.976  -22.12  1.00000  0.0245  0.100
 2440  6.976  -22.02  1.00000  0.0245  0.100
 2441  6.976  -21.92  1.00000  0.0245  0.100
 2442  6.976  -21.82  1.00000  0.0245  0.105
 2443  6.976  -21.71  1.00000  0.0245  0.105
 2444  6.976  -21.61  1.00000  0.0245  0.100
 2445  6.976  -21.51  1.00000  0.0245  0.100
 2446  6.976  -21.41  1.00000  0.0245  0.100
 2447  6.976  -21.31  1.00000  0.0245  0.105
 2448  6.976  -21.20  1.00000  0.0245  0.105
 2449  6.976  -21.10  1.00000  0.0245  0.100
 2450  6.976  -21.00  1.00000  0.0245  0.100
 2451  7.000  -26.00  1.00000  0.0240  0.100
 2452  7.000  -25.90  1.00000  0.0240  0.100
 2453  7.000  -25.80  1.00000  0.0240  0.105
 2454  7.000  -25.69  1.00000  0.0240  0.105
 2455  7.000  -25.59  1.00000  0.0240  0.100
 2456  7.000  -25.49  1.00000  0.0240  0.100
 2457  7.000  -25.39  1.00000  0.0240  0.100
 2458  7.000  -25.29  1.00000  0.0240  0.105
 2459  7.000  -25.18  1.00000  0.0240  0.105
 2460  7.000  -25.08  1.00000  0.0240  0.100
 2461  7.000  -24.98  1.00000  0.0240  0.100
 2462  7.000  -24.88  1.00000  0.0240  0.100
 2463  7.000  -24.78  1.00000  0.0240  0.105
 2464  7.000  -24.67  1.00000  0.0240  0.105
 2465  7.000  -24.57  1.00000  0.0240  0.100
 2466  7.000  -24.47  1.00000  0.0240  0.100
 2467  7.000  -24.37  1.00000  0.0240  0.100
 2468  7.000  -24.27  1.00000  0.0240  0.105
 2469  7.000  -24.16  1.00000  0.0240  0.105
 2470  7.000  -24.06  1.00000  0.0240  0.100
 2471  7.000  -23.96  1.00000  0.0240  0.100
 2472  7.000  -23.86  1.00000  0.0240  0.100
 2473  7.000  -23.76  1.00000  0.0240  0.105
 2474  7.000  -23.65  1.00000  0.0240  0.105
 2475  7.000  -23.55  1.00000  0.0240  0.100
 2476  7.000  -23.45  1.00000  0.0240  0.100
 2477  7.000  -23.35  1.00000  0.0240  0.105
 2478  7.000  -23.24  1.00000  0.0240  0.105
 2479  7.000  -23.14  1.00000  0.0240  0.100
 2480  7.000  -23.04  1.00000  0.0240  0.100
 2481  7.000  -22.94  1.00000  0.0240  0.100
 2482  7.000  -22.84  1.00000  0.0240  0.105
 2483  7.000  -22.73  1.00000  0.0240  0.105
 2484  7.000  -22.63  1.00000  0.0240  0.100
 2485  7.000  -22.53  1.00000  0.0240  0.100
 2486  7.000  -22.43  1.00000  0.0240  0.100
 2487  7.000  -22.33  1.00000  0.0240  0.105
 2488  7.000  -22.22  1.00000  0.0240  0.105
 2489  7.000  -22.12  1.00000  0.0240  0.100
 2490  7.000  -22.02  1.00000  0.0240  0.100
 2491  7.000  -21.92  1.00000  0.0240  0.100
 2492  7.000  -21.82  1.00000  0.0240  0.105
 2493  7.000  -21.71  1.00000  0.0240  0.105
 2494  7.000  -21.61  1.00000  0.0240  0.100
 2495  7.000  -21.51  1.00000  0.0240  0.100
 2496  7.000  -21.41  1.00000  0.0240  0.100
 2497  7.000  -21.31  1.00000  0.0240  0.105
 2498  7.000  -21.20  1.00000  0.0240  0.105
 2499  7.000  -21.10  1.00000  0.0240  0.100
 2500  7.000  -21.00  1.00000  0.0240  0.100
# dzs = [0.024  0.0245]
# dmags = [0.1   0.105]
